,method,s,N,k,iter,error,diff_max,time
0,DI,50,1999,1,1,2.27335396719921e-15,6.661338147750939e-16,0.0004091000009793788
1,WMI,50,1999,1,1,2.898484247387971e-15,1.1102230246251565e-15,5.6500022765249014e-05
2,ISM,50,1999,1,1,2.8986612585996905e-15,1.1102230246251565e-15,4.789998638443649e-05
3,DI,50,1999,1,2,2.27335396719921e-15,6.661338147750939e-16,0.0004206000012345612
4,WMI,50,1999,1,2,2.898484247387971e-15,1.1102230246251565e-15,3.239998477511108e-05
5,ISM,50,1999,1,2,2.8986612585996905e-15,1.1102230246251565e-15,2.409997978247702e-05
6,DI,50,1999,1,3,2.27335396719921e-15,6.661338147750939e-16,0.0003327000013086945
7,WMI,50,1999,1,3,2.898484247387971e-15,1.1102230246251565e-15,3.060000017285347e-05
8,ISM,50,1999,1,3,2.8986612585996905e-15,1.1102230246251565e-15,2.4299981305375695e-05
9,DI,50,1999,1,4,2.27335396719921e-15,6.661338147750939e-16,0.00035829999251291156
10,WMI,50,1999,1,4,2.898484247387971e-15,1.1102230246251565e-15,2.370000584051013e-05
11,ISM,50,1999,1,4,2.8986612585996905e-15,1.1102230246251565e-15,1.920000067912042e-05
12,DI,50,1999,1,5,2.27335396719921e-15,6.661338147750939e-16,0.0003254999755881727
13,WMI,50,1999,1,5,2.898484247387971e-15,1.1102230246251565e-15,2.6900001103058457e-05
14,ISM,50,1999,1,5,2.8986612585996905e-15,1.1102230246251565e-15,2.120001590810716e-05
15,DI,50,1999,1,6,2.27335396719921e-15,6.661338147750939e-16,0.00036929998896084726
16,WMI,50,1999,1,6,2.898484247387971e-15,1.1102230246251565e-15,2.0000006770715117e-05
17,ISM,50,1999,1,6,2.8986612585996905e-15,1.1102230246251565e-15,1.650000922381878e-05
18,DI,50,1999,1,7,2.27335396719921e-15,6.661338147750939e-16,0.0003544999926816672
19,WMI,50,1999,1,7,2.898484247387971e-15,1.1102230246251565e-15,2.4200009647756815e-05
20,ISM,50,1999,1,7,2.8986612585996905e-15,1.1102230246251565e-15,1.8999999156221747e-05
21,DI,50,1999,1,8,2.27335396719921e-15,6.661338147750939e-16,0.00032309998641721904
22,WMI,50,1999,1,8,2.898484247387971e-15,1.1102230246251565e-15,2.340000355616212e-05
23,ISM,50,1999,1,8,2.8986612585996905e-15,1.1102230246251565e-15,1.7299986211583018e-05
24,DI,50,1999,1,9,2.27335396719921e-15,6.661338147750939e-16,0.0003341999836266041
25,WMI,50,1999,1,9,2.898484247387971e-15,1.1102230246251565e-15,2.0499981474131346e-05
26,ISM,50,1999,1,9,2.8986612585996905e-15,1.1102230246251565e-15,1.759998849593103e-05
27,DI,50,1999,1,10,2.27335396719921e-15,6.661338147750939e-16,0.0002834000042639673
28,WMI,50,1999,1,10,2.898484247387971e-15,1.1102230246251565e-15,2.2100022761151195e-05
29,ISM,50,1999,1,10,2.8986612585996905e-15,1.1102230246251565e-15,1.750001683831215e-05
30,DI,50,1999,1,11,2.27335396719921e-15,6.661338147750939e-16,0.00033090001670643687
31,WMI,50,1999,1,11,2.898484247387971e-15,1.1102230246251565e-15,1.8399994587525725e-05
32,ISM,50,1999,1,11,2.8986612585996905e-15,1.1102230246251565e-15,1.580000389367342e-05
33,DI,50,1999,1,12,2.27335396719921e-15,6.661338147750939e-16,0.00030139999580569565
34,WMI,50,1999,1,12,2.898484247387971e-15,1.1102230246251565e-15,1.7299986211583018e-05
35,ISM,50,1999,1,12,2.8986612585996905e-15,1.1102230246251565e-15,1.5099998563528061e-05
36,DI,50,1999,1,13,2.27335396719921e-15,6.661338147750939e-16,0.00030250000418163836
37,WMI,50,1999,1,13,2.898484247387971e-15,1.1102230246251565e-15,2.0800012862309813e-05
38,ISM,50,1999,1,13,2.8986612585996905e-15,1.1102230246251565e-15,1.689998316578567e-05
39,DI,50,1999,1,14,2.27335396719921e-15,6.661338147750939e-16,0.0003361999988555908
40,WMI,50,1999,1,14,2.898484247387971e-15,1.1102230246251565e-15,1.990000600926578e-05
41,ISM,50,1999,1,14,2.8986612585996905e-15,1.1102230246251565e-15,1.6300007700920105e-05
42,DI,50,1999,1,15,2.27335396719921e-15,6.661338147750939e-16,0.00027329998556524515
43,WMI,50,1999,1,15,2.898484247387971e-15,1.1102230246251565e-15,1.9500002963468432e-05
44,ISM,50,1999,1,15,2.8986612585996905e-15,1.1102230246251565e-15,1.6999983927235007e-05
45,DI,50,1999,1,16,2.27335396719921e-15,6.661338147750939e-16,0.0005457999941427261
46,WMI,50,1999,1,16,2.898484247387971e-15,1.1102230246251565e-15,2.19999928958714e-05
47,ISM,50,1999,1,16,2.8986612585996905e-15,1.1102230246251565e-15,1.819999306462705e-05
48,DI,50,1999,1,17,2.27335396719921e-15,6.661338147750939e-16,0.000239099987084046
49,WMI,50,1999,1,17,2.898484247387971e-15,1.1102230246251565e-15,2.3100001271814108e-05
50,ISM,50,1999,1,17,2.8986612585996905e-15,1.1102230246251565e-15,1.8799997633323073e-05
51,DI,50,1999,1,18,2.27335396719921e-15,6.661338147750939e-16,0.0003375999804120511
52,WMI,50,1999,1,18,2.898484247387971e-15,1.1102230246251565e-15,2.400000812485814e-05
53,ISM,50,1999,1,18,2.8986612585996905e-15,1.1102230246251565e-15,1.889999839477241e-05
54,DI,50,1999,1,19,2.27335396719921e-15,6.661338147750939e-16,0.00022620000527240336
55,WMI,50,1999,1,19,2.898484247387971e-15,1.1102230246251565e-15,1.8200022168457508e-05
56,ISM,50,1999,1,19,2.8986612585996905e-15,1.1102230246251565e-15,2.3600005079060793e-05
57,DI,50,1999,1,20,2.27335396719921e-15,6.661338147750939e-16,0.0002798999776132405
58,WMI,50,1999,1,20,2.898484247387971e-15,1.1102230246251565e-15,2.8499984182417393e-05
59,ISM,50,1999,1,20,2.8986612585996905e-15,1.1102230246251565e-15,1.990000600926578e-05
60,DI,50,1999,1,21,2.27335396719921e-15,6.661338147750939e-16,0.0002665999927558005
61,WMI,50,1999,1,21,2.898484247387971e-15,1.1102230246251565e-15,2.160001895390451e-05
62,ISM,50,1999,1,21,2.8986612585996905e-15,1.1102230246251565e-15,1.7200014553964138e-05
63,DI,50,1999,1,22,2.27335396719921e-15,6.661338147750939e-16,0.0002589999930933118
64,WMI,50,1999,1,22,2.898484247387971e-15,1.1102230246251565e-15,2.0800012862309813e-05
65,ISM,50,1999,1,22,2.8986612585996905e-15,1.1102230246251565e-15,1.6699981642886996e-05
66,DI,50,1999,1,23,2.27335396719921e-15,6.661338147750939e-16,0.0005031999899074435
67,WMI,50,1999,1,23,2.898484247387971e-15,1.1102230246251565e-15,2.1299987565726042e-05
68,ISM,50,1999,1,23,2.8986612585996905e-15,1.1102230246251565e-15,1.7799990018829703e-05
69,DI,50,1999,1,24,2.27335396719921e-15,6.661338147750939e-16,0.00022029998945072293
70,WMI,50,1999,1,24,2.898484247387971e-15,1.1102230246251565e-15,8.499997784383595e-05
71,ISM,50,1999,1,24,2.8986612585996905e-15,1.1102230246251565e-15,1.6299978597089648e-05
72,DI,50,1999,1,25,2.27335396719921e-15,6.661338147750939e-16,0.0006148999964352697
73,WMI,50,1999,1,25,2.898484247387971e-15,1.1102230246251565e-15,2.710000262595713e-05
74,ISM,50,1999,1,25,2.8986612585996905e-15,1.1102230246251565e-15,2.239999594166875e-05
75,DI,50,1999,1,26,2.27335396719921e-15,6.661338147750939e-16,0.0002880000101868063
76,WMI,50,1999,1,26,2.898484247387971e-15,1.1102230246251565e-15,2.4599983589723706e-05
77,ISM,50,1999,1,26,2.8986612585996905e-15,1.1102230246251565e-15,1.8999999156221747e-05
78,DI,50,1999,1,27,2.27335396719921e-15,6.661338147750939e-16,0.00026130001060664654
79,WMI,50,1999,1,27,2.898484247387971e-15,1.1102230246251565e-15,2.039998071268201e-05
80,ISM,50,1999,1,27,2.8986612585996905e-15,1.1102230246251565e-15,1.7000013031065464e-05
81,DI,50,1999,1,28,2.27335396719921e-15,6.661338147750939e-16,0.0002710999979171902
82,WMI,50,1999,1,28,2.898484247387971e-15,1.1102230246251565e-15,2.0799983758479357e-05
83,ISM,50,1999,1,28,2.8986612585996905e-15,1.1102230246251565e-15,1.650000922381878e-05
84,DI,50,1999,1,29,2.27335396719921e-15,6.661338147750939e-16,0.00027749998844228685
85,WMI,50,1999,1,29,2.898484247387971e-15,1.1102230246251565e-15,1.7799990018829703e-05
86,ISM,50,1999,1,29,2.8986612585996905e-15,1.1102230246251565e-15,1.5799974789842963e-05
87,DI,50,1999,1,30,2.27335396719921e-15,6.661338147750939e-16,0.00027910000062547624
88,WMI,50,1999,1,30,2.898484247387971e-15,1.1102230246251565e-15,1.9700004486367106e-05
89,ISM,50,1999,1,30,2.8986612585996905e-15,1.1102230246251565e-15,1.619997783564031e-05
90,DI,50,1999,1,31,2.27335396719921e-15,6.661338147750939e-16,0.0003100000030826777
91,WMI,50,1999,1,31,2.898484247387971e-15,1.1102230246251565e-15,1.990000600926578e-05
92,ISM,50,1999,1,31,2.8986612585996905e-15,1.1102230246251565e-15,1.689998316578567e-05
93,DI,50,1999,1,32,2.27335396719921e-15,6.661338147750939e-16,0.00026500000967644155
94,WMI,50,1999,1,32,2.898484247387971e-15,1.1102230246251565e-15,2.030000905506313e-05
95,ISM,50,1999,1,32,2.8986612585996905e-15,1.1102230246251565e-15,1.6600009985268116e-05
96,DI,50,1999,1,33,2.27335396719921e-15,6.661338147750939e-16,0.00031090000993572176
97,WMI,50,1999,1,33,2.898484247387971e-15,1.1102230246251565e-15,2.4100008886307478e-05
98,ISM,50,1999,1,33,2.8986612585996905e-15,1.1102230246251565e-15,1.889999839477241e-05
99,DI,50,1999,1,34,2.27335396719921e-15,6.661338147750939e-16,0.0003288000007160008
100,WMI,50,1999,1,34,2.898484247387971e-15,1.1102230246251565e-15,2.0500010577961802e-05
101,ISM,50,1999,1,34,2.8986612585996905e-15,1.1102230246251565e-15,1.659998088143766e-05
102,DI,50,1999,1,35,2.27335396719921e-15,6.661338147750939e-16,0.0003124999930150807
103,WMI,50,1999,1,35,2.898484247387971e-15,1.1102230246251565e-15,1.9500002963468432e-05
104,ISM,50,1999,1,35,2.8986612585996905e-15,1.1102230246251565e-15,1.6300007700920105e-05
105,DI,50,1999,1,36,2.27335396719921e-15,6.661338147750939e-16,0.0003046999918296933
106,WMI,50,1999,1,36,2.898484247387971e-15,1.1102230246251565e-15,2.060001133941114e-05
107,ISM,50,1999,1,36,2.8986612585996905e-15,1.1102230246251565e-15,1.6300007700920105e-05
108,DI,50,1999,1,37,2.27335396719921e-15,6.661338147750939e-16,0.0002997000119648874
109,WMI,50,1999,1,37,2.898484247387971e-15,1.1102230246251565e-15,2.0400009816512465e-05
110,ISM,50,1999,1,37,2.8986612585996905e-15,1.1102230246251565e-15,1.6699981642886996e-05
111,DI,50,1999,1,38,2.27335396719921e-15,6.661338147750939e-16,0.00027489999774843454
112,WMI,50,1999,1,38,2.898484247387971e-15,1.1102230246251565e-15,1.8300022929906845e-05
113,ISM,50,1999,1,38,2.8986612585996905e-15,1.1102230246251565e-15,1.6000005416572094e-05
114,DI,50,1999,1,39,2.27335396719921e-15,6.661338147750939e-16,0.000295600009849295
115,WMI,50,1999,1,39,2.898484247387971e-15,1.1102230246251565e-15,2.069998299703002e-05
116,ISM,50,1999,1,39,2.8986612585996905e-15,1.1102230246251565e-15,1.659998088143766e-05
117,DI,50,1999,1,40,2.27335396719921e-15,6.661338147750939e-16,0.00029799999902024865
118,WMI,50,1999,1,40,2.898484247387971e-15,1.1102230246251565e-15,1.8399994587525725e-05
119,ISM,50,1999,1,40,2.8986612585996905e-15,1.1102230246251565e-15,1.5700003132224083e-05
120,DI,50,1999,1,41,2.27335396719921e-15,6.661338147750939e-16,0.0002789999998640269
121,WMI,50,1999,1,41,2.898484247387971e-15,1.1102230246251565e-15,1.7300015315413475e-05
122,ISM,50,1999,1,41,2.8986612585996905e-15,1.1102230246251565e-15,1.5199999324977398e-05
123,DI,50,1999,1,42,2.27335396719921e-15,6.661338147750939e-16,0.000298099999781698
124,WMI,50,1999,1,42,2.898484247387971e-15,1.1102230246251565e-15,2.030000905506313e-05
125,ISM,50,1999,1,42,2.8986612585996905e-15,1.1102230246251565e-15,1.6300007700920105e-05
126,DI,50,1999,1,43,2.27335396719921e-15,6.661338147750939e-16,0.00031030000536702573
127,WMI,50,1999,1,43,2.898484247387971e-15,1.1102230246251565e-15,1.819999306462705e-05
128,ISM,50,1999,1,43,2.8986612585996905e-15,1.1102230246251565e-15,1.5199999324977398e-05
129,DI,50,1999,1,44,2.27335396719921e-15,6.661338147750939e-16,0.00025200002710334957
130,WMI,50,1999,1,44,2.898484247387971e-15,1.1102230246251565e-15,2.0400009816512465e-05
131,ISM,50,1999,1,44,2.8986612585996905e-15,1.1102230246251565e-15,1.659998088143766e-05
132,DI,50,1999,1,45,2.27335396719921e-15,6.661338147750939e-16,0.0002665999927558005
133,WMI,50,1999,1,45,2.898484247387971e-15,1.1102230246251565e-15,2.0100007532164454e-05
134,ISM,50,1999,1,45,2.8986612585996905e-15,1.1102230246251565e-15,1.6799982404336333e-05
135,DI,50,1999,1,46,2.27335396719921e-15,6.661338147750939e-16,0.00028219999512657523
136,WMI,50,1999,1,46,2.898484247387971e-15,1.1102230246251565e-15,1.960000372491777e-05
137,ISM,50,1999,1,46,2.8986612585996905e-15,1.1102230246251565e-15,1.6400008462369442e-05
138,DI,50,1999,1,47,2.27335396719921e-15,6.661338147750939e-16,0.0002967999898828566
139,WMI,50,1999,1,47,2.898484247387971e-15,1.1102230246251565e-15,1.8399994587525725e-05
140,ISM,50,1999,1,47,2.8986612585996905e-15,1.1102230246251565e-15,1.5199999324977398e-05
141,DI,50,1999,1,48,2.27335396719921e-15,6.661338147750939e-16,0.00027600000612437725
142,WMI,50,1999,1,48,2.898484247387971e-15,1.1102230246251565e-15,0.00010850001126527786
143,ISM,50,1999,1,48,2.8986612585996905e-15,1.1102230246251565e-15,1.8399994587525725e-05
144,DI,50,1999,1,49,2.27335396719921e-15,6.661338147750939e-16,0.0003009999927598983
145,WMI,50,1999,1,49,2.898484247387971e-15,1.1102230246251565e-15,2.169999061152339e-05
146,ISM,50,1999,1,49,2.8986612585996905e-15,1.1102230246251565e-15,1.7699989257380366e-05
147,DI,50,1999,1,50,2.27335396719921e-15,6.661338147750939e-16,0.00029850000282749534
148,WMI,50,1999,1,50,2.898484247387971e-15,1.1102230246251565e-15,2.090001362375915e-05
149,ISM,50,1999,1,50,2.8986612585996905e-15,1.1102230246251565e-15,1.6000005416572094e-05
150,DI,50,1999,1,51,2.27335396719921e-15,6.661338147750939e-16,0.0002744999947026372
151,WMI,50,1999,1,51,2.898484247387971e-15,1.1102230246251565e-15,1.8399994587525725e-05
152,ISM,50,1999,1,51,2.8986612585996905e-15,1.1102230246251565e-15,1.5400000847876072e-05
153,DI,50,1999,1,52,2.27335396719921e-15,6.661338147750939e-16,0.0002683999773580581
154,WMI,50,1999,1,52,2.898484247387971e-15,1.1102230246251565e-15,1.7099984688684344e-05
155,ISM,50,1999,1,52,2.8986612585996905e-15,1.1102230246251565e-15,1.4999997802078724e-05
156,DI,50,1999,1,53,2.27335396719921e-15,6.661338147750939e-16,0.00030010001501068473
157,WMI,50,1999,1,53,2.898484247387971e-15,1.1102230246251565e-15,2.0400009816512465e-05
158,ISM,50,1999,1,53,2.8986612585996905e-15,1.1102230246251565e-15,1.6300007700920105e-05
159,DI,50,1999,1,54,2.27335396719921e-15,6.661338147750939e-16,0.00027990000671707094
160,WMI,50,1999,1,54,2.898484247387971e-15,1.1102230246251565e-15,1.789999078027904e-05
161,ISM,50,1999,1,54,2.8986612585996905e-15,1.1102230246251565e-15,1.5400000847876072e-05
162,DI,50,1999,1,55,2.27335396719921e-15,6.661338147750939e-16,0.00030559999868273735
163,WMI,50,1999,1,55,2.898484247387971e-15,1.1102230246251565e-15,1.920000067912042e-05
164,ISM,50,1999,1,55,2.8986612585996905e-15,1.1102230246251565e-15,1.6299978597089648e-05
165,DI,50,1999,1,56,2.27335396719921e-15,6.661338147750939e-16,0.0002989000058732927
166,WMI,50,1999,1,56,2.898484247387971e-15,1.1102230246251565e-15,1.9400002202019095e-05
167,ISM,50,1999,1,56,2.8986612585996905e-15,1.1102230246251565e-15,1.610000617802143e-05
168,DI,50,1999,1,57,2.27335396719921e-15,6.661338147750939e-16,0.0002750999992713332
169,WMI,50,1999,1,57,2.898484247387971e-15,1.1102230246251565e-15,2.0100007532164454e-05
170,ISM,50,1999,1,57,2.8986612585996905e-15,1.1102230246251565e-15,1.6400008462369442e-05
171,DI,50,1999,1,58,2.27335396719921e-15,6.661338147750939e-16,0.00029039999935775995
172,WMI,50,1999,1,58,2.898484247387971e-15,1.1102230246251565e-15,1.990000600926578e-05
173,ISM,50,1999,1,58,2.8986612585996905e-15,1.1102230246251565e-15,1.6700010746717453e-05
174,DI,50,1999,1,59,2.27335396719921e-15,6.661338147750939e-16,0.000308599992422387
175,WMI,50,1999,1,59,2.898484247387971e-15,1.1102230246251565e-15,1.829999382607639e-05
176,ISM,50,1999,1,59,2.8986612585996905e-15,1.1102230246251565e-15,1.6399979358538985e-05
177,DI,50,1999,1,60,2.27335396719921e-15,6.661338147750939e-16,0.00021680002100765705
178,WMI,50,1999,1,60,2.898484247387971e-15,1.1102230246251565e-15,1.6999983927235007e-05
179,ISM,50,1999,1,60,2.8986612585996905e-15,1.1102230246251565e-15,1.4899997040629387e-05
180,DI,50,1999,1,61,2.27335396719921e-15,6.661338147750939e-16,0.00020879998919554055
181,WMI,50,1999,1,61,2.898484247387971e-15,1.1102230246251565e-15,1.650000922381878e-05
182,ISM,50,1999,1,61,2.8986612585996905e-15,1.1102230246251565e-15,1.4599994756281376e-05
183,DI,50,1999,1,62,2.27335396719921e-15,6.661338147750939e-16,0.00020879998919554055
184,WMI,50,1999,1,62,2.898484247387971e-15,1.1102230246251565e-15,1.6300007700920105e-05
185,ISM,50,1999,1,62,2.8986612585996905e-15,1.1102230246251565e-15,1.4699995517730713e-05
186,DI,50,1999,1,63,2.27335396719921e-15,6.661338147750939e-16,0.00021349999587982893
187,WMI,50,1999,1,63,2.898484247387971e-15,1.1102230246251565e-15,0.00010800000745803118
188,ISM,50,1999,1,63,2.8986612585996905e-15,1.1102230246251565e-15,3.060000017285347e-05
189,DI,50,1999,1,64,2.27335396719921e-15,6.661338147750939e-16,0.0005346000252757221
190,WMI,50,1999,1,64,2.898484247387971e-15,1.1102230246251565e-15,2.7400004910305142e-05
191,ISM,50,1999,1,64,2.8986612585996905e-15,1.1102230246251565e-15,2.0299979951232672e-05
192,DI,50,1999,1,65,2.27335396719921e-15,6.661338147750939e-16,0.0002196999848820269
193,WMI,50,1999,1,65,2.898484247387971e-15,1.1102230246251565e-15,1.9400002202019095e-05
194,ISM,50,1999,1,65,2.8986612585996905e-15,1.1102230246251565e-15,1.680001150816679e-05
195,DI,50,1999,1,66,2.27335396719921e-15,6.661338147750939e-16,0.00021510000806301832
196,WMI,50,1999,1,66,2.898484247387971e-15,1.1102230246251565e-15,1.810002140700817e-05
197,ISM,50,1999,1,66,2.8986612585996905e-15,1.1102230246251565e-15,1.550000160932541e-05
198,DI,50,1999,1,67,2.27335396719921e-15,6.661338147750939e-16,0.00020519999088719487
199,WMI,50,1999,1,67,2.898484247387971e-15,1.1102230246251565e-15,1.6900012269616127e-05
200,ISM,50,1999,1,67,2.8986612585996905e-15,1.1102230246251565e-15,1.4999997802078724e-05
201,DI,50,1999,1,68,2.27335396719921e-15,6.661338147750939e-16,0.00020069998572580516
202,WMI,50,1999,1,68,2.898484247387971e-15,1.1102230246251565e-15,1.6200006939470768e-05
203,ISM,50,1999,1,68,2.8986612585996905e-15,1.1102230246251565e-15,1.4800025383010507e-05
204,DI,50,1999,1,69,2.27335396719921e-15,6.661338147750939e-16,0.00020059998496435583
205,WMI,50,1999,1,69,2.898484247387971e-15,1.1102230246251565e-15,1.6300007700920105e-05
206,ISM,50,1999,1,69,2.8986612585996905e-15,1.1102230246251565e-15,1.479999627918005e-05
207,DI,50,1999,1,70,2.27335396719921e-15,6.661338147750939e-16,0.00020149999181739986
208,WMI,50,1999,1,70,2.898484247387971e-15,1.1102230246251565e-15,1.5700003132224083e-05
209,ISM,50,1999,1,70,2.8986612585996905e-15,1.1102230246251565e-15,1.4500023098662496e-05
210,DI,50,1999,1,71,2.27335396719921e-15,6.661338147750939e-16,0.00020139999105595052
211,WMI,50,1999,1,71,2.898484247387971e-15,1.1102230246251565e-15,1.6200006939470768e-05
212,ISM,50,1999,1,71,2.8986612585996905e-15,1.1102230246251565e-15,1.4499993994832039e-05
213,DI,50,1999,1,72,2.27335396719921e-15,6.661338147750939e-16,0.00020199999562464654
214,WMI,50,1999,1,72,2.898484247387971e-15,1.1102230246251565e-15,1.6200006939470768e-05
215,ISM,50,1999,1,72,2.8986612585996905e-15,1.1102230246251565e-15,1.4499993994832039e-05
216,DI,50,1999,1,73,2.27335396719921e-15,6.661338147750939e-16,0.00020089998724870384
217,WMI,50,1999,1,73,2.898484247387971e-15,1.1102230246251565e-15,1.6200006939470768e-05
218,ISM,50,1999,1,73,2.8986612585996905e-15,1.1102230246251565e-15,1.4800025383010507e-05
219,DI,50,1999,1,74,2.27335396719921e-15,6.661338147750939e-16,0.00020459998631849885
220,WMI,50,1999,1,74,2.898484247387971e-15,1.1102230246251565e-15,1.6000005416572094e-05
221,ISM,50,1999,1,74,2.8986612585996905e-15,1.1102230246251565e-15,1.4599994756281376e-05
222,DI,50,1999,1,75,2.27335396719921e-15,6.661338147750939e-16,0.0001996000064536929
223,WMI,50,1999,1,75,2.898484247387971e-15,1.1102230246251565e-15,1.5900004655122757e-05
224,ISM,50,1999,1,75,2.8986612585996905e-15,1.1102230246251565e-15,1.4699995517730713e-05
225,DI,50,1999,1,76,2.27335396719921e-15,6.661338147750939e-16,0.0001991999743040651
226,WMI,50,1999,1,76,2.898484247387971e-15,1.1102230246251565e-15,1.610000617802143e-05
227,ISM,50,1999,1,76,2.8986612585996905e-15,1.1102230246251565e-15,1.5400000847876072e-05
228,DI,50,1999,1,77,2.27335396719921e-15,6.661338147750939e-16,0.00019970000721514225
229,WMI,50,1999,1,77,2.898484247387971e-15,1.1102230246251565e-15,1.5900004655122757e-05
230,ISM,50,1999,1,77,2.8986612585996905e-15,1.1102230246251565e-15,1.4499993994832039e-05
231,DI,50,1999,1,78,2.27335396719921e-15,6.661338147750939e-16,0.00020039998344145715
232,WMI,50,1999,1,78,2.898484247387971e-15,1.1102230246251565e-15,1.610000617802143e-05
233,ISM,50,1999,1,78,2.8986612585996905e-15,1.1102230246251565e-15,1.4599994756281376e-05
234,DI,50,1999,1,79,2.27335396719921e-15,6.661338147750939e-16,0.0002004999842029065
235,WMI,50,1999,1,79,2.898484247387971e-15,1.1102230246251565e-15,1.5900004655122757e-05
236,ISM,50,1999,1,79,2.8986612585996905e-15,1.1102230246251565e-15,1.4200020814314485e-05
237,DI,50,1999,1,80,2.27335396719921e-15,6.661338147750939e-16,0.00020000000949949026
238,WMI,50,1999,1,80,2.898484247387971e-15,1.1102230246251565e-15,1.5900004655122757e-05
239,ISM,50,1999,1,80,2.8986612585996905e-15,1.1102230246251565e-15,1.4699995517730713e-05
240,DI,50,1999,1,81,2.27335396719921e-15,6.661338147750939e-16,0.0001990000018849969
241,WMI,50,1999,1,81,2.898484247387971e-15,1.1102230246251565e-15,1.6000005416572094e-05
242,ISM,50,1999,1,81,2.8986612585996905e-15,1.1102230246251565e-15,1.4499993994832039e-05
243,DI,50,1999,1,82,2.27335396719921e-15,6.661338147750939e-16,0.0002004000125452876
244,WMI,50,1999,1,82,2.898484247387971e-15,1.1102230246251565e-15,1.5999976312741637e-05
245,ISM,50,1999,1,82,2.8986612585996905e-15,1.1102230246251565e-15,1.4699995517730713e-05
246,DI,50,1999,1,83,2.27335396719921e-15,6.661338147750939e-16,0.00020179999410174787
247,WMI,50,1999,1,83,2.898484247387971e-15,1.1102230246251565e-15,1.6200006939470768e-05
248,ISM,50,1999,1,83,2.8986612585996905e-15,1.1102230246251565e-15,1.4500023098662496e-05
249,DI,50,1999,1,84,2.27335396719921e-15,6.661338147750939e-16,0.0002007999864872545
250,WMI,50,1999,1,84,2.898484247387971e-15,1.1102230246251565e-15,1.6200006939470768e-05
251,ISM,50,1999,1,84,2.8986612585996905e-15,1.1102230246251565e-15,1.4599994756281376e-05
252,DI,50,1999,1,85,2.27335396719921e-15,6.661338147750939e-16,0.00025120002101175487
253,WMI,50,1999,1,85,2.898484247387971e-15,1.1102230246251565e-15,1.6700010746717453e-05
254,ISM,50,1999,1,85,2.8986612585996905e-15,1.1102230246251565e-15,1.479999627918005e-05
255,DI,50,1999,1,86,2.27335396719921e-15,6.661338147750939e-16,0.00020099998801015317
256,WMI,50,1999,1,86,2.898484247387971e-15,1.1102230246251565e-15,1.6200006939470768e-05
257,ISM,50,1999,1,86,2.8986612585996905e-15,1.1102230246251565e-15,1.4500023098662496e-05
258,DI,50,1999,1,87,2.27335396719921e-15,6.661338147750939e-16,0.0002018999948631972
259,WMI,50,1999,1,87,2.898484247387971e-15,1.1102230246251565e-15,2.0199979189783335e-05
260,ISM,50,1999,1,87,2.8986612585996905e-15,1.1102230246251565e-15,1.650000922381878e-05
261,DI,50,1999,1,88,2.27335396719921e-15,6.661338147750939e-16,0.007716899999650195
262,WMI,50,1999,1,88,2.898484247387971e-15,1.1102230246251565e-15,3.630001447163522e-05
263,ISM,50,1999,1,88,2.8986612585996905e-15,1.1102230246251565e-15,2.579999272711575e-05
264,DI,50,1999,1,89,2.27335396719921e-15,6.661338147750939e-16,0.00035579997347667813
265,WMI,50,1999,1,89,2.898484247387971e-15,1.1102230246251565e-15,2.169999061152339e-05
266,ISM,50,1999,1,89,2.8986612585996905e-15,1.1102230246251565e-15,1.7499987734481692e-05
267,DI,50,1999,1,90,2.27335396719921e-15,6.661338147750939e-16,0.0003009999927598983
268,WMI,50,1999,1,90,2.898484247387971e-15,1.1102230246251565e-15,2.5500019546598196e-05
269,ISM,50,1999,1,90,2.8986612585996905e-15,1.1102230246251565e-15,3.0399998649954796e-05
270,DI,50,1999,1,91,2.27335396719921e-15,6.661338147750939e-16,0.00032500000088475645
271,WMI,50,1999,1,91,2.898484247387971e-15,1.1102230246251565e-15,2.0099978428333998e-05
272,ISM,50,1999,1,91,2.8986612585996905e-15,1.1102230246251565e-15,1.7400016076862812e-05
273,DI,50,1999,1,92,2.27335396719921e-15,6.661338147750939e-16,0.0002908000024035573
274,WMI,50,1999,1,92,2.898484247387971e-15,1.1102230246251565e-15,2.1799991372972727e-05
275,ISM,50,1999,1,92,2.8986612585996905e-15,1.1102230246251565e-15,1.7900019884109497e-05
276,DI,50,1999,1,93,2.27335396719921e-15,6.661338147750939e-16,0.0002552999940235168
277,WMI,50,1999,1,93,2.898484247387971e-15,1.1102230246251565e-15,1.8399994587525725e-05
278,ISM,50,1999,1,93,2.8986612585996905e-15,1.1102230246251565e-15,1.580000389367342e-05
279,DI,50,1999,1,94,2.27335396719921e-15,6.661338147750939e-16,0.000298400002066046
280,WMI,50,1999,1,94,2.898484247387971e-15,1.1102230246251565e-15,1.759998849593103e-05
281,ISM,50,1999,1,94,2.8986612585996905e-15,1.1102230246251565e-15,1.5700003132224083e-05
282,DI,50,1999,1,95,2.27335396719921e-15,6.661338147750939e-16,0.00026760000037029386
283,WMI,50,1999,1,95,2.898484247387971e-15,1.1102230246251565e-15,1.6999983927235007e-05
284,ISM,50,1999,1,95,2.8986612585996905e-15,1.1102230246251565e-15,1.5300000086426735e-05
285,DI,50,1999,1,96,2.27335396719921e-15,6.661338147750939e-16,0.0002708999963942915
286,WMI,50,1999,1,96,2.898484247387971e-15,1.1102230246251565e-15,1.6999983927235007e-05
287,ISM,50,1999,1,96,2.8986612585996905e-15,1.1102230246251565e-15,1.5099998563528061e-05
288,DI,50,1999,1,97,2.27335396719921e-15,6.661338147750939e-16,0.00029039999935775995
289,WMI,50,1999,1,97,2.898484247387971e-15,1.1102230246251565e-15,1.7200014553964138e-05
290,ISM,50,1999,1,97,2.8986612585996905e-15,1.1102230246251565e-15,1.5099998563528061e-05
291,DI,50,1999,1,98,2.27335396719921e-15,6.661338147750939e-16,0.0002867999719455838
292,WMI,50,1999,1,98,2.898484247387971e-15,1.1102230246251565e-15,2.0400009816512465e-05
293,ISM,50,1999,1,98,2.8986612585996905e-15,1.1102230246251565e-15,1.680001150816679e-05
294,DI,50,1999,1,99,2.27335396719921e-15,6.661338147750939e-16,0.00028050001128576696
295,WMI,50,1999,1,99,2.898484247387971e-15,1.1102230246251565e-15,1.7400016076862812e-05
296,ISM,50,1999,1,99,2.8986612585996905e-15,1.1102230246251565e-15,1.4300021575763822e-05
297,DI,50,1999,1,100,2.27335396719921e-15,6.661338147750939e-16,0.000287600007141009
298,WMI,50,1999,1,100,2.898484247387971e-15,1.1102230246251565e-15,1.6200006939470768e-05
299,ISM,50,1999,1,100,2.8986612585996905e-15,1.1102230246251565e-15,1.4199991710484028e-05
300,DI,50,1999,1,101,2.27335396719921e-15,6.661338147750939e-16,0.00025679997634142637
301,WMI,50,1999,1,101,2.898484247387971e-15,1.1102230246251565e-15,1.610000617802143e-05
302,ISM,50,1999,1,101,2.8986612585996905e-15,1.1102230246251565e-15,1.4699995517730713e-05
303,DI,50,1999,1,102,2.27335396719921e-15,6.661338147750939e-16,0.0002750999992713332
304,WMI,50,1999,1,102,2.898484247387971e-15,1.1102230246251565e-15,1.6400008462369442e-05
305,ISM,50,1999,1,102,2.8986612585996905e-15,1.1102230246251565e-15,1.4399993233382702e-05
306,DI,50,1999,1,103,2.27335396719921e-15,6.661338147750939e-16,0.00025549999554641545
307,WMI,50,1999,1,103,2.898484247387971e-15,1.1102230246251565e-15,1.6399979358538985e-05
308,ISM,50,1999,1,103,2.8986612585996905e-15,1.1102230246251565e-15,1.4499993994832039e-05
309,DI,50,1999,1,104,2.27335396719921e-15,6.661338147750939e-16,0.000284800014924258
310,WMI,50,1999,1,104,2.898484247387971e-15,1.1102230246251565e-15,1.9700004486367106e-05
311,ISM,50,1999,1,104,2.8986612585996905e-15,1.1102230246251565e-15,1.6400008462369442e-05
312,DI,50,1999,1,105,2.27335396719921e-15,6.661338147750939e-16,0.00026580001576803625
313,WMI,50,1999,1,105,2.898484247387971e-15,1.1102230246251565e-15,1.920000067912042e-05
314,ISM,50,1999,1,105,2.8986612585996905e-15,1.1102230246251565e-15,1.610000617802143e-05
315,DI,50,1999,1,106,2.27335396719921e-15,6.661338147750939e-16,0.0002963000151794404
316,WMI,50,1999,1,106,2.898484247387971e-15,1.1102230246251565e-15,1.7400016076862812e-05
317,ISM,50,1999,1,106,2.8986612585996905e-15,1.1102230246251565e-15,1.4699995517730713e-05
318,DI,50,1999,1,107,2.27335396719921e-15,6.661338147750939e-16,0.00029469997389242053
319,WMI,50,1999,1,107,2.898484247387971e-15,1.1102230246251565e-15,1.960000372491777e-05
320,ISM,50,1999,1,107,2.8986612585996905e-15,1.1102230246251565e-15,1.610000617802143e-05
321,DI,50,1999,1,108,2.27335396719921e-15,6.661338147750939e-16,0.0002470000181347132
322,WMI,50,1999,1,108,2.898484247387971e-15,1.1102230246251565e-15,2.0500010577961802e-05
323,ISM,50,1999,1,108,2.8986612585996905e-15,1.1102230246251565e-15,1.6699981642886996e-05
324,DI,50,1999,1,109,2.27335396719921e-15,6.661338147750939e-16,0.0003102000046055764
325,WMI,50,1999,1,109,2.898484247387971e-15,1.1102230246251565e-15,2.030000905506313e-05
326,ISM,50,1999,1,109,2.8986612585996905e-15,1.1102230246251565e-15,1.6200006939470768e-05
327,DI,50,1999,1,110,2.27335396719921e-15,6.661338147750939e-16,0.000302400003420189
328,WMI,50,1999,1,110,2.898484247387971e-15,1.1102230246251565e-15,2.300000051036477e-05
329,ISM,50,1999,1,110,2.8986612585996905e-15,1.1102230246251565e-15,1.8699996871873736e-05
330,DI,50,1999,1,111,2.27335396719921e-15,6.661338147750939e-16,0.0002890000178012997
331,WMI,50,1999,1,111,2.898484247387971e-15,1.1102230246251565e-15,1.829999382607639e-05
332,ISM,50,1999,1,111,2.8986612585996905e-15,1.1102230246251565e-15,1.4999997802078724e-05
333,DI,50,1999,1,112,2.27335396719921e-15,6.661338147750939e-16,0.00026220001745969057
334,WMI,50,1999,1,112,2.898484247387971e-15,1.1102230246251565e-15,1.6999983927235007e-05
335,ISM,50,1999,1,112,2.8986612585996905e-15,1.1102230246251565e-15,1.4499993994832039e-05
336,DI,50,1999,1,113,2.27335396719921e-15,6.661338147750939e-16,0.0002680000034160912
337,WMI,50,1999,1,113,2.898484247387971e-15,1.1102230246251565e-15,1.680001150816679e-05
338,ISM,50,1999,1,113,2.8986612585996905e-15,1.1102230246251565e-15,1.4200020814314485e-05
339,DI,50,1999,1,114,2.27335396719921e-15,6.661338147750939e-16,0.00028520001797005534
340,WMI,50,1999,1,114,2.898484247387971e-15,1.1102230246251565e-15,1.680001150816679e-05
341,ISM,50,1999,1,114,2.8986612585996905e-15,1.1102230246251565e-15,1.4199991710484028e-05
342,DI,50,1999,1,115,2.27335396719921e-15,6.661338147750939e-16,0.00024980001035146415
343,WMI,50,1999,1,115,2.898484247387971e-15,1.1102230246251565e-15,2.0100007532164454e-05
344,ISM,50,1999,1,115,2.8986612585996905e-15,1.1102230246251565e-15,1.6700010746717453e-05
345,DI,50,1999,1,116,2.27335396719921e-15,6.661338147750939e-16,0.00029310001991689205
346,WMI,50,1999,1,116,2.898484247387971e-15,1.1102230246251565e-15,1.7300015315413475e-05
347,ISM,50,1999,1,116,2.8986612585996905e-15,1.1102230246251565e-15,1.4899997040629387e-05
348,DI,50,1999,1,117,2.27335396719921e-15,6.661338147750939e-16,0.00028330000350251794
349,WMI,50,1999,1,117,2.898484247387971e-15,1.1102230246251565e-15,1.9400002202019095e-05
350,ISM,50,1999,1,117,2.8986612585996905e-15,1.1102230246251565e-15,1.610000617802143e-05
351,DI,50,1999,1,118,2.27335396719921e-15,6.661338147750939e-16,0.00028429998201318085
352,WMI,50,1999,1,118,2.898484247387971e-15,1.1102230246251565e-15,1.6999983927235007e-05
353,ISM,50,1999,1,118,2.8986612585996905e-15,1.1102230246251565e-15,1.470002462156117e-05
354,DI,50,1999,1,119,2.27335396719921e-15,6.661338147750939e-16,0.0002601000014692545
355,WMI,50,1999,1,119,2.898484247387971e-15,1.1102230246251565e-15,1.6099977074190974e-05
356,ISM,50,1999,1,119,2.8986612585996905e-15,1.1102230246251565e-15,1.4299992471933365e-05
357,DI,50,1999,1,120,2.27335396719921e-15,6.661338147750939e-16,0.0002589999930933118
358,WMI,50,1999,1,120,2.898484247387971e-15,1.1102230246251565e-15,1.6400008462369442e-05
359,ISM,50,1999,1,120,2.8986612585996905e-15,1.1102230246251565e-15,1.4200020814314485e-05
360,DI,50,1999,1,121,2.27335396719921e-15,6.661338147750939e-16,0.0002447000006213784
361,WMI,50,1999,1,121,2.898484247387971e-15,1.1102230246251565e-15,1.610000617802143e-05
362,ISM,50,1999,1,121,2.8986612585996905e-15,1.1102230246251565e-15,1.4299992471933365e-05
363,DI,50,1999,1,122,2.27335396719921e-15,6.661338147750939e-16,0.00026190001517534256
364,WMI,50,1999,1,122,2.898484247387971e-15,1.1102230246251565e-15,1.6200006939470768e-05
365,ISM,50,1999,1,122,2.8986612585996905e-15,1.1102230246251565e-15,1.4499993994832039e-05
366,DI,50,1999,1,123,2.27335396719921e-15,6.661338147750939e-16,0.0002768999838735908
367,WMI,50,1999,1,123,2.898484247387971e-15,1.1102230246251565e-15,1.939997309818864e-05
368,ISM,50,1999,1,123,2.8986612585996905e-15,1.1102230246251565e-15,1.6400008462369442e-05
369,DI,50,1999,1,124,2.27335396719921e-15,6.661338147750939e-16,0.0006775000074412674
370,WMI,50,1999,1,124,2.898484247387971e-15,1.1102230246251565e-15,3.889997606165707e-05
371,ISM,50,1999,1,124,2.8986612585996905e-15,1.1102230246251565e-15,1.8600025214254856e-05
372,DI,50,1999,1,125,2.27335396719921e-15,6.661338147750939e-16,0.0003152000135742128
373,WMI,50,1999,1,125,2.898484247387971e-15,1.1102230246251565e-15,2.1500018192455173e-05
374,ISM,50,1999,1,125,2.8986612585996905e-15,1.1102230246251565e-15,1.7699989257380366e-05
375,DI,50,1999,1,126,2.27335396719921e-15,6.661338147750939e-16,0.000325599976349622
376,WMI,50,1999,1,126,2.898484247387971e-15,1.1102230246251565e-15,4.8699992476031184e-05
377,ISM,50,1999,1,126,2.8986612585996905e-15,1.1102230246251565e-15,3.809999907389283e-05
378,DI,50,1999,1,127,2.27335396719921e-15,6.661338147750939e-16,0.0003006999904755503
379,WMI,50,1999,1,127,2.898484247387971e-15,1.1102230246251565e-15,1.920000067912042e-05
380,ISM,50,1999,1,127,2.8986612585996905e-15,1.1102230246251565e-15,1.6499980119988322e-05
381,DI,50,1999,1,128,2.27335396719921e-15,6.661338147750939e-16,0.00020370000856928527
382,WMI,50,1999,1,128,2.898484247387971e-15,1.1102230246251565e-15,1.680001150816679e-05
383,ISM,50,1999,1,128,2.8986612585996905e-15,1.1102230246251565e-15,1.4699995517730713e-05
384,DI,50,1999,1,129,2.27335396719921e-15,6.661338147750939e-16,0.00020060001406818628
385,WMI,50,1999,1,129,2.898484247387971e-15,1.1102230246251565e-15,1.610000617802143e-05
386,ISM,50,1999,1,129,2.8986612585996905e-15,1.1102230246251565e-15,1.4900026144459844e-05
387,DI,50,1999,1,130,2.27335396719921e-15,6.661338147750939e-16,0.0001998000079765916
388,WMI,50,1999,1,130,2.898484247387971e-15,1.1102230246251565e-15,1.6300007700920105e-05
389,ISM,50,1999,1,130,2.8986612585996905e-15,1.1102230246251565e-15,1.4499993994832039e-05
390,DI,50,1999,1,131,2.27335396719921e-15,6.661338147750939e-16,0.00020429998403415084
391,WMI,50,1999,1,131,2.898484247387971e-15,1.1102230246251565e-15,1.5900004655122757e-05
392,ISM,50,1999,1,131,2.8986612585996905e-15,1.1102230246251565e-15,1.4199991710484028e-05
393,DI,50,1999,1,132,2.27335396719921e-15,6.661338147750939e-16,0.0002018999948631972
394,WMI,50,1999,1,132,2.898484247387971e-15,1.1102230246251565e-15,1.5900004655122757e-05
395,ISM,50,1999,1,132,2.8986612585996905e-15,1.1102230246251565e-15,1.4599994756281376e-05
396,DI,50,1999,1,133,2.27335396719921e-15,6.661338147750939e-16,0.00020029998268000782
397,WMI,50,1999,1,133,2.898484247387971e-15,1.1102230246251565e-15,1.5499972505494952e-05
398,ISM,50,1999,1,133,2.8986612585996905e-15,1.1102230246251565e-15,2.0400009816512465e-05
399,DI,50,1999,1,134,2.27335396719921e-15,6.661338147750939e-16,0.00021280001965351403
400,WMI,50,1999,1,134,2.898484247387971e-15,1.1102230246251565e-15,1.580000389367342e-05
401,ISM,50,1999,1,134,2.8986612585996905e-15,1.1102230246251565e-15,1.4499993994832039e-05
402,DI,50,1999,1,135,2.27335396719921e-15,6.661338147750939e-16,0.00021269998978823423
403,WMI,50,1999,1,135,2.898484247387971e-15,1.1102230246251565e-15,1.5700003132224083e-05
404,ISM,50,1999,1,135,2.8986612585996905e-15,1.1102230246251565e-15,1.4499993994832039e-05
405,DI,50,1999,1,136,2.27335396719921e-15,6.661338147750939e-16,0.00020039998344145715
406,WMI,50,1999,1,136,2.898484247387971e-15,1.1102230246251565e-15,1.5900004655122757e-05
407,ISM,50,1999,1,136,2.8986612585996905e-15,1.1102230246251565e-15,1.4199991710484028e-05
408,DI,50,1999,1,137,2.27335396719921e-15,6.661338147750939e-16,0.00022909999825060368
409,WMI,50,1999,1,137,2.898484247387971e-15,1.1102230246251565e-15,2.9199989512562752e-05
410,ISM,50,1999,1,137,2.8986612585996905e-15,1.1102230246251565e-15,2.1199986804276705e-05
411,DI,50,1999,1,138,2.27335396719921e-15,6.661338147750939e-16,0.00032920000376179814
412,WMI,50,1999,1,138,2.898484247387971e-15,1.1102230246251565e-15,2.500001573935151e-05
413,ISM,50,1999,1,138,2.8986612585996905e-15,1.1102230246251565e-15,1.9099999917671084e-05
414,DI,50,1999,1,139,2.27335396719921e-15,6.661338147750939e-16,0.00028410000959411263
415,WMI,50,1999,1,139,2.898484247387971e-15,1.1102230246251565e-15,1.960000372491777e-05
416,ISM,50,1999,1,139,2.8986612585996905e-15,1.1102230246251565e-15,1.6700010746717453e-05
417,DI,50,1999,1,140,2.27335396719921e-15,6.661338147750939e-16,0.0002859999949578196
418,WMI,50,1999,1,140,2.898484247387971e-15,1.1102230246251565e-15,2.039998071268201e-05
419,ISM,50,1999,1,140,2.8986612585996905e-15,1.1102230246251565e-15,1.580000389367342e-05
420,DI,50,1999,1,141,2.27335396719921e-15,6.661338147750939e-16,0.00028139998903498054
421,WMI,50,1999,1,141,2.898484247387971e-15,1.1102230246251565e-15,1.719998545013368e-05
422,ISM,50,1999,1,141,2.8986612585996905e-15,1.1102230246251565e-15,1.4599994756281376e-05
423,DI,50,1999,1,142,2.27335396719921e-15,6.661338147750939e-16,0.0004879999905824661
424,WMI,50,1999,1,142,2.898484247387971e-15,1.1102230246251565e-15,2.1400017431005836e-05
425,ISM,50,1999,1,142,2.8986612585996905e-15,1.1102230246251565e-15,1.789999078027904e-05
426,DI,50,1999,1,143,2.27335396719921e-15,6.661338147750939e-16,0.00030869999318383634
427,WMI,50,1999,1,143,2.898484247387971e-15,1.1102230246251565e-15,2.2199994418770075e-05
428,ISM,50,1999,1,143,2.8986612585996905e-15,1.1102230246251565e-15,1.8099992303177714e-05
429,DI,50,1999,1,144,2.27335396719921e-15,6.661338147750939e-16,0.00029600001289509237
430,WMI,50,1999,1,144,2.898484247387971e-15,1.1102230246251565e-15,2.030000905506313e-05
431,ISM,50,1999,1,144,2.8986612585996905e-15,1.1102230246251565e-15,1.659998088143766e-05
432,DI,50,1999,1,145,2.27335396719921e-15,6.661338147750939e-16,0.0003124000213574618
433,WMI,50,1999,1,145,2.898484247387971e-15,1.1102230246251565e-15,2.1599989850074053e-05
434,ISM,50,1999,1,145,2.8986612585996905e-15,1.1102230246251565e-15,1.7999991541728377e-05
435,DI,50,1999,1,146,2.27335396719921e-15,6.661338147750939e-16,0.00028470001416280866
436,WMI,50,1999,1,146,2.898484247387971e-15,1.1102230246251565e-15,1.9400002202019095e-05
437,ISM,50,1999,1,146,2.8986612585996905e-15,1.1102230246251565e-15,1.6200006939470768e-05
438,DI,50,1999,1,147,2.27335396719921e-15,6.661338147750939e-16,0.0003268000145908445
439,WMI,50,1999,1,147,2.898484247387971e-15,1.1102230246251565e-15,1.7999991541728377e-05
440,ISM,50,1999,1,147,2.8986612585996905e-15,1.1102230246251565e-15,1.5700003132224083e-05
441,DI,50,1999,1,148,2.27335396719921e-15,6.661338147750939e-16,0.0002689999819267541
442,WMI,50,1999,1,148,2.898484247387971e-15,1.1102230246251565e-15,1.8000020645558834e-05
443,ISM,50,1999,1,148,2.8986612585996905e-15,1.1102230246251565e-15,1.5700003132224083e-05
444,DI,50,1999,1,149,2.27335396719921e-15,6.661338147750939e-16,0.0003000000142492354
445,WMI,50,1999,1,149,2.898484247387971e-15,1.1102230246251565e-15,1.7499987734481692e-05
446,ISM,50,1999,1,149,2.8986612585996905e-15,1.1102230246251565e-15,1.5600002370774746e-05
447,DI,50,1999,1,150,2.27335396719921e-15,6.661338147750939e-16,0.0003150000120513141
448,WMI,50,1999,1,150,2.898484247387971e-15,1.1102230246251565e-15,1.7499987734481692e-05
449,ISM,50,1999,1,150,2.8986612585996905e-15,1.1102230246251565e-15,1.6300007700920105e-05
450,DI,50,1999,1,151,2.27335396719921e-15,6.661338147750939e-16,0.0003015999973285943
451,WMI,50,1999,1,151,2.898484247387971e-15,1.1102230246251565e-15,2.120001590810716e-05
452,ISM,50,1999,1,151,2.8986612585996905e-15,1.1102230246251565e-15,1.7299986211583018e-05
453,DI,50,1999,1,152,2.27335396719921e-15,6.661338147750939e-16,0.00026080000679939985
454,WMI,50,1999,1,152,2.898484247387971e-15,1.1102230246251565e-15,1.85999961104244e-05
455,ISM,50,1999,1,152,2.8986612585996905e-15,1.1102230246251565e-15,1.5699974028393626e-05
456,DI,50,1999,1,153,2.27335396719921e-15,6.661338147750939e-16,0.00029719999292865396
457,WMI,50,1999,1,153,2.898484247387971e-15,1.1102230246251565e-15,1.8699996871873736e-05
458,ISM,50,1999,1,153,2.8986612585996905e-15,1.1102230246251565e-15,1.5600002370774746e-05
459,DI,50,1999,1,154,2.27335396719921e-15,6.661338147750939e-16,0.0002722999779507518
460,WMI,50,1999,1,154,2.898484247387971e-15,1.1102230246251565e-15,1.750001683831215e-05
461,ISM,50,1999,1,154,2.8986612585996905e-15,1.1102230246251565e-15,1.5600002370774746e-05
462,DI,50,1999,1,155,2.27335396719921e-15,6.661338147750939e-16,0.00028369997744448483
463,WMI,50,1999,1,155,2.898484247387971e-15,1.1102230246251565e-15,2.0100007532164454e-05
464,ISM,50,1999,1,155,2.8986612585996905e-15,1.1102230246251565e-15,1.7000013031065464e-05
465,DI,50,1999,1,156,2.27335396719921e-15,6.661338147750939e-16,0.0003066000062972307
466,WMI,50,1999,1,156,2.898484247387971e-15,1.1102230246251565e-15,2.1199986804276705e-05
467,ISM,50,1999,1,156,2.8986612585996905e-15,1.1102230246251565e-15,1.6999983927235007e-05
468,DI,50,1999,1,157,2.27335396719921e-15,6.661338147750939e-16,0.00030640000477433205
469,WMI,50,1999,1,157,2.898484247387971e-15,1.1102230246251565e-15,1.9700004486367106e-05
470,ISM,50,1999,1,157,2.8986612585996905e-15,1.1102230246251565e-15,1.6600009985268116e-05
471,DI,50,1999,1,158,2.27335396719921e-15,6.661338147750939e-16,0.0002935999946203083
472,WMI,50,1999,1,158,2.898484247387971e-15,1.1102230246251565e-15,1.810002140700817e-05
473,ISM,50,1999,1,158,2.8986612585996905e-15,1.1102230246251565e-15,1.610000617802143e-05
474,DI,50,1999,1,159,2.27335396719921e-15,6.661338147750939e-16,0.00026130001060664654
475,WMI,50,1999,1,159,2.898484247387971e-15,1.1102230246251565e-15,1.7300015315413475e-05
476,ISM,50,1999,1,159,2.8986612585996905e-15,1.1102230246251565e-15,1.5600002370774746e-05
477,DI,50,1999,1,160,2.27335396719921e-15,6.661338147750939e-16,0.00028459998429752886
478,WMI,50,1999,1,160,2.898484247387971e-15,1.1102230246251565e-15,1.8000020645558834e-05
479,ISM,50,1999,1,160,2.8986612585996905e-15,1.1102230246251565e-15,1.5799974789842963e-05
480,DI,50,1999,1,161,2.27335396719921e-15,6.661338147750939e-16,0.0003157000173814595
481,WMI,50,1999,1,161,2.898484247387971e-15,1.1102230246251565e-15,1.8699996871873736e-05
482,ISM,50,1999,1,161,2.8986612585996905e-15,1.1102230246251565e-15,1.580000389367342e-05
483,DI,50,1999,1,162,2.27335396719921e-15,6.661338147750939e-16,0.0002179000002797693
484,WMI,50,1999,1,162,2.898484247387971e-15,1.1102230246251565e-15,1.7600017599761486e-05
485,ISM,50,1999,1,162,2.8986612585996905e-15,1.1102230246251565e-15,1.5300000086426735e-05
486,DI,50,1999,1,163,2.27335396719921e-15,6.661338147750939e-16,0.00037910000537522137
487,WMI,50,1999,1,163,2.898484247387971e-15,1.1102230246251565e-15,2.549999044276774e-05
488,ISM,50,1999,1,163,2.8986612585996905e-15,1.1102230246251565e-15,2.020000829361379e-05
489,DI,50,1999,1,164,2.27335396719921e-15,6.661338147750939e-16,0.00029949998133815825
490,WMI,50,1999,1,164,2.898484247387971e-15,1.1102230246251565e-15,2.139998832717538e-05
491,ISM,50,1999,1,164,2.8986612585996905e-15,1.1102230246251565e-15,1.8099992303177714e-05
492,DI,50,1999,1,165,2.27335396719921e-15,6.661338147750939e-16,0.0003038999857380986
493,WMI,50,1999,1,165,2.898484247387971e-15,1.1102230246251565e-15,2.5699991965666413e-05
494,ISM,50,1999,1,165,2.8986612585996905e-15,1.1102230246251565e-15,2.0099978428333998e-05
495,DI,50,1999,1,166,2.27335396719921e-15,6.661338147750939e-16,0.0003242999955546111
496,WMI,50,1999,1,166,2.898484247387971e-15,1.1102230246251565e-15,2.239999594166875e-05
497,ISM,50,1999,1,166,2.8986612585996905e-15,1.1102230246251565e-15,1.7499987734481692e-05
498,DI,50,1999,1,167,2.27335396719921e-15,6.661338147750939e-16,0.0002592000237200409
499,WMI,50,1999,1,167,2.898484247387971e-15,1.1102230246251565e-15,2.0700012100860476e-05
500,ISM,50,1999,1,167,2.8986612585996905e-15,1.1102230246251565e-15,1.71000137925148e-05
501,DI,50,1999,1,168,2.27335396719921e-15,6.661338147750939e-16,0.000298700004350394
502,WMI,50,1999,1,168,2.898484247387971e-15,1.1102230246251565e-15,2.2099993657320738e-05
503,ISM,50,1999,1,168,2.8986612585996905e-15,1.1102230246251565e-15,1.719998545013368e-05
504,DI,50,1999,1,169,2.27335396719921e-15,6.661338147750939e-16,0.00028500001644715667
505,WMI,50,1999,1,169,2.898484247387971e-15,1.1102230246251565e-15,2.0400009816512465e-05
506,ISM,50,1999,1,169,2.8986612585996905e-15,1.1102230246251565e-15,1.7200014553964138e-05
507,DI,50,1999,1,170,2.27335396719921e-15,6.661338147750939e-16,0.0003087999939452857
508,WMI,50,1999,1,170,2.898484247387971e-15,1.1102230246251565e-15,1.960000372491777e-05
509,ISM,50,1999,1,170,2.8986612585996905e-15,1.1102230246251565e-15,1.6200006939470768e-05
510,DI,50,1999,1,171,2.27335396719921e-15,6.661338147750939e-16,0.00030440001864917576
511,WMI,50,1999,1,171,2.898484247387971e-15,1.1102230246251565e-15,2.729997504502535e-05
512,ISM,50,1999,1,171,2.8986612585996905e-15,1.1102230246251565e-15,1.6200006939470768e-05
513,DI,50,1999,1,172,2.27335396719921e-15,6.661338147750939e-16,0.0004191000189166516
514,WMI,50,1999,1,172,2.898484247387971e-15,1.1102230246251565e-15,2.0000006770715117e-05
515,ISM,50,1999,1,172,2.8986612585996905e-15,1.1102230246251565e-15,1.689998316578567e-05
516,DI,50,1999,1,173,2.27335396719921e-15,6.661338147750939e-16,0.00028849998489022255
517,WMI,50,1999,1,173,2.898484247387971e-15,1.1102230246251565e-15,1.8200022168457508e-05
518,ISM,50,1999,1,173,2.8986612585996905e-15,1.1102230246251565e-15,1.58999755512923e-05
519,DI,50,1999,1,174,2.27335396719921e-15,6.661338147750939e-16,0.00028249999741092324
520,WMI,50,1999,1,174,2.898484247387971e-15,1.1102230246251565e-15,1.819999306462705e-05
521,ISM,50,1999,1,174,2.8986612585996905e-15,1.1102230246251565e-15,1.580000389367342e-05
522,DI,50,1999,1,175,2.27335396719921e-15,6.661338147750939e-16,0.00036109998472966254
523,WMI,50,1999,1,175,2.898484247387971e-15,1.1102230246251565e-15,2.169999061152339e-05
524,ISM,50,1999,1,175,2.8986612585996905e-15,1.1102230246251565e-15,1.7499987734481692e-05
525,DI,50,1999,1,176,2.27335396719921e-15,6.661338147750939e-16,0.0002936999953817576
526,WMI,50,1999,1,176,2.898484247387971e-15,1.1102230246251565e-15,2.099998528137803e-05
527,ISM,50,1999,1,176,2.8986612585996905e-15,1.1102230246251565e-15,1.7099984688684344e-05
528,DI,50,1999,1,177,2.27335396719921e-15,6.661338147750939e-16,0.000277700019069016
529,WMI,50,1999,1,177,2.898484247387971e-15,1.1102230246251565e-15,2.1000014385208488e-05
530,ISM,50,1999,1,177,2.8986612585996905e-15,1.1102230246251565e-15,1.7200014553964138e-05
531,DI,50,1999,1,178,2.27335396719921e-15,6.661338147750939e-16,0.00028310000197961926
532,WMI,50,1999,1,178,2.898484247387971e-15,1.1102230246251565e-15,1.969997538253665e-05
533,ISM,50,1999,1,178,2.8986612585996905e-15,1.1102230246251565e-15,1.7400016076862812e-05
534,DI,50,1999,1,179,2.27335396719921e-15,6.661338147750939e-16,0.0002902999985963106
535,WMI,50,1999,1,179,2.898484247387971e-15,1.1102230246251565e-15,1.789999078027904e-05
536,ISM,50,1999,1,179,2.8986612585996905e-15,1.1102230246251565e-15,1.5600002370774746e-05
537,DI,50,1999,1,180,2.27335396719921e-15,6.661338147750939e-16,0.0003797000099439174
538,WMI,50,1999,1,180,2.898484247387971e-15,1.1102230246251565e-15,2.9600021662190557e-05
539,ISM,50,1999,1,180,2.8986612585996905e-15,1.1102230246251565e-15,2.0500010577961802e-05
540,DI,50,1999,1,181,2.27335396719921e-15,6.661338147750939e-16,0.0003171999996993691
541,WMI,50,1999,1,181,2.898484247387971e-15,1.1102230246251565e-15,2.120001590810716e-05
542,ISM,50,1999,1,181,2.8986612585996905e-15,1.1102230246251565e-15,1.7499987734481692e-05
543,DI,50,1999,1,182,2.27335396719921e-15,6.661338147750939e-16,0.0003273999900557101
544,WMI,50,1999,1,182,2.898484247387971e-15,1.1102230246251565e-15,1.9400002202019095e-05
545,ISM,50,1999,1,182,2.8986612585996905e-15,1.1102230246251565e-15,1.6900012269616127e-05
546,DI,50,1999,1,183,2.27335396719921e-15,6.661338147750939e-16,0.00032740001915954053
547,WMI,50,1999,1,183,2.898484247387971e-15,1.1102230246251565e-15,1.850002445280552e-05
548,ISM,50,1999,1,183,2.8986612585996905e-15,1.1102230246251565e-15,1.5900004655122757e-05
549,DI,50,1999,1,184,2.27335396719921e-15,6.661338147750939e-16,0.00029730002279393375
550,WMI,50,1999,1,184,2.898484247387971e-15,1.1102230246251565e-15,1.759998849593103e-05
551,ISM,50,1999,1,184,2.8986612585996905e-15,1.1102230246251565e-15,1.5900004655122757e-05
552,DI,50,1999,1,185,2.27335396719921e-15,6.661338147750939e-16,0.0003279999946244061
553,WMI,50,1999,1,185,2.898484247387971e-15,1.1102230246251565e-15,1.7499987734481692e-05
554,ISM,50,1999,1,185,2.8986612585996905e-15,1.1102230246251565e-15,1.5900004655122757e-05
555,DI,50,1999,1,186,2.27335396719921e-15,6.661338147750939e-16,0.0002869000018108636
556,WMI,50,1999,1,186,2.898484247387971e-15,1.1102230246251565e-15,1.7399986973032355e-05
557,ISM,50,1999,1,186,2.8986612585996905e-15,1.1102230246251565e-15,1.580000389367342e-05
558,DI,50,1999,1,187,2.27335396719921e-15,6.661338147750939e-16,0.0002995999820996076
559,WMI,50,1999,1,187,2.898484247387971e-15,1.1102230246251565e-15,1.7400016076862812e-05
560,ISM,50,1999,1,187,2.8986612585996905e-15,1.1102230246251565e-15,1.5600002370774746e-05
561,DI,50,1999,1,188,2.27335396719921e-15,6.661338147750939e-16,0.0003065000055357814
562,WMI,50,1999,1,188,2.898484247387971e-15,1.1102230246251565e-15,2.9199989512562752e-05
563,ISM,50,1999,1,188,2.8986612585996905e-15,1.1102230246251565e-15,2.190002123825252e-05
564,DI,50,1999,1,189,2.27335396719921e-15,6.661338147750939e-16,0.0003497999859973788
565,WMI,50,1999,1,189,2.898484247387971e-15,1.1102230246251565e-15,2.1800020476803184e-05
566,ISM,50,1999,1,189,2.8986612585996905e-15,1.1102230246251565e-15,1.71000137925148e-05
567,DI,50,1999,1,190,2.27335396719921e-15,6.661338147750939e-16,0.0008385000110138208
568,WMI,50,1999,1,190,2.898484247387971e-15,1.1102230246251565e-15,7.879998884163797e-05
569,ISM,50,1999,1,190,2.8986612585996905e-15,1.1102230246251565e-15,6.250001024454832e-05
570,DI,50,1999,1,191,2.27335396719921e-15,6.661338147750939e-16,0.0008327000250574201
571,WMI,50,1999,1,191,2.898484247387971e-15,1.1102230246251565e-15,7.740000728517771e-05
572,ISM,50,1999,1,191,2.8986612585996905e-15,1.1102230246251565e-15,6.130000110715628e-05
573,DI,50,1999,1,192,2.27335396719921e-15,6.661338147750939e-16,0.0007530000002589077
574,WMI,50,1999,1,192,2.898484247387971e-15,1.1102230246251565e-15,2.5600020308047533e-05
575,ISM,50,1999,1,192,2.8986612585996905e-15,1.1102230246251565e-15,2.0199979189783335e-05
576,DI,50,1999,1,193,2.27335396719921e-15,6.661338147750939e-16,0.0005868000152986497
577,WMI,50,1999,1,193,2.898484247387971e-15,1.1102230246251565e-15,2.7000001864507794e-05
578,ISM,50,1999,1,193,2.8986612585996905e-15,1.1102230246251565e-15,2.1299987565726042e-05
579,DI,50,1999,1,194,2.27335396719921e-15,6.661338147750939e-16,0.000592500000493601
580,WMI,50,1999,1,194,2.898484247387971e-15,1.1102230246251565e-15,0.00010599999222904444
581,ISM,50,1999,1,194,2.8986612585996905e-15,1.1102230246251565e-15,6.170000415295362e-05
582,DI,50,1999,1,195,2.27335396719921e-15,6.661338147750939e-16,0.000582000007852912
583,WMI,50,1999,1,195,2.898484247387971e-15,1.1102230246251565e-15,7.670000195503235e-05
584,ISM,50,1999,1,195,2.8986612585996905e-15,1.1102230246251565e-15,6.419999408535659e-05
585,DI,50,1999,1,196,2.27335396719921e-15,6.661338147750939e-16,0.0005947999889031053
586,WMI,50,1999,1,196,2.898484247387971e-15,1.1102230246251565e-15,7.929999264888465e-05
587,ISM,50,1999,1,196,2.8986612585996905e-15,1.1102230246251565e-15,6.150000263005495e-05
588,DI,50,1999,1,197,2.27335396719921e-15,6.661338147750939e-16,0.000612899981206283
589,WMI,50,1999,1,197,2.898484247387971e-15,1.1102230246251565e-15,2.3900007363408804e-05
590,ISM,50,1999,1,197,2.8986612585996905e-15,1.1102230246251565e-15,1.920000067912042e-05
591,DI,50,1999,1,198,2.27335396719921e-15,6.661338147750939e-16,0.0005706000083591789
592,WMI,50,1999,1,198,2.898484247387971e-15,1.1102230246251565e-15,2.2499996703118086e-05
593,ISM,50,1999,1,198,2.8986612585996905e-15,1.1102230246251565e-15,1.850002445280552e-05
594,DI,50,1999,1,199,2.27335396719921e-15,6.661338147750939e-16,0.0005006999999750406
595,WMI,50,1999,1,199,2.898484247387971e-15,1.1102230246251565e-15,7.700000423938036e-05
596,ISM,50,1999,1,199,2.8986612585996905e-15,1.1102230246251565e-15,6.309998570941389e-05
597,DI,50,1999,1,200,2.27335396719921e-15,6.661338147750939e-16,0.0005462999979499727
598,WMI,50,1999,1,200,2.898484247387971e-15,1.1102230246251565e-15,2.030000905506313e-05
599,ISM,50,1999,1,200,2.8986612585996905e-15,1.1102230246251565e-15,1.680001150816679e-05
600,DI,50,1998,2,1,2.1839444712204307e-15,6.661338147750939e-16,0.0005253999843262136
601,WMI,50,1998,2,1,2.649344270159926e-15,8.881784197001252e-16,0.00011350002023391426
602,ISM,50,1998,2,1,0.0292757210406612,0.004573575314021568,0.00013349999790079892
603,DI,50,1998,2,2,2.1839444712204307e-15,6.661338147750939e-16,0.0005122000002302229
604,WMI,50,1998,2,2,2.649344270159926e-15,8.881784197001252e-16,9.600000339560211e-05
605,ISM,50,1998,2,2,0.0292757210406612,0.004573575314021568,0.00012160002370364964
606,DI,50,1998,2,3,2.1839444712204307e-15,6.661338147750939e-16,0.0004960000223945826
607,WMI,50,1998,2,3,2.649344270159926e-15,8.881784197001252e-16,3.409999771974981e-05
608,ISM,50,1998,2,3,0.0292757210406612,0.004573575314021568,4.0000013541430235e-05
609,DI,50,1998,2,4,2.1839444712204307e-15,6.661338147750939e-16,0.0004154999915044755
610,WMI,50,1998,2,4,2.649344270159926e-15,8.881784197001252e-16,4.749998333863914e-05
611,ISM,50,1998,2,4,0.0292757210406612,0.004573575314021568,5.269999383017421e-05
612,DI,50,1998,2,5,2.1839444712204307e-15,6.661338147750939e-16,0.0004825000069104135
613,WMI,50,1998,2,5,2.649344270159926e-15,8.881784197001252e-16,0.00010850001126527786
614,ISM,50,1998,2,5,0.0292757210406612,0.004573575314021568,0.00011690001701936126
615,DI,50,1998,2,6,2.1839444712204307e-15,6.661338147750939e-16,0.0004860999761149287
616,WMI,50,1998,2,6,2.649344270159926e-15,8.881784197001252e-16,3.2400013878941536e-05
617,ISM,50,1998,2,6,0.0292757210406612,0.004573575314021568,4.349998198449612e-05
618,DI,50,1998,2,7,2.1839444712204307e-15,6.661338147750939e-16,0.00041500001680105925
619,WMI,50,1998,2,7,2.649344270159926e-15,8.881784197001252e-16,9.919999865815043e-05
620,ISM,50,1998,2,7,0.0292757210406612,0.004573575314021568,0.00012090001837350428
621,DI,50,1998,2,8,2.1839444712204307e-15,6.661338147750939e-16,0.00036639999598264694
622,WMI,50,1998,2,8,2.649344270159926e-15,8.881784197001252e-16,0.00011170000652782619
623,ISM,50,1998,2,8,0.0292757210406612,0.004573575314021568,0.00011439999798312783
624,DI,50,1998,2,9,2.1839444712204307e-15,6.661338147750939e-16,0.0004885999951511621
625,WMI,50,1998,2,9,2.649344270159926e-15,8.881784197001252e-16,9.590000263415277e-05
626,ISM,50,1998,2,9,0.0292757210406612,0.004573575314021568,0.00020060001406818628
627,DI,50,1998,2,10,2.1839444712204307e-15,6.661338147750939e-16,0.0005610999942291528
628,WMI,50,1998,2,10,2.649344270159926e-15,8.881784197001252e-16,4.759998410008848e-05
629,ISM,50,1998,2,10,0.0292757210406612,0.004573575314021568,5.2799994591623545e-05
630,DI,50,1998,2,11,2.1839444712204307e-15,6.661338147750939e-16,0.0005578999989666045
631,WMI,50,1998,2,11,2.649344270159926e-15,8.881784197001252e-16,9.450002107769251e-05
632,ISM,50,1998,2,11,0.0292757210406612,0.004573575314021568,0.00011480000102892518
633,DI,50,1998,2,12,2.1839444712204307e-15,6.661338147750939e-16,0.0005128999764565378
634,WMI,50,1998,2,12,2.649344270159926e-15,8.881784197001252e-16,0.00011520000407472253
635,ISM,50,1998,2,12,0.0292757210406612,0.004573575314021568,0.00010820000898092985
636,DI,50,1998,2,13,2.1839444712204307e-15,6.661338147750939e-16,0.0004981000092811882
637,WMI,50,1998,2,13,2.649344270159926e-15,8.881784197001252e-16,4.2599975131452084e-05
638,ISM,50,1998,2,13,0.0292757210406612,0.004573575314021568,4.8699992476031184e-05
639,DI,50,1998,2,14,2.1839444712204307e-15,6.661338147750939e-16,0.00043119999463669956
640,WMI,50,1998,2,14,2.649344270159926e-15,8.881784197001252e-16,9.940000018104911e-05
641,ISM,50,1998,2,14,0.0292757210406612,0.004573575314021568,0.00010890001431107521
642,DI,50,1998,2,15,2.1839444712204307e-15,6.661338147750939e-16,0.0005135000101290643
643,WMI,50,1998,2,15,2.649344270159926e-15,8.881784197001252e-16,8.139997953549027e-05
644,ISM,50,1998,2,15,0.0292757210406612,0.004573575314021568,0.00010199999087490141
645,DI,50,1998,2,16,2.1839444712204307e-15,6.661338147750939e-16,0.0008113000076264143
646,WMI,50,1998,2,16,2.649344270159926e-15,8.881784197001252e-16,9.469999349676073e-05
647,ISM,50,1998,2,16,0.0292757210406612,0.004573575314021568,0.00011290001566521823
648,DI,50,1998,2,17,2.1839444712204307e-15,6.661338147750939e-16,0.0004885000234935433
649,WMI,50,1998,2,17,2.649344270159926e-15,8.881784197001252e-16,7.940002251416445e-05
650,ISM,50,1998,2,17,0.0292757210406612,0.004573575314021568,0.00010140001541003585
651,DI,50,1998,2,18,2.1839444712204307e-15,6.661338147750939e-16,0.0004765999910887331
652,WMI,50,1998,2,18,2.649344270159926e-15,8.881784197001252e-16,3.5500008380040526e-05
653,ISM,50,1998,2,18,0.0292757210406612,0.004573575314021568,4.73999825771898e-05
654,DI,50,1998,2,19,2.1839444712204307e-15,6.661338147750939e-16,0.00048370001604780555
655,WMI,50,1998,2,19,2.649344270159926e-15,8.881784197001252e-16,7.939999341033399e-05
656,ISM,50,1998,2,19,0.0292757210406612,0.004573575314021568,0.00010080001084133983
657,DI,50,1998,2,20,2.1839444712204307e-15,6.661338147750939e-16,0.0004973000031895936
658,WMI,50,1998,2,20,2.649344270159926e-15,8.881784197001252e-16,7.259999983943999e-05
659,ISM,50,1998,2,20,0.0292757210406612,0.004573575314021568,9.06999921426177e-05
660,DI,50,1998,2,21,2.1839444712204307e-15,6.661338147750939e-16,0.000464299984741956
661,WMI,50,1998,2,21,2.649344270159926e-15,8.881784197001252e-16,5.9999991208314896e-05
662,ISM,50,1998,2,21,0.0292757210406612,0.004573575314021568,8.16000101622194e-05
663,DI,50,1998,2,22,2.1839444712204307e-15,6.661338147750939e-16,0.0004834999854210764
664,WMI,50,1998,2,22,2.649344270159926e-15,8.881784197001252e-16,8.599998545832932e-05
665,ISM,50,1998,2,22,0.0292757210406612,0.004573575314021568,8.040000102482736e-05
666,DI,50,1998,2,23,2.1839444712204307e-15,6.661338147750939e-16,0.00047330002416856587
667,WMI,50,1998,2,23,2.649344270159926e-15,8.881784197001252e-16,4.539999645203352e-05
668,ISM,50,1998,2,23,0.0292757210406612,0.004573575314021568,5.299999611452222e-05
669,DI,50,1998,2,24,2.1839444712204307e-15,6.661338147750939e-16,0.000454699998954311
670,WMI,50,1998,2,24,2.649344270159926e-15,8.881784197001252e-16,6.650001159869134e-05
671,ISM,50,1998,2,24,0.0292757210406612,0.004573575314021568,7.349997758865356e-05
672,DI,50,1998,2,25,2.1839444712204307e-15,6.661338147750939e-16,0.000443600001744926
673,WMI,50,1998,2,25,2.649344270159926e-15,8.881784197001252e-16,5.15999854542315e-05
674,ISM,50,1998,2,25,0.0292757210406612,0.004573575314021568,5.2000017603859305e-05
675,DI,50,1998,2,26,2.1839444712204307e-15,6.661338147750939e-16,0.0005715000152122229
676,WMI,50,1998,2,26,2.649344270159926e-15,8.881784197001252e-16,3.3100019209086895e-05
677,ISM,50,1998,2,26,0.0292757210406612,0.004573575314021568,4.529999569058418e-05
678,DI,50,1998,2,27,2.1839444712204307e-15,6.661338147750939e-16,0.000509400008013472
679,WMI,50,1998,2,27,2.649344270159926e-15,8.881784197001252e-16,6.479999865405262e-05
680,ISM,50,1998,2,27,0.0292757210406612,0.004573575314021568,7.639999967068434e-05
681,DI,50,1998,2,28,2.1839444712204307e-15,6.661338147750939e-16,0.00046209999709390104
682,WMI,50,1998,2,28,2.649344270159926e-15,8.881784197001252e-16,5.989999044686556e-05
683,ISM,50,1998,2,28,0.0292757210406612,0.004573575314021568,6.910000229254365e-05
684,DI,50,1998,2,29,2.1839444712204307e-15,6.661338147750939e-16,0.000461199990240857
685,WMI,50,1998,2,29,2.649344270159926e-15,8.881784197001252e-16,4.1300023440271616e-05
686,ISM,50,1998,2,29,0.0292757210406612,0.004573575314021568,4.939999780617654e-05
687,DI,50,1998,2,30,2.1839444712204307e-15,6.661338147750939e-16,0.0004481000069063157
688,WMI,50,1998,2,30,2.649344270159926e-15,8.881784197001252e-16,2.9600021662190557e-05
689,ISM,50,1998,2,30,0.0292757210406612,0.004573575314021568,4.1300023440271616e-05
690,DI,50,1998,2,31,2.1839444712204307e-15,6.661338147750939e-16,0.0005166000046301633
691,WMI,50,1998,2,31,2.649344270159926e-15,8.881784197001252e-16,2.9999995604157448e-05
692,ISM,50,1998,2,31,0.0292757210406612,0.004573575314021568,4.199999966658652e-05
693,DI,50,1998,2,32,2.1839444712204307e-15,6.661338147750939e-16,0.0004216000088490546
694,WMI,50,1998,2,32,2.649344270159926e-15,8.881784197001252e-16,2.6599998818710446e-05
695,ISM,50,1998,2,32,0.0292757210406612,0.004573575314021568,3.899997682310641e-05
696,DI,50,1998,2,33,2.1839444712204307e-15,6.661338147750939e-16,0.00043489999370649457
697,WMI,50,1998,2,33,2.649344270159926e-15,8.881784197001252e-16,5.5500015150755644e-05
698,ISM,50,1998,2,33,0.0292757210406612,0.004573575314021568,6.960000609979033e-05
699,DI,50,1998,2,34,2.1839444712204307e-15,6.661338147750939e-16,0.0004292000085115433
700,WMI,50,1998,2,34,2.649344270159926e-15,8.881784197001252e-16,5.3800002206116915e-05
701,ISM,50,1998,2,34,0.0292757210406612,0.004573575314021568,6.78999931551516e-05
702,DI,50,1998,2,35,2.1839444712204307e-15,6.661338147750939e-16,0.0004726999904960394
703,WMI,50,1998,2,35,2.649344270159926e-15,8.881784197001252e-16,5.269999383017421e-05
704,ISM,50,1998,2,35,0.0292757210406612,0.004573575314021568,6.799999391660094e-05
705,DI,50,1998,2,36,2.1839444712204307e-15,6.661338147750939e-16,0.00043009998626075685
706,WMI,50,1998,2,36,2.649344270159926e-15,8.881784197001252e-16,2.680000034160912e-05
707,ISM,50,1998,2,36,0.0292757210406612,0.004573575314021568,3.969998215325177e-05
708,DI,50,1998,2,37,2.1839444712204307e-15,6.661338147750939e-16,0.00044319999869912863
709,WMI,50,1998,2,37,2.649344270159926e-15,8.881784197001252e-16,8.509997860528529e-05
710,ISM,50,1998,2,37,0.0292757210406612,0.004573575314021568,0.00010239999392069876
711,DI,50,1998,2,38,2.1839444712204307e-15,6.661338147750939e-16,0.0005059999821241945
712,WMI,50,1998,2,38,2.649344270159926e-15,8.881784197001252e-16,2.509998739697039e-05
713,ISM,50,1998,2,38,0.0292757210406612,0.004573575314021568,3.689998993650079e-05
714,DI,50,1998,2,39,2.1839444712204307e-15,6.661338147750939e-16,0.00040099999750964344
715,WMI,50,1998,2,39,2.649344270159926e-15,8.881784197001252e-16,2.5199988158419728e-05
716,ISM,50,1998,2,39,0.0292757210406612,0.004573575314021568,3.940000897273421e-05
717,DI,50,1998,2,40,2.1839444712204307e-15,6.661338147750939e-16,0.00046699997619725764
718,WMI,50,1998,2,40,2.649344270159926e-15,8.881784197001252e-16,5.4199976148083806e-05
719,ISM,50,1998,2,40,0.0292757210406612,0.004573575314021568,4.0799990529194474e-05
720,DI,50,1998,2,41,2.1839444712204307e-15,6.661338147750939e-16,0.00041939999209716916
721,WMI,50,1998,2,41,2.649344270159926e-15,8.881784197001252e-16,5.360000068321824e-05
722,ISM,50,1998,2,41,0.0292757210406612,0.004573575314021568,7.2900002123788e-05
723,DI,50,1998,2,42,2.1839444712204307e-15,6.661338147750939e-16,0.0004487000114750117
724,WMI,50,1998,2,42,2.649344270159926e-15,8.881784197001252e-16,2.2899999748915434e-05
725,ISM,50,1998,2,42,0.0292757210406612,0.004573575314021568,3.530000685714185e-05
726,DI,50,1998,2,43,2.1839444712204307e-15,6.661338147750939e-16,0.0004124999977648258
727,WMI,50,1998,2,43,2.649344270159926e-15,8.881784197001252e-16,5.5199983762577176e-05
728,ISM,50,1998,2,43,0.0292757210406612,0.004573575314021568,5.299999611452222e-05
729,DI,50,1998,2,44,2.1839444712204307e-15,6.661338147750939e-16,0.00038559999666176736
730,WMI,50,1998,2,44,2.649344270159926e-15,8.881784197001252e-16,5.780000356025994e-05
731,ISM,50,1998,2,44,0.0292757210406612,0.004573575314021568,8.81000014487654e-05
732,DI,50,1998,2,45,2.1839444712204307e-15,6.661338147750939e-16,0.0005119999987073243
733,WMI,50,1998,2,45,2.649344270159926e-15,8.881784197001252e-16,5.460000829771161e-05
734,ISM,50,1998,2,45,0.0292757210406612,0.004573575314021568,9.549999958835542e-05
735,DI,50,1998,2,46,2.1839444712204307e-15,6.661338147750939e-16,0.0005976999818813056
736,WMI,50,1998,2,46,2.649344270159926e-15,8.881784197001252e-16,3.739999374374747e-05
737,ISM,50,1998,2,46,0.0292757210406612,0.004573575314021568,4.090002039447427e-05
738,DI,50,1998,2,47,2.1839444712204307e-15,6.661338147750939e-16,0.0004174000059720129
739,WMI,50,1998,2,47,2.649344270159926e-15,8.881784197001252e-16,5.539998528547585e-05
740,ISM,50,1998,2,47,0.0292757210406612,0.004573575314021568,7.120001828297973e-05
741,DI,50,1998,2,48,2.1839444712204307e-15,6.661338147750939e-16,0.0004731999943032861
742,WMI,50,1998,2,48,2.649344270159926e-15,8.881784197001252e-16,2.5199988158419728e-05
743,ISM,50,1998,2,48,0.0292757210406612,0.004573575314021568,3.279998782090843e-05
744,DI,50,1998,2,49,2.1839444712204307e-15,6.661338147750939e-16,0.0003890999942086637
745,WMI,50,1998,2,49,2.649344270159926e-15,8.881784197001252e-16,5.500001134350896e-05
746,ISM,50,1998,2,49,0.0292757210406612,0.004573575314021568,6.839999696239829e-05
747,DI,50,1998,2,50,2.1839444712204307e-15,6.661338147750939e-16,0.0004923000233247876
748,WMI,50,1998,2,50,2.649344270159926e-15,8.881784197001252e-16,5.440000677481294e-05
749,ISM,50,1998,2,50,0.0292757210406612,0.004573575314021568,6.990000838413835e-05
750,DI,50,1998,2,51,2.1839444712204307e-15,6.661338147750939e-16,0.00043899999582208693
751,WMI,50,1998,2,51,2.649344270159926e-15,8.881784197001252e-16,9.109999518841505e-05
752,ISM,50,1998,2,51,0.0292757210406612,0.004573575314021568,0.00011359999189153314
753,DI,50,1998,2,52,2.1839444712204307e-15,6.661338147750939e-16,0.0005086000019218773
754,WMI,50,1998,2,52,2.649344270159926e-15,8.881784197001252e-16,2.3300002794712782e-05
755,ISM,50,1998,2,52,0.0292757210406612,0.004573575314021568,3.270001616328955e-05
756,DI,50,1998,2,53,2.1839444712204307e-15,6.661338147750939e-16,0.0004226999881211668
757,WMI,50,1998,2,53,2.649344270159926e-15,8.881784197001252e-16,8.650001836940646e-05
758,ISM,50,1998,2,53,0.0292757210406612,0.004573575314021568,0.00011039999662898481
759,DI,50,1998,2,54,2.1839444712204307e-15,6.661338147750939e-16,0.0004945999826304615
760,WMI,50,1998,2,54,2.649344270159926e-15,8.881784197001252e-16,2.160001895390451e-05
761,ISM,50,1998,2,54,0.0292757210406612,0.004573575314021568,3.279998782090843e-05
762,DI,50,1998,2,55,2.1839444712204307e-15,6.661338147750939e-16,0.00042630001553334296
763,WMI,50,1998,2,55,2.649344270159926e-15,8.881784197001252e-16,2.090001362375915e-05
764,ISM,50,1998,2,55,0.0292757210406612,0.004573575314021568,3.1800009310245514e-05
765,DI,50,1998,2,56,2.1839444712204307e-15,6.661338147750939e-16,0.0004158999945502728
766,WMI,50,1998,2,56,2.649344270159926e-15,8.881784197001252e-16,4.7200010158121586e-05
767,ISM,50,1998,2,56,0.0292757210406612,0.004573575314021568,5.440000677481294e-05
768,DI,50,1998,2,57,2.1839444712204307e-15,6.661338147750939e-16,0.00045819999650120735
769,WMI,50,1998,2,57,2.649344270159926e-15,8.881784197001252e-16,8.72999953571707e-05
770,ISM,50,1998,2,57,0.0292757210406612,0.004573575314021568,0.00010939998901449144
771,DI,50,1998,2,58,2.1839444712204307e-15,6.661338147750939e-16,0.0005041999975219369
772,WMI,50,1998,2,58,2.649344270159926e-15,8.881784197001252e-16,5.339999916031957e-05
773,ISM,50,1998,2,58,0.0292757210406612,0.004573575314021568,6.920000305399299e-05
774,DI,50,1998,2,59,2.1839444712204307e-15,6.661338147750939e-16,0.0004115000192541629
775,WMI,50,1998,2,59,2.649344270159926e-15,8.881784197001252e-16,2.19999928958714e-05
776,ISM,50,1998,2,59,0.0292757210406612,0.004573575314021568,3.2199983252212405e-05
777,DI,50,1998,2,60,2.1839444712204307e-15,6.661338147750939e-16,0.0004226999881211668
778,WMI,50,1998,2,60,2.649344270159926e-15,8.881784197001252e-16,3.579998156055808e-05
779,ISM,50,1998,2,60,0.0292757210406612,0.004573575314021568,4.810001701116562e-05
780,DI,50,1998,2,61,2.1839444712204307e-15,6.661338147750939e-16,0.00041970002348534763
781,WMI,50,1998,2,61,2.649344270159926e-15,8.881784197001252e-16,2.0500010577961802e-05
782,ISM,50,1998,2,61,0.0292757210406612,0.004573575314021568,2.9600021662190557e-05
783,DI,50,1998,2,62,2.1839444712204307e-15,6.661338147750939e-16,0.0003800000122282654
784,WMI,50,1998,2,62,2.649344270159926e-15,8.881784197001252e-16,1.9099999917671084e-05
785,ISM,50,1998,2,62,0.0292757210406612,0.004573575314021568,2.9000017093494534e-05
786,DI,50,1998,2,63,2.1839444712204307e-15,6.661338147750939e-16,0.0008733999857213348
787,WMI,50,1998,2,63,2.649344270159926e-15,8.881784197001252e-16,5.9699988923966885e-05
788,ISM,50,1998,2,63,0.0292757210406612,0.004573575314021568,6.960000609979033e-05
789,DI,50,1998,2,64,2.1839444712204307e-15,6.661338147750939e-16,0.0019116000039502978
790,WMI,50,1998,2,64,2.649344270159926e-15,8.881784197001252e-16,5.910001345910132e-05
791,ISM,50,1998,2,64,0.0292757210406612,0.004573575314021568,5.600001895800233e-05
792,DI,50,1998,2,65,2.1839444712204307e-15,6.661338147750939e-16,0.0007539000071119517
793,WMI,50,1998,2,65,2.649344270159926e-15,8.881784197001252e-16,7.280000136233866e-05
794,ISM,50,1998,2,65,0.0292757210406612,0.004573575314021568,0.00013169998419471085
795,DI,50,1998,2,66,2.1839444712204307e-15,6.661338147750939e-16,0.0004903000080958009
796,WMI,50,1998,2,66,2.649344270159926e-15,8.881784197001252e-16,5.5500015150755644e-05
797,ISM,50,1998,2,66,0.0292757210406612,0.004573575314021568,8.200001320801675e-05
798,DI,50,1998,2,67,2.1839444712204307e-15,6.661338147750939e-16,0.0005344999954104424
799,WMI,50,1998,2,67,2.649344270159926e-15,8.881784197001252e-16,4.0399987483397126e-05
800,ISM,50,1998,2,67,0.0292757210406612,0.004573575314021568,5.120001151226461e-05
801,DI,50,1998,2,68,2.1839444712204307e-15,6.661338147750939e-16,0.0004990999877918512
802,WMI,50,1998,2,68,2.649344270159926e-15,8.881784197001252e-16,6.350001785904169e-05
803,ISM,50,1998,2,68,0.0292757210406612,0.004573575314021568,7.409998215734959e-05
804,DI,50,1998,2,69,2.1839444712204307e-15,6.661338147750939e-16,0.0004974000039510429
805,WMI,50,1998,2,69,2.649344270159926e-15,8.881784197001252e-16,3.329999162815511e-05
806,ISM,50,1998,2,69,0.0292757210406612,0.004573575314021568,4.0399987483397126e-05
807,DI,50,1998,2,70,2.1839444712204307e-15,6.661338147750939e-16,0.0004670000053010881
808,WMI,50,1998,2,70,2.649344270159926e-15,8.881784197001252e-16,2.7499976567924023e-05
809,ISM,50,1998,2,70,0.0292757210406612,0.004573575314021568,3.850000211969018e-05
810,DI,50,1998,2,71,2.1839444712204307e-15,6.661338147750939e-16,0.00047950001317076385
811,WMI,50,1998,2,71,2.649344270159926e-15,8.881784197001252e-16,4.939999780617654e-05
812,ISM,50,1998,2,71,0.0292757210406612,0.004573575314021568,5.2000017603859305e-05
813,DI,50,1998,2,72,2.1839444712204307e-15,6.661338147750939e-16,0.0004386999935377389
814,WMI,50,1998,2,72,2.649344270159926e-15,8.881784197001252e-16,5.7999975979328156e-05
815,ISM,50,1998,2,72,0.0292757210406612,0.004573575314021568,7.419998291879892e-05
816,DI,50,1998,2,73,2.1839444712204307e-15,6.661338147750939e-16,0.00045900000259280205
817,WMI,50,1998,2,73,2.649344270159926e-15,8.881784197001252e-16,2.7300004148855805e-05
818,ISM,50,1998,2,73,0.0292757210406612,0.004573575314021568,3.5600009141489863e-05
819,DI,50,1998,2,74,2.1839444712204307e-15,6.661338147750939e-16,0.0003997000167146325
820,WMI,50,1998,2,74,2.649344270159926e-15,8.881784197001252e-16,2.440001117065549e-05
821,ISM,50,1998,2,74,0.0292757210406612,0.004573575314021568,3.819999983534217e-05
822,DI,50,1998,2,75,2.1839444712204307e-15,6.661338147750939e-16,0.0003947000077459961
823,WMI,50,1998,2,75,2.649344270159926e-15,8.881784197001252e-16,2.060001133941114e-05
824,ISM,50,1998,2,75,0.0292757210406612,0.004573575314021568,3.139997716061771e-05
825,DI,50,1998,2,76,2.1839444712204307e-15,6.661338147750939e-16,0.0004154999915044755
826,WMI,50,1998,2,76,2.649344270159926e-15,8.881784197001252e-16,5.8200006606057286e-05
827,ISM,50,1998,2,76,0.0292757210406612,0.004573575314021568,7.380000897683203e-05
828,DI,50,1998,2,77,2.1839444712204307e-15,6.661338147750939e-16,0.00044249999336898327
829,WMI,50,1998,2,77,2.649344270159926e-15,8.881784197001252e-16,3.070000093430281e-05
830,ISM,50,1998,2,77,0.0292757210406612,0.004573575314021568,4.0000013541430235e-05
831,DI,50,1998,2,78,2.1839444712204307e-15,6.661338147750939e-16,0.00040679998346604407
832,WMI,50,1998,2,78,2.649344270159926e-15,8.881784197001252e-16,2.1899992134422064e-05
833,ISM,50,1998,2,78,0.0292757210406612,0.004573575314021568,3.070000093430281e-05
834,DI,50,1998,2,79,2.1839444712204307e-15,6.661338147750939e-16,0.0003969999961555004
835,WMI,50,1998,2,79,2.649344270159926e-15,8.881784197001252e-16,6.140000186860561e-05
836,ISM,50,1998,2,79,0.0292757210406612,0.004573575314021568,6.859999848529696e-05
837,DI,50,1998,2,80,2.1839444712204307e-15,6.661338147750939e-16,0.0006694999756291509
838,WMI,50,1998,2,80,2.649344270159926e-15,8.881784197001252e-16,0.0003072999825235456
839,ISM,50,1998,2,80,0.0292757210406612,0.004573575314021568,0.0001170000177808106
840,DI,50,1998,2,81,2.1839444712204307e-15,6.661338147750939e-16,0.0007646000012755394
841,WMI,50,1998,2,81,2.649344270159926e-15,8.881784197001252e-16,9.399998816661537e-05
842,ISM,50,1998,2,81,0.0292757210406612,0.004573575314021568,0.00011359999189153314
843,DI,50,1998,2,82,2.1839444712204307e-15,6.661338147750939e-16,0.000745400000596419
844,WMI,50,1998,2,82,2.649344270159926e-15,8.881784197001252e-16,3.199998172931373e-05
845,ISM,50,1998,2,82,0.0292757210406612,0.004573575314021568,4.169999738223851e-05
846,DI,50,1998,2,83,2.1839444712204307e-15,6.661338147750939e-16,0.0004994000191800296
847,WMI,50,1998,2,83,2.649344270159926e-15,8.881784197001252e-16,6.910000229254365e-05
848,ISM,50,1998,2,83,0.0292757210406612,0.004573575314021568,8.269998943433166e-05
849,DI,50,1998,2,84,2.1839444712204307e-15,6.661338147750939e-16,0.0005223999905865639
850,WMI,50,1998,2,84,2.649344270159926e-15,8.881784197001252e-16,3.3499993151053786e-05
851,ISM,50,1998,2,84,0.0292757210406612,0.004573575314021568,4.149999585933983e-05
852,DI,50,1998,2,85,2.1839444712204307e-15,6.661338147750939e-16,0.0004927999980282038
853,WMI,50,1998,2,85,2.649344270159926e-15,8.881784197001252e-16,2.5299988919869065e-05
854,ISM,50,1998,2,85,0.0292757210406612,0.004573575314021568,3.5999983083456755e-05
855,DI,50,1998,2,86,2.1839444712204307e-15,6.661338147750939e-16,0.0004901999782305211
856,WMI,50,1998,2,86,2.649344270159926e-15,8.881784197001252e-16,3.7299992982298136e-05
857,ISM,50,1998,2,86,0.0292757210406612,0.004573575314021568,4.7900015488266945e-05
858,DI,50,1998,2,87,2.1839444712204307e-15,6.661338147750939e-16,0.00037999998312443495
859,WMI,50,1998,2,87,2.649344270159926e-15,8.881784197001252e-16,6.130000110715628e-05
860,ISM,50,1998,2,87,0.0292757210406612,0.004573575314021568,7.189999450929463e-05
861,DI,50,1998,2,88,2.1839444712204307e-15,6.661338147750939e-16,0.0006671000155620277
862,WMI,50,1998,2,88,2.649344270159926e-15,8.881784197001252e-16,2.649999805726111e-05
863,ISM,50,1998,2,88,0.0292757210406612,0.004573575314021568,3.890000516548753e-05
864,DI,50,1998,2,89,2.1839444712204307e-15,6.661338147750939e-16,0.00042890000622719526
865,WMI,50,1998,2,89,2.649344270159926e-15,8.881784197001252e-16,2.2799998987466097e-05
866,ISM,50,1998,2,89,0.0292757210406612,0.004573575314021568,3.229998401366174e-05
867,DI,50,1998,2,90,2.1839444712204307e-15,6.661338147750939e-16,0.0004112999886274338
868,WMI,50,1998,2,90,2.649344270159926e-15,8.881784197001252e-16,5.639999289996922e-05
869,ISM,50,1998,2,90,0.0292757210406612,0.004573575314021568,7.01999815646559e-05
870,DI,50,1998,2,91,2.1839444712204307e-15,6.661338147750939e-16,0.00044910001452080905
871,WMI,50,1998,2,91,2.649344270159926e-15,8.881784197001252e-16,2.0800012862309813e-05
872,ISM,50,1998,2,91,0.0292757210406612,0.004573575314021568,2.880001557059586e-05
873,DI,50,1998,2,92,2.1839444712204307e-15,6.661338147750939e-16,0.0004014000005554408
874,WMI,50,1998,2,92,2.649344270159926e-15,8.881784197001252e-16,3.3199990866705775e-05
875,ISM,50,1998,2,92,0.0292757210406612,0.004573575314021568,3.739999374374747e-05
876,DI,50,1998,2,93,2.1839444712204307e-15,6.661338147750939e-16,0.00041870001587085426
877,WMI,50,1998,2,93,2.649344270159926e-15,8.881784197001252e-16,1.9800005247816443e-05
878,ISM,50,1998,2,93,0.0292757210406612,0.004573575314021568,2.8499984182417393e-05
879,DI,50,1998,2,94,2.1839444712204307e-15,6.661338147750939e-16,0.000378099997760728
880,WMI,50,1998,2,94,2.649344270159926e-15,8.881784197001252e-16,1.829999382607639e-05
881,ISM,50,1998,2,94,0.0292757210406612,0.004573575314021568,2.789997961372137e-05
882,DI,50,1998,2,95,2.1839444712204307e-15,6.661338147750939e-16,0.0003625999961514026
883,WMI,50,1998,2,95,2.649344270159926e-15,8.881784197001252e-16,2.4200009647756815e-05
884,ISM,50,1998,2,95,0.0292757210406612,0.004573575314021568,3.279998782090843e-05
885,DI,50,1998,2,96,2.1839444712204307e-15,6.661338147750939e-16,0.00041539999074302614
886,WMI,50,1998,2,96,2.649344270159926e-15,8.881784197001252e-16,1.85999961104244e-05
887,ISM,50,1998,2,96,0.0292757210406612,0.004573575314021568,2.8400012524798512e-05
888,DI,50,1998,2,97,2.1839444712204307e-15,6.661338147750939e-16,0.00037880000309087336
889,WMI,50,1998,2,97,2.649344270159926e-15,8.881784197001252e-16,1.7400016076862812e-05
890,ISM,50,1998,2,97,0.0292757210406612,0.004573575314021568,2.7399975806474686e-05
891,DI,50,1998,2,98,2.1839444712204307e-15,6.661338147750939e-16,0.0003665999975055456
892,WMI,50,1998,2,98,2.649344270159926e-15,8.881784197001252e-16,1.750001683831215e-05
893,ISM,50,1998,2,98,0.0292757210406612,0.004573575314021568,2.7399975806474686e-05
894,DI,50,1998,2,99,2.1839444712204307e-15,6.661338147750939e-16,0.00044200001866556704
895,WMI,50,1998,2,99,2.649344270159926e-15,8.881784197001252e-16,9.859999408945441e-05
896,ISM,50,1998,2,99,0.0292757210406612,0.004573575314021568,2.780000795610249e-05
897,DI,50,1998,2,100,2.1839444712204307e-15,6.661338147750939e-16,0.0004065000102855265
898,WMI,50,1998,2,100,2.649344270159926e-15,8.881784197001252e-16,5.7900004321709275e-05
899,ISM,50,1998,2,100,0.0292757210406612,0.004573575314021568,7.129998994059861e-05
900,DI,50,1998,2,101,2.1839444712204307e-15,6.661338147750939e-16,0.0004158999945502728
901,WMI,50,1998,2,101,2.649344270159926e-15,8.881784197001252e-16,2.4100008886307478e-05
902,ISM,50,1998,2,101,0.0292757210406612,0.004573575314021568,3.0099996365606785e-05
903,DI,50,1998,2,102,2.1839444712204307e-15,6.661338147750939e-16,0.00045629998203366995
904,WMI,50,1998,2,102,2.649344270159926e-15,8.881784197001252e-16,5.4800009820610285e-05
905,ISM,50,1998,2,102,0.0292757210406612,0.004573575314021568,6.809999467805028e-05
906,DI,50,1998,2,103,2.1839444712204307e-15,6.661338147750939e-16,0.0005087000026833266
907,WMI,50,1998,2,103,2.649344270159926e-15,8.881784197001252e-16,2.4999986635521054e-05
908,ISM,50,1998,2,103,0.0292757210406612,0.004573575314021568,2.9399991035461426e-05
909,DI,50,1998,2,104,2.1839444712204307e-15,6.661338147750939e-16,0.00046300000394694507
910,WMI,50,1998,2,104,2.649344270159926e-15,8.881784197001252e-16,5.7199998991563916e-05
911,ISM,50,1998,2,104,0.0292757210406612,0.004573575314021568,6.839999696239829e-05
912,DI,50,1998,2,105,2.1839444712204307e-15,6.661338147750939e-16,0.0005314000009093434
913,WMI,50,1998,2,105,2.649344270159926e-15,8.881784197001252e-16,0.00010030000703409314
914,ISM,50,1998,2,105,0.0292757210406612,0.004573575314021568,5.870001041330397e-05
915,DI,50,1998,2,106,2.1839444712204307e-15,6.661338147750939e-16,0.00040610000723972917
916,WMI,50,1998,2,106,2.649344270159926e-15,8.881784197001252e-16,4.260000423528254e-05
917,ISM,50,1998,2,106,0.0292757210406612,0.004573575314021568,4.120002267882228e-05
918,DI,50,1998,2,107,2.1839444712204307e-15,6.661338147750939e-16,0.0004327000060584396
919,WMI,50,1998,2,107,2.649344270159926e-15,8.881784197001252e-16,9.82999918051064e-05
920,ISM,50,1998,2,107,0.0292757210406612,0.004573575314021568,0.00012310000602155924
921,DI,50,1998,2,108,2.1839444712204307e-15,6.661338147750939e-16,0.0004070999857503921
922,WMI,50,1998,2,108,2.649344270159926e-15,8.881784197001252e-16,2.3900007363408804e-05
923,ISM,50,1998,2,108,0.0292757210406612,0.004573575314021568,3.090000245720148e-05
924,DI,50,1998,2,109,2.1839444712204307e-15,6.661338147750939e-16,0.0004045999958179891
925,WMI,50,1998,2,109,2.649344270159926e-15,8.881784197001252e-16,9.48999950196594e-05
926,ISM,50,1998,2,109,0.0292757210406612,0.004573575314021568,3.0199997127056122e-05
927,DI,50,1998,2,110,2.1839444712204307e-15,6.661338147750939e-16,0.0004062999796587974
928,WMI,50,1998,2,110,2.649344270159926e-15,8.881784197001252e-16,9.14999982342124e-05
929,ISM,50,1998,2,110,0.0292757210406612,0.004573575314021568,0.00011350002023391426
930,DI,50,1998,2,111,2.1839444712204307e-15,6.661338147750939e-16,0.00036299999919719994
931,WMI,50,1998,2,111,2.649344270159926e-15,8.881784197001252e-16,2.0499981474131346e-05
932,ISM,50,1998,2,111,0.0292757210406612,0.004573575314021568,2.780000795610249e-05
933,DI,50,1998,2,112,2.1839444712204307e-15,6.661338147750939e-16,0.00038300000596791506
934,WMI,50,1998,2,112,2.649344270159926e-15,8.881784197001252e-16,2.780000795610249e-05
935,ISM,50,1998,2,112,0.0292757210406612,0.004573575314021568,3.6999990697950125e-05
936,DI,50,1998,2,113,2.1839444712204307e-15,6.661338147750939e-16,0.00039519998244941235
937,WMI,50,1998,2,113,2.649344270159926e-15,8.881784197001252e-16,1.9099999917671084e-05
938,ISM,50,1998,2,113,0.0292757210406612,0.004573575314021568,2.7799978852272034e-05
939,DI,50,1998,2,114,2.1839444712204307e-15,6.661338147750939e-16,0.0004223999858368188
940,WMI,50,1998,2,114,2.649344270159926e-15,8.881784197001252e-16,9.169999975711107e-05
941,ISM,50,1998,2,114,0.0292757210406612,0.004573575314021568,0.00010920001659542322
942,DI,50,1998,2,115,2.1839444712204307e-15,6.661338147750939e-16,0.0005105000163894147
943,WMI,50,1998,2,115,2.649344270159926e-15,8.881784197001252e-16,7.85999873187393e-05
944,ISM,50,1998,2,115,0.0292757210406612,0.004573575314021568,0.00010079998173750937
945,DI,50,1998,2,116,2.1839444712204307e-15,6.661338147750939e-16,0.0004445999802555889
946,WMI,50,1998,2,116,2.649344270159926e-15,8.881784197001252e-16,6.660001236014068e-05
947,ISM,50,1998,2,116,0.0292757210406612,0.004573575314021568,8.630001684650779e-05
948,DI,50,1998,2,117,2.1839444712204307e-15,6.661338147750939e-16,0.0004941000079270452
949,WMI,50,1998,2,117,2.649344270159926e-15,8.881784197001252e-16,7.14000198058784e-05
950,ISM,50,1998,2,117,0.0292757210406612,0.004573575314021568,2.820001100189984e-05
951,DI,50,1998,2,118,2.1839444712204307e-15,6.661338147750939e-16,0.0003972999984398484
952,WMI,50,1998,2,118,2.649344270159926e-15,8.881784197001252e-16,5.7900004321709275e-05
953,ISM,50,1998,2,118,0.0292757210406612,0.004573575314021568,7.40000104997307e-05
954,DI,50,1998,2,119,2.1839444712204307e-15,6.661338147750939e-16,0.0004267999902367592
955,WMI,50,1998,2,119,2.649344270159926e-15,8.881784197001252e-16,5.7199998991563916e-05
956,ISM,50,1998,2,119,0.0292757210406612,0.004573575314021568,7.079998613335192e-05
957,DI,50,1998,2,120,2.1839444712204307e-15,6.661338147750939e-16,0.0004512000014074147
958,WMI,50,1998,2,120,2.649344270159926e-15,8.881784197001252e-16,2.9400020139291883e-05
959,ISM,50,1998,2,120,0.0292757210406612,0.004573575314021568,3.540000761859119e-05
960,DI,50,1998,2,121,2.1839444712204307e-15,6.661338147750939e-16,0.000391699984902516
961,WMI,50,1998,2,121,2.649344270159926e-15,8.881784197001252e-16,2.039998071268201e-05
962,ISM,50,1998,2,121,0.0292757210406612,0.004573575314021568,2.910001785494387e-05
963,DI,50,1998,2,122,2.1839444712204307e-15,6.661338147750939e-16,0.0003837000112980604
964,WMI,50,1998,2,122,2.649344270159926e-15,8.881784197001252e-16,1.889999839477241e-05
965,ISM,50,1998,2,122,0.0292757210406612,0.004573575314021568,2.7900008717551827e-05
966,DI,50,1998,2,123,2.1839444712204307e-15,6.661338147750939e-16,0.00035119999665766954
967,WMI,50,1998,2,123,2.649344270159926e-15,8.881784197001252e-16,1.85999961104244e-05
968,ISM,50,1998,2,123,0.0292757210406612,0.004573575314021568,2.7900008717551827e-05
969,DI,50,1998,2,124,2.1839444712204307e-15,6.661338147750939e-16,0.000375300005543977
970,WMI,50,1998,2,124,2.649344270159926e-15,8.881784197001252e-16,1.8200022168457508e-05
971,ISM,50,1998,2,124,0.0292757210406612,0.004573575314021568,2.7799978852272034e-05
972,DI,50,1998,2,125,2.1839444712204307e-15,6.661338147750939e-16,0.00038300000596791506
973,WMI,50,1998,2,125,2.649344270159926e-15,8.881784197001252e-16,3.270001616328955e-05
974,ISM,50,1998,2,125,0.0292757210406612,0.004573575314021568,4.019998596049845e-05
975,DI,50,1998,2,126,2.1839444712204307e-15,6.661338147750939e-16,0.0003850999928545207
976,WMI,50,1998,2,126,2.649344270159926e-15,8.881784197001252e-16,1.969997538253665e-05
977,ISM,50,1998,2,126,0.0292757210406612,0.004573575314021568,2.780000795610249e-05
978,DI,50,1998,2,127,2.1839444712204307e-15,6.661338147750939e-16,0.0003588999970816076
979,WMI,50,1998,2,127,2.649344270159926e-15,8.881784197001252e-16,2.4900014977902174e-05
980,ISM,50,1998,2,127,0.0292757210406612,0.004573575314021568,3.509997623041272e-05
981,DI,50,1998,2,128,2.1839444712204307e-15,6.661338147750939e-16,0.0003556000010576099
982,WMI,50,1998,2,128,2.649344270159926e-15,8.881784197001252e-16,5.43000060133636e-05
983,ISM,50,1998,2,128,0.0292757210406612,0.004573575314021568,9.42000187933445e-05
984,DI,50,1998,2,129,2.1839444712204307e-15,6.661338147750939e-16,0.0004090000002179295
985,WMI,50,1998,2,129,2.649344270159926e-15,8.881784197001252e-16,2.5699991965666413e-05
986,ISM,50,1998,2,129,0.0292757210406612,0.004573575314021568,3.220001235604286e-05
987,DI,50,1998,2,130,2.1839444712204307e-15,6.661338147750939e-16,0.0002581000153440982
988,WMI,50,1998,2,130,2.649344270159926e-15,8.881784197001252e-16,1.8699996871873736e-05
989,ISM,50,1998,2,130,0.0292757210406612,0.004573575314021568,2.780000795610249e-05
990,DI,50,1998,2,131,2.1839444712204307e-15,6.661338147750939e-16,0.00028440001187846065
991,WMI,50,1998,2,131,2.649344270159926e-15,8.881784197001252e-16,1.789999078027904e-05
992,ISM,50,1998,2,131,0.0292757210406612,0.004573575314021568,2.7400004910305142e-05
993,DI,50,1998,2,132,2.1839444712204307e-15,6.661338147750939e-16,0.00030300000798888505
994,WMI,50,1998,2,132,2.649344270159926e-15,8.881784197001252e-16,2.9999995604157448e-05
995,ISM,50,1998,2,132,0.0292757210406612,0.004573575314021568,3.5500008380040526e-05
996,DI,50,1998,2,133,2.1839444712204307e-15,6.661338147750939e-16,0.0002668999950401485
997,WMI,50,1998,2,133,2.649344270159926e-15,8.881784197001252e-16,1.920000067912042e-05
998,ISM,50,1998,2,133,0.0292757210406612,0.004573575314021568,2.8000009479001164e-05
999,DI,50,1998,2,134,2.1839444712204307e-15,6.661338147750939e-16,0.00029659998835995793
1000,WMI,50,1998,2,134,2.649344270159926e-15,8.881784197001252e-16,1.7499987734481692e-05
1001,ISM,50,1998,2,134,0.0292757210406612,0.004573575314021568,2.7300004148855805e-05
1002,DI,50,1998,2,135,2.1839444712204307e-15,6.661338147750939e-16,0.0002849999873433262
1003,WMI,50,1998,2,135,2.649344270159926e-15,8.881784197001252e-16,1.7600017599761486e-05
1004,ISM,50,1998,2,135,0.0292757210406612,0.004573575314021568,2.710000262595713e-05
1005,DI,50,1998,2,136,2.1839444712204307e-15,6.661338147750939e-16,0.0002840000088326633
1006,WMI,50,1998,2,136,2.649344270159926e-15,8.881784197001252e-16,1.7699989257380366e-05
1007,ISM,50,1998,2,136,0.0292757210406612,0.004573575314021568,2.720000338740647e-05
1008,DI,50,1998,2,137,2.1839444712204307e-15,6.661338147750939e-16,0.00030670000705868006
1009,WMI,50,1998,2,137,2.649344270159926e-15,8.881784197001252e-16,2.1799991372972727e-05
1010,ISM,50,1998,2,137,0.0292757210406612,0.004573575314021568,2.9499991796910763e-05
1011,DI,50,1998,2,138,2.1839444712204307e-15,6.661338147750939e-16,0.0003068000078201294
1012,WMI,50,1998,2,138,2.649344270159926e-15,8.881784197001252e-16,1.8499995348975062e-05
1013,ISM,50,1998,2,138,0.0292757210406612,0.004573575314021568,2.7600006433203816e-05
1014,DI,50,1998,2,139,2.1839444712204307e-15,6.661338147750939e-16,0.0003321999975014478
1015,WMI,50,1998,2,139,2.649344270159926e-15,8.881784197001252e-16,1.7600017599761486e-05
1016,ISM,50,1998,2,139,0.0292757210406612,0.004573575314021568,2.7300004148855805e-05
1017,DI,50,1998,2,140,2.1839444712204307e-15,6.661338147750939e-16,0.00034759999834932387
1018,WMI,50,1998,2,140,2.649344270159926e-15,8.881784197001252e-16,2.030000905506313e-05
1019,ISM,50,1998,2,140,0.0292757210406612,0.004573575314021568,2.8099981136620045e-05
1020,DI,50,1998,2,141,2.1839444712204307e-15,6.661338147750939e-16,0.0003434999962337315
1021,WMI,50,1998,2,141,2.649344270159926e-15,8.881784197001252e-16,1.829999382607639e-05
1022,ISM,50,1998,2,141,0.0292757210406612,0.004573575314021568,2.8400012524798512e-05
1023,DI,50,1998,2,142,2.1839444712204307e-15,6.661338147750939e-16,0.00037140000495128334
1024,WMI,50,1998,2,142,2.649344270159926e-15,8.881784197001252e-16,1.8399994587525725e-05
1025,ISM,50,1998,2,142,0.0292757210406612,0.004573575314021568,2.7300004148855805e-05
1026,DI,50,1998,2,143,2.1839444712204307e-15,6.661338147750939e-16,0.00029749999521300197
1027,WMI,50,1998,2,143,2.649344270159926e-15,8.881784197001252e-16,1.7200014553964138e-05
1028,ISM,50,1998,2,143,0.0292757210406612,0.004573575314021568,2.7499976567924023e-05
1029,DI,50,1998,2,144,2.1839444712204307e-15,6.661338147750939e-16,0.0003113000129815191
1030,WMI,50,1998,2,144,2.649344270159926e-15,8.881784197001252e-16,1.7099984688684344e-05
1031,ISM,50,1998,2,144,0.0292757210406612,0.004573575314021568,2.7400004910305142e-05
1032,DI,50,1998,2,145,2.1839444712204307e-15,6.661338147750939e-16,0.0002673999988473952
1033,WMI,50,1998,2,145,2.649344270159926e-15,8.881784197001252e-16,1.889999839477241e-05
1034,ISM,50,1998,2,145,0.0292757210406612,0.004573575314021568,2.81000102404505e-05
1035,DI,50,1998,2,146,2.1839444712204307e-15,6.661338147750939e-16,0.00032040002406574786
1036,WMI,50,1998,2,146,2.649344270159926e-15,8.881784197001252e-16,1.8300022929906845e-05
1037,ISM,50,1998,2,146,0.0292757210406612,0.004573575314021568,2.750000567175448e-05
1038,DI,50,1998,2,147,2.1839444712204307e-15,6.661338147750939e-16,0.0002941999991890043
1039,WMI,50,1998,2,147,2.649344270159926e-15,8.881784197001252e-16,1.7399986973032355e-05
1040,ISM,50,1998,2,147,0.0292757210406612,0.004573575314021568,2.710000262595713e-05
1041,DI,50,1998,2,148,2.1839444712204307e-15,6.661338147750939e-16,0.00031060000765137374
1042,WMI,50,1998,2,148,2.649344270159926e-15,8.881784197001252e-16,1.7399986973032355e-05
1043,ISM,50,1998,2,148,0.0292757210406612,0.004573575314021568,2.710000262595713e-05
1044,DI,50,1998,2,149,2.1839444712204307e-15,6.661338147750939e-16,0.00031259999377653003
1045,WMI,50,1998,2,149,2.649344270159926e-15,8.881784197001252e-16,1.920000067912042e-05
1046,ISM,50,1998,2,149,0.0292757210406612,0.004573575314021568,2.820001100189984e-05
1047,DI,50,1998,2,150,2.1839444712204307e-15,6.661338147750939e-16,0.00033549999352544546
1048,WMI,50,1998,2,150,2.649344270159926e-15,8.881784197001252e-16,1.7600017599761486e-05
1049,ISM,50,1998,2,150,0.0292757210406612,0.004573575314021568,2.789997961372137e-05
1050,DI,50,1998,2,151,2.1839444712204307e-15,6.661338147750939e-16,0.00019359998987056315
1051,WMI,50,1998,2,151,2.649344270159926e-15,8.881784197001252e-16,1.7299986211583018e-05
1052,ISM,50,1998,2,151,0.0292757210406612,0.004573575314021568,2.750000567175448e-05
1053,DI,50,1998,2,152,2.1839444712204307e-15,6.661338147750939e-16,0.0002773999876808375
1054,WMI,50,1998,2,152,2.649344270159926e-15,8.881784197001252e-16,2.6699999580159783e-05
1055,ISM,50,1998,2,152,0.0292757210406612,0.004573575314021568,3.300001844763756e-05
1056,DI,50,1998,2,153,2.1839444712204307e-15,6.661338147750939e-16,0.0003724999842233956
1057,WMI,50,1998,2,153,2.649344270159926e-15,8.881784197001252e-16,1.8699996871873736e-05
1058,ISM,50,1998,2,153,0.0292757210406612,0.004573575314021568,2.7700007194653153e-05
1059,DI,50,1998,2,154,2.1839444712204307e-15,6.661338147750939e-16,0.0003563000063877553
1060,WMI,50,1998,2,154,2.649344270159926e-15,8.881784197001252e-16,2.0700012100860476e-05
1061,ISM,50,1998,2,154,0.0292757210406612,0.004573575314021568,2.910001785494387e-05
1062,DI,50,1998,2,155,2.1839444712204307e-15,6.661338147750939e-16,0.00033969999640248716
1063,WMI,50,1998,2,155,2.649344270159926e-15,8.881784197001252e-16,1.9400002202019095e-05
1064,ISM,50,1998,2,155,0.0292757210406612,0.004573575314021568,2.8700014809146523e-05
1065,DI,50,1998,2,156,2.1839444712204307e-15,6.661338147750939e-16,0.0003228000132367015
1066,WMI,50,1998,2,156,2.649344270159926e-15,8.881784197001252e-16,1.920000067912042e-05
1067,ISM,50,1998,2,156,0.0292757210406612,0.004573575314021568,2.8300011763349175e-05
1068,DI,50,1998,2,157,2.1839444712204307e-15,6.661338147750939e-16,0.0003499999875202775
1069,WMI,50,1998,2,157,2.649344270159926e-15,8.881784197001252e-16,1.7700018361210823e-05
1070,ISM,50,1998,2,157,0.0292757210406612,0.004573575314021568,2.8099981136620045e-05
1071,DI,50,1998,2,158,2.1839444712204307e-15,6.661338147750939e-16,0.0003437999985180795
1072,WMI,50,1998,2,158,2.649344270159926e-15,8.881784197001252e-16,1.7799990018829703e-05
1073,ISM,50,1998,2,158,0.0292757210406612,0.004573575314021568,2.720000338740647e-05
1074,DI,50,1998,2,159,2.1839444712204307e-15,6.661338147750939e-16,0.00034410000080242753
1075,WMI,50,1998,2,159,2.649344270159926e-15,8.881784197001252e-16,1.8999999156221747e-05
1076,ISM,50,1998,2,159,0.0292757210406612,0.004573575314021568,2.780000795610249e-05
1077,DI,50,1998,2,160,2.1839444712204307e-15,6.661338147750939e-16,0.00032220000866800547
1078,WMI,50,1998,2,160,2.649344270159926e-15,8.881784197001252e-16,1.7600017599761486e-05
1079,ISM,50,1998,2,160,0.0292757210406612,0.004573575314021568,2.759997732937336e-05
1080,DI,50,1998,2,161,2.1839444712204307e-15,6.661338147750939e-16,0.0003100000030826777
1081,WMI,50,1998,2,161,2.649344270159926e-15,8.881784197001252e-16,1.85999961104244e-05
1082,ISM,50,1998,2,161,0.0292757210406612,0.004573575314021568,2.7000001864507794e-05
1083,DI,50,1998,2,162,2.1839444712204307e-15,6.661338147750939e-16,0.0003392999933566898
1084,WMI,50,1998,2,162,2.649344270159926e-15,8.881784197001252e-16,1.9099999917671084e-05
1085,ISM,50,1998,2,162,0.0292757210406612,0.004573575314021568,2.780000795610249e-05
1086,DI,50,1998,2,163,2.1839444712204307e-15,6.661338147750939e-16,0.000443900004029274
1087,WMI,50,1998,2,163,2.649344270159926e-15,8.881784197001252e-16,2.400000812485814e-05
1088,ISM,50,1998,2,163,0.0292757210406612,0.004573575314021568,3.160000778734684e-05
1089,DI,50,1998,2,164,2.1839444712204307e-15,6.661338147750939e-16,0.0004076999903190881
1090,WMI,50,1998,2,164,2.649344270159926e-15,8.881784197001252e-16,2.989999484270811e-05
1091,ISM,50,1998,2,164,0.0292757210406612,0.004573575314021568,3.399999695830047e-05
1092,DI,50,1998,2,165,2.1839444712204307e-15,6.661338147750939e-16,0.00032220000866800547
1093,WMI,50,1998,2,165,2.649344270159926e-15,8.881784197001252e-16,2.8399983420968056e-05
1094,ISM,50,1998,2,165,0.0292757210406612,0.004573575314021568,3.220001235604286e-05
1095,DI,50,1998,2,166,2.1839444712204307e-15,6.661338147750939e-16,0.000321599974995479
1096,WMI,50,1998,2,166,2.649344270159926e-15,8.881784197001252e-16,1.9800005247816443e-05
1097,ISM,50,1998,2,166,0.0292757210406612,0.004573575314021568,2.8499984182417393e-05
1098,DI,50,1998,2,167,2.1839444712204307e-15,6.661338147750939e-16,0.0003634000022429973
1099,WMI,50,1998,2,167,2.649344270159926e-15,8.881784197001252e-16,1.789999078027904e-05
1100,ISM,50,1998,2,167,0.0292757210406612,0.004573575314021568,2.780000795610249e-05
1101,DI,50,1998,2,168,2.1839444712204307e-15,6.661338147750939e-16,0.0003524000057950616
1102,WMI,50,1998,2,168,2.649344270159926e-15,8.881784197001252e-16,2.090001362375915e-05
1103,ISM,50,1998,2,168,0.0292757210406612,0.004573575314021568,2.9700022423639894e-05
1104,DI,50,1998,2,169,2.1839444712204307e-15,6.661338147750939e-16,0.0003383000148460269
1105,WMI,50,1998,2,169,2.649344270159926e-15,8.881784197001252e-16,1.889999839477241e-05
1106,ISM,50,1998,2,169,0.0292757210406612,0.004573575314021568,2.7900008717551827e-05
1107,DI,50,1998,2,170,2.1839444712204307e-15,6.661338147750939e-16,0.00029429999995045364
1108,WMI,50,1998,2,170,2.649344270159926e-15,8.881784197001252e-16,1.780001912266016e-05
1109,ISM,50,1998,2,170,0.0292757210406612,0.004573575314021568,2.7499976567924023e-05
1110,DI,50,1998,2,171,2.1839444712204307e-15,6.661338147750939e-16,0.00035700001171790063
1111,WMI,50,1998,2,171,2.649344270159926e-15,8.881784197001252e-16,1.759998849593103e-05
1112,ISM,50,1998,2,171,0.0292757210406612,0.004573575314021568,2.710000262595713e-05
1113,DI,50,1998,2,172,2.1839444712204307e-15,6.661338147750939e-16,0.0003099000023212284
1114,WMI,50,1998,2,172,2.649344270159926e-15,8.881784197001252e-16,1.8400023691356182e-05
1115,ISM,50,1998,2,172,0.0292757210406612,0.004573575314021568,2.7000001864507794e-05
1116,DI,50,1998,2,173,2.1839444712204307e-15,6.661338147750939e-16,0.0003330000035930425
1117,WMI,50,1998,2,173,2.649344270159926e-15,8.881784197001252e-16,1.7600017599761486e-05
1118,ISM,50,1998,2,173,0.0292757210406612,0.004573575314021568,2.6900001103058457e-05
1119,DI,50,1998,2,174,2.1839444712204307e-15,6.661338147750939e-16,0.0003032000095117837
1120,WMI,50,1998,2,174,2.649344270159926e-15,8.881784197001252e-16,1.7600017599761486e-05
1121,ISM,50,1998,2,174,0.0292757210406612,0.004573575314021568,2.720000338740647e-05
1122,DI,50,1998,2,175,2.1839444712204307e-15,6.661338147750939e-16,0.0003097000007983297
1123,WMI,50,1998,2,175,2.649344270159926e-15,8.881784197001252e-16,1.7300015315413475e-05
1124,ISM,50,1998,2,175,0.0292757210406612,0.004573575314021568,2.7399975806474686e-05
1125,DI,50,1998,2,176,2.1839444712204307e-15,6.661338147750939e-16,0.0002963000151794404
1126,WMI,50,1998,2,176,2.649344270159926e-15,8.881784197001252e-16,1.9700004486367106e-05
1127,ISM,50,1998,2,176,0.0292757210406612,0.004573575314021568,2.8199981898069382e-05
1128,DI,50,1998,2,177,2.1839444712204307e-15,6.661338147750939e-16,0.00029120000544935465
1129,WMI,50,1998,2,177,2.649344270159926e-15,8.881784197001252e-16,1.8799997633323073e-05
1130,ISM,50,1998,2,177,0.0292757210406612,0.004573575314021568,2.7700007194653153e-05
1131,DI,50,1998,2,178,2.1839444712204307e-15,6.661338147750939e-16,0.00036959999124519527
1132,WMI,50,1998,2,178,2.649344270159926e-15,8.881784197001252e-16,1.7399986973032355e-05
1133,ISM,50,1998,2,178,0.0292757210406612,0.004573575314021568,2.7400004910305142e-05
1134,DI,50,1998,2,179,2.1839444712204307e-15,6.661338147750939e-16,0.00030499999411404133
1135,WMI,50,1998,2,179,2.649344270159926e-15,8.881784197001252e-16,1.7700018361210823e-05
1136,ISM,50,1998,2,179,0.0292757210406612,0.004573575314021568,2.7499976567924023e-05
1137,DI,50,1998,2,180,2.1839444712204307e-15,6.661338147750939e-16,0.0003026000049430877
1138,WMI,50,1998,2,180,2.649344270159926e-15,8.881784197001252e-16,1.960000372491777e-05
1139,ISM,50,1998,2,180,0.0292757210406612,0.004573575314021568,2.8300011763349175e-05
1140,DI,50,1998,2,181,2.1839444712204307e-15,6.661338147750939e-16,0.0003205999964848161
1141,WMI,50,1998,2,181,2.649344270159926e-15,8.881784197001252e-16,1.8499995348975062e-05
1142,ISM,50,1998,2,181,0.0292757210406612,0.004573575314021568,2.720000338740647e-05
1143,DI,50,1998,2,182,2.1839444712204307e-15,6.661338147750939e-16,0.000302400003420189
1144,WMI,50,1998,2,182,2.649344270159926e-15,8.881784197001252e-16,1.8499995348975062e-05
1145,ISM,50,1998,2,182,0.0292757210406612,0.004573575314021568,2.859998494386673e-05
1146,DI,50,1998,2,183,2.1839444712204307e-15,6.661338147750939e-16,0.00035760001628659666
1147,WMI,50,1998,2,183,2.649344270159926e-15,8.881784197001252e-16,1.7699989257380366e-05
1148,ISM,50,1998,2,183,0.0292757210406612,0.004573575314021568,2.7600006433203816e-05
1149,DI,50,1998,2,184,2.1839444712204307e-15,6.661338147750939e-16,0.0010242999996989965
1150,WMI,50,1998,2,184,2.649344270159926e-15,8.881784197001252e-16,3.6500015994533896e-05
1151,ISM,50,1998,2,184,0.0292757210406612,0.004573575314021568,3.5600009141489863e-05
1152,DI,50,1998,2,185,2.1839444712204307e-15,6.661338147750939e-16,0.00031689999741502106
1153,WMI,50,1998,2,185,2.649344270159926e-15,8.881784197001252e-16,2.5299988919869065e-05
1154,ISM,50,1998,2,185,0.0292757210406612,0.004573575314021568,3.060000017285347e-05
1155,DI,50,1998,2,186,2.1839444712204307e-15,6.661338147750939e-16,0.00045029999455437064
1156,WMI,50,1998,2,186,2.649344270159926e-15,8.881784197001252e-16,3.770002513192594e-05
1157,ISM,50,1998,2,186,0.0292757210406612,0.004573575314021568,3.779999678954482e-05
1158,DI,50,1998,2,187,2.1839444712204307e-15,6.661338147750939e-16,0.00030410001636482775
1159,WMI,50,1998,2,187,2.649344270159926e-15,8.881784197001252e-16,2.9000017093494534e-05
1160,ISM,50,1998,2,187,0.0292757210406612,0.004573575314021568,3.5999983083456755e-05
1161,DI,50,1998,2,188,2.1839444712204307e-15,6.661338147750939e-16,0.0003302000113762915
1162,WMI,50,1998,2,188,2.649344270159926e-15,8.881784197001252e-16,3.0399998649954796e-05
1163,ISM,50,1998,2,188,0.0292757210406612,0.004573575314021568,3.369999467395246e-05
1164,DI,50,1998,2,189,2.1839444712204307e-15,6.661338147750939e-16,0.0003014000249095261
1165,WMI,50,1998,2,189,2.649344270159926e-15,8.881784197001252e-16,2.4200009647756815e-05
1166,ISM,50,1998,2,189,0.0292757210406612,0.004573575314021568,3.290001768618822e-05
1167,DI,50,1998,2,190,2.1839444712204307e-15,6.661338147750939e-16,0.00029670001822523773
1168,WMI,50,1998,2,190,2.649344270159926e-15,8.881784197001252e-16,2.1400017431005836e-05
1169,ISM,50,1998,2,190,0.0292757210406612,0.004573575314021568,2.880001557059586e-05
1170,DI,50,1998,2,191,2.1839444712204307e-15,6.661338147750939e-16,0.00029990001348778605
1171,WMI,50,1998,2,191,2.649344270159926e-15,8.881784197001252e-16,2.2000021999701858e-05
1172,ISM,50,1998,2,191,0.0292757210406612,0.004573575314021568,3.15000070258975e-05
1173,DI,50,1998,2,192,2.1839444712204307e-15,6.661338147750939e-16,0.000299000006634742
1174,WMI,50,1998,2,192,2.649344270159926e-15,8.881784197001252e-16,2.0100007532164454e-05
1175,ISM,50,1998,2,192,0.0292757210406612,0.004573575314021568,2.9199989512562752e-05
1176,DI,50,1998,2,193,2.1839444712204307e-15,6.661338147750939e-16,0.0003060999733861536
1177,WMI,50,1998,2,193,2.649344270159926e-15,8.881784197001252e-16,1.750001683831215e-05
1178,ISM,50,1998,2,193,0.0292757210406612,0.004573575314021568,2.7300004148855805e-05
1179,DI,50,1998,2,194,2.1839444712204307e-15,6.661338147750939e-16,0.00030300000798888505
1180,WMI,50,1998,2,194,2.649344270159926e-15,8.881784197001252e-16,1.7799990018829703e-05
1181,ISM,50,1998,2,194,0.0292757210406612,0.004573575314021568,2.7000001864507794e-05
1182,DI,50,1998,2,195,2.1839444712204307e-15,6.661338147750939e-16,0.0002634999982547015
1183,WMI,50,1998,2,195,2.649344270159926e-15,8.881784197001252e-16,1.7499987734481692e-05
1184,ISM,50,1998,2,195,0.0292757210406612,0.004573575314021568,4.099999205209315e-05
1185,DI,50,1998,2,196,2.1839444712204307e-15,6.661338147750939e-16,0.00025439998717047274
1186,WMI,50,1998,2,196,2.649344270159926e-15,8.881784197001252e-16,2.6599998818710446e-05
1187,ISM,50,1998,2,196,0.0292757210406612,0.004573575314021568,3.1899980967864394e-05
1188,DI,50,1998,2,197,2.1839444712204307e-15,6.661338147750939e-16,0.00023169998894445598
1189,WMI,50,1998,2,197,2.649344270159926e-15,8.881784197001252e-16,0.00011329998960718513
1190,ISM,50,1998,2,197,0.0292757210406612,0.004573575314021568,3.0499999411404133e-05
1191,DI,50,1998,2,198,2.1839444712204307e-15,6.661338147750939e-16,0.0003926999925170094
1192,WMI,50,1998,2,198,2.649344270159926e-15,8.881784197001252e-16,3.279998782090843e-05
1193,ISM,50,1998,2,198,0.0292757210406612,0.004573575314021568,3.950000973418355e-05
1194,DI,50,1998,2,199,2.1839444712204307e-15,6.661338147750939e-16,0.00031319999834522605
1195,WMI,50,1998,2,199,2.649344270159926e-15,8.881784197001252e-16,3.0499999411404133e-05
1196,ISM,50,1998,2,199,0.0292757210406612,0.004573575314021568,3.399999695830047e-05
1197,DI,50,1998,2,200,2.1839444712204307e-15,6.661338147750939e-16,0.00031850000959821045
1198,WMI,50,1998,2,200,2.649344270159926e-15,8.881784197001252e-16,2.030000905506313e-05
1199,ISM,50,1998,2,200,0.0292757210406612,0.004573575314021568,3.0199997127056122e-05
1200,DI,50,1997,3,1,2.234261234912616e-15,6.661338147750939e-16,0.00028440001187846065
1201,WMI,50,1997,3,1,2.4689538988596946e-15,8.881784197001252e-16,4.300000728107989e-05
1202,ISM,50,1997,3,1,0.04355907711285747,0.00580439597032667,5.3800002206116915e-05
1203,DI,50,1997,3,2,2.234261234912616e-15,6.661338147750939e-16,0.0003026000049430877
1204,WMI,50,1997,3,2,2.4689538988596946e-15,8.881784197001252e-16,3.679998917505145e-05
1205,ISM,50,1997,3,2,0.04355907711285747,0.00580439597032667,5.09000092279166e-05
1206,DI,50,1997,3,3,2.234261234912616e-15,6.661338147750939e-16,0.00029379999614320695
1207,WMI,50,1997,3,3,2.4689538988596946e-15,8.881784197001252e-16,2.929999027401209e-05
1208,ISM,50,1997,3,3,0.04355907711285747,0.00580439597032667,4.810001701116562e-05
1209,DI,50,1997,3,4,2.234261234912616e-15,6.661338147750939e-16,0.00022519999765791
1210,WMI,50,1997,3,4,2.4689538988596946e-15,8.881784197001252e-16,2.169999061152339e-05
1211,ISM,50,1997,3,4,0.04355907711285747,0.00580439597032667,4.189999890513718e-05
1212,DI,50,1997,3,5,2.234261234912616e-15,6.661338147750939e-16,0.0002023999986704439
1213,WMI,50,1997,3,5,2.4689538988596946e-15,8.881784197001252e-16,1.889999839477241e-05
1214,ISM,50,1997,3,5,0.04355907711285747,0.00580439597032667,4.0700018871575594e-05
1215,DI,50,1997,3,6,2.234261234912616e-15,6.661338147750939e-16,0.0002001000102609396
1216,WMI,50,1997,3,6,2.4689538988596946e-15,8.881784197001252e-16,1.8699996871873736e-05
1217,ISM,50,1997,3,6,0.04355907711285747,0.00580439597032667,3.8700003642588854e-05
1218,DI,50,1997,3,7,2.234261234912616e-15,6.661338147750939e-16,0.00043509999522939324
1219,WMI,50,1997,3,7,2.4689538988596946e-15,8.881784197001252e-16,3.779999678954482e-05
1220,ISM,50,1997,3,7,0.04355907711285747,0.00580439597032667,5.160001455806196e-05
1221,DI,50,1997,3,8,2.234261234912616e-15,6.661338147750939e-16,0.00029600001289509237
1222,WMI,50,1997,3,8,2.4689538988596946e-15,8.881784197001252e-16,2.1299987565726042e-05
1223,ISM,50,1997,3,8,0.04355907711285747,0.00580439597032667,0.00010840001050382853
1224,DI,50,1997,3,9,2.234261234912616e-15,6.661338147750939e-16,0.0003145999799016863
1225,WMI,50,1997,3,9,2.4689538988596946e-15,8.881784197001252e-16,2.5299988919869065e-05
1226,ISM,50,1997,3,9,0.04355907711285747,0.00580439597032667,4.2400002712383866e-05
1227,DI,50,1997,3,10,2.234261234912616e-15,6.661338147750939e-16,0.0002762000076472759
1228,WMI,50,1997,3,10,2.4689538988596946e-15,8.881784197001252e-16,2.1799991372972727e-05
1229,ISM,50,1997,3,10,0.04355907711285747,0.00580439597032667,4.049998824484646e-05
1230,DI,50,1997,3,11,2.234261234912616e-15,6.661338147750939e-16,0.00031709999893791974
1231,WMI,50,1997,3,11,2.4689538988596946e-15,8.881784197001252e-16,2.060001133941114e-05
1232,ISM,50,1997,3,11,0.04355907711285747,0.00580439597032667,4.1399995097890496e-05
1233,DI,50,1997,3,12,2.234261234912616e-15,6.661338147750939e-16,0.0003001999866683036
1234,WMI,50,1997,3,12,2.4689538988596946e-15,8.881784197001252e-16,2.1000014385208488e-05
1235,ISM,50,1997,3,12,0.04355907711285747,0.00580439597032667,3.969998215325177e-05
1236,DI,50,1997,3,13,2.234261234912616e-15,6.661338147750939e-16,0.0003206999972462654
1237,WMI,50,1997,3,13,2.4689538988596946e-15,8.881784197001252e-16,6.580000626854599e-05
1238,ISM,50,1997,3,13,0.04355907711285747,0.00580439597032667,9.600000339560211e-05
1239,DI,50,1997,3,14,2.234261234912616e-15,6.661338147750939e-16,0.00038529999437741935
1240,WMI,50,1997,3,14,2.4689538988596946e-15,8.881784197001252e-16,5.23999915458262e-05
1241,ISM,50,1997,3,14,0.04355907711285747,0.00580439597032667,8.940001134760678e-05
1242,DI,50,1997,3,15,2.234261234912616e-15,6.661338147750939e-16,0.00037280001561157405
1243,WMI,50,1997,3,15,2.4689538988596946e-15,8.881784197001252e-16,4.889999399892986e-05
1244,ISM,50,1997,3,15,0.04355907711285747,0.00580439597032667,8.759999764151871e-05
1245,DI,50,1997,3,16,2.234261234912616e-15,6.661338147750939e-16,0.0005531999922823161
1246,WMI,50,1997,3,16,2.4689538988596946e-15,8.881784197001252e-16,2.820001100189984e-05
1247,ISM,50,1997,3,16,0.04355907711285747,0.00580439597032667,4.25000034738332e-05
1248,DI,50,1997,3,17,2.234261234912616e-15,6.661338147750939e-16,0.00031880001188255847
1249,WMI,50,1997,3,17,2.4689538988596946e-15,8.881784197001252e-16,2.020000829361379e-05
1250,ISM,50,1997,3,17,0.04355907711285747,0.00580439597032667,3.9700011257082224e-05
1251,DI,50,1997,3,18,2.234261234912616e-15,6.661338147750939e-16,0.0003183000080753118
1252,WMI,50,1997,3,18,2.4689538988596946e-15,8.881784197001252e-16,5.849997978657484e-05
1253,ISM,50,1997,3,18,0.04355907711285747,0.00580439597032667,9.539999882690609e-05
1254,DI,50,1997,3,19,2.234261234912616e-15,6.661338147750939e-16,0.000370699999621138
1255,WMI,50,1997,3,19,2.4689538988596946e-15,8.881784197001252e-16,5.050000618211925e-05
1256,ISM,50,1997,3,19,0.04355907711285747,0.00580439597032667,9.14999982342124e-05
1257,DI,50,1997,3,20,2.234261234912616e-15,6.661338147750939e-16,0.0003858999989461154
1258,WMI,50,1997,3,20,2.4689538988596946e-15,8.881784197001252e-16,2.7700007194653153e-05
1259,ISM,50,1997,3,20,0.04355907711285747,0.00580439597032667,4.290000651963055e-05
1260,DI,50,1997,3,21,2.234261234912616e-15,6.661338147750939e-16,0.0003318000235594809
1261,WMI,50,1997,3,21,2.4689538988596946e-15,8.881784197001252e-16,5.8900011936202645e-05
1262,ISM,50,1997,3,21,0.04355907711285747,0.00580439597032667,0.0001052000152412802
1263,DI,50,1997,3,22,2.234261234912616e-15,6.661338147750939e-16,0.00035879999632015824
1264,WMI,50,1997,3,22,2.4689538988596946e-15,8.881784197001252e-16,5.259999306872487e-05
1265,ISM,50,1997,3,22,0.04355907711285747,0.00580439597032667,4.6900007873773575e-05
1266,DI,50,1997,3,23,2.234261234912616e-15,6.661338147750939e-16,0.0003430000215303153
1267,WMI,50,1997,3,23,2.4689538988596946e-15,8.881784197001252e-16,2.500001573935151e-05
1268,ISM,50,1997,3,23,0.04355907711285747,0.00580439597032667,4.2100000428035855e-05
1269,DI,50,1997,3,24,2.234261234912616e-15,6.661338147750939e-16,0.00032479999936185777
1270,WMI,50,1997,3,24,2.4689538988596946e-15,8.881784197001252e-16,5.679999594576657e-05
1271,ISM,50,1997,3,24,0.04355907711285747,0.00580439597032667,0.00010140001541003585
1272,DI,50,1997,3,25,2.234261234912616e-15,6.661338147750939e-16,0.0003194000164512545
1273,WMI,50,1997,3,25,2.4689538988596946e-15,8.881784197001252e-16,2.8400012524798512e-05
1274,ISM,50,1997,3,25,0.04355907711285747,0.00580439597032667,4.1799998143687844e-05
1275,DI,50,1997,3,26,2.234261234912616e-15,6.661338147750939e-16,0.0003237999917473644
1276,WMI,50,1997,3,26,2.4689538988596946e-15,8.881784197001252e-16,2.4200009647756815e-05
1277,ISM,50,1997,3,26,0.04355907711285747,0.00580439597032667,4.1799998143687844e-05
1278,DI,50,1997,3,27,2.234261234912616e-15,6.661338147750939e-16,0.000311699986923486
1279,WMI,50,1997,3,27,2.4689538988596946e-15,8.881784197001252e-16,5.190001684240997e-05
1280,ISM,50,1997,3,27,0.04355907711285747,0.00580439597032667,0.00015230002463795245
1281,DI,50,1997,3,28,2.234261234912616e-15,6.661338147750939e-16,0.00033469998743385077
1282,WMI,50,1997,3,28,2.4689538988596946e-15,8.881784197001252e-16,5.0300004659220576e-05
1283,ISM,50,1997,3,28,0.04355907711285747,0.00580439597032667,0.00011160000576637685
1284,DI,50,1997,3,29,2.234261234912616e-15,6.661338147750939e-16,0.0003364000003784895
1285,WMI,50,1997,3,29,2.4689538988596946e-15,8.881784197001252e-16,4.910002462565899e-05
1286,ISM,50,1997,3,29,0.04355907711285747,0.00580439597032667,0.00013180001405999064
1287,DI,50,1997,3,30,2.234261234912616e-15,6.661338147750939e-16,0.00029239998548291624
1288,WMI,50,1997,3,30,2.4689538988596946e-15,8.881784197001252e-16,2.540001878514886e-05
1289,ISM,50,1997,3,30,0.04355907711285747,0.00580439597032667,4.1099992813542485e-05
1290,DI,50,1997,3,31,2.234261234912616e-15,6.661338147750939e-16,0.00042520000715740025
1291,WMI,50,1997,3,31,2.4689538988596946e-15,8.881784197001252e-16,5.2099989261478186e-05
1292,ISM,50,1997,3,31,0.04355907711285747,0.00580439597032667,9.390001650899649e-05
1293,DI,50,1997,3,32,2.234261234912616e-15,6.661338147750939e-16,0.00037949997931718826
1294,WMI,50,1997,3,32,2.4689538988596946e-15,8.881784197001252e-16,5.189998773857951e-05
1295,ISM,50,1997,3,32,0.04355907711285747,0.00580439597032667,4.6600005589425564e-05
1296,DI,50,1997,3,33,2.234261234912616e-15,6.661338147750939e-16,0.00044689999776892364
1297,WMI,50,1997,3,33,2.4689538988596946e-15,8.881784197001252e-16,2.920001861639321e-05
1298,ISM,50,1997,3,33,0.04355907711285747,0.00580439597032667,4.270000499673188e-05
1299,DI,50,1997,3,34,2.234261234912616e-15,6.661338147750939e-16,0.00036689999978989363
1300,WMI,50,1997,3,34,2.4689538988596946e-15,8.881784197001252e-16,3.37999954354018e-05
1301,ISM,50,1997,3,34,0.04355907711285747,0.00580439597032667,4.759998410008848e-05
1302,DI,50,1997,3,35,2.234261234912616e-15,6.661338147750939e-16,0.000367600005120039
1303,WMI,50,1997,3,35,2.4689538988596946e-15,8.881784197001252e-16,2.4600012693554163e-05
1304,ISM,50,1997,3,35,0.04355907711285747,0.00580439597032667,4.119999357499182e-05
1305,DI,50,1997,3,36,2.234261234912616e-15,6.661338147750939e-16,0.00033370000892318785
1306,WMI,50,1997,3,36,2.4689538988596946e-15,8.881784197001252e-16,5.959998816251755e-05
1307,ISM,50,1997,3,36,0.04355907711285747,0.00580439597032667,0.0001379000023007393
1308,DI,50,1997,3,37,2.234261234912616e-15,6.661338147750939e-16,0.0003387999895494431
1309,WMI,50,1997,3,37,2.4689538988596946e-15,8.881784197001252e-16,5.3099996875971556e-05
1310,ISM,50,1997,3,37,0.04355907711285747,0.00580439597032667,0.00012250000145286322
1311,DI,50,1997,3,38,2.234261234912616e-15,6.661338147750939e-16,0.0003307999868411571
1312,WMI,50,1997,3,38,2.4689538988596946e-15,8.881784197001252e-16,5.040000542066991e-05
1313,ISM,50,1997,3,38,0.04355907711285747,0.00580439597032667,0.0001398000167682767
1314,DI,50,1997,3,39,2.234261234912616e-15,6.661338147750939e-16,0.0003164999943692237
1315,WMI,50,1997,3,39,2.4689538988596946e-15,8.881784197001252e-16,5.0000002374872565e-05
1316,ISM,50,1997,3,39,0.04355907711285747,0.00580439597032667,0.00018419997650198638
1317,DI,50,1997,3,40,2.234261234912616e-15,6.661338147750939e-16,0.0003037999849766493
1318,WMI,50,1997,3,40,2.4689538988596946e-15,8.881784197001252e-16,5.709999823011458e-05
1319,ISM,50,1997,3,40,0.04355907711285747,0.00580439597032667,8.600001456215978e-05
1320,DI,50,1997,3,41,2.234261234912616e-15,6.661338147750939e-16,0.00030440001864917576
1321,WMI,50,1997,3,41,2.4689538988596946e-15,8.881784197001252e-16,3.0000024707987905e-05
1322,ISM,50,1997,3,41,0.04355907711285747,0.00580439597032667,4.6200002543628216e-05
1323,DI,50,1997,3,42,2.234261234912616e-15,6.661338147750939e-16,0.00024679998750798404
1324,WMI,50,1997,3,42,2.4689538988596946e-15,8.881784197001252e-16,2.5100016500800848e-05
1325,ISM,50,1997,3,42,0.04355907711285747,0.00580439597032667,4.409998655319214e-05
1326,DI,50,1997,3,43,2.234261234912616e-15,6.661338147750939e-16,0.0002500000118743628
1327,WMI,50,1997,3,43,2.4689538988596946e-15,8.881784197001252e-16,2.2499996703118086e-05
1328,ISM,50,1997,3,43,0.04355907711285747,0.00580439597032667,4.0799990529194474e-05
1329,DI,50,1997,3,44,2.234261234912616e-15,6.661338147750939e-16,0.00023669999791309237
1330,WMI,50,1997,3,44,2.4689538988596946e-15,8.881784197001252e-16,1.930000144056976e-05
1331,ISM,50,1997,3,44,0.04355907711285747,0.00580439597032667,3.9399979868903756e-05
1332,DI,50,1997,3,45,2.234261234912616e-15,6.661338147750939e-16,0.0002615000121295452
1333,WMI,50,1997,3,45,2.4689538988596946e-15,8.881784197001252e-16,2.570002106949687e-05
1334,ISM,50,1997,3,45,0.04355907711285747,0.00580439597032667,4.1099992813542485e-05
1335,DI,50,1997,3,46,2.234261234912616e-15,6.661338147750939e-16,0.0002930999908130616
1336,WMI,50,1997,3,46,2.4689538988596946e-15,8.881784197001252e-16,2.300000051036477e-05
1337,ISM,50,1997,3,46,0.04355907711285747,0.00580439597032667,4.090002039447427e-05
1338,DI,50,1997,3,47,2.234261234912616e-15,6.661338147750939e-16,0.00022459999308921397
1339,WMI,50,1997,3,47,2.4689538988596946e-15,8.881784197001252e-16,2.3900007363408804e-05
1340,ISM,50,1997,3,47,0.04355907711285747,0.00580439597032667,4.1399995097890496e-05
1341,DI,50,1997,3,48,2.234261234912616e-15,6.661338147750939e-16,0.00024330001906491816
1342,WMI,50,1997,3,48,2.4689538988596946e-15,8.881784197001252e-16,1.930000144056976e-05
1343,ISM,50,1997,3,48,0.04355907711285747,0.00580439597032667,3.9700011257082224e-05
1344,DI,50,1997,3,49,2.234261234912616e-15,6.661338147750939e-16,0.0002504000149201602
1345,WMI,50,1997,3,49,2.4689538988596946e-15,8.881784197001252e-16,2.239999594166875e-05
1346,ISM,50,1997,3,49,0.04355907711285747,0.00580439597032667,4.1300023440271616e-05
1347,DI,50,1997,3,50,2.234261234912616e-15,6.661338147750939e-16,0.00021490000654011965
1348,WMI,50,1997,3,50,2.4689538988596946e-15,8.881784197001252e-16,1.8799997633323073e-05
1349,ISM,50,1997,3,50,0.04355907711285747,0.00580439597032667,3.91000066883862e-05
1350,DI,50,1997,3,51,2.234261234912616e-15,6.661338147750939e-16,0.00023299999884329736
1351,WMI,50,1997,3,51,2.4689538988596946e-15,8.881784197001252e-16,2.169999061152339e-05
1352,ISM,50,1997,3,51,0.04355907711285747,0.00580439597032667,4.05999890062958e-05
1353,DI,50,1997,3,52,2.234261234912616e-15,6.661338147750939e-16,0.00027799999224953353
1354,WMI,50,1997,3,52,2.4689538988596946e-15,8.881784197001252e-16,2.269999822601676e-05
1355,ISM,50,1997,3,52,0.04355907711285747,0.00580439597032667,3.999998443759978e-05
1356,DI,50,1997,3,53,2.234261234912616e-15,6.661338147750939e-16,0.00022800001897849143
1357,WMI,50,1997,3,53,2.4689538988596946e-15,8.881784197001252e-16,1.889999839477241e-05
1358,ISM,50,1997,3,53,0.04355907711285747,0.00580439597032667,3.920000744983554e-05
1359,DI,50,1997,3,54,2.234261234912616e-15,6.661338147750939e-16,0.00025049998657777905
1360,WMI,50,1997,3,54,2.4689538988596946e-15,8.881784197001252e-16,2.2599997464567423e-05
1361,ISM,50,1997,3,54,0.04355907711285747,0.00580439597032667,4.010001430287957e-05
1362,DI,50,1997,3,55,2.234261234912616e-15,6.661338147750939e-16,0.0002806999837048352
1363,WMI,50,1997,3,55,2.4689538988596946e-15,8.881784197001252e-16,2.3600005079060793e-05
1364,ISM,50,1997,3,55,0.04355907711285747,0.00580439597032667,4.1700026486068964e-05
1365,DI,50,1997,3,56,2.234261234912616e-15,6.661338147750939e-16,0.0003090999962296337
1366,WMI,50,1997,3,56,2.4689538988596946e-15,8.881784197001252e-16,2.3600005079060793e-05
1367,ISM,50,1997,3,56,0.04355907711285747,0.00580439597032667,4.1799998143687844e-05
1368,DI,50,1997,3,57,2.234261234912616e-15,6.661338147750939e-16,0.0003471999953035265
1369,WMI,50,1997,3,57,2.4689538988596946e-15,8.881784197001252e-16,2.5299988919869065e-05
1370,ISM,50,1997,3,57,0.04355907711285747,0.00580439597032667,4.169999738223851e-05
1371,DI,50,1997,3,58,2.234261234912616e-15,6.661338147750939e-16,0.0003315999929327518
1372,WMI,50,1997,3,58,2.4689538988596946e-15,8.881784197001252e-16,2.3199972929432988e-05
1373,ISM,50,1997,3,58,0.04355907711285747,0.00580439597032667,4.089999129064381e-05
1374,DI,50,1997,3,59,2.234261234912616e-15,6.661338147750939e-16,0.0002725000085774809
1375,WMI,50,1997,3,59,2.4689538988596946e-15,8.881784197001252e-16,2.370000584051013e-05
1376,ISM,50,1997,3,59,0.04355907711285747,0.00580439597032667,4.129999433644116e-05
1377,DI,50,1997,3,60,2.234261234912616e-15,6.661338147750939e-16,0.00030399998649954796
1378,WMI,50,1997,3,60,2.4689538988596946e-15,8.881784197001252e-16,6.44999963697046e-05
1379,ISM,50,1997,3,60,0.04355907711285747,0.00580439597032667,0.00010699999984353781
1380,DI,50,1997,3,61,2.234261234912616e-15,6.661338147750939e-16,0.00034329999471083283
1381,WMI,50,1997,3,61,2.4689538988596946e-15,8.881784197001252e-16,2.239999594166875e-05
1382,ISM,50,1997,3,61,0.04355907711285747,0.00580439597032667,4.089999129064381e-05
1383,DI,50,1997,3,62,2.234261234912616e-15,6.661338147750939e-16,0.00029670001822523773
1384,WMI,50,1997,3,62,2.4689538988596946e-15,8.881784197001252e-16,2.3300002794712782e-05
1385,ISM,50,1997,3,62,0.04355907711285747,0.00580439597032667,4.1099992813542485e-05
1386,DI,50,1997,3,63,2.234261234912616e-15,6.661338147750939e-16,0.00027329998556524515
1387,WMI,50,1997,3,63,2.4689538988596946e-15,8.881784197001252e-16,6.009999196976423e-05
1388,ISM,50,1997,3,63,0.04355907711285747,0.00580439597032667,9.42000187933445e-05
1389,DI,50,1997,3,64,2.234261234912616e-15,6.661338147750939e-16,0.0002810999867506325
1390,WMI,50,1997,3,64,2.4689538988596946e-15,8.881784197001252e-16,5.329999839887023e-05
1391,ISM,50,1997,3,64,0.04355907711285747,0.00580439597032667,0.00011470000026747584
1392,DI,50,1997,3,65,2.234261234912616e-15,6.661338147750939e-16,0.0005570999928750098
1393,WMI,50,1997,3,65,2.4689538988596946e-15,8.881784197001252e-16,3.5900011425837874e-05
1394,ISM,50,1997,3,65,0.04355907711285747,0.00580439597032667,4.840001929551363e-05
1395,DI,50,1997,3,66,2.234261234912616e-15,6.661338147750939e-16,0.00042299999040551484
1396,WMI,50,1997,3,66,2.4689538988596946e-15,8.881784197001252e-16,2.540001878514886e-05
1397,ISM,50,1997,3,66,0.04355907711285747,0.00580439597032667,4.230000195093453e-05
1398,DI,50,1997,3,67,2.234261234912616e-15,6.661338147750939e-16,0.00022750001517124474
1399,WMI,50,1997,3,67,2.4689538988596946e-15,8.881784197001252e-16,2.030000905506313e-05
1400,ISM,50,1997,3,67,0.04355907711285747,0.00580439597032667,3.989998367615044e-05
1401,DI,50,1997,3,68,2.234261234912616e-15,6.661338147750939e-16,0.0002789999998640269
1402,WMI,50,1997,3,68,2.4689538988596946e-15,8.881784197001252e-16,2.2599997464567423e-05
1403,ISM,50,1997,3,68,0.04355907711285747,0.00580439597032667,4.069998976774514e-05
1404,DI,50,1997,3,69,2.234261234912616e-15,6.661338147750939e-16,0.0002474999928381294
1405,WMI,50,1997,3,69,2.4689538988596946e-15,8.881784197001252e-16,3.0399998649954796e-05
1406,ISM,50,1997,3,69,0.04355907711285747,0.00580439597032667,4.569999873638153e-05
1407,DI,50,1997,3,70,2.234261234912616e-15,6.661338147750939e-16,0.0002851999888662249
1408,WMI,50,1997,3,70,2.4689538988596946e-15,8.881784197001252e-16,2.0899984519928694e-05
1409,ISM,50,1997,3,70,0.04355907711285747,0.00580439597032667,4.110002191737294e-05
1410,DI,50,1997,3,71,2.234261234912616e-15,6.661338147750939e-16,0.00031689999741502106
1411,WMI,50,1997,3,71,2.4689538988596946e-15,8.881784197001252e-16,6.469999789260328e-05
1412,ISM,50,1997,3,71,0.04355907711285747,0.00580439597032667,9.940000018104911e-05
1413,DI,50,1997,3,72,2.234261234912616e-15,6.661338147750939e-16,0.0004995999915990978
1414,WMI,50,1997,3,72,2.4689538988596946e-15,8.881784197001252e-16,2.3500004317611456e-05
1415,ISM,50,1997,3,72,0.04355907711285747,0.00580439597032667,4.1099992813542485e-05
1416,DI,50,1997,3,73,2.234261234912616e-15,6.661338147750939e-16,0.0005064000142738223
1417,WMI,50,1997,3,73,2.4689538988596946e-15,8.881784197001252e-16,2.0599982235580683e-05
1418,ISM,50,1997,3,73,0.04355907711285747,0.00580439597032667,3.99000127799809e-05
1419,DI,50,1997,3,74,2.234261234912616e-15,6.661338147750939e-16,0.0002799999783746898
1420,WMI,50,1997,3,74,2.4689538988596946e-15,8.881784197001252e-16,1.850002445280552e-05
1421,ISM,50,1997,3,74,0.04355907711285747,0.00580439597032667,3.919997834600508e-05
1422,DI,50,1997,3,75,2.234261234912616e-15,6.661338147750939e-16,0.0002316000172868371
1423,WMI,50,1997,3,75,2.4689538988596946e-15,8.881784197001252e-16,2.1899992134422064e-05
1424,ISM,50,1997,3,75,0.04355907711285747,0.00580439597032667,4.049998824484646e-05
1425,DI,50,1997,3,76,2.234261234912616e-15,6.661338147750939e-16,0.00030590000096708536
1426,WMI,50,1997,3,76,2.4689538988596946e-15,8.881784197001252e-16,6.250001024454832e-05
1427,ISM,50,1997,3,76,0.04355907711285747,0.00580439597032667,9.879999561235309e-05
1428,DI,50,1997,3,77,2.234261234912616e-15,6.661338147750939e-16,0.00035080002271570265
1429,WMI,50,1997,3,77,2.4689538988596946e-15,8.881784197001252e-16,2.269999822601676e-05
1430,ISM,50,1997,3,77,0.04355907711285747,0.00580439597032667,4.040001658722758e-05
1431,DI,50,1997,3,78,2.234261234912616e-15,6.661338147750939e-16,0.00027650000993162394
1432,WMI,50,1997,3,78,2.4689538988596946e-15,8.881784197001252e-16,2.4100008886307478e-05
1433,ISM,50,1997,3,78,0.04355907711285747,0.00580439597032667,4.110002191737294e-05
1434,DI,50,1997,3,79,2.234261234912616e-15,6.661338147750939e-16,0.00030849999166093767
1435,WMI,50,1997,3,79,2.4689538988596946e-15,8.881784197001252e-16,5.3000025218352675e-05
1436,ISM,50,1997,3,79,0.04355907711285747,0.00580439597032667,0.0001235000090673566
1437,DI,50,1997,3,80,2.234261234912616e-15,6.661338147750939e-16,0.00028819998260587454
1438,WMI,50,1997,3,80,2.4689538988596946e-15,8.881784197001252e-16,2.3100001271814108e-05
1439,ISM,50,1997,3,80,0.04355907711285747,0.00580439597032667,4.0700018871575594e-05
1440,DI,50,1997,3,81,2.234261234912616e-15,6.661338147750939e-16,0.00030789998709224164
1441,WMI,50,1997,3,81,2.4689538988596946e-15,8.881784197001252e-16,5.0499977078288794e-05
1442,ISM,50,1997,3,81,0.04355907711285747,0.00580439597032667,4.349998198449612e-05
1443,DI,50,1997,3,82,2.234261234912616e-15,6.661338147750939e-16,0.0003368999750819057
1444,WMI,50,1997,3,82,2.4689538988596946e-15,8.881784197001252e-16,5.549998604692519e-05
1445,ISM,50,1997,3,82,0.04355907711285747,0.00580439597032667,0.0001379000023007393
1446,DI,50,1997,3,83,2.234261234912616e-15,6.661338147750939e-16,0.00033370000892318785
1447,WMI,50,1997,3,83,2.4689538988596946e-15,8.881784197001252e-16,2.169999061152339e-05
1448,ISM,50,1997,3,83,0.04355907711285747,0.00580439597032667,3.99000127799809e-05
1449,DI,50,1997,3,84,2.234261234912616e-15,6.661338147750939e-16,0.00028979999478906393
1450,WMI,50,1997,3,84,2.4689538988596946e-15,8.881784197001252e-16,1.9400002202019095e-05
1451,ISM,50,1997,3,84,0.04355907711285747,0.00580439597032667,3.929997910745442e-05
1452,DI,50,1997,3,85,2.234261234912616e-15,6.661338147750939e-16,0.00028199999360367656
1453,WMI,50,1997,3,85,2.4689538988596946e-15,8.881784197001252e-16,1.85999961104244e-05
1454,ISM,50,1997,3,85,0.04355907711285747,0.00580439597032667,3.9000005926936865e-05
1455,DI,50,1997,3,86,2.234261234912616e-15,6.661338147750939e-16,0.0002714000002015382
1456,WMI,50,1997,3,86,2.4689538988596946e-15,8.881784197001252e-16,1.789999078027904e-05
1457,ISM,50,1997,3,86,0.04355907711285747,0.00580439597032667,3.850000211969018e-05
1458,DI,50,1997,3,87,2.234261234912616e-15,6.661338147750939e-16,0.0003097000007983297
1459,WMI,50,1997,3,87,2.4689538988596946e-15,8.881784197001252e-16,2.440001117065549e-05
1460,ISM,50,1997,3,87,0.04355907711285747,0.00580439597032667,4.119999357499182e-05
1461,DI,50,1997,3,88,2.234261234912616e-15,6.661338147750939e-16,0.00030280000646598637
1462,WMI,50,1997,3,88,2.4689538988596946e-15,8.881784197001252e-16,2.340000355616212e-05
1463,ISM,50,1997,3,88,0.04355907711285747,0.00580439597032667,4.089999129064381e-05
1464,DI,50,1997,3,89,2.234261234912616e-15,6.661338147750939e-16,0.00029650001670233905
1465,WMI,50,1997,3,89,2.4689538988596946e-15,8.881784197001252e-16,2.61999957729131e-05
1466,ISM,50,1997,3,89,0.04355907711285747,0.00580439597032667,4.0700018871575594e-05
1467,DI,50,1997,3,90,2.234261234912616e-15,6.661338147750939e-16,0.00033229999826289713
1468,WMI,50,1997,3,90,2.4689538988596946e-15,8.881784197001252e-16,2.1500018192455173e-05
1469,ISM,50,1997,3,90,0.04355907711285747,0.00580439597032667,4.020001506432891e-05
1470,DI,50,1997,3,91,2.234261234912616e-15,6.661338147750939e-16,0.0002738999901339412
1471,WMI,50,1997,3,91,2.4689538988596946e-15,8.881784197001252e-16,2.5699991965666413e-05
1472,ISM,50,1997,3,91,0.04355907711285747,0.00580439597032667,4.119999357499182e-05
1473,DI,50,1997,3,92,2.234261234912616e-15,6.661338147750939e-16,0.00036869998439215124
1474,WMI,50,1997,3,92,2.4689538988596946e-15,8.881784197001252e-16,5.800000508315861e-05
1475,ISM,50,1997,3,92,0.04355907711285747,0.00580439597032667,9.809999028220773e-05
1476,DI,50,1997,3,93,2.234261234912616e-15,6.661338147750939e-16,0.0004532999882940203
1477,WMI,50,1997,3,93,2.4689538988596946e-15,8.881784197001252e-16,3.060000017285347e-05
1478,ISM,50,1997,3,93,0.04355907711285747,0.00580439597032667,4.4500018702819943e-05
1479,DI,50,1997,3,94,2.234261234912616e-15,6.661338147750939e-16,0.0003440000000409782
1480,WMI,50,1997,3,94,2.4689538988596946e-15,8.881784197001252e-16,0.00014310001279227436
1481,ISM,50,1997,3,94,0.04355907711285747,0.00580439597032667,4.759998410008848e-05
1482,DI,50,1997,3,95,2.234261234912616e-15,6.661338147750939e-16,0.0003315999929327518
1483,WMI,50,1997,3,95,2.4689538988596946e-15,8.881784197001252e-16,2.7999980375170708e-05
1484,ISM,50,1997,3,95,0.04355907711285747,0.00580439597032667,4.260000423528254e-05
1485,DI,50,1997,3,96,2.234261234912616e-15,6.661338147750939e-16,0.0002925999870058149
1486,WMI,50,1997,3,96,2.4689538988596946e-15,8.881784197001252e-16,2.3899978259578347e-05
1487,ISM,50,1997,3,96,0.04355907711285747,0.00580439597032667,4.1799998143687844e-05
1488,DI,50,1997,3,97,2.234261234912616e-15,6.661338147750939e-16,0.0003420000139158219
1489,WMI,50,1997,3,97,2.4689538988596946e-15,8.881784197001252e-16,2.4500011932104826e-05
1490,ISM,50,1997,3,97,0.04355907711285747,0.00580439597032667,4.1399995097890496e-05
1491,DI,50,1997,3,98,2.234261234912616e-15,6.661338147750939e-16,0.00032220000866800547
1492,WMI,50,1997,3,98,2.4689538988596946e-15,8.881784197001252e-16,6.140000186860561e-05
1493,ISM,50,1997,3,98,0.04355907711285747,0.00580439597032667,0.00012310000602155924
1494,DI,50,1997,3,99,2.234261234912616e-15,6.661338147750939e-16,0.00031809997744858265
1495,WMI,50,1997,3,99,2.4689538988596946e-15,8.881784197001252e-16,2.6599998818710446e-05
1496,ISM,50,1997,3,99,0.04355907711285747,0.00580439597032667,4.2800005758181214e-05
1497,DI,50,1997,3,100,2.234261234912616e-15,6.661338147750939e-16,0.000307999987853691
1498,WMI,50,1997,3,100,2.4689538988596946e-15,8.881784197001252e-16,2.3199972929432988e-05
1499,ISM,50,1997,3,100,0.04355907711285747,0.00580439597032667,4.1000021155923605e-05
1500,DI,50,1997,3,101,2.234261234912616e-15,6.661338147750939e-16,0.00031380000291392207
1501,WMI,50,1997,3,101,2.4689538988596946e-15,8.881784197001252e-16,2.6500027161091566e-05
1502,ISM,50,1997,3,101,0.04355907711285747,0.00580439597032667,4.230000195093453e-05
1503,DI,50,1997,3,102,2.234261234912616e-15,6.661338147750939e-16,0.00031350000062957406
1504,WMI,50,1997,3,102,2.4689538988596946e-15,8.881784197001252e-16,2.6100024115294218e-05
1505,ISM,50,1997,3,102,0.04355907711285747,0.00580439597032667,4.1799998143687844e-05
1506,DI,50,1997,3,103,2.234261234912616e-15,6.661338147750939e-16,0.00030109999352134764
1507,WMI,50,1997,3,103,2.4689538988596946e-15,8.881784197001252e-16,2.5500019546598196e-05
1508,ISM,50,1997,3,103,0.04355907711285747,0.00580439597032667,4.129999433644116e-05
1509,DI,50,1997,3,104,2.234261234912616e-15,6.661338147750939e-16,0.00031980001949705184
1510,WMI,50,1997,3,104,2.4689538988596946e-15,8.881784197001252e-16,6.0699996538460255e-05
1511,ISM,50,1997,3,104,0.04355907711285747,0.00580439597032667,0.00014080002438277006
1512,DI,50,1997,3,105,2.234261234912616e-15,6.661338147750939e-16,0.0003440000000409782
1513,WMI,50,1997,3,105,2.4689538988596946e-15,8.881784197001252e-16,2.3300002794712782e-05
1514,ISM,50,1997,3,105,0.04355907711285747,0.00580439597032667,4.089999129064381e-05
1515,DI,50,1997,3,106,2.234261234912616e-15,6.661338147750939e-16,0.00028420001035556197
1516,WMI,50,1997,3,106,2.4689538988596946e-15,8.881784197001252e-16,2.3300002794712782e-05
1517,ISM,50,1997,3,106,0.04355907711285747,0.00580439597032667,4.099999205209315e-05
1518,DI,50,1997,3,107,2.234261234912616e-15,6.661338147750939e-16,0.0003001999866683036
1519,WMI,50,1997,3,107,2.4689538988596946e-15,8.881784197001252e-16,5.970001802779734e-05
1520,ISM,50,1997,3,107,0.04355907711285747,0.00580439597032667,0.00010010000551119447
1521,DI,50,1997,3,108,2.234261234912616e-15,6.661338147750939e-16,0.0003862000012304634
1522,WMI,50,1997,3,108,2.4689538988596946e-15,8.881784197001252e-16,2.4999986635521054e-05
1523,ISM,50,1997,3,108,0.04355907711285747,0.00580439597032667,4.089999129064381e-05
1524,DI,50,1997,3,109,2.234261234912616e-15,6.661338147750939e-16,0.0002728000108618289
1525,WMI,50,1997,3,109,2.4689538988596946e-15,8.881784197001252e-16,2.19999928958714e-05
1526,ISM,50,1997,3,109,0.04355907711285747,0.00580439597032667,4.05999890062958e-05
1527,DI,50,1997,3,110,2.234261234912616e-15,6.661338147750939e-16,0.00031179998768493533
1528,WMI,50,1997,3,110,2.4689538988596946e-15,8.881784197001252e-16,2.340000355616212e-05
1529,ISM,50,1997,3,110,0.04355907711285747,0.00580439597032667,4.040001658722758e-05
1530,DI,50,1997,3,111,2.234261234912616e-15,6.661338147750939e-16,0.00029120000544935465
1531,WMI,50,1997,3,111,2.4689538988596946e-15,8.881784197001252e-16,1.9500002963468432e-05
1532,ISM,50,1997,3,111,0.04355907711285747,0.00580439597032667,3.969998215325177e-05
1533,DI,50,1997,3,112,2.234261234912616e-15,6.661338147750939e-16,0.00026500000967644155
1534,WMI,50,1997,3,112,2.4689538988596946e-15,8.881784197001252e-16,2.2899999748915434e-05
1535,ISM,50,1997,3,112,0.04355907711285747,0.00580439597032667,4.0799990529194474e-05
1536,DI,50,1997,3,113,2.234261234912616e-15,6.661338147750939e-16,0.000295300007564947
1537,WMI,50,1997,3,113,2.4689538988596946e-15,8.881784197001252e-16,2.239999594166875e-05
1538,ISM,50,1997,3,113,0.04355907711285747,0.00580439597032667,4.060001811012626e-05
1539,DI,50,1997,3,114,2.234261234912616e-15,6.661338147750939e-16,0.00031790000502951443
1540,WMI,50,1997,3,114,2.4689538988596946e-15,8.881784197001252e-16,5.6599994422867894e-05
1541,ISM,50,1997,3,114,0.04355907711285747,0.00580439597032667,9.690001024864614e-05
1542,DI,50,1997,3,115,2.234261234912616e-15,6.661338147750939e-16,0.0003330999752506614
1543,WMI,50,1997,3,115,2.4689538988596946e-15,8.881784197001252e-16,5.219999002292752e-05
1544,ISM,50,1997,3,115,0.04355907711285747,0.00580439597032667,9.349998435936868e-05
1545,DI,50,1997,3,116,2.234261234912616e-15,6.661338147750939e-16,0.0003738999948836863
1546,WMI,50,1997,3,116,2.4689538988596946e-15,8.881784197001252e-16,5.599998985417187e-05
1547,ISM,50,1997,3,116,0.04355907711285747,0.00580439597032667,9.919999865815043e-05
1548,DI,50,1997,3,117,2.234261234912616e-15,6.661338147750939e-16,0.00040210000588558614
1549,WMI,50,1997,3,117,2.4689538988596946e-15,8.881784197001252e-16,2.989999484270811e-05
1550,ISM,50,1997,3,117,0.04355907711285747,0.00580439597032667,4.099999205209315e-05
1551,DI,50,1997,3,118,2.234261234912616e-15,6.661338147750939e-16,0.0002796999760903418
1552,WMI,50,1997,3,118,2.4689538988596946e-15,8.881784197001252e-16,1.9400002202019095e-05
1553,ISM,50,1997,3,118,0.04355907711285747,0.00580439597032667,3.9300008211284876e-05
1554,DI,50,1997,3,119,2.234261234912616e-15,6.661338147750939e-16,0.00027459999546408653
1555,WMI,50,1997,3,119,2.4689538988596946e-15,8.881784197001252e-16,2.3500004317611456e-05
1556,ISM,50,1997,3,119,0.04355907711285747,0.00580439597032667,4.099999205209315e-05
1557,DI,50,1997,3,120,2.234261234912616e-15,6.661338147750939e-16,0.00029250001534819603
1558,WMI,50,1997,3,120,2.4689538988596946e-15,8.881784197001252e-16,2.3200002033263445e-05
1559,ISM,50,1997,3,120,0.04355907711285747,0.00580439597032667,4.119999357499182e-05
1560,DI,50,1997,3,121,2.234261234912616e-15,6.661338147750939e-16,0.00035849999403581023
1561,WMI,50,1997,3,121,2.4689538988596946e-15,8.881784197001252e-16,2.2899999748915434e-05
1562,ISM,50,1997,3,121,0.04355907711285747,0.00580439597032667,4.069998976774514e-05
1563,DI,50,1997,3,122,2.234261234912616e-15,6.661338147750939e-16,0.0002749999985098839
1564,WMI,50,1997,3,122,2.4689538988596946e-15,8.881784197001252e-16,0.00014450002345256507
1565,ISM,50,1997,3,122,0.04355907711285747,0.00580439597032667,4.779998562298715e-05
1566,DI,50,1997,3,123,2.234261234912616e-15,6.661338147750939e-16,0.00038610000046901405
1567,WMI,50,1997,3,123,2.4689538988596946e-15,8.881784197001252e-16,2.9699993319809437e-05
1568,ISM,50,1997,3,123,0.04355907711285747,0.00580439597032667,4.2800005758181214e-05
1569,DI,50,1997,3,124,2.234261234912616e-15,6.661338147750939e-16,0.00029990001348778605
1570,WMI,50,1997,3,124,2.4689538988596946e-15,8.881784197001252e-16,2.780000795610249e-05
1571,ISM,50,1997,3,124,0.04355907711285747,0.00580439597032667,4.300000728107989e-05
1572,DI,50,1997,3,125,2.234261234912616e-15,6.661338147750939e-16,0.0003115000145044178
1573,WMI,50,1997,3,125,2.4689538988596946e-15,8.881784197001252e-16,5.85000088904053e-05
1574,ISM,50,1997,3,125,0.04355907711285747,0.00580439597032667,9.76000155787915e-05
1575,DI,50,1997,3,126,2.234261234912616e-15,6.661338147750939e-16,0.0003735999925993383
1576,WMI,50,1997,3,126,2.4689538988596946e-15,8.881784197001252e-16,2.5500019546598196e-05
1577,ISM,50,1997,3,126,0.04355907711285747,0.00580439597032667,4.099999205209315e-05
1578,DI,50,1997,3,127,2.234261234912616e-15,6.661338147750939e-16,0.0002762999793048948
1579,WMI,50,1997,3,127,2.4689538988596946e-15,8.881784197001252e-16,2.239999594166875e-05
1580,ISM,50,1997,3,127,0.04355907711285747,0.00580439597032667,4.080001963302493e-05
1581,DI,50,1997,3,128,2.234261234912616e-15,6.661338147750939e-16,0.00030700000934302807
1582,WMI,50,1997,3,128,2.4689538988596946e-15,8.881784197001252e-16,2.300000051036477e-05
1583,ISM,50,1997,3,128,0.04355907711285747,0.00580439597032667,4.080001963302493e-05
1584,DI,50,1997,3,129,2.234261234912616e-15,6.661338147750939e-16,0.000307999987853691
1585,WMI,50,1997,3,129,2.4689538988596946e-15,8.881784197001252e-16,2.370000584051013e-05
1586,ISM,50,1997,3,129,0.04355907711285747,0.00580439597032667,4.169999738223851e-05
1587,DI,50,1997,3,130,2.234261234912616e-15,6.661338147750939e-16,0.00029379999614320695
1588,WMI,50,1997,3,130,2.4689538988596946e-15,8.881784197001252e-16,2.300000051036477e-05
1589,ISM,50,1997,3,130,0.04355907711285747,0.00580439597032667,4.05999890062958e-05
1590,DI,50,1997,3,131,2.234261234912616e-15,6.661338147750939e-16,0.0003097000007983297
1591,WMI,50,1997,3,131,2.4689538988596946e-15,8.881784197001252e-16,5.8600009651854634e-05
1592,ISM,50,1997,3,131,0.04355907711285747,0.00580439597032667,0.00010010000551119447
1593,DI,50,1997,3,132,2.234261234912616e-15,6.661338147750939e-16,0.00036369997542351484
1594,WMI,50,1997,3,132,2.4689538988596946e-15,8.881784197001252e-16,2.859998494386673e-05
1595,ISM,50,1997,3,132,0.04355907711285747,0.00580439597032667,4.140002420172095e-05
1596,DI,50,1997,3,133,2.234261234912616e-15,6.661338147750939e-16,0.000287600007141009
1597,WMI,50,1997,3,133,2.4689538988596946e-15,8.881784197001252e-16,2.3499975213781e-05
1598,ISM,50,1997,3,133,0.04355907711285747,0.00580439597032667,4.1799998143687844e-05
1599,DI,50,1997,3,134,2.234261234912616e-15,6.661338147750939e-16,0.0002832000027410686
1600,WMI,50,1997,3,134,2.4689538988596946e-15,8.881784197001252e-16,4.129999433644116e-05
1601,ISM,50,1997,3,134,0.04355907711285747,0.00580439597032667,4.0799990529194474e-05
1602,DI,50,1997,3,135,2.234261234912616e-15,6.661338147750939e-16,0.00032610000926069915
1603,WMI,50,1997,3,135,2.4689538988596946e-15,8.881784197001252e-16,5.77000027988106e-05
1604,ISM,50,1997,3,135,0.04355907711285747,0.00580439597032667,9.940000018104911e-05
1605,DI,50,1997,3,136,2.234261234912616e-15,6.661338147750939e-16,0.0003623999946285039
1606,WMI,50,1997,3,136,2.4689538988596946e-15,8.881784197001252e-16,5.119998240843415e-05
1607,ISM,50,1997,3,136,0.04355907711285747,0.00580439597032667,9.460002183914185e-05
1608,DI,50,1997,3,137,2.234261234912616e-15,6.661338147750939e-16,0.0003569000109564513
1609,WMI,50,1997,3,137,2.4689538988596946e-15,8.881784197001252e-16,2.3300002794712782e-05
1610,ISM,50,1997,3,137,0.04355907711285747,0.00580439597032667,4.1399995097890496e-05
1611,DI,50,1997,3,138,2.234261234912616e-15,6.661338147750939e-16,0.0003060000017285347
1612,WMI,50,1997,3,138,2.4689538988596946e-15,8.881784197001252e-16,4.959999932907522e-05
1613,ISM,50,1997,3,138,0.04355907711285747,0.00580439597032667,9.240000508725643e-05
1614,DI,50,1997,3,139,2.234261234912616e-15,6.661338147750939e-16,0.00035650000791065395
1615,WMI,50,1997,3,139,2.4689538988596946e-15,8.881784197001252e-16,2.5999994250014424e-05
1616,ISM,50,1997,3,139,0.04355907711285747,0.00580439597032667,4.1399995097890496e-05
1617,DI,50,1997,3,140,2.234261234912616e-15,6.661338147750939e-16,0.0003034999826923013
1618,WMI,50,1997,3,140,2.4689538988596946e-15,8.881784197001252e-16,2.2899999748915434e-05
1619,ISM,50,1997,3,140,0.04355907711285747,0.00580439597032667,4.0399987483397126e-05
1620,DI,50,1997,3,141,2.234261234912616e-15,6.661338147750939e-16,0.00030079999123699963
1621,WMI,50,1997,3,141,2.4689538988596946e-15,8.881784197001252e-16,5.7999975979328156e-05
1622,ISM,50,1997,3,141,0.04355907711285747,0.00580439597032667,9.919999865815043e-05
1623,DI,50,1997,3,142,2.234261234912616e-15,6.661338147750939e-16,0.0003616000176407397
1624,WMI,50,1997,3,142,2.4689538988596946e-15,8.881784197001252e-16,5.09000092279166e-05
1625,ISM,50,1997,3,142,0.04355907711285747,0.00580439597032667,9.620000491850078e-05
1626,DI,50,1997,3,143,2.234261234912616e-15,6.661338147750939e-16,0.00035990000469610095
1627,WMI,50,1997,3,143,2.4689538988596946e-15,8.881784197001252e-16,5.600001895800233e-05
1628,ISM,50,1997,3,143,0.04355907711285747,0.00580439597032667,0.00010049997945316136
1629,DI,50,1997,3,144,2.234261234912616e-15,6.661338147750939e-16,0.0003806999884545803
1630,WMI,50,1997,3,144,2.4689538988596946e-15,8.881784197001252e-16,5.060000694356859e-05
1631,ISM,50,1997,3,144,0.04355907711285747,0.00580439597032667,9.57000011112541e-05
1632,DI,50,1997,3,145,2.234261234912616e-15,6.661338147750939e-16,0.0003355000226292759
1633,WMI,50,1997,3,145,2.4689538988596946e-15,8.881784197001252e-16,2.3800006601959467e-05
1634,ISM,50,1997,3,145,0.04355907711285747,0.00580439597032667,4.140002420172095e-05
1635,DI,50,1997,3,146,2.234261234912616e-15,6.661338147750939e-16,0.00031820000731386244
1636,WMI,50,1997,3,146,2.4689538988596946e-15,8.881784197001252e-16,5.630002124235034e-05
1637,ISM,50,1997,3,146,0.04355907711285747,0.00580439597032667,9.789998875930905e-05
1638,DI,50,1997,3,147,2.234261234912616e-15,6.661338147750939e-16,0.0003595000016503036
1639,WMI,50,1997,3,147,2.4689538988596946e-15,8.881784197001252e-16,2.3800006601959467e-05
1640,ISM,50,1997,3,147,0.04355907711285747,0.00580439597032667,4.060001811012626e-05
1641,DI,50,1997,3,148,2.234261234912616e-15,6.661338147750939e-16,0.0003541999903973192
1642,WMI,50,1997,3,148,2.4689538988596946e-15,8.881784197001252e-16,2.2899999748915434e-05
1643,ISM,50,1997,3,148,0.04355907711285747,0.00580439597032667,4.090002039447427e-05
1644,DI,50,1997,3,149,2.234261234912616e-15,6.661338147750939e-16,0.00026390000130049884
1645,WMI,50,1997,3,149,2.4689538988596946e-15,8.881784197001252e-16,1.9899976905435324e-05
1646,ISM,50,1997,3,149,0.04355907711285747,0.00580439597032667,3.9700011257082224e-05
1647,DI,50,1997,3,150,2.234261234912616e-15,6.661338147750939e-16,0.0002705999941099435
1648,WMI,50,1997,3,150,2.4689538988596946e-15,8.881784197001252e-16,5.880001117475331e-05
1649,ISM,50,1997,3,150,0.04355907711285747,0.00580439597032667,9.819999104365706e-05
1650,DI,50,1997,3,151,2.234261234912616e-15,6.661338147750939e-16,0.00029999998514540493
1651,WMI,50,1997,3,151,2.4689538988596946e-15,8.881784197001252e-16,0.00026359999901615083
1652,ISM,50,1997,3,151,0.04355907711285747,0.00580439597032667,5.8699981309473515e-05
1653,DI,50,1997,3,152,2.234261234912616e-15,6.661338147750939e-16,0.00029620001441799104
1654,WMI,50,1997,3,152,2.4689538988596946e-15,8.881784197001252e-16,3.060000017285347e-05
1655,ISM,50,1997,3,152,0.04355907711285747,0.00580439597032667,4.350001108832657e-05
1656,DI,50,1997,3,153,2.234261234912616e-15,6.661338147750939e-16,0.00028639999800361693
1657,WMI,50,1997,3,153,2.4689538988596946e-15,8.881784197001252e-16,3.209998249076307e-05
1658,ISM,50,1997,3,153,0.04355907711285747,0.00580439597032667,4.539999645203352e-05
1659,DI,50,1997,3,154,2.234261234912616e-15,6.661338147750939e-16,0.0002699999895412475
1660,WMI,50,1997,3,154,2.4689538988596946e-15,8.881784197001252e-16,2.6899971999228e-05
1661,ISM,50,1997,3,154,0.04355907711285747,0.00580439597032667,4.260000423528254e-05
1662,DI,50,1997,3,155,2.234261234912616e-15,6.661338147750939e-16,0.000222100003156811
1663,WMI,50,1997,3,155,2.4689538988596946e-15,8.881784197001252e-16,1.9500002963468432e-05
1664,ISM,50,1997,3,155,0.04355907711285747,0.00580439597032667,4.020001506432891e-05
1665,DI,50,1997,3,156,2.234261234912616e-15,6.661338147750939e-16,0.00023809997946955264
1666,WMI,50,1997,3,156,2.4689538988596946e-15,8.881784197001252e-16,2.4900014977902174e-05
1667,ISM,50,1997,3,156,0.04355907711285747,0.00580439597032667,4.119999357499182e-05
1668,DI,50,1997,3,157,2.234261234912616e-15,6.661338147750939e-16,0.00022869999520480633
1669,WMI,50,1997,3,157,2.4689538988596946e-15,8.881784197001252e-16,1.930000144056976e-05
1670,ISM,50,1997,3,157,0.04355907711285747,0.00580439597032667,3.989998367615044e-05
1671,DI,50,1997,3,158,2.234261234912616e-15,6.661338147750939e-16,0.00023720000172033906
1672,WMI,50,1997,3,158,2.4689538988596946e-15,8.881784197001252e-16,1.8499995348975062e-05
1673,ISM,50,1997,3,158,0.04355907711285747,0.00580439597032667,3.919997834600508e-05
1674,DI,50,1997,3,159,2.234261234912616e-15,6.661338147750939e-16,0.00024930000654421747
1675,WMI,50,1997,3,159,2.4689538988596946e-15,8.881784197001252e-16,2.1800020476803184e-05
1676,ISM,50,1997,3,159,0.04355907711285747,0.00580439597032667,4.060001811012626e-05
1677,DI,50,1997,3,160,2.234261234912616e-15,6.661338147750939e-16,0.0002696000155992806
1678,WMI,50,1997,3,160,2.4689538988596946e-15,8.881784197001252e-16,2.3599975975230336e-05
1679,ISM,50,1997,3,160,0.04355907711285747,0.00580439597032667,4.099999205209315e-05
1680,DI,50,1997,3,161,2.234261234912616e-15,6.661338147750939e-16,0.00025209999876096845
1681,WMI,50,1997,3,161,2.4689538988596946e-15,8.881784197001252e-16,2.19999928958714e-05
1682,ISM,50,1997,3,161,0.04355907711285747,0.00580439597032667,4.0799990529194474e-05
1683,DI,50,1997,3,162,2.234261234912616e-15,6.661338147750939e-16,0.00024110000231303275
1684,WMI,50,1997,3,162,2.4689538988596946e-15,8.881784197001252e-16,2.2799998987466097e-05
1685,ISM,50,1997,3,162,0.04355907711285747,0.00580439597032667,4.129999433644116e-05
1686,DI,50,1997,3,163,2.234261234912616e-15,6.661338147750939e-16,0.0002620000159367919
1687,WMI,50,1997,3,163,2.4689538988596946e-15,8.881784197001252e-16,2.1199986804276705e-05
1688,ISM,50,1997,3,163,0.04355907711285747,0.00580439597032667,3.950000973418355e-05
1689,DI,50,1997,3,164,2.234261234912616e-15,6.661338147750939e-16,0.00025359998107887805
1690,WMI,50,1997,3,164,2.4689538988596946e-15,8.881784197001252e-16,2.1800020476803184e-05
1691,ISM,50,1997,3,164,0.04355907711285747,0.00580439597032667,3.9399979868903756e-05
1692,DI,50,1997,3,165,2.234261234912616e-15,6.661338147750939e-16,0.00024319998919963837
1693,WMI,50,1997,3,165,2.4689538988596946e-15,8.881784197001252e-16,2.2100022761151195e-05
1694,ISM,50,1997,3,165,0.04355907711285747,0.00580439597032667,3.920000744983554e-05
1695,DI,50,1997,3,166,2.234261234912616e-15,6.661338147750939e-16,0.00024930000654421747
1696,WMI,50,1997,3,166,2.4689538988596946e-15,8.881784197001252e-16,2.1400017431005836e-05
1697,ISM,50,1997,3,166,0.04355907711285747,0.00580439597032667,3.850000211969018e-05
1698,DI,50,1997,3,167,2.234261234912616e-15,6.661338147750939e-16,0.00025090001872740686
1699,WMI,50,1997,3,167,2.4689538988596946e-15,8.881784197001252e-16,2.2199994418770075e-05
1700,ISM,50,1997,3,167,0.04355907711285747,0.00580439597032667,3.91000066883862e-05
1701,DI,50,1997,3,168,2.234261234912616e-15,6.661338147750939e-16,0.0002468000166118145
1702,WMI,50,1997,3,168,2.4689538988596946e-15,8.881784197001252e-16,2.160001895390451e-05
1703,ISM,50,1997,3,168,0.04355907711285747,0.00580439597032667,3.899997682310641e-05
1704,DI,50,1997,3,169,2.234261234912616e-15,6.661338147750939e-16,0.00023320000036619604
1705,WMI,50,1997,3,169,2.4689538988596946e-15,8.881784197001252e-16,1.7900019884109497e-05
1706,ISM,50,1997,3,169,0.04355907711285747,0.00580439597032667,3.8300000596791506e-05
1707,DI,50,1997,3,170,2.234261234912616e-15,6.661338147750939e-16,0.0002477999951224774
1708,WMI,50,1997,3,170,2.4689538988596946e-15,8.881784197001252e-16,2.1000014385208488e-05
1709,ISM,50,1997,3,170,0.04355907711285747,0.00580439597032667,3.949998063035309e-05
1710,DI,50,1997,3,171,2.234261234912616e-15,6.661338147750939e-16,0.0002294000005349517
1711,WMI,50,1997,3,171,2.4689538988596946e-15,8.881784197001252e-16,2.120001590810716e-05
1712,ISM,50,1997,3,171,0.04355907711285747,0.00580439597032667,3.920000744983554e-05
1713,DI,50,1997,3,172,2.234261234912616e-15,6.661338147750939e-16,0.00022689998149871826
1714,WMI,50,1997,3,172,2.4689538988596946e-15,8.881784197001252e-16,2.2299995180219412e-05
1715,ISM,50,1997,3,172,0.04355907711285747,0.00580439597032667,3.959998139180243e-05
1716,DI,50,1997,3,173,2.234261234912616e-15,6.661338147750939e-16,0.0002193999825976789
1717,WMI,50,1997,3,173,2.4689538988596946e-15,8.881784197001252e-16,1.9400002202019095e-05
1718,ISM,50,1997,3,173,0.04355907711285747,0.00580439597032667,3.840000135824084e-05
1719,DI,50,1997,3,174,2.234261234912616e-15,6.661338147750939e-16,0.00023639999562874436
1720,WMI,50,1997,3,174,2.4689538988596946e-15,8.881784197001252e-16,2.169999061152339e-05
1721,ISM,50,1997,3,174,0.04355907711285747,0.00580439597032667,3.929997910745442e-05
1722,DI,50,1997,3,175,2.234261234912616e-15,6.661338147750939e-16,0.00023669999791309237
1723,WMI,50,1997,3,175,2.4689538988596946e-15,8.881784197001252e-16,2.0100007532164454e-05
1724,ISM,50,1997,3,175,0.04355907711285747,0.00580439597032667,3.850000211969018e-05
1725,DI,50,1997,3,176,2.234261234912616e-15,6.661338147750939e-16,0.0002462000120431185
1726,WMI,50,1997,3,176,2.4689538988596946e-15,8.881784197001252e-16,2.2599997464567423e-05
1727,ISM,50,1997,3,176,0.04355907711285747,0.00580439597032667,3.9000005926936865e-05
1728,DI,50,1997,3,177,2.234261234912616e-15,6.661338147750939e-16,0.00026190001517534256
1729,WMI,50,1997,3,177,2.4689538988596946e-15,8.881784197001252e-16,2.1400017431005836e-05
1730,ISM,50,1997,3,177,0.04355907711285747,0.00580439597032667,3.929997910745442e-05
1731,DI,50,1997,3,178,2.234261234912616e-15,6.661338147750939e-16,0.00024720001965761185
1732,WMI,50,1997,3,178,2.4689538988596946e-15,8.881784197001252e-16,2.19999928958714e-05
1733,ISM,50,1997,3,178,0.04355907711285747,0.00580439597032667,3.919997834600508e-05
1734,DI,50,1997,3,179,2.234261234912616e-15,6.661338147750939e-16,0.00027879999834112823
1735,WMI,50,1997,3,179,2.4689538988596946e-15,8.881784197001252e-16,2.300000051036477e-05
1736,ISM,50,1997,3,179,0.04355907711285747,0.00580439597032667,3.950000973418355e-05
1737,DI,50,1997,3,180,2.234261234912616e-15,6.661338147750939e-16,0.0002646000066306442
1738,WMI,50,1997,3,180,2.4689538988596946e-15,8.881784197001252e-16,2.1499989088624716e-05
1739,ISM,50,1997,3,180,0.04355907711285747,0.00580439597032667,3.890000516548753e-05
1740,DI,50,1997,3,181,2.234261234912616e-15,6.661338147750939e-16,0.0002624999906402081
1741,WMI,50,1997,3,181,2.4689538988596946e-15,8.881784197001252e-16,2.0899984519928694e-05
1742,ISM,50,1997,3,181,0.04355907711285747,0.00580439597032667,3.949998063035309e-05
1743,DI,50,1997,3,182,2.234261234912616e-15,6.661338147750939e-16,0.00024900000425986946
1744,WMI,50,1997,3,182,2.4689538988596946e-15,8.881784197001252e-16,2.190002123825252e-05
1745,ISM,50,1997,3,182,0.04355907711285747,0.00580439597032667,3.9399979868903756e-05
1746,DI,50,1997,3,183,2.234261234912616e-15,6.661338147750939e-16,0.00023979999241419137
1747,WMI,50,1997,3,183,2.4689538988596946e-15,8.881784197001252e-16,1.8399994587525725e-05
1748,ISM,50,1997,3,183,0.04355907711285747,0.00580439597032667,3.850000211969018e-05
1749,DI,50,1997,3,184,2.234261234912616e-15,6.661338147750939e-16,0.00024419999681413174
1750,WMI,50,1997,3,184,2.4689538988596946e-15,8.881784197001252e-16,2.1799991372972727e-05
1751,ISM,50,1997,3,184,0.04355907711285747,0.00580439597032667,3.9000005926936865e-05
1752,DI,50,1997,3,185,2.234261234912616e-15,6.661338147750939e-16,0.0002545999886933714
1753,WMI,50,1997,3,185,2.4689538988596946e-15,8.881784197001252e-16,2.579999272711575e-05
1754,ISM,50,1997,3,185,0.04355907711285747,0.00580439597032667,4.4400017941370606e-05
1755,DI,50,1997,3,186,2.234261234912616e-15,6.661338147750939e-16,0.00024399999529123306
1756,WMI,50,1997,3,186,2.4689538988596946e-15,8.881784197001252e-16,2.379997749812901e-05
1757,ISM,50,1997,3,186,0.04355907711285747,0.00580439597032667,7.870001718401909e-05
1758,DI,50,1997,3,187,2.234261234912616e-15,6.661338147750939e-16,0.00021600001491606236
1759,WMI,50,1997,3,187,2.4689538988596946e-15,8.881784197001252e-16,2.19999928958714e-05
1760,ISM,50,1997,3,187,0.04355907711285747,0.00580439597032667,3.920000744983554e-05
1761,DI,50,1997,3,188,2.234261234912616e-15,6.661338147750939e-16,0.000655500014545396
1762,WMI,50,1997,3,188,2.4689538988596946e-15,8.881784197001252e-16,3.090000245720148e-05
1763,ISM,50,1997,3,188,0.04355907711285747,0.00580439597032667,4.260000423528254e-05
1764,DI,50,1997,3,189,2.234261234912616e-15,6.661338147750939e-16,0.0002536999818403274
1765,WMI,50,1997,3,189,2.4689538988596946e-15,8.881784197001252e-16,2.9399991035461426e-05
1766,ISM,50,1997,3,189,0.04355907711285747,0.00580439597032667,4.4899992644786835e-05
1767,DI,50,1997,3,190,2.234261234912616e-15,6.661338147750939e-16,0.0002969000197481364
1768,WMI,50,1997,3,190,2.4689538988596946e-15,8.881784197001252e-16,2.2799998987466097e-05
1769,ISM,50,1997,3,190,0.04355907711285747,0.00580439597032667,4.0000013541430235e-05
1770,DI,50,1997,3,191,2.234261234912616e-15,6.661338147750939e-16,0.0002468000166118145
1771,WMI,50,1997,3,191,2.4689538988596946e-15,8.881784197001252e-16,1.889999839477241e-05
1772,ISM,50,1997,3,191,0.04355907711285747,0.00580439597032667,3.840000135824084e-05
1773,DI,50,1997,3,192,2.234261234912616e-15,6.661338147750939e-16,0.00024220001068897545
1774,WMI,50,1997,3,192,2.4689538988596946e-15,8.881784197001252e-16,2.370000584051013e-05
1775,ISM,50,1997,3,192,0.04355907711285747,0.00580439597032667,3.989998367615044e-05
1776,DI,50,1997,3,193,2.234261234912616e-15,6.661338147750939e-16,0.00022819999139755964
1777,WMI,50,1997,3,193,2.4689538988596946e-15,8.881784197001252e-16,1.920000067912042e-05
1778,ISM,50,1997,3,193,0.04355907711285747,0.00580439597032667,3.850000211969018e-05
1779,DI,50,1997,3,194,2.234261234912616e-15,6.661338147750939e-16,0.0002725000085774809
1780,WMI,50,1997,3,194,2.4689538988596946e-15,8.881784197001252e-16,2.1499989088624716e-05
1781,ISM,50,1997,3,194,0.04355907711285747,0.00580439597032667,3.950000973418355e-05
1782,DI,50,1997,3,195,2.234261234912616e-15,6.661338147750939e-16,0.0002403999969828874
1783,WMI,50,1997,3,195,2.4689538988596946e-15,8.881784197001252e-16,2.2799998987466097e-05
1784,ISM,50,1997,3,195,0.04355907711285747,0.00580439597032667,3.99000127799809e-05
1785,DI,50,1997,3,196,2.234261234912616e-15,6.661338147750939e-16,0.00026390000130049884
1786,WMI,50,1997,3,196,2.4689538988596946e-15,8.881784197001252e-16,1.8399994587525725e-05
1787,ISM,50,1997,3,196,0.04355907711285747,0.00580439597032667,3.819999983534217e-05
1788,DI,50,1997,3,197,2.234261234912616e-15,6.661338147750939e-16,0.0002539000124670565
1789,WMI,50,1997,3,197,2.4689538988596946e-15,8.881784197001252e-16,2.239999594166875e-05
1790,ISM,50,1997,3,197,0.04355907711285747,0.00580439597032667,3.999998443759978e-05
1791,DI,50,1997,3,198,2.234261234912616e-15,6.661338147750939e-16,0.0002523000002838671
1792,WMI,50,1997,3,198,2.4689538988596946e-15,8.881784197001252e-16,2.19999928958714e-05
1793,ISM,50,1997,3,198,0.04355907711285747,0.00580439597032667,4.010001430287957e-05
1794,DI,50,1997,3,199,2.234261234912616e-15,6.661338147750939e-16,0.0002282000205013901
1795,WMI,50,1997,3,199,2.4689538988596946e-15,8.881784197001252e-16,2.1299987565726042e-05
1796,ISM,50,1997,3,199,0.04355907711285747,0.00580439597032667,3.950000973418355e-05
1797,DI,50,1997,3,200,2.234261234912616e-15,6.661338147750939e-16,0.00023700000019744039
1798,WMI,50,1997,3,200,2.4689538988596946e-15,8.881784197001252e-16,2.1000014385208488e-05
1799,ISM,50,1997,3,200,0.04355907711285747,0.00580439597032667,3.8700003642588854e-05
1800,DI,50,1996,4,1,2.3812067346787018e-15,8.881784197001252e-16,0.00030949999927543104
1801,WMI,50,1996,4,1,2.5979190899181356e-15,1.2212453270876722e-15,7.139999070204794e-05
1802,ISM,50,1996,4,1,0.04976194418858701,0.006646716955777565,0.0001756999990902841
1803,DI,50,1996,4,2,2.3812067346787018e-15,8.881784197001252e-16,0.0003149000112898648
1804,WMI,50,1996,4,2,2.5979190899181356e-15,1.2212453270876722e-15,3.1800009310245514e-05
1805,ISM,50,1996,4,2,0.04976194418858701,0.006646716955777565,5.980001878924668e-05
1806,DI,50,1996,4,3,2.3812067346787018e-15,8.881784197001252e-16,0.00031319999834522605
1807,WMI,50,1996,4,3,2.5979190899181356e-15,1.2212453270876722e-15,5.780000356025994e-05
1808,ISM,50,1996,4,3,0.04976194418858701,0.006646716955777565,0.00011970000923611224
1809,DI,50,1996,4,4,2.3812067346787018e-15,8.881784197001252e-16,0.00032049999572336674
1810,WMI,50,1996,4,4,2.5979190899181356e-15,1.2212453270876722e-15,5.429997690953314e-05
1811,ISM,50,1996,4,4,0.04976194418858701,0.006646716955777565,0.00010699999984353781
1812,DI,50,1996,4,5,2.3812067346787018e-15,8.881784197001252e-16,0.0002851999888662249
1813,WMI,50,1996,4,5,2.5979190899181356e-15,1.2212453270876722e-15,2.340000355616212e-05
1814,ISM,50,1996,4,5,0.04976194418858701,0.006646716955777565,5.040000542066991e-05
1815,DI,50,1996,4,6,2.3812067346787018e-15,8.881784197001252e-16,0.00029520000680349767
1816,WMI,50,1996,4,6,2.5979190899181356e-15,1.2212453270876722e-15,5.5899989092722535e-05
1817,ISM,50,1996,4,6,0.04976194418858701,0.006646716955777565,0.00014299998292699456
1818,DI,50,1996,4,7,2.3812067346787018e-15,8.881784197001252e-16,0.00027520000003278255
1819,WMI,50,1996,4,7,2.5979190899181356e-15,1.2212453270876722e-15,5.289999535307288e-05
1820,ISM,50,1996,4,7,0.04976194418858701,0.006646716955777565,0.000132500019390136
1821,DI,50,1996,4,8,2.3812067346787018e-15,8.881784197001252e-16,0.00028959999326616526
1822,WMI,50,1996,4,8,2.5979190899181356e-15,1.2212453270876722e-15,5.370000144466758e-05
1823,ISM,50,1996,4,8,0.04976194418858701,0.006646716955777565,0.00013500000932253897
1824,DI,50,1996,4,9,2.3812067346787018e-15,8.881784197001252e-16,0.00027799999224953353
1825,WMI,50,1996,4,9,2.5979190899181356e-15,1.2212453270876722e-15,2.0499981474131346e-05
1826,ISM,50,1996,4,9,0.04976194418858701,0.006646716955777565,4.8999994760379195e-05
1827,DI,50,1996,4,10,2.3812067346787018e-15,8.881784197001252e-16,0.0002741999924182892
1828,WMI,50,1996,4,10,2.5979190899181356e-15,1.2212453270876722e-15,5.390000296756625e-05
1829,ISM,50,1996,4,10,0.04976194418858701,0.006646716955777565,0.0001191999763250351
1830,DI,50,1996,4,11,2.3812067346787018e-15,8.881784197001252e-16,0.0003497999859973788
1831,WMI,50,1996,4,11,2.5979190899181356e-15,1.2212453270876722e-15,5.5100012104958296e-05
1832,ISM,50,1996,4,11,0.04976194418858701,0.006646716955777565,0.00012520002201199532
1833,DI,50,1996,4,12,2.3812067346787018e-15,8.881784197001252e-16,0.0002773999876808375
1834,WMI,50,1996,4,12,2.5979190899181356e-15,1.2212453270876722e-15,2.0499981474131346e-05
1835,ISM,50,1996,4,12,0.04976194418858701,0.006646716955777565,4.980000085197389e-05
1836,DI,50,1996,4,13,2.3812067346787018e-15,8.881784197001252e-16,0.0002567000046838075
1837,WMI,50,1996,4,13,2.5979190899181356e-15,1.2212453270876722e-15,5.520001286640763e-05
1838,ISM,50,1996,4,13,0.04976194418858701,0.006646716955777565,0.00012089998926967382
1839,DI,50,1996,4,14,2.3812067346787018e-15,8.881784197001252e-16,0.00035089999437332153
1840,WMI,50,1996,4,14,2.5979190899181356e-15,1.2212453270876722e-15,3.1800009310245514e-05
1841,ISM,50,1996,4,14,0.04976194418858701,0.006646716955777565,6.19000056758523e-05
1842,DI,50,1996,4,15,2.3812067346787018e-15,8.881784197001252e-16,0.00019949997658841312
1843,WMI,50,1996,4,15,2.5979190899181356e-15,1.2212453270876722e-15,2.7400004910305142e-05
1844,ISM,50,1996,4,15,0.04976194418858701,0.006646716955777565,5.150001379661262e-05
1845,DI,50,1996,4,16,2.3812067346787018e-15,8.881784197001252e-16,0.0003300999815110117
1846,WMI,50,1996,4,16,2.5979190899181356e-15,1.2212453270876722e-15,5.6899996707215905e-05
1847,ISM,50,1996,4,16,0.04976194418858701,0.006646716955777565,0.0004885999951511621
1848,DI,50,1996,4,17,2.3812067346787018e-15,8.881784197001252e-16,0.0011340000201016665
1849,WMI,50,1996,4,17,2.5979190899181356e-15,1.2212453270876722e-15,3.880000440403819e-05
1850,ISM,50,1996,4,17,0.04976194418858701,0.006646716955777565,5.709999823011458e-05
1851,DI,50,1996,4,18,2.3812067346787018e-15,8.881784197001252e-16,0.0002995000104419887
1852,WMI,50,1996,4,18,2.5979190899181356e-15,1.2212453270876722e-15,5.9699988923966885e-05
1853,ISM,50,1996,4,18,0.04976194418858701,0.006646716955777565,0.00012159999459981918
1854,DI,50,1996,4,19,2.3812067346787018e-15,8.881784197001252e-16,0.0003900999727193266
1855,WMI,50,1996,4,19,2.5979190899181356e-15,1.2212453270876722e-15,5.6199991377070546e-05
1856,ISM,50,1996,4,19,0.04976194418858701,0.006646716955777565,0.00011980000999756157
1857,DI,50,1996,4,20,2.3812067346787018e-15,8.881784197001252e-16,0.00028149998979642987
1858,WMI,50,1996,4,20,2.5979190899181356e-15,1.2212453270876722e-15,2.4100008886307478e-05
1859,ISM,50,1996,4,20,0.04976194418858701,0.006646716955777565,5.4100004490464926e-05
1860,DI,50,1996,4,21,2.3812067346787018e-15,8.881784197001252e-16,0.000302400003420189
1861,WMI,50,1996,4,21,2.5979190899181356e-15,1.2212453270876722e-15,2.1099986042827368e-05
1862,ISM,50,1996,4,21,0.04976194418858701,0.006646716955777565,5.3499999921768904e-05
1863,DI,50,1996,4,22,2.3812067346787018e-15,8.881784197001252e-16,0.00033549999352544546
1864,WMI,50,1996,4,22,2.5979190899181356e-15,1.2212453270876722e-15,5.5199983762577176e-05
1865,ISM,50,1996,4,22,0.04976194418858701,0.006646716955777565,0.00012119999155402184
1866,DI,50,1996,4,23,2.3812067346787018e-15,8.881784197001252e-16,0.0003837000112980604
1867,WMI,50,1996,4,23,2.5979190899181356e-15,1.2212453270876722e-15,5.299999611452222e-05
1868,ISM,50,1996,4,23,0.04976194418858701,0.006646716955777565,9.300000965595245e-05
1869,DI,50,1996,4,24,2.3812067346787018e-15,8.881784197001252e-16,0.0003155999875161797
1870,WMI,50,1996,4,24,2.5979190899181356e-15,1.2212453270876722e-15,1.930000144056976e-05
1871,ISM,50,1996,4,24,0.04976194418858701,0.006646716955777565,4.9299997044727206e-05
1872,DI,50,1996,4,25,2.3812067346787018e-15,8.881784197001252e-16,0.000299000006634742
1873,WMI,50,1996,4,25,2.5979190899181356e-15,1.2212453270876722e-15,5.669999518431723e-05
1874,ISM,50,1996,4,25,0.04976194418858701,0.006646716955777565,0.00014409999130293727
1875,DI,50,1996,4,26,2.3812067346787018e-15,8.881784197001252e-16,0.0002933999930974096
1876,WMI,50,1996,4,26,2.5979190899181356e-15,1.2212453270876722e-15,5.320002674125135e-05
1877,ISM,50,1996,4,26,0.04976194418858701,0.006646716955777565,0.0001210999907925725
1878,DI,50,1996,4,27,2.3812067346787018e-15,8.881784197001252e-16,0.00030300000798888505
1879,WMI,50,1996,4,27,2.5979190899181356e-15,1.2212453270876722e-15,5.479998071677983e-05
1880,ISM,50,1996,4,27,0.04976194418858701,0.006646716955777565,0.00012429998605512083
1881,DI,50,1996,4,28,2.3812067346787018e-15,8.881784197001252e-16,0.0003512999974191189
1882,WMI,50,1996,4,28,2.5979190899181356e-15,1.2212453270876722e-15,5.3800002206116915e-05
1883,ISM,50,1996,4,28,0.04976194418858701,0.006646716955777565,0.00012810001499019563
1884,DI,50,1996,4,29,2.3812067346787018e-15,8.881784197001252e-16,0.00028050001128576696
1885,WMI,50,1996,4,29,2.5979190899181356e-15,1.2212453270876722e-15,2.7400004910305142e-05
1886,ISM,50,1996,4,29,0.04976194418858701,0.006646716955777565,6.130000110715628e-05
1887,DI,50,1996,4,30,2.3812067346787018e-15,8.881784197001252e-16,0.0003737000224646181
1888,WMI,50,1996,4,30,2.5979190899181356e-15,1.2212453270876722e-15,5.420000525191426e-05
1889,ISM,50,1996,4,30,0.04976194418858701,0.006646716955777565,0.00012250000145286322
1890,DI,50,1996,4,31,2.3812067346787018e-15,8.881784197001252e-16,0.00033489998895674944
1891,WMI,50,1996,4,31,2.5979190899181356e-15,1.2212453270876722e-15,2.3899978259578347e-05
1892,ISM,50,1996,4,31,0.04976194418858701,0.006646716955777565,5.810000584460795e-05
1893,DI,50,1996,4,32,2.3812067346787018e-15,8.881784197001252e-16,0.0003208999987691641
1894,WMI,50,1996,4,32,2.5979190899181356e-15,1.2212453270876722e-15,5.449997843243182e-05
1895,ISM,50,1996,4,32,0.04976194418858701,0.006646716955777565,0.00011899997480213642
1896,DI,50,1996,4,33,2.3812067346787018e-15,8.881784197001252e-16,0.0003586999955587089
1897,WMI,50,1996,4,33,2.5979190899181356e-15,1.2212453270876722e-15,2.6599998818710446e-05
1898,ISM,50,1996,4,33,0.04976194418858701,0.006646716955777565,5.4500007536262274e-05
1899,DI,50,1996,4,34,2.3812067346787018e-15,8.881784197001252e-16,0.0003029000072274357
1900,WMI,50,1996,4,34,2.5979190899181356e-15,1.2212453270876722e-15,5.5899989092722535e-05
1901,ISM,50,1996,4,34,0.04976194418858701,0.006646716955777565,0.00012299997615627944
1902,DI,50,1996,4,35,2.3812067346787018e-15,8.881784197001252e-16,0.0003418999840505421
1903,WMI,50,1996,4,35,2.5979190899181356e-15,1.2212453270876722e-15,5.319999763742089e-05
1904,ISM,50,1996,4,35,0.04976194418858701,0.006646716955777565,0.00011449999874457717
1905,DI,50,1996,4,36,2.3812067346787018e-15,8.881784197001252e-16,0.0003161999920848757
1906,WMI,50,1996,4,36,2.5979190899181356e-15,1.2212453270876722e-15,5.3099996875971556e-05
1907,ISM,50,1996,4,36,0.04976194418858701,0.006646716955777565,0.0001286999904550612
1908,DI,50,1996,4,37,2.3812067346787018e-15,8.881784197001252e-16,0.00028929999098181725
1909,WMI,50,1996,4,37,2.5979190899181356e-15,1.2212453270876722e-15,2.8799986466765404e-05
1910,ISM,50,1996,4,37,0.04976194418858701,0.006646716955777565,6.489999941550195e-05
1911,DI,50,1996,4,38,2.3812067346787018e-15,8.881784197001252e-16,0.0002958000113721937
1912,WMI,50,1996,4,38,2.5979190899181356e-15,1.2212453270876722e-15,2.3100001271814108e-05
1913,ISM,50,1996,4,38,0.04976194418858701,0.006646716955777565,5.9900019550696015e-05
1914,DI,50,1996,4,39,2.3812067346787018e-15,8.881784197001252e-16,0.0003237999917473644
1915,WMI,50,1996,4,39,2.5979190899181356e-15,1.2212453270876722e-15,2.4699984351173043e-05
1916,ISM,50,1996,4,39,0.04976194418858701,0.006646716955777565,5.080000846646726e-05
1917,DI,50,1996,4,40,2.3812067346787018e-15,8.881784197001252e-16,0.00030449999030679464
1918,WMI,50,1996,4,40,2.5979190899181356e-15,1.2212453270876722e-15,5.600001895800233e-05
1919,ISM,50,1996,4,40,0.04976194418858701,0.006646716955777565,0.00017029998707585037
1920,DI,50,1996,4,41,2.3812067346787018e-15,8.881784197001252e-16,0.0002625000197440386
1921,WMI,50,1996,4,41,2.5979190899181356e-15,1.2212453270876722e-15,1.9500002963468432e-05
1922,ISM,50,1996,4,41,0.04976194418858701,0.006646716955777565,5.0300004659220576e-05
1923,DI,50,1996,4,42,2.3812067346787018e-15,8.881784197001252e-16,0.00028730000485666096
1924,WMI,50,1996,4,42,2.5979190899181356e-15,1.2212453270876722e-15,5.4100004490464926e-05
1925,ISM,50,1996,4,42,0.04976194418858701,0.006646716955777565,0.00012169999536126852
1926,DI,50,1996,4,43,2.3812067346787018e-15,8.881784197001252e-16,0.00035600000410340726
1927,WMI,50,1996,4,43,2.5979190899181356e-15,1.2212453270876722e-15,2.6200024876743555e-05
1928,ISM,50,1996,4,43,0.04976194418858701,0.006646716955777565,5.2799994591623545e-05
1929,DI,50,1996,4,44,2.3812067346787018e-15,8.881784197001252e-16,0.0003245999978389591
1930,WMI,50,1996,4,44,2.5979190899181356e-15,1.2212453270876722e-15,4.0099985199049115e-05
1931,ISM,50,1996,4,44,0.04976194418858701,0.006646716955777565,6.970000686123967e-05
1932,DI,50,1996,4,45,2.3812067346787018e-15,8.881784197001252e-16,0.00035650000791065395
1933,WMI,50,1996,4,45,2.5979190899181356e-15,1.2212453270876722e-15,5.9200014220550656e-05
1934,ISM,50,1996,4,45,0.04976194418858701,0.006646716955777565,0.00012129999231547117
1935,DI,50,1996,4,46,2.3812067346787018e-15,8.881784197001252e-16,0.00030980000155977905
1936,WMI,50,1996,4,46,2.5979190899181356e-15,1.2212453270876722e-15,2.1000014385208488e-05
1937,ISM,50,1996,4,46,0.04976194418858701,0.006646716955777565,5.0300004659220576e-05
1938,DI,50,1996,4,47,2.3812067346787018e-15,8.881784197001252e-16,0.0002775000175461173
1939,WMI,50,1996,4,47,2.5979190899181356e-15,1.2212453270876722e-15,5.560001591220498e-05
1940,ISM,50,1996,4,47,0.04976194418858701,0.006646716955777565,0.00014789999113418162
1941,DI,50,1996,4,48,2.3812067346787018e-15,8.881784197001252e-16,0.0003205999964848161
1942,WMI,50,1996,4,48,2.5979190899181356e-15,1.2212453270876722e-15,5.3800002206116915e-05
1943,ISM,50,1996,4,48,0.04976194418858701,0.006646716955777565,0.00010750000365078449
1944,DI,50,1996,4,49,2.3812067346787018e-15,8.881784197001252e-16,0.000301199994282797
1945,WMI,50,1996,4,49,2.5979190899181356e-15,1.2212453270876722e-15,5.329999839887023e-05
1946,ISM,50,1996,4,49,0.04976194418858701,0.006646716955777565,0.00011509997420944273
1947,DI,50,1996,4,50,2.3812067346787018e-15,8.881784197001252e-16,0.0003324999997857958
1948,WMI,50,1996,4,50,2.5979190899181356e-15,1.2212453270876722e-15,5.3499999921768904e-05
1949,ISM,50,1996,4,50,0.04976194418858701,0.006646716955777565,8.280001929961145e-05
1950,DI,50,1996,4,51,2.3812067346787018e-15,8.881784197001252e-16,0.0003321999975014478
1951,WMI,50,1996,4,51,2.5979190899181356e-15,1.2212453270876722e-15,1.960000372491777e-05
1952,ISM,50,1996,4,51,0.04976194418858701,0.006646716955777565,4.9700000090524554e-05
1953,DI,50,1996,4,52,2.3812067346787018e-15,8.881784197001252e-16,0.0002902999985963106
1954,WMI,50,1996,4,52,2.5979190899181356e-15,1.2212453270876722e-15,5.2799994591623545e-05
1955,ISM,50,1996,4,52,0.04976194418858701,0.006646716955777565,0.00012049998622387648
1956,DI,50,1996,4,53,2.3812067346787018e-15,8.881784197001252e-16,0.000395099981687963
1957,WMI,50,1996,4,53,2.5979190899181356e-15,1.2212453270876722e-15,5.360000068321824e-05
1958,ISM,50,1996,4,53,0.04976194418858701,0.006646716955777565,7.619999814778566e-05
1959,DI,50,1996,4,54,2.3812067346787018e-15,8.881784197001252e-16,0.000301499996567145
1960,WMI,50,1996,4,54,2.5979190899181356e-15,1.2212453270876722e-15,1.85999961104244e-05
1961,ISM,50,1996,4,54,0.04976194418858701,0.006646716955777565,4.909999552182853e-05
1962,DI,50,1996,4,55,2.3812067346787018e-15,8.881784197001252e-16,0.00029570001061074436
1963,WMI,50,1996,4,55,2.5979190899181356e-15,1.2212453270876722e-15,5.469997995533049e-05
1964,ISM,50,1996,4,55,0.04976194418858701,0.006646716955777565,0.00012229999992996454
1965,DI,50,1996,4,56,2.3812067346787018e-15,8.881784197001252e-16,0.0003823000006377697
1966,WMI,50,1996,4,56,2.5979190899181356e-15,1.2212453270876722e-15,3.139997716061771e-05
1967,ISM,50,1996,4,56,0.04976194418858701,0.006646716955777565,7.020001066848636e-05
1968,DI,50,1996,4,57,2.3812067346787018e-15,8.881784197001252e-16,0.0003462000167928636
1969,WMI,50,1996,4,57,2.5979190899181356e-15,1.2212453270876722e-15,1.8300022929906845e-05
1970,ISM,50,1996,4,57,0.04976194418858701,0.006646716955777565,4.8999994760379195e-05
1971,DI,50,1996,4,58,2.3812067346787018e-15,8.881784197001252e-16,0.00027859999681822956
1972,WMI,50,1996,4,58,2.5979190899181356e-15,1.2212453270876722e-15,5.440000677481294e-05
1973,ISM,50,1996,4,58,0.04976194418858701,0.006646716955777565,0.00014560000272467732
1974,DI,50,1996,4,59,2.3812067346787018e-15,8.881784197001252e-16,0.0003093999985139817
1975,WMI,50,1996,4,59,2.5979190899181356e-15,1.2212453270876722e-15,5.269999383017421e-05
1976,ISM,50,1996,4,59,0.04976194418858701,0.006646716955777565,0.0001241999852936715
1977,DI,50,1996,4,60,2.3812067346787018e-15,8.881784197001252e-16,0.0003198999911546707
1978,WMI,50,1996,4,60,2.5979190899181356e-15,1.2212453270876722e-15,5.3099996875971556e-05
1979,ISM,50,1996,4,60,0.04976194418858701,0.006646716955777565,0.00011510000331327319
1980,DI,50,1996,4,61,2.3812067346787018e-15,8.881784197001252e-16,0.00031869998201727867
1981,WMI,50,1996,4,61,2.5979190899181356e-15,1.2212453270876722e-15,2.8099981136620045e-05
1982,ISM,50,1996,4,61,0.04976194418858701,0.006646716955777565,6.849999772384763e-05
1983,DI,50,1996,4,62,2.3812067346787018e-15,8.881784197001252e-16,0.0004230999911669642
1984,WMI,50,1996,4,62,2.5979190899181356e-15,1.2212453270876722e-15,5.429997690953314e-05
1985,ISM,50,1996,4,62,0.04976194418858701,0.006646716955777565,0.00012089998926967382
1986,DI,50,1996,4,63,2.3812067346787018e-15,8.881784197001252e-16,0.00037220001104287803
1987,WMI,50,1996,4,63,2.5979190899181356e-15,1.2212453270876722e-15,5.390000296756625e-05
1988,ISM,50,1996,4,63,0.04976194418858701,0.006646716955777565,0.0001252999936696142
1989,DI,50,1996,4,64,2.3812067346787018e-15,8.881784197001252e-16,0.0003327000013086945
1990,WMI,50,1996,4,64,2.5979190899181356e-15,1.2212453270876722e-15,2.4100008886307478e-05
1991,ISM,50,1996,4,64,0.04976194418858701,0.006646716955777565,5.110001075081527e-05
1992,DI,50,1996,4,65,2.3812067346787018e-15,8.881784197001252e-16,0.0002885999856516719
1993,WMI,50,1996,4,65,2.5979190899181356e-15,1.2212453270876722e-15,5.469997995533049e-05
1994,ISM,50,1996,4,65,0.04976194418858701,0.006646716955777565,0.00012549999519251287
1995,DI,50,1996,4,66,2.3812067346787018e-15,8.881784197001252e-16,0.00041710000368766487
1996,WMI,50,1996,4,66,2.5979190899181356e-15,1.2212453270876722e-15,5.49999822396785e-05
1997,ISM,50,1996,4,66,0.04976194418858701,0.006646716955777565,5.57999883312732e-05
1998,DI,50,1996,4,67,2.3812067346787018e-15,8.881784197001252e-16,0.00029170000925660133
1999,WMI,50,1996,4,67,2.5979190899181356e-15,1.2212453270876722e-15,2.7600006433203816e-05
2000,ISM,50,1996,4,67,0.04976194418858701,0.006646716955777565,6.240000948309898e-05
2001,DI,50,1996,4,68,2.3812067346787018e-15,8.881784197001252e-16,0.0004048999981023371
2002,WMI,50,1996,4,68,2.5979190899181356e-15,1.2212453270876722e-15,5.570001667365432e-05
2003,ISM,50,1996,4,68,0.04976194418858701,0.006646716955777565,0.00011910000466741621
2004,DI,50,1996,4,69,2.3812067346787018e-15,8.881784197001252e-16,0.0004233000217936933
2005,WMI,50,1996,4,69,2.5979190899181356e-15,1.2212453270876722e-15,5.500001134350896e-05
2006,ISM,50,1996,4,69,0.04976194418858701,0.006646716955777565,7.510001887567341e-05
2007,DI,50,1996,4,70,2.3812067346787018e-15,8.881784197001252e-16,0.00034550001146271825
2008,WMI,50,1996,4,70,2.5979190899181356e-15,1.2212453270876722e-15,2.239999594166875e-05
2009,ISM,50,1996,4,70,0.04976194418858701,0.006646716955777565,5.029997555539012e-05
2010,DI,50,1996,4,71,2.3812067346787018e-15,8.881784197001252e-16,0.0003205999964848161
2011,WMI,50,1996,4,71,2.5979190899181356e-15,1.2212453270876722e-15,5.4500007536262274e-05
2012,ISM,50,1996,4,71,0.04976194418858701,0.006646716955777565,0.00013279999257065356
2013,DI,50,1996,4,72,2.3812067346787018e-15,8.881784197001252e-16,0.0003479000006336719
2014,WMI,50,1996,4,72,2.5979190899181356e-15,1.2212453270876722e-15,5.360000068321824e-05
2015,ISM,50,1996,4,72,0.04976194418858701,0.006646716955777565,0.0001328999933321029
2016,DI,50,1996,4,73,2.3812067346787018e-15,8.881784197001252e-16,0.00033699997584335506
2017,WMI,50,1996,4,73,2.5979190899181356e-15,1.2212453270876722e-15,4.25000034738332e-05
2018,ISM,50,1996,4,73,0.04976194418858701,0.006646716955777565,8.81000014487654e-05
2019,DI,50,1996,4,74,2.3812067346787018e-15,8.881784197001252e-16,0.00035089999437332153
2020,WMI,50,1996,4,74,2.5979190899181356e-15,1.2212453270876722e-15,5.500001134350896e-05
2021,ISM,50,1996,4,74,0.04976194418858701,0.006646716955777565,0.00012240000069141388
2022,DI,50,1996,4,75,2.3812067346787018e-15,8.881784197001252e-16,0.00043739998363889754
2023,WMI,50,1996,4,75,2.5979190899181356e-15,1.2212453270876722e-15,5.4199976148083806e-05
2024,ISM,50,1996,4,75,0.04976194418858701,0.006646716955777565,0.0001221999991685152
2025,DI,50,1996,4,76,2.3812067346787018e-15,8.881784197001252e-16,0.0003941000031773001
2026,WMI,50,1996,4,76,2.5979190899181356e-15,1.2212453270876722e-15,5.370000144466758e-05
2027,ISM,50,1996,4,76,0.04976194418858701,0.006646716955777565,0.00013080000644549727
2028,DI,50,1996,4,77,2.3812067346787018e-15,8.881784197001252e-16,0.0003232999879401177
2029,WMI,50,1996,4,77,2.5979190899181356e-15,1.2212453270876722e-15,2.030000905506313e-05
2030,ISM,50,1996,4,77,0.04976194418858701,0.006646716955777565,4.9299997044727206e-05
2031,DI,50,1996,4,78,2.3812067346787018e-15,8.881784197001252e-16,0.00033209999673999846
2032,WMI,50,1996,4,78,2.5979190899181356e-15,1.2212453270876722e-15,5.509998300112784e-05
2033,ISM,50,1996,4,78,0.04976194418858701,0.006646716955777565,0.00011930000619031489
2034,DI,50,1996,4,79,2.3812067346787018e-15,8.881784197001252e-16,0.0003197000187356025
2035,WMI,50,1996,4,79,2.5979190899181356e-15,1.2212453270876722e-15,5.390000296756625e-05
2036,ISM,50,1996,4,79,0.04976194418858701,0.006646716955777565,0.00010750000365078449
2037,DI,50,1996,4,80,2.3812067346787018e-15,8.881784197001252e-16,0.0003040999872609973
2038,WMI,50,1996,4,80,2.5979190899181356e-15,1.2212453270876722e-15,1.8699996871873736e-05
2039,ISM,50,1996,4,80,0.04976194418858701,0.006646716955777565,4.849999095313251e-05
2040,DI,50,1996,4,81,2.3812067346787018e-15,8.881784197001252e-16,0.0003178000042680651
2041,WMI,50,1996,4,81,2.5979190899181356e-15,1.2212453270876722e-15,5.490001058205962e-05
2042,ISM,50,1996,4,81,0.04976194418858701,0.006646716955777565,0.00012209999840706587
2043,DI,50,1996,4,82,2.3812067346787018e-15,8.881784197001252e-16,0.0003862000012304634
2044,WMI,50,1996,4,82,2.5979190899181356e-15,1.2212453270876722e-15,5.339999916031957e-05
2045,ISM,50,1996,4,82,0.04976194418858701,0.006646716955777565,7.029998232610524e-05
2046,DI,50,1996,4,83,2.3812067346787018e-15,8.881784197001252e-16,0.0003288000007160008
2047,WMI,50,1996,4,83,2.5979190899181356e-15,1.2212453270876722e-15,3.700001980178058e-05
2048,ISM,50,1996,4,83,0.04976194418858701,0.006646716955777565,8.520000847056508e-05
2049,DI,50,1996,4,84,2.3812067346787018e-15,8.881784197001252e-16,0.0003533000126481056
2050,WMI,50,1996,4,84,2.5979190899181356e-15,1.2212453270876722e-15,3.5299977753311396e-05
2051,ISM,50,1996,4,84,0.04976194418858701,0.006646716955777565,8.069997420534492e-05
2052,DI,50,1996,4,85,2.3812067346787018e-15,8.881784197001252e-16,0.00034890000824816525
2053,WMI,50,1996,4,85,2.5979190899181356e-15,1.2212453270876722e-15,5.540001438930631e-05
2054,ISM,50,1996,4,85,0.04976194418858701,0.006646716955777565,0.00013040000339969993
2055,DI,50,1996,4,86,2.3812067346787018e-15,8.881784197001252e-16,0.00032419999479316175
2056,WMI,50,1996,4,86,2.5979190899181356e-15,1.2212453270876722e-15,5.370000144466758e-05
2057,ISM,50,1996,4,86,0.04976194418858701,0.006646716955777565,0.00011019999510608613
2058,DI,50,1996,4,87,2.3812067346787018e-15,8.881784197001252e-16,0.00032820002525113523
2059,WMI,50,1996,4,87,2.5979190899181356e-15,1.2212453270876722e-15,2.5100016500800848e-05
2060,ISM,50,1996,4,87,0.04976194418858701,0.006646716955777565,5.09000092279166e-05
2061,DI,50,1996,4,88,2.3812067346787018e-15,8.881784197001252e-16,0.00031549998675473034
2062,WMI,50,1996,4,88,2.5979190899181356e-15,1.2212453270876722e-15,5.400000372901559e-05
2063,ISM,50,1996,4,88,0.04976194418858701,0.006646716955777565,0.0001221999991685152
2064,DI,50,1996,4,89,2.3812067346787018e-15,8.881784197001252e-16,0.0003692000173032284
2065,WMI,50,1996,4,89,2.5979190899181356e-15,1.2212453270876722e-15,5.299999611452222e-05
2066,ISM,50,1996,4,89,0.04976194418858701,0.006646716955777565,0.00012749998131766915
2067,DI,50,1996,4,90,2.3812067346787018e-15,8.881784197001252e-16,0.00035429999115876853
2068,WMI,50,1996,4,90,2.5979190899181356e-15,1.2212453270876722e-15,5.400000372901559e-05
2069,ISM,50,1996,4,90,0.04976194418858701,0.006646716955777565,0.00010720000136643648
2070,DI,50,1996,4,91,2.3812067346787018e-15,8.881784197001252e-16,0.0003972999984398484
2071,WMI,50,1996,4,91,2.5979190899181356e-15,1.2212453270876722e-15,2.7000001864507794e-05
2072,ISM,50,1996,4,91,0.04976194418858701,0.006646716955777565,5.15999854542315e-05
2073,DI,50,1996,4,92,2.3812067346787018e-15,8.881784197001252e-16,0.0003060000017285347
2074,WMI,50,1996,4,92,2.5979190899181356e-15,1.2212453270876722e-15,4.169999738223851e-05
2075,ISM,50,1996,4,92,0.04976194418858701,0.006646716955777565,8.540000999346375e-05
2076,DI,50,1996,4,93,2.3812067346787018e-15,8.881784197001252e-16,0.0003249000001233071
2077,WMI,50,1996,4,93,2.5979190899181356e-15,1.2212453270876722e-15,2.4600012693554163e-05
2078,ISM,50,1996,4,93,0.04976194418858701,0.006646716955777565,5.190001684240997e-05
2079,DI,50,1996,4,94,2.3812067346787018e-15,8.881784197001252e-16,0.0002767000114545226
2080,WMI,50,1996,4,94,2.5979190899181356e-15,1.2212453270876722e-15,3.37999954354018e-05
2081,ISM,50,1996,4,94,0.04976194418858701,0.006646716955777565,7.71000050008297e-05
2082,DI,50,1996,4,95,2.3812067346787018e-15,8.881784197001252e-16,0.0003040999872609973
2083,WMI,50,1996,4,95,2.5979190899181356e-15,1.2212453270876722e-15,2.609999501146376e-05
2084,ISM,50,1996,4,95,0.04976194418858701,0.006646716955777565,7.119998917914927e-05
2085,DI,50,1996,4,96,2.3812067346787018e-15,8.881784197001252e-16,0.00028750000637955964
2086,WMI,50,1996,4,96,2.5979190899181356e-15,1.2212453270876722e-15,2.1800020476803184e-05
2087,ISM,50,1996,4,96,0.04976194418858701,0.006646716955777565,5.059997783973813e-05
2088,DI,50,1996,4,97,2.3812067346787018e-15,8.881784197001252e-16,0.00026030000299215317
2089,WMI,50,1996,4,97,2.5979190899181356e-15,1.2212453270876722e-15,2.649999805726111e-05
2090,ISM,50,1996,4,97,0.04976194418858701,0.006646716955777565,6.909997318871319e-05
2091,DI,50,1996,4,98,2.3812067346787018e-15,8.881784197001252e-16,0.0002762000076472759
2092,WMI,50,1996,4,98,2.5979190899181356e-15,1.2212453270876722e-15,1.9799976143985987e-05
2093,ISM,50,1996,4,98,0.04976194418858701,0.006646716955777565,5.050000618211925e-05
2094,DI,50,1996,4,99,2.3812067346787018e-15,8.881784197001252e-16,0.0002395999908912927
2095,WMI,50,1996,4,99,2.5979190899181356e-15,1.2212453270876722e-15,2.4599983589723706e-05
2096,ISM,50,1996,4,99,0.04976194418858701,0.006646716955777565,6.560000474564731e-05
2097,DI,50,1996,4,100,2.3812067346787018e-15,8.881784197001252e-16,0.00027809999301098287
2098,WMI,50,1996,4,100,2.5979190899181356e-15,1.2212453270876722e-15,1.9799976143985987e-05
2099,ISM,50,1996,4,100,0.04976194418858701,0.006646716955777565,4.980000085197389e-05
2100,DI,50,1996,4,101,2.3812067346787018e-15,8.881784197001252e-16,0.00026110000908374786
2101,WMI,50,1996,4,101,2.5979190899181356e-15,1.2212453270876722e-15,2.3600005079060793e-05
2102,ISM,50,1996,4,101,0.04976194418858701,0.006646716955777565,6.459999713115394e-05
2103,DI,50,1996,4,102,2.3812067346787018e-15,8.881784197001252e-16,0.00028180002118460834
2104,WMI,50,1996,4,102,2.5979190899181356e-15,1.2212453270876722e-15,1.8999999156221747e-05
2105,ISM,50,1996,4,102,0.04976194418858701,0.006646716955777565,5.01000031363219e-05
2106,DI,50,1996,4,103,2.3812067346787018e-15,8.881784197001252e-16,0.0002638000005390495
2107,WMI,50,1996,4,103,2.5979190899181356e-15,1.2212453270876722e-15,2.2899999748915434e-05
2108,ISM,50,1996,4,103,0.04976194418858701,0.006646716955777565,5.979998968541622e-05
2109,DI,50,1996,4,104,2.3812067346787018e-15,8.881784197001252e-16,0.00023939998936839402
2110,WMI,50,1996,4,104,2.5979190899181356e-15,1.2212453270876722e-15,2.139998832717538e-05
2111,ISM,50,1996,4,104,0.04976194418858701,0.006646716955777565,6.0200021835044026e-05
2112,DI,50,1996,4,105,2.3812067346787018e-15,8.881784197001252e-16,0.00027630000840872526
2113,WMI,50,1996,4,105,2.5979190899181356e-15,1.2212453270876722e-15,1.969997538253665e-05
2114,ISM,50,1996,4,105,0.04976194418858701,0.006646716955777565,4.939999780617654e-05
2115,DI,50,1996,4,106,2.3812067346787018e-15,8.881784197001252e-16,0.0002196999848820269
2116,WMI,50,1996,4,106,2.5979190899181356e-15,1.2212453270876722e-15,1.810002140700817e-05
2117,ISM,50,1996,4,106,0.04976194418858701,0.006646716955777565,4.990000161342323e-05
2118,DI,50,1996,4,107,2.3812067346787018e-15,8.881784197001252e-16,0.0002271000121254474
2119,WMI,50,1996,4,107,2.5979190899181356e-15,1.2212453270876722e-15,2.0599982235580683e-05
2120,ISM,50,1996,4,107,0.04976194418858701,0.006646716955777565,5.5800017435103655e-05
2121,DI,50,1996,4,108,2.3812067346787018e-15,8.881784197001252e-16,0.0002592999953776598
2122,WMI,50,1996,4,108,2.5979190899181356e-15,1.2212453270876722e-15,1.9099999917671084e-05
2123,ISM,50,1996,4,108,0.04976194418858701,0.006646716955777565,4.9700000090524554e-05
2124,DI,50,1996,4,109,2.3812067346787018e-15,8.881784197001252e-16,0.00021250001736916602
2125,WMI,50,1996,4,109,2.5979190899181356e-15,1.2212453270876722e-15,1.759998849593103e-05
2126,ISM,50,1996,4,109,0.04976194418858701,0.006646716955777565,4.879999323748052e-05
2127,DI,50,1996,4,110,2.3812067346787018e-15,8.881784197001252e-16,0.00022489999537356198
2128,WMI,50,1996,4,110,2.5979190899181356e-15,1.2212453270876722e-15,1.7200014553964138e-05
2129,ISM,50,1996,4,110,0.04976194418858701,0.006646716955777565,4.990000161342323e-05
2130,DI,50,1996,4,111,2.3812067346787018e-15,8.881784197001252e-16,0.00021729999571107328
2131,WMI,50,1996,4,111,2.5979190899181356e-15,1.2212453270876722e-15,1.7499987734481692e-05
2132,ISM,50,1996,4,111,0.04976194418858701,0.006646716955777565,4.919999628327787e-05
2133,DI,50,1996,4,112,2.3812067346787018e-15,8.881784197001252e-16,0.0002494999789632857
2134,WMI,50,1996,4,112,2.5979190899181356e-15,1.2212453270876722e-15,2.099998528137803e-05
2135,ISM,50,1996,4,112,0.04976194418858701,0.006646716955777565,5.339999916031957e-05
2136,DI,50,1996,4,113,2.3812067346787018e-15,8.881784197001252e-16,0.00022020001779310405
2137,WMI,50,1996,4,113,2.5979190899181356e-15,1.2212453270876722e-15,1.8699996871873736e-05
2138,ISM,50,1996,4,113,0.04976194418858701,0.006646716955777565,5.0000002374872565e-05
2139,DI,50,1996,4,114,2.3812067346787018e-15,8.881784197001252e-16,0.00024449999909847975
2140,WMI,50,1996,4,114,2.5979190899181356e-15,1.2212453270876722e-15,2.139998832717538e-05
2141,ISM,50,1996,4,114,0.04976194418858701,0.006646716955777565,5.250002141110599e-05
2142,DI,50,1996,4,115,2.3812067346787018e-15,8.881784197001252e-16,0.0002628999936860055
2143,WMI,50,1996,4,115,2.5979190899181356e-15,1.2212453270876722e-15,1.829999382607639e-05
2144,ISM,50,1996,4,115,0.04976194418858701,0.006646716955777565,4.949999856762588e-05
2145,DI,50,1996,4,116,2.3812067346787018e-15,8.881784197001252e-16,0.00023109998437575996
2146,WMI,50,1996,4,116,2.5979190899181356e-15,1.2212453270876722e-15,1.8799997633323073e-05
2147,ISM,50,1996,4,116,0.04976194418858701,0.006646716955777565,5.020000389777124e-05
2148,DI,50,1996,4,117,2.3812067346787018e-15,8.881784197001252e-16,0.00023469998268410563
2149,WMI,50,1996,4,117,2.5979190899181356e-15,1.2212453270876722e-15,2.1599989850074053e-05
2150,ISM,50,1996,4,117,0.04976194418858701,0.006646716955777565,5.140001303516328e-05
2151,DI,50,1996,4,118,2.3812067346787018e-15,8.881784197001252e-16,0.00023999999393709004
2152,WMI,50,1996,4,118,2.5979190899181356e-15,1.2212453270876722e-15,1.819999306462705e-05
2153,ISM,50,1996,4,118,0.04976194418858701,0.006646716955777565,4.949999856762588e-05
2154,DI,50,1996,4,119,2.3812067346787018e-15,8.881784197001252e-16,0.00023529998725280166
2155,WMI,50,1996,4,119,2.5979190899181356e-15,1.2212453270876722e-15,1.719998545013368e-05
2156,ISM,50,1996,4,119,0.04976194418858701,0.006646716955777565,4.9299997044727206e-05
2157,DI,50,1996,4,120,2.3812067346787018e-15,8.881784197001252e-16,0.00021520000882446766
2158,WMI,50,1996,4,120,2.5979190899181356e-15,1.2212453270876722e-15,2.0100007532164454e-05
2159,ISM,50,1996,4,120,0.04976194418858701,0.006646716955777565,5.060000694356859e-05
2160,DI,50,1996,4,121,2.3812067346787018e-15,8.881784197001252e-16,0.0002423000114504248
2161,WMI,50,1996,4,121,2.5979190899181356e-15,1.2212453270876722e-15,1.8399994587525725e-05
2162,ISM,50,1996,4,121,0.04976194418858701,0.006646716955777565,4.980000085197389e-05
2163,DI,50,1996,4,122,2.3812067346787018e-15,8.881784197001252e-16,0.0002445999998599291
2164,WMI,50,1996,4,122,2.5979190899181356e-15,1.2212453270876722e-15,1.7999991541728377e-05
2165,ISM,50,1996,4,122,0.04976194418858701,0.006646716955777565,5.040000542066991e-05
2166,DI,50,1996,4,123,2.3812067346787018e-15,8.881784197001252e-16,0.0002533000078983605
2167,WMI,50,1996,4,123,2.5979190899181356e-15,1.2212453270876722e-15,1.7999991541728377e-05
2168,ISM,50,1996,4,123,0.04976194418858701,0.006646716955777565,4.990000161342323e-05
2169,DI,50,1996,4,124,2.3812067346787018e-15,8.881784197001252e-16,0.00020640000002458692
2170,WMI,50,1996,4,124,2.5979190899181356e-15,1.2212453270876722e-15,1.789999078027904e-05
2171,ISM,50,1996,4,124,0.04976194418858701,0.006646716955777565,4.990000161342323e-05
2172,DI,50,1996,4,125,2.3812067346787018e-15,8.881784197001252e-16,0.00022789998911321163
2173,WMI,50,1996,4,125,2.5979190899181356e-15,1.2212453270876722e-15,1.889999839477241e-05
2174,ISM,50,1996,4,125,0.04976194418858701,0.006646716955777565,5.099998088553548e-05
2175,DI,50,1996,4,126,2.3812067346787018e-15,8.881784197001252e-16,0.0002376000047661364
2176,WMI,50,1996,4,126,2.5979190899181356e-15,1.2212453270876722e-15,1.889999839477241e-05
2177,ISM,50,1996,4,126,0.04976194418858701,0.006646716955777565,5.01000031363219e-05
2178,DI,50,1996,4,127,2.3812067346787018e-15,8.881784197001252e-16,0.00022119999630376697
2179,WMI,50,1996,4,127,2.5979190899181356e-15,1.2212453270876722e-15,1.7699989257380366e-05
2180,ISM,50,1996,4,127,0.04976194418858701,0.006646716955777565,4.949999856762588e-05
2181,DI,50,1996,4,128,2.3812067346787018e-15,8.881784197001252e-16,0.0002185999765060842
2182,WMI,50,1996,4,128,2.5979190899181356e-15,1.2212453270876722e-15,1.7799990018829703e-05
2183,ISM,50,1996,4,128,0.04976194418858701,0.006646716955777565,4.959999932907522e-05
2184,DI,50,1996,4,129,2.3812067346787018e-15,8.881784197001252e-16,0.00018980001914314926
2185,WMI,50,1996,4,129,2.5979190899181356e-15,1.2212453270876722e-15,1.759998849593103e-05
2186,ISM,50,1996,4,129,0.04976194418858701,0.006646716955777565,4.9299997044727206e-05
2187,DI,50,1996,4,130,2.3812067346787018e-15,8.881784197001252e-16,0.0003595000016503036
2188,WMI,50,1996,4,130,2.5979190899181356e-15,1.2212453270876722e-15,3.070000093430281e-05
2189,ISM,50,1996,4,130,0.04976194418858701,0.006646716955777565,5.6599994422867894e-05
2190,DI,50,1996,4,131,2.3812067346787018e-15,8.881784197001252e-16,0.0002337999758310616
2191,WMI,50,1996,4,131,2.5979190899181356e-15,1.2212453270876722e-15,1.999997766688466e-05
2192,ISM,50,1996,4,131,0.04976194418858701,0.006646716955777565,5.119998240843415e-05
2193,DI,50,1996,4,132,2.3812067346787018e-15,8.881784197001252e-16,0.0002367999986745417
2194,WMI,50,1996,4,132,2.5979190899181356e-15,1.2212453270876722e-15,2.9399991035461426e-05
2195,ISM,50,1996,4,132,0.04976194418858701,0.006646716955777565,5.5599986808374524e-05
2196,DI,50,1996,4,133,2.3812067346787018e-15,8.881784197001252e-16,0.00022380001610144973
2197,WMI,50,1996,4,133,2.5979190899181356e-15,1.2212453270876722e-15,1.920000067912042e-05
2198,ISM,50,1996,4,133,0.04976194418858701,0.006646716955777565,4.990000161342323e-05
2199,DI,50,1996,4,134,2.3812067346787018e-15,8.881784197001252e-16,0.0002175999979954213
2200,WMI,50,1996,4,134,2.5979190899181356e-15,1.2212453270876722e-15,2.2599997464567423e-05
2201,ISM,50,1996,4,134,0.04976194418858701,0.006646716955777565,5.269999383017421e-05
2202,DI,50,1996,4,135,2.3812067346787018e-15,8.881784197001252e-16,0.0002497000095900148
2203,WMI,50,1996,4,135,2.5979190899181356e-15,1.2212453270876722e-15,1.8499995348975062e-05
2204,ISM,50,1996,4,135,0.04976194418858701,0.006646716955777565,5.01000031363219e-05
2205,DI,50,1996,4,136,2.3812067346787018e-15,8.881784197001252e-16,0.00024419999681413174
2206,WMI,50,1996,4,136,2.5979190899181356e-15,1.2212453270876722e-15,2.2899999748915434e-05
2207,ISM,50,1996,4,136,0.04976194418858701,0.006646716955777565,5.229999078437686e-05
2208,DI,50,1996,4,137,2.3812067346787018e-15,8.881784197001252e-16,0.00027080002473667264
2209,WMI,50,1996,4,137,2.5979190899181356e-15,1.2212453270876722e-15,2.139998832717538e-05
2210,ISM,50,1996,4,137,0.04976194418858701,0.006646716955777565,5.1700015319511294e-05
2211,DI,50,1996,4,138,2.3812067346787018e-15,8.881784197001252e-16,0.00022749998606741428
2212,WMI,50,1996,4,138,2.5979190899181356e-15,1.2212453270876722e-15,2.19999928958714e-05
2213,ISM,50,1996,4,138,0.04976194418858701,0.006646716955777565,5.089998012408614e-05
2214,DI,50,1996,4,139,2.3812067346787018e-15,8.881784197001252e-16,0.00023330000112764537
2215,WMI,50,1996,4,139,2.5979190899181356e-15,1.2212453270876722e-15,1.969997538253665e-05
2216,ISM,50,1996,4,139,0.04976194418858701,0.006646716955777565,5.0799979362636805e-05
2217,DI,50,1996,4,140,2.3812067346787018e-15,8.881784197001252e-16,0.00023609999334439635
2218,WMI,50,1996,4,140,2.5979190899181356e-15,1.2212453270876722e-15,2.0599982235580683e-05
2219,ISM,50,1996,4,140,0.04976194418858701,0.006646716955777565,5.020000389777124e-05
2220,DI,50,1996,4,141,2.3812067346787018e-15,8.881784197001252e-16,0.000225499999942258
2221,WMI,50,1996,4,141,2.5979190899181356e-15,1.2212453270876722e-15,1.7799990018829703e-05
2222,ISM,50,1996,4,141,0.04976194418858701,0.006646716955777565,4.9700000090524554e-05
2223,DI,50,1996,4,142,2.3812067346787018e-15,8.881784197001252e-16,0.000232299993513152
2224,WMI,50,1996,4,142,2.5979190899181356e-15,1.2212453270876722e-15,1.780001912266016e-05
2225,ISM,50,1996,4,142,0.04976194418858701,0.006646716955777565,4.949999856762588e-05
2226,DI,50,1996,4,143,2.3812067346787018e-15,8.881784197001252e-16,0.0002572000084910542
2227,WMI,50,1996,4,143,2.5979190899181356e-15,1.2212453270876722e-15,1.7499987734481692e-05
2228,ISM,50,1996,4,143,0.04976194418858701,0.006646716955777565,4.96999709866941e-05
2229,DI,50,1996,4,144,2.3812067346787018e-15,8.881784197001252e-16,0.0002145000034943223
2230,WMI,50,1996,4,144,2.5979190899181356e-15,1.2212453270876722e-15,2.300000051036477e-05
2231,ISM,50,1996,4,144,0.04976194418858701,0.006646716955777565,5.199998850002885e-05
2232,DI,50,1996,4,145,2.3812067346787018e-15,8.881784197001252e-16,0.00021659999038092792
2233,WMI,50,1996,4,145,2.5979190899181356e-15,1.2212453270876722e-15,1.829999382607639e-05
2234,ISM,50,1996,4,145,0.04976194418858701,0.006646716955777565,4.980000085197389e-05
2235,DI,50,1996,4,146,2.3812067346787018e-15,8.881784197001252e-16,0.00023399997735396028
2236,WMI,50,1996,4,146,2.5979190899181356e-15,1.2212453270876722e-15,1.990000600926578e-05
2237,ISM,50,1996,4,146,0.04976194418858701,0.006646716955777565,4.980000085197389e-05
2238,DI,50,1996,4,147,2.3812067346787018e-15,8.881784197001252e-16,0.00022010001703165472
2239,WMI,50,1996,4,147,2.5979190899181356e-15,1.2212453270876722e-15,1.7999991541728377e-05
2240,ISM,50,1996,4,147,0.04976194418858701,0.006646716955777565,4.949999856762588e-05
2241,DI,50,1996,4,148,2.3812067346787018e-15,8.881784197001252e-16,0.00022300001000985503
2242,WMI,50,1996,4,148,2.5979190899181356e-15,1.2212453270876722e-15,2.139998832717538e-05
2243,ISM,50,1996,4,148,0.04976194418858701,0.006646716955777565,5.1300012273713946e-05
2244,DI,50,1996,4,149,2.3812067346787018e-15,8.881784197001252e-16,0.00024599998141638935
2245,WMI,50,1996,4,149,2.5979190899181356e-15,1.2212453270876722e-15,1.920000067912042e-05
2246,ISM,50,1996,4,149,0.04976194418858701,0.006646716955777565,4.9700000090524554e-05
2247,DI,50,1996,4,150,2.3812067346787018e-15,8.881784197001252e-16,0.0002175999979954213
2248,WMI,50,1996,4,150,2.5979190899181356e-15,1.2212453270876722e-15,1.8999999156221747e-05
2249,ISM,50,1996,4,150,0.04976194418858701,0.006646716955777565,5.0499977078288794e-05
2250,DI,50,1996,4,151,2.3812067346787018e-15,8.881784197001252e-16,0.00021299999207258224
2251,WMI,50,1996,4,151,2.5979190899181356e-15,1.2212453270876722e-15,1.960000372491777e-05
2252,ISM,50,1996,4,151,0.04976194418858701,0.006646716955777565,4.990000161342323e-05
2253,DI,50,1996,4,152,2.3812067346787018e-15,8.881784197001252e-16,0.00022390001686289907
2254,WMI,50,1996,4,152,2.5979190899181356e-15,1.2212453270876722e-15,1.7400016076862812e-05
2255,ISM,50,1996,4,152,0.04976194418858701,0.006646716955777565,4.949999856762588e-05
2256,DI,50,1996,4,153,2.3812067346787018e-15,8.881784197001252e-16,0.00022610000451095402
2257,WMI,50,1996,4,153,2.5979190899181356e-15,1.2212453270876722e-15,1.8799997633323073e-05
2258,ISM,50,1996,4,153,0.04976194418858701,0.006646716955777565,5.0300004659220576e-05
2259,DI,50,1996,4,154,2.3812067346787018e-15,8.881784197001252e-16,0.00021590001415461302
2260,WMI,50,1996,4,154,2.5979190899181356e-15,1.2212453270876722e-15,1.9400002202019095e-05
2261,ISM,50,1996,4,154,0.04976194418858701,0.006646716955777565,4.980000085197389e-05
2262,DI,50,1996,4,155,2.3812067346787018e-15,8.881784197001252e-16,0.0002271000121254474
2263,WMI,50,1996,4,155,2.5979190899181356e-15,1.2212453270876722e-15,1.9099999917671084e-05
2264,ISM,50,1996,4,155,0.04976194418858701,0.006646716955777565,5.0700007705017924e-05
2265,DI,50,1996,4,156,2.3812067346787018e-15,8.881784197001252e-16,0.00020840001525357366
2266,WMI,50,1996,4,156,2.5979190899181356e-15,1.2212453270876722e-15,1.7499987734481692e-05
2267,ISM,50,1996,4,156,0.04976194418858701,0.006646716955777565,4.980000085197389e-05
2268,DI,50,1996,4,157,2.3812067346787018e-15,8.881784197001252e-16,0.00021390002802945673
2269,WMI,50,1996,4,157,2.5979190899181356e-15,1.2212453270876722e-15,1.9500002963468432e-05
2270,ISM,50,1996,4,157,0.04976194418858701,0.006646716955777565,5.020000389777124e-05
2271,DI,50,1996,4,158,2.3812067346787018e-15,8.881784197001252e-16,0.00024300001678057015
2272,WMI,50,1996,4,158,2.5979190899181356e-15,1.2212453270876722e-15,1.8399994587525725e-05
2273,ISM,50,1996,4,158,0.04976194418858701,0.006646716955777565,5.0000002374872565e-05
2274,DI,50,1996,4,159,2.3812067346787018e-15,8.881784197001252e-16,0.00021100000594742596
2275,WMI,50,1996,4,159,2.5979190899181356e-15,1.2212453270876722e-15,1.85999961104244e-05
2276,ISM,50,1996,4,159,0.04976194418858701,0.006646716955777565,4.9700000090524554e-05
2277,DI,50,1996,4,160,2.3812067346787018e-15,8.881784197001252e-16,0.0002580000145826489
2278,WMI,50,1996,4,160,2.5979190899181356e-15,1.2212453270876722e-15,1.7300015315413475e-05
2279,ISM,50,1996,4,160,0.04976194418858701,0.006646716955777565,5.0300004659220576e-05
2280,DI,50,1996,4,161,2.3812067346787018e-15,8.881784197001252e-16,0.00020619999850168824
2281,WMI,50,1996,4,161,2.5979190899181356e-15,1.2212453270876722e-15,1.7499987734481692e-05
2282,ISM,50,1996,4,161,0.04976194418858701,0.006646716955777565,4.909999552182853e-05
2283,DI,50,1996,4,162,2.3812067346787018e-15,8.881784197001252e-16,0.00023969999165274203
2284,WMI,50,1996,4,162,2.5979190899181356e-15,1.2212453270876722e-15,2.1400017431005836e-05
2285,ISM,50,1996,4,162,0.04976194418858701,0.006646716955777565,5.219999002292752e-05
2286,DI,50,1996,4,163,2.3812067346787018e-15,8.881784197001252e-16,0.00021620001643896103
2287,WMI,50,1996,4,163,2.5979190899181356e-15,1.2212453270876722e-15,1.960000372491777e-05
2288,ISM,50,1996,4,163,0.04976194418858701,0.006646716955777565,5.019997479394078e-05
2289,DI,50,1996,4,164,2.3812067346787018e-15,8.881784197001252e-16,0.00023380000493489206
2290,WMI,50,1996,4,164,2.5979190899181356e-15,1.2212453270876722e-15,1.7699989257380366e-05
2291,ISM,50,1996,4,164,0.04976194418858701,0.006646716955777565,4.939999780617654e-05
2292,DI,50,1996,4,165,2.3812067346787018e-15,8.881784197001252e-16,0.00022679998073726892
2293,WMI,50,1996,4,165,2.5979190899181356e-15,1.2212453270876722e-15,1.789999078027904e-05
2294,ISM,50,1996,4,165,0.04976194418858701,0.006646716955777565,5.110001075081527e-05
2295,DI,50,1996,4,166,2.3812067346787018e-15,8.881784197001252e-16,0.00025779998395591974
2296,WMI,50,1996,4,166,2.5979190899181356e-15,1.2212453270876722e-15,2.1499989088624716e-05
2297,ISM,50,1996,4,166,0.04976194418858701,0.006646716955777565,5.160001455806196e-05
2298,DI,50,1996,4,167,2.3812067346787018e-15,8.881784197001252e-16,0.0002238999877590686
2299,WMI,50,1996,4,167,2.5979190899181356e-15,1.2212453270876722e-15,1.8099992303177714e-05
2300,ISM,50,1996,4,167,0.04976194418858701,0.006646716955777565,4.990000161342323e-05
2301,DI,50,1996,4,168,2.3812067346787018e-15,8.881784197001252e-16,0.00022069999249652028
2302,WMI,50,1996,4,168,2.5979190899181356e-15,1.2212453270876722e-15,1.8999999156221747e-05
2303,ISM,50,1996,4,168,0.04976194418858701,0.006646716955777565,4.939999780617654e-05
2304,DI,50,1996,4,169,2.3812067346787018e-15,8.881784197001252e-16,0.00021930001094006002
2305,WMI,50,1996,4,169,2.5979190899181356e-15,1.2212453270876722e-15,1.930000144056976e-05
2306,ISM,50,1996,4,169,0.04976194418858701,0.006646716955777565,4.990000161342323e-05
2307,DI,50,1996,4,170,2.3812067346787018e-15,8.881784197001252e-16,0.0002902999985963106
2308,WMI,50,1996,4,170,2.5979190899181356e-15,1.2212453270876722e-15,2.030000905506313e-05
2309,ISM,50,1996,4,170,0.04976194418858701,0.006646716955777565,5.1000009989365935e-05
2310,DI,50,1996,4,171,2.3812067346787018e-15,8.881784197001252e-16,0.0001941000227816403
2311,WMI,50,1996,4,171,2.5979190899181356e-15,1.2212453270876722e-15,1.7200014553964138e-05
2312,ISM,50,1996,4,171,0.04976194418858701,0.006646716955777565,4.980000085197389e-05
2313,DI,50,1996,4,172,2.3812067346787018e-15,8.881784197001252e-16,0.00031939998734742403
2314,WMI,50,1996,4,172,2.5979190899181356e-15,1.2212453270876722e-15,3.170000854879618e-05
2315,ISM,50,1996,4,172,0.04976194418858701,0.006646716955777565,5.750000127591193e-05
2316,DI,50,1996,4,173,2.3812067346787018e-15,8.881784197001252e-16,0.0002854999911505729
2317,WMI,50,1996,4,173,2.5979190899181356e-15,1.2212453270876722e-15,2.8000009479001164e-05
2318,ISM,50,1996,4,173,0.04976194418858701,0.006646716955777565,5.420000525191426e-05
2319,DI,50,1996,4,174,2.3812067346787018e-15,8.881784197001252e-16,0.00023900001542642713
2320,WMI,50,1996,4,174,2.5979190899181356e-15,1.2212453270876722e-15,2.1299987565726042e-05
2321,ISM,50,1996,4,174,0.04976194418858701,0.006646716955777565,5.09000092279166e-05
2322,DI,50,1996,4,175,2.3812067346787018e-15,8.881784197001252e-16,0.0002246999938506633
2323,WMI,50,1996,4,175,2.5979190899181356e-15,1.2212453270876722e-15,2.1099986042827368e-05
2324,ISM,50,1996,4,175,0.04976194418858701,0.006646716955777565,5.01000031363219e-05
2325,DI,50,1996,4,176,2.3812067346787018e-15,8.881784197001252e-16,0.0002345999819226563
2326,WMI,50,1996,4,176,2.5979190899181356e-15,1.2212453270876722e-15,1.8499995348975062e-05
2327,ISM,50,1996,4,176,0.04976194418858701,0.006646716955777565,4.959999932907522e-05
2328,DI,50,1996,4,177,2.3812067346787018e-15,8.881784197001252e-16,0.00022059999173507094
2329,WMI,50,1996,4,177,2.5979190899181356e-15,1.2212453270876722e-15,2.0800012862309813e-05
2330,ISM,50,1996,4,177,0.04976194418858701,0.006646716955777565,5.0300004659220576e-05
2331,DI,50,1996,4,178,2.3812067346787018e-15,8.881784197001252e-16,0.0002613999822642654
2332,WMI,50,1996,4,178,2.5979190899181356e-15,1.2212453270876722e-15,1.9500002963468432e-05
2333,ISM,50,1996,4,178,0.04976194418858701,0.006646716955777565,4.990000161342323e-05
2334,DI,50,1996,4,179,2.3812067346787018e-15,8.881784197001252e-16,0.00025129999266937375
2335,WMI,50,1996,4,179,2.5979190899181356e-15,1.2212453270876722e-15,1.789999078027904e-05
2336,ISM,50,1996,4,179,0.04976194418858701,0.006646716955777565,4.9700000090524554e-05
2337,DI,50,1996,4,180,2.3812067346787018e-15,8.881784197001252e-16,0.00023790000705048442
2338,WMI,50,1996,4,180,2.5979190899181356e-15,1.2212453270876722e-15,1.8000020645558834e-05
2339,ISM,50,1996,4,180,0.04976194418858701,0.006646716955777565,5.060000694356859e-05
2340,DI,50,1996,4,181,2.3812067346787018e-15,8.881784197001252e-16,0.00022780001745559275
2341,WMI,50,1996,4,181,2.5979190899181356e-15,1.2212453270876722e-15,1.689998316578567e-05
2342,ISM,50,1996,4,181,0.04976194418858701,0.006646716955777565,4.7999987145885825e-05
2343,DI,50,1996,4,182,2.3812067346787018e-15,8.881784197001252e-16,0.00022639997769147158
2344,WMI,50,1996,4,182,2.5979190899181356e-15,1.2212453270876722e-15,1.92999723367393e-05
2345,ISM,50,1996,4,182,0.04976194418858701,0.006646716955777565,4.81999886687845e-05
2346,DI,50,1996,4,183,2.3812067346787018e-15,8.881784197001252e-16,0.00021010002819821239
2347,WMI,50,1996,4,183,2.5979190899181356e-15,1.2212453270876722e-15,1.7300015315413475e-05
2348,ISM,50,1996,4,183,0.04976194418858701,0.006646716955777565,4.800001624971628e-05
2349,DI,50,1996,4,184,2.3812067346787018e-15,8.881784197001252e-16,0.00021200001356191933
2350,WMI,50,1996,4,184,2.5979190899181356e-15,1.2212453270876722e-15,1.8799997633323073e-05
2351,ISM,50,1996,4,184,0.04976194418858701,0.006646716955777565,4.849999095313251e-05
2352,DI,50,1996,4,185,2.3812067346787018e-15,8.881784197001252e-16,0.00022600000374950469
2353,WMI,50,1996,4,185,2.5979190899181356e-15,1.2212453270876722e-15,1.8700025975704193e-05
2354,ISM,50,1996,4,185,0.04976194418858701,0.006646716955777565,4.859999171458185e-05
2355,DI,50,1996,4,186,2.3812067346787018e-15,8.881784197001252e-16,0.00025189999723806977
2356,WMI,50,1996,4,186,2.5979190899181356e-15,1.2212453270876722e-15,1.9099999917671084e-05
2357,ISM,50,1996,4,186,0.04976194418858701,0.006646716955777565,4.849999095313251e-05
2358,DI,50,1996,4,187,2.3812067346787018e-15,8.881784197001252e-16,0.00026470000739209354
2359,WMI,50,1996,4,187,2.5979190899181356e-15,1.2212453270876722e-15,2.509998739697039e-05
2360,ISM,50,1996,4,187,0.04976194418858701,0.006646716955777565,5.4800009820610285e-05
2361,DI,50,1996,4,188,2.3812067346787018e-15,8.881784197001252e-16,0.00021310002193786204
2362,WMI,50,1996,4,188,2.5979190899181356e-15,1.2212453270876722e-15,1.9099999917671084e-05
2363,ISM,50,1996,4,188,0.04976194418858701,0.006646716955777565,4.949999856762588e-05
2364,DI,50,1996,4,189,2.3812067346787018e-15,8.881784197001252e-16,0.00022869999520480633
2365,WMI,50,1996,4,189,2.5979190899181356e-15,1.2212453270876722e-15,2.3800006601959467e-05
2366,ISM,50,1996,4,189,0.04976194418858701,0.006646716955777565,5.069997860118747e-05
2367,DI,50,1996,4,190,2.3812067346787018e-15,8.881784197001252e-16,0.0002145000034943223
2368,WMI,50,1996,4,190,2.5979190899181356e-15,1.2212453270876722e-15,1.7999991541728377e-05
2369,ISM,50,1996,4,190,0.04976194418858701,0.006646716955777565,4.889999399892986e-05
2370,DI,50,1996,4,191,2.3812067346787018e-15,8.881784197001252e-16,0.00021620001643896103
2371,WMI,50,1996,4,191,2.5979190899181356e-15,1.2212453270876722e-15,2.19999928958714e-05
2372,ISM,50,1996,4,191,0.04976194418858701,0.006646716955777565,5.0000002374872565e-05
2373,DI,50,1996,4,192,2.3812067346787018e-15,8.881784197001252e-16,0.00023659999715164304
2374,WMI,50,1996,4,192,2.5979190899181356e-15,1.2212453270876722e-15,1.819999306462705e-05
2375,ISM,50,1996,4,192,0.04976194418858701,0.006646716955777565,4.840001929551363e-05
2376,DI,50,1996,4,193,2.3812067346787018e-15,8.881784197001252e-16,0.0006138999888207763
2377,WMI,50,1996,4,193,2.5979190899181356e-15,1.2212453270876722e-15,2.4600012693554163e-05
2378,ISM,50,1996,4,193,0.04976194418858701,0.006646716955777565,5.0499977078288794e-05
2379,DI,50,1996,4,194,2.3812067346787018e-15,8.881784197001252e-16,0.00022869999520480633
2380,WMI,50,1996,4,194,2.5979190899181356e-15,1.2212453270876722e-15,2.6599998818710446e-05
2381,ISM,50,1996,4,194,0.04976194418858701,0.006646716955777565,5.420000525191426e-05
2382,DI,50,1996,4,195,2.3812067346787018e-15,8.881784197001252e-16,0.00022329998319037259
2383,WMI,50,1996,4,195,2.5979190899181356e-15,1.2212453270876722e-15,1.960000372491777e-05
2384,ISM,50,1996,4,195,0.04976194418858701,0.006646716955777565,4.879999323748052e-05
2385,DI,50,1996,4,196,2.3812067346787018e-15,8.881784197001252e-16,0.00024870000197552145
2386,WMI,50,1996,4,196,2.5979190899181356e-15,1.2212453270876722e-15,2.2499996703118086e-05
2387,ISM,50,1996,4,196,0.04976194418858701,0.006646716955777565,5.01000031363219e-05
2388,DI,50,1996,4,197,2.3812067346787018e-15,8.881784197001252e-16,0.00022340001305565238
2389,WMI,50,1996,4,197,2.5979190899181356e-15,1.2212453270876722e-15,1.920000067912042e-05
2390,ISM,50,1996,4,197,0.04976194418858701,0.006646716955777565,4.839999019168317e-05
2391,DI,50,1996,4,198,2.3812067346787018e-15,8.881784197001252e-16,0.00021739999647252262
2392,WMI,50,1996,4,198,2.5979190899181356e-15,1.2212453270876722e-15,2.0100007532164454e-05
2393,ISM,50,1996,4,198,0.04976194418858701,0.006646716955777565,5.09000092279166e-05
2394,DI,50,1996,4,199,2.3812067346787018e-15,8.881784197001252e-16,0.0002541000139899552
2395,WMI,50,1996,4,199,2.5979190899181356e-15,1.2212453270876722e-15,1.810002140700817e-05
2396,ISM,50,1996,4,199,0.04976194418858701,0.006646716955777565,4.939999780617654e-05
2397,DI,50,1996,4,200,2.3812067346787018e-15,8.881784197001252e-16,0.00022190000163391232
2398,WMI,50,1996,4,200,2.5979190899181356e-15,1.2212453270876722e-15,1.9099999917671084e-05
2399,ISM,50,1996,4,200,0.04976194418858701,0.006646716955777565,4.879999323748052e-05
2400,DI,50,1995,5,1,2.1637640501278684e-15,6.661338147750939e-16,0.0006812000065110624
2401,WMI,50,1995,5,1,2.5207891805087796e-15,8.881784197001252e-16,0.00010539998766034842
2402,ISM,50,1995,5,1,0.05779574292068716,0.006769559243132717,0.00019350001821294427
2403,DI,50,1995,5,2,2.1637640501278684e-15,6.661338147750939e-16,0.000986300001386553
2404,WMI,50,1995,5,2,2.5207891805087796e-15,8.881784197001252e-16,4.810001701116562e-05
2405,ISM,50,1995,5,2,0.05779574292068716,0.006769559243132717,0.00011490000179037452
2406,DI,50,1995,5,3,2.1637640501278684e-15,6.661338147750939e-16,0.00040550000267103314
2407,WMI,50,1995,5,3,2.5207891805087796e-15,8.881784197001252e-16,2.9199989512562752e-05
2408,ISM,50,1995,5,3,0.05779574292068716,0.006769559243132717,6.839999696239829e-05
2409,DI,50,1995,5,4,2.1637640501278684e-15,6.661338147750939e-16,0.0003433000238146633
2410,WMI,50,1995,5,4,2.5207891805087796e-15,8.881784197001252e-16,3.0199997127056122e-05
2411,ISM,50,1995,5,4,0.05779574292068716,0.006769559243132717,6.429999484680593e-05
2412,DI,50,1995,5,5,2.1637640501278684e-15,6.661338147750939e-16,0.00032279998413287103
2413,WMI,50,1995,5,5,2.5207891805087796e-15,8.881784197001252e-16,6.779999239370227e-05
2414,ISM,50,1995,5,5,0.05779574292068716,0.006769559243132717,0.00014109999756328762
2415,DI,50,1995,5,6,2.1637640501278684e-15,6.661338147750939e-16,0.00030559999868273735
2416,WMI,50,1995,5,6,2.5207891805087796e-15,8.881784197001252e-16,2.2499996703118086e-05
2417,ISM,50,1995,5,6,0.05779574292068716,0.006769559243132717,6.0200021835044026e-05
2418,DI,50,1995,5,7,2.1637640501278684e-15,6.661338147750939e-16,0.00027910000062547624
2419,WMI,50,1995,5,7,2.5207891805087796e-15,8.881784197001252e-16,5.85000088904053e-05
2420,ISM,50,1995,5,7,0.05779574292068716,0.006769559243132717,0.00013699999544769526
2421,DI,50,1995,5,8,2.1637640501278684e-15,6.661338147750939e-16,0.0003017000271938741
2422,WMI,50,1995,5,8,2.5207891805087796e-15,8.881784197001252e-16,3.6500015994533896e-05
2423,ISM,50,1995,5,8,0.05779574292068716,0.006769559243132717,7.070001447573304e-05
2424,DI,50,1995,5,9,2.1637640501278684e-15,6.661338147750939e-16,0.0002623999898787588
2425,WMI,50,1995,5,9,2.5207891805087796e-15,8.881784197001252e-16,2.449998282827437e-05
2426,ISM,50,1995,5,9,0.05779574292068716,0.006769559243132717,0.00015050001093186438
2427,DI,50,1995,5,10,2.1637640501278684e-15,6.661338147750939e-16,0.00024930000654421747
2428,WMI,50,1995,5,10,2.5207891805087796e-15,8.881784197001252e-16,2.340000355616212e-05
2429,ISM,50,1995,5,10,0.05779574292068716,0.006769559243132717,6.059999577701092e-05
2430,DI,50,1995,5,11,2.1637640501278684e-15,6.661338147750939e-16,0.00021779999951831996
2431,WMI,50,1995,5,11,2.5207891805087796e-15,8.881784197001252e-16,2.7700007194653153e-05
2432,ISM,50,1995,5,11,0.05779574292068716,0.006769559243132717,6.250001024454832e-05
2433,DI,50,1995,5,12,2.1637640501278684e-15,6.661338147750939e-16,0.00025450001703575253
2434,WMI,50,1995,5,12,2.5207891805087796e-15,8.881784197001252e-16,2.1700019715353847e-05
2435,ISM,50,1995,5,12,0.05779574292068716,0.006769559243132717,5.910001345910132e-05
2436,DI,50,1995,5,13,2.1637640501278684e-15,6.661338147750939e-16,0.00023110001347959042
2437,WMI,50,1995,5,13,2.5207891805087796e-15,8.881784197001252e-16,1.9800005247816443e-05
2438,ISM,50,1995,5,13,0.05779574292068716,0.006769559243132717,5.970001802779734e-05
2439,DI,50,1995,5,14,2.1637640501278684e-15,6.661338147750939e-16,0.00017919999663718045
2440,WMI,50,1995,5,14,2.5207891805087796e-15,8.881784197001252e-16,1.7900019884109497e-05
2441,ISM,50,1995,5,14,0.05779574292068716,0.006769559243132717,5.8900011936202645e-05
2442,DI,50,1995,5,15,2.1637640501278684e-15,6.661338147750939e-16,0.00021779999951831996
2443,WMI,50,1995,5,15,2.5207891805087796e-15,8.881784197001252e-16,2.4899985874071717e-05
2444,ISM,50,1995,5,15,0.05779574292068716,0.006769559243132717,6.459999713115394e-05
2445,DI,50,1995,5,16,2.1637640501278684e-15,6.661338147750939e-16,0.0005851000023540109
2446,WMI,50,1995,5,16,2.5207891805087796e-15,8.881784197001252e-16,3.429999924264848e-05
2447,ISM,50,1995,5,16,0.05779574292068716,0.006769559243132717,6.660001236014068e-05
2448,DI,50,1995,5,17,2.1637640501278684e-15,6.661338147750939e-16,0.00066970000625588
2449,WMI,50,1995,5,17,2.5207891805087796e-15,8.881784197001252e-16,3.679998917505145e-05
2450,ISM,50,1995,5,17,0.05779574292068716,0.006769559243132717,7.6299998909235e-05
2451,DI,50,1995,5,18,2.1637640501278684e-15,6.661338147750939e-16,0.000295600009849295
2452,WMI,50,1995,5,18,2.5207891805087796e-15,8.881784197001252e-16,2.780000795610249e-05
2453,ISM,50,1995,5,18,0.05779574292068716,0.006769559243132717,6.350001785904169e-05
2454,DI,50,1995,5,19,2.1637640501278684e-15,6.661338147750939e-16,0.0002384000108577311
2455,WMI,50,1995,5,19,2.5207891805087796e-15,8.881784197001252e-16,2.4900014977902174e-05
2456,ISM,50,1995,5,19,0.05779574292068716,0.006769559243132717,6.130000110715628e-05
2457,DI,50,1995,5,20,2.1637640501278684e-15,6.661338147750939e-16,0.0002859999949578196
2458,WMI,50,1995,5,20,2.5207891805087796e-15,8.881784197001252e-16,2.1499989088624716e-05
2459,ISM,50,1995,5,20,0.05779574292068716,0.006769559243132717,6.089999806135893e-05
2460,DI,50,1995,5,21,2.1637640501278684e-15,6.661338147750939e-16,0.00022980000358074903
2461,WMI,50,1995,5,21,2.5207891805087796e-15,8.881784197001252e-16,1.960000372491777e-05
2462,ISM,50,1995,5,21,0.05779574292068716,0.006769559243132717,5.909998435527086e-05
2463,DI,50,1995,5,22,2.1637640501278684e-15,6.661338147750939e-16,0.00023800000781193376
2464,WMI,50,1995,5,22,2.5207891805087796e-15,8.881784197001252e-16,2.060001133941114e-05
2465,ISM,50,1995,5,22,0.05779574292068716,0.006769559243132717,6.299998494796455e-05
2466,DI,50,1995,5,23,2.1637640501278684e-15,6.661338147750939e-16,0.0002641000028233975
2467,WMI,50,1995,5,23,2.5207891805087796e-15,8.881784197001252e-16,2.440001117065549e-05
2468,ISM,50,1995,5,23,0.05779574292068716,0.006769559243132717,6.210000719875097e-05
2469,DI,50,1995,5,24,2.1637640501278684e-15,6.661338147750939e-16,0.00025359998107887805
2470,WMI,50,1995,5,24,2.5207891805087796e-15,8.881784197001252e-16,2.2499996703118086e-05
2471,ISM,50,1995,5,24,0.05779574292068716,0.006769559243132717,6.479999865405262e-05
2472,DI,50,1995,5,25,2.1637640501278684e-15,6.661338147750939e-16,0.000377499993192032
2473,WMI,50,1995,5,25,2.5207891805087796e-15,8.881784197001252e-16,0.00011110000195913017
2474,ISM,50,1995,5,25,0.05779574292068716,0.006769559243132717,6.3000014051795e-05
2475,DI,50,1995,5,26,2.1637640501278684e-15,6.661338147750939e-16,0.0004655999946407974
2476,WMI,50,1995,5,26,2.5207891805087796e-15,8.881784197001252e-16,0.00010749997454695404
2477,ISM,50,1995,5,26,0.05779574292068716,0.006769559243132717,0.0002469999890308827
2478,DI,50,1995,5,27,2.1637640501278684e-15,6.661338147750939e-16,0.000513100007083267
2479,WMI,50,1995,5,27,2.5207891805087796e-15,8.881784197001252e-16,2.8000009479001164e-05
2480,ISM,50,1995,5,27,0.05779574292068716,0.006769559243132717,6.38000201433897e-05
2481,DI,50,1995,5,28,2.1637640501278684e-15,6.661338147750939e-16,0.00042050000047311187
2482,WMI,50,1995,5,28,2.5207891805087796e-15,8.881784197001252e-16,3.6200013710185885e-05
2483,ISM,50,1995,5,28,0.05779574292068716,0.006769559243132717,6.439999560825527e-05
2484,DI,50,1995,5,29,2.1637640501278684e-15,6.661338147750939e-16,0.0006452999950852245
2485,WMI,50,1995,5,29,2.5207891805087796e-15,8.881784197001252e-16,7.070001447573304e-05
2486,ISM,50,1995,5,29,0.05779574292068716,0.006769559243132717,6.660001236014068e-05
2487,DI,50,1995,5,30,2.1637640501278684e-15,6.661338147750939e-16,0.0007040000054985285
2488,WMI,50,1995,5,30,2.5207891805087796e-15,8.881784197001252e-16,4.5599997974932194e-05
2489,ISM,50,1995,5,30,0.05779574292068716,0.006769559243132717,6.699998630210757e-05
2490,DI,50,1995,5,31,2.1637640501278684e-15,6.661338147750939e-16,0.00039430000470019877
2491,WMI,50,1995,5,31,2.5207891805087796e-15,8.881784197001252e-16,6.6100008552894e-05
2492,ISM,50,1995,5,31,0.05779574292068716,0.006769559243132717,8.080000407062471e-05
2493,DI,50,1995,5,32,2.1637640501278684e-15,6.661338147750939e-16,0.0003929000231437385
2494,WMI,50,1995,5,32,2.5207891805087796e-15,8.881784197001252e-16,3.229998401366174e-05
2495,ISM,50,1995,5,32,0.05779574292068716,0.006769559243132717,6.75999908708036e-05
2496,DI,50,1995,5,33,2.1637640501278684e-15,6.661338147750939e-16,0.00035909999860450625
2497,WMI,50,1995,5,33,2.5207891805087796e-15,8.881784197001252e-16,0.00011829999857582152
2498,ISM,50,1995,5,33,0.05779574292068716,0.006769559243132717,0.00026420000358484685
2499,DI,50,1995,5,34,2.1637640501278684e-15,6.661338147750939e-16,0.0005093000072520226
2500,WMI,50,1995,5,34,2.5207891805087796e-15,8.881784197001252e-16,9.499999578110874e-05
2501,ISM,50,1995,5,34,0.05779574292068716,0.006769559243132717,0.0001694000093266368
2502,DI,50,1995,5,35,2.1637640501278684e-15,6.661338147750939e-16,0.0003445000038482249
2503,WMI,50,1995,5,35,2.5207891805087796e-15,8.881784197001252e-16,0.00010480001219548285
2504,ISM,50,1995,5,35,0.05779574292068716,0.006769559243132717,0.00026610001805238426
2505,DI,50,1995,5,36,2.1637640501278684e-15,6.661338147750939e-16,0.0004936000041197985
2506,WMI,50,1995,5,36,2.5207891805087796e-15,8.881784197001252e-16,0.00010569998994469643
2507,ISM,50,1995,5,36,0.05779574292068716,0.006769559243132717,0.00026989998877979815
2508,DI,50,1995,5,37,2.1637640501278684e-15,6.661338147750939e-16,0.0004841999907512218
2509,WMI,50,1995,5,37,2.5207891805087796e-15,8.881784197001252e-16,0.00010299999848939478
2510,ISM,50,1995,5,37,0.05779574292068716,0.006769559243132717,0.00027260000933893025
2511,DI,50,1995,5,38,2.1637640501278684e-15,6.661338147750939e-16,0.0004264999879524112
2512,WMI,50,1995,5,38,2.5207891805087796e-15,8.881784197001252e-16,3.1800009310245514e-05
2513,ISM,50,1995,5,38,0.05779574292068716,0.006769559243132717,6.590000702999532e-05
2514,DI,50,1995,5,39,2.1637640501278684e-15,6.661338147750939e-16,0.0003330000035930425
2515,WMI,50,1995,5,39,2.5207891805087796e-15,8.881784197001252e-16,0.00010070001007989049
2516,ISM,50,1995,5,39,0.05779574292068716,0.006769559243132717,0.00027320001390762627
2517,DI,50,1995,5,40,2.1637640501278684e-15,6.661338147750939e-16,0.0004752999811898917
2518,WMI,50,1995,5,40,2.5207891805087796e-15,8.881784197001252e-16,9.960000170394778e-05
2519,ISM,50,1995,5,40,0.05779574292068716,0.006769559243132717,0.0002707999956328422
2520,DI,50,1995,5,41,2.1637640501278684e-15,6.661338147750939e-16,0.0004025000089313835
2521,WMI,50,1995,5,41,2.5207891805087796e-15,8.881784197001252e-16,2.7900008717551827e-05
2522,ISM,50,1995,5,41,0.05779574292068716,0.006769559243132717,6.379999103955925e-05
2523,DI,50,1995,5,42,2.1637640501278684e-15,6.661338147750939e-16,0.00033290000283159316
2524,WMI,50,1995,5,42,2.5207891805087796e-15,8.881784197001252e-16,0.00010060000931844115
2525,ISM,50,1995,5,42,0.05779574292068716,0.006769559243132717,0.00026699999580159783
2526,DI,50,1995,5,43,2.1637640501278684e-15,6.661338147750939e-16,0.0004759000148624182
2527,WMI,50,1995,5,43,2.5207891805087796e-15,8.881784197001252e-16,3.789999755099416e-05
2528,ISM,50,1995,5,43,0.05779574292068716,0.006769559243132717,7.569999434053898e-05
2529,DI,50,1995,5,44,2.1637640501278684e-15,6.661338147750939e-16,0.00036720000207424164
2530,WMI,50,1995,5,44,2.5207891805087796e-15,8.881784197001252e-16,0.00010070001007989049
2531,ISM,50,1995,5,44,0.05779574292068716,0.006769559243132717,6.630001007579267e-05
2532,DI,50,1995,5,45,2.1637640501278684e-15,6.661338147750939e-16,0.00044880001223646104
2533,WMI,50,1995,5,45,2.5207891805087796e-15,8.881784197001252e-16,6.10999995842576e-05
2534,ISM,50,1995,5,45,0.05779574292068716,0.006769559243132717,0.00013760000001639128
2535,DI,50,1995,5,46,2.1637640501278684e-15,6.661338147750939e-16,0.00045209997915662825
2536,WMI,50,1995,5,46,2.5207891805087796e-15,8.881784197001252e-16,0.00010110001312568784
2537,ISM,50,1995,5,46,0.05779574292068716,0.006769559243132717,6.739998934790492e-05
2538,DI,50,1995,5,47,2.1637640501278684e-15,6.661338147750939e-16,0.0003521000035107136
2539,WMI,50,1995,5,47,2.5207891805087796e-15,8.881784197001252e-16,9.48999950196594e-05
2540,ISM,50,1995,5,47,0.05779574292068716,0.006769559243132717,0.00024579997989349067
2541,DI,50,1995,5,48,2.1637640501278684e-15,6.661338147750939e-16,0.00042359999497421086
2542,WMI,50,1995,5,48,2.5207891805087796e-15,8.881784197001252e-16,5.85000088904053e-05
2543,ISM,50,1995,5,48,0.05779574292068716,0.006769559243132717,0.0001647999742999673
2544,DI,50,1995,5,49,2.1637640501278684e-15,6.661338147750939e-16,0.0004044999950565398
2545,WMI,50,1995,5,49,2.5207891805087796e-15,8.881784197001252e-16,8.960001287050545e-05
2546,ISM,50,1995,5,49,0.05779574292068716,0.006769559243132717,0.00023440000950358808
2547,DI,50,1995,5,50,2.1637640501278684e-15,6.661338147750939e-16,0.000385499995900318
2548,WMI,50,1995,5,50,2.5207891805087796e-15,8.881784197001252e-16,2.9399991035461426e-05
2549,ISM,50,1995,5,50,0.05779574292068716,0.006769559243132717,6.550000398419797e-05
2550,DI,50,1995,5,51,2.1637640501278684e-15,6.661338147750939e-16,0.0003358999965712428
2551,WMI,50,1995,5,51,2.5207891805087796e-15,8.881784197001252e-16,2.0500010577961802e-05
2552,ISM,50,1995,5,51,0.05779574292068716,0.006769559243132717,5.970001802779734e-05
2553,DI,50,1995,5,52,2.1637640501278684e-15,6.661338147750939e-16,0.0003132999991066754
2554,WMI,50,1995,5,52,2.5207891805087796e-15,8.881784197001252e-16,1.7999991541728377e-05
2555,ISM,50,1995,5,52,0.05779574292068716,0.006769559243132717,5.9999991208314896e-05
2556,DI,50,1995,5,53,2.1637640501278684e-15,6.661338147750939e-16,0.0003404000017326325
2557,WMI,50,1995,5,53,2.5207891805087796e-15,8.881784197001252e-16,8.339999476447701e-05
2558,ISM,50,1995,5,53,0.05779574292068716,0.006769559243132717,0.00022109999554231763
2559,DI,50,1995,5,54,2.1637640501278684e-15,6.661338147750939e-16,0.00042199998279102147
2560,WMI,50,1995,5,54,2.5207891805087796e-15,8.881784197001252e-16,6.809999467805028e-05
2561,ISM,50,1995,5,54,0.05779574292068716,0.006769559243132717,0.00020119998953305185
2562,DI,50,1995,5,55,2.1637640501278684e-15,6.661338147750939e-16,0.0003980000037699938
2563,WMI,50,1995,5,55,2.5207891805087796e-15,8.881784197001252e-16,6.290001329034567e-05
2564,ISM,50,1995,5,55,0.05779574292068716,0.006769559243132717,0.00018159998580813408
2565,DI,50,1995,5,56,2.1637640501278684e-15,6.661338147750939e-16,0.00039989998913370073
2566,WMI,50,1995,5,56,2.5207891805087796e-15,8.881784197001252e-16,2.1000014385208488e-05
2567,ISM,50,1995,5,56,0.05779574292068716,0.006769559243132717,6.0999998822808266e-05
2568,DI,50,1995,5,57,2.1637640501278684e-15,6.661338147750939e-16,0.00032610000926069915
2569,WMI,50,1995,5,57,2.5207891805087796e-15,8.881784197001252e-16,6.44999963697046e-05
2570,ISM,50,1995,5,57,0.05779574292068716,0.006769559243132717,0.00017250000382773578
2571,DI,50,1995,5,58,2.1637640501278684e-15,6.661338147750939e-16,0.00044299999717622995
2572,WMI,50,1995,5,58,2.5207891805087796e-15,8.881784197001252e-16,5.9900019550696015e-05
2573,ISM,50,1995,5,58,0.05779574292068716,0.006769559243132717,0.00016319999122060835
2574,DI,50,1995,5,59,2.1637640501278684e-15,6.661338147750939e-16,0.000405599974328652
2575,WMI,50,1995,5,59,2.5207891805087796e-15,8.881784197001252e-16,2.1899992134422064e-05
2576,ISM,50,1995,5,59,0.05779574292068716,0.006769559243132717,6.290001329034567e-05
2577,DI,50,1995,5,60,2.1637640501278684e-15,6.661338147750939e-16,0.00032690001535229385
2578,WMI,50,1995,5,60,2.5207891805087796e-15,8.881784197001252e-16,5.629999213851988e-05
2579,ISM,50,1995,5,60,0.05779574292068716,0.006769559243132717,0.00015459998394362628
2580,DI,50,1995,5,61,2.1637640501278684e-15,6.661338147750939e-16,0.0004155999922659248
2581,WMI,50,1995,5,61,2.5207891805087796e-15,8.881784197001252e-16,5.329999839887023e-05
2582,ISM,50,1995,5,61,0.05779574292068716,0.006769559243132717,0.0001626000157557428
2583,DI,50,1995,5,62,2.1637640501278684e-15,6.661338147750939e-16,0.0004126999992877245
2584,WMI,50,1995,5,62,2.5207891805087796e-15,8.881784197001252e-16,5.1099981646984816e-05
2585,ISM,50,1995,5,62,0.05779574292068716,0.006769559243132717,0.00019180000526830554
2586,DI,50,1995,5,63,2.1637640501278684e-15,6.661338147750939e-16,0.00042830000165849924
2587,WMI,50,1995,5,63,2.5207891805087796e-15,8.881784197001252e-16,5.9699988923966885e-05
2588,ISM,50,1995,5,63,0.05779574292068716,0.006769559243132717,0.00013899998157285154
2589,DI,50,1995,5,64,2.1637640501278684e-15,6.661338147750939e-16,0.0004757000133395195
2590,WMI,50,1995,5,64,2.5207891805087796e-15,8.881784197001252e-16,5.180001608096063e-05
2591,ISM,50,1995,5,64,0.05779574292068716,0.006769559243132717,0.0001821999903768301
2592,DI,50,1995,5,65,2.1637640501278684e-15,6.661338147750939e-16,0.0003893999964930117
2593,WMI,50,1995,5,65,2.5207891805087796e-15,8.881784197001252e-16,7.170002209022641e-05
2594,ISM,50,1995,5,65,0.05779574292068716,0.006769559243132717,8.180001168511808e-05
2595,DI,50,1995,5,66,2.1637640501278684e-15,6.661338147750939e-16,0.00039499998092651367
2596,WMI,50,1995,5,66,2.5207891805087796e-15,8.881784197001252e-16,5.9299985878169537e-05
2597,ISM,50,1995,5,66,0.05779574292068716,0.006769559243132717,0.00013199998647905886
2598,DI,50,1995,5,67,2.1637640501278684e-15,6.661338147750939e-16,0.0004659999976865947
2599,WMI,50,1995,5,67,2.5207891805087796e-15,8.881784197001252e-16,3.91000066883862e-05
2600,ISM,50,1995,5,67,0.05779574292068716,0.006769559243132717,0.0001036000030580908
2601,DI,50,1995,5,68,2.1637640501278684e-15,6.661338147750939e-16,0.00038640000275336206
2602,WMI,50,1995,5,68,2.5207891805087796e-15,8.881784197001252e-16,5.800000508315861e-05
2603,ISM,50,1995,5,68,0.05779574292068716,0.006769559243132717,0.0001638999965507537
2604,DI,50,1995,5,69,2.1637640501278684e-15,6.661338147750939e-16,0.00038910002331249416
2605,WMI,50,1995,5,69,2.5207891805087796e-15,8.881784197001252e-16,5.429997690953314e-05
2606,ISM,50,1995,5,69,0.05779574292068716,0.006769559243132717,0.00014099999680183828
2607,DI,50,1995,5,70,2.1637640501278684e-15,6.661338147750939e-16,0.0003986000083386898
2608,WMI,50,1995,5,70,2.5207891805087796e-15,8.881784197001252e-16,5.259999306872487e-05
2609,ISM,50,1995,5,70,0.05779574292068716,0.006769559243132717,0.0001399999891873449
2610,DI,50,1995,5,71,2.1637640501278684e-15,6.661338147750939e-16,0.0004233000217936933
2611,WMI,50,1995,5,71,2.5207891805087796e-15,8.881784197001252e-16,3.500000457279384e-05
2612,ISM,50,1995,5,71,0.05779574292068716,0.006769559243132717,7.780001033097506e-05
2613,DI,50,1995,5,72,2.1637640501278684e-15,6.661338147750939e-16,0.00040419999277219176
2614,WMI,50,1995,5,72,2.5207891805087796e-15,8.881784197001252e-16,2.4899985874071717e-05
2615,ISM,50,1995,5,72,0.05779574292068716,0.006769559243132717,7.40000104997307e-05
2616,DI,50,1995,5,73,2.1637640501278684e-15,6.661338147750939e-16,0.0003671000013127923
2617,WMI,50,1995,5,73,2.5207891805087796e-15,8.881784197001252e-16,2.300000051036477e-05
2618,ISM,50,1995,5,73,0.05779574292068716,0.006769559243132717,6.980000762268901e-05
2619,DI,50,1995,5,74,2.1637640501278684e-15,6.661338147750939e-16,0.0003465000190772116
2620,WMI,50,1995,5,74,2.5207891805087796e-15,8.881784197001252e-16,2.2099993657320738e-05
2621,ISM,50,1995,5,74,0.05779574292068716,0.006769559243132717,7.089998689480126e-05
2622,DI,50,1995,5,75,2.1637640501278684e-15,6.661338147750939e-16,0.00034920001053251326
2623,WMI,50,1995,5,75,2.5207891805087796e-15,8.881784197001252e-16,5.360000068321824e-05
2624,ISM,50,1995,5,75,0.05779574292068716,0.006769559243132717,0.0001412999990861863
2625,DI,50,1995,5,76,2.1637640501278684e-15,6.661338147750939e-16,0.0004317999992053956
2626,WMI,50,1995,5,76,2.5207891805087796e-15,8.881784197001252e-16,4.730001091957092e-05
2627,ISM,50,1995,5,76,0.05779574292068716,0.006769559243132717,7.020001066848636e-05
2628,DI,50,1995,5,77,2.1637640501278684e-15,6.661338147750939e-16,0.00037319998955354095
2629,WMI,50,1995,5,77,2.5207891805087796e-15,8.881784197001252e-16,5.080000846646726e-05
2630,ISM,50,1995,5,77,0.05779574292068716,0.006769559243132717,0.00013639999087899923
2631,DI,50,1995,5,78,2.1637640501278684e-15,6.661338147750939e-16,0.00041000000783242285
2632,WMI,50,1995,5,78,2.5207891805087796e-15,8.881784197001252e-16,6.049999501556158e-05
2633,ISM,50,1995,5,78,0.05779574292068716,0.006769559243132717,0.00014650000957772136
2634,DI,50,1995,5,79,2.1637640501278684e-15,6.661338147750939e-16,0.000385499995900318
2635,WMI,50,1995,5,79,2.5207891805087796e-15,8.881784197001252e-16,2.2899999748915434e-05
2636,ISM,50,1995,5,79,0.05779574292068716,0.006769559243132717,6.280001252889633e-05
2637,DI,50,1995,5,80,2.1637640501278684e-15,6.661338147750939e-16,0.00031430000672116876
2638,WMI,50,1995,5,80,2.5207891805087796e-15,8.881784197001252e-16,1.999997766688466e-05
2639,ISM,50,1995,5,80,0.05779574292068716,0.006769559243132717,6.189997657202184e-05
2640,DI,50,1995,5,81,2.1637640501278684e-15,6.661338147750939e-16,0.0003412999794818461
2641,WMI,50,1995,5,81,2.5207891805087796e-15,8.881784197001252e-16,5.740000051446259e-05
2642,ISM,50,1995,5,81,0.05779574292068716,0.006769559243132717,0.0001694000093266368
2643,DI,50,1995,5,82,2.1637640501278684e-15,6.661338147750939e-16,0.0003949000092688948
2644,WMI,50,1995,5,82,2.5207891805087796e-15,8.881784197001252e-16,4.939999780617654e-05
2645,ISM,50,1995,5,82,0.05779574292068716,0.006769559243132717,0.00015849998453631997
2646,DI,50,1995,5,83,2.1637640501278684e-15,6.661338147750939e-16,0.0004028000112157315
2647,WMI,50,1995,5,83,2.5207891805087796e-15,8.881784197001252e-16,5.400000372901559e-05
2648,ISM,50,1995,5,83,0.05779574292068716,0.006769559243132717,0.00014039999223314226
2649,DI,50,1995,5,84,2.1637640501278684e-15,6.661338147750939e-16,0.00037930000689812005
2650,WMI,50,1995,5,84,2.5207891805087796e-15,8.881784197001252e-16,2.4600012693554163e-05
2651,ISM,50,1995,5,84,0.05779574292068716,0.006769559243132717,6.72000169288367e-05
2652,DI,50,1995,5,85,2.1637640501278684e-15,6.661338147750939e-16,0.000357400014763698
2653,WMI,50,1995,5,85,2.5207891805087796e-15,8.881784197001252e-16,5.269999383017421e-05
2654,ISM,50,1995,5,85,0.05779574292068716,0.006769559243132717,0.0001503999810665846
2655,DI,50,1995,5,86,2.1637640501278684e-15,6.661338147750939e-16,0.0003772999916691333
2656,WMI,50,1995,5,86,2.5207891805087796e-15,8.881784197001252e-16,5.220001912675798e-05
2657,ISM,50,1995,5,86,0.05779574292068716,0.006769559243132717,0.00013989998842589557
2658,DI,50,1995,5,87,2.1637640501278684e-15,6.661338147750939e-16,0.00038660000427626073
2659,WMI,50,1995,5,87,2.5207891805087796e-15,8.881784197001252e-16,5.2499992307275534e-05
2660,ISM,50,1995,5,87,0.05779574292068716,0.006769559243132717,0.00015820001135580242
2661,DI,50,1995,5,88,2.1637640501278684e-15,6.661338147750939e-16,0.000391999987186864
2662,WMI,50,1995,5,88,2.5207891805087796e-15,8.881784197001252e-16,5.509998300112784e-05
2663,ISM,50,1995,5,88,0.05779574292068716,0.006769559243132717,0.00014760001795366406
2664,DI,50,1995,5,89,2.1637640501278684e-15,6.661338147750939e-16,0.00030590000096708536
2665,WMI,50,1995,5,89,2.5207891805087796e-15,8.881784197001252e-16,2.570002106949687e-05
2666,ISM,50,1995,5,89,0.05779574292068716,0.006769559243132717,6.809999467805028e-05
2667,DI,50,1995,5,90,2.1637640501278684e-15,6.661338147750939e-16,0.0003420000139158219
2668,WMI,50,1995,5,90,2.5207891805087796e-15,8.881784197001252e-16,2.13000166695565e-05
2669,ISM,50,1995,5,90,0.05779574292068716,0.006769559243132717,6.629998097196221e-05
2670,DI,50,1995,5,91,2.1637640501278684e-15,6.661338147750939e-16,0.0003485000052023679
2671,WMI,50,1995,5,91,2.5207891805087796e-15,8.881784197001252e-16,6.10999995842576e-05
2672,ISM,50,1995,5,91,0.05779574292068716,0.006769559243132717,0.00014410002040676773
2673,DI,50,1995,5,92,2.1637640501278684e-15,6.661338147750939e-16,0.00042389999725855887
2674,WMI,50,1995,5,92,2.5207891805087796e-15,8.881784197001252e-16,1.9500002963468432e-05
2675,ISM,50,1995,5,92,0.05779574292068716,0.006769559243132717,6.180000491440296e-05
2676,DI,50,1995,5,93,2.1637640501278684e-15,6.661338147750939e-16,0.0003527999797370285
2677,WMI,50,1995,5,93,2.5207891805087796e-15,8.881784197001252e-16,5.269999383017421e-05
2678,ISM,50,1995,5,93,0.05779574292068716,0.006769559243132717,0.00013299999409355223
2679,DI,50,1995,5,94,2.1637640501278684e-15,6.661338147750939e-16,0.0004093000025022775
2680,WMI,50,1995,5,94,2.5207891805087796e-15,8.881784197001252e-16,1.920000067912042e-05
2681,ISM,50,1995,5,94,0.05779574292068716,0.006769559243132717,6.299998494796455e-05
2682,DI,50,1995,5,95,2.1637640501278684e-15,6.661338147750939e-16,0.0003755000070668757
2683,WMI,50,1995,5,95,2.5207891805087796e-15,8.881784197001252e-16,5.5599986808374524e-05
2684,ISM,50,1995,5,95,0.05779574292068716,0.006769559243132717,0.00013150001177564263
2685,DI,50,1995,5,96,2.1637640501278684e-15,6.661338147750939e-16,0.00043089999235235155
2686,WMI,50,1995,5,96,2.5207891805087796e-15,8.881784197001252e-16,5.2000017603859305e-05
2687,ISM,50,1995,5,96,0.05779574292068716,0.006769559243132717,0.00013979998766444623
2688,DI,50,1995,5,97,2.1637640501278684e-15,6.661338147750939e-16,0.000433700013672933
2689,WMI,50,1995,5,97,2.5207891805087796e-15,8.881784197001252e-16,5.2099989261478186e-05
2690,ISM,50,1995,5,97,0.05779574292068716,0.006769559243132717,0.00013870000839233398
2691,DI,50,1995,5,98,2.1637640501278684e-15,6.661338147750939e-16,0.00039250002009794116
2692,WMI,50,1995,5,98,2.5207891805087796e-15,8.881784197001252e-16,2.0400009816512465e-05
2693,ISM,50,1995,5,98,0.05779574292068716,0.006769559243132717,6.479999865405262e-05
2694,DI,50,1995,5,99,2.1637640501278684e-15,6.661338147750939e-16,0.00036619999445974827
2695,WMI,50,1995,5,99,2.5207891805087796e-15,8.881784197001252e-16,5.3499999921768904e-05
2696,ISM,50,1995,5,99,0.05779574292068716,0.006769559243132717,0.00014069999451749027
2697,DI,50,1995,5,100,2.1637640501278684e-15,6.661338147750939e-16,0.0004008999967481941
2698,WMI,50,1995,5,100,2.5207891805087796e-15,8.881784197001252e-16,2.0099978428333998e-05
2699,ISM,50,1995,5,100,0.05779574292068716,0.006769559243132717,6.360001862049103e-05
2700,DI,50,1995,5,101,2.1637640501278684e-15,6.661338147750939e-16,0.0003844000166282058
2701,WMI,50,1995,5,101,2.5207891805087796e-15,8.881784197001252e-16,4.360001184977591e-05
2702,ISM,50,1995,5,101,0.05779574292068716,0.006769559243132717,0.00011229998199269176
2703,DI,50,1995,5,102,2.1637640501278684e-15,6.661338147750939e-16,0.0003853999951388687
2704,WMI,50,1995,5,102,2.5207891805087796e-15,8.881784197001252e-16,1.8999999156221747e-05
2705,ISM,50,1995,5,102,0.05779574292068716,0.006769559243132717,6.150000263005495e-05
2706,DI,50,1995,5,103,2.1637640501278684e-15,6.661338147750939e-16,0.0003969999961555004
2707,WMI,50,1995,5,103,2.5207891805087796e-15,8.881784197001252e-16,5.2499992307275534e-05
2708,ISM,50,1995,5,103,0.05779574292068716,0.006769559243132717,9.429999045096338e-05
2709,DI,50,1995,5,104,2.1637640501278684e-15,6.661338147750939e-16,0.00032839999767020345
2710,WMI,50,1995,5,104,2.5207891805087796e-15,8.881784197001252e-16,1.8799997633323073e-05
2711,ISM,50,1995,5,104,0.05779574292068716,0.006769559243132717,5.91999851167202e-05
2712,DI,50,1995,5,105,2.1637640501278684e-15,6.661338147750939e-16,0.00035319998278282583
2713,WMI,50,1995,5,105,2.5207891805087796e-15,8.881784197001252e-16,1.7399986973032355e-05
2714,ISM,50,1995,5,105,0.05779574292068716,0.006769559243132717,5.880001117475331e-05
2715,DI,50,1995,5,106,2.1637640501278684e-15,6.661338147750939e-16,0.0003386999887879938
2716,WMI,50,1995,5,106,2.5207891805087796e-15,8.881784197001252e-16,1.7300015315413475e-05
2717,ISM,50,1995,5,106,0.05779574292068716,0.006769559243132717,5.8699981309473515e-05
2718,DI,50,1995,5,107,2.1637640501278684e-15,6.661338147750939e-16,0.0003494999837130308
2719,WMI,50,1995,5,107,2.5207891805087796e-15,8.881784197001252e-16,5.329999839887023e-05
2720,ISM,50,1995,5,107,0.05779574292068716,0.006769559243132717,0.000155699992319569
2721,DI,50,1995,5,108,2.1637640501278684e-15,6.661338147750939e-16,0.0003564000071492046
2722,WMI,50,1995,5,108,2.5207891805087796e-15,8.881784197001252e-16,4.6999979531392455e-05
2723,ISM,50,1995,5,108,0.05779574292068716,0.006769559243132717,0.00013689999468624592
2724,DI,50,1995,5,109,2.1637640501278684e-15,6.661338147750939e-16,0.00041810001130215824
2725,WMI,50,1995,5,109,2.5207891805087796e-15,8.881784197001252e-16,5.210001836530864e-05
2726,ISM,50,1995,5,109,0.05779574292068716,0.006769559243132717,0.000142700009746477
2727,DI,50,1995,5,110,2.1637640501278684e-15,6.661338147750939e-16,0.0004000000189989805
2728,WMI,50,1995,5,110,2.5207891805087796e-15,8.881784197001252e-16,1.8999999156221747e-05
2729,ISM,50,1995,5,110,0.05779574292068716,0.006769559243132717,5.979998968541622e-05
2730,DI,50,1995,5,111,2.1637640501278684e-15,6.661338147750939e-16,0.00031319999834522605
2731,WMI,50,1995,5,111,2.5207891805087796e-15,8.881784197001252e-16,5.4100004490464926e-05
2732,ISM,50,1995,5,111,0.05779574292068716,0.006769559243132717,0.0001362999901175499
2733,DI,50,1995,5,112,2.1637640501278684e-15,6.661338147750939e-16,0.0004936000041197985
2734,WMI,50,1995,5,112,2.5207891805087796e-15,8.881784197001252e-16,2.729997504502535e-05
2735,ISM,50,1995,5,112,0.05779574292068716,0.006769559243132717,6.469999789260328e-05
2736,DI,50,1995,5,113,2.1637640501278684e-15,6.661338147750939e-16,0.00037300001713447273
2737,WMI,50,1995,5,113,2.5207891805087796e-15,8.881784197001252e-16,2.710000262595713e-05
2738,ISM,50,1995,5,113,0.05779574292068716,0.006769559243132717,6.17999758105725e-05
2739,DI,50,1995,5,114,2.1637640501278684e-15,6.661338147750939e-16,0.0003443000023253262
2740,WMI,50,1995,5,114,2.5207891805087796e-15,8.881784197001252e-16,3.300001844763756e-05
2741,ISM,50,1995,5,114,0.05779574292068716,0.006769559243132717,6.489999941550195e-05
2742,DI,50,1995,5,115,2.1637640501278684e-15,6.661338147750939e-16,0.00046820001443848014
2743,WMI,50,1995,5,115,2.5207891805087796e-15,8.881784197001252e-16,2.9700022423639894e-05
2744,ISM,50,1995,5,115,0.05779574292068716,0.006769559243132717,6.459999713115394e-05
2745,DI,50,1995,5,116,2.1637640501278684e-15,6.661338147750939e-16,0.0003296000068075955
2746,WMI,50,1995,5,116,2.5207891805087796e-15,8.881784197001252e-16,5.9399986639618874e-05
2747,ISM,50,1995,5,116,0.05779574292068716,0.006769559243132717,0.00013930001296103
2748,DI,50,1995,5,117,2.1637640501278684e-15,6.661338147750939e-16,0.0003440000000409782
2749,WMI,50,1995,5,117,2.5207891805087796e-15,8.881784197001252e-16,2.260002656839788e-05
2750,ISM,50,1995,5,117,0.05779574292068716,0.006769559243132717,6.3000014051795e-05
2751,DI,50,1995,5,118,2.1637640501278684e-15,6.661338147750939e-16,0.00037930000689812005
2752,WMI,50,1995,5,118,2.5207891805087796e-15,8.881784197001252e-16,5.910001345910132e-05
2753,ISM,50,1995,5,118,0.05779574292068716,0.006769559243132717,8.620001608505845e-05
2754,DI,50,1995,5,119,2.1637640501278684e-15,6.661338147750939e-16,0.00035730001400224864
2755,WMI,50,1995,5,119,2.5207891805087796e-15,8.881784197001252e-16,6.510000093840063e-05
2756,ISM,50,1995,5,119,0.05779574292068716,0.006769559243132717,0.0001416000013705343
2757,DI,50,1995,5,120,2.1637640501278684e-15,6.661338147750939e-16,0.00039950001519173384
2758,WMI,50,1995,5,120,2.5207891805087796e-15,8.881784197001252e-16,2.2099993657320738e-05
2759,ISM,50,1995,5,120,0.05779574292068716,0.006769559243132717,6.010002107359469e-05
2760,DI,50,1995,5,121,2.1637640501278684e-15,6.661338147750939e-16,0.0003305999853182584
2761,WMI,50,1995,5,121,2.5207891805087796e-15,8.881784197001252e-16,1.960000372491777e-05
2762,ISM,50,1995,5,121,0.05779574292068716,0.006769559243132717,5.91999851167202e-05
2763,DI,50,1995,5,122,2.1637640501278684e-15,6.661338147750939e-16,0.0004138999793212861
2764,WMI,50,1995,5,122,2.5207891805087796e-15,8.881784197001252e-16,6.38000201433897e-05
2765,ISM,50,1995,5,122,0.05779574292068716,0.006769559243132717,0.0001357999863103032
2766,DI,50,1995,5,123,2.1637640501278684e-15,6.661338147750939e-16,0.00040259998058900237
2767,WMI,50,1995,5,123,2.5207891805087796e-15,8.881784197001252e-16,1.889999839477241e-05
2768,ISM,50,1995,5,123,0.05779574292068716,0.006769559243132717,5.9999991208314896e-05
2769,DI,50,1995,5,124,2.1637640501278684e-15,6.661338147750939e-16,0.0005774000019300729
2770,WMI,50,1995,5,124,2.5207891805087796e-15,8.881784197001252e-16,2.850001328624785e-05
2771,ISM,50,1995,5,124,0.05779574292068716,0.006769559243132717,6.289998418651521e-05
2772,DI,50,1995,5,125,2.1637640501278684e-15,6.661338147750939e-16,0.00041179999243468046
2773,WMI,50,1995,5,125,2.5207891805087796e-15,8.881784197001252e-16,5.8600009651854634e-05
2774,ISM,50,1995,5,125,0.05779574292068716,0.006769559243132717,0.0001333000254817307
2775,DI,50,1995,5,126,2.1637640501278684e-15,6.661338147750939e-16,0.00041539999074302614
2776,WMI,50,1995,5,126,2.5207891805087796e-15,8.881784197001252e-16,6.0699996538460255e-05
2777,ISM,50,1995,5,126,0.05779574292068716,0.006769559243132717,0.0001677999971434474
2778,DI,50,1995,5,127,2.1637640501278684e-15,6.661338147750939e-16,0.00037609998253174126
2779,WMI,50,1995,5,127,2.5207891805087796e-15,8.881784197001252e-16,5.750000127591193e-05
2780,ISM,50,1995,5,127,0.05779574292068716,0.006769559243132717,0.00014459999511018395
2781,DI,50,1995,5,128,2.1637640501278684e-15,6.661338147750939e-16,0.00037960000918246806
2782,WMI,50,1995,5,128,2.5207891805087796e-15,8.881784197001252e-16,5.570001667365432e-05
2783,ISM,50,1995,5,128,0.05779574292068716,0.006769559243132717,0.00013490000856108963
2784,DI,50,1995,5,129,2.1637640501278684e-15,6.661338147750939e-16,0.00038079998921602964
2785,WMI,50,1995,5,129,2.5207891805087796e-15,8.881784197001252e-16,5.3499999921768904e-05
2786,ISM,50,1995,5,129,0.05779574292068716,0.006769559243132717,0.00013780000153928995
2787,DI,50,1995,5,130,2.1637640501278684e-15,6.661338147750939e-16,0.00037330001941882074
2788,WMI,50,1995,5,130,2.5207891805087796e-15,8.881784197001252e-16,5.670002428814769e-05
2789,ISM,50,1995,5,130,0.05779574292068716,0.006769559243132717,0.00014399999054148793
2790,DI,50,1995,5,131,2.1637640501278684e-15,6.661338147750939e-16,0.0003658000205177814
2791,WMI,50,1995,5,131,2.5207891805087796e-15,8.881784197001252e-16,4.980000085197389e-05
2792,ISM,50,1995,5,131,0.05779574292068716,0.006769559243132717,0.00013830000534653664
2793,DI,50,1995,5,132,2.1637640501278684e-15,6.661338147750939e-16,0.00039530001231469214
2794,WMI,50,1995,5,132,2.5207891805087796e-15,8.881784197001252e-16,3.0399998649954796e-05
2795,ISM,50,1995,5,132,0.05779574292068716,0.006769559243132717,6.67999847792089e-05
2796,DI,50,1995,5,133,2.1637640501278684e-15,6.661338147750939e-16,0.00044329999946057796
2797,WMI,50,1995,5,133,2.5207891805087796e-15,8.881784197001252e-16,5.4100004490464926e-05
2798,ISM,50,1995,5,133,0.05779574292068716,0.006769559243132717,0.00013639999087899923
2799,DI,50,1995,5,134,2.1637640501278684e-15,6.661338147750939e-16,0.0004397000011522323
2800,WMI,50,1995,5,134,2.5207891805087796e-15,8.881784197001252e-16,5.5199983762577176e-05
2801,ISM,50,1995,5,134,0.05779574292068716,0.006769559243132717,0.0001388999808114022
2802,DI,50,1995,5,135,2.1637640501278684e-15,6.661338147750939e-16,0.00037480000173673034
2803,WMI,50,1995,5,135,2.5207891805087796e-15,8.881784197001252e-16,3.86999745387584e-05
2804,ISM,50,1995,5,135,0.05779574292068716,0.006769559243132717,7.589999586343765e-05
2805,DI,50,1995,5,136,2.1637640501278684e-15,6.661338147750939e-16,0.0003649999853223562
2806,WMI,50,1995,5,136,2.5207891805087796e-15,8.881784197001252e-16,3.359999391250312e-05
2807,ISM,50,1995,5,136,0.05779574292068716,0.006769559243132717,6.809999467805028e-05
2808,DI,50,1995,5,137,2.1637640501278684e-15,6.661338147750939e-16,0.0003167999966535717
2809,WMI,50,1995,5,137,2.5207891805087796e-15,8.881784197001252e-16,2.4300010409206152e-05
2810,ISM,50,1995,5,137,0.05779574292068716,0.006769559243132717,6.0399994254112244e-05
2811,DI,50,1995,5,138,2.1637640501278684e-15,6.661338147750939e-16,0.00037230001180432737
2812,WMI,50,1995,5,138,2.5207891805087796e-15,8.881784197001252e-16,5.549998604692519e-05
2813,ISM,50,1995,5,138,0.05779574292068716,0.006769559243132717,0.00016840000171214342
2814,DI,50,1995,5,139,2.1637640501278684e-15,6.661338147750939e-16,0.00034410000080242753
2815,WMI,50,1995,5,139,2.5207891805087796e-15,8.881784197001252e-16,5.3499999921768904e-05
2816,ISM,50,1995,5,139,0.05779574292068716,0.006769559243132717,0.00014139999984763563
2817,DI,50,1995,5,140,2.1637640501278684e-15,6.661338147750939e-16,0.0003889000217895955
2818,WMI,50,1995,5,140,2.5207891805087796e-15,8.881784197001252e-16,5.259999306872487e-05
2819,ISM,50,1995,5,140,0.05779574292068716,0.006769559243132717,8.440000237897038e-05
2820,DI,50,1995,5,141,2.1637640501278684e-15,6.661338147750939e-16,0.00032550000469200313
2821,WMI,50,1995,5,141,2.5207891805087796e-15,8.881784197001252e-16,5.229999078437686e-05
2822,ISM,50,1995,5,141,0.05779574292068716,0.006769559243132717,0.0001416000013705343
2823,DI,50,1995,5,142,2.1637640501278684e-15,6.661338147750939e-16,0.000367600005120039
2824,WMI,50,1995,5,142,2.5207891805087796e-15,8.881784197001252e-16,2.269999822601676e-05
2825,ISM,50,1995,5,142,0.05779574292068716,0.006769559243132717,6.0999998822808266e-05
2826,DI,50,1995,5,143,2.1637640501278684e-15,6.661338147750939e-16,0.00029349999385885894
2827,WMI,50,1995,5,143,2.5207891805087796e-15,8.881784197001252e-16,1.969997538253665e-05
2828,ISM,50,1995,5,143,0.05779574292068716,0.006769559243132717,5.9999991208314896e-05
2829,DI,50,1995,5,144,2.1637640501278684e-15,6.661338147750939e-16,0.0003123000205960125
2830,WMI,50,1995,5,144,2.5207891805087796e-15,8.881784197001252e-16,5.319999763742089e-05
2831,ISM,50,1995,5,144,0.05779574292068716,0.006769559243132717,0.000142400007462129
2832,DI,50,1995,5,145,2.1637640501278684e-15,6.661338147750939e-16,0.00040940000326372683
2833,WMI,50,1995,5,145,2.5207891805087796e-15,8.881784197001252e-16,2.6900001103058457e-05
2834,ISM,50,1995,5,145,0.05779574292068716,0.006769559243132717,6.150000263005495e-05
2835,DI,50,1995,5,146,2.1637640501278684e-15,6.661338147750939e-16,0.0003063000040128827
2836,WMI,50,1995,5,146,2.5207891805087796e-15,8.881784197001252e-16,2.090001362375915e-05
2837,ISM,50,1995,5,146,0.05779574292068716,0.006769559243132717,6.010002107359469e-05
2838,DI,50,1995,5,147,2.1637640501278684e-15,6.661338147750939e-16,0.00031209998996928334
2839,WMI,50,1995,5,147,2.5207891805087796e-15,8.881784197001252e-16,5.3800002206116915e-05
2840,ISM,50,1995,5,147,0.05779574292068716,0.006769559243132717,0.00014230000670067966
2841,DI,50,1995,5,148,2.1637640501278684e-15,6.661338147750939e-16,0.0003952999832108617
2842,WMI,50,1995,5,148,2.5207891805087796e-15,8.881784197001252e-16,6.749999010935426e-05
2843,ISM,50,1995,5,148,0.05779574292068716,0.006769559243132717,0.00014369998825713992
2844,DI,50,1995,5,149,2.1637640501278684e-15,6.661338147750939e-16,0.0004140000091865659
2845,WMI,50,1995,5,149,2.5207891805087796e-15,8.881784197001252e-16,2.1500018192455173e-05
2846,ISM,50,1995,5,149,0.05779574292068716,0.006769559243132717,6.029999349266291e-05
2847,DI,50,1995,5,150,2.1637640501278684e-15,6.661338147750939e-16,0.00030949999927543104
2848,WMI,50,1995,5,150,2.5207891805087796e-15,8.881784197001252e-16,1.850002445280552e-05
2849,ISM,50,1995,5,150,0.05779574292068716,0.006769559243132717,5.940001574344933e-05
2850,DI,50,1995,5,151,2.1637640501278684e-15,6.661338147750939e-16,0.0003217000048607588
2851,WMI,50,1995,5,151,2.5207891805087796e-15,8.881784197001252e-16,5.269999383017421e-05
2852,ISM,50,1995,5,151,0.05779574292068716,0.006769559243132717,0.00014139999984763563
2853,DI,50,1995,5,152,2.1637640501278684e-15,6.661338147750939e-16,0.00036990002263337374
2854,WMI,50,1995,5,152,2.5207891805087796e-15,8.881784197001252e-16,5.189998773857951e-05
2855,ISM,50,1995,5,152,0.05779574292068716,0.006769559243132717,0.00014200000441633165
2856,DI,50,1995,5,153,2.1637640501278684e-15,6.661338147750939e-16,0.0003319999959785491
2857,WMI,50,1995,5,153,2.5207891805087796e-15,8.881784197001252e-16,5.7199998991563916e-05
2858,ISM,50,1995,5,153,0.05779574292068716,0.006769559243132717,0.00014440002269111574
2859,DI,50,1995,5,154,2.1637640501278684e-15,6.661338147750939e-16,0.0003825000021606684
2860,WMI,50,1995,5,154,2.5207891805087796e-15,8.881784197001252e-16,5.23999915458262e-05
2861,ISM,50,1995,5,154,0.05779574292068716,0.006769559243132717,0.00014300001203082502
2862,DI,50,1995,5,155,2.1637640501278684e-15,6.661338147750939e-16,0.00039229998947121203
2863,WMI,50,1995,5,155,2.5207891805087796e-15,8.881784197001252e-16,5.5800017435103655e-05
2864,ISM,50,1995,5,155,0.05779574292068716,0.006769559243132717,0.00014560000272467732
2865,DI,50,1995,5,156,2.1637640501278684e-15,6.661338147750939e-16,0.00042910000775009394
2866,WMI,50,1995,5,156,2.5207891805087796e-15,8.881784197001252e-16,5.329999839887023e-05
2867,ISM,50,1995,5,156,0.05779574292068716,0.006769559243132717,0.00013760000001639128
2868,DI,50,1995,5,157,2.1637640501278684e-15,6.661338147750939e-16,0.00036109998472966254
2869,WMI,50,1995,5,157,2.5207891805087796e-15,8.881784197001252e-16,4.7600013203918934e-05
2870,ISM,50,1995,5,157,0.05779574292068716,0.006769559243132717,0.00013500000932253897
2871,DI,50,1995,5,158,2.1637640501278684e-15,6.661338147750939e-16,0.00037200000951997936
2872,WMI,50,1995,5,158,2.5207891805087796e-15,8.881784197001252e-16,3.250001464039087e-05
2873,ISM,50,1995,5,158,0.05779574292068716,0.006769559243132717,6.500000017695129e-05
2874,DI,50,1995,5,159,2.1637640501278684e-15,6.661338147750939e-16,0.00034840000444091856
2875,WMI,50,1995,5,159,2.5207891805087796e-15,8.881784197001252e-16,5.400000372901559e-05
2876,ISM,50,1995,5,159,0.05779574292068716,0.006769559243132717,0.00013770000077784061
2877,DI,50,1995,5,160,2.1637640501278684e-15,6.661338147750939e-16,0.0004340999876148999
2878,WMI,50,1995,5,160,2.5207891805087796e-15,8.881784197001252e-16,2.9399991035461426e-05
2879,ISM,50,1995,5,160,0.05779574292068716,0.006769559243132717,6.980000762268901e-05
2880,DI,50,1995,5,161,2.1637640501278684e-15,6.661338147750939e-16,0.0003547999949660152
2881,WMI,50,1995,5,161,2.5207891805087796e-15,8.881784197001252e-16,5.269999383017421e-05
2882,ISM,50,1995,5,161,0.05779574292068716,0.006769559243132717,0.00014050002209842205
2883,DI,50,1995,5,162,2.1637640501278684e-15,6.661338147750939e-16,0.00037900000461377203
2884,WMI,50,1995,5,162,2.5207891805087796e-15,8.881784197001252e-16,5.9399986639618874e-05
2885,ISM,50,1995,5,162,0.05779574292068716,0.006769559243132717,0.00014420002116821706
2886,DI,50,1995,5,163,2.1637640501278684e-15,6.661338147750939e-16,0.0003958000161219388
2887,WMI,50,1995,5,163,2.5207891805087796e-15,8.881784197001252e-16,5.3099996875971556e-05
2888,ISM,50,1995,5,163,0.05779574292068716,0.006769559243132717,0.00016379999578930438
2889,DI,50,1995,5,164,2.1637640501278684e-15,6.661338147750939e-16,0.0003218000056222081
2890,WMI,50,1995,5,164,2.5207891805087796e-15,8.881784197001252e-16,2.3800006601959467e-05
2891,ISM,50,1995,5,164,0.05779574292068716,0.006769559243132717,6.459999713115394e-05
2892,DI,50,1995,5,165,2.1637640501278684e-15,6.661338147750939e-16,0.0003346000157762319
2893,WMI,50,1995,5,165,2.5207891805087796e-15,8.881784197001252e-16,5.2499992307275534e-05
2894,ISM,50,1995,5,165,0.05779574292068716,0.006769559243132717,0.0001433999859727919
2895,DI,50,1995,5,166,2.1637640501278684e-15,6.661338147750939e-16,0.00034959998447448015
2896,WMI,50,1995,5,166,2.5207891805087796e-15,8.881784197001252e-16,5.1700015319511294e-05
2897,ISM,50,1995,5,166,0.05779574292068716,0.006769559243132717,0.0001446999958716333
2898,DI,50,1995,5,167,2.1637640501278684e-15,6.661338147750939e-16,0.00042249998659826815
2899,WMI,50,1995,5,167,2.5207891805087796e-15,8.881784197001252e-16,5.679999594576657e-05
2900,ISM,50,1995,5,167,0.05779574292068716,0.006769559243132717,0.00014340001507662237
2901,DI,50,1995,5,168,2.1637640501278684e-15,6.661338147750939e-16,0.00038949999725446105
2902,WMI,50,1995,5,168,2.5207891805087796e-15,8.881784197001252e-16,2.1500018192455173e-05
2903,ISM,50,1995,5,168,0.05779574292068716,0.006769559243132717,6.620000931434333e-05
2904,DI,50,1995,5,169,2.1637640501278684e-15,6.661338147750939e-16,0.00032900000223889947
2905,WMI,50,1995,5,169,2.5207891805087796e-15,8.881784197001252e-16,2.750000567175448e-05
2906,ISM,50,1995,5,169,0.05779574292068716,0.006769559243132717,7.559999357908964e-05
2907,DI,50,1995,5,170,2.1637640501278684e-15,6.661338147750939e-16,0.0003853999951388687
2908,WMI,50,1995,5,170,2.5207891805087796e-15,8.881784197001252e-16,5.310002597980201e-05
2909,ISM,50,1995,5,170,0.05779574292068716,0.006769559243132717,0.00014019999071024358
2910,DI,50,1995,5,171,2.1637640501278684e-15,6.661338147750939e-16,0.00037399999564513564
2911,WMI,50,1995,5,171,2.5207891805087796e-15,8.881784197001252e-16,2.120001590810716e-05
2912,ISM,50,1995,5,171,0.05779574292068716,0.006769559243132717,6.33999879937619e-05
2913,DI,50,1995,5,172,2.1637640501278684e-15,6.661338147750939e-16,0.0003142000059597194
2914,WMI,50,1995,5,172,2.5207891805087796e-15,8.881784197001252e-16,1.939997309818864e-05
2915,ISM,50,1995,5,172,0.05779574292068716,0.006769559243132717,6.379999103955925e-05
2916,DI,50,1995,5,173,2.1637640501278684e-15,6.661338147750939e-16,0.0003240999940317124
2917,WMI,50,1995,5,173,2.5207891805087796e-15,8.881784197001252e-16,2.570002106949687e-05
2918,ISM,50,1995,5,173,0.05779574292068716,0.006769559243132717,7.440001354552805e-05
2919,DI,50,1995,5,174,2.1637640501278684e-15,6.661338147750939e-16,0.0003473999968264252
2920,WMI,50,1995,5,174,2.5207891805087796e-15,8.881784197001252e-16,1.920000067912042e-05
2921,ISM,50,1995,5,174,0.05779574292068716,0.006769559243132717,5.970001802779734e-05
2922,DI,50,1995,5,175,2.1637640501278684e-15,6.661338147750939e-16,0.000307999987853691
2923,WMI,50,1995,5,175,2.5207891805087796e-15,8.881784197001252e-16,2.4299981305375695e-05
2924,ISM,50,1995,5,175,0.05779574292068716,0.006769559243132717,7.06000137142837e-05
2925,DI,50,1995,5,176,2.1637640501278684e-15,6.661338147750939e-16,0.00032959997770376503
2926,WMI,50,1995,5,176,2.5207891805087796e-15,8.881784197001252e-16,1.889999839477241e-05
2927,ISM,50,1995,5,176,0.05779574292068716,0.006769559243132717,5.970001802779734e-05
2928,DI,50,1995,5,177,2.1637640501278684e-15,6.661338147750939e-16,0.00034600001526996493
2929,WMI,50,1995,5,177,2.5207891805087796e-15,8.881784197001252e-16,5.2499992307275534e-05
2930,ISM,50,1995,5,177,0.05779574292068716,0.006769559243132717,0.00013929998385719955
2931,DI,50,1995,5,178,2.1637640501278684e-15,6.661338147750939e-16,0.0003988000098615885
2932,WMI,50,1995,5,178,2.5207891805087796e-15,8.881784197001252e-16,2.1799991372972727e-05
2933,ISM,50,1995,5,178,0.05779574292068716,0.006769559243132717,7.01999815646559e-05
2934,DI,50,1995,5,179,2.1637640501278684e-15,6.661338147750939e-16,0.000384299986762926
2935,WMI,50,1995,5,179,2.5207891805087796e-15,8.881784197001252e-16,2.269999822601676e-05
2936,ISM,50,1995,5,179,0.05779574292068716,0.006769559243132717,5.980001878924668e-05
2937,DI,50,1995,5,180,2.1637640501278684e-15,6.661338147750939e-16,0.00032029999420046806
2938,WMI,50,1995,5,180,2.5207891805087796e-15,8.881784197001252e-16,3.300001844763756e-05
2939,ISM,50,1995,5,180,0.05779574292068716,0.006769559243132717,7.460001506842673e-05
2940,DI,50,1995,5,181,2.1637640501278684e-15,6.661338147750939e-16,0.0003182999789714813
2941,WMI,50,1995,5,181,2.5207891805087796e-15,8.881784197001252e-16,6.629998097196221e-05
2942,ISM,50,1995,5,181,0.05779574292068716,0.006769559243132717,0.00035009998828172684
2943,DI,50,1995,5,182,2.1637640501278684e-15,6.661338147750939e-16,0.00043730001198127866
2944,WMI,50,1995,5,182,2.5207891805087796e-15,8.881784197001252e-16,3.4100026823580265e-05
2945,ISM,50,1995,5,182,0.05779574292068716,0.006769559243132717,6.940000457689166e-05
2946,DI,50,1995,5,183,2.1637640501278684e-15,6.661338147750939e-16,0.00027379998937249184
2947,WMI,50,1995,5,183,2.5207891805087796e-15,8.881784197001252e-16,2.980002318508923e-05
2948,ISM,50,1995,5,183,0.05779574292068716,0.006769559243132717,6.320001557469368e-05
2949,DI,50,1995,5,184,2.1637640501278684e-15,6.661338147750939e-16,0.0002432999899610877
2950,WMI,50,1995,5,184,2.5207891805087796e-15,8.881784197001252e-16,2.1299987565726042e-05
2951,ISM,50,1995,5,184,0.05779574292068716,0.006769559243132717,6.260001100599766e-05
2952,DI,50,1995,5,185,2.1637640501278684e-15,6.661338147750939e-16,0.00023670002701692283
2953,WMI,50,1995,5,185,2.5207891805087796e-15,8.881784197001252e-16,2.1899992134422064e-05
2954,ISM,50,1995,5,185,0.05779574292068716,0.006769559243132717,5.810000584460795e-05
2955,DI,50,1995,5,186,2.1637640501278684e-15,6.661338147750939e-16,0.0002463999844621867
2956,WMI,50,1995,5,186,2.5207891805087796e-15,8.881784197001252e-16,2.020000829361379e-05
2957,ISM,50,1995,5,186,0.05779574292068716,0.006769559243132717,6.359998951666057e-05
2958,DI,50,1995,5,187,2.1637640501278684e-15,6.661338147750939e-16,0.00022220000391826034
2959,WMI,50,1995,5,187,2.5207891805087796e-15,8.881784197001252e-16,1.829999382607639e-05
2960,ISM,50,1995,5,187,0.05779574292068716,0.006769559243132717,5.9699988923966885e-05
2961,DI,50,1995,5,188,2.1637640501278684e-15,6.661338147750939e-16,0.0002294000005349517
2962,WMI,50,1995,5,188,2.5207891805087796e-15,8.881784197001252e-16,1.719998545013368e-05
2963,ISM,50,1995,5,188,0.05779574292068716,0.006769559243132717,5.7199998991563916e-05
2964,DI,50,1995,5,189,2.1637640501278684e-15,6.661338147750939e-16,0.00020439998479560018
2965,WMI,50,1995,5,189,2.5207891805087796e-15,8.881784197001252e-16,1.71000137925148e-05
2966,ISM,50,1995,5,189,0.05779574292068716,0.006769559243132717,5.699999746866524e-05
2967,DI,50,1995,5,190,2.1637640501278684e-15,6.661338147750939e-16,0.0002502999850548804
2968,WMI,50,1995,5,190,2.5207891805087796e-15,8.881784197001252e-16,2.0400009816512465e-05
2969,ISM,50,1995,5,190,0.05779574292068716,0.006769559243132717,5.840000812895596e-05
2970,DI,50,1995,5,191,2.1637640501278684e-15,6.661338147750939e-16,0.00022529999841935933
2971,WMI,50,1995,5,191,2.5207891805087796e-15,8.881784197001252e-16,1.780001912266016e-05
2972,ISM,50,1995,5,191,0.05779574292068716,0.006769559243132717,5.750000127591193e-05
2973,DI,50,1995,5,192,2.1637640501278684e-15,6.661338147750939e-16,0.00022230000467970967
2974,WMI,50,1995,5,192,2.5207891805087796e-15,8.881784197001252e-16,1.7499987734481692e-05
2975,ISM,50,1995,5,192,0.05779574292068716,0.006769559243132717,5.660002352669835e-05
2976,DI,50,1995,5,193,2.1637640501278684e-15,6.661338147750939e-16,0.00022270000772550702
2977,WMI,50,1995,5,193,2.5207891805087796e-15,8.881784197001252e-16,1.9500002963468432e-05
2978,ISM,50,1995,5,193,0.05779574292068716,0.006769559243132717,5.859998054802418e-05
2979,DI,50,1995,5,194,2.1637640501278684e-15,6.661338147750939e-16,0.00022459999308921397
2980,WMI,50,1995,5,194,2.5207891805087796e-15,8.881784197001252e-16,1.819999306462705e-05
2981,ISM,50,1995,5,194,0.05779574292068716,0.006769559243132717,5.740000051446259e-05
2982,DI,50,1995,5,195,2.1637640501278684e-15,6.661338147750939e-16,0.0002384000108577311
2983,WMI,50,1995,5,195,2.5207891805087796e-15,8.881784197001252e-16,1.6999983927235007e-05
2984,ISM,50,1995,5,195,0.05779574292068716,0.006769559243132717,5.6899996707215905e-05
2985,DI,50,1995,5,196,2.1637640501278684e-15,6.661338147750939e-16,0.000229199999012053
2986,WMI,50,1995,5,196,2.5207891805087796e-15,8.881784197001252e-16,1.6900012269616127e-05
2987,ISM,50,1995,5,196,0.05779574292068716,0.006769559243132717,5.679999594576657e-05
2988,DI,50,1995,5,197,2.1637640501278684e-15,6.661338147750939e-16,0.00021410000044852495
2989,WMI,50,1995,5,197,2.5207891805087796e-15,8.881784197001252e-16,1.6900012269616127e-05
2990,ISM,50,1995,5,197,0.05779574292068716,0.006769559243132717,5.729999975301325e-05
2991,DI,50,1995,5,198,2.1637640501278684e-15,6.661338147750939e-16,0.0002294000005349517
2992,WMI,50,1995,5,198,2.5207891805087796e-15,8.881784197001252e-16,1.7399986973032355e-05
2993,ISM,50,1995,5,198,0.05779574292068716,0.006769559243132717,5.750000127591193e-05
2994,DI,50,1995,5,199,2.1637640501278684e-15,6.661338147750939e-16,0.000215600011870265
2995,WMI,50,1995,5,199,2.5207891805087796e-15,8.881784197001252e-16,1.889999839477241e-05
2996,ISM,50,1995,5,199,0.05779574292068716,0.006769559243132717,5.819997750222683e-05
2997,DI,50,1995,5,200,2.1637640501278684e-15,6.661338147750939e-16,0.00022159999934956431
2998,WMI,50,1995,5,200,2.5207891805087796e-15,8.881784197001252e-16,1.8099992303177714e-05
2999,ISM,50,1995,5,200,0.05779574292068716,0.006769559243132717,5.77000027988106e-05
3000,DI,50,1990,10,1,2.4409278401866374e-15,6.661338147750939e-16,0.0003257999778725207
3001,WMI,50,1990,10,1,2.5084760062969903e-15,8.881784197001252e-16,4.630000330507755e-05
3002,ISM,50,1990,10,1,0.08320038287931124,0.011505094516541803,0.00014590000500902534
3003,DI,50,1990,10,2,2.4409278401866374e-15,6.661338147750939e-16,0.0003278000222053379
3004,WMI,50,1990,10,2,2.5084760062969903e-15,8.881784197001252e-16,7.160002132877707e-05
3005,ISM,50,1990,10,2,0.08320038287931124,0.011505094516541803,0.00016259998665191233
3006,DI,50,1990,10,3,2.4409278401866374e-15,6.661338147750939e-16,0.0004138000076636672
3007,WMI,50,1990,10,3,2.5084760062969903e-15,8.881784197001252e-16,6.560000474564731e-05
3008,ISM,50,1990,10,3,0.08320038287931124,0.011505094516541803,0.00024080000002868474
3009,DI,50,1990,10,4,2.4409278401866374e-15,6.661338147750939e-16,0.0003730999887920916
3010,WMI,50,1990,10,4,2.5084760062969903e-15,8.881784197001252e-16,6.980000762268901e-05
3011,ISM,50,1990,10,4,0.08320038287931124,0.011505094516541803,0.00027150000096298754
3012,DI,50,1990,10,5,2.4409278401866374e-15,6.661338147750939e-16,0.0004228999896440655
3013,WMI,50,1990,10,5,2.5084760062969903e-15,8.881784197001252e-16,6.469999789260328e-05
3014,ISM,50,1990,10,5,0.08320038287931124,0.011505094516541803,0.0002353000163566321
3015,DI,50,1990,10,6,2.4409278401866374e-15,6.661338147750939e-16,0.0003259000077378005
3016,WMI,50,1990,10,6,2.5084760062969903e-15,8.881784197001252e-16,6.540000322274864e-05
3017,ISM,50,1990,10,6,0.08320038287931124,0.011505094516541803,0.0001897999900393188
3018,DI,50,1990,10,7,2.4409278401866374e-15,6.661338147750939e-16,0.0003321999975014478
3019,WMI,50,1990,10,7,2.5084760062969903e-15,8.881784197001252e-16,3.860000288113952e-05
3020,ISM,50,1990,10,7,0.08320038287931124,0.011505094516541803,0.00012409998453222215
3021,DI,50,1990,10,8,2.4409278401866374e-15,6.661338147750939e-16,0.0003411000070627779
3022,WMI,50,1990,10,8,2.5084760062969903e-15,8.881784197001252e-16,6.489999941550195e-05
3023,ISM,50,1990,10,8,0.08320038287931124,0.011505094516541803,0.00027019999106414616
3024,DI,50,1990,10,9,2.4409278401866374e-15,6.661338147750939e-16,0.0003811000206042081
3025,WMI,50,1990,10,9,2.5084760062969903e-15,8.881784197001252e-16,3.609998384490609e-05
3026,ISM,50,1990,10,9,0.08320038287931124,0.011505094516541803,0.00013000000035390258
3027,DI,50,1990,10,10,2.4409278401866374e-15,6.661338147750939e-16,0.00029490000451914966
3028,WMI,50,1990,10,10,2.5084760062969903e-15,8.881784197001252e-16,2.9799994081258774e-05
3029,ISM,50,1990,10,10,0.08320038287931124,0.011505094516541803,0.00012740000966005027
3030,DI,50,1990,10,11,2.4409278401866374e-15,6.661338147750939e-16,0.0002993999805767089
3031,WMI,50,1990,10,11,2.5084760062969903e-15,8.881784197001252e-16,6.630001007579267e-05
3032,ISM,50,1990,10,11,0.08320038287931124,0.011505094516541803,0.00019240000983700156
3033,DI,50,1990,10,12,2.4409278401866374e-15,6.661338147750939e-16,0.00031529998523183167
3034,WMI,50,1990,10,12,2.5084760062969903e-15,8.881784197001252e-16,3.0399998649954796e-05
3035,ISM,50,1990,10,12,0.08320038287931124,0.011505094516541803,0.00011639998410828412
3036,DI,50,1990,10,13,2.4409278401866374e-15,6.661338147750939e-16,0.0003129999968223274
3037,WMI,50,1990,10,13,2.5084760062969903e-15,8.881784197001252e-16,2.980002318508923e-05
3038,ISM,50,1990,10,13,0.08320038287931124,0.011505094516541803,0.0001227000029757619
3039,DI,50,1990,10,14,2.4409278401866374e-15,6.661338147750939e-16,0.00033660000190138817
3040,WMI,50,1990,10,14,2.5084760062969903e-15,8.881784197001252e-16,6.439999560825527e-05
3041,ISM,50,1990,10,14,0.08320038287931124,0.011505094516541803,0.00015570002142339945
3042,DI,50,1990,10,15,2.4409278401866374e-15,6.661338147750939e-16,0.00033099998836405575
3043,WMI,50,1990,10,15,2.5084760062969903e-15,8.881784197001252e-16,6.220000796020031e-05
3044,ISM,50,1990,10,15,0.08320038287931124,0.011505094516541803,0.0001787999935913831
3045,DI,50,1990,10,16,2.4409278401866374e-15,6.661338147750939e-16,0.00033680000342428684
3046,WMI,50,1990,10,16,2.5084760062969903e-15,8.881784197001252e-16,2.780000795610249e-05
3047,ISM,50,1990,10,16,0.08320038287931124,0.011505094516541803,0.00011500000255182385
3048,DI,50,1990,10,17,2.4409278401866374e-15,6.661338147750939e-16,0.0003069999802391976
3049,WMI,50,1990,10,17,2.5084760062969903e-15,8.881784197001252e-16,2.5899993488565087e-05
3050,ISM,50,1990,10,17,0.08320038287931124,0.011505094516541803,0.00011439999798312783
3051,DI,50,1990,10,18,2.4409278401866374e-15,6.661338147750939e-16,0.00029039999935775995
3052,WMI,50,1990,10,18,2.5084760062969903e-15,8.881784197001252e-16,6.629998097196221e-05
3053,ISM,50,1990,10,18,0.08320038287931124,0.011505094516541803,0.0003171999996993691
3054,DI,50,1990,10,19,2.4409278401866374e-15,6.661338147750939e-16,0.00027039999258704484
3055,WMI,50,1990,10,19,2.5084760062969903e-15,8.881784197001252e-16,6.0999998822808266e-05
3056,ISM,50,1990,10,19,0.08320038287931124,0.011505094516541803,0.0001176999940071255
3057,DI,50,1990,10,20,2.4409278401866374e-15,6.661338147750939e-16,0.00032130000181496143
3058,WMI,50,1990,10,20,2.5084760062969903e-15,8.881784197001252e-16,2.4699984351173043e-05
3059,ISM,50,1990,10,20,0.08320038287931124,0.011505094516541803,0.0001134999911300838
3060,DI,50,1990,10,21,2.4409278401866374e-15,6.661338147750939e-16,0.0002958999830298126
3061,WMI,50,1990,10,21,2.5084760062969903e-15,8.881784197001252e-16,2.4800014216452837e-05
3062,ISM,50,1990,10,21,0.08320038287931124,0.011505094516541803,0.00011510000331327319
3063,DI,50,1990,10,22,2.4409278401866374e-15,6.661338147750939e-16,0.0002877000079024583
3064,WMI,50,1990,10,22,2.5084760062969903e-15,8.881784197001252e-16,6.75999908708036e-05
3065,ISM,50,1990,10,22,0.08320038287931124,0.011505094516541803,0.00026530001196078956
3066,DI,50,1990,10,23,2.4409278401866374e-15,6.661338147750939e-16,0.0005022999830543995
3067,WMI,50,1990,10,23,2.5084760062969903e-15,8.881784197001252e-16,6.839999696239829e-05
3068,ISM,50,1990,10,23,0.08320038287931124,0.011505094516541803,0.00026210001669824123
3069,DI,50,1990,10,24,2.4409278401866374e-15,6.661338147750939e-16,0.000512500002514571
3070,WMI,50,1990,10,24,2.5084760062969903e-15,8.881784197001252e-16,2.4999986635521054e-05
3071,ISM,50,1990,10,24,0.08320038287931124,0.011505094516541803,0.00011449999874457717
3072,DI,50,1990,10,25,2.4409278401866374e-15,6.661338147750939e-16,0.0008914999780245125
3073,WMI,50,1990,10,25,2.5084760062969903e-15,8.881784197001252e-16,3.330002073198557e-05
3074,ISM,50,1990,10,25,0.08320038287931124,0.011505094516541803,0.00011829999857582152
3075,DI,50,1990,10,26,2.4409278401866374e-15,6.661338147750939e-16,0.0007892000139690936
3076,WMI,50,1990,10,26,2.5084760062969903e-15,8.881784197001252e-16,0.00012620000052265823
3077,ISM,50,1990,10,26,0.08320038287931124,0.011505094516541803,0.00020810001296922565
3078,DI,50,1990,10,27,2.4409278401866374e-15,6.661338147750939e-16,0.00030509999487549067
3079,WMI,50,1990,10,27,2.5084760062969903e-15,8.881784197001252e-16,3.540000761859119e-05
3080,ISM,50,1990,10,27,0.08320038287931124,0.011505094516541803,0.00013229998876340687
3081,DI,50,1990,10,28,2.4409278401866374e-15,6.661338147750939e-16,0.00035230000503361225
3082,WMI,50,1990,10,28,2.5084760062969903e-15,8.881784197001252e-16,6.970000686123967e-05
3083,ISM,50,1990,10,28,0.08320038287931124,0.011505094516541803,0.0002590999938547611
3084,DI,50,1990,10,29,2.4409278401866374e-15,6.661338147750939e-16,0.00040569997509010136
3085,WMI,50,1990,10,29,2.5084760062969903e-15,8.881784197001252e-16,5.780000356025994e-05
3086,ISM,50,1990,10,29,0.08320038287931124,0.011505094516541803,0.00024850000045262277
3087,DI,50,1990,10,30,2.4409278401866374e-15,6.661338147750939e-16,0.00040779999108053744
3088,WMI,50,1990,10,30,2.5084760062969903e-15,8.881784197001252e-16,6.340001709759235e-05
3089,ISM,50,1990,10,30,0.08320038287931124,0.011505094516541803,0.0002717000024858862
3090,DI,50,1990,10,31,2.4409278401866374e-15,6.661338147750939e-16,0.000391699984902516
3091,WMI,50,1990,10,31,2.5084760062969903e-15,8.881784197001252e-16,2.9199989512562752e-05
3092,ISM,50,1990,10,31,0.08320038287931124,0.011505094516541803,0.00012310000602155924
3093,DI,50,1990,10,32,2.4409278401866374e-15,6.661338147750939e-16,0.00033989999792538583
3094,WMI,50,1990,10,32,2.5084760062969903e-15,8.881784197001252e-16,3.850000211969018e-05
3095,ISM,50,1990,10,32,0.08320038287931124,0.011505094516541803,0.0001297999988310039
3096,DI,50,1990,10,33,2.4409278401866374e-15,6.661338147750939e-16,0.000367600005120039
3097,WMI,50,1990,10,33,2.5084760062969903e-15,8.881784197001252e-16,6.210000719875097e-05
3098,ISM,50,1990,10,33,0.08320038287931124,0.011505094516541803,0.00027730001602321863
3099,DI,50,1990,10,34,2.4409278401866374e-15,6.661338147750939e-16,0.0003896999987773597
3100,WMI,50,1990,10,34,2.5084760062969903e-15,8.881784197001252e-16,6.089999806135893e-05
3101,ISM,50,1990,10,34,0.08320038287931124,0.011505094516541803,0.000285100017208606
3102,DI,50,1990,10,35,2.4409278401866374e-15,6.661338147750939e-16,0.00039270002162083983
3103,WMI,50,1990,10,35,2.5084760062969903e-15,8.881784197001252e-16,6.180000491440296e-05
3104,ISM,50,1990,10,35,0.08320038287931124,0.011505094516541803,0.0002868000010494143
3105,DI,50,1990,10,36,2.4409278401866374e-15,6.661338147750939e-16,0.0006228999991435558
3106,WMI,50,1990,10,36,2.5084760062969903e-15,8.881784197001252e-16,3.090000245720148e-05
3107,ISM,50,1990,10,36,0.08320038287931124,0.011505094516541803,0.00013449997641146183
3108,DI,50,1990,10,37,2.4409278401866374e-15,6.661338147750939e-16,0.0003110000106971711
3109,WMI,50,1990,10,37,2.5084760062969903e-15,8.881784197001252e-16,6.510000093840063e-05
3110,ISM,50,1990,10,37,0.08320038287931124,0.011505094516541803,0.0004298000130802393
3111,DI,50,1990,10,38,2.4409278401866374e-15,6.661338147750939e-16,0.00037510000402107835
3112,WMI,50,1990,10,38,2.5084760062969903e-15,8.881784197001252e-16,6.51999725960195e-05
3113,ISM,50,1990,10,38,0.08320038287931124,0.011505094516541803,0.00034679999225772917
3114,DI,50,1990,10,39,2.4409278401866374e-15,6.661338147750939e-16,0.00036639999598264694
3115,WMI,50,1990,10,39,2.5084760062969903e-15,8.881784197001252e-16,6.479999865405262e-05
3116,ISM,50,1990,10,39,0.08320038287931124,0.011505094516541803,0.0002049999893642962
3117,DI,50,1990,10,40,2.4409278401866374e-15,6.661338147750939e-16,0.0003452999808359891
3118,WMI,50,1990,10,40,2.5084760062969903e-15,8.881784197001252e-16,3.399999695830047e-05
3119,ISM,50,1990,10,40,0.08320038287931124,0.011505094516541803,0.00013410000246949494
3120,DI,50,1990,10,41,2.4409278401866374e-15,6.661338147750939e-16,0.00032479999936185777
3121,WMI,50,1990,10,41,2.5084760062969903e-15,8.881784197001252e-16,2.649999805726111e-05
3122,ISM,50,1990,10,41,0.08320038287931124,0.011505094516541803,0.00012549999519251287
3123,DI,50,1990,10,42,2.4409278401866374e-15,6.661338147750939e-16,0.0002938999969046563
3124,WMI,50,1990,10,42,2.5084760062969903e-15,8.881784197001252e-16,2.6699999580159783e-05
3125,ISM,50,1990,10,42,0.08320038287931124,0.011505094516541803,0.00012499999138526618
3126,DI,50,1990,10,43,2.4409278401866374e-15,6.661338147750939e-16,0.00029689999064430594
3127,WMI,50,1990,10,43,2.5084760062969903e-15,8.881784197001252e-16,2.549999044276774e-05
3128,ISM,50,1990,10,43,0.08320038287931124,0.011505094516541803,0.00011809999705292284
3129,DI,50,1990,10,44,2.4409278401866374e-15,6.661338147750939e-16,0.00031010000384412706
3130,WMI,50,1990,10,44,2.5084760062969903e-15,8.881784197001252e-16,6.779999239370227e-05
3131,ISM,50,1990,10,44,0.08320038287931124,0.011505094516541803,0.0001331999956164509
3132,DI,50,1990,10,45,2.4409278401866374e-15,6.661338147750939e-16,0.00028379997820593417
3133,WMI,50,1990,10,45,2.5084760062969903e-15,8.881784197001252e-16,6.600000779144466e-05
3134,ISM,50,1990,10,45,0.08320038287931124,0.011505094516541803,0.0002825000265147537
3135,DI,50,1990,10,46,2.4409278401866374e-15,6.661338147750939e-16,0.00039679999463260174
3136,WMI,50,1990,10,46,2.5084760062969903e-15,8.881784197001252e-16,3.8700003642588854e-05
3137,ISM,50,1990,10,46,0.08320038287931124,0.011505094516541803,0.0001365999924018979
3138,DI,50,1990,10,47,2.4409278401866374e-15,6.661338147750939e-16,0.0002466999867465347
3139,WMI,50,1990,10,47,2.5084760062969903e-15,8.881784197001252e-16,2.9700022423639894e-05
3140,ISM,50,1990,10,47,0.08320038287931124,0.011505094516541803,0.00012670000432990491
3141,DI,50,1990,10,48,2.4409278401866374e-15,6.661338147750939e-16,0.00027420002152211964
3142,WMI,50,1990,10,48,2.5084760062969903e-15,8.881784197001252e-16,2.829998265951872e-05
3143,ISM,50,1990,10,48,0.08320038287931124,0.011505094516541803,0.0001134999911300838
3144,DI,50,1990,10,49,2.4409278401866374e-15,6.661338147750939e-16,0.00027379998937249184
3145,WMI,50,1990,10,49,2.5084760062969903e-15,8.881784197001252e-16,2.8999987989664078e-05
3146,ISM,50,1990,10,49,0.08320038287931124,0.011505094516541803,0.00011940000695176423
3147,DI,50,1990,10,50,2.4409278401866374e-15,6.661338147750939e-16,0.00022500002523884177
3148,WMI,50,1990,10,50,2.5084760062969903e-15,8.881784197001252e-16,2.719997428357601e-05
3149,ISM,50,1990,10,50,0.08320038287931124,0.011505094516541803,0.00011569997877813876
3150,DI,50,1990,10,51,2.4409278401866374e-15,6.661338147750939e-16,0.0002528000040911138
3151,WMI,50,1990,10,51,2.5084760062969903e-15,8.881784197001252e-16,2.4199980543926358e-05
3152,ISM,50,1990,10,51,0.08320038287931124,0.011505094516541803,0.00011439999798312783
3153,DI,50,1990,10,52,2.4409278401866374e-15,6.661338147750939e-16,0.0002597999991849065
3154,WMI,50,1990,10,52,2.5084760062969903e-15,8.881784197001252e-16,2.5800021830946207e-05
3155,ISM,50,1990,10,52,0.08320038287931124,0.011505094516541803,0.00011490000179037452
3156,DI,50,1990,10,53,2.4409278401866374e-15,6.661338147750939e-16,0.00023469998268410563
3157,WMI,50,1990,10,53,2.5084760062969903e-15,8.881784197001252e-16,2.4300010409206152e-05
3158,ISM,50,1990,10,53,0.08320038287931124,0.011505094516541803,0.0001142999972216785
3159,DI,50,1990,10,54,2.4409278401866374e-15,6.661338147750939e-16,0.00024580000899732113
3160,WMI,50,1990,10,54,2.5084760062969903e-15,8.881784197001252e-16,2.6599998818710446e-05
3161,ISM,50,1990,10,54,0.08320038287931124,0.011505094516541803,0.00013929998385719955
3162,DI,50,1990,10,55,2.4409278401866374e-15,6.661338147750939e-16,0.00024590000975877047
3163,WMI,50,1990,10,55,2.5084760062969903e-15,8.881784197001252e-16,2.5899993488565087e-05
3164,ISM,50,1990,10,55,0.08320038287931124,0.011505094516541803,0.00011490000179037452
3165,DI,50,1990,10,56,2.4409278401866374e-15,6.661338147750939e-16,0.0002175999979954213
3166,WMI,50,1990,10,56,2.5084760062969903e-15,8.881784197001252e-16,2.5299988919869065e-05
3167,ISM,50,1990,10,56,0.08320038287931124,0.011505094516541803,0.00011519997497089207
3168,DI,50,1990,10,57,2.4409278401866374e-15,6.661338147750939e-16,0.00025140002253465354
3169,WMI,50,1990,10,57,2.5084760062969903e-15,8.881784197001252e-16,2.570002106949687e-05
3170,ISM,50,1990,10,57,0.08320038287931124,0.011505094516541803,0.00011470000026747584
3171,DI,50,1990,10,58,2.4409278401866374e-15,6.661338147750939e-16,0.00024059999850578606
3172,WMI,50,1990,10,58,2.5084760062969903e-15,8.881784197001252e-16,2.4900014977902174e-05
3173,ISM,50,1990,10,58,0.08320038287931124,0.011505094516541803,0.00011520000407472253
3174,DI,50,1990,10,59,2.4409278401866374e-15,6.661338147750939e-16,0.0002477999951224774
3175,WMI,50,1990,10,59,2.5084760062969903e-15,8.881784197001252e-16,2.5899993488565087e-05
3176,ISM,50,1990,10,59,0.08320038287931124,0.011505094516541803,0.0001142999972216785
3177,DI,50,1990,10,60,2.4409278401866374e-15,6.661338147750939e-16,0.0002638000005390495
3178,WMI,50,1990,10,60,2.5084760062969903e-15,8.881784197001252e-16,2.1499989088624716e-05
3179,ISM,50,1990,10,60,0.08320038287931124,0.011505094516541803,0.00011409999569877982
3180,DI,50,1990,10,61,2.4409278401866374e-15,6.661338147750939e-16,0.0002668000233825296
3181,WMI,50,1990,10,61,2.5084760062969903e-15,8.881784197001252e-16,9.740001405589283e-05
3182,ISM,50,1990,10,61,0.08320038287931124,0.011505094516541803,0.00022870002430863678
3183,DI,50,1990,10,62,2.4409278401866374e-15,6.661338147750939e-16,0.000540299981366843
3184,WMI,50,1990,10,62,2.5084760062969903e-15,8.881784197001252e-16,3.15000070258975e-05
3185,ISM,50,1990,10,62,0.08320038287931124,0.011505094516541803,0.00021019999985583127
3186,DI,50,1990,10,63,2.4409278401866374e-15,6.661338147750939e-16,0.00028909998945891857
3187,WMI,50,1990,10,63,2.5084760062969903e-15,8.881784197001252e-16,3.129997639916837e-05
3188,ISM,50,1990,10,63,0.08320038287931124,0.011505094516541803,0.00012000001152046025
3189,DI,50,1990,10,64,2.4409278401866374e-15,6.661338147750939e-16,0.0002654000127222389
3190,WMI,50,1990,10,64,2.5084760062969903e-15,8.881784197001252e-16,3.2899988582357764e-05
3191,ISM,50,1990,10,64,0.08320038287931124,0.011505094516541803,0.00011819999781437218
3192,DI,50,1990,10,65,2.4409278401866374e-15,6.661338147750939e-16,0.0002513999934308231
3193,WMI,50,1990,10,65,2.5084760062969903e-15,8.881784197001252e-16,2.4999986635521054e-05
3194,ISM,50,1990,10,65,0.08320038287931124,0.011505094516541803,0.00011389999417588115
3195,DI,50,1990,10,66,2.4409278401866374e-15,6.661338147750939e-16,0.0002544999879319221
3196,WMI,50,1990,10,66,2.5084760062969903e-15,8.881784197001252e-16,2.710000262595713e-05
3197,ISM,50,1990,10,66,0.08320038287931124,0.011505094516541803,0.00011490000179037452
3198,DI,50,1990,10,67,2.4409278401866374e-15,6.661338147750939e-16,0.00024210000992752612
3199,WMI,50,1990,10,67,2.5084760062969903e-15,8.881784197001252e-16,2.6300025638192892e-05
3200,ISM,50,1990,10,67,0.08320038287931124,0.011505094516541803,0.0001157999795395881
3201,DI,50,1990,10,68,2.4409278401866374e-15,6.661338147750939e-16,0.0002536000101827085
3202,WMI,50,1990,10,68,2.5084760062969903e-15,8.881784197001252e-16,2.2099993657320738e-05
3203,ISM,50,1990,10,68,0.08320038287931124,0.011505094516541803,0.00011309998808428645
3204,DI,50,1990,10,69,2.4409278401866374e-15,6.661338147750939e-16,0.00022260000696405768
3205,WMI,50,1990,10,69,2.5084760062969903e-15,8.881784197001252e-16,2.1199986804276705e-05
3206,ISM,50,1990,10,69,0.08320038287931124,0.011505094516541803,0.00011289998656138778
3207,DI,50,1990,10,70,2.4409278401866374e-15,6.661338147750939e-16,0.0002719000040087849
3208,WMI,50,1990,10,70,2.5084760062969903e-15,8.881784197001252e-16,2.6299996534362435e-05
3209,ISM,50,1990,10,70,0.08320038287931124,0.011505094516541803,0.00011550000635907054
3210,DI,50,1990,10,71,2.4409278401866374e-15,6.661338147750939e-16,0.00025209999876096845
3211,WMI,50,1990,10,71,2.5084760062969903e-15,8.881784197001252e-16,2.509998739697039e-05
3212,ISM,50,1990,10,71,0.08320038287931124,0.011505094516541803,0.00011559997801668942
3213,DI,50,1990,10,72,2.4409278401866374e-15,6.661338147750939e-16,0.0002403999969828874
3214,WMI,50,1990,10,72,2.5084760062969903e-15,8.881784197001252e-16,2.409997978247702e-05
3215,ISM,50,1990,10,72,0.08320038287931124,0.011505094516541803,0.0001142999972216785
3216,DI,50,1990,10,73,2.4409278401866374e-15,6.661338147750939e-16,0.00024789999588392675
3217,WMI,50,1990,10,73,2.5084760062969903e-15,8.881784197001252e-16,2.379997749812901e-05
3218,ISM,50,1990,10,73,0.08320038287931124,0.011505094516541803,0.00011389999417588115
3219,DI,50,1990,10,74,2.4409278401866374e-15,6.661338147750939e-16,0.0002460000105202198
3220,WMI,50,1990,10,74,2.5084760062969903e-15,8.881784197001252e-16,2.3800006601959467e-05
3221,ISM,50,1990,10,74,0.08320038287931124,0.011505094516541803,0.00011510000331327319
3222,DI,50,1990,10,75,2.4409278401866374e-15,6.661338147750939e-16,0.00023579999106004834
3223,WMI,50,1990,10,75,2.5084760062969903e-15,8.881784197001252e-16,2.5600020308047533e-05
3224,ISM,50,1990,10,75,0.08320038287931124,0.011505094516541803,0.00013070000568404794
3225,DI,50,1990,10,76,2.4409278401866374e-15,6.661338147750939e-16,0.0001860000193119049
3226,WMI,50,1990,10,76,2.5084760062969903e-15,8.881784197001252e-16,2.2099993657320738e-05
3227,ISM,50,1990,10,76,0.08320038287931124,0.011505094516541803,0.00011319998884573579
3228,DI,50,1990,10,77,2.4409278401866374e-15,6.661338147750939e-16,0.00034810000215657055
3229,WMI,50,1990,10,77,2.5084760062969903e-15,8.881784197001252e-16,3.15000070258975e-05
3230,ISM,50,1990,10,77,0.08320038287931124,0.011505094516541803,0.00013130001025274396
3231,DI,50,1990,10,78,2.4409278401866374e-15,6.661338147750939e-16,0.00026550001348368824
3232,WMI,50,1990,10,78,2.5084760062969903e-15,8.881784197001252e-16,3.0499999411404133e-05
3233,ISM,50,1990,10,78,0.08320038287931124,0.011505094516541803,0.00011850000009872019
3234,DI,50,1990,10,79,2.4409278401866374e-15,6.661338147750939e-16,0.00024449999909847975
3235,WMI,50,1990,10,79,2.5084760062969903e-15,8.881784197001252e-16,2.6299996534362435e-05
3236,ISM,50,1990,10,79,0.08320038287931124,0.011505094516541803,0.00011470000026747584
3237,DI,50,1990,10,80,2.4409278401866374e-15,6.661338147750939e-16,0.0002230999816674739
3238,WMI,50,1990,10,80,2.5084760062969903e-15,8.881784197001252e-16,2.340000355616212e-05
3239,ISM,50,1990,10,80,0.08320038287931124,0.011505094516541803,0.00011340001947246492
3240,DI,50,1990,10,81,2.4409278401866374e-15,6.661338147750939e-16,0.0002376000047661364
3241,WMI,50,1990,10,81,2.5084760062969903e-15,8.881784197001252e-16,2.570002106949687e-05
3242,ISM,50,1990,10,81,0.08320038287931124,0.011505094516541803,0.00011550000635907054
3243,DI,50,1990,10,82,2.4409278401866374e-15,6.661338147750939e-16,0.00023870001314207911
3244,WMI,50,1990,10,82,2.5084760062969903e-15,8.881784197001252e-16,2.5699991965666413e-05
3245,ISM,50,1990,10,82,0.08320038287931124,0.011505094516541803,0.00011520000407472253
3246,DI,50,1990,10,83,2.4409278401866374e-15,6.661338147750939e-16,0.00024129997473210096
3247,WMI,50,1990,10,83,2.5084760062969903e-15,8.881784197001252e-16,2.4299981305375695e-05
3248,ISM,50,1990,10,83,0.08320038287931124,0.011505094516541803,0.00011399999493733048
3249,DI,50,1990,10,84,2.4409278401866374e-15,6.661338147750939e-16,0.00024259998463094234
3250,WMI,50,1990,10,84,2.5084760062969903e-15,8.881784197001252e-16,2.5399989681318402e-05
3251,ISM,50,1990,10,84,0.08320038287931124,0.011505094516541803,0.00011669998639263213
3252,DI,50,1990,10,85,2.4409278401866374e-15,6.661338147750939e-16,0.000235699990298599
3253,WMI,50,1990,10,85,2.5084760062969903e-15,8.881784197001252e-16,2.340000355616212e-05
3254,ISM,50,1990,10,85,0.08320038287931124,0.011505094516541803,0.00011480000102892518
3255,DI,50,1990,10,86,2.4409278401866374e-15,6.661338147750939e-16,0.0002271000121254474
3256,WMI,50,1990,10,86,2.5084760062969903e-15,8.881784197001252e-16,2.609999501146376e-05
3257,ISM,50,1990,10,86,0.08320038287931124,0.011505094516541803,0.00011610001092776656
3258,DI,50,1990,10,87,2.4409278401866374e-15,6.661338147750939e-16,0.0002418000076431781
3259,WMI,50,1990,10,87,2.5084760062969903e-15,8.881784197001252e-16,2.190002123825252e-05
3260,ISM,50,1990,10,87,0.08320038287931124,0.011505094516541803,0.00011400002404116094
3261,DI,50,1990,10,88,2.4409278401866374e-15,6.661338147750939e-16,0.0002510999911464751
3262,WMI,50,1990,10,88,2.5084760062969903e-15,8.881784197001252e-16,2.61999957729131e-05
3263,ISM,50,1990,10,88,0.08320038287931124,0.011505094516541803,0.00011560000712051988
3264,DI,50,1990,10,89,2.4409278401866374e-15,6.661338147750939e-16,0.00025209999876096845
3265,WMI,50,1990,10,89,2.5084760062969903e-15,8.881784197001252e-16,2.4899985874071717e-05
3266,ISM,50,1990,10,89,0.08320038287931124,0.011505094516541803,0.00011560000712051988
3267,DI,50,1990,10,90,2.4409278401866374e-15,6.661338147750939e-16,0.00024610001128166914
3268,WMI,50,1990,10,90,2.5084760062969903e-15,8.881784197001252e-16,2.4999986635521054e-05
3269,ISM,50,1990,10,90,0.08320038287931124,0.011505094516541803,0.00012470001820474863
3270,DI,50,1990,10,91,2.4409278401866374e-15,6.661338147750939e-16,0.00023400000645779073
3271,WMI,50,1990,10,91,2.5084760062969903e-15,8.881784197001252e-16,2.5299988919869065e-05
3272,ISM,50,1990,10,91,0.08320038287931124,0.011505094516541803,0.00011520000407472253
3273,DI,50,1990,10,92,2.4409278401866374e-15,6.661338147750939e-16,0.0012935999839100987
3274,WMI,50,1990,10,92,2.5084760062969903e-15,8.881784197001252e-16,3.270001616328955e-05
3275,ISM,50,1990,10,92,0.08320038287931124,0.011505094516541803,0.00011790002463385463
3276,DI,50,1990,10,93,2.4409278401866374e-15,6.661338147750939e-16,0.0002744000230450183
3277,WMI,50,1990,10,93,2.5084760062969903e-15,8.881784197001252e-16,2.509998739697039e-05
3278,ISM,50,1990,10,93,0.08320038287931124,0.011505094516541803,0.00011419999646022916
3279,DI,50,1990,10,94,2.4409278401866374e-15,6.661338147750939e-16,0.0002505999873392284
3280,WMI,50,1990,10,94,2.5084760062969903e-15,8.881784197001252e-16,2.1500018192455173e-05
3281,ISM,50,1990,10,94,0.08320038287931124,0.011505094516541803,0.00011470000026747584
3282,DI,50,1990,10,95,2.4409278401866374e-15,6.661338147750939e-16,0.00024359999224543571
3283,WMI,50,1990,10,95,2.5084760062969903e-15,8.881784197001252e-16,3.290001768618822e-05
3284,ISM,50,1990,10,95,0.08320038287931124,0.011505094516541803,0.00011929997708648443
3285,DI,50,1990,10,96,2.4409278401866374e-15,6.661338147750939e-16,0.00025610000011511147
3286,WMI,50,1990,10,96,2.5084760062969903e-15,8.881784197001252e-16,2.5699991965666413e-05
3287,ISM,50,1990,10,96,0.08320038287931124,0.011505094516541803,0.00011510000331327319
3288,DI,50,1990,10,97,2.4409278401866374e-15,6.661338147750939e-16,0.00024819999816827476
3289,WMI,50,1990,10,97,2.5084760062969903e-15,8.881784197001252e-16,2.449998282827437e-05
3290,ISM,50,1990,10,97,0.08320038287931124,0.011505094516541803,0.00011529997573234141
3291,DI,50,1990,10,98,2.4409278401866374e-15,6.661338147750939e-16,0.00024369999300688505
3292,WMI,50,1990,10,98,2.5084760062969903e-15,8.881784197001252e-16,2.5599991204217076e-05
3293,ISM,50,1990,10,98,0.08320038287931124,0.011505094516541803,0.00011480000102892518
3294,DI,50,1990,10,99,2.4409278401866374e-15,6.661338147750939e-16,0.0002643000043462962
3295,WMI,50,1990,10,99,2.5084760062969903e-15,8.881784197001252e-16,2.2700027329847217e-05
3296,ISM,50,1990,10,99,0.08320038287931124,0.011505094516541803,0.00011510000331327319
3297,DI,50,1990,10,100,2.4409278401866374e-15,6.661338147750939e-16,0.0002800000074785203
3298,WMI,50,1990,10,100,2.5084760062969903e-15,8.881784197001252e-16,2.5199988158419728e-05
3299,ISM,50,1990,10,100,0.08320038287931124,0.011505094516541803,0.00011550000635907054
3300,DI,50,1990,10,101,2.4409278401866374e-15,6.661338147750939e-16,0.00022780001745559275
3301,WMI,50,1990,10,101,2.5084760062969903e-15,8.881784197001252e-16,2.989999484270811e-05
3302,ISM,50,1990,10,101,0.08320038287931124,0.011505094516541803,0.0001401000190526247
3303,DI,50,1990,10,102,2.4409278401866374e-15,6.661338147750939e-16,0.00026799997431226075
3304,WMI,50,1990,10,102,2.5084760062969903e-15,8.881784197001252e-16,2.5300018023699522e-05
3305,ISM,50,1990,10,102,0.08320038287931124,0.011505094516541803,0.00011599998106248677
3306,DI,50,1990,10,103,2.4409278401866374e-15,6.661338147750939e-16,0.0002514999941922724
3307,WMI,50,1990,10,103,2.5084760062969903e-15,8.881784197001252e-16,2.13000166695565e-05
3308,ISM,50,1990,10,103,0.08320038287931124,0.011505094516541803,0.00011399999493733048
3309,DI,50,1990,10,104,2.4409278401866374e-15,6.661338147750939e-16,0.0002238999877590686
3310,WMI,50,1990,10,104,2.5084760062969903e-15,8.881784197001252e-16,2.1000014385208488e-05
3311,ISM,50,1990,10,104,0.08320038287931124,0.011505094516541803,0.00011320001794956625
3312,DI,50,1990,10,105,2.4409278401866374e-15,6.661338147750939e-16,0.0002142000012099743
3313,WMI,50,1990,10,105,2.5084760062969903e-15,8.881784197001252e-16,2.4899985874071717e-05
3314,ISM,50,1990,10,105,0.08320038287931124,0.011505094516541803,0.00011449999874457717
3315,DI,50,1990,10,106,2.4409278401866374e-15,6.661338147750939e-16,0.00024339999072253704
3316,WMI,50,1990,10,106,2.5084760062969903e-15,8.881784197001252e-16,2.600002335384488e-05
3317,ISM,50,1990,10,106,0.08320038287931124,0.011505094516541803,0.00013749999925494194
3318,DI,50,1990,10,107,2.4409278401866374e-15,6.661338147750939e-16,0.00026169998454861343
3319,WMI,50,1990,10,107,2.5084760062969903e-15,8.881784197001252e-16,2.3900007363408804e-05
3320,ISM,50,1990,10,107,0.08320038287931124,0.011505094516541803,0.0001233999792020768
3321,DI,50,1990,10,108,2.4409278401866374e-15,6.661338147750939e-16,0.0002717000024858862
3322,WMI,50,1990,10,108,2.5084760062969903e-15,8.881784197001252e-16,2.889998722821474e-05
3323,ISM,50,1990,10,108,0.08320038287931124,0.011505094516541803,0.00012670000432990491
3324,DI,50,1990,10,109,2.4409278401866374e-15,6.661338147750939e-16,0.00028149998979642987
3325,WMI,50,1990,10,109,2.5084760062969903e-15,8.881784197001252e-16,2.5999994250014424e-05
3326,ISM,50,1990,10,109,0.08320038287931124,0.011505094516541803,0.0001154000055976212
3327,DI,50,1990,10,110,2.4409278401866374e-15,6.661338147750939e-16,0.00031820000731386244
3328,WMI,50,1990,10,110,2.5084760062969903e-15,8.881784197001252e-16,3.4500000765547156e-05
3329,ISM,50,1990,10,110,0.08320038287931124,0.011505094516541803,0.00011890000314451754
3330,DI,50,1990,10,111,2.4409278401866374e-15,6.661338147750939e-16,0.00032110000029206276
3331,WMI,50,1990,10,111,2.5084760062969903e-15,8.881784197001252e-16,3.1899980967864394e-05
3332,ISM,50,1990,10,111,0.08320038287931124,0.011505094516541803,0.00013729999773204327
3333,DI,50,1990,10,112,2.4409278401866374e-15,6.661338147750939e-16,0.00032350001856684685
3334,WMI,50,1990,10,112,2.5084760062969903e-15,8.881784197001252e-16,2.4399982066825032e-05
3335,ISM,50,1990,10,112,0.08320038287931124,0.011505094516541803,0.00011500000255182385
3336,DI,50,1990,10,113,2.4409278401866374e-15,6.661338147750939e-16,0.00030399998649954796
3337,WMI,50,1990,10,113,2.5084760062969903e-15,8.881784197001252e-16,2.4999986635521054e-05
3338,ISM,50,1990,10,113,0.08320038287931124,0.011505094516541803,0.00011490000179037452
3339,DI,50,1990,10,114,2.4409278401866374e-15,6.661338147750939e-16,0.00028929999098181725
3340,WMI,50,1990,10,114,2.5084760062969903e-15,8.881784197001252e-16,2.8000009479001164e-05
3341,ISM,50,1990,10,114,0.08320038287931124,0.011505094516541803,0.00011559997801668942
3342,DI,50,1990,10,115,2.4409278401866374e-15,6.661338147750939e-16,0.00027550000231713057
3343,WMI,50,1990,10,115,2.5084760062969903e-15,8.881784197001252e-16,2.47000134550035e-05
3344,ISM,50,1990,10,115,0.08320038287931124,0.011505094516541803,0.00011500000255182385
3345,DI,50,1990,10,116,2.4409278401866374e-15,6.661338147750939e-16,0.00031960001797415316
3346,WMI,50,1990,10,116,2.5084760062969903e-15,8.881784197001252e-16,2.4200009647756815e-05
3347,ISM,50,1990,10,116,0.08320038287931124,0.011505094516541803,0.0001145999995060265
3348,DI,50,1990,10,117,2.4409278401866374e-15,6.661338147750939e-16,0.00028260002727620304
3349,WMI,50,1990,10,117,2.5084760062969903e-15,8.881784197001252e-16,2.2199994418770075e-05
3350,ISM,50,1990,10,117,0.08320038287931124,0.011505094516541803,0.00011550000635907054
3351,DI,50,1990,10,118,2.4409278401866374e-15,6.661338147750939e-16,0.0002826999989338219
3352,WMI,50,1990,10,118,2.5084760062969903e-15,8.881784197001252e-16,2.7400004910305142e-05
3353,ISM,50,1990,10,118,0.08320038287931124,0.011505094516541803,0.00011680001625791192
3354,DI,50,1990,10,119,2.4409278401866374e-15,6.661338147750939e-16,0.0003118000167887658
3355,WMI,50,1990,10,119,2.5084760062969903e-15,8.881784197001252e-16,2.7300004148855805e-05
3356,ISM,50,1990,10,119,0.08320038287931124,0.011505094516541803,0.00011510000331327319
3357,DI,50,1990,10,120,2.4409278401866374e-15,6.661338147750939e-16,0.0002838000073097646
3358,WMI,50,1990,10,120,2.5084760062969903e-15,8.881784197001252e-16,2.549999044276774e-05
3359,ISM,50,1990,10,120,0.08320038287931124,0.011505094516541803,0.00011659998563118279
3360,DI,50,1990,10,121,2.4409278401866374e-15,6.661338147750939e-16,0.00030780001543462276
3361,WMI,50,1990,10,121,2.5084760062969903e-15,8.881784197001252e-16,2.5999994250014424e-05
3362,ISM,50,1990,10,121,0.08320038287931124,0.011505094516541803,0.00011709998943842947
3363,DI,50,1990,10,122,2.4409278401866374e-15,6.661338147750939e-16,0.00032909997389651835
3364,WMI,50,1990,10,122,2.5084760062969903e-15,8.881784197001252e-16,3.0199997127056122e-05
3365,ISM,50,1990,10,122,0.08320038287931124,0.011505094516541803,0.0001233999792020768
3366,DI,50,1990,10,123,2.4409278401866374e-15,6.661338147750939e-16,0.0003662999952211976
3367,WMI,50,1990,10,123,2.5084760062969903e-15,8.881784197001252e-16,3.0499999411404133e-05
3368,ISM,50,1990,10,123,0.08320038287931124,0.011505094516541803,0.00012149999383836985
3369,DI,50,1990,10,124,2.4409278401866374e-15,6.661338147750939e-16,0.0003786000015679747
3370,WMI,50,1990,10,124,2.5084760062969903e-15,8.881784197001252e-16,3.260001540184021e-05
3371,ISM,50,1990,10,124,0.08320038287931124,0.011505094516541803,0.00011839999933727086
3372,DI,50,1990,10,125,2.4409278401866374e-15,6.661338147750939e-16,0.000826600007712841
3373,WMI,50,1990,10,125,2.5084760062969903e-15,8.881784197001252e-16,8.080000407062471e-05
3374,ISM,50,1990,10,125,0.08320038287931124,0.011505094516541803,0.0002632999967318028
3375,DI,50,1990,10,126,2.4409278401866374e-15,6.661338147750939e-16,0.0005936000088695437
3376,WMI,50,1990,10,126,2.5084760062969903e-15,8.881784197001252e-16,0.0001351000100839883
3377,ISM,50,1990,10,126,0.08320038287931124,0.011505094516541803,0.00012909999350085855
3378,DI,50,1990,10,127,2.4409278401866374e-15,6.661338147750939e-16,0.00032909997389651835
3379,WMI,50,1990,10,127,2.5084760062969903e-15,8.881784197001252e-16,3.120000474154949e-05
3380,ISM,50,1990,10,127,0.08320038287931124,0.011505094516541803,0.00011520000407472253
3381,DI,50,1990,10,128,2.4409278401866374e-15,6.661338147750939e-16,0.0003225000109523535
3382,WMI,50,1990,10,128,2.5084760062969903e-15,8.881784197001252e-16,6.560000474564731e-05
3383,ISM,50,1990,10,128,0.08320038287931124,0.011505094516541803,0.00032410002313554287
3384,DI,50,1990,10,129,2.4409278401866374e-15,6.661338147750939e-16,0.0003761000116355717
3385,WMI,50,1990,10,129,2.5084760062969903e-15,8.881784197001252e-16,5.7199998991563916e-05
3386,ISM,50,1990,10,129,0.08320038287931124,0.011505094516541803,0.0002708999963942915
3387,DI,50,1990,10,130,2.4409278401866374e-15,6.661338147750939e-16,0.00033340000663883984
3388,WMI,50,1990,10,130,2.5084760062969903e-15,8.881784197001252e-16,2.8199981898069382e-05
3389,ISM,50,1990,10,130,0.08320038287931124,0.011505094516541803,0.00011680001625791192
3390,DI,50,1990,10,131,2.4409278401866374e-15,6.661338147750939e-16,0.0003093000268563628
3391,WMI,50,1990,10,131,2.5084760062969903e-15,8.881784197001252e-16,2.239999594166875e-05
3392,ISM,50,1990,10,131,0.08320038287931124,0.011505094516541803,0.00011369999265298247
3393,DI,50,1990,10,132,2.4409278401866374e-15,6.661338147750939e-16,0.00028379997820593417
3394,WMI,50,1990,10,132,2.5084760062969903e-15,8.881784197001252e-16,2.1700019715353847e-05
3395,ISM,50,1990,10,132,0.08320038287931124,0.011505094516541803,0.00011320001794956625
3396,DI,50,1990,10,133,2.4409278401866374e-15,6.661338147750939e-16,0.00027340001543052495
3397,WMI,50,1990,10,133,2.5084760062969903e-15,8.881784197001252e-16,2.3899978259578347e-05
3398,ISM,50,1990,10,133,0.08320038287931124,0.011505094516541803,0.0002871000033337623
3399,DI,50,1990,10,134,2.4409278401866374e-15,6.661338147750939e-16,0.0005160000000614673
3400,WMI,50,1990,10,134,2.5084760062969903e-15,8.881784197001252e-16,8.05000017862767e-05
3401,ISM,50,1990,10,134,0.08320038287931124,0.011505094516541803,0.00027550000231713057
3402,DI,50,1990,10,135,2.4409278401866374e-15,6.661338147750939e-16,0.0003364000003784895
3403,WMI,50,1990,10,135,2.5084760062969903e-15,8.881784197001252e-16,3.500000457279384e-05
3404,ISM,50,1990,10,135,0.08320038287931124,0.011505094516541803,0.00011809999705292284
3405,DI,50,1990,10,136,2.4409278401866374e-15,6.661338147750939e-16,0.0003029000072274357
3406,WMI,50,1990,10,136,2.5084760062969903e-15,8.881784197001252e-16,3.2899988582357764e-05
3407,ISM,50,1990,10,136,0.08320038287931124,0.011505094516541803,0.00013080000644549727
3408,DI,50,1990,10,137,2.4409278401866374e-15,6.661338147750939e-16,0.0002888999879360199
3409,WMI,50,1990,10,137,2.5084760062969903e-15,8.881784197001252e-16,2.8999987989664078e-05
3410,ISM,50,1990,10,137,0.08320038287931124,0.011505094516541803,0.00012290000449866056
3411,DI,50,1990,10,138,2.4409278401866374e-15,6.661338147750939e-16,0.0004918999911751598
3412,WMI,50,1990,10,138,2.5084760062969903e-15,8.881784197001252e-16,2.269999822601676e-05
3413,ISM,50,1990,10,138,0.08320038287931124,0.011505094516541803,0.00011409999569877982
3414,DI,50,1990,10,139,2.4409278401866374e-15,6.661338147750939e-16,0.0005966000026091933
3415,WMI,50,1990,10,139,2.5084760062969903e-15,8.881784197001252e-16,0.00014439999358728528
3416,ISM,50,1990,10,139,0.08320038287931124,0.011505094516541803,0.0003992000129073858
3417,DI,50,1990,10,140,2.4409278401866374e-15,6.661338147750939e-16,0.0004268999909982085
3418,WMI,50,1990,10,140,2.5084760062969903e-15,8.881784197001252e-16,0.00013520001084543765
3419,ISM,50,1990,10,140,0.08320038287931124,0.011505094516541803,0.00048060002154670656
3420,DI,50,1990,10,141,2.4409278401866374e-15,6.661338147750939e-16,0.001073399995220825
3421,WMI,50,1990,10,141,2.5084760062969903e-15,8.881784197001252e-16,2.8399983420968056e-05
3422,ISM,50,1990,10,141,0.08320038287931124,0.011505094516541803,0.00011669998639263213
3423,DI,50,1990,10,142,2.4409278401866374e-15,6.661338147750939e-16,0.0004994999908376485
3424,WMI,50,1990,10,142,2.5084760062969903e-15,8.881784197001252e-16,0.00016830000095069408
3425,ISM,50,1990,10,142,0.08320038287931124,0.011505094516541803,0.0001393999846186489
3426,DI,50,1990,10,143,2.4409278401866374e-15,6.661338147750939e-16,0.0004881999921053648
3427,WMI,50,1990,10,143,2.5084760062969903e-15,8.881784197001252e-16,0.0001202999847009778
3428,ISM,50,1990,10,143,0.08320038287931124,0.011505094516541803,0.0004695999959949404
3429,DI,50,1990,10,144,2.4409278401866374e-15,6.661338147750939e-16,0.0005280000041238964
3430,WMI,50,1990,10,144,2.5084760062969903e-15,8.881784197001252e-16,2.9000017093494534e-05
3431,ISM,50,1990,10,144,0.08320038287931124,0.011505094516541803,0.00011759999324567616
3432,DI,50,1990,10,145,2.4409278401866374e-15,6.661338147750939e-16,0.0003546999942045659
3433,WMI,50,1990,10,145,2.5084760062969903e-15,8.881784197001252e-16,2.2599997464567423e-05
3434,ISM,50,1990,10,145,0.08320038287931124,0.011505094516541803,0.00011439999798312783
3435,DI,50,1990,10,146,2.4409278401866374e-15,6.661338147750939e-16,0.00035200000274926424
3436,WMI,50,1990,10,146,2.5084760062969903e-15,8.881784197001252e-16,3.689998993650079e-05
3437,ISM,50,1990,10,146,0.08320038287931124,0.011505094516541803,0.0001446999958716333
3438,DI,50,1990,10,147,2.4409278401866374e-15,6.661338147750939e-16,0.00042710002162493765
3439,WMI,50,1990,10,147,2.5084760062969903e-15,8.881784197001252e-16,0.00011069999891333282
3440,ISM,50,1990,10,147,0.08320038287931124,0.011505094516541803,0.00046510001993738115
3441,DI,50,1990,10,148,2.4409278401866374e-15,6.661338147750939e-16,0.000514000013936311
3442,WMI,50,1990,10,148,2.5084760062969903e-15,8.881784197001252e-16,9.82999918051064e-05
3443,ISM,50,1990,10,148,0.08320038287931124,0.011505094516541803,0.00045849999878555536
3444,DI,50,1990,10,149,2.4409278401866374e-15,6.661338147750939e-16,0.0005738000036217272
3445,WMI,50,1990,10,149,2.5084760062969903e-15,8.881784197001252e-16,0.00010529998689889908
3446,ISM,50,1990,10,149,0.08320038287931124,0.011505094516541803,0.00014479999663308263
3447,DI,50,1990,10,150,2.4409278401866374e-15,6.661338147750939e-16,0.0003960999893024564
3448,WMI,50,1990,10,150,2.5084760062969903e-15,8.881784197001252e-16,5.059997783973813e-05
3449,ISM,50,1990,10,150,0.08320038287931124,0.011505094516541803,0.0001621000119484961
3450,DI,50,1990,10,151,2.4409278401866374e-15,6.661338147750939e-16,0.0003810000198427588
3451,WMI,50,1990,10,151,2.5084760062969903e-15,8.881784197001252e-16,3.409999771974981e-05
3452,ISM,50,1990,10,151,0.08320038287931124,0.011505094516541803,0.00015410000924021006
3453,DI,50,1990,10,152,2.4409278401866374e-15,6.661338147750939e-16,0.00039659999310970306
3454,WMI,50,1990,10,152,2.5084760062969903e-15,8.881784197001252e-16,3.0800001695752144e-05
3455,ISM,50,1990,10,152,0.08320038287931124,0.011505094516541803,0.00012360000982880592
3456,DI,50,1990,10,153,2.4409278401866374e-15,6.661338147750939e-16,0.00040920000174082816
3457,WMI,50,1990,10,153,2.5084760062969903e-15,8.881784197001252e-16,0.00011669998639263213
3458,ISM,50,1990,10,153,0.08320038287931124,0.011505094516541803,0.0004878000181633979
3459,DI,50,1990,10,154,2.4409278401866374e-15,6.661338147750939e-16,0.0006355000077746809
3460,WMI,50,1990,10,154,2.5084760062969903e-15,8.881784197001252e-16,0.00010119998478330672
3461,ISM,50,1990,10,154,0.08320038287931124,0.011505094516541803,0.00037009999505244195
3462,DI,50,1990,10,155,2.4409278401866374e-15,6.661338147750939e-16,0.0005087000026833266
3463,WMI,50,1990,10,155,2.5084760062969903e-15,8.881784197001252e-16,4.879999323748052e-05
3464,ISM,50,1990,10,155,0.08320038287931124,0.011505094516541803,0.00016690001939423382
3465,DI,50,1990,10,156,2.4409278401866374e-15,6.661338147750939e-16,0.0004692000220529735
3466,WMI,50,1990,10,156,2.5084760062969903e-15,8.881784197001252e-16,0.0001196000084746629
3467,ISM,50,1990,10,156,0.08320038287931124,0.011505094516541803,0.0005030999891459942
3468,DI,50,1990,10,157,2.4409278401866374e-15,6.661338147750939e-16,0.0005196999991312623
3469,WMI,50,1990,10,157,2.5084760062969903e-15,8.881784197001252e-16,4.099999205209315e-05
3470,ISM,50,1990,10,157,0.08320038287931124,0.011505094516541803,0.00015380000695586205
3471,DI,50,1990,10,158,2.4409278401866374e-15,6.661338147750939e-16,0.0004260999849066138
3472,WMI,50,1990,10,158,2.5084760062969903e-15,8.881784197001252e-16,9.919999865815043e-05
3473,ISM,50,1990,10,158,0.08320038287931124,0.011505094516541803,0.0004461000207811594
3474,DI,50,1990,10,159,2.4409278401866374e-15,6.661338147750939e-16,0.0004885000234935433
3475,WMI,50,1990,10,159,2.5084760062969903e-15,8.881784197001252e-16,4.3800013372674584e-05
3476,ISM,50,1990,10,159,0.08320038287931124,0.011505094516541803,0.00020000000949949026
3477,DI,50,1990,10,160,2.4409278401866374e-15,6.661338147750939e-16,0.0004383999912533909
3478,WMI,50,1990,10,160,2.5084760062969903e-15,8.881784197001252e-16,8.270001853816211e-05
3479,ISM,50,1990,10,160,0.08320038287931124,0.011505094516541803,0.00038839998887851834
3480,DI,50,1990,10,161,2.4409278401866374e-15,6.661338147750939e-16,0.0004626000009011477
3481,WMI,50,1990,10,161,2.5084760062969903e-15,8.881784197001252e-16,7.159999222494662e-05
3482,ISM,50,1990,10,161,0.08320038287931124,0.011505094516541803,0.0003499999875202775
3483,DI,50,1990,10,162,2.4409278401866374e-15,6.661338147750939e-16,0.0004908000119030476
3484,WMI,50,1990,10,162,2.5084760062969903e-15,8.881784197001252e-16,3.6900019040331244e-05
3485,ISM,50,1990,10,162,0.08320038287931124,0.011505094516541803,0.00015410000924021006
3486,DI,50,1990,10,163,2.4409278401866374e-15,6.661338147750939e-16,0.00043200000072829425
3487,WMI,50,1990,10,163,2.5084760062969903e-15,8.881784197001252e-16,6.379999103955925e-05
3488,ISM,50,1990,10,163,0.08320038287931124,0.011505094516541803,0.0002963000151794404
3489,DI,50,1990,10,164,2.4409278401866374e-15,6.661338147750939e-16,0.0005624000041279942
3490,WMI,50,1990,10,164,2.5084760062969903e-15,8.881784197001252e-16,7.71000050008297e-05
3491,ISM,50,1990,10,164,0.08320038287931124,0.011505094516541803,0.00029540000832639635
3492,DI,50,1990,10,165,2.4409278401866374e-15,6.661338147750939e-16,0.0004592000041157007
3493,WMI,50,1990,10,165,2.5084760062969903e-15,8.881784197001252e-16,3.5699980799108744e-05
3494,ISM,50,1990,10,165,0.08320038287931124,0.011505094516541803,0.00027299998328089714
3495,DI,50,1990,10,166,2.4409278401866374e-15,6.661338147750939e-16,0.0004697999975178391
3496,WMI,50,1990,10,166,2.5084760062969903e-15,8.881784197001252e-16,5.219999002292752e-05
3497,ISM,50,1990,10,166,0.08320038287931124,0.011505094516541803,0.00019859999883919954
3498,DI,50,1990,10,167,2.4409278401866374e-15,6.661338147750939e-16,0.00044940001680515707
3499,WMI,50,1990,10,167,2.5084760062969903e-15,8.881784197001252e-16,6.240000948309898e-05
3500,ISM,50,1990,10,167,0.08320038287931124,0.011505094516541803,0.00025579999783076346
3501,DI,50,1990,10,168,2.4409278401866374e-15,6.661338147750939e-16,0.00039510001079179347
3502,WMI,50,1990,10,168,2.5084760062969903e-15,8.881784197001252e-16,3.7699996028095484e-05
3503,ISM,50,1990,10,168,0.08320038287931124,0.011505094516541803,0.00017750001279637218
3504,DI,50,1990,10,169,2.4409278401866374e-15,6.661338147750939e-16,0.0003538999881129712
3505,WMI,50,1990,10,169,2.5084760062969903e-15,8.881784197001252e-16,6.790002225898206e-05
3506,ISM,50,1990,10,169,0.08320038287931124,0.011505094516541803,0.00026810000417754054
3507,DI,50,1990,10,170,2.4409278401866374e-15,6.661338147750939e-16,0.0004532000166364014
3508,WMI,50,1990,10,170,2.5084760062969903e-15,8.881784197001252e-16,3.3899996196851134e-05
3509,ISM,50,1990,10,170,0.08320038287931124,0.011505094516541803,0.000152900000102818
3510,DI,50,1990,10,171,2.4409278401866374e-15,6.661338147750939e-16,0.00043710001045838
3511,WMI,50,1990,10,171,2.5084760062969903e-15,8.881784197001252e-16,6.38000201433897e-05
3512,ISM,50,1990,10,171,0.08320038287931124,0.011505094516541803,0.0002640000020619482
3513,DI,50,1990,10,172,2.4409278401866374e-15,6.661338147750939e-16,0.00043909999658353627
3514,WMI,50,1990,10,172,2.5084760062969903e-15,8.881784197001252e-16,5.3499999921768904e-05
3515,ISM,50,1990,10,172,0.08320038287931124,0.011505094516541803,0.00025480001932010055
3516,DI,50,1990,10,173,2.4409278401866374e-15,6.661338147750939e-16,0.00042019999818876386
3517,WMI,50,1990,10,173,2.5084760062969903e-15,8.881784197001252e-16,5.2099989261478186e-05
3518,ISM,50,1990,10,173,0.08320038287931124,0.011505094516541803,0.00025110002025030553
3519,DI,50,1990,10,174,2.4409278401866374e-15,6.661338147750939e-16,0.00044770000386051834
3520,WMI,50,1990,10,174,2.5084760062969903e-15,8.881784197001252e-16,5.6899996707215905e-05
3521,ISM,50,1990,10,174,0.08320038287931124,0.011505094516541803,0.00021199998445808887
3522,DI,50,1990,10,175,2.4409278401866374e-15,6.661338147750939e-16,0.0004262999864295125
3523,WMI,50,1990,10,175,2.5084760062969903e-15,8.881784197001252e-16,5.449997843243182e-05
3524,ISM,50,1990,10,175,0.08320038287931124,0.011505094516541803,0.0002510000194888562
3525,DI,50,1990,10,176,2.4409278401866374e-15,6.661338147750939e-16,0.0004689999914262444
3526,WMI,50,1990,10,176,2.5084760062969903e-15,8.881784197001252e-16,3.670001751743257e-05
3527,ISM,50,1990,10,176,0.08320038287931124,0.011505094516541803,0.00016700002015568316
3528,DI,50,1990,10,177,2.4409278401866374e-15,6.661338147750939e-16,0.00043149999692104757
3529,WMI,50,1990,10,177,2.5084760062969903e-15,8.881784197001252e-16,4.569999873638153e-05
3530,ISM,50,1990,10,177,0.08320038287931124,0.011505094516541803,0.00019540000357665122
3531,DI,50,1990,10,178,2.4409278401866374e-15,6.661338147750939e-16,0.0004330000083427876
3532,WMI,50,1990,10,178,2.5084760062969903e-15,8.881784197001252e-16,5.2799994591623545e-05
3533,ISM,50,1990,10,178,0.08320038287931124,0.011505094516541803,0.00024510000366717577
3534,DI,50,1990,10,179,2.4409278401866374e-15,6.661338147750939e-16,0.0004383999912533909
3535,WMI,50,1990,10,179,2.5084760062969903e-15,8.881784197001252e-16,4.099999205209315e-05
3536,ISM,50,1990,10,179,0.08320038287931124,0.011505094516541803,0.00018549998640082777
3537,DI,50,1990,10,180,2.4409278401866374e-15,6.661338147750939e-16,0.0004194999928586185
3538,WMI,50,1990,10,180,2.5084760062969903e-15,8.881784197001252e-16,4.8699992476031184e-05
3539,ISM,50,1990,10,180,0.08320038287931124,0.011505094516541803,0.0002330999996047467
3540,DI,50,1990,10,181,2.4409278401866374e-15,6.661338147750939e-16,0.0004278999986127019
3541,WMI,50,1990,10,181,2.5084760062969903e-15,8.881784197001252e-16,3.470000228844583e-05
3542,ISM,50,1990,10,181,0.08320038287931124,0.011505094516541803,0.00017380001372657716
3543,DI,50,1990,10,182,2.4409278401866374e-15,6.661338147750939e-16,0.0004497000190895051
3544,WMI,50,1990,10,182,2.5084760062969903e-15,8.881784197001252e-16,5.639999289996922e-05
3545,ISM,50,1990,10,182,0.08320038287931124,0.011505094516541803,0.0002519999979995191
3546,DI,50,1990,10,183,2.4409278401866374e-15,6.661338147750939e-16,0.00039400000241585076
3547,WMI,50,1990,10,183,2.5084760062969903e-15,8.881784197001252e-16,4.610000178217888e-05
3548,ISM,50,1990,10,183,0.08320038287931124,0.011505094516541803,0.00031400000443682075
3549,DI,50,1990,10,184,2.4409278401866374e-15,6.661338147750939e-16,0.00040950000402517617
3550,WMI,50,1990,10,184,2.5084760062969903e-15,8.881784197001252e-16,6.309998570941389e-05
3551,ISM,50,1990,10,184,0.08320038287931124,0.011505094516541803,0.00024500000290572643
3552,DI,50,1990,10,185,2.4409278401866374e-15,6.661338147750939e-16,0.0004425999941304326
3553,WMI,50,1990,10,185,2.5084760062969903e-15,8.881784197001252e-16,5.8900011936202645e-05
3554,ISM,50,1990,10,185,0.08320038287931124,0.011505094516541803,0.00026160001289099455
3555,DI,50,1990,10,186,2.4409278401866374e-15,6.661338147750939e-16,0.0004165999998804182
3556,WMI,50,1990,10,186,2.5084760062969903e-15,8.881784197001252e-16,4.700000863522291e-05
3557,ISM,50,1990,10,186,0.08320038287931124,0.011505094516541803,0.00018360000103712082
3558,DI,50,1990,10,187,2.4409278401866374e-15,6.661338147750939e-16,0.0004222000134177506
3559,WMI,50,1990,10,187,2.5084760062969903e-15,8.881784197001252e-16,6.299998494796455e-05
3560,ISM,50,1990,10,187,0.08320038287931124,0.011505094516541803,0.00025630000163801014
3561,DI,50,1990,10,188,2.4409278401866374e-15,6.661338147750939e-16,0.00039060000563040376
3562,WMI,50,1990,10,188,2.5084760062969903e-15,8.881784197001252e-16,6.160000339150429e-05
3563,ISM,50,1990,10,188,0.08320038287931124,0.011505094516541803,0.00023869998403824866
3564,DI,50,1990,10,189,2.4409278401866374e-15,6.661338147750939e-16,0.00038399998447857797
3565,WMI,50,1990,10,189,2.5084760062969903e-15,8.881784197001252e-16,5.3000025218352675e-05
3566,ISM,50,1990,10,189,0.08320038287931124,0.011505094516541803,0.0002316000172868371
3567,DI,50,1990,10,190,2.4409278401866374e-15,6.661338147750939e-16,0.00037969998084008694
3568,WMI,50,1990,10,190,2.5084760062969903e-15,8.881784197001252e-16,6.469999789260328e-05
3569,ISM,50,1990,10,190,0.08320038287931124,0.011505094516541803,0.00028989999555051327
3570,DI,50,1990,10,191,2.4409278401866374e-15,6.661338147750939e-16,0.00041840001358650625
3571,WMI,50,1990,10,191,2.5084760062969903e-15,8.881784197001252e-16,4.610000178217888e-05
3572,ISM,50,1990,10,191,0.08320038287931124,0.011505094516541803,0.00017670000670477748
3573,DI,50,1990,10,192,2.4409278401866374e-15,6.661338147750939e-16,0.0005019999807700515
3574,WMI,50,1990,10,192,2.5084760062969903e-15,8.881784197001252e-16,5.7199998991563916e-05
3575,ISM,50,1990,10,192,0.08320038287931124,0.011505094516541803,0.0001784999913070351
3576,DI,50,1990,10,193,2.4409278401866374e-15,6.661338147750939e-16,0.0003814000228885561
3577,WMI,50,1990,10,193,2.5084760062969903e-15,8.881784197001252e-16,3.6999990697950125e-05
3578,ISM,50,1990,10,193,0.08320038287931124,0.011505094516541803,0.00016229998436756432
3579,DI,50,1990,10,194,2.4409278401866374e-15,6.661338147750939e-16,0.0003572999848984182
3580,WMI,50,1990,10,194,2.5084760062969903e-15,8.881784197001252e-16,5.139998393133283e-05
3581,ISM,50,1990,10,194,0.08320038287931124,0.011505094516541803,0.00022789998911321163
3582,DI,50,1990,10,195,2.4409278401866374e-15,6.661338147750939e-16,0.0004044999950565398
3583,WMI,50,1990,10,195,2.5084760062969903e-15,8.881784197001252e-16,3.470000228844583e-05
3584,ISM,50,1990,10,195,0.08320038287931124,0.011505094516541803,0.00016060000052675605
3585,DI,50,1990,10,196,2.4409278401866374e-15,6.661338147750939e-16,0.0003836000105366111
3586,WMI,50,1990,10,196,2.5084760062969903e-15,8.881784197001252e-16,4.060001811012626e-05
3587,ISM,50,1990,10,196,0.08320038287931124,0.011505094516541803,0.0001697000116109848
3588,DI,50,1990,10,197,2.4409278401866374e-15,6.661338147750939e-16,0.00044659999548457563
3589,WMI,50,1990,10,197,2.5084760062969903e-15,8.881784197001252e-16,4.900002386420965e-05
3590,ISM,50,1990,10,197,0.08320038287931124,0.011505094516541803,0.00022749998606741428
3591,DI,50,1990,10,198,2.4409278401866374e-15,6.661338147750939e-16,0.000382099999114871
3592,WMI,50,1990,10,198,2.5084760062969903e-15,8.881784197001252e-16,3.649998689070344e-05
3593,ISM,50,1990,10,198,0.08320038287931124,0.011505094516541803,0.00016090000281110406
3594,DI,50,1990,10,199,2.4409278401866374e-15,6.661338147750939e-16,0.00038380001205950975
3595,WMI,50,1990,10,199,2.5084760062969903e-15,8.881784197001252e-16,4.839999019168317e-05
3596,ISM,50,1990,10,199,0.08320038287931124,0.011505094516541803,0.00022610000451095402
3597,DI,50,1990,10,200,2.4409278401866374e-15,6.661338147750939e-16,0.00040859999717213213
3598,WMI,50,1990,10,200,2.5084760062969903e-15,8.881784197001252e-16,3.779999678954482e-05
3599,ISM,50,1990,10,200,0.08320038287931124,0.011505094516541803,0.00016659998800605536
3600,DI,50,1980,20,1,2.2975151956165934e-15,6.661338147750939e-16,0.00044090001028962433
3601,WMI,50,1980,20,1,2.4891294483974468e-15,8.881784197001252e-16,0.00022340001305565238
3602,ISM,50,1980,20,1,0.13452739202842962,0.019490939051139522,0.000450699997600168
3603,DI,50,1980,20,2,2.2975151956165934e-15,6.661338147750939e-16,0.00043330001062713563
3604,WMI,50,1980,20,2,2.4891294483974468e-15,8.881784197001252e-16,0.00017279997700825334
3605,ISM,50,1980,20,2,0.13452739202842962,0.019490939051139522,0.00024270001449622214
3606,DI,50,1980,20,3,2.2975151956165934e-15,6.661338147750939e-16,0.00036189999082125723
3607,WMI,50,1980,20,3,2.4891294483974468e-15,8.881784197001252e-16,0.00016980001237243414
3608,ISM,50,1980,20,3,0.13452739202842962,0.019490939051139522,0.0005144000169821084
3609,DI,50,1980,20,4,2.2975151956165934e-15,6.661338147750939e-16,0.00032970000756904483
3610,WMI,50,1980,20,4,2.4891294483974468e-15,8.881784197001252e-16,0.00018110001110471785
3611,ISM,50,1980,20,4,0.13452739202842962,0.019490939051139522,0.0005636000132653862
3612,DI,50,1980,20,5,2.2975151956165934e-15,6.661338147750939e-16,0.0003856999974232167
3613,WMI,50,1980,20,5,2.4891294483974468e-15,8.881784197001252e-16,0.0001660000125411898
3614,ISM,50,1980,20,5,0.13452739202842962,0.019490939051139522,0.00022149999858811498
3615,DI,50,1980,20,6,2.2975151956165934e-15,6.661338147750939e-16,0.00031079998007044196
3616,WMI,50,1980,20,6,2.4891294483974468e-15,8.881784197001252e-16,0.00010209999163635075
3617,ISM,50,1980,20,6,0.13452739202842962,0.019490939051139522,0.0002198000147473067
3618,DI,50,1980,20,7,2.2975151956165934e-15,6.661338147750939e-16,0.0002818999928422272
3619,WMI,50,1980,20,7,2.4891294483974468e-15,8.881784197001252e-16,0.0001638999965507537
3620,ISM,50,1980,20,7,0.13452739202842962,0.019490939051139522,0.00021619998733513057
3621,DI,50,1980,20,8,2.2975151956165934e-15,6.661338147750939e-16,0.0003008000203408301
3622,WMI,50,1980,20,8,2.4891294483974468e-15,8.881784197001252e-16,0.00016659998800605536
3623,ISM,50,1980,20,8,0.13452739202842962,0.019490939051139522,0.000516800006153062
3624,DI,50,1980,20,9,2.2975151956165934e-15,6.661338147750939e-16,0.0003711000026669353
3625,WMI,50,1980,20,9,2.4891294483974468e-15,8.881784197001252e-16,0.00016170000890269876
3626,ISM,50,1980,20,9,0.13452739202842962,0.019490939051139522,0.000510000012582168
3627,DI,50,1980,20,10,2.2975151956165934e-15,6.661338147750939e-16,0.0003546999942045659
3628,WMI,50,1980,20,10,2.4891294483974468e-15,8.881784197001252e-16,0.00019019999308511615
3629,ISM,50,1980,20,10,0.13452739202842962,0.019490939051139522,0.001053999993018806
3630,DI,50,1980,20,11,2.2975151956165934e-15,6.661338147750939e-16,0.0005667000077664852
3631,WMI,50,1980,20,11,2.4891294483974468e-15,8.881784197001252e-16,0.0001545000122860074
3632,ISM,50,1980,20,11,0.13452739202842962,0.019490939051139522,0.0004996999923605472
3633,DI,50,1980,20,12,2.2975151956165934e-15,6.661338147750939e-16,0.00039170001400634646
3634,WMI,50,1980,20,12,2.4891294483974468e-15,8.881784197001252e-16,0.0001514999894425273
3635,ISM,50,1980,20,12,0.13452739202842962,0.019490939051139522,0.00046969999675638974
3636,DI,50,1980,20,13,2.2975151956165934e-15,6.661338147750939e-16,0.0003831000067293644
3637,WMI,50,1980,20,13,2.4891294483974468e-15,8.881784197001252e-16,0.0001438999897800386
3638,ISM,50,1980,20,13,0.13452739202842962,0.019490939051139522,0.000437400012742728
3639,DI,50,1980,20,14,2.2975151956165934e-15,6.661338147750939e-16,0.0003449000068940222
3640,WMI,50,1980,20,14,2.4891294483974468e-15,8.881784197001252e-16,0.0001252999936696142
3641,ISM,50,1980,20,14,0.13452739202842962,0.019490939051139522,0.00022479999461211264
3642,DI,50,1980,20,15,2.2975151956165934e-15,6.661338147750939e-16,0.0003483999753370881
3643,WMI,50,1980,20,15,2.4891294483974468e-15,8.881784197001252e-16,0.00014210000517778099
3644,ISM,50,1980,20,15,0.13452739202842962,0.019490939051139522,0.00021779999951831996
3645,DI,50,1980,20,16,2.2975151956165934e-15,6.661338147750939e-16,0.0003011000226251781
3646,WMI,50,1980,20,16,2.4891294483974468e-15,8.881784197001252e-16,0.00015830001211725175
3647,ISM,50,1980,20,16,0.13452739202842962,0.019490939051139522,0.00038579999818466604
3648,DI,50,1980,20,17,2.2975151956165934e-15,6.661338147750939e-16,0.0003071999817620963
3649,WMI,50,1980,20,17,2.4891294483974468e-15,8.881784197001252e-16,0.00013050000416114926
3650,ISM,50,1980,20,17,0.13452739202842962,0.019490939051139522,0.00035130002652294934
3651,DI,50,1980,20,18,2.2975151956165934e-15,6.661338147750939e-16,0.00032029999420046806
3652,WMI,50,1980,20,18,2.4891294483974468e-15,8.881784197001252e-16,0.00010289999772794545
3653,ISM,50,1980,20,18,0.13452739202842962,0.019490939051139522,0.00021960001322440803
3654,DI,50,1980,20,19,2.2975151956165934e-15,6.661338147750939e-16,0.00025939999613910913
3655,WMI,50,1980,20,19,2.4891294483974468e-15,8.881784197001252e-16,0.0001033000007737428
3656,ISM,50,1980,20,19,0.13452739202842962,0.019490939051139522,0.00021600001491606236
3657,DI,50,1980,20,20,2.2975151956165934e-15,6.661338147750939e-16,0.00025690000620670617
3658,WMI,50,1980,20,20,2.4891294483974468e-15,8.881784197001252e-16,0.00012340000830590725
3659,ISM,50,1980,20,20,0.13452739202842962,0.019490939051139522,0.0003271999885328114
3660,DI,50,1980,20,21,2.2975151956165934e-15,6.661338147750939e-16,0.0002992000081576407
3661,WMI,50,1980,20,21,2.4891294483974468e-15,8.881784197001252e-16,0.0001230000052601099
3662,ISM,50,1980,20,21,0.13452739202842962,0.019490939051139522,0.00031140001374296844
3663,DI,50,1980,20,22,2.2975151956165934e-15,6.661338147750939e-16,0.00028910001856274903
3664,WMI,50,1980,20,22,2.4891294483974468e-15,8.881784197001252e-16,0.00010159998782910407
3665,ISM,50,1980,20,22,0.13452739202842962,0.019490939051139522,0.00021850000484846532
3666,DI,50,1980,20,23,2.2975151956165934e-15,6.661338147750939e-16,0.00028100001509301364
3667,WMI,50,1980,20,23,2.4891294483974468e-15,8.881784197001252e-16,0.00012190002598799765
3668,ISM,50,1980,20,23,0.13452739202842962,0.019490939051139522,0.000299000006634742
3669,DI,50,1980,20,24,2.2975151956165934e-15,6.661338147750939e-16,0.0002565000031609088
3670,WMI,50,1980,20,24,2.4891294483974468e-15,8.881784197001252e-16,0.00011850000009872019
3671,ISM,50,1980,20,24,0.13452739202842962,0.019490939051139522,0.00021910000941716135
3672,DI,50,1980,20,25,2.2975151956165934e-15,6.661338147750939e-16,0.00027889999910257757
3673,WMI,50,1980,20,25,2.4891294483974468e-15,8.881784197001252e-16,9.48999950196594e-05
3674,ISM,50,1980,20,25,0.13452739202842962,0.019490939051139522,0.00022089999401941895
3675,DI,50,1980,20,26,2.2975151956165934e-15,6.661338147750939e-16,0.00023269999655894935
3676,WMI,50,1980,20,26,2.4891294483974468e-15,8.881784197001252e-16,0.00011980000999756157
3677,ISM,50,1980,20,26,0.13452739202842962,0.019490939051139522,0.0002717000024858862
3678,DI,50,1980,20,27,2.2975151956165934e-15,6.661338147750939e-16,0.00025159999495372176
3679,WMI,50,1980,20,27,2.4891294483974468e-15,8.881784197001252e-16,9.289997979067266e-05
3680,ISM,50,1980,20,27,0.13452739202842962,0.019490939051139522,0.00025270000332966447
3681,DI,50,1980,20,28,2.2975151956165934e-15,6.661338147750939e-16,0.007018800009973347
3682,WMI,50,1980,20,28,2.4891294483974468e-15,8.881784197001252e-16,0.00018130001262761652
3683,ISM,50,1980,20,28,0.13452739202842962,0.019490939051139522,0.000295600009849295
3684,DI,50,1980,20,29,2.2975151956165934e-15,6.661338147750939e-16,0.0002120999852195382
3685,WMI,50,1980,20,29,2.4891294483974468e-15,8.881784197001252e-16,8.070000330917537e-05
3686,ISM,50,1980,20,29,0.13452739202842962,0.019490939051139522,0.00022690001060254872
3687,DI,50,1980,20,30,2.2975151956165934e-15,6.661338147750939e-16,0.00016709999181330204
3688,WMI,50,1980,20,30,2.4891294483974468e-15,8.881784197001252e-16,7.399998139590025e-05
3689,ISM,50,1980,20,30,0.13452739202842962,0.019490939051139522,0.000215600011870265
3690,DI,50,1980,20,31,2.2975151956165934e-15,6.661338147750939e-16,0.00016410002717748284
3691,WMI,50,1980,20,31,2.4891294483974468e-15,8.881784197001252e-16,6.86999992467463e-05
3692,ISM,50,1980,20,31,0.13452739202842962,0.019490939051139522,0.0002182000025641173
3693,DI,50,1980,20,32,2.2975151956165934e-15,6.661338147750939e-16,0.00016149997827596962
3694,WMI,50,1980,20,32,2.4891294483974468e-15,8.881784197001252e-16,6.650001159869134e-05
3695,ISM,50,1980,20,32,0.13452739202842962,0.019490939051139522,0.00021919998107478023
3696,DI,50,1980,20,33,2.2975151956165934e-15,6.661338147750939e-16,0.00015979999443516135
3697,WMI,50,1980,20,33,2.4891294483974468e-15,8.881784197001252e-16,6.650001159869134e-05
3698,ISM,50,1980,20,33,0.13452739202842962,0.019490939051139522,0.0002151999797206372
3699,DI,50,1980,20,34,2.2975151956165934e-15,6.661338147750939e-16,0.0001601999974809587
3700,WMI,50,1980,20,34,2.4891294483974468e-15,8.881784197001252e-16,6.660001236014068e-05
3701,ISM,50,1980,20,34,0.13452739202842962,0.019490939051139522,0.0002154999820049852
3702,DI,50,1980,20,35,2.2975151956165934e-15,6.661338147750939e-16,0.00016240001423284411
3703,WMI,50,1980,20,35,2.4891294483974468e-15,8.881784197001252e-16,6.630001007579267e-05
3704,ISM,50,1980,20,35,0.13452739202842962,0.019490939051139522,0.00021550001110881567
3705,DI,50,1980,20,36,2.2975151956165934e-15,6.661338147750939e-16,0.00015820001135580242
3706,WMI,50,1980,20,36,2.4891294483974468e-15,8.881784197001252e-16,6.650001159869134e-05
3707,ISM,50,1980,20,36,0.13452739202842962,0.019490939051139522,0.00021659999038092792
3708,DI,50,1980,20,37,2.2975151956165934e-15,6.661338147750939e-16,0.00016189998132176697
3709,WMI,50,1980,20,37,2.4891294483974468e-15,8.881784197001252e-16,6.600000779144466e-05
3710,ISM,50,1980,20,37,0.13452739202842962,0.019490939051139522,0.0002133999951183796
3711,DI,50,1980,20,38,2.2975151956165934e-15,6.661338147750939e-16,0.00015929999062791467
3712,WMI,50,1980,20,38,2.4891294483974468e-15,8.881784197001252e-16,6.629998097196221e-05
3713,ISM,50,1980,20,38,0.13452739202842962,0.019490939051139522,0.0002169000217691064
3714,DI,50,1980,20,39,2.2975151956165934e-15,6.661338147750939e-16,0.0008545000164303929
3715,WMI,50,1980,20,39,2.4891294483974468e-15,8.881784197001252e-16,8.139997953549027e-05
3716,ISM,50,1980,20,39,0.13452739202842962,0.019490939051139522,0.00022149999858811498
3717,DI,50,1980,20,40,2.2975151956165934e-15,6.661338147750939e-16,0.00016350002260878682
3718,WMI,50,1980,20,40,2.4891294483974468e-15,8.881784197001252e-16,7.020001066848636e-05
3719,ISM,50,1980,20,40,0.13452739202842962,0.019490939051139522,0.00021430000197142363
3720,DI,50,1980,20,41,2.2975151956165934e-15,6.661338147750939e-16,0.00016060000052675605
3721,WMI,50,1980,20,41,2.4891294483974468e-15,8.881784197001252e-16,6.849999772384763e-05
3722,ISM,50,1980,20,41,0.13452739202842962,0.019490939051139522,0.0002167999919038266
3723,DI,50,1980,20,42,2.2975151956165934e-15,6.661338147750939e-16,0.00017919999663718045
3724,WMI,50,1980,20,42,2.4891294483974468e-15,8.881784197001252e-16,6.859999848529696e-05
3725,ISM,50,1980,20,42,0.13452739202842962,0.019490939051139522,0.0002170999941881746
3726,DI,50,1980,20,43,2.2975151956165934e-15,6.661338147750939e-16,0.00016110000433400273
3727,WMI,50,1980,20,43,2.4891294483974468e-15,8.881784197001252e-16,6.740001845173538e-05
3728,ISM,50,1980,20,43,0.13452739202842962,0.019490939051139522,0.0004264999879524112
3729,DI,50,1980,20,44,2.2975151956165934e-15,6.661338147750939e-16,0.002817700005834922
3730,WMI,50,1980,20,44,2.4891294483974468e-15,8.881784197001252e-16,8.970001363195479e-05
3731,ISM,50,1980,20,44,0.13452739202842962,0.019490939051139522,0.00022479999461211264
3732,DI,50,1980,20,45,2.2975151956165934e-15,6.661338147750939e-16,0.00017980000120587647
3733,WMI,50,1980,20,45,2.4891294483974468e-15,8.881784197001252e-16,7.690000347793102e-05
3734,ISM,50,1980,20,45,0.13452739202842962,0.019490939051139522,0.00023210002109408379
3735,DI,50,1980,20,46,2.2975151956165934e-15,6.661338147750939e-16,0.00017439998919144273
3736,WMI,50,1980,20,46,2.4891294483974468e-15,8.881784197001252e-16,7.300000288523734e-05
3737,ISM,50,1980,20,46,0.13452739202842962,0.019490939051139522,0.00022879999596625566
3738,DI,50,1980,20,47,2.2975151956165934e-15,6.661338147750939e-16,0.00017169999773614109
3739,WMI,50,1980,20,47,2.4891294483974468e-15,8.881784197001252e-16,7.20999960321933e-05
3740,ISM,50,1980,20,47,0.13452739202842962,0.019490939051139522,0.0002316000172868371
3741,DI,50,1980,20,48,2.2975151956165934e-15,6.661338147750939e-16,0.0001694000093266368
3742,WMI,50,1980,20,48,2.4891294483974468e-15,8.881784197001252e-16,7.050001295283437e-05
3743,ISM,50,1980,20,48,0.13452739202842962,0.019490939051139522,0.00023090001195669174
3744,DI,50,1980,20,49,2.2975151956165934e-15,6.661338147750939e-16,0.00016690001939423382
3745,WMI,50,1980,20,49,2.4891294483974468e-15,8.881784197001252e-16,7.340000593103468e-05
3746,ISM,50,1980,20,49,0.13452739202842962,0.019490939051139522,0.00023669999791309237
3747,DI,50,1980,20,50,2.2975151956165934e-15,6.661338147750939e-16,0.0001748999929986894
3748,WMI,50,1980,20,50,2.4891294483974468e-15,8.881784197001252e-16,7.320000440813601e-05
3749,ISM,50,1980,20,50,0.13452739202842962,0.019490939051139522,0.0002303999790456146
3750,DI,50,1980,20,51,2.2975151956165934e-15,6.661338147750939e-16,0.00017179999849759042
3751,WMI,50,1980,20,51,2.4891294483974468e-15,8.881784197001252e-16,7.120001828297973e-05
3752,ISM,50,1980,20,51,0.13452739202842962,0.019490939051139522,0.00022680000984109938
3753,DI,50,1980,20,52,2.2975151956165934e-15,6.661338147750939e-16,0.00016789999790489674
3754,WMI,50,1980,20,52,2.4891294483974468e-15,8.881784197001252e-16,7.010000990703702e-05
3755,ISM,50,1980,20,52,0.13452739202842962,0.019490939051139522,0.000229199999012053
3756,DI,50,1980,20,53,2.2975151956165934e-15,6.661338147750939e-16,0.00017319998005405068
3757,WMI,50,1980,20,53,2.4891294483974468e-15,8.881784197001252e-16,7.169999298639596e-05
3758,ISM,50,1980,20,53,0.13452739202842962,0.019490939051139522,0.00023860001238062978
3759,DI,50,1980,20,54,2.2975151956165934e-15,6.661338147750939e-16,0.0001736000122036785
3760,WMI,50,1980,20,54,2.4891294483974468e-15,8.881784197001252e-16,7.229999755509198e-05
3761,ISM,50,1980,20,54,0.13452739202842962,0.019490939051139522,0.00024330001906491816
3762,DI,50,1980,20,55,2.2975151956165934e-15,6.661338147750939e-16,0.00017399998614564538
3763,WMI,50,1980,20,55,2.4891294483974468e-15,8.881784197001252e-16,7.300000288523734e-05
3764,ISM,50,1980,20,55,0.13452739202842962,0.019490939051139522,0.0002367999986745417
3765,DI,50,1980,20,56,2.2975151956165934e-15,6.661338147750939e-16,0.00017389998538419604
3766,WMI,50,1980,20,56,2.4891294483974468e-15,8.881784197001252e-16,7.590002496726811e-05
3767,ISM,50,1980,20,56,0.13452739202842962,0.019490939051139522,0.000235399988014251
3768,DI,50,1980,20,57,2.2975151956165934e-15,6.661338147750939e-16,0.00017359998309984803
3769,WMI,50,1980,20,57,2.4891294483974468e-15,8.881784197001252e-16,7.229999755509198e-05
3770,ISM,50,1980,20,57,0.13452739202842962,0.019490939051139522,0.00023740000324323773
3771,DI,50,1980,20,58,2.2975151956165934e-15,6.661338147750939e-16,0.00017270000535063446
3772,WMI,50,1980,20,58,2.4891294483974468e-15,8.881784197001252e-16,6.920000305399299e-05
3773,ISM,50,1980,20,58,0.13452739202842962,0.019490939051139522,0.00022810001973994076
3774,DI,50,1980,20,59,2.2975151956165934e-15,6.661338147750939e-16,0.00016850000247359276
3775,WMI,50,1980,20,59,2.4891294483974468e-15,8.881784197001252e-16,6.990000838413835e-05
3776,ISM,50,1980,20,59,0.13452739202842962,0.019490939051139522,0.000228899996727705
3777,DI,50,1980,20,60,2.2975151956165934e-15,6.661338147750939e-16,0.00017010001465678215
3778,WMI,50,1980,20,60,2.4891294483974468e-15,8.881784197001252e-16,7.03000114299357e-05
3779,ISM,50,1980,20,60,0.13452739202842962,0.019490939051139522,0.0002355000178795308
3780,DI,50,1980,20,61,2.2975151956165934e-15,6.661338147750939e-16,0.0001728000061120838
3781,WMI,50,1980,20,61,2.4891294483974468e-15,8.881784197001252e-16,7.270000060088933e-05
3782,ISM,50,1980,20,61,0.13452739202842962,0.019490939051139522,0.00023870001314207911
3783,DI,50,1980,20,62,2.2975151956165934e-15,6.661338147750939e-16,0.00016679998952895403
3784,WMI,50,1980,20,62,2.4891294483974468e-15,8.881784197001252e-16,6.980000762268901e-05
3785,ISM,50,1980,20,62,0.13452739202842962,0.019490939051139522,0.00022929999977350235
3786,DI,50,1980,20,63,2.2975151956165934e-15,6.661338147750939e-16,0.0001720000000204891
3787,WMI,50,1980,20,63,2.4891294483974468e-15,8.881784197001252e-16,7.2900002123788e-05
3788,ISM,50,1980,20,63,0.13452739202842962,0.019490939051139522,0.00023940001847222447
3789,DI,50,1980,20,64,2.2975151956165934e-15,6.661338147750939e-16,0.0001734999823383987
3790,WMI,50,1980,20,64,2.4891294483974468e-15,8.881784197001252e-16,7.210002513602376e-05
3791,ISM,50,1980,20,64,0.13452739202842962,0.019490939051139522,0.00023860001238062978
3792,DI,50,1980,20,65,2.2975151956165934e-15,6.661338147750939e-16,0.00017439998919144273
3793,WMI,50,1980,20,65,2.4891294483974468e-15,8.881784197001252e-16,0.0002838000073097646
3794,ISM,50,1980,20,65,0.13452739202842962,0.019490939051139522,0.00023820000933483243
3795,DI,50,1980,20,66,2.2975151956165934e-15,6.661338147750939e-16,0.0004335000121500343
3796,WMI,50,1980,20,66,2.4891294483974468e-15,8.881784197001252e-16,8.319999324157834e-05
3797,ISM,50,1980,20,66,0.13452739202842962,0.019490939051139522,0.000231999991228804
3798,DI,50,1980,20,67,2.2975151956165934e-15,6.661338147750939e-16,0.0003547999949660152
3799,WMI,50,1980,20,67,2.4891294483974468e-15,8.881784197001252e-16,0.0009139000030700117
3800,ISM,50,1980,20,67,0.13452739202842962,0.019490939051139522,0.00033260000054724514
3801,DI,50,1980,20,68,2.2975151956165934e-15,6.661338147750939e-16,0.00032900000223889947
3802,WMI,50,1980,20,68,2.4891294483974468e-15,8.881784197001252e-16,0.00025260000256821513
3803,ISM,50,1980,20,68,0.13452739202842962,0.019490939051139522,0.0005255000141914934
3804,DI,50,1980,20,69,2.2975151956165934e-15,6.661338147750939e-16,0.0003305999853182584
3805,WMI,50,1980,20,69,2.4891294483974468e-15,8.881784197001252e-16,0.0002908000024035573
3806,ISM,50,1980,20,69,0.13452739202842962,0.019490939051139522,0.00039760000072419643
3807,DI,50,1980,20,70,2.2975151956165934e-15,6.661338147750939e-16,0.0003561999765224755
3808,WMI,50,1980,20,70,2.4891294483974468e-15,8.881784197001252e-16,0.0002159999858122319
3809,ISM,50,1980,20,70,0.13452739202842962,0.019490939051139522,0.0005067000165581703
3810,DI,50,1980,20,71,2.2975151956165934e-15,6.661338147750939e-16,0.00036660002660937607
3811,WMI,50,1980,20,71,2.4891294483974468e-15,8.881784197001252e-16,0.00030369998421519995
3812,ISM,50,1980,20,71,0.13452739202842962,0.019490939051139522,0.00046159999328665435
3813,DI,50,1980,20,72,2.2975151956165934e-15,6.661338147750939e-16,0.0003498000151012093
3814,WMI,50,1980,20,72,2.4891294483974468e-15,8.881784197001252e-16,0.00012900002184323967
3815,ISM,50,1980,20,72,0.13452739202842962,0.019490939051139522,0.0002353000163566321
3816,DI,50,1980,20,73,2.2975151956165934e-15,6.661338147750939e-16,0.0003212000010535121
3817,WMI,50,1980,20,73,2.4891294483974468e-15,8.881784197001252e-16,0.00018279999494552612
3818,ISM,50,1980,20,73,0.13452739202842962,0.019490939051139522,0.00027210000553168356
3819,DI,50,1980,20,74,2.2975151956165934e-15,6.661338147750939e-16,0.00037480000173673034
3820,WMI,50,1980,20,74,2.4891294483974468e-15,8.881784197001252e-16,0.00014720001490786672
3821,ISM,50,1980,20,74,0.13452739202842962,0.019490939051139522,0.00045039999531582
3822,DI,50,1980,20,75,2.2975151956165934e-15,6.661338147750939e-16,0.0002970999921672046
3823,WMI,50,1980,20,75,2.4891294483974468e-15,8.881784197001252e-16,0.00016540000797249377
3824,ISM,50,1980,20,75,0.13452739202842962,0.019490939051139522,0.00022610000451095402
3825,DI,50,1980,20,76,2.2975151956165934e-15,6.661338147750939e-16,0.0003341000119689852
3826,WMI,50,1980,20,76,2.4891294483974468e-15,8.881784197001252e-16,0.0001812000118661672
3827,ISM,50,1980,20,76,0.13452739202842962,0.019490939051139522,0.0007260999991558492
3828,DI,50,1980,20,77,2.2975151956165934e-15,6.661338147750939e-16,0.0005237000004854053
3829,WMI,50,1980,20,77,2.4891294483974468e-15,8.881784197001252e-16,0.000146100006531924
3830,ISM,50,1980,20,77,0.13452739202842962,0.019490939051139522,0.00044299999717622995
3831,DI,50,1980,20,78,2.2975151956165934e-15,6.661338147750939e-16,0.00023980002151802182
3832,WMI,50,1980,20,78,2.4891294483974468e-15,8.881784197001252e-16,7.959999493323267e-05
3833,ISM,50,1980,20,78,0.13452739202842962,0.019490939051139522,0.0002447000006213784
3834,DI,50,1980,20,79,2.2975151956165934e-15,6.661338147750939e-16,0.0002072999777738005
3835,WMI,50,1980,20,79,2.4891294483974468e-15,8.881784197001252e-16,0.00013210001634433866
3836,ISM,50,1980,20,79,0.13452739202842962,0.019490939051139522,0.00037319998955354095
3837,DI,50,1980,20,80,2.2975151956165934e-15,6.661338147750939e-16,0.0003090999962296337
3838,WMI,50,1980,20,80,2.4891294483974468e-15,8.881784197001252e-16,0.00191269998322241
3839,ISM,50,1980,20,80,0.13452739202842962,0.019490939051139522,0.00023880001390352845
3840,DI,50,1980,20,81,2.2975151956165934e-15,6.661338147750939e-16,0.000301199994282797
3841,WMI,50,1980,20,81,2.4891294483974468e-15,8.881784197001252e-16,0.0002389000146649778
3842,ISM,50,1980,20,81,0.13452739202842962,0.019490939051139522,0.0002294000005349517
3843,DI,50,1980,20,82,2.2975151956165934e-15,6.661338147750939e-16,0.0003714999766089022
3844,WMI,50,1980,20,82,2.4891294483974468e-15,8.881784197001252e-16,0.00033320000511594117
3845,ISM,50,1980,20,82,0.13452739202842962,0.019490939051139522,0.00045270001282915473
3846,DI,50,1980,20,83,2.2975151956165934e-15,6.661338147750939e-16,0.0003533999843057245
3847,WMI,50,1980,20,83,2.4891294483974468e-15,8.881784197001252e-16,0.00029409999842755497
3848,ISM,50,1980,20,83,0.13452739202842962,0.019490939051139522,0.00046549999387934804
3849,DI,50,1980,20,84,2.2975151956165934e-15,6.661338147750939e-16,0.0003171999996993691
3850,WMI,50,1980,20,84,2.4891294483974468e-15,8.881784197001252e-16,0.00017170002683997154
3851,ISM,50,1980,20,84,0.13452739202842962,0.019490939051139522,0.0002209000231232494
3852,DI,50,1980,20,85,2.2975151956165934e-15,6.661338147750939e-16,0.0002902999985963106
3853,WMI,50,1980,20,85,2.4891294483974468e-15,8.881784197001252e-16,0.00018350000027567148
3854,ISM,50,1980,20,85,0.13452739202842962,0.019490939051139522,0.000221800000872463
3855,DI,50,1980,20,86,2.2975151956165934e-15,6.661338147750939e-16,0.0002917999809142202
3856,WMI,50,1980,20,86,2.4891294483974468e-15,8.881784197001252e-16,0.00017210000078193843
3857,ISM,50,1980,20,86,0.13452739202842962,0.019490939051139522,0.00021840000408701599
3858,DI,50,1980,20,87,2.2975151956165934e-15,6.661338147750939e-16,0.00029830000130459666
3859,WMI,50,1980,20,87,2.4891294483974468e-15,8.881784197001252e-16,0.00010899998596869409
3860,ISM,50,1980,20,87,0.13452739202842962,0.019490939051139522,0.00022000001627020538
3861,DI,50,1980,20,88,2.2975151956165934e-15,6.661338147750939e-16,0.00028750000637955964
3862,WMI,50,1980,20,88,2.4891294483974468e-15,8.881784197001252e-16,0.00017139999545179307
3863,ISM,50,1980,20,88,0.13452739202842962,0.019490939051139522,0.00022159999934956431
3864,DI,50,1980,20,89,2.2975151956165934e-15,6.661338147750939e-16,0.0002914000069722533
3865,WMI,50,1980,20,89,2.4891294483974468e-15,8.881784197001252e-16,0.00015539999003522098
3866,ISM,50,1980,20,89,0.13452739202842962,0.019490939051139522,0.00022190000163391232
3867,DI,50,1980,20,90,2.2975151956165934e-15,6.661338147750939e-16,0.00030410001636482775
3868,WMI,50,1980,20,90,2.4891294483974468e-15,8.881784197001252e-16,0.00018360000103712082
3869,ISM,50,1980,20,90,0.13452739202842962,0.019490939051139522,0.00021769999875687063
3870,DI,50,1980,20,91,2.2975151956165934e-15,6.661338147750939e-16,0.0003197999903932214
3871,WMI,50,1980,20,91,2.4891294483974468e-15,8.881784197001252e-16,0.0001480999926570803
3872,ISM,50,1980,20,91,0.13452739202842962,0.019490939051139522,0.0004521000082604587
3873,DI,50,1980,20,92,2.2975151956165934e-15,6.661338147750939e-16,0.0002837000065483153
3874,WMI,50,1980,20,92,2.4891294483974468e-15,8.881784197001252e-16,0.000149500003317371
3875,ISM,50,1980,20,92,0.13452739202842962,0.019490939051139522,0.0002589999930933118
3876,DI,50,1980,20,93,2.2975151956165934e-15,6.661338147750939e-16,0.0002476999943610281
3877,WMI,50,1980,20,93,2.4891294483974468e-15,8.881784197001252e-16,9.710001177154481e-05
3878,ISM,50,1980,20,93,0.13452739202842962,0.019490939051139522,0.00022059999173507094
3879,DI,50,1980,20,94,2.2975151956165934e-15,6.661338147750939e-16,0.00022960000205785036
3880,WMI,50,1980,20,94,2.4891294483974468e-15,8.881784197001252e-16,9.300000965595245e-05
3881,ISM,50,1980,20,94,0.13452739202842962,0.019490939051139522,0.0002170999941881746
3882,DI,50,1980,20,95,2.2975151956165934e-15,6.661338147750939e-16,0.0002044999855570495
3883,WMI,50,1980,20,95,2.4891294483974468e-15,8.881784197001252e-16,0.00010890001431107521
3884,ISM,50,1980,20,95,0.13452739202842962,0.019490939051139522,0.00021800000104121864
3885,DI,50,1980,20,96,2.2975151956165934e-15,6.661338147750939e-16,0.00019580000662244856
3886,WMI,50,1980,20,96,2.4891294483974468e-15,8.881784197001252e-16,0.00011790002463385463
3887,ISM,50,1980,20,96,0.13452739202842962,0.019490939051139522,0.0002772000152617693
3888,DI,50,1980,20,97,2.2975151956165934e-15,6.661338147750939e-16,0.00021040000137872994
3889,WMI,50,1980,20,97,2.4891294483974468e-15,8.881784197001252e-16,8.100000559352338e-05
3890,ISM,50,1980,20,97,0.13452739202842962,0.019490939051139522,0.00022960000205785036
3891,DI,50,1980,20,98,2.2975151956165934e-15,6.661338147750939e-16,0.0003175000019837171
3892,WMI,50,1980,20,98,2.4891294483974468e-15,8.881784197001252e-16,0.00013380000018514693
3893,ISM,50,1980,20,98,0.13452739202842962,0.019490939051139522,0.00022570000146515667
3894,DI,50,1980,20,99,2.2975151956165934e-15,6.661338147750939e-16,0.0004757000133395195
3895,WMI,50,1980,20,99,2.4891294483974468e-15,8.881784197001252e-16,0.0002486000012140721
3896,ISM,50,1980,20,99,0.13452739202842962,0.019490939051139522,0.0002958000113721937
3897,DI,50,1980,20,100,2.2975151956165934e-15,6.661338147750939e-16,0.0002195000124629587
3898,WMI,50,1980,20,100,2.4891294483974468e-15,8.881784197001252e-16,0.00010760000441223383
3899,ISM,50,1980,20,100,0.13452739202842962,0.019490939051139522,0.00023020000662654638
3900,DI,50,1980,20,101,2.2975151956165934e-15,6.661338147750939e-16,0.00025260000256821513
3901,WMI,50,1980,20,101,2.4891294483974468e-15,8.881784197001252e-16,9.48999950196594e-05
3902,ISM,50,1980,20,101,0.13452739202842962,0.019490939051139522,0.00022029998945072293
3903,DI,50,1980,20,102,2.2975151956165934e-15,6.661338147750939e-16,0.00021630001720041037
3904,WMI,50,1980,20,102,2.4891294483974468e-15,8.881784197001252e-16,0.00010010000551119447
3905,ISM,50,1980,20,102,0.13452739202842962,0.019490939051139522,0.00022280000848695636
3906,DI,50,1980,20,103,2.2975151956165934e-15,6.661338147750939e-16,0.00022690001060254872
3907,WMI,50,1980,20,103,2.4891294483974468e-15,8.881784197001252e-16,0.00010099998326040804
3908,ISM,50,1980,20,103,0.13452739202842962,0.019490939051139522,0.00021779999951831996
3909,DI,50,1980,20,104,2.2975151956165934e-15,6.661338147750939e-16,0.0002133999951183796
3910,WMI,50,1980,20,104,2.4891294483974468e-15,8.881784197001252e-16,0.00014829999417997897
3911,ISM,50,1980,20,104,0.13452739202842962,0.019490939051139522,0.00046820001443848014
3912,DI,50,1980,20,105,2.2975151956165934e-15,6.661338147750939e-16,0.0003200999926775694
3913,WMI,50,1980,20,105,2.4891294483974468e-15,8.881784197001252e-16,0.00016830000095069408
3914,ISM,50,1980,20,105,0.13452739202842962,0.019490939051139522,0.00047450000420212746
3915,DI,50,1980,20,106,2.2975151956165934e-15,6.661338147750939e-16,0.0005721999914385378
3916,WMI,50,1980,20,106,2.4891294483974468e-15,8.881784197001252e-16,0.00014459999511018395
3917,ISM,50,1980,20,106,0.13452739202842962,0.019490939051139522,0.0004771999956574291
3918,DI,50,1980,20,107,2.2975151956165934e-15,6.661338147750939e-16,0.00041119998786598444
3919,WMI,50,1980,20,107,2.4891294483974468e-15,8.881784197001252e-16,0.0002525000018067658
3920,ISM,50,1980,20,107,0.13452739202842962,0.019490939051139522,0.00045960000716149807
3921,DI,50,1980,20,108,2.2975151956165934e-15,6.661338147750939e-16,0.00030709998100064695
3922,WMI,50,1980,20,108,2.4891294483974468e-15,8.881784197001252e-16,0.00017099999240599573
3923,ISM,50,1980,20,108,0.13452739202842962,0.019490939051139522,0.00021800000104121864
3924,DI,50,1980,20,109,2.2975151956165934e-15,6.661338147750939e-16,0.0002503999858163297
3925,WMI,50,1980,20,109,2.4891294483974468e-15,8.881784197001252e-16,9.359998512081802e-05
3926,ISM,50,1980,20,109,0.13452739202842962,0.019490939051139522,0.0002586000191513449
3927,DI,50,1980,20,110,2.2975151956165934e-15,6.661338147750939e-16,0.0002463999844621867
3928,WMI,50,1980,20,110,2.4891294483974468e-15,8.881784197001252e-16,8.999998681247234e-05
3929,ISM,50,1980,20,110,0.13452739202842962,0.019490939051139522,0.00025110002025030553
3930,DI,50,1980,20,111,2.2975151956165934e-15,6.661338147750939e-16,0.0004545999981928617
3931,WMI,50,1980,20,111,2.4891294483974468e-15,8.881784197001252e-16,0.0001875000016298145
3932,ISM,50,1980,20,111,0.13452739202842962,0.019490939051139522,0.0004842999915126711
3933,DI,50,1980,20,112,2.2975151956165934e-15,6.661338147750939e-16,0.0004650999908335507
3934,WMI,50,1980,20,112,2.4891294483974468e-15,8.881784197001252e-16,0.00011789999553002417
3935,ISM,50,1980,20,112,0.13452739202842962,0.019490939051139522,0.00024909997591748834
3936,DI,50,1980,20,113,2.2975151956165934e-15,6.661338147750939e-16,0.0003445000038482249
3937,WMI,50,1980,20,113,2.4891294483974468e-15,8.881784197001252e-16,0.00016399999731220305
3938,ISM,50,1980,20,113,0.13452739202842962,0.019490939051139522,0.0002209999947808683
3939,DI,50,1980,20,114,2.2975151956165934e-15,6.661338147750939e-16,0.00019839999731630087
3940,WMI,50,1980,20,114,2.4891294483974468e-15,8.881784197001252e-16,0.00037709999014623463
3941,ISM,50,1980,20,114,0.13452739202842962,0.019490939051139522,0.00037300001713447273
3942,DI,50,1980,20,115,2.2975151956165934e-15,6.661338147750939e-16,0.0004731999943032861
3943,WMI,50,1980,20,115,2.4891294483974468e-15,8.881784197001252e-16,0.00016569998115301132
3944,ISM,50,1980,20,115,0.13452739202842962,0.019490939051139522,0.0005112999933771789
3945,DI,50,1980,20,116,2.2975151956165934e-15,6.661338147750939e-16,0.00036109998472966254
3946,WMI,50,1980,20,116,2.4891294483974468e-15,8.881784197001252e-16,0.00017820001812651753
3947,ISM,50,1980,20,116,0.13452739202842962,0.019490939051139522,0.00048389998846687376
3948,DI,50,1980,20,117,2.2975151956165934e-15,6.661338147750939e-16,0.00032300001475960016
3949,WMI,50,1980,20,117,2.4891294483974468e-15,8.881784197001252e-16,0.00020369997946545482
3950,ISM,50,1980,20,117,0.13452739202842962,0.019490939051139522,0.00022159999934956431
3951,DI,50,1980,20,118,2.2975151956165934e-15,6.661338147750939e-16,0.0004518000059761107
3952,WMI,50,1980,20,118,2.4891294483974468e-15,8.881784197001252e-16,0.00014519999967887998
3953,ISM,50,1980,20,118,0.13452739202842962,0.019490939051139522,0.00022109999554231763
3954,DI,50,1980,20,119,2.2975151956165934e-15,6.661338147750939e-16,0.0003643000090960413
3955,WMI,50,1980,20,119,2.4891294483974468e-15,8.881784197001252e-16,0.00011389999417588115
3956,ISM,50,1980,20,119,0.13452739202842962,0.019490939051139522,0.00022020001779310405
3957,DI,50,1980,20,120,2.2975151956165934e-15,6.661338147750939e-16,0.0003718000079970807
3958,WMI,50,1980,20,120,2.4891294483974468e-15,8.881784197001252e-16,0.00014600000577047467
3959,ISM,50,1980,20,120,0.13452739202842962,0.019490939051139522,0.00021670002024620771
3960,DI,50,1980,20,121,2.2975151956165934e-15,6.661338147750939e-16,0.00028420001035556197
3961,WMI,50,1980,20,121,2.4891294483974468e-15,8.881784197001252e-16,0.00017129999469034374
3962,ISM,50,1980,20,121,0.13452739202842962,0.019490939051139522,0.00028399997972883284
3963,DI,50,1980,20,122,2.2975151956165934e-15,6.661338147750939e-16,0.0003034000110346824
3964,WMI,50,1980,20,122,2.4891294483974468e-15,8.881784197001252e-16,0.0001477000187151134
3965,ISM,50,1980,20,122,0.13452739202842962,0.019490939051139522,0.0002148000057786703
3966,DI,50,1980,20,123,2.2975151956165934e-15,6.661338147750939e-16,0.0003066000062972307
3967,WMI,50,1980,20,123,2.4891294483974468e-15,8.881784197001252e-16,0.0001660000125411898
3968,ISM,50,1980,20,123,0.13452739202842962,0.019490939051139522,0.00021460000425577164
3969,DI,50,1980,20,124,2.2975151956165934e-15,6.661338147750939e-16,0.0002908000024035573
3970,WMI,50,1980,20,124,2.4891294483974468e-15,8.881784197001252e-16,0.00010010000551119447
3971,ISM,50,1980,20,124,0.13452739202842962,0.019490939051139522,0.00021310002193786204
3972,DI,50,1980,20,125,2.2975151956165934e-15,6.661338147750939e-16,0.0002798000059556216
3973,WMI,50,1980,20,125,2.4891294483974468e-15,8.881784197001252e-16,0.00014310001279227436
3974,ISM,50,1980,20,125,0.13452739202842962,0.019490939051139522,0.0005028999876230955
3975,DI,50,1980,20,126,2.2975151956165934e-15,6.661338147750939e-16,0.0004290000069886446
3976,WMI,50,1980,20,126,2.4891294483974468e-15,8.881784197001252e-16,0.00016689999029040337
3977,ISM,50,1980,20,126,0.13452739202842962,0.019490939051139522,0.0004625000001396984
3978,DI,50,1980,20,127,2.2975151956165934e-15,6.661338147750939e-16,0.00035099999513477087
3979,WMI,50,1980,20,127,2.4891294483974468e-15,8.881784197001252e-16,0.00015250002616085112
3980,ISM,50,1980,20,127,0.13452739202842962,0.019490939051139522,0.0005027999868616462
3981,DI,50,1980,20,128,2.2975151956165934e-15,6.661338147750939e-16,0.0003769999893847853
3982,WMI,50,1980,20,128,2.4891294483974468e-15,8.881784197001252e-16,0.00015050001093186438
3983,ISM,50,1980,20,128,0.13452739202842962,0.019490939051139522,0.00021959998412057757
3984,DI,50,1980,20,129,2.2975151956165934e-15,6.661338147750939e-16,0.00039049997576512396
3985,WMI,50,1980,20,129,2.4891294483974468e-15,8.881784197001252e-16,0.0001514999894425273
3986,ISM,50,1980,20,129,0.13452739202842962,0.019490939051139522,0.0004099000070709735
3987,DI,50,1980,20,130,2.2975151956165934e-15,6.661338147750939e-16,0.00044239999260753393
3988,WMI,50,1980,20,130,2.4891294483974468e-15,8.881784197001252e-16,0.0002609000075608492
3989,ISM,50,1980,20,130,0.13452739202842962,0.019490939051139522,0.00045950000640004873
3990,DI,50,1980,20,131,2.2975151956165934e-15,6.661338147750939e-16,0.00041199999395757914
3991,WMI,50,1980,20,131,2.4891294483974468e-15,8.881784197001252e-16,0.00018259999342262745
3992,ISM,50,1980,20,131,0.13452739202842962,0.019490939051139522,0.00028780000866390765
3993,DI,50,1980,20,132,2.2975151956165934e-15,6.661338147750939e-16,0.00034080000477842987
3994,WMI,50,1980,20,132,2.4891294483974468e-15,8.881784197001252e-16,0.0001832999987527728
3995,ISM,50,1980,20,132,0.13452739202842962,0.019490939051139522,0.00031209998996928334
3996,DI,50,1980,20,133,2.2975151956165934e-15,6.661338147750939e-16,0.00029520000680349767
3997,WMI,50,1980,20,133,2.4891294483974468e-15,8.881784197001252e-16,0.0001959000073838979
3998,ISM,50,1980,20,133,0.13452739202842962,0.019490939051139522,0.00021990001550875604
3999,DI,50,1980,20,134,2.2975151956165934e-15,6.661338147750939e-16,0.00033229999826289713
4000,WMI,50,1980,20,134,2.4891294483974468e-15,8.881784197001252e-16,0.00015350000467151403
4001,ISM,50,1980,20,134,0.13452739202842962,0.019490939051139522,0.00041879998752847314
4002,DI,50,1980,20,135,2.2975151956165934e-15,6.661338147750939e-16,0.00039110000943765044
4003,WMI,50,1980,20,135,2.4891294483974468e-15,8.881784197001252e-16,0.00015750000602565706
4004,ISM,50,1980,20,135,0.13452739202842962,0.019490939051139522,0.00022079999325796962
4005,DI,50,1980,20,136,2.2975151956165934e-15,6.661338147750939e-16,0.0003176000027451664
4006,WMI,50,1980,20,136,2.4891294483974468e-15,8.881784197001252e-16,0.00017300000763498247
4007,ISM,50,1980,20,136,0.13452739202842962,0.019490939051139522,0.00022220000391826034
4008,DI,50,1980,20,137,2.2975151956165934e-15,6.661338147750939e-16,0.0003026000049430877
4009,WMI,50,1980,20,137,2.4891294483974468e-15,8.881784197001252e-16,0.00015159999020397663
4010,ISM,50,1980,20,137,0.13452739202842962,0.019490939051139522,0.00022190000163391232
4011,DI,50,1980,20,138,2.2975151956165934e-15,6.661338147750939e-16,0.0003364000003784895
4012,WMI,50,1980,20,138,2.4891294483974468e-15,8.881784197001252e-16,0.00016900000628083944
4013,ISM,50,1980,20,138,0.13452739202842962,0.019490939051139522,0.00021880000713281333
4014,DI,50,1980,20,139,2.2975151956165934e-15,6.661338147750939e-16,0.0003260000084992498
4015,WMI,50,1980,20,139,2.4891294483974468e-15,8.881784197001252e-16,0.000149500003317371
4016,ISM,50,1980,20,139,0.13452739202842962,0.019490939051139522,0.0002185999765060842
4017,DI,50,1980,20,140,2.2975151956165934e-15,6.661338147750939e-16,0.000295300007564947
4018,WMI,50,1980,20,140,2.4891294483974468e-15,8.881784197001252e-16,0.0001894000160973519
4019,ISM,50,1980,20,140,0.13452739202842962,0.019490939051139522,0.00021699999342672527
4020,DI,50,1980,20,141,2.2975151956165934e-15,6.661338147750939e-16,0.0004298999847378582
4021,WMI,50,1980,20,141,2.4891294483974468e-15,8.881784197001252e-16,0.000159099989105016
4022,ISM,50,1980,20,141,0.13452739202842962,0.019490939051139522,0.00039709999691694975
4023,DI,50,1980,20,142,2.2975151956165934e-15,6.661338147750939e-16,0.0005086000019218773
4024,WMI,50,1980,20,142,2.4891294483974468e-15,8.881784197001252e-16,0.00021920001017861068
4025,ISM,50,1980,20,142,0.13452739202842962,0.019490939051139522,0.00041560002136975527
4026,DI,50,1980,20,143,2.2975151956165934e-15,6.661338147750939e-16,0.0003347999881953001
4027,WMI,50,1980,20,143,2.4891294483974468e-15,8.881784197001252e-16,0.0001976999919861555
4028,ISM,50,1980,20,143,0.13452739202842962,0.019490939051139522,0.00022079999325796962
4029,DI,50,1980,20,144,2.2975151956165934e-15,6.661338147750939e-16,0.00033730000723153353
4030,WMI,50,1980,20,144,2.4891294483974468e-15,8.881784197001252e-16,0.00017290000687353313
4031,ISM,50,1980,20,144,0.13452739202842962,0.019490939051139522,0.0003704999980982393
4032,DI,50,1980,20,145,2.2975151956165934e-15,6.661338147750939e-16,0.00037949997931718826
4033,WMI,50,1980,20,145,2.4891294483974468e-15,8.881784197001252e-16,0.00015050001093186438
4034,ISM,50,1980,20,145,0.13452739202842962,0.019490939051139522,0.00036810000892728567
4035,DI,50,1980,20,146,2.2975151956165934e-15,6.661338147750939e-16,0.0003311999898869544
4036,WMI,50,1980,20,146,2.4891294483974468e-15,8.881784197001252e-16,0.0001810999820008874
4037,ISM,50,1980,20,146,0.13452739202842962,0.019490939051139522,0.00046350000775419176
4038,DI,50,1980,20,147,2.2975151956165934e-15,6.661338147750939e-16,0.00032610000926069915
4039,WMI,50,1980,20,147,2.4891294483974468e-15,8.881784197001252e-16,0.00028169999131932855
4040,ISM,50,1980,20,147,0.13452739202842962,0.019490939051139522,0.00033229999826289713
4041,DI,50,1980,20,148,2.2975151956165934e-15,6.661338147750939e-16,0.0003220000071451068
4042,WMI,50,1980,20,148,2.4891294483974468e-15,8.881784197001252e-16,0.00017899999511428177
4043,ISM,50,1980,20,148,0.13452739202842962,0.019490939051139522,0.00022010001703165472
4044,DI,50,1980,20,149,2.2975151956165934e-15,6.661338147750939e-16,0.0003184000088367611
4045,WMI,50,1980,20,149,2.4891294483974468e-15,8.881784197001252e-16,0.00014849999570287764
4046,ISM,50,1980,20,149,0.13452739202842962,0.019490939051139522,0.00034100000630132854
4047,DI,50,1980,20,150,2.2975151956165934e-15,6.661338147750939e-16,0.00031209998996928334
4048,WMI,50,1980,20,150,2.4891294483974468e-15,8.881784197001252e-16,0.00015750000602565706
4049,ISM,50,1980,20,150,0.13452739202842962,0.019490939051139522,0.0003512999974191189
4050,DI,50,1980,20,151,2.2975151956165934e-15,6.661338147750939e-16,0.00034340002457611263
4051,WMI,50,1980,20,151,2.4891294483974468e-15,8.881784197001252e-16,0.00017169999773614109
4052,ISM,50,1980,20,151,0.13452739202842962,0.019490939051139522,0.0005227999936323613
4053,DI,50,1980,20,152,2.2975151956165934e-15,6.661338147750939e-16,0.00037369999336078763
4054,WMI,50,1980,20,152,2.4891294483974468e-15,8.881784197001252e-16,0.00019829999655485153
4055,ISM,50,1980,20,152,0.13452739202842962,0.019490939051139522,0.0003166999958921224
4056,DI,50,1980,20,153,2.2975151956165934e-15,6.661338147750939e-16,0.0002837000065483153
4057,WMI,50,1980,20,153,2.4891294483974468e-15,8.881784197001252e-16,0.00016840000171214342
4058,ISM,50,1980,20,153,0.13452739202842962,0.019490939051139522,0.000360800011549145
4059,DI,50,1980,20,154,2.2975151956165934e-15,6.661338147750939e-16,0.0003349999897181988
4060,WMI,50,1980,20,154,2.4891294483974468e-15,8.881784197001252e-16,0.00016579998191446066
4061,ISM,50,1980,20,154,0.13452739202842962,0.019490939051139522,0.0003552999987732619
4062,DI,50,1980,20,155,2.2975151956165934e-15,6.661338147750939e-16,0.00047820000327192247
4063,WMI,50,1980,20,155,2.4891294483974468e-15,8.881784197001252e-16,0.00018909998470917344
4064,ISM,50,1980,20,155,0.13452739202842962,0.019490939051139522,0.0004292000085115433
4065,DI,50,1980,20,156,2.2975151956165934e-15,6.661338147750939e-16,0.0003585000231396407
4066,WMI,50,1980,20,156,2.4891294483974468e-15,8.881784197001252e-16,0.00018489998183213174
4067,ISM,50,1980,20,156,0.13452739202842962,0.019490939051139522,0.00043420001748017967
4068,DI,50,1980,20,157,2.2975151956165934e-15,6.661338147750939e-16,0.00029510000604204834
4069,WMI,50,1980,20,157,2.4891294483974468e-15,8.881784197001252e-16,0.00015140001778490841
4070,ISM,50,1980,20,157,0.13452739202842962,0.019490939051139522,0.0002196999848820269
4071,DI,50,1980,20,158,2.2975151956165934e-15,6.661338147750939e-16,0.0003589999978430569
4072,WMI,50,1980,20,158,2.4891294483974468e-15,8.881784197001252e-16,0.0001601999974809587
4073,ISM,50,1980,20,158,0.13452739202842962,0.019490939051139522,0.00021520000882446766
4074,DI,50,1980,20,159,2.2975151956165934e-15,6.661338147750939e-16,0.0004189999890513718
4075,WMI,50,1980,20,159,2.4891294483974468e-15,8.881784197001252e-16,0.00018289999570697546
4076,ISM,50,1980,20,159,0.13452739202842962,0.019490939051139522,0.0005082999996375293
4077,DI,50,1980,20,160,2.2975151956165934e-15,6.661338147750939e-16,0.0003926999925170094
4078,WMI,50,1980,20,160,2.4891294483974468e-15,8.881784197001252e-16,0.00016609998419880867
4079,ISM,50,1980,20,160,0.13452739202842962,0.019490939051139522,0.0005244000058155507
4080,DI,50,1980,20,161,2.2975151956165934e-15,6.661338147750939e-16,0.00037960000918246806
4081,WMI,50,1980,20,161,2.4891294483974468e-15,8.881784197001252e-16,0.00022960000205785036
4082,ISM,50,1980,20,161,0.13452739202842962,0.019490939051139522,0.0004972000024281442
4083,DI,50,1980,20,162,2.2975151956165934e-15,6.661338147750939e-16,0.0004569999873638153
4084,WMI,50,1980,20,162,2.4891294483974468e-15,8.881784197001252e-16,0.00018020000425167382
4085,ISM,50,1980,20,162,0.13452739202842962,0.019490939051139522,0.0004487000114750117
4086,DI,50,1980,20,163,2.2975151956165934e-15,6.661338147750939e-16,0.0003978000022470951
4087,WMI,50,1980,20,163,2.4891294483974468e-15,8.881784197001252e-16,0.00017270000535063446
4088,ISM,50,1980,20,163,0.13452739202842962,0.019490939051139522,0.00024389999452978373
4089,DI,50,1980,20,164,2.2975151956165934e-15,6.661338147750939e-16,0.0003113000129815191
4090,WMI,50,1980,20,164,2.4891294483974468e-15,8.881784197001252e-16,0.00015360000543296337
4091,ISM,50,1980,20,164,0.13452739202842962,0.019490939051139522,0.00022869999520480633
4092,DI,50,1980,20,165,2.2975151956165934e-15,6.661338147750939e-16,0.00030479999259114265
4093,WMI,50,1980,20,165,2.4891294483974468e-15,8.881784197001252e-16,0.00015320000238716602
4094,ISM,50,1980,20,165,0.13452739202842962,0.019490939051139522,0.00022960000205785036
4095,DI,50,1980,20,166,2.2975151956165934e-15,6.661338147750939e-16,0.0003274999908171594
4096,WMI,50,1980,20,166,2.4891294483974468e-15,8.881784197001252e-16,0.00017359998309984803
4097,ISM,50,1980,20,166,0.13452739202842962,0.019490939051139522,0.000301799998851493
4098,DI,50,1980,20,167,2.2975151956165934e-15,6.661338147750939e-16,0.000305499997921288
4099,WMI,50,1980,20,167,2.4891294483974468e-15,8.881784197001252e-16,0.00018060000729747117
4100,ISM,50,1980,20,167,0.13452739202842962,0.019490939051139522,0.00021180001203902066
4101,DI,50,1980,20,168,2.2975151956165934e-15,6.661338147750939e-16,0.00029880000511184335
4102,WMI,50,1980,20,168,2.4891294483974468e-15,8.881784197001252e-16,0.00017210000078193843
4103,ISM,50,1980,20,168,0.13452739202842962,0.019490939051139522,0.00039569998625665903
4104,DI,50,1980,20,169,2.2975151956165934e-15,6.661338147750939e-16,0.00034139998024329543
4105,WMI,50,1980,20,169,2.4891294483974468e-15,8.881784197001252e-16,0.00013180001405999064
4106,ISM,50,1980,20,169,0.13452739202842962,0.019490939051139522,0.0003654999891296029
4107,DI,50,1980,20,170,2.2975151956165934e-15,6.661338147750939e-16,0.0003205999964848161
4108,WMI,50,1980,20,170,2.4891294483974468e-15,8.881784197001252e-16,0.0001823000202421099
4109,ISM,50,1980,20,170,0.13452739202842962,0.019490939051139522,0.0005249999812804163
4110,DI,50,1980,20,171,2.2975151956165934e-15,6.661338147750939e-16,0.00037900000461377203
4111,WMI,50,1980,20,171,2.4891294483974468e-15,8.881784197001252e-16,0.0001666000171098858
4112,ISM,50,1980,20,171,0.13452739202842962,0.019490939051139522,0.0002429000160191208
4113,DI,50,1980,20,172,2.2975151956165934e-15,6.661338147750939e-16,0.0003443000023253262
4114,WMI,50,1980,20,172,2.4891294483974468e-15,8.881784197001252e-16,0.00017859999206848443
4115,ISM,50,1980,20,172,0.13452739202842962,0.019490939051139522,0.00023159998818300664
4116,DI,50,1980,20,173,2.2975151956165934e-15,6.661338147750939e-16,0.0003108999808318913
4117,WMI,50,1980,20,173,2.4891294483974468e-15,8.881784197001252e-16,0.00015049998182803392
4118,ISM,50,1980,20,173,0.13452739202842962,0.019490939051139522,0.00023010000586509705
4119,DI,50,1980,20,174,2.2975151956165934e-15,6.661338147750939e-16,0.0003223999810870737
4120,WMI,50,1980,20,174,2.4891294483974468e-15,8.881784197001252e-16,0.00016379999578930438
4121,ISM,50,1980,20,174,0.13452739202842962,0.019490939051139522,0.0002136999974027276
4122,DI,50,1980,20,175,2.2975151956165934e-15,6.661338147750939e-16,0.00029239998548291624
4123,WMI,50,1980,20,175,2.4891294483974468e-15,8.881784197001252e-16,0.00017109999316744506
4124,ISM,50,1980,20,175,0.13452739202842962,0.019490939051139522,0.0005442000110633671
4125,DI,50,1980,20,176,2.2975151956165934e-15,6.661338147750939e-16,0.0003825000021606684
4126,WMI,50,1980,20,176,2.4891294483974468e-15,8.881784197001252e-16,0.0001790999958757311
4127,ISM,50,1980,20,176,0.13452739202842962,0.019490939051139522,0.0004155999922659248
4128,DI,50,1980,20,177,2.2975151956165934e-15,6.661338147750939e-16,0.00036750000435858965
4129,WMI,50,1980,20,177,2.4891294483974468e-15,8.881784197001252e-16,0.00016709999181330204
4130,ISM,50,1980,20,177,0.13452739202842962,0.019490939051139522,0.0002282000205013901
4131,DI,50,1980,20,178,2.2975151956165934e-15,6.661338147750939e-16,0.00032550000469200313
4132,WMI,50,1980,20,178,2.4891294483974468e-15,8.881784197001252e-16,0.00013309999485500157
4133,ISM,50,1980,20,178,0.13452739202842962,0.019490939051139522,0.00021880000713281333
4134,DI,50,1980,20,179,2.2975151956165934e-15,6.661338147750939e-16,0.00048230000538751483
4135,WMI,50,1980,20,179,2.4891294483974468e-15,8.881784197001252e-16,0.00019370001973584294
4136,ISM,50,1980,20,179,0.13452739202842962,0.019490939051139522,0.0002145000034943223
4137,DI,50,1980,20,180,2.2975151956165934e-15,6.661338147750939e-16,0.00032359999022446573
4138,WMI,50,1980,20,180,2.4891294483974468e-15,8.881784197001252e-16,0.0001776000135578215
4139,ISM,50,1980,20,180,0.13452739202842962,0.019490939051139522,0.00022330001229420304
4140,DI,50,1980,20,181,2.2975151956165934e-15,6.661338147750939e-16,0.0003223000094294548
4141,WMI,50,1980,20,181,2.4891294483974468e-15,8.881784197001252e-16,0.00018839997937902808
4142,ISM,50,1980,20,181,0.13452739202842962,0.019490939051139522,0.0004254000086802989
4143,DI,50,1980,20,182,2.2975151956165934e-15,6.661338147750939e-16,0.0003823000006377697
4144,WMI,50,1980,20,182,2.4891294483974468e-15,8.881784197001252e-16,0.00018370000179857016
4145,ISM,50,1980,20,182,0.13452739202842962,0.019490939051139522,0.00021619998733513057
4146,DI,50,1980,20,183,2.2975151956165934e-15,6.661338147750939e-16,0.00030189999961294234
4147,WMI,50,1980,20,183,2.4891294483974468e-15,8.881784197001252e-16,0.00020829998538829386
4148,ISM,50,1980,20,183,0.13452739202842962,0.019490939051139522,0.00021399999968707561
4149,DI,50,1980,20,184,2.2975151956165934e-15,6.661338147750939e-16,0.0004002999921794981
4150,WMI,50,1980,20,184,2.4891294483974468e-15,8.881784197001252e-16,0.00018430000636726618
4151,ISM,50,1980,20,184,0.13452739202842962,0.019490939051139522,0.0002514999941922724
4152,DI,50,1980,20,185,2.2975151956165934e-15,6.661338147750939e-16,0.0005339999916031957
4153,WMI,50,1980,20,185,2.4891294483974468e-15,8.881784197001252e-16,0.00015979999443516135
4154,ISM,50,1980,20,185,0.13452739202842962,0.019490939051139522,0.00041199999395757914
4155,DI,50,1980,20,186,2.2975151956165934e-15,6.661338147750939e-16,0.0003453000099398196
4156,WMI,50,1980,20,186,2.4891294483974468e-15,8.881784197001252e-16,0.00015130001702345908
4157,ISM,50,1980,20,186,0.13452739202842962,0.019490939051139522,0.00038720000884495676
4158,DI,50,1980,20,187,2.2975151956165934e-15,6.661338147750939e-16,0.0003157000173814595
4159,WMI,50,1980,20,187,2.4891294483974468e-15,8.881784197001252e-16,0.00013910001143813133
4160,ISM,50,1980,20,187,0.13452739202842962,0.019490939051139522,0.000354000017978251
4161,DI,50,1980,20,188,2.2975151956165934e-15,6.661338147750939e-16,0.00027799999224953353
4162,WMI,50,1980,20,188,2.4891294483974468e-15,8.881784197001252e-16,0.00011900000390596688
4163,ISM,50,1980,20,188,0.13452739202842962,0.019490939051139522,0.0003323000273667276
4164,DI,50,1980,20,189,2.2975151956165934e-15,6.661338147750939e-16,0.0003184000088367611
4165,WMI,50,1980,20,189,2.4891294483974468e-15,8.881784197001252e-16,0.00015659999917261302
4166,ISM,50,1980,20,189,0.13452739202842962,0.019490939051139522,0.0003372000064700842
4167,DI,50,1980,20,190,2.2975151956165934e-15,6.661338147750939e-16,0.00030640000477433205
4168,WMI,50,1980,20,190,2.4891294483974468e-15,8.881784197001252e-16,0.0001289999927394092
4169,ISM,50,1980,20,190,0.13452739202842962,0.019490939051139522,0.00028909998945891857
4170,DI,50,1980,20,191,2.2975151956165934e-15,6.661338147750939e-16,0.00029150000773370266
4171,WMI,50,1980,20,191,2.4891294483974468e-15,8.881784197001252e-16,0.00012530002277344465
4172,ISM,50,1980,20,191,0.13452739202842962,0.019490939051139522,0.00022419999004341662
4173,DI,50,1980,20,192,2.2975151956165934e-15,6.661338147750939e-16,0.00023979999241419137
4174,WMI,50,1980,20,192,2.4891294483974468e-15,8.881784197001252e-16,9.459999273531139e-05
4175,ISM,50,1980,20,192,0.13452739202842962,0.019490939051139522,0.00027730001602321863
4176,DI,50,1980,20,193,2.2975151956165934e-15,6.661338147750939e-16,0.00022390001686289907
4177,WMI,50,1980,20,193,2.4891294483974468e-15,8.881784197001252e-16,0.00010279999696649611
4178,ISM,50,1980,20,193,0.13452739202842962,0.019490939051139522,0.00022200000239536166
4179,DI,50,1980,20,194,2.2975151956165934e-15,6.661338147750939e-16,0.0002840000088326633
4180,WMI,50,1980,20,194,2.4891294483974468e-15,8.881784197001252e-16,0.00012020001304335892
4181,ISM,50,1980,20,194,0.13452739202842962,0.019490939051139522,0.0002723999787122011
4182,DI,50,1980,20,195,2.2975151956165934e-15,6.661338147750939e-16,0.0003176000027451664
4183,WMI,50,1980,20,195,2.4891294483974468e-15,8.881784197001252e-16,7.810001261532307e-05
4184,ISM,50,1980,20,195,0.13452739202842962,0.019490939051139522,0.00021349999587982893
4185,DI,50,1980,20,196,2.2975151956165934e-15,6.661338147750939e-16,0.00023800000781193376
4186,WMI,50,1980,20,196,2.4891294483974468e-15,8.881784197001252e-16,0.000169599981745705
4187,ISM,50,1980,20,196,0.13452739202842962,0.019490939051139522,0.00025690000620670617
4188,DI,50,1980,20,197,2.2975151956165934e-15,6.661338147750939e-16,0.0002513000217732042
4189,WMI,50,1980,20,197,2.4891294483974468e-15,8.881784197001252e-16,0.00010900001507252455
4190,ISM,50,1980,20,197,0.13452739202842962,0.019490939051139522,0.00021510000806301832
4191,DI,50,1980,20,198,2.2975151956165934e-15,6.661338147750939e-16,0.00022139999782666564
4192,WMI,50,1980,20,198,2.4891294483974468e-15,8.881784197001252e-16,8.549998165108263e-05
4193,ISM,50,1980,20,198,0.13452739202842962,0.019490939051139522,0.00024090000079013407
4194,DI,50,1980,20,199,2.2975151956165934e-15,6.661338147750939e-16,0.00021719999494962394
4195,WMI,50,1980,20,199,2.4891294483974468e-15,8.881784197001252e-16,8.120000711642206e-05
4196,ISM,50,1980,20,199,0.13452739202842962,0.019490939051139522,0.00022990000434219837
4197,DI,50,1980,20,200,2.2975151956165934e-15,6.661338147750939e-16,0.0002604000037536025
4198,WMI,50,1980,20,200,2.4891294483974468e-15,8.881784197001252e-16,0.00017100002150982618
4199,ISM,50,1980,20,200,0.13452739202842962,0.019490939051139522,0.00026920001255348325
4200,DI,50,1970,30,1,2.5024442565699114e-15,8.881784197001252e-16,0.00032469999860040843
4201,WMI,50,1970,30,1,2.4740449422332563e-15,8.881784197001252e-16,0.00022679998073726892
4202,ISM,50,1970,30,1,0.1767375988906386,0.022607596837208144,0.00033409998286515474
4203,DI,50,1970,30,2,2.5024442565699114e-15,8.881784197001252e-16,0.00030839999089948833
4204,WMI,50,1970,30,2,2.4740449422332563e-15,8.881784197001252e-16,0.00020459998631849885
4205,ISM,50,1970,30,2,0.1767375988906386,0.022607596837208144,0.0005108999903313816
4206,DI,50,1970,30,3,2.5024442565699114e-15,8.881784197001252e-16,0.0004649000184144825
4207,WMI,50,1970,30,3,2.4740449422332563e-15,8.881784197001252e-16,0.00012630000128410757
4208,ISM,50,1970,30,3,0.1767375988906386,0.022607596837208144,0.00036100001307204366
4209,DI,50,1970,30,4,2.5024442565699114e-15,8.881784197001252e-16,0.00033239999902434647
4210,WMI,50,1970,30,4,2.4740449422332563e-15,8.881784197001252e-16,0.00019300001440569758
4211,ISM,50,1970,30,4,0.1767375988906386,0.022607596837208144,0.0003197000187356025
4212,DI,50,1970,30,5,2.5024442565699114e-15,8.881784197001252e-16,0.0002880000101868063
4213,WMI,50,1970,30,5,2.4740449422332563e-15,8.881784197001252e-16,0.00017220000154338777
4214,ISM,50,1970,30,5,0.1767375988906386,0.022607596837208144,0.0004363000043667853
4215,DI,50,1970,30,6,2.5024442565699114e-15,8.881784197001252e-16,0.00027990000671707094
4216,WMI,50,1970,30,6,2.4740449422332563e-15,8.881784197001252e-16,0.00014180000289343297
4217,ISM,50,1970,30,6,0.1767375988906386,0.022607596837208144,0.0005585000035353005
4218,DI,50,1970,30,7,2.5024442565699114e-15,8.881784197001252e-16,0.000374700000975281
4219,WMI,50,1970,30,7,2.4740449422332563e-15,8.881784197001252e-16,0.00019880000036209822
4220,ISM,50,1970,30,7,0.1767375988906386,0.022607596837208144,0.0005805999971926212
4221,DI,50,1970,30,8,2.5024442565699114e-15,8.881784197001252e-16,0.00031060000765137374
4222,WMI,50,1970,30,8,2.4740449422332563e-15,8.881784197001252e-16,0.00018420000560581684
4223,ISM,50,1970,30,8,0.1767375988906386,0.022607596837208144,0.0004943999811075628
4224,DI,50,1970,30,9,2.5024442565699114e-15,8.881784197001252e-16,0.00031220001983456314
4225,WMI,50,1970,30,9,2.4740449422332563e-15,8.881784197001252e-16,0.00016739999409765005
4226,ISM,50,1970,30,9,0.1767375988906386,0.022607596837208144,0.00031820000731386244
4227,DI,50,1970,30,10,2.5024442565699114e-15,8.881784197001252e-16,0.0003015999973285943
4228,WMI,50,1970,30,10,2.4740449422332563e-15,8.881784197001252e-16,0.00018870001076720655
4229,ISM,50,1970,30,10,0.1767375988906386,0.022607596837208144,0.0003171999996993691
4230,DI,50,1970,30,11,2.5024442565699114e-15,8.881784197001252e-16,0.00032950000604614615
4231,WMI,50,1970,30,11,2.4740449422332563e-15,8.881784197001252e-16,0.00018360000103712082
4232,ISM,50,1970,30,11,0.1767375988906386,0.022607596837208144,0.00031900001340545714
4233,DI,50,1970,30,12,2.5024442565699114e-15,8.881784197001252e-16,0.00031430000672116876
4234,WMI,50,1970,30,12,2.4740449422332563e-15,8.881784197001252e-16,0.00019240000983700156
4235,ISM,50,1970,30,12,0.1767375988906386,0.022607596837208144,0.0003181000065524131
4236,DI,50,1970,30,13,2.5024442565699114e-15,8.881784197001252e-16,0.00030040001729503274
4237,WMI,50,1970,30,13,2.4740449422332563e-15,8.881784197001252e-16,0.00016799999866634607
4238,ISM,50,1970,30,13,0.1767375988906386,0.022607596837208144,0.0003175000019837171
4239,DI,50,1970,30,14,2.5024442565699114e-15,8.881784197001252e-16,0.0003037999849766493
4240,WMI,50,1970,30,14,2.4740449422332563e-15,8.881784197001252e-16,0.0001984999980777502
4241,ISM,50,1970,30,14,0.1767375988906386,0.022607596837208144,0.0003167999966535717
4242,DI,50,1970,30,15,2.5024442565699114e-15,8.881784197001252e-16,0.0002727000101003796
4243,WMI,50,1970,30,15,2.4740449422332563e-15,8.881784197001252e-16,0.00035000001662410796
4244,ISM,50,1970,30,15,0.1767375988906386,0.022607596837208144,0.0006935999845154583
4245,DI,50,1970,30,16,2.5024442565699114e-15,8.881784197001252e-16,0.0015774000203236938
4246,WMI,50,1970,30,16,2.4740449422332563e-15,8.881784197001252e-16,0.00021230001584626734
4247,ISM,50,1970,30,16,0.1767375988906386,0.022607596837208144,0.0005812000017613173
4248,DI,50,1970,30,17,2.5024442565699114e-15,8.881784197001252e-16,0.0009540000173728913
4249,WMI,50,1970,30,17,2.4740449422332563e-15,8.881784197001252e-16,0.0005460999964270741
4250,ISM,50,1970,30,17,0.1767375988906386,0.022607596837208144,0.0005837999924551696
4251,DI,50,1970,30,18,2.5024442565699114e-15,8.881784197001252e-16,0.0003404000017326325
4252,WMI,50,1970,30,18,2.4740449422332563e-15,8.881784197001252e-16,0.00022059999173507094
4253,ISM,50,1970,30,18,0.1767375988906386,0.022607596837208144,0.0003200999926775694
4254,DI,50,1970,30,19,2.5024442565699114e-15,8.881784197001252e-16,0.00040809999336488545
4255,WMI,50,1970,30,19,2.4740449422332563e-15,8.881784197001252e-16,0.00027400001999922097
4256,ISM,50,1970,30,19,0.1767375988906386,0.022607596837208144,0.0014347999822348356
4257,DI,50,1970,30,20,2.5024442565699114e-15,8.881784197001252e-16,0.0004900000058114529
4258,WMI,50,1970,30,20,2.4740449422332563e-15,8.881784197001252e-16,0.00024130000383593142
4259,ISM,50,1970,30,20,0.1767375988906386,0.022607596837208144,0.0003173000004608184
4260,DI,50,1970,30,21,2.5024442565699114e-15,8.881784197001252e-16,0.0003080999886151403
4261,WMI,50,1970,30,21,2.4740449422332563e-15,8.881784197001252e-16,0.00017250000382773578
4262,ISM,50,1970,30,21,0.1767375988906386,0.022607596837208144,0.00031779997516423464
4263,DI,50,1970,30,22,2.5024442565699114e-15,8.881784197001252e-16,0.00029460000223480165
4264,WMI,50,1970,30,22,2.4740449422332563e-15,8.881784197001252e-16,0.00017720001051202416
4265,ISM,50,1970,30,22,0.1767375988906386,0.022607596837208144,0.0006466000049840659
4266,DI,50,1970,30,23,2.5024442565699114e-15,8.881784197001252e-16,0.00039160001324489713
4267,WMI,50,1970,30,23,2.4740449422332563e-15,8.881784197001252e-16,0.00021399999968707561
4268,ISM,50,1970,30,23,0.1767375988906386,0.022607596837208144,0.0006074999982956797
4269,DI,50,1970,30,24,2.5024442565699114e-15,8.881784197001252e-16,0.00047339999582618475
4270,WMI,50,1970,30,24,2.4740449422332563e-15,8.881784197001252e-16,0.00028649999876506627
4271,ISM,50,1970,30,24,0.1767375988906386,0.022607596837208144,0.0008139999990817159
4272,DI,50,1970,30,25,2.5024442565699114e-15,8.881784197001252e-16,0.0006130000110715628
4273,WMI,50,1970,30,25,2.4740449422332563e-15,8.881784197001252e-16,0.0004246999742463231
4274,ISM,50,1970,30,25,0.1767375988906386,0.022607596837208144,0.0013455000007525086
4275,DI,50,1970,30,26,2.5024442565699114e-15,8.881784197001252e-16,0.0006265999982133508
4276,WMI,50,1970,30,26,2.4740449422332563e-15,8.881784197001252e-16,0.00037789999623782933
4277,ISM,50,1970,30,26,0.1767375988906386,0.022607596837208144,0.0011541999992914498
4278,DI,50,1970,30,27,2.5024442565699114e-15,8.881784197001252e-16,0.0006493999972008169
4279,WMI,50,1970,30,27,2.4740449422332563e-15,8.881784197001252e-16,0.00027799999224953353
4280,ISM,50,1970,30,27,0.1767375988906386,0.022607596837208144,0.0010053000005427748
4281,DI,50,1970,30,28,2.5024442565699114e-15,8.881784197001252e-16,0.000598000013269484
4282,WMI,50,1970,30,28,2.4740449422332563e-15,8.881784197001252e-16,0.0002899999963119626
4283,ISM,50,1970,30,28,0.1767375988906386,0.022607596837208144,0.0007789999945089221
4284,DI,50,1970,30,29,2.5024442565699114e-15,8.881784197001252e-16,0.00044949998846277595
4285,WMI,50,1970,30,29,2.4740449422332563e-15,8.881784197001252e-16,0.0002175999979954213
4286,ISM,50,1970,30,29,0.1767375988906386,0.022607596837208144,0.0006972999835852534
4287,DI,50,1970,30,30,2.5024442565699114e-15,8.881784197001252e-16,0.00040010001976042986
4288,WMI,50,1970,30,30,2.4740449422332563e-15,8.881784197001252e-16,0.00022769998759031296
4289,ISM,50,1970,30,30,0.1767375988906386,0.022607596837208144,0.0007514999888371676
4290,DI,50,1970,30,31,2.5024442565699114e-15,8.881784197001252e-16,0.00041760000749491155
4291,WMI,50,1970,30,31,2.4740449422332563e-15,8.881784197001252e-16,0.00022479999461211264
4292,ISM,50,1970,30,31,0.1767375988906386,0.022607596837208144,0.0006880000000819564
4293,DI,50,1970,30,32,2.5024442565699114e-15,8.881784197001252e-16,0.0004233000217936933
4294,WMI,50,1970,30,32,2.4740449422332563e-15,8.881784197001252e-16,0.00022170000011101365
4295,ISM,50,1970,30,32,0.1767375988906386,0.022607596837208144,0.0007091999868862331
4296,DI,50,1970,30,33,2.5024442565699114e-15,8.881784197001252e-16,0.00040859999717213213
4297,WMI,50,1970,30,33,2.4740449422332563e-15,8.881784197001252e-16,0.00022190000163391232
4298,ISM,50,1970,30,33,0.1767375988906386,0.022607596837208144,0.0008097999962046742
4299,DI,50,1970,30,34,2.5024442565699114e-15,8.881784197001252e-16,0.0004498999915085733
4300,WMI,50,1970,30,34,2.4740449422332563e-15,8.881784197001252e-16,0.00021520000882446766
4301,ISM,50,1970,30,34,0.1767375988906386,0.022607596837208144,0.0006059000152163208
4302,DI,50,1970,30,35,2.5024442565699114e-15,8.881784197001252e-16,0.0004413000133354217
4303,WMI,50,1970,30,35,2.4740449422332563e-15,8.881784197001252e-16,0.00022640000679530203
4304,ISM,50,1970,30,35,0.1767375988906386,0.022607596837208144,0.0005711999838240445
4305,DI,50,1970,30,36,2.5024442565699114e-15,8.881784197001252e-16,0.0004030000127386302
4306,WMI,50,1970,30,36,2.4740449422332563e-15,8.881784197001252e-16,0.0002416999777778983
4307,ISM,50,1970,30,36,0.1767375988906386,0.022607596837208144,0.0008582000155001879
4308,DI,50,1970,30,37,2.5024442565699114e-15,8.881784197001252e-16,0.0005168999778106809
4309,WMI,50,1970,30,37,2.4740449422332563e-15,8.881784197001252e-16,0.00023740000324323773
4310,ISM,50,1970,30,37,0.1767375988906386,0.022607596837208144,0.0005403000104706734
4311,DI,50,1970,30,38,2.5024442565699114e-15,8.881784197001252e-16,0.00043750001350417733
4312,WMI,50,1970,30,38,2.4740449422332563e-15,8.881784197001252e-16,0.00020440001389943063
4313,ISM,50,1970,30,38,0.1767375988906386,0.022607596837208144,0.0005001999961677939
4314,DI,50,1970,30,39,2.5024442565699114e-15,8.881784197001252e-16,0.000395399983972311
4315,WMI,50,1970,30,39,2.4740449422332563e-15,8.881784197001252e-16,0.0002032000047620386
4316,ISM,50,1970,30,39,0.1767375988906386,0.022607596837208144,0.00048809999134391546
4317,DI,50,1970,30,40,2.5024442565699114e-15,8.881784197001252e-16,0.00036330000148154795
4318,WMI,50,1970,30,40,2.4740449422332563e-15,8.881784197001252e-16,0.00019550000433810055
4319,ISM,50,1970,30,40,0.1767375988906386,0.022607596837208144,0.0007747000199742615
4320,DI,50,1970,30,41,2.5024442565699114e-15,8.881784197001252e-16,0.00041629999759607017
4321,WMI,50,1970,30,41,2.4740449422332563e-15,8.881784197001252e-16,0.0002452000044286251
4322,ISM,50,1970,30,41,0.1767375988906386,0.022607596837208144,0.0006772000051569194
4323,DI,50,1970,30,42,2.5024442565699114e-15,8.881784197001252e-16,0.00045250001130625606
4324,WMI,50,1970,30,42,2.4740449422332563e-15,8.881784197001252e-16,0.00018890001229010522
4325,ISM,50,1970,30,42,0.1767375988906386,0.022607596837208144,0.0004941000079270452
4326,DI,50,1970,30,43,2.5024442565699114e-15,8.881784197001252e-16,0.0003832999791484326
4327,WMI,50,1970,30,43,2.4740449422332563e-15,8.881784197001252e-16,0.0001939999929163605
4328,ISM,50,1970,30,43,0.1767375988906386,0.022607596837208144,0.0006193000008352101
4329,DI,50,1970,30,44,2.5024442565699114e-15,8.881784197001252e-16,0.00040690001333132386
4330,WMI,50,1970,30,44,2.4740449422332563e-15,8.881784197001252e-16,0.00022330001229420304
4331,ISM,50,1970,30,44,0.1767375988906386,0.022607596837208144,0.0007777000137139112
4332,DI,50,1970,30,45,2.5024442565699114e-15,8.881784197001252e-16,0.0004450000124052167
4333,WMI,50,1970,30,45,2.4740449422332563e-15,8.881784197001252e-16,0.0002350000140722841
4334,ISM,50,1970,30,45,0.1767375988906386,0.022607596837208144,0.0006985999934840947
4335,DI,50,1970,30,46,2.5024442565699114e-15,8.881784197001252e-16,0.0004622999986167997
4336,WMI,50,1970,30,46,2.4740449422332563e-15,8.881784197001252e-16,0.00023780000628903508
4337,ISM,50,1970,30,46,0.1767375988906386,0.022607596837208144,0.0009698999929241836
4338,DI,50,1970,30,47,2.5024442565699114e-15,8.881784197001252e-16,0.000502900016726926
4339,WMI,50,1970,30,47,2.4740449422332563e-15,8.881784197001252e-16,0.0003237999917473644
4340,ISM,50,1970,30,47,0.1767375988906386,0.022607596837208144,0.0006399999838322401
4341,DI,50,1970,30,48,2.5024442565699114e-15,8.881784197001252e-16,0.0004287000047042966
4342,WMI,50,1970,30,48,2.4740449422332563e-15,8.881784197001252e-16,0.00025240000104531646
4343,ISM,50,1970,30,48,0.1767375988906386,0.022607596837208144,0.000739800016162917
4344,DI,50,1970,30,49,2.5024442565699114e-15,8.881784197001252e-16,0.00044169998727738857
4345,WMI,50,1970,30,49,2.4740449422332563e-15,8.881784197001252e-16,0.00022640000679530203
4346,ISM,50,1970,30,49,0.1767375988906386,0.022607596837208144,0.0005409999866969883
4347,DI,50,1970,30,50,2.5024442565699114e-15,8.881784197001252e-16,0.0003844000166282058
4348,WMI,50,1970,30,50,2.4740449422332563e-15,8.881784197001252e-16,0.00019069999689236283
4349,ISM,50,1970,30,50,0.1767375988906386,0.022607596837208144,0.0004918999911751598
4350,DI,50,1970,30,51,2.5024442565699114e-15,8.881784197001252e-16,0.00037900000461377203
4351,WMI,50,1970,30,51,2.4740449422332563e-15,8.881784197001252e-16,0.00022369998623616993
4352,ISM,50,1970,30,51,0.1767375988906386,0.022607596837208144,0.0007815999852027744
4353,DI,50,1970,30,52,2.5024442565699114e-15,8.881784197001252e-16,0.00043650000588968396
4354,WMI,50,1970,30,52,2.4740449422332563e-15,8.881784197001252e-16,0.00018390000332146883
4355,ISM,50,1970,30,52,0.1767375988906386,0.022607596837208144,0.000672199996188283
4356,DI,50,1970,30,53,2.5024442565699114e-15,8.881784197001252e-16,0.0004549000004772097
4357,WMI,50,1970,30,53,2.4740449422332563e-15,8.881784197001252e-16,0.00021779999951831996
4358,ISM,50,1970,30,53,0.1767375988906386,0.022607596837208144,0.0007063999946694821
4359,DI,50,1970,30,54,2.5024442565699114e-15,8.881784197001252e-16,0.00042130000656470656
4360,WMI,50,1970,30,54,2.4740449422332563e-15,8.881784197001252e-16,0.0002133000234607607
4361,ISM,50,1970,30,54,0.1767375988906386,0.022607596837208144,0.000540599983651191
4362,DI,50,1970,30,55,2.5024442565699114e-15,8.881784197001252e-16,0.0004228000179864466
4363,WMI,50,1970,30,55,2.4740449422332563e-15,8.881784197001252e-16,0.00021329999435693026
4364,ISM,50,1970,30,55,0.1767375988906386,0.022607596837208144,0.0006825999880675226
4365,DI,50,1970,30,56,2.5024442565699114e-15,8.881784197001252e-16,0.00040190000436268747
4366,WMI,50,1970,30,56,2.4740449422332563e-15,8.881784197001252e-16,0.00017430001753382385
4367,ISM,50,1970,30,56,0.1767375988906386,0.022607596837208144,0.0005133000086061656
4368,DI,50,1970,30,57,2.5024442565699114e-15,8.881784197001252e-16,0.0003834000090137124
4369,WMI,50,1970,30,57,2.4740449422332563e-15,8.881784197001252e-16,0.00022730001364834607
4370,ISM,50,1970,30,57,0.1767375988906386,0.022607596837208144,0.0006668999849352986
4371,DI,50,1970,30,58,2.5024442565699114e-15,8.881784197001252e-16,0.0003887000202666968
4372,WMI,50,1970,30,58,2.4740449422332563e-15,8.881784197001252e-16,0.00019619998056441545
4373,ISM,50,1970,30,58,0.1767375988906386,0.022607596837208144,0.0005295000155456364
4374,DI,50,1970,30,59,2.5024442565699114e-15,8.881784197001252e-16,0.00043009998626075685
4375,WMI,50,1970,30,59,2.4740449422332563e-15,8.881784197001252e-16,0.00020300000323913991
4376,ISM,50,1970,30,59,0.1767375988906386,0.022607596837208144,0.0006925000052433461
4377,DI,50,1970,30,60,2.5024442565699114e-15,8.881784197001252e-16,0.00043220000225119293
4378,WMI,50,1970,30,60,2.4740449422332563e-15,8.881784197001252e-16,0.00021959998412057757
4379,ISM,50,1970,30,60,0.1767375988906386,0.022607596837208144,0.0007122000097297132
4380,DI,50,1970,30,61,2.5024442565699114e-15,8.881784197001252e-16,0.00042890000622719526
4381,WMI,50,1970,30,61,2.4740449422332563e-15,8.881784197001252e-16,0.00022980000358074903
4382,ISM,50,1970,30,61,0.1767375988906386,0.022607596837208144,0.0006888000061735511
4383,DI,50,1970,30,62,2.5024442565699114e-15,8.881784197001252e-16,0.00046430001384578645
4384,WMI,50,1970,30,62,2.4740449422332563e-15,8.881784197001252e-16,0.00020959999528713524
4385,ISM,50,1970,30,62,0.1767375988906386,0.022607596837208144,0.0006443999882321805
4386,DI,50,1970,30,63,2.5024442565699114e-15,8.881784197001252e-16,0.00043169999844394624
4387,WMI,50,1970,30,63,2.4740449422332563e-15,8.881784197001252e-16,0.00019779999274760485
4388,ISM,50,1970,30,63,0.1767375988906386,0.022607596837208144,0.0006929000082891434
4389,DI,50,1970,30,64,2.5024442565699114e-15,8.881784197001252e-16,0.0004288000054657459
4390,WMI,50,1970,30,64,2.4740449422332563e-15,8.881784197001252e-16,0.00020019998191855848
4391,ISM,50,1970,30,64,0.1767375988906386,0.022607596837208144,0.0006830999918747693
4392,DI,50,1970,30,65,2.5024442565699114e-15,8.881784197001252e-16,0.0004344999906606972
4393,WMI,50,1970,30,65,2.4740449422332563e-15,8.881784197001252e-16,0.00022509999689646065
4394,ISM,50,1970,30,65,0.1767375988906386,0.022607596837208144,0.0007182999979704618
4395,DI,50,1970,30,66,2.5024442565699114e-15,8.881784197001252e-16,0.0004427999956533313
4396,WMI,50,1970,30,66,2.4740449422332563e-15,8.881784197001252e-16,0.00022489999537356198
4397,ISM,50,1970,30,66,0.1767375988906386,0.022607596837208144,0.0006350000039674342
4398,DI,50,1970,30,67,2.5024442565699114e-15,8.881784197001252e-16,0.0004684000159613788
4399,WMI,50,1970,30,67,2.4740449422332563e-15,8.881784197001252e-16,0.00020899999071843922
4400,ISM,50,1970,30,67,0.1767375988906386,0.022607596837208144,0.0005827000131830573
4401,DI,50,1970,30,68,2.5024442565699114e-15,8.881784197001252e-16,0.00044460000935941935
4402,WMI,50,1970,30,68,2.4740449422332563e-15,8.881784197001252e-16,0.0001905999961309135
4403,ISM,50,1970,30,68,0.1767375988906386,0.022607596837208144,0.0012147000234108418
4404,DI,50,1970,30,69,2.5024442565699114e-15,8.881784197001252e-16,0.0005040999967604876
4405,WMI,50,1970,30,69,2.4740449422332563e-15,8.881784197001252e-16,0.0002437999937683344
4406,ISM,50,1970,30,69,0.1767375988906386,0.022607596837208144,0.0005455000209622085
4407,DI,50,1970,30,70,2.5024442565699114e-15,8.881784197001252e-16,0.0003968000237364322
4408,WMI,50,1970,30,70,2.4740449422332563e-15,8.881784197001252e-16,0.00019150000298395753
4409,ISM,50,1970,30,70,0.1767375988906386,0.022607596837208144,0.0004974000039510429
4410,DI,50,1970,30,71,2.5024442565699114e-15,8.881784197001252e-16,0.0004008999967481941
4411,WMI,50,1970,30,71,2.4740449422332563e-15,8.881784197001252e-16,0.00023040000814944506
4412,ISM,50,1970,30,71,0.1767375988906386,0.022607596837208144,0.0006820000126026571
4413,DI,50,1970,30,72,2.5024442565699114e-15,8.881784197001252e-16,0.00041519998922012746
4414,WMI,50,1970,30,72,2.4740449422332563e-15,8.881784197001252e-16,0.00022230000467970967
4415,ISM,50,1970,30,72,0.1767375988906386,0.022607596837208144,0.0007550000154878944
4416,DI,50,1970,30,73,2.5024442565699114e-15,8.881784197001252e-16,0.0004253000079188496
4417,WMI,50,1970,30,73,2.4740449422332563e-15,8.881784197001252e-16,0.00021109997760504484
4418,ISM,50,1970,30,73,0.1767375988906386,0.022607596837208144,0.000509100005729124
4419,DI,50,1970,30,74,2.5024442565699114e-15,8.881784197001252e-16,0.0003910000086762011
4420,WMI,50,1970,30,74,2.4740449422332563e-15,8.881784197001252e-16,0.00020050001330673695
4421,ISM,50,1970,30,74,0.1767375988906386,0.022607596837208144,0.000621799990767613
4422,DI,50,1970,30,75,2.5024442565699114e-15,8.881784197001252e-16,0.0003964999923482537
4423,WMI,50,1970,30,75,2.4740449422332563e-15,8.881784197001252e-16,0.00019069999689236283
4424,ISM,50,1970,30,75,0.1767375988906386,0.022607596837208144,0.0005603000172413886
4425,DI,50,1970,30,76,2.5024442565699114e-15,8.881784197001252e-16,0.0003758999810088426
4426,WMI,50,1970,30,76,2.4740449422332563e-15,8.881784197001252e-16,0.0001970999874174595
4427,ISM,50,1970,30,76,0.1767375988906386,0.022607596837208144,0.0006089999806135893
4428,DI,50,1970,30,77,2.5024442565699114e-15,8.881784197001252e-16,0.0003646999830380082
4429,WMI,50,1970,30,77,2.4740449422332563e-15,8.881784197001252e-16,0.00021769999875687063
4430,ISM,50,1970,30,77,0.1767375988906386,0.022607596837208144,0.0006008999771438539
4431,DI,50,1970,30,78,2.5024442565699114e-15,8.881784197001252e-16,0.0003890000225510448
4432,WMI,50,1970,30,78,2.4740449422332563e-15,8.881784197001252e-16,0.0001815000141505152
4433,ISM,50,1970,30,78,0.1767375988906386,0.022607596837208144,0.0005075999943073839
4434,DI,50,1970,30,79,2.5024442565699114e-15,8.881784197001252e-16,0.00036959999124519527
4435,WMI,50,1970,30,79,2.4740449422332563e-15,8.881784197001252e-16,0.0001647000026423484
4436,ISM,50,1970,30,79,0.1767375988906386,0.022607596837208144,0.00042580001172609627
4437,DI,50,1970,30,80,2.5024442565699114e-15,8.881784197001252e-16,0.0003902000025846064
4438,WMI,50,1970,30,80,2.4740449422332563e-15,8.881784197001252e-16,0.00017110002227127552
4439,ISM,50,1970,30,80,0.1767375988906386,0.022607596837208144,0.0005284000071696937
4440,DI,50,1970,30,81,2.5024442565699114e-15,8.881784197001252e-16,0.0002804000105243176
4441,WMI,50,1970,30,81,2.4740449422332563e-15,8.881784197001252e-16,0.00017780001508072019
4442,ISM,50,1970,30,81,0.1767375988906386,0.022607596837208144,0.0006567999953404069
4443,DI,50,1970,30,82,2.5024442565699114e-15,8.881784197001252e-16,0.00032980000833049417
4444,WMI,50,1970,30,82,2.4740449422332563e-15,8.881784197001252e-16,0.00012620000052265823
4445,ISM,50,1970,30,82,0.1767375988906386,0.022607596837208144,0.0004186000151094049
4446,DI,50,1970,30,83,2.5024442565699114e-15,8.881784197001252e-16,0.0003425000177230686
4447,WMI,50,1970,30,83,2.4740449422332563e-15,8.881784197001252e-16,0.00033740000799298286
4448,ISM,50,1970,30,83,0.1767375988906386,0.022607596837208144,0.0004340999876148999
4449,DI,50,1970,30,84,2.5024442565699114e-15,8.881784197001252e-16,0.0004661999992094934
4450,WMI,50,1970,30,84,2.4740449422332563e-15,8.881784197001252e-16,0.00022029998945072293
4451,ISM,50,1970,30,84,0.1767375988906386,0.022607596837208144,0.0007813999836798757
4452,DI,50,1970,30,85,2.5024442565699114e-15,8.881784197001252e-16,0.0003650000144261867
4453,WMI,50,1970,30,85,2.4740449422332563e-15,8.881784197001252e-16,0.00017939999816007912
4454,ISM,50,1970,30,85,0.1767375988906386,0.022607596837208144,0.0007416000007651746
4455,DI,50,1970,30,86,2.5024442565699114e-15,8.881784197001252e-16,0.0003488000074867159
4456,WMI,50,1970,30,86,2.4740449422332563e-15,8.881784197001252e-16,0.00023520001559518278
4457,ISM,50,1970,30,86,0.1767375988906386,0.022607596837208144,0.0006542000046465546
4458,DI,50,1970,30,87,2.5024442565699114e-15,8.881784197001252e-16,0.00040839999564923346
4459,WMI,50,1970,30,87,2.4740449422332563e-15,8.881784197001252e-16,0.0001976999919861555
4460,ISM,50,1970,30,87,0.1767375988906386,0.022607596837208144,0.0006308000010903925
4461,DI,50,1970,30,88,2.5024442565699114e-15,8.881784197001252e-16,0.0003243999963160604
4462,WMI,50,1970,30,88,2.4740449422332563e-15,8.881784197001252e-16,0.00017430001753382385
4463,ISM,50,1970,30,88,0.1767375988906386,0.022607596837208144,0.0008280000183731318
4464,DI,50,1970,30,89,2.5024442565699114e-15,8.881784197001252e-16,0.0004123999970033765
4465,WMI,50,1970,30,89,2.4740449422332563e-15,8.881784197001252e-16,0.0002243000199086964
4466,ISM,50,1970,30,89,0.1767375988906386,0.022607596837208144,0.00041619999683462083
4467,DI,50,1970,30,90,2.5024442565699114e-15,8.881784197001252e-16,0.0003546999942045659
4468,WMI,50,1970,30,90,2.4740449422332563e-15,8.881784197001252e-16,0.00019379999139346182
4469,ISM,50,1970,30,90,0.1767375988906386,0.022607596837208144,0.0004050999996252358
4470,DI,50,1970,30,91,2.5024442565699114e-15,8.881784197001252e-16,0.0003249000001233071
4471,WMI,50,1970,30,91,2.4740449422332563e-15,8.881784197001252e-16,0.0001936999906320125
4472,ISM,50,1970,30,91,0.1767375988906386,0.022607596837208144,0.0005748999828938395
4473,DI,50,1970,30,92,2.5024442565699114e-15,8.881784197001252e-16,0.0003653000167105347
4474,WMI,50,1970,30,92,2.4740449422332563e-15,8.881784197001252e-16,0.0002610999799799174
4475,ISM,50,1970,30,92,0.1767375988906386,0.022607596837208144,0.0004017000028397888
4476,DI,50,1970,30,93,2.5024442565699114e-15,8.881784197001252e-16,0.0003153000143356621
4477,WMI,50,1970,30,93,2.4740449422332563e-15,8.881784197001252e-16,0.00016200001118704677
4478,ISM,50,1970,30,93,0.1767375988906386,0.022607596837208144,0.00037429999792948365
4479,DI,50,1970,30,94,2.5024442565699114e-15,8.881784197001252e-16,0.0003491000097710639
4480,WMI,50,1970,30,94,2.4740449422332563e-15,8.881784197001252e-16,0.00017699997988529503
4481,ISM,50,1970,30,94,0.1767375988906386,0.022607596837208144,0.0005326999817043543
4482,DI,50,1970,30,95,2.5024442565699114e-15,8.881784197001252e-16,0.00029739999445155263
4483,WMI,50,1970,30,95,2.4740449422332563e-15,8.881784197001252e-16,0.00012370001059025526
4484,ISM,50,1970,30,95,0.1767375988906386,0.022607596837208144,0.00037639998481608927
4485,DI,50,1970,30,96,2.5024442565699114e-15,8.881784197001252e-16,0.00029429999995045364
4486,WMI,50,1970,30,96,2.4740449422332563e-15,8.881784197001252e-16,0.00013459997717291117
4487,ISM,50,1970,30,96,0.1767375988906386,0.022607596837208144,0.00046809998457320035
4488,DI,50,1970,30,97,2.5024442565699114e-15,8.881784197001252e-16,0.0002793000021483749
4489,WMI,50,1970,30,97,2.4740449422332563e-15,8.881784197001252e-16,0.0001230000052601099
4490,ISM,50,1970,30,97,0.1767375988906386,0.022607596837208144,0.00035180000122636557
4491,DI,50,1970,30,98,2.5024442565699114e-15,8.881784197001252e-16,0.00024049999774433672
4492,WMI,50,1970,30,98,2.4740449422332563e-15,8.881784197001252e-16,0.00013199998647905886
4493,ISM,50,1970,30,98,0.1767375988906386,0.022607596837208144,0.0004467000253498554
4494,DI,50,1970,30,99,2.5024442565699114e-15,8.881784197001252e-16,0.00025839998852461576
4495,WMI,50,1970,30,99,2.4740449422332563e-15,8.881784197001252e-16,0.00011930000619031489
4496,ISM,50,1970,30,99,0.1767375988906386,0.022607596837208144,0.00040469999657943845
4497,DI,50,1970,30,100,2.5024442565699114e-15,8.881784197001252e-16,0.0002649000089149922
4498,WMI,50,1970,30,100,2.4740449422332563e-15,8.881784197001252e-16,0.00010839998139999807
4499,ISM,50,1970,30,100,0.1767375988906386,0.022607596837208144,0.0003828000044450164
4500,DI,50,1970,30,101,2.5024442565699114e-15,8.881784197001252e-16,0.00021880000713281333
4501,WMI,50,1970,30,101,2.4740449422332563e-15,8.881784197001252e-16,0.00010999999358318746
4502,ISM,50,1970,30,101,0.1767375988906386,0.022607596837208144,0.00036830001045018435
4503,DI,50,1970,30,102,2.5024442565699114e-15,8.881784197001252e-16,0.00022419999004341662
4504,WMI,50,1970,30,102,2.4740449422332563e-15,8.881784197001252e-16,0.00011369999265298247
4505,ISM,50,1970,30,102,0.1767375988906386,0.022607596837208144,0.000371600006474182
4506,DI,50,1970,30,103,2.5024442565699114e-15,8.881784197001252e-16,0.00025270000332966447
4507,WMI,50,1970,30,103,2.4740449422332563e-15,8.881784197001252e-16,0.00011029999586753547
4508,ISM,50,1970,30,103,0.1767375988906386,0.022607596837208144,0.0003635000030044466
4509,DI,50,1970,30,104,2.5024442565699114e-15,8.881784197001252e-16,0.00022950000129640102
4510,WMI,50,1970,30,104,2.4740449422332563e-15,8.881784197001252e-16,0.00010909998673014343
4511,ISM,50,1970,30,104,0.1767375988906386,0.022607596837208144,0.0003515999997034669
4512,DI,50,1970,30,105,2.5024442565699114e-15,8.881784197001252e-16,0.00021279999054968357
4513,WMI,50,1970,30,105,2.4740449422332563e-15,8.881784197001252e-16,9.549999958835542e-05
4514,ISM,50,1970,30,105,0.1767375988906386,0.022607596837208144,0.0003330999752506614
4515,DI,50,1970,30,106,2.5024442565699114e-15,8.881784197001252e-16,0.0002429999876767397
4516,WMI,50,1970,30,106,2.4740449422332563e-15,8.881784197001252e-16,9.819999104365706e-05
4517,ISM,50,1970,30,106,0.1767375988906386,0.022607596837208144,0.0003249000001233071
4518,DI,50,1970,30,107,2.5024442565699114e-15,8.881784197001252e-16,0.00022149999858811498
4519,WMI,50,1970,30,107,2.4740449422332563e-15,8.881784197001252e-16,0.0001340000017080456
4520,ISM,50,1970,30,107,0.1767375988906386,0.022607596837208144,0.0003397999971639365
4521,DI,50,1970,30,108,2.5024442565699114e-15,8.881784197001252e-16,0.00021770002786070108
4522,WMI,50,1970,30,108,2.4740449422332563e-15,8.881784197001252e-16,0.00011039999662898481
4523,ISM,50,1970,30,108,0.1767375988906386,0.022607596837208144,0.00030819998937658966
4524,DI,50,1970,30,109,2.5024442565699114e-15,8.881784197001252e-16,0.00021830000332556665
4525,WMI,50,1970,30,109,2.4740449422332563e-15,8.881784197001252e-16,9.490002412348986e-05
4526,ISM,50,1970,30,109,0.1767375988906386,0.022607596837208144,0.0003262000100221485
4527,DI,50,1970,30,110,2.5024442565699114e-15,8.881784197001252e-16,0.00021019999985583127
4528,WMI,50,1970,30,110,2.4740449422332563e-15,8.881784197001252e-16,0.00010429997928440571
4529,ISM,50,1970,30,110,0.1767375988906386,0.022607596837208144,0.0003074000123888254
4530,DI,50,1970,30,111,2.5024442565699114e-15,8.881784197001252e-16,0.0002060999977402389
4531,WMI,50,1970,30,111,2.4740449422332563e-15,8.881784197001252e-16,0.00010939998901449144
4532,ISM,50,1970,30,111,0.1767375988906386,0.022607596837208144,0.00037730002077296376
4533,DI,50,1970,30,112,2.5024442565699114e-15,8.881784197001252e-16,0.00017680000746622682
4534,WMI,50,1970,30,112,2.4740449422332563e-15,8.881784197001252e-16,8.510000770911574e-05
4535,ISM,50,1970,30,112,0.1767375988906386,0.022607596837208144,0.00030980000155977905
4536,DI,50,1970,30,113,2.5024442565699114e-15,8.881784197001252e-16,0.00025680000544525683
4537,WMI,50,1970,30,113,2.4740449422332563e-15,8.881784197001252e-16,0.00010679999832063913
4538,ISM,50,1970,30,113,0.1767375988906386,0.022607596837208144,0.00031319999834522605
4539,DI,50,1970,30,114,2.5024442565699114e-15,8.881784197001252e-16,0.0002243000199086964
4540,WMI,50,1970,30,114,2.4740449422332563e-15,8.881784197001252e-16,0.0001033000007737428
4541,ISM,50,1970,30,114,0.1767375988906386,0.022607596837208144,0.000309199996991083
4542,DI,50,1970,30,115,2.5024442565699114e-15,8.881784197001252e-16,0.0002182000025641173
4543,WMI,50,1970,30,115,2.4740449422332563e-15,8.881784197001252e-16,9.820002014748752e-05
4544,ISM,50,1970,30,115,0.1767375988906386,0.022607596837208144,0.00031629999284632504
4545,DI,50,1970,30,116,2.5024442565699114e-15,8.881784197001252e-16,0.0001936999906320125
4546,WMI,50,1970,30,116,2.4740449422332563e-15,8.881784197001252e-16,9.40999889280647e-05
4547,ISM,50,1970,30,116,0.1767375988906386,0.022607596837208144,0.0003056999994441867
4548,DI,50,1970,30,117,2.5024442565699114e-15,8.881784197001252e-16,0.0002099999983329326
4549,WMI,50,1970,30,117,2.4740449422332563e-15,8.881784197001252e-16,8.759999764151871e-05
4550,ISM,50,1970,30,117,0.1767375988906386,0.022607596837208144,0.00030869999318383634
4551,DI,50,1970,30,118,2.5024442565699114e-15,8.881784197001252e-16,0.00020330000552348793
4552,WMI,50,1970,30,118,2.4740449422332563e-15,8.881784197001252e-16,9.509999654255807e-05
4553,ISM,50,1970,30,118,0.1767375988906386,0.022607596837208144,0.0003046999918296933
4554,DI,50,1970,30,119,2.5024442565699114e-15,8.881784197001252e-16,0.00019689998589456081
4555,WMI,50,1970,30,119,2.4740449422332563e-15,8.881784197001252e-16,0.0001058999914675951
4556,ISM,50,1970,30,119,0.1767375988906386,0.022607596837208144,0.0003108999808318913
4557,DI,50,1970,30,120,2.5024442565699114e-15,8.881784197001252e-16,0.00020859998767264187
4558,WMI,50,1970,30,120,2.4740449422332563e-15,8.881784197001252e-16,9.049999061971903e-05
4559,ISM,50,1970,30,120,0.1767375988906386,0.022607596837208144,0.00031380000291392207
4560,DI,50,1970,30,121,2.5024442565699114e-15,8.881784197001252e-16,0.00021880000713281333
4561,WMI,50,1970,30,121,2.4740449422332563e-15,8.881784197001252e-16,9.819999104365706e-05
4562,ISM,50,1970,30,121,0.1767375988906386,0.022607596837208144,0.00030559999868273735
4563,DI,50,1970,30,122,2.5024442565699114e-15,8.881784197001252e-16,0.00023040000814944506
4564,WMI,50,1970,30,122,2.4740449422332563e-15,8.881784197001252e-16,9.26000066101551e-05
4565,ISM,50,1970,30,122,0.1767375988906386,0.022607596837208144,0.00030750001315027475
4566,DI,50,1970,30,123,2.5024442565699114e-15,8.881784197001252e-16,0.00021169998217374086
4567,WMI,50,1970,30,123,2.4740449422332563e-15,8.881784197001252e-16,0.00018050000653602183
4568,ISM,50,1970,30,123,0.1767375988906386,0.022607596837208144,0.0003333000058773905
4569,DI,50,1970,30,124,2.5024442565699114e-15,8.881784197001252e-16,0.00021280001965351403
4570,WMI,50,1970,30,124,2.4740449422332563e-15,8.881784197001252e-16,0.00010519998613744974
4571,ISM,50,1970,30,124,0.1767375988906386,0.022607596837208144,0.0003074999840464443
4572,DI,50,1970,30,125,2.5024442565699114e-15,8.881784197001252e-16,0.00021620001643896103
4573,WMI,50,1970,30,125,2.4740449422332563e-15,8.881784197001252e-16,9.729998419061303e-05
4574,ISM,50,1970,30,125,0.1767375988906386,0.022607596837208144,0.00030890002381056547
4575,DI,50,1970,30,126,2.5024442565699114e-15,8.881784197001252e-16,0.00019809999503195286
4576,WMI,50,1970,30,126,2.4740449422332563e-15,8.881784197001252e-16,9.529999806545675e-05
4577,ISM,50,1970,30,126,0.1767375988906386,0.022607596837208144,0.0003060000017285347
4578,DI,50,1970,30,127,2.5024442565699114e-15,8.881784197001252e-16,0.00021139997988939285
4579,WMI,50,1970,30,127,2.4740449422332563e-15,8.881784197001252e-16,9.859999408945441e-05
4580,ISM,50,1970,30,127,0.1767375988906386,0.022607596837208144,0.00031079998007044196
4581,DI,50,1970,30,128,2.5024442565699114e-15,8.881784197001252e-16,0.0002083999861497432
4582,WMI,50,1970,30,128,2.4740449422332563e-15,8.881784197001252e-16,9.159999899566174e-05
4583,ISM,50,1970,30,128,0.1767375988906386,0.022607596837208144,0.000305800000205636
4584,DI,50,1970,30,129,2.5024442565699114e-15,8.881784197001252e-16,0.00020929999300278723
4585,WMI,50,1970,30,129,2.4740449422332563e-15,8.881784197001252e-16,8.719999459572136e-05
4586,ISM,50,1970,30,129,0.1767375988906386,0.022607596837208144,0.00030330001027323306
4587,DI,50,1970,30,130,2.5024442565699114e-15,8.881784197001252e-16,0.00023209999199025333
4588,WMI,50,1970,30,130,2.4740449422332563e-15,8.881784197001252e-16,9.590000263415277e-05
4589,ISM,50,1970,30,130,0.1767375988906386,0.022607596837208144,0.0003056999994441867
4590,DI,50,1970,30,131,2.5024442565699114e-15,8.881784197001252e-16,0.00021740002557635307
4591,WMI,50,1970,30,131,2.4740449422332563e-15,8.881784197001252e-16,9.940000018104911e-05
4592,ISM,50,1970,30,131,0.1767375988906386,0.022607596837208144,0.00031370000215247273
4593,DI,50,1970,30,132,2.5024442565699114e-15,8.881784197001252e-16,0.00021850000484846532
4594,WMI,50,1970,30,132,2.4740449422332563e-15,8.881784197001252e-16,0.00010320000001229346
4595,ISM,50,1970,30,132,0.1767375988906386,0.022607596837208144,0.0003071999817620963
4596,DI,50,1970,30,133,2.5024442565699114e-15,8.881784197001252e-16,0.0002086999884340912
4597,WMI,50,1970,30,133,2.4740449422332563e-15,8.881784197001252e-16,9.369998588226736e-05
4598,ISM,50,1970,30,133,0.1767375988906386,0.022607596837208144,0.00030519999563694
4599,DI,50,1970,30,134,2.5024442565699114e-15,8.881784197001252e-16,0.0002120999852195382
4600,WMI,50,1970,30,134,2.4740449422332563e-15,8.881784197001252e-16,9.349998435936868e-05
4601,ISM,50,1970,30,134,0.1767375988906386,0.022607596837208144,0.0003443000023253262
4602,DI,50,1970,30,135,2.5024442565699114e-15,8.881784197001252e-16,0.00018549998640082777
4603,WMI,50,1970,30,135,2.4740449422332563e-15,8.881784197001252e-16,0.00011150000500492752
4604,ISM,50,1970,30,135,0.1767375988906386,0.022607596837208144,0.0003119000175502151
4605,DI,50,1970,30,136,2.5024442565699114e-15,8.881784197001252e-16,0.0002657000150065869
4606,WMI,50,1970,30,136,2.4740449422332563e-15,8.881784197001252e-16,9.68000094871968e-05
4607,ISM,50,1970,30,136,0.1767375988906386,0.022607596837208144,0.0003066000062972307
4608,DI,50,1970,30,137,2.5024442565699114e-15,8.881784197001252e-16,0.0002154999820049852
4609,WMI,50,1970,30,137,2.4740449422332563e-15,8.881784197001252e-16,9.669997962191701e-05
4610,ISM,50,1970,30,137,0.1767375988906386,0.022607596837208144,0.0003053999971598387
4611,DI,50,1970,30,138,2.5024442565699114e-15,8.881784197001252e-16,0.00021620001643896103
4612,WMI,50,1970,30,138,2.4740449422332563e-15,8.881784197001252e-16,9.060002048499882e-05
4613,ISM,50,1970,30,138,0.1767375988906386,0.022607596837208144,0.00030679997871629894
4614,DI,50,1970,30,139,2.5024442565699114e-15,8.881784197001252e-16,0.00023560001864098012
4615,WMI,50,1970,30,139,2.4740449422332563e-15,8.881784197001252e-16,9.960000170394778e-05
4616,ISM,50,1970,30,139,0.1767375988906386,0.022607596837208144,0.00030869999318383634
4617,DI,50,1970,30,140,2.5024442565699114e-15,8.881784197001252e-16,0.0002032000047620386
4618,WMI,50,1970,30,140,2.4740449422332563e-15,8.881784197001252e-16,8.860000525601208e-05
4619,ISM,50,1970,30,140,0.1767375988906386,0.022607596837208144,0.00030529999639838934
4620,DI,50,1970,30,141,2.5024442565699114e-15,8.881784197001252e-16,0.00020790001144632697
4621,WMI,50,1970,30,141,2.4740449422332563e-15,8.881784197001252e-16,9.82999918051064e-05
4622,ISM,50,1970,30,141,0.1767375988906386,0.022607596837208144,0.00030700000934302807
4623,DI,50,1970,30,142,2.5024442565699114e-15,8.881784197001252e-16,0.00018279999494552612
4624,WMI,50,1970,30,142,2.4740449422332563e-15,8.881784197001252e-16,9.549999958835542e-05
4625,ISM,50,1970,30,142,0.1767375988906386,0.022607596837208144,0.00030679997871629894
4626,DI,50,1970,30,143,2.5024442565699114e-15,8.881784197001252e-16,0.00020149999181739986
4627,WMI,50,1970,30,143,2.4740449422332563e-15,8.881784197001252e-16,9.68000094871968e-05
4628,ISM,50,1970,30,143,0.1767375988906386,0.022607596837208144,0.00030899999546818435
4629,DI,50,1970,30,144,2.5024442565699114e-15,8.881784197001252e-16,0.00022419999004341662
4630,WMI,50,1970,30,144,2.4740449422332563e-15,8.881784197001252e-16,9.770001634024084e-05
4631,ISM,50,1970,30,144,0.1767375988906386,0.022607596837208144,0.00031179998768493533
4632,DI,50,1970,30,145,2.5024442565699114e-15,8.881784197001252e-16,0.00019789999350905418
4633,WMI,50,1970,30,145,2.4740449422332563e-15,8.881784197001252e-16,0.00010680002742446959
4634,ISM,50,1970,30,145,0.1767375988906386,0.022607596837208144,0.0003133999998681247
4635,DI,50,1970,30,146,2.5024442565699114e-15,8.881784197001252e-16,0.00017720001051202416
4636,WMI,50,1970,30,146,2.4740449422332563e-15,8.881784197001252e-16,8.339999476447701e-05
4637,ISM,50,1970,30,146,0.1767375988906386,0.022607596837208144,0.0003124999930150807
4638,DI,50,1970,30,147,2.5024442565699114e-15,8.881784197001252e-16,0.00015890001668594778
4639,WMI,50,1970,30,147,2.4740449422332563e-15,8.881784197001252e-16,8.009999874047935e-05
4640,ISM,50,1970,30,147,0.1767375988906386,0.022607596837208144,0.0003105000068899244
4641,DI,50,1970,30,148,2.5024442565699114e-15,8.881784197001252e-16,0.00016090000281110406
4642,WMI,50,1970,30,148,2.4740449422332563e-15,8.881784197001252e-16,7.85999873187393e-05
4643,ISM,50,1970,30,148,0.1767375988906386,0.022607596837208144,0.00031850000959821045
4644,DI,50,1970,30,149,2.5024442565699114e-15,8.881784197001252e-16,0.0001674999948590994
4645,WMI,50,1970,30,149,2.4740449422332563e-15,8.881784197001252e-16,8.560001151636243e-05
4646,ISM,50,1970,30,149,0.1767375988906386,0.022607596837208144,0.0003277999931015074
4647,DI,50,1970,30,150,2.5024442565699114e-15,8.881784197001252e-16,0.00017250000382773578
4648,WMI,50,1970,30,150,2.4740449422332563e-15,8.881784197001252e-16,8.679999154992402e-05
4649,ISM,50,1970,30,150,0.1767375988906386,0.022607596837208144,0.0003266999847255647
4650,DI,50,1970,30,151,2.5024442565699114e-15,8.881784197001252e-16,0.00017809998826123774
4651,WMI,50,1970,30,151,2.4740449422332563e-15,8.881784197001252e-16,8.689999231137335e-05
4652,ISM,50,1970,30,151,0.1767375988906386,0.022607596837208144,0.00032289998489432037
4653,DI,50,1970,30,152,2.5024442565699114e-15,8.881784197001252e-16,0.00017250000382773578
4654,WMI,50,1970,30,152,2.4740449422332563e-15,8.881784197001252e-16,9.039998985826969e-05
4655,ISM,50,1970,30,152,0.1767375988906386,0.022607596837208144,0.0003087000222876668
4656,DI,50,1970,30,153,2.5024442565699114e-15,8.881784197001252e-16,0.00023060000967234373
4657,WMI,50,1970,30,153,2.4740449422332563e-15,8.881784197001252e-16,0.00012549999519251287
4658,ISM,50,1970,30,153,0.1767375988906386,0.022607596837208144,0.0003696999920066446
4659,DI,50,1970,30,154,2.5024442565699114e-15,8.881784197001252e-16,0.0002510999911464751
4660,WMI,50,1970,30,154,2.4740449422332563e-15,8.881784197001252e-16,0.00010160001693293452
4661,ISM,50,1970,30,154,0.1767375988906386,0.022607596837208144,0.00030709998100064695
4662,DI,50,1970,30,155,2.5024442565699114e-15,8.881784197001252e-16,0.0001973999897018075
4663,WMI,50,1970,30,155,2.4740449422332563e-15,8.881784197001252e-16,0.00010909998673014343
4664,ISM,50,1970,30,155,0.1767375988906386,0.022607596837208144,0.0003077999863307923
4665,DI,50,1970,30,156,2.5024442565699114e-15,8.881784197001252e-16,0.00019990000873804092
4666,WMI,50,1970,30,156,2.4740449422332563e-15,8.881784197001252e-16,0.00010760000441223383
4667,ISM,50,1970,30,156,0.1767375988906386,0.022607596837208144,0.0003063000040128827
4668,DI,50,1970,30,157,2.5024442565699114e-15,8.881784197001252e-16,0.00022680000984109938
4669,WMI,50,1970,30,157,2.4740449422332563e-15,8.881784197001252e-16,9.079999290406704e-05
4670,ISM,50,1970,30,157,0.1767375988906386,0.022607596837208144,0.00030759998480789363
4671,DI,50,1970,30,158,2.5024442565699114e-15,8.881784197001252e-16,0.0008335000020451844
4672,WMI,50,1970,30,158,2.4740449422332563e-15,8.881784197001252e-16,0.00011229998199269176
4673,ISM,50,1970,30,158,0.1767375988906386,0.022607596837208144,0.00031189998844638467
4674,DI,50,1970,30,159,2.5024442565699114e-15,8.881784197001252e-16,0.00024049999774433672
4675,WMI,50,1970,30,159,2.4740449422332563e-15,8.881784197001252e-16,0.00010689999908208847
4676,ISM,50,1970,30,159,0.1767375988906386,0.022607596837208144,0.000308599992422387
4677,DI,50,1970,30,160,2.5024442565699114e-15,8.881784197001252e-16,0.00024709998979233205
4678,WMI,50,1970,30,160,2.4740449422332563e-15,8.881784197001252e-16,0.00010560001828707755
4679,ISM,50,1970,30,160,0.1767375988906386,0.022607596837208144,0.000305499997921288
4680,DI,50,1970,30,161,2.5024442565699114e-15,8.881784197001252e-16,0.00021160001051612198
4681,WMI,50,1970,30,161,2.4740449422332563e-15,8.881784197001252e-16,9.229997522197664e-05
4682,ISM,50,1970,30,161,0.1767375988906386,0.022607596837208144,0.0003068000078201294
4683,DI,50,1970,30,162,2.5024442565699114e-15,8.881784197001252e-16,0.00019719998817890882
4684,WMI,50,1970,30,162,2.4740449422332563e-15,8.881784197001252e-16,0.00010599999222904444
4685,ISM,50,1970,30,162,0.1767375988906386,0.022607596837208144,0.0003163999936077744
4686,DI,50,1970,30,163,2.5024442565699114e-15,8.881784197001252e-16,0.00021910000941716135
4687,WMI,50,1970,30,163,2.4740449422332563e-15,8.881784197001252e-16,9.34000127017498e-05
4688,ISM,50,1970,30,163,0.1767375988906386,0.022607596837208144,0.0003096000000368804
4689,DI,50,1970,30,164,2.5024442565699114e-15,8.881784197001252e-16,0.00021399999968707561
4690,WMI,50,1970,30,164,2.4740449422332563e-15,8.881784197001252e-16,9.119999594986439e-05
4691,ISM,50,1970,30,164,0.1767375988906386,0.022607596837208144,0.000305800000205636
4692,DI,50,1970,30,165,2.5024442565699114e-15,8.881784197001252e-16,0.00020680000307038426
4693,WMI,50,1970,30,165,2.4740449422332563e-15,8.881784197001252e-16,9.34000127017498e-05
4694,ISM,50,1970,30,165,0.1767375988906386,0.022607596837208144,0.00030610000248998404
4695,DI,50,1970,30,166,2.5024442565699114e-15,8.881784197001252e-16,0.0002148000057786703
4696,WMI,50,1970,30,166,2.4740449422332563e-15,8.881784197001252e-16,9.089999366551638e-05
4697,ISM,50,1970,30,166,0.1767375988906386,0.022607596837208144,0.0003074000123888254
4698,DI,50,1970,30,167,2.5024442565699114e-15,8.881784197001252e-16,0.00022379998699761927
4699,WMI,50,1970,30,167,2.4740449422332563e-15,8.881784197001252e-16,0.00017290000687353313
4700,ISM,50,1970,30,167,0.1767375988906386,0.022607596837208144,0.0003116000152658671
4701,DI,50,1970,30,168,2.5024442565699114e-15,8.881784197001252e-16,0.00021050000214017928
4702,WMI,50,1970,30,168,2.4740449422332563e-15,8.881784197001252e-16,0.00010450000991113484
4703,ISM,50,1970,30,168,0.1767375988906386,0.022607596837208144,0.00030709998100064695
4704,DI,50,1970,30,169,2.5024442565699114e-15,8.881784197001252e-16,0.00019719998817890882
4705,WMI,50,1970,30,169,2.4740449422332563e-15,8.881784197001252e-16,9.649997809901834e-05
4706,ISM,50,1970,30,169,0.1767375988906386,0.022607596837208144,0.00030759998480789363
4707,DI,50,1970,30,170,2.5024442565699114e-15,8.881784197001252e-16,0.00020749997929669917
4708,WMI,50,1970,30,170,2.4740449422332563e-15,8.881784197001252e-16,9.980000322684646e-05
4709,ISM,50,1970,30,170,0.1767375988906386,0.022607596837208144,0.00030770001467317343
4710,DI,50,1970,30,171,2.5024442565699114e-15,8.881784197001252e-16,0.00019449999672360718
4711,WMI,50,1970,30,171,2.4740449422332563e-15,8.881784197001252e-16,0.00012199999764561653
4712,ISM,50,1970,30,171,0.1767375988906386,0.022607596837208144,0.0003118000167887658
4713,DI,50,1970,30,172,2.5024442565699114e-15,8.881784197001252e-16,0.0002127000188920647
4714,WMI,50,1970,30,172,2.4740449422332563e-15,8.881784197001252e-16,9.349998435936868e-05
4715,ISM,50,1970,30,172,0.1767375988906386,0.022607596837208144,0.00030670000705868006
4716,DI,50,1970,30,173,2.5024442565699114e-15,8.881784197001252e-16,0.00020330000552348793
4717,WMI,50,1970,30,173,2.4740449422332563e-15,8.881784197001252e-16,0.00010000000474974513
4718,ISM,50,1970,30,173,0.1767375988906386,0.022607596837208144,0.000305800000205636
4719,DI,50,1970,30,174,2.5024442565699114e-15,8.881784197001252e-16,0.00019649998284876347
4720,WMI,50,1970,30,174,2.4740449422332563e-15,8.881784197001252e-16,9.199997293762863e-05
4721,ISM,50,1970,30,174,0.1767375988906386,0.022607596837208144,0.00030839999089948833
4722,DI,50,1970,30,175,2.5024442565699114e-15,8.881784197001252e-16,0.00020589999621734023
4723,WMI,50,1970,30,175,2.4740449422332563e-15,8.881784197001252e-16,9.57000011112541e-05
4724,ISM,50,1970,30,175,0.1767375988906386,0.022607596837208144,0.0003423999878577888
4725,DI,50,1970,30,176,2.5024442565699114e-15,8.881784197001252e-16,0.00020139999105595052
4726,WMI,50,1970,30,176,2.4740449422332563e-15,8.881784197001252e-16,0.0001230000052601099
4727,ISM,50,1970,30,176,0.1767375988906386,0.022607596837208144,0.00030949999927543104
4728,DI,50,1970,30,177,2.5024442565699114e-15,8.881784197001252e-16,0.00020739997853524983
4729,WMI,50,1970,30,177,2.4740449422332563e-15,8.881784197001252e-16,9.310001041740179e-05
4730,ISM,50,1970,30,177,0.1767375988906386,0.022607596837208144,0.00030789998709224164
4731,DI,50,1970,30,178,2.5024442565699114e-15,8.881784197001252e-16,0.00022139999782666564
4732,WMI,50,1970,30,178,2.4740449422332563e-15,8.881784197001252e-16,9.899999713525176e-05
4733,ISM,50,1970,30,178,0.1767375988906386,0.022607596837208144,0.00031090000993572176
4734,DI,50,1970,30,179,2.5024442565699114e-15,8.881784197001252e-16,0.00021129997912794352
4735,WMI,50,1970,30,179,2.4740449422332563e-15,8.881784197001252e-16,9.479999425821006e-05
4736,ISM,50,1970,30,179,0.1767375988906386,0.022607596837208144,0.00031099998159334064
4737,DI,50,1970,30,180,2.5024442565699114e-15,8.881784197001252e-16,0.00024679998750798404
4738,WMI,50,1970,30,180,2.4740449422332563e-15,8.881784197001252e-16,8.940001134760678e-05
4739,ISM,50,1970,30,180,0.1767375988906386,0.022607596837208144,0.0003079000161960721
4740,DI,50,1970,30,181,2.5024442565699114e-15,8.881784197001252e-16,0.00033579999580979347
4741,WMI,50,1970,30,181,2.4740449422332563e-15,8.881784197001252e-16,0.00010110001312568784
4742,ISM,50,1970,30,181,0.1767375988906386,0.022607596837208144,0.00031209998996928334
4743,DI,50,1970,30,182,2.5024442565699114e-15,8.881784197001252e-16,0.00021600001491606236
4744,WMI,50,1970,30,182,2.4740449422332563e-15,8.881784197001252e-16,0.00010380000458098948
4745,ISM,50,1970,30,182,0.1767375988906386,0.022607596837208144,0.00031030000536702573
4746,DI,50,1970,30,183,2.5024442565699114e-15,8.881784197001252e-16,0.00020310000400058925
4747,WMI,50,1970,30,183,2.4740449422332563e-15,8.881784197001252e-16,9.499999578110874e-05
4748,ISM,50,1970,30,183,0.1767375988906386,0.022607596837208144,0.0003081000177189708
4749,DI,50,1970,30,184,2.5024442565699114e-15,8.881784197001252e-16,0.00020909999147988856
4750,WMI,50,1970,30,184,2.4740449422332563e-15,8.881784197001252e-16,9.320001117885113e-05
4751,ISM,50,1970,30,184,0.1767375988906386,0.022607596837208144,0.0003043000178877264
4752,DI,50,1970,30,185,2.5024442565699114e-15,8.881784197001252e-16,0.0002230999816674739
4753,WMI,50,1970,30,185,2.4740449422332563e-15,8.881784197001252e-16,9.769998723641038e-05
4754,ISM,50,1970,30,185,0.1767375988906386,0.022607596837208144,0.0003069999802391976
4755,DI,50,1970,30,186,2.5024442565699114e-15,8.881784197001252e-16,0.00020300000323913991
4756,WMI,50,1970,30,186,2.4740449422332563e-15,8.881784197001252e-16,0.00011079999967478216
4757,ISM,50,1970,30,186,0.1767375988906386,0.022607596837208144,0.00030849999166093767
4758,DI,50,1970,30,187,2.5024442565699114e-15,8.881784197001252e-16,0.0002057999954558909
4759,WMI,50,1970,30,187,2.4740449422332563e-15,8.881784197001252e-16,9.049999061971903e-05
4760,ISM,50,1970,30,187,0.1767375988906386,0.022607596837208144,0.00030789998709224164
4761,DI,50,1970,30,188,2.5024442565699114e-15,8.881784197001252e-16,0.00021200001356191933
4762,WMI,50,1970,30,188,2.4740449422332563e-15,8.881784197001252e-16,0.00010490001295693219
4763,ISM,50,1970,30,188,0.1767375988906386,0.022607596837208144,0.00030819998937658966
4764,DI,50,1970,30,189,2.5024442565699114e-15,8.881784197001252e-16,0.000218700006371364
4765,WMI,50,1970,30,189,2.4740449422332563e-15,8.881784197001252e-16,0.00010789997759275138
4766,ISM,50,1970,30,189,0.1767375988906386,0.022607596837208144,0.00030929999775253236
4767,DI,50,1970,30,190,2.5024442565699114e-15,8.881784197001252e-16,0.00022799998987466097
4768,WMI,50,1970,30,190,2.4740449422332563e-15,8.881784197001252e-16,0.00011150000500492752
4769,ISM,50,1970,30,190,0.1767375988906386,0.022607596837208144,0.00031010000384412706
4770,DI,50,1970,30,191,2.5024442565699114e-15,8.881784197001252e-16,0.00020599999697878957
4771,WMI,50,1970,30,191,2.4740449422332563e-15,8.881784197001252e-16,9.549999958835542e-05
4772,ISM,50,1970,30,191,0.1767375988906386,0.022607596837208144,0.000308599992422387
4773,DI,50,1970,30,192,2.5024442565699114e-15,8.881784197001252e-16,0.00021019999985583127
4774,WMI,50,1970,30,192,2.4740449422332563e-15,8.881784197001252e-16,9.139999747276306e-05
4775,ISM,50,1970,30,192,0.1767375988906386,0.022607596837208144,0.0003053999971598387
4776,DI,50,1970,30,193,2.5024442565699114e-15,8.881784197001252e-16,0.00023549998877570033
4777,WMI,50,1970,30,193,2.4740449422332563e-15,8.881784197001252e-16,9.779998799785972e-05
4778,ISM,50,1970,30,193,0.1767375988906386,0.022607596837208144,0.00030819998937658966
4779,DI,50,1970,30,194,2.5024442565699114e-15,8.881784197001252e-16,0.0002114999806508422
4780,WMI,50,1970,30,194,2.4740449422332563e-15,8.881784197001252e-16,9.26000066101551e-05
4781,ISM,50,1970,30,194,0.1767375988906386,0.022607596837208144,0.00030849999166093767
4782,DI,50,1970,30,195,2.5024442565699114e-15,8.881784197001252e-16,0.0002145000034943223
4783,WMI,50,1970,30,195,2.4740449422332563e-15,8.881784197001252e-16,8.880000677891076e-05
4784,ISM,50,1970,30,195,0.1767375988906386,0.022607596837208144,0.0003090999962296337
4785,DI,50,1970,30,196,2.5024442565699114e-15,8.881784197001252e-16,0.00021410000044852495
4786,WMI,50,1970,30,196,2.4740449422332563e-15,8.881784197001252e-16,9.839999256655574e-05
4787,ISM,50,1970,30,196,0.1767375988906386,0.022607596837208144,0.00030709998100064695
4788,DI,50,1970,30,197,2.5024442565699114e-15,8.881784197001252e-16,0.00020860001677647233
4789,WMI,50,1970,30,197,2.4740449422332563e-15,8.881784197001252e-16,0.00010239999392069876
4790,ISM,50,1970,30,197,0.1767375988906386,0.022607596837208144,0.0003273999900557101
4791,DI,50,1970,30,198,2.5024442565699114e-15,8.881784197001252e-16,0.00022069999249652028
4792,WMI,50,1970,30,198,2.4740449422332563e-15,8.881784197001252e-16,0.00011449999874457717
4793,ISM,50,1970,30,198,0.1767375988906386,0.022607596837208144,0.00030929999775253236
4794,DI,50,1970,30,199,2.5024442565699114e-15,8.881784197001252e-16,0.00021180001203902066
4795,WMI,50,1970,30,199,2.4740449422332563e-15,8.881784197001252e-16,0.00010040000779554248
4796,ISM,50,1970,30,199,0.1767375988906386,0.022607596837208144,0.0003099000023212284
4797,DI,50,1970,30,200,2.5024442565699114e-15,8.881784197001252e-16,0.00024460002896375954
4798,WMI,50,1970,30,200,2.4740449422332563e-15,8.881784197001252e-16,9.730001329444349e-05
4799,ISM,50,1970,30,200,0.1767375988906386,0.022607596837208144,0.0003035999834537506
4800,DI,50,1960,40,1,2.3350996373728807e-15,6.661338147750939e-16,0.00036189999082125723
4801,WMI,50,1960,40,1,2.613703910378518e-15,8.881784197001252e-16,0.00027299998328089714
4802,ISM,50,1960,40,1,0.21472248517906461,0.028326327597268497,0.0005535999953281134
4803,DI,50,1960,40,2,2.3350996373728807e-15,6.661338147750939e-16,0.0002800000074785203
4804,WMI,50,1960,40,2,2.613703910378518e-15,8.881784197001252e-16,0.0001996000064536929
4805,ISM,50,1960,40,2,0.21472248517906461,0.028326327597268497,0.00042830000165849924
4806,DI,50,1960,40,3,2.3350996373728807e-15,6.661338147750939e-16,0.00025809998624026775
4807,WMI,50,1960,40,3,2.613703910378518e-15,8.881784197001252e-16,0.00020249999943189323
4808,ISM,50,1960,40,3,0.21472248517906461,0.028326327597268497,0.00041000000783242285
4809,DI,50,1960,40,4,2.3350996373728807e-15,6.661338147750939e-16,0.00022190000163391232
4810,WMI,50,1960,40,4,2.613703910378518e-15,8.881784197001252e-16,0.00017189999925903976
4811,ISM,50,1960,40,4,0.21472248517906461,0.028326327597268497,0.00040889999945648015
4812,DI,50,1960,40,5,2.3350996373728807e-15,6.661338147750939e-16,0.00024259998463094234
4813,WMI,50,1960,40,5,2.613703910378518e-15,8.881784197001252e-16,0.00020910002058371902
4814,ISM,50,1960,40,5,0.21472248517906461,0.028326327597268497,0.0005500999977812171
4815,DI,50,1960,40,6,2.3350996373728807e-15,6.661338147750939e-16,0.0002502000133972615
4816,WMI,50,1960,40,6,2.613703910378518e-15,8.881784197001252e-16,0.00017690000822767615
4817,ISM,50,1960,40,6,0.21472248517906461,0.028326327597268497,0.00044380000326782465
4818,DI,50,1960,40,7,2.3350996373728807e-15,6.661338147750939e-16,0.0001818999880924821
4819,WMI,50,1960,40,7,2.613703910378518e-15,8.881784197001252e-16,0.00014779999037273228
4820,ISM,50,1960,40,7,0.21472248517906461,0.028326327597268497,0.0005038999952375889
4821,DI,50,1960,40,8,2.3350996373728807e-15,6.661338147750939e-16,0.00025579999783076346
4822,WMI,50,1960,40,8,2.613703910378518e-15,8.881784197001252e-16,0.00018960001762025058
4823,ISM,50,1960,40,8,0.21472248517906461,0.028326327597268497,0.0008480000251438469
4824,DI,50,1960,40,9,2.3350996373728807e-15,6.661338147750939e-16,0.00036869998439215124
4825,WMI,50,1960,40,9,2.613703910378518e-15,8.881784197001252e-16,0.00024190000840462744
4826,ISM,50,1960,40,9,0.21472248517906461,0.028326327597268497,0.0006911999953445047
4827,DI,50,1960,40,10,2.3350996373728807e-15,6.661338147750939e-16,0.00026679999427869916
4828,WMI,50,1960,40,10,2.613703910378518e-15,8.881784197001252e-16,0.0003144000074826181
4829,ISM,50,1960,40,10,0.21472248517906461,0.028326327597268497,0.0009602000063750893
4830,DI,50,1960,40,11,2.3350996373728807e-15,6.661338147750939e-16,0.00028700000257231295
4831,WMI,50,1960,40,11,2.613703910378518e-15,8.881784197001252e-16,0.0002521999995224178
4832,ISM,50,1960,40,11,0.21472248517906461,0.028326327597268497,0.0008974999946076423
4833,DI,50,1960,40,12,2.3350996373728807e-15,6.661338147750939e-16,0.0004154999915044755
4834,WMI,50,1960,40,12,2.613703910378518e-15,8.881784197001252e-16,0.0003155999875161797
4835,ISM,50,1960,40,12,0.21472248517906461,0.028326327597268497,0.0009463999886065722
4836,DI,50,1960,40,13,2.3350996373728807e-15,6.661338147750939e-16,0.0003127999952994287
4837,WMI,50,1960,40,13,2.613703910378518e-15,8.881784197001252e-16,0.00031960001797415316
4838,ISM,50,1960,40,13,0.21472248517906461,0.028326327597268497,0.0009454000100959092
4839,DI,50,1960,40,14,2.3350996373728807e-15,6.661338147750939e-16,0.00048489999608136714
4840,WMI,50,1960,40,14,2.613703910378518e-15,8.881784197001252e-16,0.0003449000068940222
4841,ISM,50,1960,40,14,0.21472248517906461,0.028326327597268497,0.0004919999919366091
4842,DI,50,1960,40,15,2.3350996373728807e-15,6.661338147750939e-16,0.00028229999588802457
4843,WMI,50,1960,40,15,2.613703910378518e-15,8.881784197001252e-16,0.00027550000231713057
4844,ISM,50,1960,40,15,0.21472248517906461,0.028326327597268497,0.0006554000137839466
4845,DI,50,1960,40,16,2.3350996373728807e-15,6.661338147750939e-16,0.0003858999989461154
4846,WMI,50,1960,40,16,2.613703910378518e-15,8.881784197001252e-16,0.00025579999783076346
4847,ISM,50,1960,40,16,0.21472248517906461,0.028326327597268497,0.0004071999865118414
4848,DI,50,1960,40,17,2.3350996373728807e-15,6.661338147750939e-16,0.0004099999787285924
4849,WMI,50,1960,40,17,2.613703910378518e-15,8.881784197001252e-16,0.000368200009688735
4850,ISM,50,1960,40,17,0.21472248517906461,0.028326327597268497,0.0006254000181797892
4851,DI,50,1960,40,18,2.3350996373728807e-15,6.661338147750939e-16,0.0005586000042967498
4852,WMI,50,1960,40,18,2.613703910378518e-15,8.881784197001252e-16,0.0005048000020906329
4853,ISM,50,1960,40,18,0.21472248517906461,0.028326327597268497,0.0006886999763082713
4854,DI,50,1960,40,19,2.3350996373728807e-15,6.661338147750939e-16,0.0004728000203613192
4855,WMI,50,1960,40,19,2.613703910378518e-15,8.881784197001252e-16,0.0002812999882735312
4856,ISM,50,1960,40,19,0.21472248517906461,0.028326327597268497,0.0007077000045683235
4857,DI,50,1960,40,20,2.3350996373728807e-15,6.661338147750939e-16,0.00028830001247115433
4858,WMI,50,1960,40,20,2.613703910378518e-15,8.881784197001252e-16,0.00020330000552348793
4859,ISM,50,1960,40,20,0.21472248517906461,0.028326327597268497,0.0004361999745015055
4860,DI,50,1960,40,21,2.3350996373728807e-15,6.661338147750939e-16,0.0002654000127222389
4861,WMI,50,1960,40,21,2.613703910378518e-15,8.881784197001252e-16,0.0002488000027369708
4862,ISM,50,1960,40,21,0.21472248517906461,0.028326327597268497,0.0006570999976247549
4863,DI,50,1960,40,22,2.3350996373728807e-15,6.661338147750939e-16,0.00028520001797005534
4864,WMI,50,1960,40,22,2.613703910378518e-15,8.881784197001252e-16,0.0002142000012099743
4865,ISM,50,1960,40,22,0.21472248517906461,0.028326327597268497,0.0005949999904260039
4866,DI,50,1960,40,23,2.3350996373728807e-15,6.661338147750939e-16,0.0002621999883558601
4867,WMI,50,1960,40,23,2.613703910378518e-15,8.881784197001252e-16,0.00021410000044852495
4868,ISM,50,1960,40,23,0.21472248517906461,0.028326327597268497,0.0005518000107258558
4869,DI,50,1960,40,24,2.3350996373728807e-15,6.661338147750939e-16,0.000229199999012053
4870,WMI,50,1960,40,24,2.613703910378518e-15,8.881784197001252e-16,0.00018190001719631255
4871,ISM,50,1960,40,24,0.21472248517906461,0.028326327597268497,0.0005014000053051859
4872,DI,50,1960,40,25,2.3350996373728807e-15,6.661338147750939e-16,0.0002986000035889447
4873,WMI,50,1960,40,25,2.613703910378518e-15,8.881784197001252e-16,0.00025579999783076346
4874,ISM,50,1960,40,25,0.21472248517906461,0.028326327597268497,0.00040740001713857055
4875,DI,50,1960,40,26,2.3350996373728807e-15,6.661338147750939e-16,0.00029200001154094934
4876,WMI,50,1960,40,26,2.613703910378518e-15,8.881784197001252e-16,0.0002812000166159123
4877,ISM,50,1960,40,26,0.21472248517906461,0.028326327597268497,0.0008695999858900905
4878,DI,50,1960,40,27,2.3350996373728807e-15,6.661338147750939e-16,0.00025359998107887805
4879,WMI,50,1960,40,27,2.613703910378518e-15,8.881784197001252e-16,0.00019789999350905418
4880,ISM,50,1960,40,27,0.21472248517906461,0.028326327597268497,0.0004146000137552619
4881,DI,50,1960,40,28,2.3350996373728807e-15,6.661338147750939e-16,0.00029409999842755497
4882,WMI,50,1960,40,28,2.613703910378518e-15,8.881784197001252e-16,0.0002463000128045678
4883,ISM,50,1960,40,28,0.21472248517906461,0.028326327597268497,0.0004072000156156719
4884,DI,50,1960,40,29,2.3350996373728807e-15,6.661338147750939e-16,0.00028199999360367656
4885,WMI,50,1960,40,29,2.613703910378518e-15,8.881784197001252e-16,0.00027779999072663486
4886,ISM,50,1960,40,29,0.21472248517906461,0.028326327597268497,0.0006849000055808574
4887,DI,50,1960,40,30,2.3350996373728807e-15,6.661338147750939e-16,0.00028429998201318085
4888,WMI,50,1960,40,30,2.613703910378518e-15,8.881784197001252e-16,0.0003583999932743609
4889,ISM,50,1960,40,30,0.21472248517906461,0.028326327597268497,0.0004106000124011189
4890,DI,50,1960,40,31,2.3350996373728807e-15,6.661338147750939e-16,0.00023450001026503742
4891,WMI,50,1960,40,31,2.613703910378518e-15,8.881784197001252e-16,0.00021120000747032464
4892,ISM,50,1960,40,31,0.21472248517906461,0.028326327597268497,0.0008988000045064837
4893,DI,50,1960,40,32,2.3350996373728807e-15,6.661338147750939e-16,0.00029960001120343804
4894,WMI,50,1960,40,32,2.613703910378518e-15,8.881784197001252e-16,0.0002648000081535429
4895,ISM,50,1960,40,32,0.21472248517906461,0.028326327597268497,0.0008563000010326505
4896,DI,50,1960,40,33,2.3350996373728807e-15,6.661338147750939e-16,0.00031289999606087804
4897,WMI,50,1960,40,33,2.613703910378518e-15,8.881784197001252e-16,0.00026359999901615083
4898,ISM,50,1960,40,33,0.21472248517906461,0.028326327597268497,0.00040950000402517617
4899,DI,50,1960,40,34,2.3350996373728807e-15,6.661338147750939e-16,0.0003194000164512545
4900,WMI,50,1960,40,34,2.613703910378518e-15,8.881784197001252e-16,0.0002699999895412475
4901,ISM,50,1960,40,34,0.21472248517906461,0.028326327597268497,0.0006273000035434961
4902,DI,50,1960,40,35,2.3350996373728807e-15,6.661338147750939e-16,0.0003158999898005277
4903,WMI,50,1960,40,35,2.613703910378518e-15,8.881784197001252e-16,0.00021989998640492558
4904,ISM,50,1960,40,35,0.21472248517906461,0.028326327597268497,0.00040839999564923346
4905,DI,50,1960,40,36,2.3350996373728807e-15,6.661338147750939e-16,0.0002901999978348613
4906,WMI,50,1960,40,36,2.613703910378518e-15,8.881784197001252e-16,0.00026450000586919487
4907,ISM,50,1960,40,36,0.21472248517906461,0.028326327597268497,0.000651500013191253
4908,DI,50,1960,40,37,2.3350996373728807e-15,6.661338147750939e-16,0.00032500000088475645
4909,WMI,50,1960,40,37,2.613703910378518e-15,8.881784197001252e-16,0.0002786999975796789
4910,ISM,50,1960,40,37,0.21472248517906461,0.028326327597268497,0.0004047999973408878
4911,DI,50,1960,40,38,2.3350996373728807e-15,6.661338147750939e-16,0.00029129997710697353
4912,WMI,50,1960,40,38,2.613703910378518e-15,8.881784197001252e-16,0.00023490001331083477
4913,ISM,50,1960,40,38,0.21472248517906461,0.028326327597268497,0.0006405000167433172
4914,DI,50,1960,40,39,2.3350996373728807e-15,6.661338147750939e-16,0.00028819998260587454
4915,WMI,50,1960,40,39,2.613703910378518e-15,8.881784197001252e-16,0.00022429999080486596
4916,ISM,50,1960,40,39,0.21472248517906461,0.028326327597268497,0.00056900002527982
4917,DI,50,1960,40,40,2.3350996373728807e-15,6.661338147750939e-16,0.00028639999800361693
4918,WMI,50,1960,40,40,2.613703910378518e-15,8.881784197001252e-16,0.0002057999954558909
4919,ISM,50,1960,40,40,0.21472248517906461,0.028326327597268497,0.0004098000063095242
4920,DI,50,1960,40,41,2.3350996373728807e-15,6.661338147750939e-16,0.00027409999165683985
4921,WMI,50,1960,40,41,2.613703910378518e-15,8.881784197001252e-16,0.00025409998488612473
4922,ISM,50,1960,40,41,0.21472248517906461,0.028326327597268497,0.0005304999940562993
4923,DI,50,1960,40,42,2.3350996373728807e-15,6.661338147750939e-16,0.0003085000207647681
4924,WMI,50,1960,40,42,2.613703910378518e-15,8.881784197001252e-16,0.00027049999334849417
4925,ISM,50,1960,40,42,0.21472248517906461,0.028326327597268497,0.001125099981436506
4926,DI,50,1960,40,43,2.3350996373728807e-15,6.661338147750939e-16,0.0011663000041153282
4927,WMI,50,1960,40,43,2.613703910378518e-15,8.881784197001252e-16,0.0002891999902203679
4928,ISM,50,1960,40,43,0.21472248517906461,0.028326327597268497,0.0006552999839186668
4929,DI,50,1960,40,44,2.3350996373728807e-15,6.661338147750939e-16,0.00030010001501068473
4930,WMI,50,1960,40,44,2.613703910378518e-15,8.881784197001252e-16,0.0002345999819226563
4931,ISM,50,1960,40,44,0.21472248517906461,0.028326327597268497,0.0004138000076636672
4932,DI,50,1960,40,45,2.3350996373728807e-15,6.661338147750939e-16,0.00027099999715574086
4933,WMI,50,1960,40,45,2.613703910378518e-15,8.881784197001252e-16,0.00022590000298805535
4934,ISM,50,1960,40,45,0.21472248517906461,0.028326327597268497,0.0004059000057168305
4935,DI,50,1960,40,46,2.3350996373728807e-15,6.661338147750939e-16,0.0002476999943610281
4936,WMI,50,1960,40,46,2.613703910378518e-15,8.881784197001252e-16,0.00022879999596625566
4937,ISM,50,1960,40,46,0.21472248517906461,0.028326327597268497,0.0005997999978717417
4938,DI,50,1960,40,47,2.3350996373728807e-15,6.661338147750939e-16,0.00029399999766610563
4939,WMI,50,1960,40,47,2.613703910378518e-15,8.881784197001252e-16,0.000219000008655712
4940,ISM,50,1960,40,47,0.21472248517906461,0.028326327597268497,0.0005828999856021255
4941,DI,50,1960,40,48,2.3350996373728807e-15,6.661338147750939e-16,0.0002511999919079244
4942,WMI,50,1960,40,48,2.613703910378518e-15,8.881784197001252e-16,0.00020400001085363328
4943,ISM,50,1960,40,48,0.21472248517906461,0.028326327597268497,0.00040749998879618943
4944,DI,50,1960,40,49,2.3350996373728807e-15,6.661338147750939e-16,0.00024090000079013407
4945,WMI,50,1960,40,49,2.613703910378518e-15,8.881784197001252e-16,0.00018620002083480358
4946,ISM,50,1960,40,49,0.21472248517906461,0.028326327597268497,0.0004071999865118414
4947,DI,50,1960,40,50,2.3350996373728807e-15,6.661338147750939e-16,0.0002688999811653048
4948,WMI,50,1960,40,50,2.613703910378518e-15,8.881784197001252e-16,0.0001799000019673258
4949,ISM,50,1960,40,50,0.21472248517906461,0.028326327597268497,0.0004124999977648258
4950,DI,50,1960,40,51,2.3350996373728807e-15,6.661338147750939e-16,0.0002457000082358718
4951,WMI,50,1960,40,51,2.613703910378518e-15,8.881784197001252e-16,0.0002052999916486442
4952,ISM,50,1960,40,51,0.21472248517906461,0.028326327597268497,0.0005670000100508332
4953,DI,50,1960,40,52,2.3350996373728807e-15,6.661338147750939e-16,0.0002862000255845487
4954,WMI,50,1960,40,52,2.613703910378518e-15,8.881784197001252e-16,0.0001970999874174595
4955,ISM,50,1960,40,52,0.21472248517906461,0.028326327597268497,0.00041119998786598444
4956,DI,50,1960,40,53,2.3350996373728807e-15,6.661338147750939e-16,0.0002564000023994595
4957,WMI,50,1960,40,53,2.613703910378518e-15,8.881784197001252e-16,0.00019880000036209822
4958,ISM,50,1960,40,53,0.21472248517906461,0.028326327597268497,0.00040550000267103314
4959,DI,50,1960,40,54,2.3350996373728807e-15,6.661338147750939e-16,0.00023689999943599105
4960,WMI,50,1960,40,54,2.613703910378518e-15,8.881784197001252e-16,0.0002091999922413379
4961,ISM,50,1960,40,54,0.21472248517906461,0.028326327597268497,0.00040679998346604407
4962,DI,50,1960,40,55,2.3350996373728807e-15,6.661338147750939e-16,0.00024900000425986946
4963,WMI,50,1960,40,55,2.613703910378518e-15,8.881784197001252e-16,0.0002032000047620386
4964,ISM,50,1960,40,55,0.21472248517906461,0.028326327597268497,0.0005412999889813364
4965,DI,50,1960,40,56,2.3350996373728807e-15,6.661338147750939e-16,0.00024149997625499964
4966,WMI,50,1960,40,56,2.613703910378518e-15,8.881784197001252e-16,0.00020500001846812665
4967,ISM,50,1960,40,56,0.21472248517906461,0.028326327597268497,0.0005086000019218773
4968,DI,50,1960,40,57,2.3350996373728807e-15,6.661338147750939e-16,0.0003277999931015074
4969,WMI,50,1960,40,57,2.613703910378518e-15,8.881784197001252e-16,0.0002575000107754022
4970,ISM,50,1960,40,57,0.21472248517906461,0.028326327597268497,0.0004743000026792288
4971,DI,50,1960,40,58,2.3350996373728807e-15,6.661338147750939e-16,0.00024080000002868474
4972,WMI,50,1960,40,58,2.613703910378518e-15,8.881784197001252e-16,0.00022620000527240336
4973,ISM,50,1960,40,58,0.21472248517906461,0.028326327597268497,0.0005532999930437654
4974,DI,50,1960,40,59,2.3350996373728807e-15,6.661338147750939e-16,0.00033569999504834414
4975,WMI,50,1960,40,59,2.613703910378518e-15,8.881784197001252e-16,0.00025159999495372176
4976,ISM,50,1960,40,59,0.21472248517906461,0.028326327597268497,0.0004126999992877245
4977,DI,50,1960,40,60,2.3350996373728807e-15,6.661338147750939e-16,0.00027379998937249184
4978,WMI,50,1960,40,60,2.613703910378518e-15,8.881784197001252e-16,0.00021050000214017928
4979,ISM,50,1960,40,60,0.21472248517906461,0.028326327597268497,0.0004450999840628356
4980,DI,50,1960,40,61,2.3350996373728807e-15,6.661338147750939e-16,0.0002553999947849661
4981,WMI,50,1960,40,61,2.613703910378518e-15,8.881784197001252e-16,0.0002027000009547919
4982,ISM,50,1960,40,61,0.21472248517906461,0.028326327597268497,0.000441400014096871
4983,DI,50,1960,40,62,2.3350996373728807e-15,6.661338147750939e-16,0.0002775999892037362
4984,WMI,50,1960,40,62,2.613703910378518e-15,8.881784197001252e-16,0.00019449999672360718
4985,ISM,50,1960,40,62,0.21472248517906461,0.028326327597268497,0.00044460000935941935
4986,DI,50,1960,40,63,2.3350996373728807e-15,6.661338147750939e-16,0.00026470000739209354
4987,WMI,50,1960,40,63,2.613703910378518e-15,8.881784197001252e-16,0.0003023000026587397
4988,ISM,50,1960,40,63,0.21472248517906461,0.028326327597268497,0.0005654999986290932
4989,DI,50,1960,40,64,2.3350996373728807e-15,6.661338147750939e-16,0.000287900009425357
4990,WMI,50,1960,40,64,2.613703910378518e-15,8.881784197001252e-16,0.0002432999899610877
4991,ISM,50,1960,40,64,0.21472248517906461,0.028326327597268497,0.00040439999429509044
4992,DI,50,1960,40,65,2.3350996373728807e-15,6.661338147750939e-16,0.00026829997659660876
4993,WMI,50,1960,40,65,2.613703910378518e-15,8.881784197001252e-16,0.00021040000137872994
4994,ISM,50,1960,40,65,0.21472248517906461,0.028326327597268497,0.00044479998177848756
4995,DI,50,1960,40,66,2.3350996373728807e-15,6.661338147750939e-16,0.00025710000772960484
4996,WMI,50,1960,40,66,2.613703910378518e-15,8.881784197001252e-16,0.00023399997735396028
4997,ISM,50,1960,40,66,0.21472248517906461,0.028326327597268497,0.0004121999954804778
4998,DI,50,1960,40,67,2.3350996373728807e-15,6.661338147750939e-16,0.0002628999936860055
4999,WMI,50,1960,40,67,2.613703910378518e-15,8.881784197001252e-16,0.0001998000079765916
5000,ISM,50,1960,40,67,0.21472248517906461,0.028326327597268497,0.00045629998203366995
5001,DI,50,1960,40,68,2.3350996373728807e-15,6.661338147750939e-16,0.00026569998590275645
5002,WMI,50,1960,40,68,2.613703910378518e-15,8.881784197001252e-16,0.0002571999793872237
5003,ISM,50,1960,40,68,0.21472248517906461,0.028326327597268497,0.0006519000162370503
5004,DI,50,1960,40,69,2.3350996373728807e-15,6.661338147750939e-16,0.0002786999975796789
5005,WMI,50,1960,40,69,2.613703910378518e-15,8.881784197001252e-16,0.00022250000620260835
5006,ISM,50,1960,40,69,0.21472248517906461,0.028326327597268497,0.00040520000038668513
5007,DI,50,1960,40,70,2.3350996373728807e-15,6.661338147750939e-16,0.0002671999973244965
5008,WMI,50,1960,40,70,2.613703910378518e-15,8.881784197001252e-16,0.0002741999924182892
5009,ISM,50,1960,40,70,0.21472248517906461,0.028326327597268497,0.0006512000109069049
5010,DI,50,1960,40,71,2.3350996373728807e-15,6.661338147750939e-16,0.00025969999842345715
5011,WMI,50,1960,40,71,2.613703910378518e-15,8.881784197001252e-16,0.000228899996727705
5012,ISM,50,1960,40,71,0.21472248517906461,0.028326327597268497,0.00040839999564923346
5013,DI,50,1960,40,72,2.3350996373728807e-15,6.661338147750939e-16,0.00027719998615793884
5014,WMI,50,1960,40,72,2.613703910378518e-15,8.881784197001252e-16,0.00037190000875853
5015,ISM,50,1960,40,72,0.21472248517906461,0.028326327597268497,0.0006523999909404665
5016,DI,50,1960,40,73,2.3350996373728807e-15,6.661338147750939e-16,0.00030839999089948833
5017,WMI,50,1960,40,73,2.613703910378518e-15,8.881784197001252e-16,0.00023370000417344272
5018,ISM,50,1960,40,73,0.21472248517906461,0.028326327597268497,0.00040839999564923346
5019,DI,50,1960,40,74,2.3350996373728807e-15,6.661338147750939e-16,0.00027459999546408653
5020,WMI,50,1960,40,74,2.613703910378518e-15,8.881784197001252e-16,0.00025889999233186245
5021,ISM,50,1960,40,74,0.21472248517906461,0.028326327597268497,0.00040699998498894274
5022,DI,50,1960,40,75,2.3350996373728807e-15,6.661338147750939e-16,0.00030300000798888505
5023,WMI,50,1960,40,75,2.613703910378518e-15,8.881784197001252e-16,0.00023809997946955264
5024,ISM,50,1960,40,75,0.21472248517906461,0.028326327597268497,0.0006655000033788383
5025,DI,50,1960,40,76,2.3350996373728807e-15,6.661338147750939e-16,0.00031319999834522605
5026,WMI,50,1960,40,76,2.613703910378518e-15,8.881784197001252e-16,0.00027820002287626266
5027,ISM,50,1960,40,76,0.21472248517906461,0.028326327597268497,0.0006103000196162611
5028,DI,50,1960,40,77,2.3350996373728807e-15,6.661338147750939e-16,0.0002893999917432666
5029,WMI,50,1960,40,77,2.613703910378518e-15,8.881784197001252e-16,0.0002423000114504248
5030,ISM,50,1960,40,77,0.21472248517906461,0.028326327597268497,0.0004072000156156719
5031,DI,50,1960,40,78,2.3350996373728807e-15,6.661338147750939e-16,0.0003142000059597194
5032,WMI,50,1960,40,78,2.613703910378518e-15,8.881784197001252e-16,0.00027069999487139285
5033,ISM,50,1960,40,78,0.21472248517906461,0.028326327597268497,0.0006365000153891742
5034,DI,50,1960,40,79,2.3350996373728807e-15,6.661338147750939e-16,0.0003099000023212284
5035,WMI,50,1960,40,79,2.613703910378518e-15,8.881784197001252e-16,0.0002809000143315643
5036,ISM,50,1960,40,79,0.21472248517906461,0.028326327597268497,0.0009634000016376376
5037,DI,50,1960,40,80,2.3350996373728807e-15,6.661338147750939e-16,0.0003318999952170998
5038,WMI,50,1960,40,80,2.613703910378518e-15,8.881784197001252e-16,0.00030479999259114265
5039,ISM,50,1960,40,80,0.21472248517906461,0.028326327597268497,0.0009046999912243336
5040,DI,50,1960,40,81,2.3350996373728807e-15,6.661338147750939e-16,0.0002927000168710947
5041,WMI,50,1960,40,81,2.613703910378518e-15,8.881784197001252e-16,0.00028909998945891857
5042,ISM,50,1960,40,81,0.21472248517906461,0.028326327597268497,0.0007393999840132892
5043,DI,50,1960,40,82,2.3350996373728807e-15,6.661338147750939e-16,0.000299000006634742
5044,WMI,50,1960,40,82,2.613703910378518e-15,8.881784197001252e-16,0.00026050000451505184
5045,ISM,50,1960,40,82,0.21472248517906461,0.028326327597268497,0.0004425000224728137
5046,DI,50,1960,40,83,2.3350996373728807e-15,6.661338147750939e-16,0.0003161000204272568
5047,WMI,50,1960,40,83,2.613703910378518e-15,8.881784197001252e-16,0.00028799998108297586
5048,ISM,50,1960,40,83,0.21472248517906461,0.028326327597268497,0.0006375999946612865
5049,DI,50,1960,40,84,2.3350996373728807e-15,6.661338147750939e-16,0.00030750001315027475
5050,WMI,50,1960,40,84,2.613703910378518e-15,8.881784197001252e-16,0.0002282000205013901
5051,ISM,50,1960,40,84,0.21472248517906461,0.028326327597268497,0.0006993999995756894
5052,DI,50,1960,40,85,2.3350996373728807e-15,6.661338147750939e-16,0.0003020000003743917
5053,WMI,50,1960,40,85,2.613703910378518e-15,8.881784197001252e-16,0.0002652000111993402
5054,ISM,50,1960,40,85,0.21472248517906461,0.028326327597268497,0.0004057999758515507
5055,DI,50,1960,40,86,2.3350996373728807e-15,6.661338147750939e-16,0.0002941999991890043
5056,WMI,50,1960,40,86,2.613703910378518e-15,8.881784197001252e-16,0.00025680000544525683
5057,ISM,50,1960,40,86,0.21472248517906461,0.028326327597268497,0.0004045999958179891
5058,DI,50,1960,40,87,2.3350996373728807e-15,6.661338147750939e-16,0.0002869000018108636
5059,WMI,50,1960,40,87,2.613703910378518e-15,8.881784197001252e-16,0.0002886999864131212
5060,ISM,50,1960,40,87,0.21472248517906461,0.028326327597268497,0.0006058999861124903
5061,DI,50,1960,40,88,2.3350996373728807e-15,6.661338147750939e-16,0.0002941999991890043
5062,WMI,50,1960,40,88,2.613703910378518e-15,8.881784197001252e-16,0.00025460001779720187
5063,ISM,50,1960,40,88,0.21472248517906461,0.028326327597268497,0.00040970000554807484
5064,DI,50,1960,40,89,2.3350996373728807e-15,6.661338147750939e-16,0.00026470000739209354
5065,WMI,50,1960,40,89,2.613703910378518e-15,8.881784197001252e-16,0.0002314999874215573
5066,ISM,50,1960,40,89,0.21472248517906461,0.028326327597268497,0.00040469999657943845
5067,DI,50,1960,40,90,2.3350996373728807e-15,6.661338147750939e-16,0.00031850000959821045
5068,WMI,50,1960,40,90,2.613703910378518e-15,8.881784197001252e-16,0.0002837000065483153
5069,ISM,50,1960,40,90,0.21472248517906461,0.028326327597268497,0.000603599997702986
5070,DI,50,1960,40,91,2.3350996373728807e-15,6.661338147750939e-16,0.000308299990138039
5071,WMI,50,1960,40,91,2.613703910378518e-15,8.881784197001252e-16,0.0002917999809142202
5072,ISM,50,1960,40,91,0.21472248517906461,0.028326327597268497,0.0006370999908540398
5073,DI,50,1960,40,92,2.3350996373728807e-15,6.661338147750939e-16,0.0003074999840464443
5074,WMI,50,1960,40,92,2.613703910378518e-15,8.881784197001252e-16,0.00024690001737326384
5075,ISM,50,1960,40,92,0.21472248517906461,0.028326327597268497,0.0004041000211145729
5076,DI,50,1960,40,93,2.3350996373728807e-15,6.661338147750939e-16,0.00030559999868273735
5077,WMI,50,1960,40,93,2.613703910378518e-15,8.881784197001252e-16,0.00032500000088475645
5078,ISM,50,1960,40,93,0.21472248517906461,0.028326327597268497,0.000916499993763864
5079,DI,50,1960,40,94,2.3350996373728807e-15,6.661338147750939e-16,0.0003409999771974981
5080,WMI,50,1960,40,94,2.613703910378518e-15,8.881784197001252e-16,0.00025740001001395285
5081,ISM,50,1960,40,94,0.21472248517906461,0.028326327597268497,0.000783999974373728
5082,DI,50,1960,40,95,2.3350996373728807e-15,6.661338147750939e-16,0.0003671000013127923
5083,WMI,50,1960,40,95,2.613703910378518e-15,8.881784197001252e-16,0.00024819999816827476
5084,ISM,50,1960,40,95,0.21472248517906461,0.028326327597268497,0.0004678000113926828
5085,DI,50,1960,40,96,2.3350996373728807e-15,6.661338147750939e-16,0.000298099999781698
5086,WMI,50,1960,40,96,2.613703910378518e-15,8.881784197001252e-16,0.00025770001229830086
5087,ISM,50,1960,40,96,0.21472248517906461,0.028326327597268497,0.0006162000063341111
5088,DI,50,1960,40,97,2.3350996373728807e-15,6.661338147750939e-16,0.0003995999868493527
5089,WMI,50,1960,40,97,2.613703910378518e-15,8.881784197001252e-16,0.00038400001358240843
5090,ISM,50,1960,40,97,0.21472248517906461,0.028326327597268497,0.000763899995945394
5091,DI,50,1960,40,98,2.3350996373728807e-15,6.661338147750939e-16,0.0003127999952994287
5092,WMI,50,1960,40,98,2.613703910378518e-15,8.881784197001252e-16,0.00022829999215900898
5093,ISM,50,1960,40,98,0.21472248517906461,0.028326327597268497,0.0006746999861206859
5094,DI,50,1960,40,99,2.3350996373728807e-15,6.661338147750939e-16,0.00028379997820593417
5095,WMI,50,1960,40,99,2.613703910378518e-15,8.881784197001252e-16,0.00020029998268000782
5096,ISM,50,1960,40,99,0.21472248517906461,0.028326327597268497,0.0006139999895822257
5097,DI,50,1960,40,100,2.3350996373728807e-15,6.661338147750939e-16,0.000288200011709705
5098,WMI,50,1960,40,100,2.613703910378518e-15,8.881784197001252e-16,0.00019839999731630087
5099,ISM,50,1960,40,100,0.21472248517906461,0.028326327597268497,0.0005456000217236578
5100,DI,50,1960,40,101,2.3350996373728807e-15,6.661338147750939e-16,0.00027030002092942595
5101,WMI,50,1960,40,101,2.613703910378518e-15,8.881784197001252e-16,0.00019640001119114459
5102,ISM,50,1960,40,101,0.21472248517906461,0.028326327597268497,0.0004340999876148999
5103,DI,50,1960,40,102,2.3350996373728807e-15,6.661338147750939e-16,0.00023510001483373344
5104,WMI,50,1960,40,102,2.613703910378518e-15,8.881784197001252e-16,0.00019259998225606978
5105,ISM,50,1960,40,102,0.21472248517906461,0.028326327597268497,0.0005049000028520823
5106,DI,50,1960,40,103,2.3350996373728807e-15,6.661338147750939e-16,0.00025189999723806977
5107,WMI,50,1960,40,103,2.613703910378518e-15,8.881784197001252e-16,0.00019120000069960952
5108,ISM,50,1960,40,103,0.21472248517906461,0.028326327597268497,0.00046499999007210135
5109,DI,50,1960,40,104,2.3350996373728807e-15,6.661338147750939e-16,0.0002530000056140125
5110,WMI,50,1960,40,104,2.613703910378518e-15,8.881784197001252e-16,0.00018019997514784336
5111,ISM,50,1960,40,104,0.21472248517906461,0.028326327597268497,0.00042799999937415123
5112,DI,50,1960,40,105,2.3350996373728807e-15,6.661338147750939e-16,0.00023700000019744039
5113,WMI,50,1960,40,105,2.613703910378518e-15,8.881784197001252e-16,0.00020179999410174787
5114,ISM,50,1960,40,105,0.21472248517906461,0.028326327597268497,0.00040419999277219176
5115,DI,50,1960,40,106,2.3350996373728807e-15,6.661338147750939e-16,0.00020589999621734023
5116,WMI,50,1960,40,106,2.613703910378518e-15,8.881784197001252e-16,0.00024510000366717577
5117,ISM,50,1960,40,106,0.21472248517906461,0.028326327597268497,0.0004112000169698149
5118,DI,50,1960,40,107,2.3350996373728807e-15,6.661338147750939e-16,0.0019175000197719783
5119,WMI,50,1960,40,107,2.613703910378518e-15,8.881784197001252e-16,0.00022139999782666564
5120,ISM,50,1960,40,107,0.21472248517906461,0.028326327597268497,0.0004309999931138009
5121,DI,50,1960,40,108,2.3350996373728807e-15,6.661338147750939e-16,0.0002592999953776598
5122,WMI,50,1960,40,108,2.613703910378518e-15,8.881784197001252e-16,0.00023110001347959042
5123,ISM,50,1960,40,108,0.21472248517906461,0.028326327597268497,0.0004199999966658652
5124,DI,50,1960,40,109,2.3350996373728807e-15,6.661338147750939e-16,0.0002572000084910542
5125,WMI,50,1960,40,109,2.613703910378518e-15,8.881784197001252e-16,0.00019099999917671084
5126,ISM,50,1960,40,109,0.21472248517906461,0.028326327597268497,0.00044899998465552926
5127,DI,50,1960,40,110,2.3350996373728807e-15,6.661338147750939e-16,0.00025129999266937375
5128,WMI,50,1960,40,110,2.613703910378518e-15,8.881784197001252e-16,0.00021100000594742596
5129,ISM,50,1960,40,110,0.21472248517906461,0.028326327597268497,0.00043890002416446805
5130,DI,50,1960,40,111,2.3350996373728807e-15,6.661338147750939e-16,0.00017019998631440103
5131,WMI,50,1960,40,111,2.613703910378518e-15,8.881784197001252e-16,0.0001382000045850873
5132,ISM,50,1960,40,111,0.21472248517906461,0.028326327597268497,0.0004904000088572502
5133,DI,50,1960,40,112,2.3350996373728807e-15,6.661338147750939e-16,0.00034679999225772917
5134,WMI,50,1960,40,112,2.613703910378518e-15,8.881784197001252e-16,0.00023960001999512315
5135,ISM,50,1960,40,112,0.21472248517906461,0.028326327597268497,0.0004481000069063157
5136,DI,50,1960,40,113,2.3350996373728807e-15,6.661338147750939e-16,0.00024399999529123306
5137,WMI,50,1960,40,113,2.613703910378518e-15,8.881784197001252e-16,0.00018279999494552612
5138,ISM,50,1960,40,113,0.21472248517906461,0.028326327597268497,0.0004216000088490546
5139,DI,50,1960,40,114,2.3350996373728807e-15,6.661338147750939e-16,0.0002339000056963414
5140,WMI,50,1960,40,114,2.613703910378518e-15,8.881784197001252e-16,0.0001579000090714544
5141,ISM,50,1960,40,114,0.21472248517906461,0.028326327597268497,0.00042810000013560057
5142,DI,50,1960,40,115,2.3350996373728807e-15,6.661338147750939e-16,0.00024349999148398638
5143,WMI,50,1960,40,115,2.613703910378518e-15,8.881784197001252e-16,0.0001846000086516142
5144,ISM,50,1960,40,115,0.21472248517906461,0.028326327597268497,0.0004456999886315316
5145,DI,50,1960,40,116,2.3350996373728807e-15,6.661338147750939e-16,0.00023159998818300664
5146,WMI,50,1960,40,116,2.613703910378518e-15,8.881784197001252e-16,0.0001768999791238457
5147,ISM,50,1960,40,116,0.21472248517906461,0.028326327597268497,0.0004440000047907233
5148,DI,50,1960,40,117,2.3350996373728807e-15,6.661338147750939e-16,0.0002591000229585916
5149,WMI,50,1960,40,117,2.613703910378518e-15,8.881784197001252e-16,0.00019650001195259392
5150,ISM,50,1960,40,117,0.21472248517906461,0.028326327597268497,0.000441100011812523
5151,DI,50,1960,40,118,2.3350996373728807e-15,6.661338147750939e-16,0.0002345999819226563
5152,WMI,50,1960,40,118,2.613703910378518e-15,8.881784197001252e-16,0.0001762000028975308
5153,ISM,50,1960,40,118,0.21472248517906461,0.028326327597268497,0.00042130000656470656
5154,DI,50,1960,40,119,2.3350996373728807e-15,6.661338147750939e-16,0.0002103000006172806
5155,WMI,50,1960,40,119,2.613703910378518e-15,8.881784197001252e-16,0.00018709999858401716
5156,ISM,50,1960,40,119,0.21472248517906461,0.028326327597268497,0.00044440000783652067
5157,DI,50,1960,40,120,2.3350996373728807e-15,6.661338147750939e-16,0.0002269999822601676
5158,WMI,50,1960,40,120,2.613703910378518e-15,8.881784197001252e-16,0.0001632999919820577
5159,ISM,50,1960,40,120,0.21472248517906461,0.028326327597268497,0.0004317999992053956
5160,DI,50,1960,40,121,2.3350996373728807e-15,6.661338147750939e-16,0.0003512999974191189
5161,WMI,50,1960,40,121,2.613703910378518e-15,8.881784197001252e-16,0.00014819999341852963
5162,ISM,50,1960,40,121,0.21472248517906461,0.028326327597268497,0.000443900004029274
5163,DI,50,1960,40,122,2.3350996373728807e-15,6.661338147750939e-16,0.00017600000137463212
5164,WMI,50,1960,40,122,2.613703910378518e-15,8.881784197001252e-16,0.0001441999920643866
5165,ISM,50,1960,40,122,0.21472248517906461,0.028326327597268497,0.000450999999884516
5166,DI,50,1960,40,123,2.3350996373728807e-15,6.661338147750939e-16,0.0001750000228639692
5167,WMI,50,1960,40,123,2.613703910378518e-15,8.881784197001252e-16,0.00014870002632960677
5168,ISM,50,1960,40,123,0.21472248517906461,0.028326327597268497,0.0004647000168915838
5169,DI,50,1960,40,124,2.3350996373728807e-15,6.661338147750939e-16,0.0001865000231191516
5170,WMI,50,1960,40,124,2.613703910378518e-15,8.881784197001252e-16,0.00015700000221841037
5171,ISM,50,1960,40,124,0.21472248517906461,0.028326327597268497,0.000464899989310652
5172,DI,50,1960,40,125,2.3350996373728807e-15,6.661338147750939e-16,0.00018810000619851053
5173,WMI,50,1960,40,125,2.613703910378518e-15,8.881784197001252e-16,0.00015360000543296337
5174,ISM,50,1960,40,125,0.21472248517906461,0.028326327597268497,0.00044850000995211303
5175,DI,50,1960,40,126,2.3350996373728807e-15,6.661338147750939e-16,0.0002765999815892428
5176,WMI,50,1960,40,126,2.613703910378518e-15,8.881784197001252e-16,0.00021440000273287296
5177,ISM,50,1960,40,126,0.21472248517906461,0.028326327597268497,0.00046480001765303314
5178,DI,50,1960,40,127,2.3350996373728807e-15,6.661338147750939e-16,0.000228599994443357
5179,WMI,50,1960,40,127,2.613703910378518e-15,8.881784197001252e-16,0.00016689999029040337
5180,ISM,50,1960,40,127,0.21472248517906461,0.028326327597268497,0.00043899999582208693
5181,DI,50,1960,40,128,2.3350996373728807e-15,6.661338147750939e-16,0.00029269998776726425
5182,WMI,50,1960,40,128,2.613703910378518e-15,8.881784197001252e-16,0.0001441999920643866
5183,ISM,50,1960,40,128,0.21472248517906461,0.028326327597268497,0.00040660001104697585
5184,DI,50,1960,40,129,2.3350996373728807e-15,6.661338147750939e-16,0.00027370001771487296
5185,WMI,50,1960,40,129,2.613703910378518e-15,8.881784197001252e-16,0.00019779999274760485
5186,ISM,50,1960,40,129,0.21472248517906461,0.028326327597268497,0.0004333999822847545
5187,DI,50,1960,40,130,2.3350996373728807e-15,6.661338147750939e-16,0.00023789997794665396
5188,WMI,50,1960,40,130,2.613703910378518e-15,8.881784197001252e-16,0.00021079997532069683
5189,ISM,50,1960,40,130,0.21472248517906461,0.028326327597268497,0.00041599999531172216
5190,DI,50,1960,40,131,2.3350996373728807e-15,6.661338147750939e-16,0.00024270001449622214
5191,WMI,50,1960,40,131,2.613703910378518e-15,8.881784197001252e-16,0.00016610001330263913
5192,ISM,50,1960,40,131,0.21472248517906461,0.028326327597268497,0.000441400014096871
5193,DI,50,1960,40,132,2.3350996373728807e-15,6.661338147750939e-16,0.00021749999723397195
5194,WMI,50,1960,40,132,2.613703910378518e-15,8.881784197001252e-16,0.00015880001592449844
5195,ISM,50,1960,40,132,0.21472248517906461,0.028326327597268497,0.0004267000185791403
5196,DI,50,1960,40,133,2.3350996373728807e-15,6.661338147750939e-16,0.00024870000197552145
5197,WMI,50,1960,40,133,2.613703910378518e-15,8.881784197001252e-16,0.00015210002311505377
5198,ISM,50,1960,40,133,0.21472248517906461,0.028326327597268497,0.00040669998270459473
5199,DI,50,1960,40,134,2.3350996373728807e-15,6.661338147750939e-16,0.00022200000239536166
5200,WMI,50,1960,40,134,2.613703910378518e-15,8.881784197001252e-16,0.00016569998115301132
5201,ISM,50,1960,40,134,0.21472248517906461,0.028326327597268497,0.0004822000046260655
5202,DI,50,1960,40,135,2.3350996373728807e-15,6.661338147750939e-16,0.00022419999004341662
5203,WMI,50,1960,40,135,2.613703910378518e-15,8.881784197001252e-16,0.00017069999012164772
5204,ISM,50,1960,40,135,0.21472248517906461,0.028326327597268497,0.00040920000174082816
5205,DI,50,1960,40,136,2.3350996373728807e-15,6.661338147750939e-16,0.00021189998369663954
5206,WMI,50,1960,40,136,2.613703910378518e-15,8.881784197001252e-16,0.00016799999866634607
5207,ISM,50,1960,40,136,0.21472248517906461,0.028326327597268497,0.00043119999463669956
5208,DI,50,1960,40,137,2.3350996373728807e-15,6.661338147750939e-16,0.0002111000067088753
5209,WMI,50,1960,40,137,2.613703910378518e-15,8.881784197001252e-16,0.00015520001761615276
5210,ISM,50,1960,40,137,0.21472248517906461,0.028326327597268497,0.00042409999878145754
5211,DI,50,1960,40,138,2.3350996373728807e-15,6.661338147750939e-16,0.0004744000034406781
5212,WMI,50,1960,40,138,2.613703910378518e-15,8.881784197001252e-16,0.00015969999367371202
5213,ISM,50,1960,40,138,0.21472248517906461,0.028326327597268497,0.00043299997923895717
5214,DI,50,1960,40,139,2.3350996373728807e-15,6.661338147750939e-16,0.00023189999046735466
5215,WMI,50,1960,40,139,2.613703910378518e-15,8.881784197001252e-16,0.00021290002041496336
5216,ISM,50,1960,40,139,0.21472248517906461,0.028326327597268497,0.00042799999937415123
5217,DI,50,1960,40,140,2.3350996373728807e-15,6.661338147750939e-16,0.00023259999579750001
5218,WMI,50,1960,40,140,2.613703910378518e-15,8.881784197001252e-16,0.00016920000780373812
5219,ISM,50,1960,40,140,0.21472248517906461,0.028326327597268497,0.00042749999556690454
5220,DI,50,1960,40,141,2.3350996373728807e-15,6.661338147750939e-16,0.00021169998217374086
5221,WMI,50,1960,40,141,2.613703910378518e-15,8.881784197001252e-16,0.00016589998267591
5222,ISM,50,1960,40,141,0.21472248517906461,0.028326327597268497,0.0004107999848201871
5223,DI,50,1960,40,142,2.3350996373728807e-15,6.661338147750939e-16,0.000228599994443357
5224,WMI,50,1960,40,142,2.613703910378518e-15,8.881784197001252e-16,0.00016189998132176697
5225,ISM,50,1960,40,142,0.21472248517906461,0.028326327597268497,0.00043650000588968396
5226,DI,50,1960,40,143,2.3350996373728807e-15,6.661338147750939e-16,0.00021399999968707561
5227,WMI,50,1960,40,143,2.613703910378518e-15,8.881784197001252e-16,0.0001635999942664057
5228,ISM,50,1960,40,143,0.21472248517906461,0.028326327597268497,0.0004338000144343823
5229,DI,50,1960,40,144,2.3350996373728807e-15,6.661338147750939e-16,0.00023059998056851327
5230,WMI,50,1960,40,144,2.613703910378518e-15,8.881784197001252e-16,0.0001640999980736524
5231,ISM,50,1960,40,144,0.21472248517906461,0.028326327597268497,0.0004104000108782202
5232,DI,50,1960,40,145,2.3350996373728807e-15,6.661338147750939e-16,0.0002649000089149922
5233,WMI,50,1960,40,145,2.613703910378518e-15,8.881784197001252e-16,0.00018169998656958342
5234,ISM,50,1960,40,145,0.21472248517906461,0.028326327597268497,0.00043489999370649457
5235,DI,50,1960,40,146,2.3350996373728807e-15,6.661338147750939e-16,0.0001857000170275569
5236,WMI,50,1960,40,146,2.613703910378518e-15,8.881784197001252e-16,0.00013830000534653664
5237,ISM,50,1960,40,146,0.21472248517906461,0.028326327597268497,0.00048290000995621085
5238,DI,50,1960,40,147,2.3350996373728807e-15,6.661338147750939e-16,0.0002689999819267541
5239,WMI,50,1960,40,147,2.613703910378518e-15,8.881784197001252e-16,0.0001784999913070351
5240,ISM,50,1960,40,147,0.21472248517906461,0.028326327597268497,0.00043420001748017967
5241,DI,50,1960,40,148,2.3350996373728807e-15,6.661338147750939e-16,0.00022319998242892325
5242,WMI,50,1960,40,148,2.613703910378518e-15,8.881784197001252e-16,0.00017610000213608146
5243,ISM,50,1960,40,148,0.21472248517906461,0.028326327597268497,0.0004120999947190285
5244,DI,50,1960,40,149,2.3350996373728807e-15,6.661338147750939e-16,0.00021320002269931138
5245,WMI,50,1960,40,149,2.613703910378518e-15,8.881784197001252e-16,0.00018149998504668474
5246,ISM,50,1960,40,149,0.21472248517906461,0.028326327597268497,0.0004091000009793788
5247,DI,50,1960,40,150,2.3350996373728807e-15,6.661338147750939e-16,0.00020979999681003392
5248,WMI,50,1960,40,150,2.613703910378518e-15,8.881784197001252e-16,0.0001871999993454665
5249,ISM,50,1960,40,150,0.21472248517906461,0.028326327597268497,0.0004260999849066138
5250,DI,50,1960,40,151,2.3350996373728807e-15,6.661338147750939e-16,0.00024160000612027943
5251,WMI,50,1960,40,151,2.613703910378518e-15,8.881784197001252e-16,0.00016579998191446066
5252,ISM,50,1960,40,151,0.21472248517906461,0.028326327597268497,0.00042570001096464694
5253,DI,50,1960,40,152,2.3350996373728807e-15,6.661338147750939e-16,0.0002091999922413379
5254,WMI,50,1960,40,152,2.613703910378518e-15,8.881784197001252e-16,0.00015919998986646533
5255,ISM,50,1960,40,152,0.21472248517906461,0.028326327597268497,0.0004251000063959509
5256,DI,50,1960,40,153,2.3350996373728807e-15,6.661338147750939e-16,0.00023759997566230595
5257,WMI,50,1960,40,153,2.613703910378518e-15,8.881784197001252e-16,0.000166199984960258
5258,ISM,50,1960,40,153,0.21472248517906461,0.028326327597268497,0.0004222000134177506
5259,DI,50,1960,40,154,2.3350996373728807e-15,6.661338147750939e-16,0.0002513999934308231
5260,WMI,50,1960,40,154,2.613703910378518e-15,8.881784197001252e-16,0.000162799988174811
5261,ISM,50,1960,40,154,0.21472248517906461,0.028326327597268497,0.0005112999933771789
5262,DI,50,1960,40,155,2.3350996373728807e-15,6.661338147750939e-16,0.0002891999902203679
5263,WMI,50,1960,40,155,2.613703910378518e-15,8.881784197001252e-16,0.0001821999903768301
5264,ISM,50,1960,40,155,0.21472248517906461,0.028326327597268497,0.0004397000011522323
5265,DI,50,1960,40,156,2.3350996373728807e-15,6.661338147750939e-16,0.00023299999884329736
5266,WMI,50,1960,40,156,2.613703910378518e-15,8.881784197001252e-16,0.00016739999409765005
5267,ISM,50,1960,40,156,0.21472248517906461,0.028326327597268497,0.0004118999931961298
5268,DI,50,1960,40,157,2.3350996373728807e-15,6.661338147750939e-16,0.0002235999854747206
5269,WMI,50,1960,40,157,2.613703910378518e-15,8.881784197001252e-16,0.00016719999257475138
5270,ISM,50,1960,40,157,0.21472248517906461,0.028326327597268497,0.0004422000201884657
5271,DI,50,1960,40,158,2.3350996373728807e-15,6.661338147750939e-16,0.00021470000501722097
5272,WMI,50,1960,40,158,2.613703910378518e-15,8.881784197001252e-16,0.00016950001008808613
5273,ISM,50,1960,40,158,0.21472248517906461,0.028326327597268497,0.00044490001164376736
5274,DI,50,1960,40,159,2.3350996373728807e-15,6.661338147750939e-16,0.00022470002295449376
5275,WMI,50,1960,40,159,2.613703910378518e-15,8.881784197001252e-16,0.00018780000391416252
5276,ISM,50,1960,40,159,0.21472248517906461,0.028326327597268497,0.00043289997847750783
5277,DI,50,1960,40,160,2.3350996373728807e-15,6.661338147750939e-16,0.00023590002092532814
5278,WMI,50,1960,40,160,2.613703910378518e-15,8.881784197001252e-16,0.00017910002497956157
5279,ISM,50,1960,40,160,0.21472248517906461,0.028326327597268497,0.0004318999999668449
5280,DI,50,1960,40,161,2.3350996373728807e-15,6.661338147750939e-16,0.0002477999951224774
5281,WMI,50,1960,40,161,2.613703910378518e-15,8.881784197001252e-16,0.00019099999917671084
5282,ISM,50,1960,40,161,0.21472248517906461,0.028326327597268497,0.00043819998973049223
5283,DI,50,1960,40,162,2.3350996373728807e-15,6.661338147750939e-16,0.00024309998843818903
5284,WMI,50,1960,40,162,2.613703910378518e-15,8.881784197001252e-16,0.00017240000306628644
5285,ISM,50,1960,40,162,0.21472248517906461,0.028326327597268497,0.00043310000910423696
5286,DI,50,1960,40,163,2.3350996373728807e-15,6.661338147750939e-16,0.00024480000138282776
5287,WMI,50,1960,40,163,2.613703910378518e-15,8.881784197001252e-16,0.00018389997421763837
5288,ISM,50,1960,40,163,0.21472248517906461,0.028326327597268497,0.00047729999641887844
5289,DI,50,1960,40,164,2.3350996373728807e-15,6.661338147750939e-16,0.0001756999990902841
5290,WMI,50,1960,40,164,2.613703910378518e-15,8.881784197001252e-16,0.0003263000107835978
5291,ISM,50,1960,40,164,0.21472248517906461,0.028326327597268497,0.00043879999429918826
5292,DI,50,1960,40,165,2.3350996373728807e-15,6.661338147750939e-16,0.0002654000127222389
5293,WMI,50,1960,40,165,2.613703910378518e-15,8.881784197001252e-16,0.00018540001474320889
5294,ISM,50,1960,40,165,0.21472248517906461,0.028326327597268497,0.00043009998626075685
5295,DI,50,1960,40,166,2.3350996373728807e-15,6.661338147750939e-16,0.0002145000034943223
5296,WMI,50,1960,40,166,2.613703910378518e-15,8.881784197001252e-16,0.00016029999824240804
5297,ISM,50,1960,40,166,0.21472248517906461,0.028326327597268497,0.0004231999919284135
5298,DI,50,1960,40,167,2.3350996373728807e-15,6.661338147750939e-16,0.00023360000341199338
5299,WMI,50,1960,40,167,2.613703910378518e-15,8.881784197001252e-16,0.00017109999316744506
5300,ISM,50,1960,40,167,0.21472248517906461,0.028326327597268497,0.00042150000808760524
5301,DI,50,1960,40,168,2.3350996373728807e-15,6.661338147750939e-16,0.00020199999562464654
5302,WMI,50,1960,40,168,2.613703910378518e-15,8.881784197001252e-16,0.00017159999697469175
5303,ISM,50,1960,40,168,0.21472248517906461,0.028326327597268497,0.00041420001070946455
5304,DI,50,1960,40,169,2.3350996373728807e-15,6.661338147750939e-16,0.0002376000047661364
5305,WMI,50,1960,40,169,2.613703910378518e-15,8.881784197001252e-16,0.00017179999849759042
5306,ISM,50,1960,40,169,0.21472248517906461,0.028326327597268497,0.0004212000058032572
5307,DI,50,1960,40,170,2.3350996373728807e-15,6.661338147750939e-16,0.0002358000201638788
5308,WMI,50,1960,40,170,2.613703910378518e-15,8.881784197001252e-16,0.000155699992319569
5309,ISM,50,1960,40,170,0.21472248517906461,0.028326327597268497,0.00041710000368766487
5310,DI,50,1960,40,171,2.3350996373728807e-15,6.661338147750939e-16,0.0002334000018890947
5311,WMI,50,1960,40,171,2.613703910378518e-15,8.881784197001252e-16,0.00018549998640082777
5312,ISM,50,1960,40,171,0.21472248517906461,0.028326327597268497,0.000834399979794398
5313,DI,50,1960,40,172,2.3350996373728807e-15,6.661338147750939e-16,0.00027340001543052495
5314,WMI,50,1960,40,172,2.613703910378518e-15,8.881784197001252e-16,0.00029349999385885894
5315,ISM,50,1960,40,172,0.21472248517906461,0.028326327597268497,0.00043539999751374125
5316,DI,50,1960,40,173,2.3350996373728807e-15,6.661338147750939e-16,0.00030330001027323306
5317,WMI,50,1960,40,173,2.613703910378518e-15,8.881784197001252e-16,0.0002826999989338219
5318,ISM,50,1960,40,173,0.21472248517906461,0.028326327597268497,0.0004149999876972288
5319,DI,50,1960,40,174,2.3350996373728807e-15,6.661338147750939e-16,0.00021120000747032464
5320,WMI,50,1960,40,174,2.613703910378518e-15,8.881784197001252e-16,0.00015479998546652496
5321,ISM,50,1960,40,174,0.21472248517906461,0.028326327597268497,0.0004264999879524112
5322,DI,50,1960,40,175,2.3350996373728807e-15,6.661338147750939e-16,0.0004417999880388379
5323,WMI,50,1960,40,175,2.613703910378518e-15,8.881784197001252e-16,0.0002488000027369708
5324,ISM,50,1960,40,175,0.21472248517906461,0.028326327597268497,0.00041259999852627516
5325,DI,50,1960,40,176,2.3350996373728807e-15,6.661338147750939e-16,0.000281100015854463
5326,WMI,50,1960,40,176,2.613703910378518e-15,8.881784197001252e-16,0.00027820002287626266
5327,ISM,50,1960,40,176,0.21472248517906461,0.028326327597268497,0.0004267000185791403
5328,DI,50,1960,40,177,2.3350996373728807e-15,6.661338147750939e-16,0.00023159998818300664
5329,WMI,50,1960,40,177,2.613703910378518e-15,8.881784197001252e-16,0.00022119999630376697
5330,ISM,50,1960,40,177,0.21472248517906461,0.028326327597268497,0.00041480001527816057
5331,DI,50,1960,40,178,2.3350996373728807e-15,6.661338147750939e-16,0.0003677000058814883
5332,WMI,50,1960,40,178,2.613703910378518e-15,8.881784197001252e-16,0.0003929999948013574
5333,ISM,50,1960,40,178,0.21472248517906461,0.028326327597268497,0.000997700000880286
5334,DI,50,1960,40,179,2.3350996373728807e-15,6.661338147750939e-16,0.0007716999971307814
5335,WMI,50,1960,40,179,2.613703910378518e-15,8.881784197001252e-16,0.0003732999903149903
5336,ISM,50,1960,40,179,0.21472248517906461,0.028326327597268497,0.0009330999746453017
5337,DI,50,1960,40,180,2.3350996373728807e-15,6.661338147750939e-16,0.0003409000055398792
5338,WMI,50,1960,40,180,2.613703910378518e-15,8.881784197001252e-16,0.00026710002566687763
5339,ISM,50,1960,40,180,0.21472248517906461,0.028326327597268497,0.0004655999946407974
5340,DI,50,1960,40,181,2.3350996373728807e-15,6.661338147750939e-16,0.0002964000159408897
5341,WMI,50,1960,40,181,2.613703910378518e-15,8.881784197001252e-16,0.00024300001678057015
5342,ISM,50,1960,40,181,0.21472248517906461,0.028326327597268497,0.0006140000186860561
5343,DI,50,1960,40,182,2.3350996373728807e-15,6.661338147750939e-16,0.00040380001883022487
5344,WMI,50,1960,40,182,2.613703910378518e-15,8.881784197001252e-16,0.000524500006577
5345,ISM,50,1960,40,182,0.21472248517906461,0.028326327597268497,0.0004284000024199486
5346,DI,50,1960,40,183,2.3350996373728807e-15,6.661338147750939e-16,0.00043050001841038465
5347,WMI,50,1960,40,183,2.613703910378518e-15,8.881784197001252e-16,0.00026530001196078956
5348,ISM,50,1960,40,183,0.21472248517906461,0.028326327597268497,0.0004147999861743301
5349,DI,50,1960,40,184,2.3350996373728807e-15,6.661338147750939e-16,0.0003964999923482537
5350,WMI,50,1960,40,184,2.613703910378518e-15,8.881784197001252e-16,0.0002468999882694334
5351,ISM,50,1960,40,184,0.21472248517906461,0.028326327597268497,0.0005728999967686832
5352,DI,50,1960,40,185,2.3350996373728807e-15,6.661338147750939e-16,0.00034589998540468514
5353,WMI,50,1960,40,185,2.613703910378518e-15,8.881784197001252e-16,0.0002415000053588301
5354,ISM,50,1960,40,185,0.21472248517906461,0.028326327597268497,0.00044579998939298093
5355,DI,50,1960,40,186,2.3350996373728807e-15,6.661338147750939e-16,0.00029090000316500664
5356,WMI,50,1960,40,186,2.613703910378518e-15,8.881784197001252e-16,0.00026199998683296144
5357,ISM,50,1960,40,186,0.21472248517906461,0.028326327597268497,0.0004230999911669642
5358,DI,50,1960,40,187,2.3350996373728807e-15,6.661338147750939e-16,0.00029490000451914966
5359,WMI,50,1960,40,187,2.613703910378518e-15,8.881784197001252e-16,0.00023049997980706394
5360,ISM,50,1960,40,187,0.21472248517906461,0.028326327597268497,0.0004445999802555889
5361,DI,50,1960,40,188,2.3350996373728807e-15,6.661338147750939e-16,0.000302400003420189
5362,WMI,50,1960,40,188,2.613703910378518e-15,8.881784197001252e-16,0.00023389997659251094
5363,ISM,50,1960,40,188,0.21472248517906461,0.028326327597268497,0.0006873999955132604
5364,DI,50,1960,40,189,2.3350996373728807e-15,6.661338147750939e-16,0.00027030002092942595
5365,WMI,50,1960,40,189,2.613703910378518e-15,8.881784197001252e-16,0.0002018999948631972
5366,ISM,50,1960,40,189,0.21472248517906461,0.028326327597268497,0.00042810000013560057
5367,DI,50,1960,40,190,2.3350996373728807e-15,6.661338147750939e-16,0.00026780000189319253
5368,WMI,50,1960,40,190,2.613703910378518e-15,8.881784197001252e-16,0.00022119999630376697
5369,ISM,50,1960,40,190,0.21472248517906461,0.028326327597268497,0.00044139998499304056
5370,DI,50,1960,40,191,2.3350996373728807e-15,6.661338147750939e-16,0.0003047000209335238
5371,WMI,50,1960,40,191,2.613703910378518e-15,8.881784197001252e-16,0.0003260000084992498
5372,ISM,50,1960,40,191,0.21472248517906461,0.028326327597268497,0.001228799985256046
5373,DI,50,1960,40,192,2.3350996373728807e-15,6.661338147750939e-16,0.0003276000206824392
5374,WMI,50,1960,40,192,2.613703910378518e-15,8.881784197001252e-16,0.00043470002128742635
5375,ISM,50,1960,40,192,0.21472248517906461,0.028326327597268497,0.0005918999959249049
5376,DI,50,1960,40,193,2.3350996373728807e-15,6.661338147750939e-16,0.00029960001120343804
5377,WMI,50,1960,40,193,2.613703910378518e-15,8.881784197001252e-16,0.0002358000201638788
5378,ISM,50,1960,40,193,0.21472248517906461,0.028326327597268497,0.0004831000114791095
5379,DI,50,1960,40,194,2.3350996373728807e-15,6.661338147750939e-16,0.00032980000833049417
5380,WMI,50,1960,40,194,2.613703910378518e-15,8.881784197001252e-16,0.00022100002388469875
5381,ISM,50,1960,40,194,0.21472248517906461,0.028326327597268497,0.00044479998177848756
5382,DI,50,1960,40,195,2.3350996373728807e-15,6.661338147750939e-16,0.00033660000190138817
5383,WMI,50,1960,40,195,2.613703910378518e-15,8.881784197001252e-16,0.00042460000258870423
5384,ISM,50,1960,40,195,0.21472248517906461,0.028326327597268497,0.0008013999904505908
5385,DI,50,1960,40,196,2.3350996373728807e-15,6.661338147750939e-16,0.0003145999799016863
5386,WMI,50,1960,40,196,2.613703910378518e-15,8.881784197001252e-16,0.00024759999359957874
5387,ISM,50,1960,40,196,0.21472248517906461,0.028326327597268497,0.00041030001011677086
5388,DI,50,1960,40,197,2.3350996373728807e-15,6.661338147750939e-16,0.0002804999821819365
5389,WMI,50,1960,40,197,2.613703910378518e-15,8.881784197001252e-16,0.00021170001127757132
5390,ISM,50,1960,40,197,0.21472248517906461,0.028326327597268497,0.0004105999832972884
5391,DI,50,1960,40,198,2.3350996373728807e-15,6.661338147750939e-16,0.0002948000037577003
5392,WMI,50,1960,40,198,2.613703910378518e-15,8.881784197001252e-16,0.00026840000646188855
5393,ISM,50,1960,40,198,0.21472248517906461,0.028326327597268497,0.0004104000108782202
5394,DI,50,1960,40,199,2.3350996373728807e-15,6.661338147750939e-16,0.0002997000119648874
5395,WMI,50,1960,40,199,2.613703910378518e-15,8.881784197001252e-16,0.00023599999258294702
5396,ISM,50,1960,40,199,0.21472248517906461,0.028326327597268497,0.00048099999548867345
5397,DI,50,1960,40,200,2.3350996373728807e-15,6.661338147750939e-16,0.0003096000000368804
5398,WMI,50,1960,40,200,2.613703910378518e-15,8.881784197001252e-16,0.0001976999919861555
5399,ISM,50,1960,40,200,0.21472248517906461,0.028326327597268497,0.00045720001799054444
5400,DI,50,1950,50,1,2.3495370819299092e-15,6.661338147750939e-16,0.00030109999352134764
5401,WMI,50,1950,50,1,2.4461893395779552e-15,8.881784197001252e-16,0.00035620000562630594
5402,ISM,50,1950,50,1,0.2583927896355822,0.0382266322191831,0.0005557999829761684
5403,DI,50,1950,50,2,2.3495370819299092e-15,6.661338147750939e-16,0.00024359999224543571
5404,WMI,50,1950,50,2,2.4461893395779552e-15,8.881784197001252e-16,0.0003378999826963991
5405,ISM,50,1950,50,2,0.2583927896355822,0.0382266322191831,0.0008047999872360379
5406,DI,50,1950,50,3,2.3495370819299092e-15,6.661338147750939e-16,0.0002707999956328422
5407,WMI,50,1950,50,3,2.4461893395779552e-15,8.881784197001252e-16,0.0003590000269468874
5408,ISM,50,1950,50,3,0.2583927896355822,0.0382266322191831,0.0008447000000160187
5409,DI,50,1950,50,4,2.3495370819299092e-15,6.661338147750939e-16,0.0002888999879360199
5410,WMI,50,1950,50,4,2.4461893395779552e-15,8.881784197001252e-16,0.00033389998134225607
5411,ISM,50,1950,50,4,0.2583927896355822,0.0382266322191831,0.0005884999991394579
5412,DI,50,1950,50,5,2.3495370819299092e-15,6.661338147750939e-16,0.0002789999998640269
5413,WMI,50,1950,50,5,2.4461893395779552e-15,8.881784197001252e-16,0.00039159998414106667
5414,ISM,50,1950,50,5,0.2583927896355822,0.0382266322191831,0.0007243000145535916
5415,DI,50,1950,50,6,2.3495370819299092e-15,6.661338147750939e-16,0.000288800016278401
5416,WMI,50,1950,50,6,2.4461893395779552e-15,8.881784197001252e-16,0.00027779999072663486
5417,ISM,50,1950,50,6,0.2583927896355822,0.0382266322191831,0.0005240000027697533
5418,DI,50,1950,50,7,2.3495370819299092e-15,6.661338147750939e-16,0.00028080001357011497
5419,WMI,50,1950,50,7,2.4461893395779552e-15,8.881784197001252e-16,0.0003372000064700842
5420,ISM,50,1950,50,7,0.2583927896355822,0.0382266322191831,0.000527900003362447
5421,DI,50,1950,50,8,2.3495370819299092e-15,6.661338147750939e-16,0.00027520000003278255
5422,WMI,50,1950,50,8,2.4461893395779552e-15,8.881784197001252e-16,0.00035539999953471124
5423,ISM,50,1950,50,8,0.2583927896355822,0.0382266322191831,0.0005097999819554389
5424,DI,50,1950,50,9,2.3495370819299092e-15,6.661338147750939e-16,0.0002548999909777194
5425,WMI,50,1950,50,9,2.4461893395779552e-15,8.881784197001252e-16,0.000315099983708933
5426,ISM,50,1950,50,9,0.2583927896355822,0.0382266322191831,0.0008966000168584287
5427,DI,50,1950,50,10,2.3495370819299092e-15,6.661338147750939e-16,0.00029189998167566955
5428,WMI,50,1950,50,10,2.4461893395779552e-15,8.881784197001252e-16,0.00036020000698044896
5429,ISM,50,1950,50,10,0.2583927896355822,0.0382266322191831,0.0011818000057246536
5430,DI,50,1950,50,11,2.3495370819299092e-15,6.661338147750939e-16,0.0003150000120513141
5431,WMI,50,1950,50,11,2.4461893395779552e-15,8.881784197001252e-16,0.00028249999741092324
5432,ISM,50,1950,50,11,0.2583927896355822,0.0382266322191831,0.0005174999823793769
5433,DI,50,1950,50,12,2.3495370819299092e-15,6.661338147750939e-16,0.0002933999930974096
5434,WMI,50,1950,50,12,2.4461893395779552e-15,8.881784197001252e-16,0.00036070001078769565
5435,ISM,50,1950,50,12,0.2583927896355822,0.0382266322191831,0.0011780000058934093
5436,DI,50,1950,50,13,2.3495370819299092e-15,6.661338147750939e-16,0.00031969998963177204
5437,WMI,50,1950,50,13,2.4461893395779552e-15,8.881784197001252e-16,0.0003446000046096742
5438,ISM,50,1950,50,13,0.2583927896355822,0.0382266322191831,0.0009225000103469938
5439,DI,50,1950,50,14,2.3495370819299092e-15,6.661338147750939e-16,0.00052299999515526
5440,WMI,50,1950,50,14,2.4461893395779552e-15,8.881784197001252e-16,0.000308599992422387
5441,ISM,50,1950,50,14,0.2583927896355822,0.0382266322191831,0.0006806000019423664
5442,DI,50,1950,50,15,2.3495370819299092e-15,6.661338147750939e-16,0.0002536000101827085
5443,WMI,50,1950,50,15,2.4461893395779552e-15,8.881784197001252e-16,0.00025660000392235816
5444,ISM,50,1950,50,15,0.2583927896355822,0.0382266322191831,0.0006323000125121325
5445,DI,50,1950,50,16,2.3495370819299092e-15,6.661338147750939e-16,0.0002032000047620386
5446,WMI,50,1950,50,16,2.4461893395779552e-15,8.881784197001252e-16,0.0002568999771028757
5447,ISM,50,1950,50,16,0.2583927896355822,0.0382266322191831,0.0006355000077746809
5448,DI,50,1950,50,17,2.3495370819299092e-15,6.661338147750939e-16,0.00023820000933483243
5449,WMI,50,1950,50,17,2.4461893395779552e-15,8.881784197001252e-16,0.00025870001991279423
5450,ISM,50,1950,50,17,0.2583927896355822,0.0382266322191831,0.0005141999863553792
5451,DI,50,1950,50,18,2.3495370819299092e-15,6.661338147750939e-16,0.0002142000012099743
5452,WMI,50,1950,50,18,2.4461893395779552e-15,8.881784197001252e-16,0.00024349999148398638
5453,ISM,50,1950,50,18,0.2583927896355822,0.0382266322191831,0.0005093000072520226
5454,DI,50,1950,50,19,2.3495370819299092e-15,6.661338147750939e-16,0.00019829999655485153
5455,WMI,50,1950,50,19,2.4461893395779552e-15,8.881784197001252e-16,0.00025320000713691115
5456,ISM,50,1950,50,19,0.2583927896355822,0.0382266322191831,0.0006049000076018274
5457,DI,50,1950,50,20,2.3495370819299092e-15,6.661338147750939e-16,0.00022350001381710172
5458,WMI,50,1950,50,20,2.4461893395779552e-15,8.881784197001252e-16,0.0002521999995224178
5459,ISM,50,1950,50,20,0.2583927896355822,0.0382266322191831,0.0005446000141091645
5460,DI,50,1950,50,21,2.3495370819299092e-15,6.661338147750939e-16,0.0002212999970652163
5461,WMI,50,1950,50,21,2.4461893395779552e-15,8.881784197001252e-16,0.00022459999308921397
5462,ISM,50,1950,50,21,0.2583927896355822,0.0382266322191831,0.000509100005729124
5463,DI,50,1950,50,22,2.3495370819299092e-15,6.661338147750939e-16,0.00019120000069960952
5464,WMI,50,1950,50,22,2.4461893395779552e-15,8.881784197001252e-16,0.00024549997760914266
5465,ISM,50,1950,50,22,0.2583927896355822,0.0382266322191831,0.000524200004292652
5466,DI,50,1950,50,23,2.3495370819299092e-15,6.661338147750939e-16,0.0001999999803956598
5467,WMI,50,1950,50,23,2.4461893395779552e-15,8.881784197001252e-16,0.00023659999715164304
5468,ISM,50,1950,50,23,0.2583927896355822,0.0382266322191831,0.0005173999816179276
5469,DI,50,1950,50,24,2.3495370819299092e-15,6.661338147750939e-16,0.00021230001584626734
5470,WMI,50,1950,50,24,2.4461893395779552e-15,8.881784197001252e-16,0.000239099987084046
5471,ISM,50,1950,50,24,0.2583927896355822,0.0382266322191831,0.0005087000026833266
5472,DI,50,1950,50,25,2.3495370819299092e-15,6.661338147750939e-16,0.00022329998319037259
5473,WMI,50,1950,50,25,2.4461893395779552e-15,8.881784197001252e-16,0.00023410000721924007
5474,ISM,50,1950,50,25,0.2583927896355822,0.0382266322191831,0.0005123000009916723
5475,DI,50,1950,50,26,2.3495370819299092e-15,6.661338147750939e-16,0.0001970999874174595
5476,WMI,50,1950,50,26,2.4461893395779552e-15,8.881784197001252e-16,0.00022829999215900898
5477,ISM,50,1950,50,26,0.2583927896355822,0.0382266322191831,0.00050970001029782
5478,DI,50,1950,50,27,2.3495370819299092e-15,6.661338147750939e-16,0.00023480001254938543
5479,WMI,50,1950,50,27,2.4461893395779552e-15,8.881784197001252e-16,0.0002263000060338527
5480,ISM,50,1950,50,27,0.2583927896355822,0.0382266322191831,0.0005099000118207186
5481,DI,50,1950,50,28,2.3495370819299092e-15,6.661338147750939e-16,0.00022739998530596495
5482,WMI,50,1950,50,28,2.4461893395779552e-15,8.881784197001252e-16,0.00020440001389943063
5483,ISM,50,1950,50,28,0.2583927896355822,0.0382266322191831,0.000512800004798919
5484,DI,50,1950,50,29,2.3495370819299092e-15,6.661338147750939e-16,0.0001728000061120838
5485,WMI,50,1950,50,29,2.4461893395779552e-15,8.881784197001252e-16,0.0002827000280376524
5486,ISM,50,1950,50,29,0.2583927896355822,0.0382266322191831,0.0006521999894175678
5487,DI,50,1950,50,30,2.3495370819299092e-15,6.661338147750939e-16,0.00024900000425986946
5488,WMI,50,1950,50,30,2.4461893395779552e-15,8.881784197001252e-16,0.0002683000057004392
5489,ISM,50,1950,50,30,0.2583927896355822,0.0382266322191831,0.000519299996085465
5490,DI,50,1950,50,31,2.3495370819299092e-15,6.661338147750939e-16,0.00022600000374950469
5491,WMI,50,1950,50,31,2.4461893395779552e-15,8.881784197001252e-16,0.0002463999844621867
5492,ISM,50,1950,50,31,0.2583927896355822,0.0382266322191831,0.0005142999871168286
5493,DI,50,1950,50,32,2.3495370819299092e-15,6.661338147750939e-16,0.00022239997633732855
5494,WMI,50,1950,50,32,2.4461893395779552e-15,8.881784197001252e-16,0.00022719998378306627
5495,ISM,50,1950,50,32,0.2583927896355822,0.0382266322191831,0.0005119999987073243
5496,DI,50,1950,50,33,2.3495370819299092e-15,6.661338147750939e-16,0.00019599997904151678
5497,WMI,50,1950,50,33,2.4461893395779552e-15,8.881784197001252e-16,0.00024449999909847975
5498,ISM,50,1950,50,33,0.2583927896355822,0.0382266322191831,0.0005179999861866236
5499,DI,50,1950,50,34,2.3495370819299092e-15,6.661338147750939e-16,0.0002508999896235764
5500,WMI,50,1950,50,34,2.4461893395779552e-15,8.881784197001252e-16,0.00021699999342672527
5501,ISM,50,1950,50,34,0.2583927896355822,0.0382266322191831,0.0005120999994687736
5502,DI,50,1950,50,35,2.3495370819299092e-15,6.661338147750939e-16,0.00018930001533590257
5503,WMI,50,1950,50,35,2.4461893395779552e-15,8.881784197001252e-16,0.00022170000011101365
5504,ISM,50,1950,50,35,0.2583927896355822,0.0382266322191831,0.0005113999941386282
5505,DI,50,1950,50,36,2.3495370819299092e-15,6.661338147750939e-16,0.00021689999266527593
5506,WMI,50,1950,50,36,2.4461893395779552e-15,8.881784197001252e-16,0.00025480001932010055
5507,ISM,50,1950,50,36,0.2583927896355822,0.0382266322191831,0.00051120002171956
5508,DI,50,1950,50,37,2.3495370819299092e-15,6.661338147750939e-16,0.00020560002303682268
5509,WMI,50,1950,50,37,2.4461893395779552e-15,8.881784197001252e-16,0.000229199999012053
5510,ISM,50,1950,50,37,0.2583927896355822,0.0382266322191831,0.0005107999895699322
5511,DI,50,1950,50,38,2.3495370819299092e-15,6.661338147750939e-16,0.00020619999850168824
5512,WMI,50,1950,50,38,2.4461893395779552e-15,8.881784197001252e-16,0.00024720001965761185
5513,ISM,50,1950,50,38,0.2583927896355822,0.0382266322191831,0.0005108000186737627
5514,DI,50,1950,50,39,2.3495370819299092e-15,6.661338147750939e-16,0.00021170001127757132
5515,WMI,50,1950,50,39,2.4461893395779552e-15,8.881784197001252e-16,0.00024480000138282776
5516,ISM,50,1950,50,39,0.2583927896355822,0.0382266322191831,0.0005049999745097011
5517,DI,50,1950,50,40,2.3495370819299092e-15,6.661338147750939e-16,0.0002057999954558909
5518,WMI,50,1950,50,40,2.4461893395779552e-15,8.881784197001252e-16,0.0002361999941058457
5519,ISM,50,1950,50,40,0.2583927896355822,0.0382266322191831,0.0005115999956615269
5520,DI,50,1950,50,41,2.3495370819299092e-15,6.661338147750939e-16,0.00021500000730156898
5521,WMI,50,1950,50,41,2.4461893395779552e-15,8.881784197001252e-16,0.00022539999918080866
5522,ISM,50,1950,50,41,0.2583927896355822,0.0382266322191831,0.00051120002171956
5523,DI,50,1950,50,42,2.3495370819299092e-15,6.661338147750939e-16,0.00020970002515241504
5524,WMI,50,1950,50,42,2.4461893395779552e-15,8.881784197001252e-16,0.00023209999199025333
5525,ISM,50,1950,50,42,0.2583927896355822,0.0382266322191831,0.000511500024003908
5526,DI,50,1950,50,43,2.3495370819299092e-15,6.661338147750939e-16,0.00020789998234249651
5527,WMI,50,1950,50,43,2.4461893395779552e-15,8.881784197001252e-16,0.00021989998640492558
5528,ISM,50,1950,50,43,0.2583927896355822,0.0382266322191831,0.000519299996085465
5529,DI,50,1950,50,44,2.3495370819299092e-15,6.661338147750939e-16,0.00035230000503361225
5530,WMI,50,1950,50,44,2.4461893395779552e-15,8.881784197001252e-16,0.0002674999996088445
5531,ISM,50,1950,50,44,0.2583927896355822,0.0382266322191831,0.0005152999947313219
5532,DI,50,1950,50,45,2.3495370819299092e-15,6.661338147750939e-16,0.00021959998412057757
5533,WMI,50,1950,50,45,2.4461893395779552e-15,8.881784197001252e-16,0.0002497999812476337
5534,ISM,50,1950,50,45,0.2583927896355822,0.0382266322191831,0.0005084000003989786
5535,DI,50,1950,50,46,2.3495370819299092e-15,6.661338147750939e-16,0.0002154999820049852
5536,WMI,50,1950,50,46,2.4461893395779552e-15,8.881784197001252e-16,0.00023559998953714967
5537,ISM,50,1950,50,46,0.2583927896355822,0.0382266322191831,0.0005132000078447163
5538,DI,50,1950,50,47,2.3495370819299092e-15,6.661338147750939e-16,0.00020740000763908029
5539,WMI,50,1950,50,47,2.4461893395779552e-15,8.881784197001252e-16,0.00023520001559518278
5540,ISM,50,1950,50,47,0.2583927896355822,0.0382266322191831,0.0005135999817866832
5541,DI,50,1950,50,48,2.3495370819299092e-15,6.661338147750939e-16,0.00020780001068487763
5542,WMI,50,1950,50,48,2.4461893395779552e-15,8.881784197001252e-16,0.0002523000002838671
5543,ISM,50,1950,50,48,0.2583927896355822,0.0382266322191831,0.0005132000078447163
5544,DI,50,1950,50,49,2.3495370819299092e-15,6.661338147750939e-16,0.00018699999782256782
5545,WMI,50,1950,50,49,2.4461893395779552e-15,8.881784197001252e-16,0.00023620002320967615
5546,ISM,50,1950,50,49,0.2583927896355822,0.0382266322191831,0.0005092000064905733
5547,DI,50,1950,50,50,2.3495370819299092e-15,6.661338147750939e-16,0.00020229999790899456
5548,WMI,50,1950,50,50,2.4461893395779552e-15,8.881784197001252e-16,0.00023010000586509705
5549,ISM,50,1950,50,50,0.2583927896355822,0.0382266322191831,0.0005066999874543399
5550,DI,50,1950,50,51,2.3495370819299092e-15,6.661338147750939e-16,0.00019550000433810055
5551,WMI,50,1950,50,51,2.4461893395779552e-15,8.881784197001252e-16,0.00022170000011101365
5552,ISM,50,1950,50,51,0.2583927896355822,0.0382266322191831,0.0005163000023458153
5553,DI,50,1950,50,52,2.3495370819299092e-15,6.661338147750939e-16,0.00020920002134516835
5554,WMI,50,1950,50,52,2.4461893395779552e-15,8.881784197001252e-16,0.00022979997447691858
5555,ISM,50,1950,50,52,0.2583927896355822,0.0382266322191831,0.0005269000248517841
5556,DI,50,1950,50,53,2.3495370819299092e-15,6.661338147750939e-16,0.00022560000070370734
5557,WMI,50,1950,50,53,2.4461893395779552e-15,8.881784197001252e-16,0.0002272999845445156
5558,ISM,50,1950,50,53,0.2583927896355822,0.0382266322191831,0.0005959999980404973
5559,DI,50,1950,50,54,2.3495370819299092e-15,6.661338147750939e-16,0.00023320000036619604
5560,WMI,50,1950,50,54,2.4461893395779552e-15,8.881784197001252e-16,0.0002562000008765608
5561,ISM,50,1950,50,54,0.2583927896355822,0.0382266322191831,0.0005222999898251146
5562,DI,50,1950,50,55,2.3495370819299092e-15,6.661338147750939e-16,0.00020710000535473228
5563,WMI,50,1950,50,55,2.4461893395779552e-15,8.881784197001252e-16,0.00022879999596625566
5564,ISM,50,1950,50,55,0.2583927896355822,0.0382266322191831,0.0005747000104747713
5565,DI,50,1950,50,56,2.3495370819299092e-15,6.661338147750939e-16,0.0002297000028192997
5566,WMI,50,1950,50,56,2.4461893395779552e-15,8.881784197001252e-16,0.00022909999825060368
5567,ISM,50,1950,50,56,0.2583927896355822,0.0382266322191831,0.0005064000142738223
5568,DI,50,1950,50,57,2.3495370819299092e-15,6.661338147750939e-16,0.00020359997870400548
5569,WMI,50,1950,50,57,2.4461893395779552e-15,8.881784197001252e-16,0.00023869998403824866
5570,ISM,50,1950,50,57,0.2583927896355822,0.0382266322191831,0.000523900002008304
5571,DI,50,1950,50,58,2.3495370819299092e-15,6.661338147750939e-16,0.00022380001610144973
5572,WMI,50,1950,50,58,2.4461893395779552e-15,8.881784197001252e-16,0.0002324000233784318
5573,ISM,50,1950,50,58,0.2583927896355822,0.0382266322191831,0.0005898999806959182
5574,DI,50,1950,50,59,2.3495370819299092e-15,6.661338147750939e-16,0.00018810000619851053
5575,WMI,50,1950,50,59,2.4461893395779552e-15,8.881784197001252e-16,0.00020070001482963562
5576,ISM,50,1950,50,59,0.2583927896355822,0.0382266322191831,0.000609199982136488
5577,DI,50,1950,50,60,2.3495370819299092e-15,6.661338147750939e-16,0.00022570000146515667
5578,WMI,50,1950,50,60,2.4461893395779552e-15,8.881784197001252e-16,0.00022860002354718745
5579,ISM,50,1950,50,60,0.2583927896355822,0.0382266322191831,0.0005964000010862947
5580,DI,50,1950,50,61,2.3495370819299092e-15,6.661338147750939e-16,0.00020359997870400548
5581,WMI,50,1950,50,61,2.4461893395779552e-15,8.881784197001252e-16,0.00022849999368190765
5582,ISM,50,1950,50,61,0.2583927896355822,0.0382266322191831,0.0005233999982010573
5583,DI,50,1950,50,62,2.3495370819299092e-15,6.661338147750939e-16,0.00022000001627020538
5584,WMI,50,1950,50,62,2.4461893395779552e-15,8.881784197001252e-16,0.00022470002295449376
5585,ISM,50,1950,50,62,0.2583927896355822,0.0382266322191831,0.00051710000843741
5586,DI,50,1950,50,63,2.3495370819299092e-15,6.661338147750939e-16,0.00021219998598098755
5587,WMI,50,1950,50,63,2.4461893395779552e-15,8.881784197001252e-16,0.00022679998073726892
5588,ISM,50,1950,50,63,0.2583927896355822,0.0382266322191831,0.0005499999970197678
5589,DI,50,1950,50,64,2.3495370819299092e-15,6.661338147750939e-16,0.00021019999985583127
5590,WMI,50,1950,50,64,2.4461893395779552e-15,8.881784197001252e-16,0.00023710000095888972
5591,ISM,50,1950,50,64,0.2583927896355822,0.0382266322191831,0.0005474000063259155
5592,DI,50,1950,50,65,2.3495370819299092e-15,6.661338147750939e-16,0.00020390001009218395
5593,WMI,50,1950,50,65,2.4461893395779552e-15,8.881784197001252e-16,0.00026020000223070383
5594,ISM,50,1950,50,65,0.2583927896355822,0.0382266322191831,0.0005311999993864447
5595,DI,50,1950,50,66,2.3495370819299092e-15,6.661338147750939e-16,0.00019109999993816018
5596,WMI,50,1950,50,66,2.4461893395779552e-15,8.881784197001252e-16,0.00023079998209141195
5597,ISM,50,1950,50,66,0.2583927896355822,0.0382266322191831,0.0005302999925334007
5598,DI,50,1950,50,67,2.3495370819299092e-15,6.661338147750939e-16,0.00019639998208731413
5599,WMI,50,1950,50,67,2.4461893395779552e-15,8.881784197001252e-16,0.0002521999995224178
5600,ISM,50,1950,50,67,0.2583927896355822,0.0382266322191831,0.0005179999861866236
5601,DI,50,1950,50,68,2.3495370819299092e-15,6.661338147750939e-16,0.0002023999986704439
5602,WMI,50,1950,50,68,2.4461893395779552e-15,8.881784197001252e-16,0.00025060001644305885
5603,ISM,50,1950,50,68,0.2583927896355822,0.0382266322191831,0.000512800004798919
5604,DI,50,1950,50,69,2.3495370819299092e-15,6.661338147750939e-16,0.00020310000400058925
5605,WMI,50,1950,50,69,2.4461893395779552e-15,8.881784197001252e-16,0.00021979998564347625
5606,ISM,50,1950,50,69,0.2583927896355822,0.0382266322191831,0.0005106999888084829
5607,DI,50,1950,50,70,2.3495370819299092e-15,6.661338147750939e-16,0.00020310000400058925
5608,WMI,50,1950,50,70,2.4461893395779552e-15,8.881784197001252e-16,0.0002471999905537814
5609,ISM,50,1950,50,70,0.2583927896355822,0.0382266322191831,0.0005429000011645257
5610,DI,50,1950,50,71,2.3495370819299092e-15,6.661338147750939e-16,0.00021810000180266798
5611,WMI,50,1950,50,71,2.4461893395779552e-15,8.881784197001252e-16,0.00023269999655894935
5612,ISM,50,1950,50,71,0.2583927896355822,0.0382266322191831,0.0005356000037863851
5613,DI,50,1950,50,72,2.3495370819299092e-15,6.661338147750939e-16,0.00019699998665601015
5614,WMI,50,1950,50,72,2.4461893395779552e-15,8.881784197001252e-16,0.0002432999899610877
5615,ISM,50,1950,50,72,0.2583927896355822,0.0382266322191831,0.0005459999956656247
5616,DI,50,1950,50,73,2.3495370819299092e-15,6.661338147750939e-16,0.00021090000518597662
5617,WMI,50,1950,50,73,2.4461893395779552e-15,8.881784197001252e-16,0.00023140001576393843
5618,ISM,50,1950,50,73,0.2583927896355822,0.0382266322191831,0.000513100007083267
5619,DI,50,1950,50,74,2.3495370819299092e-15,6.661338147750939e-16,0.0002280999906361103
5620,WMI,50,1950,50,74,2.4461893395779552e-15,8.881784197001252e-16,0.00025069998810067773
5621,ISM,50,1950,50,74,0.2583927896355822,0.0382266322191831,0.0006027999916113913
5622,DI,50,1950,50,75,2.3495370819299092e-15,6.661338147750939e-16,0.0003459000145085156
5623,WMI,50,1950,50,75,2.4461893395779552e-15,8.881784197001252e-16,0.0002568999771028757
5624,ISM,50,1950,50,75,0.2583927896355822,0.0382266322191831,0.0005184999899938703
5625,DI,50,1950,50,76,2.3495370819299092e-15,6.661338147750939e-16,0.00020560002303682268
5626,WMI,50,1950,50,76,2.4461893395779552e-15,8.881784197001252e-16,0.00024349999148398638
5627,ISM,50,1950,50,76,0.2583927896355822,0.0382266322191831,0.0005120999994687736
5628,DI,50,1950,50,77,2.3495370819299092e-15,6.661338147750939e-16,0.00020299997413530946
5629,WMI,50,1950,50,77,2.4461893395779552e-15,8.881784197001252e-16,0.00023479998344555497
5630,ISM,50,1950,50,77,0.2583927896355822,0.0382266322191831,0.000544599985005334
5631,DI,50,1950,50,78,2.3495370819299092e-15,6.661338147750939e-16,0.00019970000721514225
5632,WMI,50,1950,50,78,2.4461893395779552e-15,8.881784197001252e-16,0.00024729999131523073
5633,ISM,50,1950,50,78,0.2583927896355822,0.0382266322191831,0.0005356000037863851
5634,DI,50,1950,50,79,2.3495370819299092e-15,6.661338147750939e-16,0.00018089998047798872
5635,WMI,50,1950,50,79,2.4461893395779552e-15,8.881784197001252e-16,0.0002503999858163297
5636,ISM,50,1950,50,79,0.2583927896355822,0.0382266322191831,0.0005381999944802374
5637,DI,50,1950,50,80,2.3495370819299092e-15,6.661338147750939e-16,0.00020139999105595052
5638,WMI,50,1950,50,80,2.4461893395779552e-15,8.881784197001252e-16,0.0002471999905537814
5639,ISM,50,1950,50,80,0.2583927896355822,0.0382266322191831,0.0005357000045478344
5640,DI,50,1950,50,81,2.3495370819299092e-15,6.661338147750939e-16,0.00020710000535473228
5641,WMI,50,1950,50,81,2.4461893395779552e-15,8.881784197001252e-16,0.00023399997735396028
5642,ISM,50,1950,50,81,0.2583927896355822,0.0382266322191831,0.0005225999921094626
5643,DI,50,1950,50,82,2.3495370819299092e-15,6.661338147750939e-16,0.00019920000340789557
5644,WMI,50,1950,50,82,2.4461893395779552e-15,8.881784197001252e-16,0.00024759999359957874
5645,ISM,50,1950,50,82,0.2583927896355822,0.0382266322191831,0.0005458999949041754
5646,DI,50,1950,50,83,2.3495370819299092e-15,6.661338147750939e-16,0.00020959999528713524
5647,WMI,50,1950,50,83,2.4461893395779552e-15,8.881784197001252e-16,0.000229199999012053
5648,ISM,50,1950,50,83,0.2583927896355822,0.0382266322191831,0.0005362000083550811
5649,DI,50,1950,50,84,2.3495370819299092e-15,6.661338147750939e-16,0.0001866999955382198
5650,WMI,50,1950,50,84,2.4461893395779552e-15,8.881784197001252e-16,0.0002406999992672354
5651,ISM,50,1950,50,84,0.2583927896355822,0.0382266322191831,0.0005151999939698726
5652,DI,50,1950,50,85,2.3495370819299092e-15,6.661338147750939e-16,0.00022310001077130437
5653,WMI,50,1950,50,85,2.4461893395779552e-15,8.881784197001252e-16,0.00022230000467970967
5654,ISM,50,1950,50,85,0.2583927896355822,0.0382266322191831,0.0005113999941386282
5655,DI,50,1950,50,86,2.3495370819299092e-15,6.661338147750939e-16,0.00020299997413530946
5656,WMI,50,1950,50,86,2.4461893395779552e-15,8.881784197001252e-16,0.00022120002540759742
5657,ISM,50,1950,50,86,0.2583927896355822,0.0382266322191831,0.0005424999981187284
5658,DI,50,1950,50,87,2.3495370819299092e-15,6.661338147750939e-16,0.00022569997236132622
5659,WMI,50,1950,50,87,2.4461893395779552e-15,8.881784197001252e-16,0.00022570000146515667
5660,ISM,50,1950,50,87,0.2583927896355822,0.0382266322191831,0.0007928999839350581
5661,DI,50,1950,50,88,2.3495370819299092e-15,6.661338147750939e-16,0.00018130001262761652
5662,WMI,50,1950,50,88,2.4461893395779552e-15,8.881784197001252e-16,0.00019530000281520188
5663,ISM,50,1950,50,88,0.2583927896355822,0.0382266322191831,0.0005426999996416271
5664,DI,50,1950,50,89,2.3495370819299092e-15,6.661338147750939e-16,0.0001647000026423484
5665,WMI,50,1950,50,89,2.4461893395779552e-15,8.881784197001252e-16,0.000908799993339926
5666,ISM,50,1950,50,89,0.2583927896355822,0.0382266322191831,0.0005225999921094626
5667,DI,50,1950,50,90,2.3495370819299092e-15,6.661338147750939e-16,0.0005421999958343804
5668,WMI,50,1950,50,90,2.4461893395779552e-15,8.881784197001252e-16,0.00021440000273287296
5669,ISM,50,1950,50,90,0.2583927896355822,0.0382266322191831,0.0005384999967645854
5670,DI,50,1950,50,91,2.3495370819299092e-15,6.661338147750939e-16,0.000172999978531152
5671,WMI,50,1950,50,91,2.4461893395779552e-15,8.881784197001252e-16,0.0001998000079765916
5672,ISM,50,1950,50,91,0.2583927896355822,0.0382266322191831,0.0005358000053092837
5673,DI,50,1950,50,92,2.3495370819299092e-15,6.661338147750939e-16,0.00017260000458918512
5674,WMI,50,1950,50,92,2.4461893395779552e-15,8.881784197001252e-16,0.00019809999503195286
5675,ISM,50,1950,50,92,0.2583927896355822,0.0382266322191831,0.0005363000091165304
5676,DI,50,1950,50,93,2.3495370819299092e-15,6.661338147750939e-16,0.00018160001491196454
5677,WMI,50,1950,50,93,2.4461893395779552e-15,8.881784197001252e-16,0.0002355000178795308
5678,ISM,50,1950,50,93,0.2583927896355822,0.0382266322191831,0.0006480999873019755
5679,DI,50,1950,50,94,2.3495370819299092e-15,6.661338147750939e-16,0.00026359999901615083
5680,WMI,50,1950,50,94,2.4461893395779552e-15,8.881784197001252e-16,0.0002727000101003796
5681,ISM,50,1950,50,94,0.2583927896355822,0.0382266322191831,0.0005436000064946711
5682,DI,50,1950,50,95,2.3495370819299092e-15,6.661338147750939e-16,0.00020420001237653196
5683,WMI,50,1950,50,95,2.4461893395779552e-15,8.881784197001252e-16,0.00022960000205785036
5684,ISM,50,1950,50,95,0.2583927896355822,0.0382266322191831,0.0005189999938011169
5685,DI,50,1950,50,96,2.3495370819299092e-15,6.661338147750939e-16,0.0002108000044245273
5686,WMI,50,1950,50,96,2.4461893395779552e-15,8.881784197001252e-16,0.0002224999770987779
5687,ISM,50,1950,50,96,0.2583927896355822,0.0382266322191831,0.0005080999981146306
5688,DI,50,1950,50,97,2.3495370819299092e-15,6.661338147750939e-16,0.0002135000249836594
5689,WMI,50,1950,50,97,2.4461893395779552e-15,8.881784197001252e-16,0.00028160001966170967
5690,ISM,50,1950,50,97,0.2583927896355822,0.0382266322191831,0.0005122000002302229
5691,DI,50,1950,50,98,2.3495370819299092e-15,6.661338147750939e-16,0.00021889997879043221
5692,WMI,50,1950,50,98,2.4461893395779552e-15,8.881784197001252e-16,0.0002571999793872237
5693,ISM,50,1950,50,98,0.2583927896355822,0.0382266322191831,0.0005462999979499727
5694,DI,50,1950,50,99,2.3495370819299092e-15,6.661338147750939e-16,0.0002041999832727015
5695,WMI,50,1950,50,99,2.4461893395779552e-15,8.881784197001252e-16,0.0002494000073056668
5696,ISM,50,1950,50,99,0.2583927896355822,0.0382266322191831,0.0005118999979458749
5697,DI,50,1950,50,100,2.3495370819299092e-15,6.661338147750939e-16,0.0002300000051036477
5698,WMI,50,1950,50,100,2.4461893395779552e-15,8.881784197001252e-16,0.0002423000114504248
5699,ISM,50,1950,50,100,0.2583927896355822,0.0382266322191831,0.0008036000072024763
5700,DI,50,1950,50,101,2.3495370819299092e-15,6.661338147750939e-16,0.00043039998854510486
5701,WMI,50,1950,50,101,2.4461893395779552e-15,8.881784197001252e-16,0.0001967000134754926
5702,ISM,50,1950,50,101,0.2583927896355822,0.0382266322191831,0.000513400009367615
5703,DI,50,1950,50,102,2.3495370819299092e-15,6.661338147750939e-16,0.0002972000220324844
5704,WMI,50,1950,50,102,2.4461893395779552e-15,8.881784197001252e-16,0.00021359999664127827
5705,ISM,50,1950,50,102,0.2583927896355822,0.0382266322191831,0.0005645999917760491
5706,DI,50,1950,50,103,2.3495370819299092e-15,6.661338147750939e-16,0.00017549999756738544
5707,WMI,50,1950,50,103,2.4461893395779552e-15,8.881784197001252e-16,0.0003871000080835074
5708,ISM,50,1950,50,103,0.2583927896355822,0.0382266322191831,0.00115709999226965
5709,DI,50,1950,50,104,2.3495370819299092e-15,6.661338147750939e-16,0.0003394999948795885
5710,WMI,50,1950,50,104,2.4461893395779552e-15,8.881784197001252e-16,0.00045089999912306666
5711,ISM,50,1950,50,104,0.2583927896355822,0.0382266322191831,0.0005212999822106212
5712,DI,50,1950,50,105,2.3495370819299092e-15,6.661338147750939e-16,0.0002812999882735312
5713,WMI,50,1950,50,105,2.4461893395779552e-15,8.881784197001252e-16,0.00034180001239292324
5714,ISM,50,1950,50,105,0.2583927896355822,0.0382266322191831,0.0005305999948177487
5715,DI,50,1950,50,106,2.3495370819299092e-15,6.661338147750939e-16,0.00031049997778609395
5716,WMI,50,1950,50,106,2.4461893395779552e-15,8.881784197001252e-16,0.0003741999971680343
5717,ISM,50,1950,50,106,0.2583927896355822,0.0382266322191831,0.0005662000039592385
5718,DI,50,1950,50,107,2.3495370819299092e-15,6.661338147750939e-16,0.00030839999089948833
5719,WMI,50,1950,50,107,2.4461893395779552e-15,8.881784197001252e-16,0.00038159999530762434
5720,ISM,50,1950,50,107,0.2583927896355822,0.0382266322191831,0.0008131999929901212
5721,DI,50,1950,50,108,2.3495370819299092e-15,6.661338147750939e-16,0.00027409999165683985
5722,WMI,50,1950,50,108,2.4461893395779552e-15,8.881784197001252e-16,0.0003589999978430569
5723,ISM,50,1950,50,108,0.2583927896355822,0.0382266322191831,0.0007288999913726002
5724,DI,50,1950,50,109,2.3495370819299092e-15,6.661338147750939e-16,0.00025430001551285386
5725,WMI,50,1950,50,109,2.4461893395779552e-15,8.881784197001252e-16,0.0002887000155169517
5726,ISM,50,1950,50,109,0.2583927896355822,0.0382266322191831,0.0005123000009916723
5727,DI,50,1950,50,110,2.3495370819299092e-15,6.661338147750939e-16,0.0002916999801527709
5728,WMI,50,1950,50,110,2.4461893395779552e-15,8.881784197001252e-16,0.00036959999124519527
5729,ISM,50,1950,50,110,0.2583927896355822,0.0382266322191831,0.000693199981469661
5730,DI,50,1950,50,111,2.3495370819299092e-15,6.661338147750939e-16,0.0002694999857340008
5731,WMI,50,1950,50,111,2.4461893395779552e-15,8.881784197001252e-16,0.0004167000006418675
5732,ISM,50,1950,50,111,0.2583927896355822,0.0382266322191831,0.0005851000023540109
5733,DI,50,1950,50,112,2.3495370819299092e-15,6.661338147750939e-16,0.0003118000167887658
5734,WMI,50,1950,50,112,2.4461893395779552e-15,8.881784197001252e-16,0.00035280000884085894
5735,ISM,50,1950,50,112,0.2583927896355822,0.0382266322191831,0.0007596999930683523
5736,DI,50,1950,50,113,2.3495370819299092e-15,6.661338147750939e-16,0.00023120001424103975
5737,WMI,50,1950,50,113,2.4461893395779552e-15,8.881784197001252e-16,0.0003305000136606395
5738,ISM,50,1950,50,113,0.2583927896355822,0.0382266322191831,0.000513700011651963
5739,DI,50,1950,50,114,2.3495370819299092e-15,6.661338147750939e-16,0.0002617000136524439
5740,WMI,50,1950,50,114,2.4461893395779552e-15,8.881784197001252e-16,0.00039579998701810837
5741,ISM,50,1950,50,114,0.2583927896355822,0.0382266322191831,0.0007214999932330102
5742,DI,50,1950,50,115,2.3495370819299092e-15,6.661338147750939e-16,0.000302100001135841
5743,WMI,50,1950,50,115,2.4461893395779552e-15,8.881784197001252e-16,0.0003470999945420772
5744,ISM,50,1950,50,115,0.2583927896355822,0.0382266322191831,0.0006790999905206263
5745,DI,50,1950,50,116,2.3495370819299092e-15,6.661338147750939e-16,0.00029940000968053937
5746,WMI,50,1950,50,116,2.4461893395779552e-15,8.881784197001252e-16,0.0003360999980941415
5747,ISM,50,1950,50,116,0.2583927896355822,0.0382266322191831,0.0005142000154592097
5748,DI,50,1950,50,117,2.3495370819299092e-15,6.661338147750939e-16,0.00030330001027323306
5749,WMI,50,1950,50,117,2.4461893395779552e-15,8.881784197001252e-16,0.00046369998017326
5750,ISM,50,1950,50,117,0.2583927896355822,0.0382266322191831,0.0007157999789342284
5751,DI,50,1950,50,118,2.3495370819299092e-15,6.661338147750939e-16,0.0004079999926034361
5752,WMI,50,1950,50,118,2.4461893395779552e-15,8.881784197001252e-16,0.0004222999850753695
5753,ISM,50,1950,50,118,0.2583927896355822,0.0382266322191831,0.0005209000082686543
5754,DI,50,1950,50,119,2.3495370819299092e-15,6.661338147750939e-16,0.0003349000180605799
5755,WMI,50,1950,50,119,2.4461893395779552e-15,8.881784197001252e-16,0.0006772000051569194
5756,ISM,50,1950,50,119,0.2583927896355822,0.0382266322191831,0.0005299999902490526
5757,DI,50,1950,50,120,2.3495370819299092e-15,6.661338147750939e-16,0.0003330000035930425
5758,WMI,50,1950,50,120,2.4461893395779552e-15,8.881784197001252e-16,0.000384299986762926
5759,ISM,50,1950,50,120,0.2583927896355822,0.0382266322191831,0.0010551000013947487
5760,DI,50,1950,50,121,2.3495370819299092e-15,6.661338147750939e-16,0.0003291000030003488
5761,WMI,50,1950,50,121,2.4461893395779552e-15,8.881784197001252e-16,0.00037510000402107835
5762,ISM,50,1950,50,121,0.2583927896355822,0.0382266322191831,0.0008713999995961785
5763,DI,50,1950,50,122,2.3495370819299092e-15,6.661338147750939e-16,0.00026420000358484685
5764,WMI,50,1950,50,122,2.4461893395779552e-15,8.881784197001252e-16,0.0003389999910723418
5765,ISM,50,1950,50,122,0.2583927896355822,0.0382266322191831,0.0005531999922823161
5766,DI,50,1950,50,123,2.3495370819299092e-15,6.661338147750939e-16,0.000222400005441159
5767,WMI,50,1950,50,123,2.4461893395779552e-15,8.881784197001252e-16,0.0003223999810870737
5768,ISM,50,1950,50,123,0.2583927896355822,0.0382266322191831,0.000736100017093122
5769,DI,50,1950,50,124,2.3495370819299092e-15,6.661338147750939e-16,0.0002536000101827085
5770,WMI,50,1950,50,124,2.4461893395779552e-15,8.881784197001252e-16,0.0002570000069681555
5771,ISM,50,1950,50,124,0.2583927896355822,0.0382266322191831,0.0005110999918542802
5772,DI,50,1950,50,125,2.3495370819299092e-15,6.661338147750939e-16,0.00021090000518597662
5773,WMI,50,1950,50,125,2.4461893395779552e-15,8.881784197001252e-16,0.0002817999920807779
5774,ISM,50,1950,50,125,0.2583927896355822,0.0382266322191831,0.0005111999926157296
5775,DI,50,1950,50,126,2.3495370819299092e-15,6.661338147750939e-16,0.00018179998733103275
5776,WMI,50,1950,50,126,2.4461893395779552e-15,8.881784197001252e-16,0.00038159999530762434
5777,ISM,50,1950,50,126,0.2583927896355822,0.0382266322191831,0.0005278999742586166
5778,DI,50,1950,50,127,2.3495370819299092e-15,6.661338147750939e-16,0.00022059999173507094
5779,WMI,50,1950,50,127,2.4461893395779552e-15,8.881784197001252e-16,0.0002306999813299626
5780,ISM,50,1950,50,127,0.2583927896355822,0.0382266322191831,0.0005156999977771193
5781,DI,50,1950,50,128,2.3495370819299092e-15,6.661338147750939e-16,0.00023089998285286129
5782,WMI,50,1950,50,128,2.4461893395779552e-15,8.881784197001252e-16,0.00024349999148398638
5783,ISM,50,1950,50,128,0.2583927896355822,0.0382266322191831,0.0005161000008229166
5784,DI,50,1950,50,129,2.3495370819299092e-15,6.661338147750939e-16,0.00022200000239536166
5785,WMI,50,1950,50,129,2.4461893395779552e-15,8.881784197001252e-16,0.00022950000129640102
5786,ISM,50,1950,50,129,0.2583927896355822,0.0382266322191831,0.0005160000000614673
5787,DI,50,1950,50,130,2.3495370819299092e-15,6.661338147750939e-16,0.00023589999182149768
5788,WMI,50,1950,50,130,2.4461893395779552e-15,8.881784197001252e-16,0.0002246999938506633
5789,ISM,50,1950,50,130,0.2583927896355822,0.0382266322191831,0.0005113999941386282
5790,DI,50,1950,50,131,2.3495370819299092e-15,6.661338147750939e-16,0.0002135000249836594
5791,WMI,50,1950,50,131,2.4461893395779552e-15,8.881784197001252e-16,0.00023259999579750001
5792,ISM,50,1950,50,131,0.2583927896355822,0.0382266322191831,0.0005136000108905137
5793,DI,50,1950,50,132,2.3495370819299092e-15,6.661338147750939e-16,0.00020190002396702766
5794,WMI,50,1950,50,132,2.4461893395779552e-15,8.881784197001252e-16,0.00023129998589865863
5795,ISM,50,1950,50,132,0.2583927896355822,0.0382266322191831,0.0005114999949000776
5796,DI,50,1950,50,133,2.3495370819299092e-15,6.661338147750939e-16,0.0002334000018890947
5797,WMI,50,1950,50,133,2.4461893395779552e-15,8.881784197001252e-16,0.00022650000755675137
5798,ISM,50,1950,50,133,0.2583927896355822,0.0382266322191831,0.0005704999784938991
5799,DI,50,1950,50,134,2.3495370819299092e-15,6.661338147750939e-16,0.00021250001736916602
5800,WMI,50,1950,50,134,2.4461893395779552e-15,8.881784197001252e-16,0.00022459999308921397
5801,ISM,50,1950,50,134,0.2583927896355822,0.0382266322191831,0.000513700011651963
5802,DI,50,1950,50,135,2.3495370819299092e-15,6.661338147750939e-16,0.00042910000775009394
5803,WMI,50,1950,50,135,2.4461893395779552e-15,8.881784197001252e-16,0.000364200008334592
5804,ISM,50,1950,50,135,0.2583927896355822,0.0382266322191831,0.0006425999745260924
5805,DI,50,1950,50,136,2.3495370819299092e-15,6.661338147750939e-16,0.00026679999427869916
5806,WMI,50,1950,50,136,2.4461893395779552e-15,8.881784197001252e-16,0.0002775000175461173
5807,ISM,50,1950,50,136,0.2583927896355822,0.0382266322191831,0.0005674000130966306
5808,DI,50,1950,50,137,2.3495370819299092e-15,6.661338147750939e-16,0.00026309999520890415
5809,WMI,50,1950,50,137,2.4461893395779552e-15,8.881784197001252e-16,0.0003361999988555908
5810,ISM,50,1950,50,137,0.2583927896355822,0.0382266322191831,0.0005148000200279057
5811,DI,50,1950,50,138,2.3495370819299092e-15,6.661338147750939e-16,0.00020000000949949026
5812,WMI,50,1950,50,138,2.4461893395779552e-15,8.881784197001252e-16,0.0003173000004608184
5813,ISM,50,1950,50,138,0.2583927896355822,0.0382266322191831,0.0007088000129442662
5814,DI,50,1950,50,139,2.3495370819299092e-15,6.661338147750939e-16,0.0002654999843798578
5815,WMI,50,1950,50,139,2.4461893395779552e-15,8.881784197001252e-16,0.00031030000536702573
5816,ISM,50,1950,50,139,0.2583927896355822,0.0382266322191831,0.0005855000053998083
5817,DI,50,1950,50,140,2.3495370819299092e-15,6.661338147750939e-16,0.0002227999793831259
5818,WMI,50,1950,50,140,2.4461893395779552e-15,8.881784197001252e-16,0.00041810001130215824
5819,ISM,50,1950,50,140,0.2583927896355822,0.0382266322191831,0.0005130000063218176
5820,DI,50,1950,50,141,2.3495370819299092e-15,6.661338147750939e-16,0.00029609998455271125
5821,WMI,50,1950,50,141,2.4461893395779552e-15,8.881784197001252e-16,0.0003969999961555004
5822,ISM,50,1950,50,141,0.2583927896355822,0.0382266322191831,0.0007190999749582261
5823,DI,50,1950,50,142,2.3495370819299092e-15,6.661338147750939e-16,0.00029269998776726425
5824,WMI,50,1950,50,142,2.4461893395779552e-15,8.881784197001252e-16,0.0003505999920889735
5825,ISM,50,1950,50,142,0.2583927896355822,0.0382266322191831,0.0006074999982956797
5826,DI,50,1950,50,143,2.3495370819299092e-15,6.661338147750939e-16,0.00040660001104697585
5827,WMI,50,1950,50,143,2.4461893395779552e-15,8.881784197001252e-16,0.0004979999794159085
5828,ISM,50,1950,50,143,0.2583927896355822,0.0382266322191831,0.0005712999845854938
5829,DI,50,1950,50,144,2.3495370819299092e-15,6.661338147750939e-16,0.000294700002996251
5830,WMI,50,1950,50,144,2.4461893395779552e-15,8.881784197001252e-16,0.0005601000157184899
5831,ISM,50,1950,50,144,0.2583927896355822,0.0382266322191831,0.0005802999949082732
5832,DI,50,1950,50,145,2.3495370819299092e-15,6.661338147750939e-16,0.00029570001061074436
5833,WMI,50,1950,50,145,2.4461893395779552e-15,8.881784197001252e-16,0.00034860000596381724
5834,ISM,50,1950,50,145,0.2583927896355822,0.0382266322191831,0.0006596999883186072
5835,DI,50,1950,50,146,2.3495370819299092e-15,6.661338147750939e-16,0.00023289999808184803
5836,WMI,50,1950,50,146,2.4461893395779552e-15,8.881784197001252e-16,0.00024270001449622214
5837,ISM,50,1950,50,146,0.2583927896355822,0.0382266322191831,0.0006249000143725425
5838,DI,50,1950,50,147,2.3495370819299092e-15,6.661338147750939e-16,0.0002175999979954213
5839,WMI,50,1950,50,147,2.4461893395779552e-15,8.881784197001252e-16,0.00024649998522363603
5840,ISM,50,1950,50,147,0.2583927896355822,0.0382266322191831,0.0005169000069145113
5841,DI,50,1950,50,148,2.3495370819299092e-15,6.661338147750939e-16,0.00020699997548945248
5842,WMI,50,1950,50,148,2.4461893395779552e-15,8.881784197001252e-16,0.0002528000040911138
5843,ISM,50,1950,50,148,0.2583927896355822,0.0382266322191831,0.0005082999996375293
5844,DI,50,1950,50,149,2.3495370819299092e-15,6.661338147750939e-16,0.00020480001694522798
5845,WMI,50,1950,50,149,2.4461893395779552e-15,8.881784197001252e-16,0.00022690001060254872
5846,ISM,50,1950,50,149,0.2583927896355822,0.0382266322191831,0.0005738000036217272
5847,DI,50,1950,50,150,2.3495370819299092e-15,6.661338147750939e-16,0.0002894999925047159
5848,WMI,50,1950,50,150,2.4461893395779552e-15,8.881784197001252e-16,0.00028020000900141895
5849,ISM,50,1950,50,150,0.2583927896355822,0.0382266322191831,0.000515899999300018
5850,DI,50,1950,50,151,2.3495370819299092e-15,6.661338147750939e-16,0.00025960002676583827
5851,WMI,50,1950,50,151,2.4461893395779552e-15,8.881784197001252e-16,0.00030590000096708536
5852,ISM,50,1950,50,151,0.2583927896355822,0.0382266322191831,0.0005149999924469739
5853,DI,50,1950,50,152,2.3495370819299092e-15,6.661338147750939e-16,0.00026539998361840844
5854,WMI,50,1950,50,152,2.4461893395779552e-15,8.881784197001252e-16,0.00037590001011267304
5855,ISM,50,1950,50,152,0.2583927896355822,0.0382266322191831,0.0007196000078693032
5856,DI,50,1950,50,153,2.3495370819299092e-15,6.661338147750939e-16,0.00023849998251534998
5857,WMI,50,1950,50,153,2.4461893395779552e-15,8.881784197001252e-16,0.0002311999851372093
5858,ISM,50,1950,50,153,0.2583927896355822,0.0382266322191831,0.0005419999943114817
5859,DI,50,1950,50,154,2.3495370819299092e-15,6.661338147750939e-16,0.0002212999970652163
5860,WMI,50,1950,50,154,2.4461893395779552e-15,8.881784197001252e-16,0.00023430000874213874
5861,ISM,50,1950,50,154,0.2583927896355822,0.0382266322191831,0.0005111999926157296
5862,DI,50,1950,50,155,2.3495370819299092e-15,6.661338147750939e-16,0.00019809999503195286
5863,WMI,50,1950,50,155,2.4461893395779552e-15,8.881784197001252e-16,0.00022879999596625566
5864,ISM,50,1950,50,155,0.2583927896355822,0.0382266322191831,0.0005114999949000776
5865,DI,50,1950,50,156,2.3495370819299092e-15,6.661338147750939e-16,0.00019809999503195286
5866,WMI,50,1950,50,156,2.4461893395779552e-15,8.881784197001252e-16,0.0002491000050213188
5867,ISM,50,1950,50,156,0.2583927896355822,0.0382266322191831,0.0005167000053916126
5868,DI,50,1950,50,157,2.3495370819299092e-15,6.661338147750939e-16,0.00020629999926313758
5869,WMI,50,1950,50,157,2.4461893395779552e-15,8.881784197001252e-16,0.00026649999199435115
5870,ISM,50,1950,50,157,0.2583927896355822,0.0382266322191831,0.0005119999987073243
5871,DI,50,1950,50,158,2.3495370819299092e-15,6.661338147750939e-16,0.00019690001499839127
5872,WMI,50,1950,50,158,2.4461893395779552e-15,8.881784197001252e-16,0.00022709998302161694
5873,ISM,50,1950,50,158,0.2583927896355822,0.0382266322191831,0.0005117999971844256
5874,DI,50,1950,50,159,2.3495370819299092e-15,6.661338147750939e-16,0.0003456000122241676
5875,WMI,50,1950,50,159,2.4461893395779552e-15,8.881784197001252e-16,0.0002410000015515834
5876,ISM,50,1950,50,159,0.2583927896355822,0.0382266322191831,0.0005112999933771789
5877,DI,50,1950,50,160,2.3495370819299092e-15,6.661338147750939e-16,0.0002049999893642962
5878,WMI,50,1950,50,160,2.4461893395779552e-15,8.881784197001252e-16,0.0002294000005349517
5879,ISM,50,1950,50,160,0.2583927896355822,0.0382266322191831,0.0005139999848324805
5880,DI,50,1950,50,161,2.3495370819299092e-15,6.661338147750939e-16,0.00020390001009218395
5881,WMI,50,1950,50,161,2.4461893395779552e-15,8.881784197001252e-16,0.00023900001542642713
5882,ISM,50,1950,50,161,0.2583927896355822,0.0382266322191831,0.0005116999964229763
5883,DI,50,1950,50,162,2.3495370819299092e-15,6.661338147750939e-16,0.00020429998403415084
5884,WMI,50,1950,50,162,2.4461893395779552e-15,8.881784197001252e-16,0.00023419997887685895
5885,ISM,50,1950,50,162,0.2583927896355822,0.0382266322191831,0.00050970001029782
5886,DI,50,1950,50,163,2.3495370819299092e-15,6.661338147750939e-16,0.00022800001897849143
5887,WMI,50,1950,50,163,2.4461893395779552e-15,8.881784197001252e-16,0.00021329999435693026
5888,ISM,50,1950,50,163,0.2583927896355822,0.0382266322191831,0.0005064999859314412
5889,DI,50,1950,50,164,2.3495370819299092e-15,6.661338147750939e-16,0.00019719998817890882
5890,WMI,50,1950,50,164,2.4461893395779552e-15,8.881784197001252e-16,0.00022139999782666564
5891,ISM,50,1950,50,164,0.2583927896355822,0.0382266322191831,0.0005090000049676746
5892,DI,50,1950,50,165,2.3495370819299092e-15,6.661338147750939e-16,0.00020909999147988856
5893,WMI,50,1950,50,165,2.4461893395779552e-15,8.881784197001252e-16,0.00022029998945072293
5894,ISM,50,1950,50,165,0.2583927896355822,0.0382266322191831,0.0005090000049676746
5895,DI,50,1950,50,166,2.3495370819299092e-15,6.661338147750939e-16,0.00019529997371137142
5896,WMI,50,1950,50,166,2.4461893395779552e-15,8.881784197001252e-16,0.0002179000002797693
5897,ISM,50,1950,50,166,0.2583927896355822,0.0382266322191831,0.000510900019435212
5898,DI,50,1950,50,167,2.3495370819299092e-15,6.661338147750939e-16,0.0002161000156775117
5899,WMI,50,1950,50,167,2.4461893395779552e-15,8.881784197001252e-16,0.00022590000298805535
5900,ISM,50,1950,50,167,0.2583927896355822,0.0382266322191831,0.0007578999793622643
5901,DI,50,1950,50,168,2.3495370819299092e-15,6.661338147750939e-16,0.0004888999974355102
5902,WMI,50,1950,50,168,2.4461893395779552e-15,8.881784197001252e-16,0.0002398999931756407
5903,ISM,50,1950,50,168,0.2583927896355822,0.0382266322191831,0.0005247000080998987
5904,DI,50,1950,50,169,2.3495370819299092e-15,6.661338147750939e-16,0.00022419999004341662
5905,WMI,50,1950,50,169,2.4461893395779552e-15,8.881784197001252e-16,0.00023880001390352845
5906,ISM,50,1950,50,169,0.2583927896355822,0.0382266322191831,0.0005158000276423991
5907,DI,50,1950,50,170,2.3495370819299092e-15,6.661338147750939e-16,0.00021050000214017928
5908,WMI,50,1950,50,170,2.4461893395779552e-15,8.881784197001252e-16,0.000229199999012053
5909,ISM,50,1950,50,170,0.2583927896355822,0.0382266322191831,0.0005120999994687736
5910,DI,50,1950,50,171,2.3495370819299092e-15,6.661338147750939e-16,0.00020849998691119254
5911,WMI,50,1950,50,171,2.4461893395779552e-15,8.881784197001252e-16,0.00023219999275170267
5912,ISM,50,1950,50,171,0.2583927896355822,0.0382266322191831,0.000513400009367615
5913,DI,50,1950,50,172,2.3495370819299092e-15,6.661338147750939e-16,0.00021379999816417694
5914,WMI,50,1950,50,172,2.4461893395779552e-15,8.881784197001252e-16,0.00022990000434219837
5915,ISM,50,1950,50,172,0.2583927896355822,0.0382266322191831,0.0005127000040374696
5916,DI,50,1950,50,173,2.3495370819299092e-15,6.661338147750939e-16,0.0002159999858122319
5917,WMI,50,1950,50,173,2.4461893395779552e-15,8.881784197001252e-16,0.0002452000044286251
5918,ISM,50,1950,50,173,0.2583927896355822,0.0382266322191831,0.000602399988565594
5919,DI,50,1950,50,174,2.3495370819299092e-15,6.661338147750939e-16,0.00036330000148154795
5920,WMI,50,1950,50,174,2.4461893395779552e-15,8.881784197001252e-16,0.00023639999562874436
5921,ISM,50,1950,50,174,0.2583927896355822,0.0382266322191831,0.0005170000076759607
5922,DI,50,1950,50,175,2.3495370819299092e-15,6.661338147750939e-16,0.0002339000056963414
5923,WMI,50,1950,50,175,2.4461893395779552e-15,8.881784197001252e-16,0.00023189999046735466
5924,ISM,50,1950,50,175,0.2583927896355822,0.0382266322191831,0.0005101999850012362
5925,DI,50,1950,50,176,2.3495370819299092e-15,6.661338147750939e-16,0.00022409998928196728
5926,WMI,50,1950,50,176,2.4461893395779552e-15,8.881784197001252e-16,0.00023370000417344272
5927,ISM,50,1950,50,176,0.2583927896355822,0.0382266322191831,0.000514300016220659
5928,DI,50,1950,50,177,2.3495370819299092e-15,6.661338147750939e-16,0.00018939998699352145
5929,WMI,50,1950,50,177,2.4461893395779552e-15,8.881784197001252e-16,0.00022459999308921397
5930,ISM,50,1950,50,177,0.2583927896355822,0.0382266322191831,0.0005145000177435577
5931,DI,50,1950,50,178,2.3495370819299092e-15,6.661338147750939e-16,0.0002263000060338527
5932,WMI,50,1950,50,178,2.4461893395779552e-15,8.881784197001252e-16,0.0002518000255804509
5933,ISM,50,1950,50,178,0.2583927896355822,0.0382266322191831,0.0005114000232424587
5934,DI,50,1950,50,179,2.3495370819299092e-15,6.661338147750939e-16,0.0002001000102609396
5935,WMI,50,1950,50,179,2.4461893395779552e-15,8.881784197001252e-16,0.00021940001170150936
5936,ISM,50,1950,50,179,0.2583927896355822,0.0382266322191831,0.0005092000064905733
5937,DI,50,1950,50,180,2.3495370819299092e-15,6.661338147750939e-16,0.00021840000408701599
5938,WMI,50,1950,50,180,2.4461893395779552e-15,8.881784197001252e-16,0.0002340999781154096
5939,ISM,50,1950,50,180,0.2583927896355822,0.0382266322191831,0.0005169000069145113
5940,DI,50,1950,50,181,2.3495370819299092e-15,6.661338147750939e-16,0.00019210000755265355
5941,WMI,50,1950,50,181,2.4461893395779552e-15,8.881784197001252e-16,0.0002229000092484057
5942,ISM,50,1950,50,181,0.2583927896355822,0.0382266322191831,0.0005089999758638442
5943,DI,50,1950,50,182,2.3495370819299092e-15,6.661338147750939e-16,0.0002649000089149922
5944,WMI,50,1950,50,182,2.4461893395779552e-15,8.881784197001252e-16,0.0002032000047620386
5945,ISM,50,1950,50,182,0.2583927896355822,0.0382266322191831,0.000602399988565594
5946,DI,50,1950,50,183,2.3495370819299092e-15,6.661338147750939e-16,0.00021880000713281333
5947,WMI,50,1950,50,183,2.4461893395779552e-15,8.881784197001252e-16,0.00023509998572990298
5948,ISM,50,1950,50,183,0.2583927896355822,0.0382266322191831,0.0005096000095363706
5949,DI,50,1950,50,184,2.3495370819299092e-15,6.661338147750939e-16,0.00019910000264644623
5950,WMI,50,1950,50,184,2.4461893395779552e-15,8.881784197001252e-16,0.0002463999844621867
5951,ISM,50,1950,50,184,0.2583927896355822,0.0382266322191831,0.0005290000117383897
5952,DI,50,1950,50,185,2.3495370819299092e-15,6.661338147750939e-16,0.00021199998445808887
5953,WMI,50,1950,50,185,2.4461893395779552e-15,8.881784197001252e-16,0.00021729999571107328
5954,ISM,50,1950,50,185,0.2583927896355822,0.0382266322191831,0.0005098999827168882
5955,DI,50,1950,50,186,2.3495370819299092e-15,6.661338147750939e-16,0.0002389000146649778
5956,WMI,50,1950,50,186,2.4461893395779552e-15,8.881784197001252e-16,0.00023370000417344272
5957,ISM,50,1950,50,186,0.2583927896355822,0.0382266322191831,0.0005120999994687736
5958,DI,50,1950,50,187,2.3495370819299092e-15,6.661338147750939e-16,0.00021009999909438193
5959,WMI,50,1950,50,187,2.4461893395779552e-15,8.881784197001252e-16,0.00026190001517534256
5960,ISM,50,1950,50,187,0.2583927896355822,0.0382266322191831,0.0005071999912615865
5961,DI,50,1950,50,188,2.3495370819299092e-15,6.661338147750939e-16,0.00016870000399649143
5962,WMI,50,1950,50,188,2.4461893395779552e-15,8.881784197001252e-16,0.0002366000262554735
5963,ISM,50,1950,50,188,0.2583927896355822,0.0382266322191831,0.0005098999827168882
5964,DI,50,1950,50,189,2.3495370819299092e-15,6.661338147750939e-16,0.0002471999905537814
5965,WMI,50,1950,50,189,2.4461893395779552e-15,8.881784197001252e-16,0.00021739999647252262
5966,ISM,50,1950,50,189,0.2583927896355822,0.0382266322191831,0.0005065999866928905
5967,DI,50,1950,50,190,2.3495370819299092e-15,6.661338147750939e-16,0.00021100000594742596
5968,WMI,50,1950,50,190,2.4461893395779552e-15,8.881784197001252e-16,0.00022799998987466097
5969,ISM,50,1950,50,190,0.2583927896355822,0.0382266322191831,0.0005104999872855842
5970,DI,50,1950,50,191,2.3495370819299092e-15,6.661338147750939e-16,0.000235399988014251
5971,WMI,50,1950,50,191,2.4461893395779552e-15,8.881784197001252e-16,0.0002437999937683344
5972,ISM,50,1950,50,191,0.2583927896355822,0.0382266322191831,0.0005167000053916126
5973,DI,50,1950,50,192,2.3495370819299092e-15,6.661338147750939e-16,0.00020680000307038426
5974,WMI,50,1950,50,192,2.4461893395779552e-15,8.881784197001252e-16,0.0002521999995224178
5975,ISM,50,1950,50,192,0.2583927896355822,0.0382266322191831,0.0005049000028520823
5976,DI,50,1950,50,193,2.3495370819299092e-15,6.661338147750939e-16,0.0002099999983329326
5977,WMI,50,1950,50,193,2.4461893395779552e-15,8.881784197001252e-16,0.0002449000021442771
5978,ISM,50,1950,50,193,0.2583927896355822,0.0382266322191831,0.0005063999851699919
5979,DI,50,1950,50,194,2.3495370819299092e-15,6.661338147750939e-16,0.00021490000654011965
5980,WMI,50,1950,50,194,2.4461893395779552e-15,8.881784197001252e-16,0.0002429000160191208
5981,ISM,50,1950,50,194,0.2583927896355822,0.0382266322191831,0.0005093999789096415
5982,DI,50,1950,50,195,2.3495370819299092e-15,6.661338147750939e-16,0.00018450000789016485
5983,WMI,50,1950,50,195,2.4461893395779552e-15,8.881784197001252e-16,0.00025359998107887805
5984,ISM,50,1950,50,195,0.2583927896355822,0.0382266322191831,0.0005102000141050667
5985,DI,50,1950,50,196,2.3495370819299092e-15,6.661338147750939e-16,0.00019730001804418862
5986,WMI,50,1950,50,196,2.4461893395779552e-15,8.881784197001252e-16,0.00023540001711808145
5987,ISM,50,1950,50,196,0.2583927896355822,0.0382266322191831,0.0006964000058360398
5988,DI,50,1950,50,197,2.3495370819299092e-15,6.661338147750939e-16,0.0002314999874215573
5989,WMI,50,1950,50,197,2.4461893395779552e-15,8.881784197001252e-16,0.00024950000806711614
5990,ISM,50,1950,50,197,0.2583927896355822,0.0382266322191831,0.0008530000050086528
5991,DI,50,1950,50,198,2.3495370819299092e-15,6.661338147750939e-16,0.0002742999931797385
5992,WMI,50,1950,50,198,2.4461893395779552e-15,8.881784197001252e-16,0.00046510001993738115
5993,ISM,50,1950,50,198,0.2583927896355822,0.0382266322191831,0.0006050000083632767
5994,DI,50,1950,50,199,2.3495370819299092e-15,6.661338147750939e-16,0.00037510000402107835
5995,WMI,50,1950,50,199,2.4461893395779552e-15,8.881784197001252e-16,0.0005526000168174505
5996,ISM,50,1950,50,199,0.2583927896355822,0.0382266322191831,0.000517400010721758
5997,DI,50,1950,50,200,2.3495370819299092e-15,6.661338147750939e-16,0.0004927999980282038
5998,WMI,50,1950,50,200,2.4461893395779552e-15,8.881784197001252e-16,0.0009538000158499926
5999,ISM,50,1950,50,200,0.2583927896355822,0.0382266322191831,0.0023129000037442893
6000,DI,50,1900,100,1,2.365532325861657e-15,8.881784197001252e-16,0.000603899999987334
6001,WMI,50,1900,100,1,2.6535899035054646e-15,8.881784197001252e-16,0.0013119000068400055
6002,ISM,50,1900,100,1,0.4713697060757983,0.08163744801637818,0.0011323000071570277
6003,DI,50,1900,100,2,2.365532325861657e-15,8.881784197001252e-16,0.000454699998954311
6004,WMI,50,1900,100,2,2.6535899035054646e-15,8.881784197001252e-16,0.0013045000087004155
6005,ISM,50,1900,100,2,0.4713697060757983,0.08163744801637818,0.0011005999986082315
6006,DI,50,1900,100,3,2.365532325861657e-15,8.881784197001252e-16,0.0003662999952211976
6007,WMI,50,1900,100,3,2.6535899035054646e-15,8.881784197001252e-16,0.000901399995200336
6008,ISM,50,1900,100,3,0.4713697060757983,0.08163744801637818,0.0009796000085771084
6009,DI,50,1900,100,4,2.365532325861657e-15,8.881784197001252e-16,0.0003547999949660152
6010,WMI,50,1900,100,4,2.6535899035054646e-15,8.881784197001252e-16,0.0013380000018514693
6011,ISM,50,1900,100,4,0.4713697060757983,0.08163744801637818,0.004491300001973286
6012,DI,50,1900,100,5,2.365532325861657e-15,8.881784197001252e-16,0.0005595000111497939
6013,WMI,50,1900,100,5,2.6535899035054646e-15,8.881784197001252e-16,0.001396900013787672
6014,ISM,50,1900,100,5,0.4713697060757983,0.08163744801637818,0.0010584999981801957
6015,DI,50,1900,100,6,2.365532325861657e-15,8.881784197001252e-16,0.0003643000090960413
6016,WMI,50,1900,100,6,2.6535899035054646e-15,8.881784197001252e-16,0.0012891999795101583
6017,ISM,50,1900,100,6,0.4713697060757983,0.08163744801637818,0.0021826000011060387
6018,DI,50,1900,100,7,2.365532325861657e-15,8.881784197001252e-16,0.0004498999915085733
6019,WMI,50,1900,100,7,2.6535899035054646e-15,8.881784197001252e-16,0.0013088000123389065
6020,ISM,50,1900,100,7,0.4713697060757983,0.08163744801637818,0.004654899996239692
6021,DI,50,1900,100,8,2.365532325861657e-15,8.881784197001252e-16,0.0005002999969292432
6022,WMI,50,1900,100,8,2.6535899035054646e-15,8.881784197001252e-16,0.0012658000050578266
6023,ISM,50,1900,100,8,0.4713697060757983,0.08163744801637818,0.0031672999903094023
6024,DI,50,1900,100,9,2.365532325861657e-15,8.881784197001252e-16,0.00040809999336488545
6025,WMI,50,1900,100,9,2.6535899035054646e-15,8.881784197001252e-16,0.0018368000164628029
6026,ISM,50,1900,100,9,0.4713697060757983,0.08163744801637818,0.0021290999720804393
6027,DI,50,1900,100,10,2.365532325861657e-15,8.881784197001252e-16,0.0004987000138498843
6028,WMI,50,1900,100,10,2.6535899035054646e-15,8.881784197001252e-16,0.001339100010227412
6029,ISM,50,1900,100,10,0.4713697060757983,0.08163744801637818,0.0022375000116880983
6030,DI,50,1900,100,11,2.365532325861657e-15,8.881784197001252e-16,0.0005027000152040273
6031,WMI,50,1900,100,11,2.6535899035054646e-15,8.881784197001252e-16,0.0013465999800246209
6032,ISM,50,1900,100,11,0.4713697060757983,0.08163744801637818,0.0018964000046253204
6033,DI,50,1900,100,12,2.365532325861657e-15,8.881784197001252e-16,0.000443600001744926
6034,WMI,50,1900,100,12,2.6535899035054646e-15,8.881784197001252e-16,0.0011801999935414642
6035,ISM,50,1900,100,12,0.4713697060757983,0.08163744801637818,0.0015449000056833029
6036,DI,50,1900,100,13,2.365532325861657e-15,8.881784197001252e-16,0.0004393999988678843
6037,WMI,50,1900,100,13,2.6535899035054646e-15,8.881784197001252e-16,0.001298599992878735
6038,ISM,50,1900,100,13,0.4713697060757983,0.08163744801637818,0.0013629000168293715
6039,DI,50,1900,100,14,2.365532325861657e-15,8.881784197001252e-16,0.00043909999658353627
6040,WMI,50,1900,100,14,2.6535899035054646e-15,8.881784197001252e-16,0.0011211999808438122
6041,ISM,50,1900,100,14,0.4713697060757983,0.08163744801637818,0.0026943999982904643
6042,DI,50,1900,100,15,2.365532325861657e-15,8.881784197001252e-16,0.000510600017150864
6043,WMI,50,1900,100,15,2.6535899035054646e-15,8.881784197001252e-16,0.001399299973854795
6044,ISM,50,1900,100,15,0.4713697060757983,0.08163744801637818,0.002429499989375472
6045,DI,50,1900,100,16,2.365532325861657e-15,8.881784197001252e-16,0.0004919999919366091
6046,WMI,50,1900,100,16,2.6535899035054646e-15,8.881784197001252e-16,0.0011992999934591353
6047,ISM,50,1900,100,16,0.4713697060757983,0.08163744801637818,0.0015270000149030238
6048,DI,50,1900,100,17,2.365532325861657e-15,8.881784197001252e-16,0.0004521000082604587
6049,WMI,50,1900,100,17,2.6535899035054646e-15,8.881784197001252e-16,0.0012032999948132783
6050,ISM,50,1900,100,17,0.4713697060757983,0.08163744801637818,0.0017473000043537468
6051,DI,50,1900,100,18,2.365532325861657e-15,8.881784197001252e-16,0.0005047000013291836
6052,WMI,50,1900,100,18,2.6535899035054646e-15,8.881784197001252e-16,0.0011190000222995877
6053,ISM,50,1900,100,18,0.4713697060757983,0.08163744801637818,0.002412299974821508
6054,DI,50,1900,100,19,2.365532325861657e-15,8.881784197001252e-16,0.0005217999860178679
6055,WMI,50,1900,100,19,2.6535899035054646e-15,8.881784197001252e-16,0.0016250000044237822
6056,ISM,50,1900,100,19,0.4713697060757983,0.08163744801637818,0.0015558999730274081
6057,DI,50,1900,100,20,2.365532325861657e-15,8.881784197001252e-16,0.0004794000124093145
6058,WMI,50,1900,100,20,2.6535899035054646e-15,8.881784197001252e-16,0.0015890999929979444
6059,ISM,50,1900,100,20,0.4713697060757983,0.08163744801637818,0.00365070000407286
6060,DI,50,1900,100,21,2.365532325861657e-15,8.881784197001252e-16,0.0004189999890513718
6061,WMI,50,1900,100,21,2.6535899035054646e-15,8.881784197001252e-16,0.001591499982168898
6062,ISM,50,1900,100,21,0.4713697060757983,0.08163744801637818,0.0022575000184588134
6063,DI,50,1900,100,22,2.365532325861657e-15,8.881784197001252e-16,0.0004883999936282635
6064,WMI,50,1900,100,22,2.6535899035054646e-15,8.881784197001252e-16,0.0012993999989703298
6065,ISM,50,1900,100,22,0.4713697060757983,0.08163744801637818,0.0021228000114206225
6066,DI,50,1900,100,23,2.365532325861657e-15,8.881784197001252e-16,0.00043559999903663993
6067,WMI,50,1900,100,23,2.6535899035054646e-15,8.881784197001252e-16,0.0012045000039506704
6068,ISM,50,1900,100,23,0.4713697060757983,0.08163744801637818,0.0016850999963935465
6069,DI,50,1900,100,24,2.365532325861657e-15,8.881784197001252e-16,0.00039659999310970306
6070,WMI,50,1900,100,24,2.6535899035054646e-15,8.881784197001252e-16,0.0013177999935578555
6071,ISM,50,1900,100,24,0.4713697060757983,0.08163744801637818,0.0025650000025052577
6072,DI,50,1900,100,25,2.365532325861657e-15,8.881784197001252e-16,0.000624899985268712
6073,WMI,50,1900,100,25,2.6535899035054646e-15,8.881784197001252e-16,0.0013273000076878816
6074,ISM,50,1900,100,25,0.4713697060757983,0.08163744801637818,0.0015586999943479896
6075,DI,50,1900,100,26,2.365532325861657e-15,8.881784197001252e-16,0.00041680000140331686
6076,WMI,50,1900,100,26,2.6535899035054646e-15,8.881784197001252e-16,0.0010412999836262316
6077,ISM,50,1900,100,26,0.4713697060757983,0.08163744801637818,0.0012377999955788255
6078,DI,50,1900,100,27,2.365532325861657e-15,8.881784197001252e-16,0.000433700013672933
6079,WMI,50,1900,100,27,2.6535899035054646e-15,8.881784197001252e-16,0.001192399999126792
6080,ISM,50,1900,100,27,0.4713697060757983,0.08163744801637818,0.001063500007148832
6081,DI,50,1900,100,28,2.365532325861657e-15,8.881784197001252e-16,0.0003601000062189996
6082,WMI,50,1900,100,28,2.6535899035054646e-15,8.881784197001252e-16,0.0012214999878779054
6083,ISM,50,1900,100,28,0.4713697060757983,0.08163744801637818,0.001712299999780953
6084,DI,50,1900,100,29,2.365532325861657e-15,8.881784197001252e-16,0.00026760000037029386
6085,WMI,50,1900,100,29,2.6535899035054646e-15,8.881784197001252e-16,0.0010708000045269728
6086,ISM,50,1900,100,29,0.4713697060757983,0.08163744801637818,0.0023459999938495457
6087,DI,50,1900,100,30,2.365532325861657e-15,8.881784197001252e-16,0.0003559000033419579
6088,WMI,50,1900,100,30,2.6535899035054646e-15,8.881784197001252e-16,0.0009008000197354704
6089,ISM,50,1900,100,30,0.4713697060757983,0.08163744801637818,0.0009560000034980476
6090,DI,50,1900,100,31,2.365532325861657e-15,8.881784197001252e-16,0.00031800000579096377
6091,WMI,50,1900,100,31,2.6535899035054646e-15,8.881784197001252e-16,0.0008392000163439661
6092,ISM,50,1900,100,31,0.4713697060757983,0.08163744801637818,0.0009563000057823956
6093,DI,50,1900,100,32,2.365532325861657e-15,8.881784197001252e-16,0.0003321000258438289
6094,WMI,50,1900,100,32,2.6535899035054646e-15,8.881784197001252e-16,0.0009330000029876828
6095,ISM,50,1900,100,32,0.4713697060757983,0.08163744801637818,0.0020948000019416213
6096,DI,50,1900,100,33,2.365532325861657e-15,8.881784197001252e-16,0.0004335000121500343
6097,WMI,50,1900,100,33,2.6535899035054646e-15,8.881784197001252e-16,0.0010785999766085297
6098,ISM,50,1900,100,33,0.4713697060757983,0.08163744801637818,0.0020801000064238906
6099,DI,50,1900,100,34,2.365532325861657e-15,8.881784197001252e-16,0.0004223999858368188
6100,WMI,50,1900,100,34,2.6535899035054646e-15,8.881784197001252e-16,0.0011101999843958765
6101,ISM,50,1900,100,34,0.4713697060757983,0.08163744801637818,0.0021742999961134046
6102,DI,50,1900,100,35,2.365532325861657e-15,8.881784197001252e-16,0.0002643000043462962
6103,WMI,50,1900,100,35,2.6535899035054646e-15,8.881784197001252e-16,0.0008581000147387385
6104,ISM,50,1900,100,35,0.4713697060757983,0.08163744801637818,0.001181900006486103
6105,DI,50,1900,100,36,2.365532325861657e-15,8.881784197001252e-16,0.000378700002329424
6106,WMI,50,1900,100,36,2.6535899035054646e-15,8.881784197001252e-16,0.001247100008185953
6107,ISM,50,1900,100,36,0.4713697060757983,0.08163744801637818,0.0025151000008918345
6108,DI,50,1900,100,37,2.365532325861657e-15,8.881784197001252e-16,0.00039239999023266137
6109,WMI,50,1900,100,37,2.6535899035054646e-15,8.881784197001252e-16,0.0010516999755054712
6110,ISM,50,1900,100,37,0.4713697060757983,0.08163744801637818,0.0014621999871451408
6111,DI,50,1900,100,38,2.365532325861657e-15,8.881784197001252e-16,0.0005502999993041158
6112,WMI,50,1900,100,38,2.6535899035054646e-15,8.881784197001252e-16,0.0008655000128783286
6113,ISM,50,1900,100,38,0.4713697060757983,0.08163744801637818,0.0017316000012215227
6114,DI,50,1900,100,39,2.365532325861657e-15,8.881784197001252e-16,0.00035780001780949533
6115,WMI,50,1900,100,39,2.6535899035054646e-15,8.881784197001252e-16,0.0008137999975588173
6116,ISM,50,1900,100,39,0.4713697060757983,0.08163744801637818,0.0011218999861739576
6117,DI,50,1900,100,40,2.365532325861657e-15,8.881784197001252e-16,0.000278000021353364
6118,WMI,50,1900,100,40,2.6535899035054646e-15,8.881784197001252e-16,0.00067710000439547
6119,ISM,50,1900,100,40,0.4713697060757983,0.08163744801637818,0.0015519000007770956
6120,DI,50,1900,100,41,2.365532325861657e-15,8.881784197001252e-16,0.00031800000579096377
6121,WMI,50,1900,100,41,2.6535899035054646e-15,8.881784197001252e-16,0.0007956000044941902
6122,ISM,50,1900,100,41,0.4713697060757983,0.08163744801637818,0.001176000019768253
6123,DI,50,1900,100,42,2.365532325861657e-15,8.881784197001252e-16,0.000287900009425357
6124,WMI,50,1900,100,42,2.6535899035054646e-15,8.881784197001252e-16,0.0007585999846924096
6125,ISM,50,1900,100,42,0.4713697060757983,0.08163744801637818,0.0009919000149238855
6126,DI,50,1900,100,43,2.365532325861657e-15,8.881784197001252e-16,0.00027400001999922097
6127,WMI,50,1900,100,43,2.6535899035054646e-15,8.881784197001252e-16,0.0006819000118412077
6128,ISM,50,1900,100,43,0.4713697060757983,0.08163744801637818,0.0009611000132281333
6129,DI,50,1900,100,44,2.365532325861657e-15,8.881784197001252e-16,0.00024659998598508537
6130,WMI,50,1900,100,44,2.6535899035054646e-15,8.881784197001252e-16,0.0006935999845154583
6131,ISM,50,1900,100,44,0.4713697060757983,0.08163744801637818,0.0011614999966695905
6132,DI,50,1900,100,45,2.365532325861657e-15,8.881784197001252e-16,0.00020570002379827201
6133,WMI,50,1900,100,45,2.6535899035054646e-15,8.881784197001252e-16,0.0006024000176694244
6134,ISM,50,1900,100,45,0.4713697060757983,0.08163744801637818,0.0009655999892856926
6135,DI,50,1900,100,46,2.365532325861657e-15,8.881784197001252e-16,0.00024750002194195986
6136,WMI,50,1900,100,46,2.6535899035054646e-15,8.881784197001252e-16,0.000575500016566366
6137,ISM,50,1900,100,46,0.4713697060757983,0.08163744801637818,0.000961000012466684
6138,DI,50,1900,100,47,2.365532325861657e-15,8.881784197001252e-16,0.00022849999368190765
6139,WMI,50,1900,100,47,2.6535899035054646e-15,8.881784197001252e-16,0.0005922999989707023
6140,ISM,50,1900,100,47,0.4713697060757983,0.08163744801637818,0.000964700011536479
6141,DI,50,1900,100,48,2.365532325861657e-15,8.881784197001252e-16,0.00029799999902024865
6142,WMI,50,1900,100,48,2.6535899035054646e-15,8.881784197001252e-16,0.0007948999991640449
6143,ISM,50,1900,100,48,0.4713697060757983,0.08163744801637818,0.0009615999879315495
6144,DI,50,1900,100,49,2.365532325861657e-15,8.881784197001252e-16,0.00023460001102648675
6145,WMI,50,1900,100,49,2.6535899035054646e-15,8.881784197001252e-16,0.0006109000241849571
6146,ISM,50,1900,100,49,0.4713697060757983,0.08163744801637818,0.0009691000159364194
6147,DI,50,1900,100,50,2.365532325861657e-15,8.881784197001252e-16,0.00022539999918080866
6148,WMI,50,1900,100,50,2.6535899035054646e-15,8.881784197001252e-16,0.000681799981975928
6149,ISM,50,1900,100,50,0.4713697060757983,0.08163744801637818,0.0012450999929569662
6150,DI,50,1900,100,51,2.365532325861657e-15,8.881784197001252e-16,0.00026729999808594584
6151,WMI,50,1900,100,51,2.6535899035054646e-15,8.881784197001252e-16,0.0006299999949987978
6152,DI,50,1900,100,52,2.365532325861657e-15,8.881784197001252e-16,0.0002297000028192997
6153,WMI,50,1900,100,52,2.6535899035054646e-15,8.881784197001252e-16,0.000617199984844774
6154,DI,50,1900,100,53,2.365532325861657e-15,8.881784197001252e-16,0.0002080999838653952
6155,WMI,50,1900,100,53,2.6535899035054646e-15,8.881784197001252e-16,0.0007004000071901828
6156,DI,50,1900,100,54,2.365532325861657e-15,8.881784197001252e-16,0.00022250000620260835
6157,WMI,50,1900,100,54,2.6535899035054646e-15,8.881784197001252e-16,0.0005657000001519918
6158,DI,50,1900,100,55,2.365532325861657e-15,8.881784197001252e-16,0.0001886000100057572
6159,WMI,50,1900,100,55,2.6535899035054646e-15,8.881784197001252e-16,0.000584400026127696
6160,DI,50,1900,100,56,2.365532325861657e-15,8.881784197001252e-16,0.00020360000780783594
6161,WMI,50,1900,100,56,2.6535899035054646e-15,8.881784197001252e-16,0.000578900013351813
6162,DI,50,1900,100,57,2.365532325861657e-15,8.881784197001252e-16,0.0001928000128827989
6163,WMI,50,1900,100,57,2.6535899035054646e-15,8.881784197001252e-16,0.0005662000039592385
6164,DI,50,1900,100,58,2.365532325861657e-15,8.881784197001252e-16,0.00019789999350905418
6165,WMI,50,1900,100,58,2.6535899035054646e-15,8.881784197001252e-16,0.0005415999912656844
6166,DI,50,1900,100,59,2.365532325861657e-15,8.881784197001252e-16,0.0001947999990079552
6167,WMI,50,1900,100,59,2.6535899035054646e-15,8.881784197001252e-16,0.0005753999867010862
6168,DI,50,1900,100,60,2.365532325861657e-15,8.881784197001252e-16,0.00020969999604858458
6169,WMI,50,1900,100,60,2.6535899035054646e-15,8.881784197001252e-16,0.0005698999739252031
6170,DI,50,1900,100,61,2.365532325861657e-15,8.881784197001252e-16,0.00019829999655485153
6171,WMI,50,1900,100,61,2.6535899035054646e-15,8.881784197001252e-16,0.0005573999951593578
6172,DI,50,1900,100,62,2.365532325861657e-15,8.881784197001252e-16,0.00020929999300278723
6173,WMI,50,1900,100,62,2.6535899035054646e-15,8.881784197001252e-16,0.0005609000218100846
6174,DI,50,1900,100,63,2.365532325861657e-15,8.881784197001252e-16,0.00028310000197961926
6175,WMI,50,1900,100,63,2.6535899035054646e-15,8.881784197001252e-16,0.0007056999893393368
6176,DI,50,1900,100,64,2.365532325861657e-15,8.881784197001252e-16,0.00019650001195259392
6177,WMI,50,1900,100,64,2.6535899035054646e-15,8.881784197001252e-16,0.0005988999910186976
6178,DI,50,1900,100,65,2.365532325861657e-15,8.881784197001252e-16,0.00018629999249242246
6179,WMI,50,1900,100,65,2.6535899035054646e-15,8.881784197001252e-16,0.0005604000180028379
6180,DI,50,1900,100,66,2.365532325861657e-15,8.881784197001252e-16,0.0001973999897018075
6181,WMI,50,1900,100,66,2.6535899035054646e-15,8.881784197001252e-16,0.0005681999900843948
6182,DI,50,1900,100,67,2.365532325861657e-15,8.881784197001252e-16,0.00018689999706111848
6183,WMI,50,1900,100,67,2.6535899035054646e-15,8.881784197001252e-16,0.000533499987795949
6184,DI,50,1900,100,68,2.365532325861657e-15,8.881784197001252e-16,0.0001917000045068562
6185,WMI,50,1900,100,68,2.6535899035054646e-15,8.881784197001252e-16,0.0005520000122487545
6186,DI,50,1900,100,69,2.365532325861657e-15,8.881784197001252e-16,0.00020050001330673695
6187,WMI,50,1900,100,69,2.6535899035054646e-15,8.881784197001252e-16,0.0005655999993905425
6188,DI,50,1900,100,70,2.365532325861657e-15,8.881784197001252e-16,0.00019970000721514225
6189,WMI,50,1900,100,70,2.6535899035054646e-15,8.881784197001252e-16,0.0005614999972749501
6190,DI,50,1900,100,71,2.365532325861657e-15,8.881784197001252e-16,0.00018810000619851053
6191,WMI,50,1900,100,71,2.6535899035054646e-15,8.881784197001252e-16,0.0005459000240080059
6192,DI,50,1900,100,72,2.365532325861657e-15,8.881784197001252e-16,0.00018629999249242246
6193,WMI,50,1900,100,72,2.6535899035054646e-15,8.881784197001252e-16,0.000590600015129894
6194,DI,50,1900,100,73,2.365532325861657e-15,8.881784197001252e-16,0.00018360000103712082
6195,WMI,50,1900,100,73,2.6535899035054646e-15,8.881784197001252e-16,0.000529799988726154
6196,DI,50,1900,100,74,2.365532325861657e-15,8.881784197001252e-16,0.0001886000100057572
6197,WMI,50,1900,100,74,2.6535899035054646e-15,8.881784197001252e-16,0.0005478999810293317
6198,DI,50,1900,100,75,2.365532325861657e-15,8.881784197001252e-16,0.00019600000814534724
6199,WMI,50,1900,100,75,2.6535899035054646e-15,8.881784197001252e-16,0.0005569999921135604
6200,DI,50,1900,100,76,2.365532325861657e-15,8.881784197001252e-16,0.00018169998656958342
6201,WMI,50,1900,100,76,2.6535899035054646e-15,8.881784197001252e-16,0.0005833999894093722
6202,DI,50,1900,100,77,2.365532325861657e-15,8.881784197001252e-16,0.0001959000073838979
6203,WMI,50,1900,100,77,2.6535899035054646e-15,8.881784197001252e-16,0.0005683000199496746
6204,DI,50,1900,100,78,2.365532325861657e-15,8.881784197001252e-16,0.0001858999894466251
6205,WMI,50,1900,100,78,2.6535899035054646e-15,8.881784197001252e-16,0.0005719999899156392
6206,DI,50,1900,100,79,2.365532325861657e-15,8.881784197001252e-16,0.00018640002235770226
6207,WMI,50,1900,100,79,2.6535899035054646e-15,8.881784197001252e-16,0.0005682999908458441
6208,DI,50,1900,100,80,2.365532325861657e-15,8.881784197001252e-16,0.00018360000103712082
6209,WMI,50,1900,100,80,2.6535899035054646e-15,8.881784197001252e-16,0.0005589000065810978
6210,DI,50,1900,100,81,2.365532325861657e-15,8.881784197001252e-16,0.00019639998208731413
6211,WMI,50,1900,100,81,2.6535899035054646e-15,8.881784197001252e-16,0.0005762000218965113
6212,DI,50,1900,100,82,2.365532325861657e-15,8.881784197001252e-16,0.00019099999917671084
6213,WMI,50,1900,100,82,2.6535899035054646e-15,8.881784197001252e-16,0.0005730999982915819
6214,DI,50,1900,100,83,2.365532325861657e-15,8.881784197001252e-16,0.00023250002413988113
6215,WMI,50,1900,100,83,2.6535899035054646e-15,8.881784197001252e-16,0.0004985000123269856
6216,DI,50,1900,100,84,2.365532325861657e-15,8.881784197001252e-16,0.00022390001686289907
6217,WMI,50,1900,100,84,2.6535899035054646e-15,8.881784197001252e-16,0.0005793000163976103
6218,DI,50,1900,100,85,2.365532325861657e-15,8.881784197001252e-16,0.00023129998589865863
6219,WMI,50,1900,100,85,2.6535899035054646e-15,8.881784197001252e-16,0.0005611999949906021
6220,DI,50,1900,100,86,2.365532325861657e-15,8.881784197001252e-16,0.00019689998589456081
6221,WMI,50,1900,100,86,2.6535899035054646e-15,8.881784197001252e-16,0.0005734000005759299
6222,DI,50,1900,100,87,2.365532325861657e-15,8.881784197001252e-16,0.0001942999952007085
6223,WMI,50,1900,100,87,2.6535899035054646e-15,8.881784197001252e-16,0.00055109997629188
6224,DI,50,1900,100,88,2.365532325861657e-15,8.881784197001252e-16,0.00019390002125874162
6225,WMI,50,1900,100,88,2.6535899035054646e-15,8.881784197001252e-16,0.0005688999954145402
6226,DI,50,1900,100,89,2.365532325861657e-15,8.881784197001252e-16,0.0001933000166900456
6227,WMI,50,1900,100,89,2.6535899035054646e-15,8.881784197001252e-16,0.000578600011067465
6228,DI,50,1900,100,90,2.365532325861657e-15,8.881784197001252e-16,0.0001881999778561294
6229,WMI,50,1900,100,90,2.6535899035054646e-15,8.881784197001252e-16,0.0006856999825686216
6230,DI,50,1900,100,91,2.365532325861657e-15,8.881784197001252e-16,0.00020050001330673695
6231,WMI,50,1900,100,91,2.6535899035054646e-15,8.881784197001252e-16,0.0006156000017654151
6232,DI,50,1900,100,92,2.365532325861657e-15,8.881784197001252e-16,0.00025880002067424357
6233,WMI,50,1900,100,92,2.6535899035054646e-15,8.881784197001252e-16,0.0005578999989666045
6234,DI,50,1900,100,93,2.365532325861657e-15,8.881784197001252e-16,0.00020209999638609588
6235,WMI,50,1900,100,93,2.6535899035054646e-15,8.881784197001252e-16,0.0005960999988019466
6236,DI,50,1900,100,94,2.365532325861657e-15,8.881784197001252e-16,0.00019210000755265355
6237,WMI,50,1900,100,94,2.6535899035054646e-15,8.881784197001252e-16,0.0005429000011645257
6238,DI,50,1900,100,95,2.365532325861657e-15,8.881784197001252e-16,0.0001934999891091138
6239,WMI,50,1900,100,95,2.6535899035054646e-15,8.881784197001252e-16,0.0005612999957520515
6240,DI,50,1900,100,96,2.365532325861657e-15,8.881784197001252e-16,0.00021440000273287296
6241,WMI,50,1900,100,96,2.6535899035054646e-15,8.881784197001252e-16,0.0005649999948218465
6242,DI,50,1900,100,97,2.365532325861657e-15,8.881784197001252e-16,0.00022590000298805535
6243,WMI,50,1900,100,97,2.6535899035054646e-15,8.881784197001252e-16,0.0005654000269714743
6244,DI,50,1900,100,98,2.365532325861657e-15,8.881784197001252e-16,0.00020640000002458692
6245,WMI,50,1900,100,98,2.6535899035054646e-15,8.881784197001252e-16,0.001418500003637746
6246,DI,50,1900,100,99,2.365532325861657e-15,8.881784197001252e-16,0.0005228999943938106
6247,WMI,50,1900,100,99,2.6535899035054646e-15,8.881784197001252e-16,0.0026895999908447266
6248,DI,50,1900,100,100,2.365532325861657e-15,8.881784197001252e-16,0.0002857999934349209
6249,WMI,50,1900,100,100,2.6535899035054646e-15,8.881784197001252e-16,0.0006656999757979065
6250,DI,50,1900,100,101,2.365532325861657e-15,8.881784197001252e-16,0.00018759997328743339
6251,WMI,50,1900,100,101,2.6535899035054646e-15,8.881784197001252e-16,0.0008980999991763383
6252,DI,50,1900,100,102,2.365532325861657e-15,8.881784197001252e-16,0.0004309999931138009
6253,WMI,50,1900,100,102,2.6535899035054646e-15,8.881784197001252e-16,0.0010581999958958477
6254,DI,50,1900,100,103,2.365532325861657e-15,8.881784197001252e-16,0.0002027000009547919
6255,WMI,50,1900,100,103,2.6535899035054646e-15,8.881784197001252e-16,0.0005991999933030456
6256,DI,50,1900,100,104,2.365532325861657e-15,8.881784197001252e-16,0.0002294000005349517
6257,WMI,50,1900,100,104,2.6535899035054646e-15,8.881784197001252e-16,0.0008564000017940998
6258,DI,50,1900,100,105,2.365532325861657e-15,8.881784197001252e-16,0.00027180000324733555
6259,WMI,50,1900,100,105,2.6535899035054646e-15,8.881784197001252e-16,0.0008600000001024455
6260,DI,50,1900,100,106,2.365532325861657e-15,8.881784197001252e-16,0.00027359998784959316
6261,WMI,50,1900,100,106,2.6535899035054646e-15,8.881784197001252e-16,0.001254500006325543
6262,DI,50,1900,100,107,2.365532325861657e-15,8.881784197001252e-16,0.000394499977119267
6263,WMI,50,1900,100,107,2.6535899035054646e-15,8.881784197001252e-16,0.001274500013096258
6264,DI,50,1900,100,108,2.365532325861657e-15,8.881784197001252e-16,0.0004869000113103539
6265,WMI,50,1900,100,108,2.6535899035054646e-15,8.881784197001252e-16,0.0007162000110838562
6266,DI,50,1900,100,109,2.365532325861657e-15,8.881784197001252e-16,0.00028080001357011497
6267,WMI,50,1900,100,109,2.6535899035054646e-15,8.881784197001252e-16,0.0009959999879356474
6268,DI,50,1900,100,110,2.365532325861657e-15,8.881784197001252e-16,0.0002610999799799174
6269,WMI,50,1900,100,110,2.6535899035054646e-15,8.881784197001252e-16,0.0008074000070337206
6270,DI,50,1900,100,111,2.365532325861657e-15,8.881784197001252e-16,0.00026279999292455614
6271,WMI,50,1900,100,111,2.6535899035054646e-15,8.881784197001252e-16,0.0007138000219129026
6272,DI,50,1900,100,112,2.365532325861657e-15,8.881784197001252e-16,0.00023929998860694468
6273,WMI,50,1900,100,112,2.6535899035054646e-15,8.881784197001252e-16,0.0009080000163521618
6274,DI,50,1900,100,113,2.365532325861657e-15,8.881784197001252e-16,0.00021649998961947858
6275,WMI,50,1900,100,113,2.6535899035054646e-15,8.881784197001252e-16,0.0011418999929446727
6276,DI,50,1900,100,114,2.365532325861657e-15,8.881784197001252e-16,0.0007458000036422163
6277,WMI,50,1900,100,114,2.6535899035054646e-15,8.881784197001252e-16,0.0017413999885320663
6278,DI,50,1900,100,115,2.365532325861657e-15,8.881784197001252e-16,0.00029830000130459666
6279,WMI,50,1900,100,115,2.6535899035054646e-15,8.881784197001252e-16,0.0013150000013411045
6280,DI,50,1900,100,116,2.365532325861657e-15,8.881784197001252e-16,0.00028509998810477555
6281,WMI,50,1900,100,116,2.6535899035054646e-15,8.881784197001252e-16,0.001509599998826161
6282,DI,50,1900,100,117,2.365532325861657e-15,8.881784197001252e-16,0.0004791999817825854
6283,WMI,50,1900,100,117,2.6535899035054646e-15,8.881784197001252e-16,0.00128749999566935
6284,DI,50,1900,100,118,2.365532325861657e-15,8.881784197001252e-16,0.00028249999741092324
6285,WMI,50,1900,100,118,2.6535899035054646e-15,8.881784197001252e-16,0.0008636999991722405
6286,DI,50,1900,100,119,2.365532325861657e-15,8.881784197001252e-16,0.00028249999741092324
6287,WMI,50,1900,100,119,2.6535899035054646e-15,8.881784197001252e-16,0.001251700014108792
6288,DI,50,1900,100,120,2.365532325861657e-15,8.881784197001252e-16,0.0002871000033337623
6289,WMI,50,1900,100,120,2.6535899035054646e-15,8.881784197001252e-16,0.0014870000013615936
6290,DI,50,1900,100,121,2.365532325861657e-15,8.881784197001252e-16,0.0005466000002343208
6291,WMI,50,1900,100,121,2.6535899035054646e-15,8.881784197001252e-16,0.0014257000002544373
6292,DI,50,1900,100,122,2.365532325861657e-15,8.881784197001252e-16,0.00036249999538995326
6293,WMI,50,1900,100,122,2.6535899035054646e-15,8.881784197001252e-16,0.0018897000118158758
6294,DI,50,1900,100,123,2.365532325861657e-15,8.881784197001252e-16,0.0005720999906770885
6295,WMI,50,1900,100,123,2.6535899035054646e-15,8.881784197001252e-16,0.0017502999980933964
6296,DI,50,1900,100,124,2.365532325861657e-15,8.881784197001252e-16,0.000523599999723956
6297,WMI,50,1900,100,124,2.6535899035054646e-15,8.881784197001252e-16,0.0013341000012587756
6298,DI,50,1900,100,125,2.365532325861657e-15,8.881784197001252e-16,0.0003266999847255647
6299,WMI,50,1900,100,125,2.6535899035054646e-15,8.881784197001252e-16,0.0010315999970771372
6300,DI,50,1900,100,126,2.365532325861657e-15,8.881784197001252e-16,0.0004346999921835959
6301,WMI,50,1900,100,126,2.6535899035054646e-15,8.881784197001252e-16,0.0014661999884992838
6302,DI,50,1900,100,127,2.365532325861657e-15,8.881784197001252e-16,0.0005008000007364899
6303,WMI,50,1900,100,127,2.6535899035054646e-15,8.881784197001252e-16,0.0012793999921996146
6304,DI,50,1900,100,128,2.365532325861657e-15,8.881784197001252e-16,0.000354900024831295
6305,WMI,50,1900,100,128,2.6535899035054646e-15,8.881784197001252e-16,0.001472900010412559
6306,DI,50,1900,100,129,2.365532325861657e-15,8.881784197001252e-16,0.00038139999378472567
6307,WMI,50,1900,100,129,2.6535899035054646e-15,8.881784197001252e-16,0.0011252000113017857
6308,DI,50,1900,100,130,2.365532325861657e-15,8.881784197001252e-16,0.0004842999915126711
6309,WMI,50,1900,100,130,2.6535899035054646e-15,8.881784197001252e-16,0.0012329999881330878
6310,DI,50,1900,100,131,2.365532325861657e-15,8.881784197001252e-16,0.00040079999598674476
6311,WMI,50,1900,100,131,2.6535899035054646e-15,8.881784197001252e-16,0.0009286999993491918
6312,DI,50,1900,100,132,2.365532325861657e-15,8.881784197001252e-16,0.00030109999352134764
6313,WMI,50,1900,100,132,2.6535899035054646e-15,8.881784197001252e-16,0.0010571999882813543
6314,DI,50,1900,100,133,2.365532325861657e-15,8.881784197001252e-16,0.0003149000112898648
6315,WMI,50,1900,100,133,2.6535899035054646e-15,8.881784197001252e-16,0.0009456000116188079
6316,DI,50,1900,100,134,2.365532325861657e-15,8.881784197001252e-16,0.0003801999846473336
6317,WMI,50,1900,100,134,2.6535899035054646e-15,8.881784197001252e-16,0.0009365000005345792
6318,DI,50,1900,100,135,2.365532325861657e-15,8.881784197001252e-16,0.00034950001281686127
6319,WMI,50,1900,100,135,2.6535899035054646e-15,8.881784197001252e-16,0.0007899999909568578
6320,DI,50,1900,100,136,2.365532325861657e-15,8.881784197001252e-16,0.00031510001281276345
6321,WMI,50,1900,100,136,2.6535899035054646e-15,8.881784197001252e-16,0.0009181999776046723
6322,DI,50,1900,100,137,2.365532325861657e-15,8.881784197001252e-16,0.00035990000469610095
6323,WMI,50,1900,100,137,2.6535899035054646e-15,8.881784197001252e-16,0.0008295000006910414
6324,DI,50,1900,100,138,2.365532325861657e-15,8.881784197001252e-16,0.0003499000158626586
6325,WMI,50,1900,100,138,2.6535899035054646e-15,8.881784197001252e-16,0.0009429000201635063
6326,DI,50,1900,100,139,2.365532325861657e-15,8.881784197001252e-16,0.0003065000055357814
6327,WMI,50,1900,100,139,2.6535899035054646e-15,8.881784197001252e-16,0.0009874000097624958
6328,DI,50,1900,100,140,2.365532325861657e-15,8.881784197001252e-16,0.000378099997760728
6329,WMI,50,1900,100,140,2.6535899035054646e-15,8.881784197001252e-16,0.0009228000126313418
6330,DI,50,1900,100,141,2.365532325861657e-15,8.881784197001252e-16,0.0003992000129073858
6331,WMI,50,1900,100,141,2.6535899035054646e-15,8.881784197001252e-16,0.0009152000129688531
6332,DI,50,1900,100,142,2.365532325861657e-15,8.881784197001252e-16,0.00026020000223070383
6333,WMI,50,1900,100,142,2.6535899035054646e-15,8.881784197001252e-16,0.0008094999939203262
6334,DI,50,1900,100,143,2.365532325861657e-15,8.881784197001252e-16,0.00033229999826289713
6335,WMI,50,1900,100,143,2.6535899035054646e-15,8.881784197001252e-16,0.0008702999912202358
6336,DI,50,1900,100,144,2.365532325861657e-15,8.881784197001252e-16,0.0002609000075608492
6337,WMI,50,1900,100,144,2.6535899035054646e-15,8.881784197001252e-16,0.0006949999951757491
6338,DI,50,1900,100,145,2.365532325861657e-15,8.881784197001252e-16,0.0002482999989297241
6339,WMI,50,1900,100,145,2.6535899035054646e-15,8.881784197001252e-16,0.0008524000004399568
6340,DI,50,1900,100,146,2.365532325861657e-15,8.881784197001252e-16,0.00023659999715164304
6341,WMI,50,1900,100,146,2.6535899035054646e-15,8.881784197001252e-16,0.0009363999997731298
6342,DI,50,1900,100,147,2.365532325861657e-15,8.881784197001252e-16,0.000285400019492954
6343,WMI,50,1900,100,147,2.6535899035054646e-15,8.881784197001252e-16,0.0007618999807164073
6344,DI,50,1900,100,148,2.365532325861657e-15,8.881784197001252e-16,0.0003118000167887658
6345,WMI,50,1900,100,148,2.6535899035054646e-15,8.881784197001252e-16,0.0007920000061858445
6346,DI,50,1900,100,149,2.365532325861657e-15,8.881784197001252e-16,0.00029960001120343804
6347,WMI,50,1900,100,149,2.6535899035054646e-15,8.881784197001252e-16,0.0008731999841984361
6348,DI,50,1900,100,150,2.365532325861657e-15,8.881784197001252e-16,0.0002969999914057553
6349,WMI,50,1900,100,150,2.6535899035054646e-15,8.881784197001252e-16,0.0007269000052474439
6350,DI,50,1900,100,151,2.365532325861657e-15,8.881784197001252e-16,0.00026760000037029386
6351,WMI,50,1900,100,151,2.6535899035054646e-15,8.881784197001252e-16,0.0008764000085648149
6352,DI,50,1900,100,152,2.365532325861657e-15,8.881784197001252e-16,0.00024390002363361418
6353,WMI,50,1900,100,152,2.6535899035054646e-15,8.881784197001252e-16,0.0007190000033006072
6354,DI,50,1900,100,153,2.365532325861657e-15,8.881784197001252e-16,0.0002423000114504248
6355,WMI,50,1900,100,153,2.6535899035054646e-15,8.881784197001252e-16,0.000753400003304705
6356,DI,50,1900,100,154,2.365532325861657e-15,8.881784197001252e-16,0.0003344000142533332
6357,WMI,50,1900,100,154,2.6535899035054646e-15,8.881784197001252e-16,0.0010782000026665628
6358,DI,50,1900,100,155,2.365532325861657e-15,8.881784197001252e-16,0.0002896000223699957
6359,WMI,50,1900,100,155,2.6535899035054646e-15,8.881784197001252e-16,0.0009007000189740211
6360,DI,50,1900,100,156,2.365532325861657e-15,8.881784197001252e-16,0.00030280000646598637
6361,WMI,50,1900,100,156,2.6535899035054646e-15,8.881784197001252e-16,0.0008778999908827245
6362,DI,50,1900,100,157,2.365532325861657e-15,8.881784197001252e-16,0.0002768999838735908
6363,WMI,50,1900,100,157,2.6535899035054646e-15,8.881784197001252e-16,0.0007809000089764595
6364,DI,50,1900,100,158,2.365532325861657e-15,8.881784197001252e-16,0.00033149999217130244
6365,WMI,50,1900,100,158,2.6535899035054646e-15,8.881784197001252e-16,0.0006667999841738492
6366,DI,50,1900,100,159,2.365532325861657e-15,8.881784197001252e-16,0.00025260000256821513
6367,WMI,50,1900,100,159,2.6535899035054646e-15,8.881784197001252e-16,0.0009036000119522214
6368,DI,50,1900,100,160,2.365532325861657e-15,8.881784197001252e-16,0.00029429999995045364
6369,WMI,50,1900,100,160,2.6535899035054646e-15,8.881784197001252e-16,0.0007610000029671937
6370,DI,50,1900,100,161,2.365532325861657e-15,8.881784197001252e-16,0.0003063000040128827
6371,WMI,50,1900,100,161,2.6535899035054646e-15,8.881784197001252e-16,0.0007261999999172986
6372,DI,50,1900,100,162,2.365532325861657e-15,8.881784197001252e-16,0.00026440000510774553
6373,WMI,50,1900,100,162,2.6535899035054646e-15,8.881784197001252e-16,0.0007398999878205359
6374,DI,50,1900,100,163,2.365532325861657e-15,8.881784197001252e-16,0.0002696000155992806
6375,WMI,50,1900,100,163,2.6535899035054646e-15,8.881784197001252e-16,0.0007581000099889934
6376,DI,50,1900,100,164,2.365532325861657e-15,8.881784197001252e-16,0.0002607000060379505
6377,WMI,50,1900,100,164,2.6535899035054646e-15,8.881784197001252e-16,0.0007819999882485718
6378,DI,50,1900,100,165,2.365532325861657e-15,8.881784197001252e-16,0.0003338000096846372
6379,WMI,50,1900,100,165,2.6535899035054646e-15,8.881784197001252e-16,0.000891800009412691
6380,DI,50,1900,100,166,2.365532325861657e-15,8.881784197001252e-16,0.00027540000155568123
6381,WMI,50,1900,100,166,2.6535899035054646e-15,8.881784197001252e-16,0.0010646999871823937
6382,DI,50,1900,100,167,2.365532325861657e-15,8.881784197001252e-16,0.0003632000007200986
6383,WMI,50,1900,100,167,2.6535899035054646e-15,8.881784197001252e-16,0.0011576999968383461
6384,DI,50,1900,100,168,2.365532325861657e-15,8.881784197001252e-16,0.00033729997812770307
6385,WMI,50,1900,100,168,2.6535899035054646e-15,8.881784197001252e-16,0.0009836000099312514
6386,DI,50,1900,100,169,2.365532325861657e-15,8.881784197001252e-16,0.0003871000080835074
6387,WMI,50,1900,100,169,2.6535899035054646e-15,8.881784197001252e-16,0.0009685000113677233
6388,DI,50,1900,100,170,2.365532325861657e-15,8.881784197001252e-16,0.0003609999839682132
6389,WMI,50,1900,100,170,2.6535899035054646e-15,8.881784197001252e-16,0.001021900010528043
6390,DI,50,1900,100,171,2.365532325861657e-15,8.881784197001252e-16,0.00034210001467727125
6391,WMI,50,1900,100,171,2.6535899035054646e-15,8.881784197001252e-16,0.0008613999816589057
6392,DI,50,1900,100,172,2.365532325861657e-15,8.881784197001252e-16,0.0002851999888662249
6393,WMI,50,1900,100,172,2.6535899035054646e-15,8.881784197001252e-16,0.0008953000069595873
6394,DI,50,1900,100,173,2.365532325861657e-15,8.881784197001252e-16,0.0002948000037577003
6395,WMI,50,1900,100,173,2.6535899035054646e-15,8.881784197001252e-16,0.0009874000097624958
6396,DI,50,1900,100,174,2.365532325861657e-15,8.881784197001252e-16,0.00038410001434385777
6397,WMI,50,1900,100,174,2.6535899035054646e-15,8.881784197001252e-16,0.0007462000066880137
6398,DI,50,1900,100,175,2.365532325861657e-15,8.881784197001252e-16,0.00026560001424513757
6399,WMI,50,1900,100,175,2.6535899035054646e-15,8.881784197001252e-16,0.0010176000068895519
6400,DI,50,1900,100,176,2.365532325861657e-15,8.881784197001252e-16,0.0003344000142533332
6401,WMI,50,1900,100,176,2.6535899035054646e-15,8.881784197001252e-16,0.0009274000185541809
6402,DI,50,1900,100,177,2.365532325861657e-15,8.881784197001252e-16,0.00032160000409930944
6403,WMI,50,1900,100,177,2.6535899035054646e-15,8.881784197001252e-16,0.0010307999909855425
6404,DI,50,1900,100,178,2.365532325861657e-15,8.881784197001252e-16,0.00040940000326372683
6405,WMI,50,1900,100,178,2.6535899035054646e-15,8.881784197001252e-16,0.0007696999819017947
6406,DI,50,1900,100,179,2.365532325861657e-15,8.881784197001252e-16,0.0003353999927639961
6407,WMI,50,1900,100,179,2.6535899035054646e-15,8.881784197001252e-16,0.0007753999962005764
6408,DI,50,1900,100,180,2.365532325861657e-15,8.881784197001252e-16,0.0003436999977566302
6409,WMI,50,1900,100,180,2.6535899035054646e-15,8.881784197001252e-16,0.0009966000216081738
6410,DI,50,1900,100,181,2.365532325861657e-15,8.881784197001252e-16,0.00034810000215657055
6411,WMI,50,1900,100,181,2.6535899035054646e-15,8.881784197001252e-16,0.0009477999992668629
6412,DI,50,1900,100,182,2.365532325861657e-15,8.881784197001252e-16,0.00033290000283159316
6413,WMI,50,1900,100,182,2.6535899035054646e-15,8.881784197001252e-16,0.0011793000157922506
6414,DI,50,1900,100,183,2.365532325861657e-15,8.881784197001252e-16,0.00031289999606087804
6415,WMI,50,1900,100,183,2.6535899035054646e-15,8.881784197001252e-16,0.001273300003958866
6416,DI,50,1900,100,184,2.365532325861657e-15,8.881784197001252e-16,0.0003449000068940222
6417,WMI,50,1900,100,184,2.6535899035054646e-15,8.881784197001252e-16,0.0007498000049963593
6418,DI,50,1900,100,185,2.365532325861657e-15,8.881784197001252e-16,0.00027489999774843454
6419,WMI,50,1900,100,185,2.6535899035054646e-15,8.881784197001252e-16,0.0014128999901004136
6420,DI,50,1900,100,186,2.365532325861657e-15,8.881784197001252e-16,0.00037429999792948365
6421,WMI,50,1900,100,186,2.6535899035054646e-15,8.881784197001252e-16,0.0008550999918952584
6422,DI,50,1900,100,187,2.365532325861657e-15,8.881784197001252e-16,0.0002877999795600772
6423,WMI,50,1900,100,187,2.6535899035054646e-15,8.881784197001252e-16,0.0008058000239543617
6424,DI,50,1900,100,188,2.365532325861657e-15,8.881784197001252e-16,0.000304899993352592
6425,WMI,50,1900,100,188,2.6535899035054646e-15,8.881784197001252e-16,0.0009701999952085316
6426,DI,50,1900,100,189,2.365532325861657e-15,8.881784197001252e-16,0.00029899997753091156
6427,WMI,50,1900,100,189,2.6535899035054646e-15,8.881784197001252e-16,0.0011093999783042818
6428,DI,50,1900,100,190,2.365532325861657e-15,8.881784197001252e-16,0.0004976000054739416
6429,WMI,50,1900,100,190,2.6535899035054646e-15,8.881784197001252e-16,0.0010977000056300312
6430,DI,50,1900,100,191,2.365532325861657e-15,8.881784197001252e-16,0.00045590000809170306
6431,WMI,50,1900,100,191,2.6535899035054646e-15,8.881784197001252e-16,0.0010278999980073422
6432,DI,50,1900,100,192,2.365532325861657e-15,8.881784197001252e-16,0.0003674000035971403
6433,WMI,50,1900,100,192,2.6535899035054646e-15,8.881784197001252e-16,0.0008276000153273344
6434,DI,50,1900,100,193,2.365532325861657e-15,8.881784197001252e-16,0.00028070001280866563
6435,WMI,50,1900,100,193,2.6535899035054646e-15,8.881784197001252e-16,0.0007685000018682331
6436,DI,50,1900,100,194,2.365532325861657e-15,8.881784197001252e-16,0.00026149998302571476
6437,WMI,50,1900,100,194,2.6535899035054646e-15,8.881784197001252e-16,0.0009192000143229961
6438,DI,50,1900,100,195,2.365532325861657e-15,8.881784197001252e-16,0.0003024999750778079
6439,WMI,50,1900,100,195,2.6535899035054646e-15,8.881784197001252e-16,0.0008536000095773488
6440,DI,50,1900,100,196,2.365532325861657e-15,8.881784197001252e-16,0.0003189999843016267
6441,WMI,50,1900,100,196,2.6535899035054646e-15,8.881784197001252e-16,0.0009444000024814159
6442,DI,50,1900,100,197,2.365532325861657e-15,8.881784197001252e-16,0.0003411000070627779
6443,WMI,50,1900,100,197,2.6535899035054646e-15,8.881784197001252e-16,0.0007707999902777374
6444,DI,50,1900,100,198,2.365532325861657e-15,8.881784197001252e-16,0.0003073000116273761
6445,WMI,50,1900,100,198,2.6535899035054646e-15,8.881784197001252e-16,0.000846099981572479
6446,DI,50,1900,100,199,2.365532325861657e-15,8.881784197001252e-16,0.0003384999872650951
6447,WMI,50,1900,100,199,2.6535899035054646e-15,8.881784197001252e-16,0.0007953000022098422
6448,DI,50,1900,100,200,2.365532325861657e-15,8.881784197001252e-16,0.000298700004350394
6449,WMI,50,1900,100,200,2.6535899035054646e-15,8.881784197001252e-16,0.000989699998172
6450,DI,50,1800,200,1,2.40501049839202e-15,6.661338147750939e-16,0.0005637000140268356
6451,WMI,50,1800,200,1,2.403497682550194e-15,8.881784197001252e-16,0.003988799988292158
6452,ISM,50,1800,200,1,0.9063556618238453,0.15042159067380112,0.00342100000125356
6453,DI,50,1800,200,2,2.40501049839202e-15,6.661338147750939e-16,0.0003832999791484326
6454,WMI,50,1800,200,2,2.403497682550194e-15,8.881784197001252e-16,0.00309799998649396
6455,ISM,50,1800,200,2,0.9063556618238453,0.15042159067380112,0.002947800006950274
6456,DI,50,1800,200,3,2.40501049839202e-15,6.661338147750939e-16,0.0002843999827746302
6457,WMI,50,1800,200,3,2.403497682550194e-15,8.881784197001252e-16,0.003063799988012761
6458,ISM,50,1800,200,3,0.9063556618238453,0.15042159067380112,0.0019209999882150441
6459,DI,50,1800,200,4,2.40501049839202e-15,6.661338147750939e-16,0.0002486000012140721
6460,WMI,50,1800,200,4,2.403497682550194e-15,8.881784197001252e-16,0.04525700001977384
6461,ISM,50,1800,200,4,0.9063556618238453,0.15042159067380112,0.0019102999940514565
6462,DI,50,1800,200,5,2.40501049839202e-15,6.661338147750939e-16,0.00030369998421519995
6463,WMI,50,1800,200,5,2.403497682550194e-15,8.881784197001252e-16,0.0021339000086300075
6464,ISM,50,1800,200,5,0.9063556618238453,0.15042159067380112,0.0020129000185988843
6465,DI,50,1800,200,6,2.40501049839202e-15,6.661338147750939e-16,0.00023889998556114733
6466,WMI,50,1800,200,6,2.403497682550194e-15,8.881784197001252e-16,0.002274499973282218
6467,ISM,50,1800,200,6,0.9063556618238453,0.15042159067380112,0.001923600008012727
6468,DI,50,1800,200,7,2.40501049839202e-15,6.661338147750939e-16,0.00023440000950358808
6469,WMI,50,1800,200,7,2.403497682550194e-15,8.881784197001252e-16,0.002273700025398284
6470,ISM,50,1800,200,7,0.9063556618238453,0.15042159067380112,0.001909599988721311
6471,DI,50,1800,200,8,2.40501049839202e-15,6.661338147750939e-16,0.0002579999854788184
6472,WMI,50,1800,200,8,2.403497682550194e-15,8.881784197001252e-16,0.0020323000208009034
6473,ISM,50,1800,200,8,0.9063556618238453,0.15042159067380112,0.0019577000057324767
6474,DI,50,1800,200,9,2.40501049839202e-15,6.661338147750939e-16,0.00024800002574920654
6475,WMI,50,1800,200,9,2.403497682550194e-15,8.881784197001252e-16,0.002064800006337464
6476,ISM,50,1800,200,9,0.9063556618238453,0.15042159067380112,0.00213350000558421
6477,DI,50,1800,200,10,2.40501049839202e-15,6.661338147750939e-16,0.0002319000195711851
6478,WMI,50,1800,200,10,2.403497682550194e-15,8.881784197001252e-16,0.002040899998974055
6479,ISM,50,1800,200,10,0.9063556618238453,0.15042159067380112,0.0019255999941378832
6480,DI,50,1800,200,11,2.40501049839202e-15,6.661338147750939e-16,0.00024200000916607678
6481,WMI,50,1800,200,11,2.403497682550194e-15,8.881784197001252e-16,0.002938299992820248
6482,ISM,50,1800,200,11,0.9063556618238453,0.15042159067380112,0.0019128999847453088
6483,DI,50,1800,200,12,2.40501049839202e-15,6.661338147750939e-16,0.00027310001314617693
6484,WMI,50,1800,200,12,2.403497682550194e-15,8.881784197001252e-16,0.002775500004645437
6485,ISM,50,1800,200,12,0.9063556618238453,0.15042159067380112,0.0020770000119227916
6486,DI,50,1800,200,13,2.40501049839202e-15,6.661338147750939e-16,0.00023249999503605068
6487,WMI,50,1800,200,13,2.403497682550194e-15,8.881784197001252e-16,0.0023327999806497246
6488,ISM,50,1800,200,13,0.9063556618238453,0.15042159067380112,0.0019106999970972538
6489,DI,50,1800,200,14,2.40501049839202e-15,6.661338147750939e-16,0.0002452000044286251
6490,WMI,50,1800,200,14,2.403497682550194e-15,8.881784197001252e-16,0.0040979000041261315
6491,ISM,50,1800,200,14,0.9063556618238453,0.15042159067380112,0.0019188000005669892
6492,DI,50,1800,200,15,2.40501049839202e-15,6.661338147750939e-16,0.00035039999056607485
6493,WMI,50,1800,200,15,2.403497682550194e-15,8.881784197001252e-16,0.003202899999450892
6494,ISM,50,1800,200,15,0.9063556618238453,0.15042159067380112,0.0021868999756406993
6495,DI,50,1800,200,16,2.40501049839202e-15,6.661338147750939e-16,0.000229199999012053
6496,WMI,50,1800,200,16,2.403497682550194e-15,8.881784197001252e-16,0.002838899992639199
6497,ISM,50,1800,200,16,0.9063556618238453,0.15042159067380112,0.002001400018343702
6498,DI,50,1800,200,17,2.40501049839202e-15,6.661338147750939e-16,0.0003372000064700842
6499,WMI,50,1800,200,17,2.403497682550194e-15,8.881784197001252e-16,0.00240759999724105
6500,ISM,50,1800,200,17,0.9063556618238453,0.15042159067380112,0.0019211999897379428
6501,DI,50,1800,200,18,2.40501049839202e-15,6.661338147750939e-16,0.00032720001763664186
6502,WMI,50,1800,200,18,2.403497682550194e-15,8.881784197001252e-16,0.0024713999882806093
6503,ISM,50,1800,200,18,0.9063556618238453,0.15042159067380112,0.0019138999923598021
6504,DI,50,1800,200,19,2.40501049839202e-15,6.661338147750939e-16,0.00031319999834522605
6505,WMI,50,1800,200,19,2.403497682550194e-15,8.881784197001252e-16,0.002309700008481741
6506,ISM,50,1800,200,19,0.9063556618238453,0.15042159067380112,0.002494900021702051
6507,DI,50,1800,200,20,2.40501049839202e-15,6.661338147750939e-16,0.00038720000884495676
6508,WMI,50,1800,200,20,2.403497682550194e-15,8.881784197001252e-16,0.0024440000124741346
6509,ISM,50,1800,200,20,0.9063556618238453,0.15042159067380112,0.002312500000698492
6510,DI,50,1800,200,21,2.40501049839202e-15,6.661338147750939e-16,0.00026309999520890415
6511,WMI,50,1800,200,21,2.403497682550194e-15,8.881784197001252e-16,0.0022514000011142343
6512,ISM,50,1800,200,21,0.9063556618238453,0.15042159067380112,0.0019073000003118068
6513,DI,50,1800,200,22,2.40501049839202e-15,6.661338147750939e-16,0.00032079999800771475
6514,WMI,50,1800,200,22,2.403497682550194e-15,8.881784197001252e-16,0.0028193999896757305
6515,ISM,50,1800,200,22,0.9063556618238453,0.15042159067380112,0.0019579000072553754
6516,DI,50,1800,200,23,2.40501049839202e-15,6.661338147750939e-16,0.00028730000485666096
6517,WMI,50,1800,200,23,2.403497682550194e-15,8.881784197001252e-16,0.002266399998916313
6518,ISM,50,1800,200,23,0.9063556618238453,0.15042159067380112,0.002020299987634644
6519,DI,50,1800,200,24,2.40501049839202e-15,6.661338147750939e-16,0.00029250001534819603
6520,WMI,50,1800,200,24,2.403497682550194e-15,8.881784197001252e-16,0.0024735000042710453
6521,ISM,50,1800,200,24,0.9063556618238453,0.15042159067380112,0.003975800005719066
6522,DI,50,1800,200,25,2.40501049839202e-15,6.661338147750939e-16,0.00035620000562630594
6523,WMI,50,1800,200,25,2.403497682550194e-15,8.881784197001252e-16,0.002619200007757172
6524,ISM,50,1800,200,25,0.9063556618238453,0.15042159067380112,0.002099000004818663
6525,DI,50,1800,200,26,2.40501049839202e-15,6.661338147750939e-16,0.0003102000046055764
6526,WMI,50,1800,200,26,2.403497682550194e-15,8.881784197001252e-16,0.0022905000078026205
6527,ISM,50,1800,200,26,0.9063556618238453,0.15042159067380112,0.0019567999988794327
6528,DI,50,1800,200,27,2.40501049839202e-15,6.661338147750939e-16,0.00027829999453388155
6529,WMI,50,1800,200,27,2.403497682550194e-15,8.881784197001252e-16,0.002301400003489107
6530,ISM,50,1800,200,27,0.9063556618238453,0.15042159067380112,0.0019075000018347055
6531,DI,50,1800,200,28,2.40501049839202e-15,6.661338147750939e-16,0.000278300023637712
6532,WMI,50,1800,200,28,2.403497682550194e-15,8.881784197001252e-16,0.002327900001546368
6533,ISM,50,1800,200,28,0.9063556618238453,0.15042159067380112,0.001961899979505688
6534,DI,50,1800,200,29,2.40501049839202e-15,6.661338147750939e-16,0.00035319998278282583
6535,WMI,50,1800,200,29,2.403497682550194e-15,8.881784197001252e-16,0.0022207000001799315
6536,ISM,50,1800,200,29,0.9063556618238453,0.15042159067380112,0.0019049000111408532
6537,DI,50,1800,200,30,2.40501049839202e-15,6.661338147750939e-16,0.00024690001737326384
6538,WMI,50,1800,200,30,2.403497682550194e-15,8.881784197001252e-16,0.002068200003122911
6539,ISM,50,1800,200,30,0.9063556618238453,0.15042159067380112,0.0019084000086877495
6540,DI,50,1800,200,31,2.40501049839202e-15,6.661338147750939e-16,0.0002406999992672354
6541,WMI,50,1800,200,31,2.403497682550194e-15,8.881784197001252e-16,0.002129200001945719
6542,ISM,50,1800,200,31,0.9063556618238453,0.15042159067380112,0.0019052000134252012
6543,DI,50,1800,200,32,2.40501049839202e-15,6.661338147750939e-16,0.00024199998006224632
6544,WMI,50,1800,200,32,2.403497682550194e-15,8.881784197001252e-16,0.002374000003328547
6545,ISM,50,1800,200,32,0.9063556618238453,0.15042159067380112,0.0020235000120010227
6546,DI,50,1800,200,33,2.40501049839202e-15,6.661338147750939e-16,0.00028360000578686595
6547,WMI,50,1800,200,33,2.403497682550194e-15,8.881784197001252e-16,0.0022311000211630017
6548,ISM,50,1800,200,33,0.9063556618238453,0.15042159067380112,0.0019203999836463481
6549,DI,50,1800,200,34,2.40501049839202e-15,6.661338147750939e-16,0.0002538000117056072
6550,WMI,50,1800,200,34,2.403497682550194e-15,8.881784197001252e-16,0.002095199975883588
6551,ISM,50,1800,200,34,0.9063556618238453,0.15042159067380112,0.0019298999977763742
6552,DI,50,1800,200,35,2.40501049839202e-15,6.661338147750939e-16,0.0002384000108577311
6553,WMI,50,1800,200,35,2.403497682550194e-15,8.881784197001252e-16,0.002110100002028048
6554,ISM,50,1800,200,35,0.9063556618238453,0.15042159067380112,0.0020394999883137643
6555,DI,50,1800,200,36,2.40501049839202e-15,6.661338147750939e-16,0.00027589997625909746
6556,WMI,50,1800,200,36,2.403497682550194e-15,8.881784197001252e-16,0.0025151000008918345
6557,ISM,50,1800,200,36,0.9063556618238453,0.15042159067380112,0.0019172000174876302
6558,DI,50,1800,200,37,2.40501049839202e-15,6.661338147750939e-16,0.0002549000200815499
6559,WMI,50,1800,200,37,2.403497682550194e-15,8.881784197001252e-16,0.0022046000231057405
6560,ISM,50,1800,200,37,0.9063556618238453,0.15042159067380112,0.0018973999831359833
6561,DI,50,1800,200,38,2.40501049839202e-15,6.661338147750939e-16,0.0002468000166118145
6562,WMI,50,1800,200,38,2.403497682550194e-15,8.881784197001252e-16,0.0020927000150550157
6563,ISM,50,1800,200,38,0.9063556618238453,0.15042159067380112,0.0019355000113137066
6564,DI,50,1800,200,39,2.40501049839202e-15,6.661338147750939e-16,0.00025019998429343104
6565,WMI,50,1800,200,39,2.403497682550194e-15,8.881784197001252e-16,0.002667299995664507
6566,ISM,50,1800,200,39,0.9063556618238453,0.15042159067380112,0.0023031000164337456
6567,DI,50,1800,200,40,2.40501049839202e-15,6.661338147750939e-16,0.00028730000485666096
6568,WMI,50,1800,200,40,2.403497682550194e-15,8.881784197001252e-16,0.0021560000022873282
6569,ISM,50,1800,200,40,0.9063556618238453,0.15042159067380112,0.0019453999993856996
6570,DI,50,1800,200,41,2.40501049839202e-15,6.661338147750939e-16,0.0002544000162743032
6571,WMI,50,1800,200,41,2.403497682550194e-15,8.881784197001252e-16,0.002084399980958551
6572,ISM,50,1800,200,41,0.9063556618238453,0.15042159067380112,0.0019133000168949366
6573,DI,50,1800,200,42,2.40501049839202e-15,6.661338147750939e-16,0.0002496000088285655
6574,WMI,50,1800,200,42,2.403497682550194e-15,8.881784197001252e-16,0.002125800005160272
6575,ISM,50,1800,200,42,0.9063556618238453,0.15042159067380112,0.001956599997356534
6576,DI,50,1800,200,43,2.40501049839202e-15,6.661338147750939e-16,0.0002437999937683344
6577,WMI,50,1800,200,43,2.403497682550194e-15,8.881784197001252e-16,0.0027587999938987195
6578,ISM,50,1800,200,43,0.9063556618238453,0.15042159067380112,0.0019181000243406743
6579,DI,50,1800,200,44,2.40501049839202e-15,6.661338147750939e-16,0.00026080000679939985
6580,WMI,50,1800,200,44,2.403497682550194e-15,8.881784197001252e-16,0.002097199991112575
6581,ISM,50,1800,200,44,0.9063556618238453,0.15042159067380112,0.0019178000220563263
6582,DI,50,1800,200,45,2.40501049839202e-15,6.661338147750939e-16,0.00025549999554641545
6583,WMI,50,1800,200,45,2.403497682550194e-15,8.881784197001252e-16,0.002193600026657805
6584,ISM,50,1800,200,45,0.9063556618238453,0.15042159067380112,0.0019085999811068177
6585,DI,50,1800,200,46,2.40501049839202e-15,6.661338147750939e-16,0.0002545999886933714
6586,WMI,50,1800,200,46,2.403497682550194e-15,8.881784197001252e-16,0.0022650999890174717
6587,ISM,50,1800,200,46,0.9063556618238453,0.15042159067380112,0.0019077000033576041
6588,DI,50,1800,200,47,2.40501049839202e-15,6.661338147750939e-16,0.00025839998852461576
6589,WMI,50,1800,200,47,2.403497682550194e-15,8.881784197001252e-16,0.0029847999976482242
6590,ISM,50,1800,200,47,0.9063556618238453,0.15042159067380112,0.0019483999931253493
6591,DI,50,1800,200,48,2.40501049839202e-15,6.661338147750939e-16,0.00023089998285286129
6592,WMI,50,1800,200,48,2.403497682550194e-15,8.881784197001252e-16,0.002052400028333068
6593,ISM,50,1800,200,48,0.9063556618238453,0.15042159067380112,0.0019218999950680882
6594,DI,50,1800,200,49,2.40501049839202e-15,6.661338147750939e-16,0.0002306999813299626
6595,WMI,50,1800,200,49,2.403497682550194e-15,8.881784197001252e-16,0.002193199994508177
6596,ISM,50,1800,200,49,0.9063556618238453,0.15042159067380112,0.0019278000108897686
6597,DI,50,1800,200,50,2.40501049839202e-15,6.661338147750939e-16,0.00022369998623616993
6598,WMI,50,1800,200,50,2.403497682550194e-15,8.881784197001252e-16,0.005261500016786158
6599,ISM,50,1800,200,50,0.9063556618238453,0.15042159067380112,0.001926700002513826
6600,DI,50,1800,200,51,2.40501049839202e-15,6.661338147750939e-16,0.0002465000143274665
6601,WMI,50,1800,200,51,2.403497682550194e-15,8.881784197001252e-16,0.002283699985127896
6602,DI,50,1800,200,52,2.40501049839202e-15,6.661338147750939e-16,0.00023339997278526425
6603,WMI,50,1800,200,52,2.403497682550194e-15,8.881784197001252e-16,0.0020844999817200005
6604,DI,50,1800,200,53,2.40501049839202e-15,6.661338147750939e-16,0.00025340000865980983
6605,WMI,50,1800,200,53,2.403497682550194e-15,8.881784197001252e-16,0.004364499996881932
6606,DI,50,1800,200,54,2.40501049839202e-15,6.661338147750939e-16,0.0003677000058814883
6607,WMI,50,1800,200,54,2.403497682550194e-15,8.881784197001252e-16,0.0033429999893996865
6608,DI,50,1800,200,55,2.40501049839202e-15,6.661338147750939e-16,0.00027340001543052495
6609,WMI,50,1800,200,55,2.403497682550194e-15,8.881784197001252e-16,0.002328200003830716
6610,DI,50,1800,200,56,2.40501049839202e-15,6.661338147750939e-16,0.00027069999487139285
6611,WMI,50,1800,200,56,2.403497682550194e-15,8.881784197001252e-16,0.002152200002456084
6612,DI,50,1800,200,57,2.40501049839202e-15,6.661338147750939e-16,0.00029239998548291624
6613,WMI,50,1800,200,57,2.403497682550194e-15,8.881784197001252e-16,0.0022287000028882176
6614,DI,50,1800,200,58,2.40501049839202e-15,6.661338147750939e-16,0.0002584999892860651
6615,WMI,50,1800,200,58,2.403497682550194e-15,8.881784197001252e-16,0.002452299988362938
6616,DI,50,1800,200,59,2.40501049839202e-15,6.661338147750939e-16,0.00022639997769147158
6617,WMI,50,1800,200,59,2.403497682550194e-15,8.881784197001252e-16,0.002362900006119162
6618,DI,50,1800,200,60,2.40501049839202e-15,6.661338147750939e-16,0.0002896999940276146
6619,WMI,50,1800,200,60,2.403497682550194e-15,8.881784197001252e-16,0.002532799990149215
6620,DI,50,1800,200,61,2.40501049839202e-15,6.661338147750939e-16,0.00021970001398585737
6621,WMI,50,1800,200,61,2.403497682550194e-15,8.881784197001252e-16,0.0020756999729201198
6622,DI,50,1800,200,62,2.40501049839202e-15,6.661338147750939e-16,0.00022509999689646065
6623,WMI,50,1800,200,62,2.403497682550194e-15,8.881784197001252e-16,0.002035399986198172
6624,DI,50,1800,200,63,2.40501049839202e-15,6.661338147750939e-16,0.00022270000772550702
6625,WMI,50,1800,200,63,2.403497682550194e-15,8.881784197001252e-16,0.0022557000047527254
6626,DI,50,1800,200,64,2.40501049839202e-15,6.661338147750939e-16,0.00023289999808184803
6627,WMI,50,1800,200,64,2.403497682550194e-15,8.881784197001252e-16,0.002260299981571734
6628,DI,50,1800,200,65,2.40501049839202e-15,6.661338147750939e-16,0.00025679997634142637
6629,WMI,50,1800,200,65,2.403497682550194e-15,8.881784197001252e-16,0.0022721999848727137
6630,DI,50,1800,200,66,2.40501049839202e-15,6.661338147750939e-16,0.0002668999950401485
6631,WMI,50,1800,200,66,2.403497682550194e-15,8.881784197001252e-16,0.002218499983428046
6632,DI,50,1800,200,67,2.40501049839202e-15,6.661338147750939e-16,0.00022689998149871826
6633,WMI,50,1800,200,67,2.403497682550194e-15,8.881784197001252e-16,0.002387399988947436
6634,DI,50,1800,200,68,2.40501049839202e-15,6.661338147750939e-16,0.0003020000003743917
6635,WMI,50,1800,200,68,2.403497682550194e-15,8.881784197001252e-16,0.002345100016100332
6636,DI,50,1800,200,69,2.40501049839202e-15,6.661338147750939e-16,0.00032389999250881374
6637,WMI,50,1800,200,69,2.403497682550194e-15,8.881784197001252e-16,0.0023395000025629997
6638,DI,50,1800,200,70,2.40501049839202e-15,6.661338147750939e-16,0.0002641000028233975
6639,WMI,50,1800,200,70,2.403497682550194e-15,8.881784197001252e-16,0.002358600002480671
6640,DI,50,1800,200,71,2.40501049839202e-15,6.661338147750939e-16,0.0002581999870017171
6641,WMI,50,1800,200,71,2.403497682550194e-15,8.881784197001252e-16,0.002293199999257922
6642,DI,50,1800,200,72,2.40501049839202e-15,6.661338147750939e-16,0.000302400003420189
6643,WMI,50,1800,200,72,2.403497682550194e-15,8.881784197001252e-16,0.002493900014087558
6644,DI,50,1800,200,73,2.40501049839202e-15,6.661338147750939e-16,0.0004276999970898032
6645,WMI,50,1800,200,73,2.403497682550194e-15,8.881784197001252e-16,0.0023818000045139343
6646,DI,50,1800,200,74,2.40501049839202e-15,6.661338147750939e-16,0.00023150001652538776
6647,WMI,50,1800,200,74,2.403497682550194e-15,8.881784197001252e-16,0.0023236999986693263
6648,DI,50,1800,200,75,2.40501049839202e-15,6.661338147750939e-16,0.00028830001247115433
6649,WMI,50,1800,200,75,2.403497682550194e-15,8.881784197001252e-16,0.002476800000295043
6650,DI,50,1800,200,76,2.40501049839202e-15,6.661338147750939e-16,0.0002376000047661364
6651,WMI,50,1800,200,76,2.403497682550194e-15,8.881784197001252e-16,0.002397100004600361
6652,DI,50,1800,200,77,2.40501049839202e-15,6.661338147750939e-16,0.00026760000037029386
6653,WMI,50,1800,200,77,2.403497682550194e-15,8.881784197001252e-16,0.002358400000957772
6654,DI,50,1800,200,78,2.40501049839202e-15,6.661338147750939e-16,0.0002722000062931329
6655,WMI,50,1800,200,78,2.403497682550194e-15,8.881784197001252e-16,0.002960600017104298
6656,DI,50,1800,200,79,2.40501049839202e-15,6.661338147750939e-16,0.00026279999292455614
6657,WMI,50,1800,200,79,2.403497682550194e-15,8.881784197001252e-16,0.0023714000126346946
6658,DI,50,1800,200,80,2.40501049839202e-15,6.661338147750939e-16,0.0002773999876808375
6659,WMI,50,1800,200,80,2.403497682550194e-15,8.881784197001252e-16,0.0022739999985788018
6660,DI,50,1800,200,81,2.40501049839202e-15,6.661338147750939e-16,0.00022429999080486596
6661,WMI,50,1800,200,81,2.403497682550194e-15,8.881784197001252e-16,0.0027193999849259853
6662,DI,50,1800,200,82,2.40501049839202e-15,6.661338147750939e-16,0.00021739999647252262
6663,WMI,50,1800,200,82,2.403497682550194e-15,8.881784197001252e-16,0.0022398000000976026
6664,DI,50,1800,200,83,2.40501049839202e-15,6.661338147750939e-16,0.00022489999537356198
6665,WMI,50,1800,200,83,2.403497682550194e-15,8.881784197001252e-16,0.002231899998150766
6666,DI,50,1800,200,84,2.40501049839202e-15,6.661338147750939e-16,0.00024049999774433672
6667,WMI,50,1800,200,84,2.403497682550194e-15,8.881784197001252e-16,0.003220900020096451
6668,DI,50,1800,200,85,2.40501049839202e-15,6.661338147750939e-16,0.00028619999648071826
6669,WMI,50,1800,200,85,2.403497682550194e-15,8.881784197001252e-16,0.0021871000062674284
6670,DI,50,1800,200,86,2.40501049839202e-15,6.661338147750939e-16,0.0002730000123847276
6671,WMI,50,1800,200,86,2.403497682550194e-15,8.881784197001252e-16,0.002196800021920353
6672,DI,50,1800,200,87,2.40501049839202e-15,6.661338147750939e-16,0.0005284000071696937
6673,WMI,50,1800,200,87,2.403497682550194e-15,8.881784197001252e-16,0.0030135000124573708
6674,DI,50,1800,200,88,2.40501049839202e-15,6.661338147750939e-16,0.0002525000018067658
6675,WMI,50,1800,200,88,2.403497682550194e-15,8.881784197001252e-16,0.002208799996878952
6676,DI,50,1800,200,89,2.40501049839202e-15,6.661338147750939e-16,0.00023740000324323773
6677,WMI,50,1800,200,89,2.403497682550194e-15,8.881784197001252e-16,0.0022323000011965632
6678,DI,50,1800,200,90,2.40501049839202e-15,6.661338147750939e-16,0.00025430001551285386
6679,WMI,50,1800,200,90,2.403497682550194e-15,8.881784197001252e-16,0.002518299996154383
6680,DI,50,1800,200,91,2.40501049839202e-15,6.661338147750939e-16,0.00028810001094825566
6681,WMI,50,1800,200,91,2.403497682550194e-15,8.881784197001252e-16,0.0021641999774146825
6682,DI,50,1800,200,92,2.40501049839202e-15,6.661338147750939e-16,0.00027639998006634414
6683,WMI,50,1800,200,92,2.403497682550194e-15,8.881784197001252e-16,0.00223430001642555
6684,DI,50,1800,200,93,2.40501049839202e-15,6.661338147750939e-16,0.0002403999969828874
6685,WMI,50,1800,200,93,2.403497682550194e-15,8.881784197001252e-16,0.0021690000139642507
6686,DI,50,1800,200,94,2.40501049839202e-15,6.661338147750939e-16,0.00022509999689646065
6687,WMI,50,1800,200,94,2.403497682550194e-15,8.881784197001252e-16,0.002235899999504909
6688,DI,50,1800,200,95,2.40501049839202e-15,6.661338147750939e-16,0.0002781999937724322
6689,WMI,50,1800,200,95,2.403497682550194e-15,8.881784197001252e-16,0.002213899977505207
6690,DI,50,1800,200,96,2.40501049839202e-15,6.661338147750939e-16,0.00025400001322850585
6691,WMI,50,1800,200,96,2.403497682550194e-15,8.881784197001252e-16,0.0030995999986771494
6692,DI,50,1800,200,97,2.40501049839202e-15,6.661338147750939e-16,0.00028750000637955964
6693,WMI,50,1800,200,97,2.403497682550194e-15,8.881784197001252e-16,0.0022738999978173524
6694,DI,50,1800,200,98,2.40501049839202e-15,6.661338147750939e-16,0.00022750001517124474
6695,WMI,50,1800,200,98,2.403497682550194e-15,8.881784197001252e-16,0.0026934000197798014
6696,DI,50,1800,200,99,2.40501049839202e-15,6.661338147750939e-16,0.0002765999815892428
6697,WMI,50,1800,200,99,2.403497682550194e-15,8.881784197001252e-16,0.0022807999921496958
6698,DI,50,1800,200,100,2.40501049839202e-15,6.661338147750939e-16,0.0002440999960526824
6699,WMI,50,1800,200,100,2.403497682550194e-15,8.881784197001252e-16,0.0022319999989122152
6700,DI,50,1800,200,101,2.40501049839202e-15,6.661338147750939e-16,0.0002578999847173691
6701,WMI,50,1800,200,101,2.403497682550194e-15,8.881784197001252e-16,0.002224299998488277
6702,DI,50,1800,200,102,2.40501049839202e-15,6.661338147750939e-16,0.0002668999950401485
6703,WMI,50,1800,200,102,2.403497682550194e-15,8.881784197001252e-16,0.0025824999902397394
6704,DI,50,1800,200,103,2.40501049839202e-15,6.661338147750939e-16,0.0002442999975755811
6705,WMI,50,1800,200,103,2.403497682550194e-15,8.881784197001252e-16,0.002230099984444678
6706,DI,50,1800,200,104,2.40501049839202e-15,6.661338147750939e-16,0.0002471000188961625
6707,WMI,50,1800,200,104,2.403497682550194e-15,8.881784197001252e-16,0.003875599999446422
6708,DI,50,1800,200,105,2.40501049839202e-15,6.661338147750939e-16,0.0002626000205054879
6709,WMI,50,1800,200,105,2.403497682550194e-15,8.881784197001252e-16,0.002171900006942451
6710,DI,50,1800,200,106,2.40501049839202e-15,6.661338147750939e-16,0.00025770001229830086
6711,WMI,50,1800,200,106,2.403497682550194e-15,8.881784197001252e-16,0.0022151000157464296
6712,DI,50,1800,200,107,2.40501049839202e-15,6.661338147750939e-16,0.0002523000002838671
6713,WMI,50,1800,200,107,2.403497682550194e-15,8.881784197001252e-16,0.0022499000187963247
6714,DI,50,1800,200,108,2.40501049839202e-15,6.661338147750939e-16,0.0002232000115327537
6715,WMI,50,1800,200,108,2.403497682550194e-15,8.881784197001252e-16,0.0025001000030897558
6716,DI,50,1800,200,109,2.40501049839202e-15,6.661338147750939e-16,0.0002956999815069139
6717,WMI,50,1800,200,109,2.403497682550194e-15,8.881784197001252e-16,0.0026042000099550933
6718,DI,50,1800,200,110,2.40501049839202e-15,6.661338147750939e-16,0.00025630000163801014
6719,WMI,50,1800,200,110,2.403497682550194e-15,8.881784197001252e-16,0.0022464999929070473
6720,DI,50,1800,200,111,2.40501049839202e-15,6.661338147750939e-16,0.00024549997760914266
6721,WMI,50,1800,200,111,2.403497682550194e-15,8.881784197001252e-16,0.002220800000941381
6722,DI,50,1800,200,112,2.40501049839202e-15,6.661338147750939e-16,0.00022479999461211264
6723,WMI,50,1800,200,112,2.403497682550194e-15,8.881784197001252e-16,0.002300799998920411
6724,DI,50,1800,200,113,2.40501049839202e-15,6.661338147750939e-16,0.00024339999072253704
6725,WMI,50,1800,200,113,2.403497682550194e-15,8.881784197001252e-16,0.0021400999976322055
6726,DI,50,1800,200,114,2.40501049839202e-15,6.661338147750939e-16,0.0002516999957151711
6727,WMI,50,1800,200,114,2.403497682550194e-15,8.881784197001252e-16,0.0035149999894201756
6728,DI,50,1800,200,115,2.40501049839202e-15,6.661338147750939e-16,0.000287600007141009
6729,WMI,50,1800,200,115,2.403497682550194e-15,8.881784197001252e-16,0.0022678000095766038
6730,DI,50,1800,200,116,2.40501049839202e-15,6.661338147750939e-16,0.00026500000967644155
6731,WMI,50,1800,200,116,2.403497682550194e-15,8.881784197001252e-16,0.0022216999786905944
6732,DI,50,1800,200,117,2.40501049839202e-15,6.661338147750939e-16,0.0002547000185586512
6733,WMI,50,1800,200,117,2.403497682550194e-15,8.881784197001252e-16,0.0022501000203192234
6734,DI,50,1800,200,118,2.40501049839202e-15,6.661338147750939e-16,0.0002510000194888562
6735,WMI,50,1800,200,118,2.403497682550194e-15,8.881784197001252e-16,0.0025160000077448785
6736,DI,50,1800,200,119,2.40501049839202e-15,6.661338147750939e-16,0.00045720001799054444
6737,WMI,50,1800,200,119,2.403497682550194e-15,8.881784197001252e-16,0.0027166999934706837
6738,DI,50,1800,200,120,2.40501049839202e-15,6.661338147750939e-16,0.00026050000451505184
6739,WMI,50,1800,200,120,2.403497682550194e-15,8.881784197001252e-16,0.004239599977154285
6740,DI,50,1800,200,121,2.40501049839202e-15,6.661338147750939e-16,0.00030169999809004366
6741,WMI,50,1800,200,121,2.403497682550194e-15,8.881784197001252e-16,0.0023449000145774335
6742,DI,50,1800,200,122,2.40501049839202e-15,6.661338147750939e-16,0.0002985999744851142
6743,WMI,50,1800,200,122,2.403497682550194e-15,8.881784197001252e-16,0.0024628000101074576
6744,DI,50,1800,200,123,2.40501049839202e-15,6.661338147750939e-16,0.00029570001061074436
6745,WMI,50,1800,200,123,2.403497682550194e-15,8.881784197001252e-16,0.003480999992461875
6746,DI,50,1800,200,124,2.40501049839202e-15,6.661338147750939e-16,0.0003324999997857958
6747,WMI,50,1800,200,124,2.403497682550194e-15,8.881784197001252e-16,0.00647009999374859
6748,DI,50,1800,200,125,2.40501049839202e-15,6.661338147750939e-16,0.00031529998523183167
6749,WMI,50,1800,200,125,2.403497682550194e-15,8.881784197001252e-16,0.0027786999999079853
6750,DI,50,1800,200,126,2.40501049839202e-15,6.661338147750939e-16,0.00030640000477433205
6751,WMI,50,1800,200,126,2.403497682550194e-15,8.881784197001252e-16,0.002564499998698011
6752,DI,50,1800,200,127,2.40501049839202e-15,6.661338147750939e-16,0.0005541999998968095
6753,WMI,50,1800,200,127,2.403497682550194e-15,8.881784197001252e-16,0.004132500005653128
6754,DI,50,1800,200,128,2.40501049839202e-15,6.661338147750939e-16,0.00031519998447038233
6755,WMI,50,1800,200,128,2.403497682550194e-15,8.881784197001252e-16,0.003264600003603846
6756,DI,50,1800,200,129,2.40501049839202e-15,6.661338147750939e-16,0.00038300000596791506
6757,WMI,50,1800,200,129,2.403497682550194e-15,8.881784197001252e-16,0.0035130000032950193
6758,DI,50,1800,200,130,2.40501049839202e-15,6.661338147750939e-16,0.0005827999848406762
6759,WMI,50,1800,200,130,2.403497682550194e-15,8.881784197001252e-16,0.003487900015898049
6760,DI,50,1800,200,131,2.40501049839202e-15,6.661338147750939e-16,0.0005407000135164708
6761,WMI,50,1800,200,131,2.403497682550194e-15,8.881784197001252e-16,0.00334840000141412
6762,DI,50,1800,200,132,2.40501049839202e-15,6.661338147750939e-16,0.00040619997889734805
6763,WMI,50,1800,200,132,2.403497682550194e-15,8.881784197001252e-16,0.0030802000255789608
6764,DI,50,1800,200,133,2.40501049839202e-15,6.661338147750939e-16,0.0003859999997075647
6765,WMI,50,1800,200,133,2.403497682550194e-15,8.881784197001252e-16,0.0029540999967139214
6766,DI,50,1800,200,134,2.40501049839202e-15,6.661338147750939e-16,0.00031609999132342637
6767,WMI,50,1800,200,134,2.403497682550194e-15,8.881784197001252e-16,0.002532899990910664
6768,DI,50,1800,200,135,2.40501049839202e-15,6.661338147750939e-16,0.0002738999901339412
6769,WMI,50,1800,200,135,2.403497682550194e-15,8.881784197001252e-16,0.00246389998937957
6770,DI,50,1800,200,136,2.40501049839202e-15,6.661338147750939e-16,0.00027910000062547624
6771,WMI,50,1800,200,136,2.403497682550194e-15,8.881784197001252e-16,0.0025031999975908548
6772,DI,50,1800,200,137,2.40501049839202e-15,6.661338147750939e-16,0.0002689999819267541
6773,WMI,50,1800,200,137,2.403497682550194e-15,8.881784197001252e-16,0.0027141000027768314
6774,DI,50,1800,200,138,2.40501049839202e-15,6.661338147750939e-16,0.0003305999853182584
6775,WMI,50,1800,200,138,2.403497682550194e-15,8.881784197001252e-16,0.0025292999926023185
6776,DI,50,1800,200,139,2.40501049839202e-15,6.661338147750939e-16,0.0003043000178877264
6777,WMI,50,1800,200,139,2.403497682550194e-15,8.881784197001252e-16,0.0025609000003896654
6778,DI,50,1800,200,140,2.40501049839202e-15,6.661338147750939e-16,0.0003865000035148114
6779,WMI,50,1800,200,140,2.403497682550194e-15,8.881784197001252e-16,0.002667900000233203
6780,DI,50,1800,200,141,2.40501049839202e-15,6.661338147750939e-16,0.00031629999284632504
6781,WMI,50,1800,200,141,2.403497682550194e-15,8.881784197001252e-16,0.0029226999904494733
6782,DI,50,1800,200,142,2.40501049839202e-15,6.661338147750939e-16,0.00035200000274926424
6783,WMI,50,1800,200,142,2.403497682550194e-15,8.881784197001252e-16,0.004457499977434054
6784,DI,50,1800,200,143,2.40501049839202e-15,6.661338147750939e-16,0.00041539999074302614
6785,WMI,50,1800,200,143,2.403497682550194e-15,8.881784197001252e-16,0.0027743999962694943
6786,DI,50,1800,200,144,2.40501049839202e-15,6.661338147750939e-16,0.0003507999936118722
6787,WMI,50,1800,200,144,2.403497682550194e-15,8.881784197001252e-16,0.003464300010818988
6788,DI,50,1800,200,145,2.40501049839202e-15,6.661338147750939e-16,0.00033549999352544546
6789,WMI,50,1800,200,145,2.403497682550194e-15,8.881784197001252e-16,0.0027626999944914132
6790,DI,50,1800,200,146,2.40501049839202e-15,6.661338147750939e-16,0.0002680000034160912
6791,WMI,50,1800,200,146,2.403497682550194e-15,8.881784197001252e-16,0.0025519999908283353
6792,DI,50,1800,200,147,2.40501049839202e-15,6.661338147750939e-16,0.00032079999800771475
6793,WMI,50,1800,200,147,2.403497682550194e-15,8.881784197001252e-16,0.00330989999929443
6794,DI,50,1800,200,148,2.40501049839202e-15,6.661338147750939e-16,0.00039480000850744545
6795,WMI,50,1800,200,148,2.403497682550194e-15,8.881784197001252e-16,0.002659899997524917
6796,DI,50,1800,200,149,2.40501049839202e-15,6.661338147750939e-16,0.0003108000091742724
6797,WMI,50,1800,200,149,2.403497682550194e-15,8.881784197001252e-16,0.003142899979138747
6798,DI,50,1800,200,150,2.40501049839202e-15,6.661338147750939e-16,0.0004202999989502132
6799,WMI,50,1800,200,150,2.403497682550194e-15,8.881784197001252e-16,0.0027187999803572893
6800,DI,50,1800,200,151,2.40501049839202e-15,6.661338147750939e-16,0.00041259999852627516
6801,WMI,50,1800,200,151,2.403497682550194e-15,8.881784197001252e-16,0.0029550000035669655
6802,DI,50,1800,200,152,2.40501049839202e-15,6.661338147750939e-16,0.0004557000065688044
6803,WMI,50,1800,200,152,2.403497682550194e-15,8.881784197001252e-16,0.003006899991305545
6804,DI,50,1800,200,153,2.40501049839202e-15,6.661338147750939e-16,0.00036460001138038933
6805,WMI,50,1800,200,153,2.403497682550194e-15,8.881784197001252e-16,0.0027191999834030867
6806,DI,50,1800,200,154,2.40501049839202e-15,6.661338147750939e-16,0.0003012999950442463
6807,WMI,50,1800,200,154,2.403497682550194e-15,8.881784197001252e-16,0.0029578999965451658
6808,DI,50,1800,200,155,2.40501049839202e-15,6.661338147750939e-16,0.0003358999965712428
6809,WMI,50,1800,200,155,2.403497682550194e-15,8.881784197001252e-16,0.0030197000014595687
6810,DI,50,1800,200,156,2.40501049839202e-15,6.661338147750939e-16,0.0003319999959785491
6811,WMI,50,1800,200,156,2.403497682550194e-15,8.881784197001252e-16,0.003787299996474758
6812,DI,50,1800,200,157,2.40501049839202e-15,6.661338147750939e-16,0.0004236999957356602
6813,WMI,50,1800,200,157,2.403497682550194e-15,8.881784197001252e-16,0.0029746000072918832
6814,DI,50,1800,200,158,2.40501049839202e-15,6.661338147750939e-16,0.000543999980436638
6815,WMI,50,1800,200,158,2.403497682550194e-15,8.881784197001252e-16,0.003048799990210682
6816,DI,50,1800,200,159,2.40501049839202e-15,6.661338147750939e-16,0.00032890000147745013
6817,WMI,50,1800,200,159,2.403497682550194e-15,8.881784197001252e-16,0.002849600015906617
6818,DI,50,1800,200,160,2.40501049839202e-15,6.661338147750939e-16,0.00036330000148154795
6819,WMI,50,1800,200,160,2.403497682550194e-15,8.881784197001252e-16,0.0028640000091399997
6820,DI,50,1800,200,161,2.40501049839202e-15,6.661338147750939e-16,0.00029659998835995793
6821,WMI,50,1800,200,161,2.403497682550194e-15,8.881784197001252e-16,0.0029845000244677067
6822,DI,50,1800,200,162,2.40501049839202e-15,6.661338147750939e-16,0.0003383000148460269
6823,WMI,50,1800,200,162,2.403497682550194e-15,8.881784197001252e-16,0.0026165999879594892
6824,DI,50,1800,200,163,2.40501049839202e-15,6.661338147750939e-16,0.00045960000716149807
6825,WMI,50,1800,200,163,2.403497682550194e-15,8.881784197001252e-16,0.0027857999957632273
6826,DI,50,1800,200,164,2.40501049839202e-15,6.661338147750939e-16,0.000367300002835691
6827,WMI,50,1800,200,164,2.403497682550194e-15,8.881784197001252e-16,0.0028652999899350107
6828,DI,50,1800,200,165,2.40501049839202e-15,6.661338147750939e-16,0.00035009998828172684
6829,WMI,50,1800,200,165,2.403497682550194e-15,8.881784197001252e-16,0.0027365999994799495
6830,DI,50,1800,200,166,2.40501049839202e-15,6.661338147750939e-16,0.0003462000167928636
6831,WMI,50,1800,200,166,2.403497682550194e-15,8.881784197001252e-16,0.002975400013383478
6832,DI,50,1800,200,167,2.40501049839202e-15,6.661338147750939e-16,0.0004230999911669642
6833,WMI,50,1800,200,167,2.403497682550194e-15,8.881784197001252e-16,0.002767500001937151
6834,DI,50,1800,200,168,2.40501049839202e-15,6.661338147750939e-16,0.00038170002517290413
6835,WMI,50,1800,200,168,2.403497682550194e-15,8.881784197001252e-16,0.002766599995084107
6836,DI,50,1800,200,169,2.40501049839202e-15,6.661338147750939e-16,0.0003361999988555908
6837,WMI,50,1800,200,169,2.403497682550194e-15,8.881784197001252e-16,0.0029002999945078045
6838,DI,50,1800,200,170,2.40501049839202e-15,6.661338147750939e-16,0.00030499999411404133
6839,WMI,50,1800,200,170,2.403497682550194e-15,8.881784197001252e-16,0.0027134999982081354
6840,DI,50,1800,200,171,2.40501049839202e-15,6.661338147750939e-16,0.00029510000604204834
6841,WMI,50,1800,200,171,2.403497682550194e-15,8.881784197001252e-16,0.002602099993964657
6842,DI,50,1800,200,172,2.40501049839202e-15,6.661338147750939e-16,0.0003181000065524131
6843,WMI,50,1800,200,172,2.403497682550194e-15,8.881784197001252e-16,0.0031608999997843057
6844,DI,50,1800,200,173,2.40501049839202e-15,6.661338147750939e-16,0.00037990001146681607
6845,WMI,50,1800,200,173,2.403497682550194e-15,8.881784197001252e-16,0.002863599976990372
6846,DI,50,1800,200,174,2.40501049839202e-15,6.661338147750939e-16,0.0004413000133354217
6847,WMI,50,1800,200,174,2.403497682550194e-15,8.881784197001252e-16,0.002783500007353723
6848,DI,50,1800,200,175,2.40501049839202e-15,6.661338147750939e-16,0.0003997000167146325
6849,WMI,50,1800,200,175,2.403497682550194e-15,8.881784197001252e-16,0.00286539999069646
6850,DI,50,1800,200,176,2.40501049839202e-15,6.661338147750939e-16,0.0003708000003825873
6851,WMI,50,1800,200,176,2.403497682550194e-15,8.881784197001252e-16,0.0028714000072795898
6852,DI,50,1800,200,177,2.40501049839202e-15,6.661338147750939e-16,0.00031659999513067305
6853,WMI,50,1800,200,177,2.403497682550194e-15,8.881784197001252e-16,0.00314250000519678
6854,DI,50,1800,200,178,2.40501049839202e-15,6.661338147750939e-16,0.0003934000269509852
6855,WMI,50,1800,200,178,2.403497682550194e-15,8.881784197001252e-16,0.0025896999868564308
6856,DI,50,1800,200,179,2.40501049839202e-15,6.661338147750939e-16,0.000301199994282797
6857,WMI,50,1800,200,179,2.403497682550194e-15,8.881784197001252e-16,0.0026145000010728836
6858,DI,50,1800,200,180,2.40501049839202e-15,6.661338147750939e-16,0.0003093999985139817
6859,WMI,50,1800,200,180,2.403497682550194e-15,8.881784197001252e-16,0.0026858000201173127
6860,DI,50,1800,200,181,2.40501049839202e-15,6.661338147750939e-16,0.0004135000053793192
6861,WMI,50,1800,200,181,2.403497682550194e-15,8.881784197001252e-16,0.003399199980776757
6862,DI,50,1800,200,182,2.40501049839202e-15,6.661338147750939e-16,0.0004563000111375004
6863,WMI,50,1800,200,182,2.403497682550194e-15,8.881784197001252e-16,0.0029289000085555017
6864,DI,50,1800,200,183,2.40501049839202e-15,6.661338147750939e-16,0.0003664999967440963
6865,WMI,50,1800,200,183,2.403497682550194e-15,8.881784197001252e-16,0.0029513000044971704
6866,DI,50,1800,200,184,2.40501049839202e-15,6.661338147750939e-16,0.00040129999979399145
6867,WMI,50,1800,200,184,2.403497682550194e-15,8.881784197001252e-16,0.002787500008707866
6868,DI,50,1800,200,185,2.40501049839202e-15,6.661338147750939e-16,0.00037560000782832503
6869,WMI,50,1800,200,185,2.403497682550194e-15,8.881784197001252e-16,0.002672100003110245
6870,DI,50,1800,200,186,2.40501049839202e-15,6.661338147750939e-16,0.00041680000140331686
6871,WMI,50,1800,200,186,2.403497682550194e-15,8.881784197001252e-16,0.0037097999884281307
6872,DI,50,1800,200,187,2.40501049839202e-15,6.661338147750939e-16,0.000450999999884516
6873,WMI,50,1800,200,187,2.403497682550194e-15,8.881784197001252e-16,0.0032942999969236553
6874,DI,50,1800,200,188,2.40501049839202e-15,6.661338147750939e-16,0.00037220001104287803
6875,WMI,50,1800,200,188,2.403497682550194e-15,8.881784197001252e-16,0.002788499987218529
6876,DI,50,1800,200,189,2.40501049839202e-15,6.661338147750939e-16,0.0003163999936077744
6877,WMI,50,1800,200,189,2.403497682550194e-15,8.881784197001252e-16,0.0028215000056661665
6878,DI,50,1800,200,190,2.40501049839202e-15,6.661338147750939e-16,0.0004268999909982085
6879,WMI,50,1800,200,190,2.403497682550194e-15,8.881784197001252e-16,0.003485299996100366
6880,DI,50,1800,200,191,2.40501049839202e-15,6.661338147750939e-16,0.0004222000134177506
6881,WMI,50,1800,200,191,2.403497682550194e-15,8.881784197001252e-16,0.0030264999950304627
6882,DI,50,1800,200,192,2.40501049839202e-15,6.661338147750939e-16,0.0004104000108782202
6883,WMI,50,1800,200,192,2.403497682550194e-15,8.881784197001252e-16,0.002953200018964708
6884,DI,50,1800,200,193,2.40501049839202e-15,6.661338147750939e-16,0.00040520000038668513
6885,WMI,50,1800,200,193,2.403497682550194e-15,8.881784197001252e-16,0.0027005999872926623
6886,DI,50,1800,200,194,2.40501049839202e-15,6.661338147750939e-16,0.00032550000469200313
6887,WMI,50,1800,200,194,2.403497682550194e-15,8.881784197001252e-16,0.002983400016091764
6888,DI,50,1800,200,195,2.40501049839202e-15,6.661338147750939e-16,0.0004121999954804778
6889,WMI,50,1800,200,195,2.403497682550194e-15,8.881784197001252e-16,0.0031641999958083034
6890,DI,50,1800,200,196,2.40501049839202e-15,6.661338147750939e-16,0.00036089998320676386
6891,WMI,50,1800,200,196,2.403497682550194e-15,8.881784197001252e-16,0.0025781000149436295
6892,DI,50,1800,200,197,2.40501049839202e-15,6.661338147750939e-16,0.0003020000003743917
6893,WMI,50,1800,200,197,2.403497682550194e-15,8.881784197001252e-16,0.0027261000068392605
6894,DI,50,1800,200,198,2.40501049839202e-15,6.661338147750939e-16,0.00039829997695051134
6895,WMI,50,1800,200,198,2.403497682550194e-15,8.881784197001252e-16,0.0026818999904207885
6896,DI,50,1800,200,199,2.40501049839202e-15,6.661338147750939e-16,0.00029779999749735
6897,WMI,50,1800,200,199,2.403497682550194e-15,8.881784197001252e-16,0.002594099991256371
6898,DI,50,1800,200,200,2.40501049839202e-15,6.661338147750939e-16,0.0003963999915868044
6899,WMI,50,1800,200,200,2.403497682550194e-15,8.881784197001252e-16,0.002632100018672645
6900,DI,50,1700,300,1,2.3762496247696546e-15,8.881784197001252e-16,0.0004091000009793788
6901,WMI,50,1700,300,1,2.388899134043849e-15,6.661338147750939e-16,0.007417599990731105
6902,ISM,50,1700,300,1,1.3947852255783006,0.2418688994259388,0.003214199998183176
6903,DI,50,1700,300,2,2.3762496247696546e-15,8.881784197001252e-16,0.0003868000057991594
6904,WMI,50,1700,300,2,2.388899134043849e-15,6.661338147750939e-16,0.008557299996027723
6905,ISM,50,1700,300,2,1.3947852255783006,0.2418688994259388,0.0041884999955073
6906,DI,50,1700,300,3,2.3762496247696546e-15,8.881784197001252e-16,0.00041680000140331686
6907,WMI,50,1700,300,3,2.388899134043849e-15,6.661338147750939e-16,0.009090899984585121
6908,ISM,50,1700,300,3,1.3947852255783006,0.2418688994259388,0.0038204999873414636
6909,DI,50,1700,300,4,2.3762496247696546e-15,8.881784197001252e-16,0.0003504999913275242
6910,WMI,50,1700,300,4,2.388899134043849e-15,6.661338147750939e-16,0.007525699998950586
6911,ISM,50,1700,300,4,1.3947852255783006,0.2418688994259388,0.0032555999932810664
6912,DI,50,1700,300,5,2.3762496247696546e-15,8.881784197001252e-16,0.0003525999782141298
6913,WMI,50,1700,300,5,2.388899134043849e-15,6.661338147750939e-16,0.007663900003535673
6914,ISM,50,1700,300,5,1.3947852255783006,0.2418688994259388,0.003336699999636039
6915,DI,50,1700,300,6,2.3762496247696546e-15,8.881784197001252e-16,0.0003630999999586493
6916,WMI,50,1700,300,6,2.388899134043849e-15,6.661338147750939e-16,0.007813699980033562
6917,ISM,50,1700,300,6,1.3947852255783006,0.2418688994259388,0.004071300005307421
6918,DI,50,1700,300,7,2.3762496247696546e-15,8.881784197001252e-16,0.00041480001527816057
6919,WMI,50,1700,300,7,2.388899134043849e-15,6.661338147750939e-16,0.007972699997480959
6920,ISM,50,1700,300,7,1.3947852255783006,0.2418688994259388,0.0034432999964337796
6921,DI,50,1700,300,8,2.3762496247696546e-15,8.881784197001252e-16,0.00034679999225772917
6922,WMI,50,1700,300,8,2.388899134043849e-15,6.661338147750939e-16,0.007385500008240342
6923,ISM,50,1700,300,8,1.3947852255783006,0.2418688994259388,0.003394200000911951
6924,DI,50,1700,300,9,2.3762496247696546e-15,8.881784197001252e-16,0.00036029997863806784
6925,WMI,50,1700,300,9,2.388899134043849e-15,6.661338147750939e-16,0.007650399988051504
6926,ISM,50,1700,300,9,1.3947852255783006,0.2418688994259388,0.0036684999940916896
6927,DI,50,1700,300,10,2.3762496247696546e-15,8.881784197001252e-16,0.00033599999733269215
6928,WMI,50,1700,300,10,2.388899134043849e-15,6.661338147750939e-16,0.00753249999252148
6929,ISM,50,1700,300,10,1.3947852255783006,0.2418688994259388,0.003580399992642924
6930,DI,50,1700,300,11,2.3762496247696546e-15,8.881784197001252e-16,0.0006203000084497035
6931,WMI,50,1700,300,11,2.388899134043849e-15,6.661338147750939e-16,0.009835599979851395
6932,ISM,50,1700,300,11,1.3947852255783006,0.2418688994259388,0.004439599986653775
6933,DI,50,1700,300,12,2.3762496247696546e-15,8.881784197001252e-16,0.0005110999918542802
6934,WMI,50,1700,300,12,2.388899134043849e-15,6.661338147750939e-16,0.0077220999810379
6935,ISM,50,1700,300,12,1.3947852255783006,0.2418688994259388,0.0032612999784760177
6936,DI,50,1700,300,13,2.3762496247696546e-15,8.881784197001252e-16,0.0022188000148162246
6937,WMI,50,1700,300,13,2.388899134043849e-15,6.661338147750939e-16,0.008758099982514977
6938,ISM,50,1700,300,13,1.3947852255783006,0.2418688994259388,0.006833899999037385
6939,DI,50,1700,300,14,2.3762496247696546e-15,8.881784197001252e-16,0.0006314000056590885
6940,WMI,50,1700,300,14,2.388899134043849e-15,6.661338147750939e-16,0.00959939998574555
6941,ISM,50,1700,300,14,1.3947852255783006,0.2418688994259388,0.003438700019614771
6942,DI,50,1700,300,15,2.3762496247696546e-15,8.881784197001252e-16,0.00044659999548457563
6943,WMI,50,1700,300,15,2.388899134043849e-15,6.661338147750939e-16,0.008147999993525445
6944,ISM,50,1700,300,15,1.3947852255783006,0.2418688994259388,0.006486900005256757
6945,DI,50,1700,300,16,2.3762496247696546e-15,8.881784197001252e-16,0.0004780000017490238
6946,WMI,50,1700,300,16,2.388899134043849e-15,6.661338147750939e-16,0.008736099989619106
6947,ISM,50,1700,300,16,1.3947852255783006,0.2418688994259388,0.006378099991707131
6948,DI,50,1700,300,17,2.3762496247696546e-15,8.881784197001252e-16,0.0005104000156279653
6949,WMI,50,1700,300,17,2.388899134043849e-15,6.661338147750939e-16,0.010109300026670098
6950,ISM,50,1700,300,17,1.3947852255783006,0.2418688994259388,0.0035442000080365688
6951,DI,50,1700,300,18,2.3762496247696546e-15,8.881784197001252e-16,0.0005877999938093126
6952,WMI,50,1700,300,18,2.388899134043849e-15,6.661338147750939e-16,0.009001600003102794
6953,ISM,50,1700,300,18,1.3947852255783006,0.2418688994259388,0.006699099991237745
6954,DI,50,1700,300,19,2.3762496247696546e-15,8.881784197001252e-16,0.0005356000037863851
6955,WMI,50,1700,300,19,2.388899134043849e-15,6.661338147750939e-16,0.010110300005180761
6956,ISM,50,1700,300,19,1.3947852255783006,0.2418688994259388,0.006749399995896965
6957,DI,50,1700,300,20,2.3762496247696546e-15,8.881784197001252e-16,0.0006260000227484852
6958,WMI,50,1700,300,20,2.388899134043849e-15,6.661338147750939e-16,0.011832799995318055
6959,ISM,50,1700,300,20,1.3947852255783006,0.2418688994259388,0.003909799997927621
6960,DI,50,1700,300,21,2.3762496247696546e-15,8.881784197001252e-16,0.00041959999362006783
6961,WMI,50,1700,300,21,2.388899134043849e-15,6.661338147750939e-16,0.011407199985114858
6962,ISM,50,1700,300,21,1.3947852255783006,0.2418688994259388,0.0065528000122867525
6963,DI,50,1700,300,22,2.3762496247696546e-15,8.881784197001252e-16,0.0006474000110756606
6964,WMI,50,1700,300,22,2.388899134043849e-15,6.661338147750939e-16,0.011433400009991601
6965,ISM,50,1700,300,22,1.3947852255783006,0.2418688994259388,0.006690699985483661
6966,DI,50,1700,300,23,2.3762496247696546e-15,8.881784197001252e-16,0.0006311000033747405
6967,WMI,50,1700,300,23,2.388899134043849e-15,6.661338147750939e-16,0.010954400000628084
6968,ISM,50,1700,300,23,1.3947852255783006,0.2418688994259388,0.009094900015043095
6969,DI,50,1700,300,24,2.3762496247696546e-15,8.881784197001252e-16,0.0007287999906111509
6970,WMI,50,1700,300,24,2.388899134043849e-15,6.661338147750939e-16,0.011097700014943257
6971,ISM,50,1700,300,24,1.3947852255783006,0.2418688994259388,0.00663009998970665
6972,DI,50,1700,300,25,2.3762496247696546e-15,8.881784197001252e-16,0.0006401000136975199
6973,WMI,50,1700,300,25,2.388899134043849e-15,6.661338147750939e-16,0.012246099999174476
6974,ISM,50,1700,300,25,1.3947852255783006,0.2418688994259388,0.006551200000103563
6975,DI,50,1700,300,26,2.3762496247696546e-15,8.881784197001252e-16,0.0006690000009257346
6976,WMI,50,1700,300,26,2.388899134043849e-15,6.661338147750939e-16,0.012098000006517395
6977,ISM,50,1700,300,26,1.3947852255783006,0.2418688994259388,0.006744200014509261
6978,DI,50,1700,300,27,2.3762496247696546e-15,8.881784197001252e-16,0.0008588999917265028
6979,WMI,50,1700,300,27,2.388899134043849e-15,6.661338147750939e-16,0.01238030000240542
6980,ISM,50,1700,300,27,1.3947852255783006,0.2418688994259388,0.007054600020637736
6981,DI,50,1700,300,28,2.3762496247696546e-15,8.881784197001252e-16,0.0007913000008556992
6982,WMI,50,1700,300,28,2.388899134043849e-15,6.661338147750939e-16,0.013545900001190603
6983,ISM,50,1700,300,28,1.3947852255783006,0.2418688994259388,0.006721000012475997
6984,DI,50,1700,300,29,2.3762496247696546e-15,8.881784197001252e-16,0.0007136000203900039
6985,WMI,50,1700,300,29,2.388899134043849e-15,6.661338147750939e-16,0.013292099989484996
6986,ISM,50,1700,300,29,1.3947852255783006,0.2418688994259388,0.006925800000317395
6987,DI,50,1700,300,30,2.3762496247696546e-15,8.881784197001252e-16,0.0007399999885819852
6988,WMI,50,1700,300,30,2.388899134043849e-15,6.661338147750939e-16,0.013014600001042709
6989,ISM,50,1700,300,30,1.3947852255783006,0.2418688994259388,0.006269700010307133
6990,DI,50,1700,300,31,2.3762496247696546e-15,8.881784197001252e-16,0.000609799986705184
6991,WMI,50,1700,300,31,2.388899134043849e-15,6.661338147750939e-16,0.01251209998736158
6992,ISM,50,1700,300,31,1.3947852255783006,0.2418688994259388,0.0038019999919924885
6993,DI,50,1700,300,32,2.3762496247696546e-15,8.881784197001252e-16,0.0004707000043708831
6994,WMI,50,1700,300,32,2.388899134043849e-15,6.661338147750939e-16,0.010467899992363527
6995,ISM,50,1700,300,32,1.3947852255783006,0.2418688994259388,0.003982500027632341
6996,DI,50,1700,300,33,2.3762496247696546e-15,8.881784197001252e-16,0.0005075999943073839
6997,WMI,50,1700,300,33,2.388899134043849e-15,6.661338147750939e-16,0.009841599996434525
6998,ISM,50,1700,300,33,1.3947852255783006,0.2418688994259388,0.004337800026405603
6999,DI,50,1700,300,34,2.3762496247696546e-15,8.881784197001252e-16,0.0005583000020124018
7000,WMI,50,1700,300,34,2.388899134043849e-15,6.661338147750939e-16,0.008816099987598136
7001,ISM,50,1700,300,34,1.3947852255783006,0.2418688994259388,0.0031143999949563295
7002,DI,50,1700,300,35,2.3762496247696546e-15,8.881784197001252e-16,0.00048409998998977244
7003,WMI,50,1700,300,35,2.388899134043849e-15,6.661338147750939e-16,0.009161900001345202
7004,ISM,50,1700,300,35,1.3947852255783006,0.2418688994259388,0.006887800002004951
7005,DI,50,1700,300,36,2.3762496247696546e-15,8.881784197001252e-16,0.0005663000047206879
7006,WMI,50,1700,300,36,2.388899134043849e-15,6.661338147750939e-16,0.009784000023500994
7007,ISM,50,1700,300,36,1.3947852255783006,0.2418688994259388,0.005948500009253621
7008,DI,50,1700,300,37,2.3762496247696546e-15,8.881784197001252e-16,0.000527900003362447
7009,WMI,50,1700,300,37,2.388899134043849e-15,6.661338147750939e-16,0.009887400025036186
7010,ISM,50,1700,300,37,1.3947852255783006,0.2418688994259388,0.003162599983625114
7011,DI,50,1700,300,38,2.3762496247696546e-15,8.881784197001252e-16,0.0003890999942086637
7012,WMI,50,1700,300,38,2.388899134043849e-15,6.661338147750939e-16,0.009582200000295416
7013,ISM,50,1700,300,38,1.3947852255783006,0.2418688994259388,0.007203199987998232
7014,DI,50,1700,300,39,2.3762496247696546e-15,8.881784197001252e-16,0.0005993999948259443
7015,WMI,50,1700,300,39,2.388899134043849e-15,6.661338147750939e-16,0.010183499980485067
7016,ISM,50,1700,300,39,1.3947852255783006,0.2418688994259388,0.0032683999743312597
7017,DI,50,1700,300,40,2.3762496247696546e-15,8.881784197001252e-16,0.00041069998405873775
7018,WMI,50,1700,300,40,2.388899134043849e-15,6.661338147750939e-16,0.00965419999556616
7019,ISM,50,1700,300,40,1.3947852255783006,0.2418688994259388,0.0031556999892927706
7020,DI,50,1700,300,41,2.3762496247696546e-15,8.881784197001252e-16,0.0004163999983575195
7021,WMI,50,1700,300,41,2.388899134043849e-15,6.661338147750939e-16,0.009546699991915375
7022,ISM,50,1700,300,41,1.3947852255783006,0.2418688994259388,0.0064894999959506094
7023,DI,50,1700,300,42,2.3762496247696546e-15,8.881784197001252e-16,0.000604200002271682
7024,WMI,50,1700,300,42,2.388899134043849e-15,6.661338147750939e-16,0.009117400011746213
7025,ISM,50,1700,300,42,1.3947852255783006,0.2418688994259388,0.0031239999807439744
7026,DI,50,1700,300,43,2.3762496247696546e-15,8.881784197001252e-16,0.00040940000326372683
7027,WMI,50,1700,300,43,2.388899134043849e-15,6.661338147750939e-16,0.008759999996982515
7028,ISM,50,1700,300,43,1.3947852255783006,0.2418688994259388,0.006531899998662993
7029,DI,50,1700,300,44,2.3762496247696546e-15,8.881784197001252e-16,0.0005085000011604279
7030,WMI,50,1700,300,44,2.388899134043849e-15,6.661338147750939e-16,0.010291600017808378
7031,ISM,50,1700,300,44,1.3947852255783006,0.2418688994259388,0.0036339999933261424
7032,DI,50,1700,300,45,2.3762496247696546e-15,8.881784197001252e-16,0.00038029998540878296
7033,WMI,50,1700,300,45,2.388899134043849e-15,6.661338147750939e-16,0.010351699980674312
7034,ISM,50,1700,300,45,1.3947852255783006,0.2418688994259388,0.012025300005916506
7035,DI,50,1700,300,46,2.3762496247696546e-15,8.881784197001252e-16,0.0007383999763987958
7036,WMI,50,1700,300,46,2.388899134043849e-15,6.661338147750939e-16,0.010760199977084994
7037,ISM,50,1700,300,46,1.3947852255783006,0.2418688994259388,0.006543700001202524
7038,DI,50,1700,300,47,2.3762496247696546e-15,8.881784197001252e-16,0.0006034999969415367
7039,WMI,50,1700,300,47,2.388899134043849e-15,6.661338147750939e-16,0.008780700009083375
7040,ISM,50,1700,300,47,1.3947852255783006,0.2418688994259388,0.006774899986339733
7041,DI,50,1700,300,48,2.3762496247696546e-15,8.881784197001252e-16,0.000538099993718788
7042,WMI,50,1700,300,48,2.388899134043849e-15,6.661338147750939e-16,0.010511600004974753
7043,ISM,50,1700,300,48,1.3947852255783006,0.2418688994259388,0.006564300012541935
7044,DI,50,1700,300,49,2.3762496247696546e-15,8.881784197001252e-16,0.0005000999954063445
7045,WMI,50,1700,300,49,2.388899134043849e-15,6.661338147750939e-16,0.009884400002192706
7046,ISM,50,1700,300,49,1.3947852255783006,0.2418688994259388,0.005414299987023696
7047,DI,50,1700,300,50,2.3762496247696546e-15,8.881784197001252e-16,0.0005278000026009977
7048,WMI,50,1700,300,50,2.388899134043849e-15,6.661338147750939e-16,0.009383600001456216
7049,ISM,50,1700,300,50,1.3947852255783006,0.2418688994259388,0.0068580000079236925
7050,DI,50,1700,300,51,2.3762496247696546e-15,8.881784197001252e-16,0.0007007000094745308
7051,WMI,50,1700,300,51,2.388899134043849e-15,6.661338147750939e-16,0.01268109999364242
7052,DI,50,1700,300,52,2.3762496247696546e-15,8.881784197001252e-16,0.000513400009367615
7053,WMI,50,1700,300,52,2.388899134043849e-15,6.661338147750939e-16,0.00911039998754859
7054,DI,50,1700,300,53,2.3762496247696546e-15,8.881784197001252e-16,0.0005192000244278461
7055,WMI,50,1700,300,53,2.388899134043849e-15,6.661338147750939e-16,0.009730699995998293
7056,DI,50,1700,300,54,2.3762496247696546e-15,8.881784197001252e-16,0.00044440000783652067
7057,WMI,50,1700,300,54,2.388899134043849e-15,6.661338147750939e-16,0.00895619997754693
7058,DI,50,1700,300,55,2.3762496247696546e-15,8.881784197001252e-16,0.0005109999910928309
7059,WMI,50,1700,300,55,2.388899134043849e-15,6.661338147750939e-16,0.009180299995932728
7060,DI,50,1700,300,56,2.3762496247696546e-15,8.881784197001252e-16,0.00046889999066479504
7061,WMI,50,1700,300,56,2.388899134043849e-15,6.661338147750939e-16,0.00923920000786893
7062,DI,50,1700,300,57,2.3762496247696546e-15,8.881784197001252e-16,0.0004236999957356602
7063,WMI,50,1700,300,57,2.388899134043849e-15,6.661338147750939e-16,0.008755999995628372
7064,DI,50,1700,300,58,2.3762496247696546e-15,8.881784197001252e-16,0.0004104000108782202
7065,WMI,50,1700,300,58,2.388899134043849e-15,6.661338147750939e-16,0.008904099988285452
7066,DI,50,1700,300,59,2.3762496247696546e-15,8.881784197001252e-16,0.00044559998787008226
7067,WMI,50,1700,300,59,2.388899134043849e-15,6.661338147750939e-16,0.007835399999748915
7068,DI,50,1700,300,60,2.3762496247696546e-15,8.881784197001252e-16,0.0004031000135000795
7069,WMI,50,1700,300,60,2.388899134043849e-15,6.661338147750939e-16,0.008071599993854761
7070,DI,50,1700,300,61,2.3762496247696546e-15,8.881784197001252e-16,0.00043420001748017967
7071,WMI,50,1700,300,61,2.388899134043849e-15,6.661338147750939e-16,0.007179399981396273
7072,DI,50,1700,300,62,2.3762496247696546e-15,8.881784197001252e-16,0.00039239999023266137
7073,WMI,50,1700,300,62,2.388899134043849e-15,6.661338147750939e-16,0.008355400001164526
7074,DI,50,1700,300,63,2.3762496247696546e-15,8.881784197001252e-16,0.0004029999836347997
7075,WMI,50,1700,300,63,2.388899134043849e-15,6.661338147750939e-16,0.0077815999975427985
7076,DI,50,1700,300,64,2.3762496247696546e-15,8.881784197001252e-16,0.00037719999090768397
7077,WMI,50,1700,300,64,2.388899134043849e-15,6.661338147750939e-16,0.0087368999957107
7078,DI,50,1700,300,65,2.3762496247696546e-15,8.881784197001252e-16,0.0004397000011522323
7079,WMI,50,1700,300,65,2.388899134043849e-15,6.661338147750939e-16,0.008952600008342415
7080,DI,50,1700,300,66,2.3762496247696546e-15,8.881784197001252e-16,0.0006246000120881945
7081,WMI,50,1700,300,66,2.388899134043849e-15,6.661338147750939e-16,0.008727900014491752
7082,DI,50,1700,300,67,2.3762496247696546e-15,8.881784197001252e-16,0.0005117999971844256
7083,WMI,50,1700,300,67,2.388899134043849e-15,6.661338147750939e-16,0.009401199989952147
7084,DI,50,1700,300,68,2.3762496247696546e-15,8.881784197001252e-16,0.0005018000083509833
7085,WMI,50,1700,300,68,2.388899134043849e-15,6.661338147750939e-16,0.011129099992103875
7086,DI,50,1700,300,69,2.3762496247696546e-15,8.881784197001252e-16,0.0005397999775595963
7087,WMI,50,1700,300,69,2.388899134043849e-15,6.661338147750939e-16,0.007707599987043068
7088,DI,50,1700,300,70,2.3762496247696546e-15,8.881784197001252e-16,0.00039450000622309744
7089,WMI,50,1700,300,70,2.388899134043849e-15,6.661338147750939e-16,0.00849700000253506
7090,DI,50,1700,300,71,2.3762496247696546e-15,8.881784197001252e-16,0.00042979998397640884
7091,WMI,50,1700,300,71,2.388899134043849e-15,6.661338147750939e-16,0.013674299989361316
7092,DI,50,1700,300,72,2.3762496247696546e-15,8.881784197001252e-16,0.0006032000237610191
7093,WMI,50,1700,300,72,2.388899134043849e-15,6.661338147750939e-16,0.007909200008725747
7094,DI,50,1700,300,73,2.3762496247696546e-15,8.881784197001252e-16,0.00047450000420212746
7095,WMI,50,1700,300,73,2.388899134043849e-15,6.661338147750939e-16,0.008829300000797957
7096,DI,50,1700,300,74,2.3762496247696546e-15,8.881784197001252e-16,0.0004109000146854669
7097,WMI,50,1700,300,74,2.388899134043849e-15,6.661338147750939e-16,0.008559100009733811
7098,DI,50,1700,300,75,2.3762496247696546e-15,8.881784197001252e-16,0.000520800007507205
7099,WMI,50,1700,300,75,2.388899134043849e-15,6.661338147750939e-16,0.009969600010663271
7100,DI,50,1700,300,76,2.3762496247696546e-15,8.881784197001252e-16,0.0007175999926403165
7101,WMI,50,1700,300,76,2.388899134043849e-15,6.661338147750939e-16,0.009942400007275864
7102,DI,50,1700,300,77,2.3762496247696546e-15,8.881784197001252e-16,0.000458099995739758
7103,WMI,50,1700,300,77,2.388899134043849e-15,6.661338147750939e-16,0.009392199979629368
7104,DI,50,1700,300,78,2.3762496247696546e-15,8.881784197001252e-16,0.0005407000135164708
7105,WMI,50,1700,300,78,2.388899134043849e-15,6.661338147750939e-16,0.008010599995031953
7106,DI,50,1700,300,79,2.3762496247696546e-15,8.881784197001252e-16,0.0003575999871827662
7107,WMI,50,1700,300,79,2.388899134043849e-15,6.661338147750939e-16,0.007521999999880791
7108,DI,50,1700,300,80,2.3762496247696546e-15,8.881784197001252e-16,0.00038839998887851834
7109,WMI,50,1700,300,80,2.388899134043849e-15,6.661338147750939e-16,0.0077056000009179115
7110,DI,50,1700,300,81,2.3762496247696546e-15,8.881784197001252e-16,0.0005114999949000776
7111,WMI,50,1700,300,81,2.388899134043849e-15,6.661338147750939e-16,0.008135100011713803
7112,DI,50,1700,300,82,2.3762496247696546e-15,8.881784197001252e-16,0.0006416999967768788
7113,WMI,50,1700,300,82,2.388899134043849e-15,6.661338147750939e-16,0.010804999998072162
7114,DI,50,1700,300,83,2.3762496247696546e-15,8.881784197001252e-16,0.00045190000673756003
7115,WMI,50,1700,300,83,2.388899134043849e-15,6.661338147750939e-16,0.008439700002782047
7116,DI,50,1700,300,84,2.3762496247696546e-15,8.881784197001252e-16,0.000533799990080297
7117,WMI,50,1700,300,84,2.388899134043849e-15,6.661338147750939e-16,0.007496500009438023
7118,DI,50,1700,300,85,2.3762496247696546e-15,8.881784197001252e-16,0.00045360001968219876
7119,WMI,50,1700,300,85,2.388899134043849e-15,6.661338147750939e-16,0.008274199994048104
7120,DI,50,1700,300,86,2.3762496247696546e-15,8.881784197001252e-16,0.0003650000144261867
7121,WMI,50,1700,300,86,2.388899134043849e-15,6.661338147750939e-16,0.007919499999843538
7122,DI,50,1700,300,87,2.3762496247696546e-15,8.881784197001252e-16,0.0005772000004071742
7123,WMI,50,1700,300,87,2.388899134043849e-15,6.661338147750939e-16,0.008329100004630163
7124,DI,50,1700,300,88,2.3762496247696546e-15,8.881784197001252e-16,0.0003541000187397003
7125,WMI,50,1700,300,88,2.388899134043849e-15,6.661338147750939e-16,0.007779599982313812
7126,DI,50,1700,300,89,2.3762496247696546e-15,8.881784197001252e-16,0.0006463999743573368
7127,WMI,50,1700,300,89,2.388899134043849e-15,6.661338147750939e-16,0.00811319999047555
7128,DI,50,1700,300,90,2.3762496247696546e-15,8.881784197001252e-16,0.0004625000001396984
7129,WMI,50,1700,300,90,2.388899134043849e-15,6.661338147750939e-16,0.01280689999111928
7130,DI,50,1700,300,91,2.3762496247696546e-15,8.881784197001252e-16,0.0004123999970033765
7131,WMI,50,1700,300,91,2.388899134043849e-15,6.661338147750939e-16,0.007785200024954975
7132,DI,50,1700,300,92,2.3762496247696546e-15,8.881784197001252e-16,0.00038519999361597
7133,WMI,50,1700,300,92,2.388899134043849e-15,6.661338147750939e-16,0.008551100007025525
7134,DI,50,1700,300,93,2.3762496247696546e-15,8.881784197001252e-16,0.0003782999992836267
7135,WMI,50,1700,300,93,2.388899134043849e-15,6.661338147750939e-16,0.007792999997036532
7136,DI,50,1700,300,94,2.3762496247696546e-15,8.881784197001252e-16,0.0004867000097874552
7137,WMI,50,1700,300,94,2.388899134043849e-15,6.661338147750939e-16,0.008184100006474182
7138,DI,50,1700,300,95,2.3762496247696546e-15,8.881784197001252e-16,0.0005546000029426068
7139,WMI,50,1700,300,95,2.388899134043849e-15,6.661338147750939e-16,0.008333599980687723
7140,DI,50,1700,300,96,2.3762496247696546e-15,8.881784197001252e-16,0.0003690000157803297
7141,WMI,50,1700,300,96,2.388899134043849e-15,6.661338147750939e-16,0.008544899988919497
7142,DI,50,1700,300,97,2.3762496247696546e-15,8.881784197001252e-16,0.0004005999944638461
7143,WMI,50,1700,300,97,2.388899134043849e-15,6.661338147750939e-16,0.008886199997505173
7144,DI,50,1700,300,98,2.3762496247696546e-15,8.881784197001252e-16,0.0006062000175006688
7145,WMI,50,1700,300,98,2.388899134043849e-15,6.661338147750939e-16,0.015752699982840568
7146,DI,50,1700,300,99,2.3762496247696546e-15,8.881784197001252e-16,0.0004998999938834459
7147,WMI,50,1700,300,99,2.388899134043849e-15,6.661338147750939e-16,0.008572899998398498
7148,DI,50,1700,300,100,2.3762496247696546e-15,8.881784197001252e-16,0.0004558999789878726
7149,WMI,50,1700,300,100,2.388899134043849e-15,6.661338147750939e-16,0.007982399984030053
7150,DI,50,1700,300,101,2.3762496247696546e-15,8.881784197001252e-16,0.0004637999809347093
7151,WMI,50,1700,300,101,2.388899134043849e-15,6.661338147750939e-16,0.00786869999137707
7152,DI,50,1700,300,102,2.3762496247696546e-15,8.881784197001252e-16,0.000458099995739758
7153,WMI,50,1700,300,102,2.388899134043849e-15,6.661338147750939e-16,0.008023499976843596
7154,DI,50,1700,300,103,2.3762496247696546e-15,8.881784197001252e-16,0.000458399998024106
7155,WMI,50,1700,300,103,2.388899134043849e-15,6.661338147750939e-16,0.008192799985408783
7156,DI,50,1700,300,104,2.3762496247696546e-15,8.881784197001252e-16,0.0004527999844867736
7157,WMI,50,1700,300,104,2.388899134043849e-15,6.661338147750939e-16,0.008008200005861
7158,DI,50,1700,300,105,2.3762496247696546e-15,8.881784197001252e-16,0.0004031999851576984
7159,WMI,50,1700,300,105,2.388899134043849e-15,6.661338147750939e-16,0.007390999991912395
7160,DI,50,1700,300,106,2.3762496247696546e-15,8.881784197001252e-16,0.0004029999836347997
7161,WMI,50,1700,300,106,2.388899134043849e-15,6.661338147750939e-16,0.007969400001456961
7162,DI,50,1700,300,107,2.3762496247696546e-15,8.881784197001252e-16,0.0004481000069063157
7163,WMI,50,1700,300,107,2.388899134043849e-15,6.661338147750939e-16,0.007606900006067008
7164,DI,50,1700,300,108,2.3762496247696546e-15,8.881784197001252e-16,0.0004456999886315316
7165,WMI,50,1700,300,108,2.388899134043849e-15,6.661338147750939e-16,0.008223899989388883
7166,DI,50,1700,300,109,2.3762496247696546e-15,8.881784197001252e-16,0.00038869999116286635
7167,WMI,50,1700,300,109,2.388899134043849e-15,6.661338147750939e-16,0.007933700020657852
7168,DI,50,1700,300,110,2.3762496247696546e-15,8.881784197001252e-16,0.0004538999928627163
7169,WMI,50,1700,300,110,2.388899134043849e-15,6.661338147750939e-16,0.00809250000747852
7170,DI,50,1700,300,111,2.3762496247696546e-15,8.881784197001252e-16,0.0003535000141710043
7171,WMI,50,1700,300,111,2.388899134043849e-15,6.661338147750939e-16,0.008130800008075312
7172,DI,50,1700,300,112,2.3762496247696546e-15,8.881784197001252e-16,0.0004068000125698745
7173,WMI,50,1700,300,112,2.388899134043849e-15,6.661338147750939e-16,0.008605499984696507
7174,DI,50,1700,300,113,2.3762496247696546e-15,8.881784197001252e-16,0.00040580000495538116
7175,WMI,50,1700,300,113,2.388899134043849e-15,6.661338147750939e-16,0.008675999997649342
7176,DI,50,1700,300,114,2.3762496247696546e-15,8.881784197001252e-16,0.000427800026955083
7177,WMI,50,1700,300,114,2.388899134043849e-15,6.661338147750939e-16,0.00803629998699762
7178,DI,50,1700,300,115,2.3762496247696546e-15,8.881784197001252e-16,0.0004474999732337892
7179,WMI,50,1700,300,115,2.388899134043849e-15,6.661338147750939e-16,0.008522499992977828
7180,DI,50,1700,300,116,2.3762496247696546e-15,8.881784197001252e-16,0.0003789999755099416
7181,WMI,50,1700,300,116,2.388899134043849e-15,6.661338147750939e-16,0.007501799991587177
7182,DI,50,1700,300,117,2.3762496247696546e-15,8.881784197001252e-16,0.000467399979243055
7183,WMI,50,1700,300,117,2.388899134043849e-15,6.661338147750939e-16,0.0083030000096187
7184,DI,50,1700,300,118,2.3762496247696546e-15,8.881784197001252e-16,0.00039080000715330243
7185,WMI,50,1700,300,118,2.388899134043849e-15,6.661338147750939e-16,0.007550399983301759
7186,DI,50,1700,300,119,2.3762496247696546e-15,8.881784197001252e-16,0.00045259998296387494
7187,WMI,50,1700,300,119,2.388899134043849e-15,6.661338147750939e-16,0.008424700004979968
7188,DI,50,1700,300,120,2.3762496247696546e-15,8.881784197001252e-16,0.00040210000588558614
7189,WMI,50,1700,300,120,2.388899134043849e-15,6.661338147750939e-16,0.007946400000946596
7190,DI,50,1700,300,121,2.3762496247696546e-15,8.881784197001252e-16,0.0004363000043667853
7191,WMI,50,1700,300,121,2.388899134043849e-15,6.661338147750939e-16,0.008175700000720099
7192,DI,50,1700,300,122,2.3762496247696546e-15,8.881784197001252e-16,0.0003862000012304634
7193,WMI,50,1700,300,122,2.388899134043849e-15,6.661338147750939e-16,0.008090499992249534
7194,DI,50,1700,300,123,2.3762496247696546e-15,8.881784197001252e-16,0.0004076999903190881
7195,WMI,50,1700,300,123,2.388899134043849e-15,6.661338147750939e-16,0.0077495000150520355
7196,DI,50,1700,300,124,2.3762496247696546e-15,8.881784197001252e-16,0.0003711000026669353
7197,WMI,50,1700,300,124,2.388899134043849e-15,6.661338147750939e-16,0.008350799995241687
7198,DI,50,1700,300,125,2.3762496247696546e-15,8.881784197001252e-16,0.00045419999514706433
7199,WMI,50,1700,300,125,2.388899134043849e-15,6.661338147750939e-16,0.0076160000171512365
7200,DI,50,1700,300,126,2.3762496247696546e-15,8.881784197001252e-16,0.00039439997635781765
7201,WMI,50,1700,300,126,2.388899134043849e-15,6.661338147750939e-16,0.008478700008708984
7202,DI,50,1700,300,127,2.3762496247696546e-15,8.881784197001252e-16,0.000382099999114871
7203,WMI,50,1700,300,127,2.388899134043849e-15,6.661338147750939e-16,0.007666199991945177
7204,DI,50,1700,300,128,2.3762496247696546e-15,8.881784197001252e-16,0.00046740000834688544
7205,WMI,50,1700,300,128,2.388899134043849e-15,6.661338147750939e-16,0.00834739999845624
7206,DI,50,1700,300,129,2.3762496247696546e-15,8.881784197001252e-16,0.0003768000169657171
7207,WMI,50,1700,300,129,2.388899134043849e-15,6.661338147750939e-16,0.007650200015632436
7208,DI,50,1700,300,130,2.3762496247696546e-15,8.881784197001252e-16,0.0004354999982751906
7209,WMI,50,1700,300,130,2.388899134043849e-15,6.661338147750939e-16,0.008182499994290993
7210,DI,50,1700,300,131,2.3762496247696546e-15,8.881784197001252e-16,0.00039080000715330243
7211,WMI,50,1700,300,131,2.388899134043849e-15,6.661338147750939e-16,0.008217599999625236
7212,DI,50,1700,300,132,2.3762496247696546e-15,8.881784197001252e-16,0.00047420000191777945
7213,WMI,50,1700,300,132,2.388899134043849e-15,6.661338147750939e-16,0.008804600016446784
7214,DI,50,1700,300,133,2.3762496247696546e-15,8.881784197001252e-16,0.0003819999983534217
7215,WMI,50,1700,300,133,2.388899134043849e-15,6.661338147750939e-16,0.007931400003144518
7216,DI,50,1700,300,134,2.3762496247696546e-15,8.881784197001252e-16,0.0004501999937929213
7217,WMI,50,1700,300,134,2.388899134043849e-15,6.661338147750939e-16,0.008077100006630644
7218,DI,50,1700,300,135,2.3762496247696546e-15,8.881784197001252e-16,0.0003628000267781317
7219,WMI,50,1700,300,135,2.388899134043849e-15,6.661338147750939e-16,0.009347799990791827
7220,DI,50,1700,300,136,2.3762496247696546e-15,8.881784197001252e-16,0.0004965999978594482
7221,WMI,50,1700,300,136,2.388899134043849e-15,6.661338147750939e-16,0.008903400012059137
7222,DI,50,1700,300,137,2.3762496247696546e-15,8.881784197001252e-16,0.0004734999965876341
7223,WMI,50,1700,300,137,2.388899134043849e-15,6.661338147750939e-16,0.012421399995218962
7224,DI,50,1700,300,138,2.3762496247696546e-15,8.881784197001252e-16,0.00046290000318549573
7225,WMI,50,1700,300,138,2.388899134043849e-15,6.661338147750939e-16,0.007844599982490763
7226,DI,50,1700,300,139,2.3762496247696546e-15,8.881784197001252e-16,0.0003339999821037054
7227,WMI,50,1700,300,139,2.388899134043849e-15,6.661338147750939e-16,0.007838499994250014
7228,DI,50,1700,300,140,2.3762496247696546e-15,8.881784197001252e-16,0.0004817000008188188
7229,WMI,50,1700,300,140,2.388899134043849e-15,6.661338147750939e-16,0.008505100006004795
7230,DI,50,1700,300,141,2.3762496247696546e-15,8.881784197001252e-16,0.0005356000037863851
7231,WMI,50,1700,300,141,2.388899134043849e-15,6.661338147750939e-16,0.008607299998402596
7232,DI,50,1700,300,142,2.3762496247696546e-15,8.881784197001252e-16,0.000384599989047274
7233,WMI,50,1700,300,142,2.388899134043849e-15,6.661338147750939e-16,0.007911599997896701
7234,DI,50,1700,300,143,2.3762496247696546e-15,8.881784197001252e-16,0.0004124999977648258
7235,WMI,50,1700,300,143,2.388899134043849e-15,6.661338147750939e-16,0.00789110001642257
7236,DI,50,1700,300,144,2.3762496247696546e-15,8.881784197001252e-16,0.0003761999832931906
7237,WMI,50,1700,300,144,2.388899134043849e-15,6.661338147750939e-16,0.00876080000307411
7238,DI,50,1700,300,145,2.3762496247696546e-15,8.881784197001252e-16,0.00041310000233352184
7239,WMI,50,1700,300,145,2.388899134043849e-15,6.661338147750939e-16,0.008977599994977936
7240,DI,50,1700,300,146,2.3762496247696546e-15,8.881784197001252e-16,0.0004844000213779509
7241,WMI,50,1700,300,146,2.388899134043849e-15,6.661338147750939e-16,0.007946600002469495
7242,DI,50,1700,300,147,2.3762496247696546e-15,8.881784197001252e-16,0.00037590001011267304
7243,WMI,50,1700,300,147,2.388899134043849e-15,6.661338147750939e-16,0.008248600002843887
7244,DI,50,1700,300,148,2.3762496247696546e-15,8.881784197001252e-16,0.0004690999921876937
7245,WMI,50,1700,300,148,2.388899134043849e-15,6.661338147750939e-16,0.007815300021320581
7246,DI,50,1700,300,149,2.3762496247696546e-15,8.881784197001252e-16,0.0004206000012345612
7247,WMI,50,1700,300,149,2.388899134043849e-15,6.661338147750939e-16,0.00867330000619404
7248,DI,50,1700,300,150,2.3762496247696546e-15,8.881784197001252e-16,0.000516800006153062
7249,WMI,50,1700,300,150,2.388899134043849e-15,6.661338147750939e-16,0.008538400026736781
7250,DI,50,1700,300,151,2.3762496247696546e-15,8.881784197001252e-16,0.0004791000101249665
7251,WMI,50,1700,300,151,2.388899134043849e-15,6.661338147750939e-16,0.008123400009935722
7252,DI,50,1700,300,152,2.3762496247696546e-15,8.881784197001252e-16,0.0004765999910887331
7253,WMI,50,1700,300,152,2.388899134043849e-15,6.661338147750939e-16,0.008429599984083325
7254,DI,50,1700,300,153,2.3762496247696546e-15,8.881784197001252e-16,0.0004488999838940799
7255,WMI,50,1700,300,153,2.388899134043849e-15,6.661338147750939e-16,0.007918699993751943
7256,DI,50,1700,300,154,2.3762496247696546e-15,8.881784197001252e-16,0.00048230000538751483
7257,WMI,50,1700,300,154,2.388899134043849e-15,6.661338147750939e-16,0.008461899997200817
7258,DI,50,1700,300,155,2.3762496247696546e-15,8.881784197001252e-16,0.0004783000040333718
7259,WMI,50,1700,300,155,2.388899134043849e-15,6.661338147750939e-16,0.008041199995204806
7260,DI,50,1700,300,156,2.3762496247696546e-15,8.881784197001252e-16,0.00041649999911896884
7261,WMI,50,1700,300,156,2.388899134043849e-15,6.661338147750939e-16,0.008626499999081716
7262,DI,50,1700,300,157,2.3762496247696546e-15,8.881784197001252e-16,0.00039510001079179347
7263,WMI,50,1700,300,157,2.388899134043849e-15,6.661338147750939e-16,0.008338800020283088
7264,DI,50,1700,300,158,2.3762496247696546e-15,8.881784197001252e-16,0.00044770000386051834
7265,WMI,50,1700,300,158,2.388899134043849e-15,6.661338147750939e-16,0.008515499997884035
7266,DI,50,1700,300,159,2.3762496247696546e-15,8.881784197001252e-16,0.00038670000503771007
7267,WMI,50,1700,300,159,2.388899134043849e-15,6.661338147750939e-16,0.008224000019254163
7268,DI,50,1700,300,160,2.3762496247696546e-15,8.881784197001252e-16,0.00046820001443848014
7269,WMI,50,1700,300,160,2.388899134043849e-15,6.661338147750939e-16,0.008881700021447614
7270,DI,50,1700,300,161,2.3762496247696546e-15,8.881784197001252e-16,0.0004704000020865351
7271,WMI,50,1700,300,161,2.388899134043849e-15,6.661338147750939e-16,0.008026600000448525
7272,DI,50,1700,300,162,2.3762496247696546e-15,8.881784197001252e-16,0.0003816999960690737
7273,WMI,50,1700,300,162,2.388899134043849e-15,6.661338147750939e-16,0.00844360000337474
7274,DI,50,1700,300,163,2.3762496247696546e-15,8.881784197001252e-16,0.0004150999884586781
7275,WMI,50,1700,300,163,2.388899134043849e-15,6.661338147750939e-16,0.008682899991981685
7276,DI,50,1700,300,164,2.3762496247696546e-15,8.881784197001252e-16,0.00044850000995211303
7277,WMI,50,1700,300,164,2.388899134043849e-15,6.661338147750939e-16,0.008265699987532571
7278,DI,50,1700,300,165,2.3762496247696546e-15,8.881784197001252e-16,0.00047580001410096884
7279,WMI,50,1700,300,165,2.388899134043849e-15,6.661338147750939e-16,0.008484100020723417
7280,DI,50,1700,300,166,2.3762496247696546e-15,8.881784197001252e-16,0.00037140000495128334
7281,WMI,50,1700,300,166,2.388899134043849e-15,6.661338147750939e-16,0.007782000000588596
7282,DI,50,1700,300,167,2.3762496247696546e-15,8.881784197001252e-16,0.00038660000427626073
7283,WMI,50,1700,300,167,2.388899134043849e-15,6.661338147750939e-16,0.007941899995785207
7284,DI,50,1700,300,168,2.3762496247696546e-15,8.881784197001252e-16,0.0003858999989461154
7285,WMI,50,1700,300,168,2.388899134043849e-15,6.661338147750939e-16,0.008032799989450723
7286,DI,50,1700,300,169,2.3762496247696546e-15,8.881784197001252e-16,0.0003881000156980008
7287,WMI,50,1700,300,169,2.388899134043849e-15,6.661338147750939e-16,0.0086435999837704
7288,DI,50,1700,300,170,2.3762496247696546e-15,8.881784197001252e-16,0.00039229998947121203
7289,WMI,50,1700,300,170,2.388899134043849e-15,6.661338147750939e-16,0.007937799993669614
7290,DI,50,1700,300,171,2.3762496247696546e-15,8.881784197001252e-16,0.00043829999049194157
7291,WMI,50,1700,300,171,2.388899134043849e-15,6.661338147750939e-16,0.008230700012063608
7292,DI,50,1700,300,172,2.3762496247696546e-15,8.881784197001252e-16,0.0004512000014074147
7293,WMI,50,1700,300,172,2.388899134043849e-15,6.661338147750939e-16,0.008324499998707324
7294,DI,50,1700,300,173,2.3762496247696546e-15,8.881784197001252e-16,0.0005370999861042947
7295,WMI,50,1700,300,173,2.388899134043849e-15,6.661338147750939e-16,0.008417099976213649
7296,DI,50,1700,300,174,2.3762496247696546e-15,8.881784197001252e-16,0.0004628999740816653
7297,WMI,50,1700,300,174,2.388899134043849e-15,6.661338147750939e-16,0.00819480000063777
7298,DI,50,1700,300,175,2.3762496247696546e-15,8.881784197001252e-16,0.0004416000156197697
7299,WMI,50,1700,300,175,2.388899134043849e-15,6.661338147750939e-16,0.007905099977506325
7300,DI,50,1700,300,176,2.3762496247696546e-15,8.881784197001252e-16,0.00048099999548867345
7301,WMI,50,1700,300,176,2.388899134043849e-15,6.661338147750939e-16,0.008277499990072101
7302,DI,50,1700,300,177,2.3762496247696546e-15,8.881784197001252e-16,0.0004226999881211668
7303,WMI,50,1700,300,177,2.388899134043849e-15,6.661338147750939e-16,0.007855000003473833
7304,DI,50,1700,300,178,2.3762496247696546e-15,8.881784197001252e-16,0.00037319998955354095
7305,WMI,50,1700,300,178,2.388899134043849e-15,6.661338147750939e-16,0.008535400003893301
7306,DI,50,1700,300,179,2.3762496247696546e-15,8.881784197001252e-16,0.0003651999868452549
7307,WMI,50,1700,300,179,2.388899134043849e-15,6.661338147750939e-16,0.009218999999575317
7308,DI,50,1700,300,180,2.3762496247696546e-15,8.881784197001252e-16,0.00045029999455437064
7309,WMI,50,1700,300,180,2.388899134043849e-15,6.661338147750939e-16,0.008120899990899488
7310,DI,50,1700,300,181,2.3762496247696546e-15,8.881784197001252e-16,0.0004132000030949712
7311,WMI,50,1700,300,181,2.388899134043849e-15,6.661338147750939e-16,0.008794599998509511
7312,DI,50,1700,300,182,2.3762496247696546e-15,8.881784197001252e-16,0.0006504000048153102
7313,WMI,50,1700,300,182,2.388899134043849e-15,6.661338147750939e-16,0.00814590000663884
7314,DI,50,1700,300,183,2.3762496247696546e-15,8.881784197001252e-16,0.0004175999783910811
7315,WMI,50,1700,300,183,2.388899134043849e-15,6.661338147750939e-16,0.008546199998818338
7316,DI,50,1700,300,184,2.3762496247696546e-15,8.881784197001252e-16,0.0004668000037781894
7317,WMI,50,1700,300,184,2.388899134043849e-15,6.661338147750939e-16,0.008579000015743077
7318,DI,50,1700,300,185,2.3762496247696546e-15,8.881784197001252e-16,0.00037730002077296376
7319,WMI,50,1700,300,185,2.388899134043849e-15,6.661338147750939e-16,0.007932899985462427
7320,DI,50,1700,300,186,2.3762496247696546e-15,8.881784197001252e-16,0.00039900001138448715
7321,WMI,50,1700,300,186,2.388899134043849e-15,6.661338147750939e-16,0.008052000019233674
7322,DI,50,1700,300,187,2.3762496247696546e-15,8.881784197001252e-16,0.00048550000065006316
7323,WMI,50,1700,300,187,2.388899134043849e-15,6.661338147750939e-16,0.008175800001481548
7324,DI,50,1700,300,188,2.3762496247696546e-15,8.881784197001252e-16,0.0003637000045273453
7325,WMI,50,1700,300,188,2.388899134043849e-15,6.661338147750939e-16,0.01224539999384433
7326,DI,50,1700,300,189,2.3762496247696546e-15,8.881784197001252e-16,0.0006178000185173005
7327,WMI,50,1700,300,189,2.388899134043849e-15,6.661338147750939e-16,0.00925269999424927
7328,DI,50,1700,300,190,2.3762496247696546e-15,8.881784197001252e-16,0.000509400008013472
7329,WMI,50,1700,300,190,2.388899134043849e-15,6.661338147750939e-16,0.008617800020147115
7330,DI,50,1700,300,191,2.3762496247696546e-15,8.881784197001252e-16,0.00045690001570619643
7331,WMI,50,1700,300,191,2.388899134043849e-15,6.661338147750939e-16,0.007988400000613183
7332,DI,50,1700,300,192,2.3762496247696546e-15,8.881784197001252e-16,0.00044770000386051834
7333,WMI,50,1700,300,192,2.388899134043849e-15,6.661338147750939e-16,0.008241600007750094
7334,DI,50,1700,300,193,2.3762496247696546e-15,8.881784197001252e-16,0.00047060000360943377
7335,WMI,50,1700,300,193,2.388899134043849e-15,6.661338147750939e-16,0.008723000006284565
7336,DI,50,1700,300,194,2.3762496247696546e-15,8.881784197001252e-16,0.00044830000842921436
7337,WMI,50,1700,300,194,2.388899134043849e-15,6.661338147750939e-16,0.008347499999217689
7338,DI,50,1700,300,195,2.3762496247696546e-15,8.881784197001252e-16,0.0004819000023417175
7339,WMI,50,1700,300,195,2.388899134043849e-15,6.661338147750939e-16,0.008787200000369921
7340,DI,50,1700,300,196,2.3762496247696546e-15,8.881784197001252e-16,0.0004914999881293625
7341,WMI,50,1700,300,196,2.388899134043849e-15,6.661338147750939e-16,0.008155200019245967
7342,DI,50,1700,300,197,2.3762496247696546e-15,8.881784197001252e-16,0.0003755000070668757
7343,WMI,50,1700,300,197,2.388899134043849e-15,6.661338147750939e-16,0.00871470000129193
7344,DI,50,1700,300,198,2.3762496247696546e-15,8.881784197001252e-16,0.0005234999989625067
7345,WMI,50,1700,300,198,2.388899134043849e-15,6.661338147750939e-16,0.008196799986762926
7346,DI,50,1700,300,199,2.3762496247696546e-15,8.881784197001252e-16,0.0004918999911751598
7347,WMI,50,1700,300,199,2.388899134043849e-15,6.661338147750939e-16,0.008247399993706495
7348,DI,50,1700,300,200,2.3762496247696546e-15,8.881784197001252e-16,0.00040099999750964344
7349,WMI,50,1700,300,200,2.388899134043849e-15,6.661338147750939e-16,0.007959999988088384
7350,DI,50,1600,400,1,2.5160178138501285e-15,8.881784197001252e-16,0.0005828000139445066
7351,WMI,50,1600,400,1,2.4571172863224055e-15,8.881784197001252e-16,0.013716000015847385
7352,ISM,50,1600,400,1,1.9615060970032367,0.3197094629104549,0.006611599994357675
7353,DI,50,1600,400,2,2.5160178138501285e-15,8.881784197001252e-16,0.0004690999921876937
7354,WMI,50,1600,400,2,2.4571172863224055e-15,8.881784197001252e-16,0.014167600020300597
7355,ISM,50,1600,400,2,1.9615060970032367,0.3197094629104549,0.004271299985703081
7356,DI,50,1600,400,3,2.5160178138501285e-15,8.881784197001252e-16,0.0005308999971020967
7357,WMI,50,1600,400,3,2.4571172863224055e-15,8.881784197001252e-16,0.012892200000351295
7358,ISM,50,1600,400,3,1.9615060970032367,0.3197094629104549,0.009320399985881522
7359,DI,50,1600,400,4,2.5160178138501285e-15,8.881784197001252e-16,0.0005520000122487545
7360,WMI,50,1600,400,4,2.4571172863224055e-15,8.881784197001252e-16,0.012171200010925531
7361,ISM,50,1600,400,4,1.9615060970032367,0.3197094629104549,0.004313399986131117
7362,DI,50,1600,400,5,2.5160178138501285e-15,8.881784197001252e-16,0.00037460000021383166
7363,WMI,50,1600,400,5,2.4571172863224055e-15,8.881784197001252e-16,0.011182599992025644
7364,ISM,50,1600,400,5,1.9615060970032367,0.3197094629104549,0.004484899982344359
7365,DI,50,1600,400,6,2.5160178138501285e-15,8.881784197001252e-16,0.0003169999981764704
7366,WMI,50,1600,400,6,2.4571172863224055e-15,8.881784197001252e-16,0.009131300001172349
7367,ISM,50,1600,400,6,1.9615060970032367,0.3197094629104549,0.004380400001537055
7368,DI,50,1600,400,7,2.5160178138501285e-15,8.881784197001252e-16,0.0003328000020701438
7369,WMI,50,1600,400,7,2.4571172863224055e-15,8.881784197001252e-16,0.009530199982691556
7370,ISM,50,1600,400,7,1.9615060970032367,0.3197094629104549,0.004364699998404831
7371,DI,50,1600,400,8,2.5160178138501285e-15,8.881784197001252e-16,0.0003606000100262463
7372,WMI,50,1600,400,8,2.4571172863224055e-15,8.881784197001252e-16,0.009612800000468269
7373,ISM,50,1600,400,8,1.9615060970032367,0.3197094629104549,0.0043329999898560345
7374,DI,50,1600,400,9,2.5160178138501285e-15,8.881784197001252e-16,0.00044090001028962433
7375,WMI,50,1600,400,9,2.4571172863224055e-15,8.881784197001252e-16,0.01209589999052696
7376,ISM,50,1600,400,9,1.9615060970032367,0.3197094629104549,0.006621599983191118
7377,DI,50,1600,400,10,2.5160178138501285e-15,8.881784197001252e-16,0.0005450999888125807
7378,WMI,50,1600,400,10,2.4571172863224055e-15,8.881784197001252e-16,0.010086900001624599
7379,ISM,50,1600,400,10,1.9615060970032367,0.3197094629104549,0.004332799988333136
7380,DI,50,1600,400,11,2.5160178138501285e-15,8.881784197001252e-16,0.000434300018241629
7381,WMI,50,1600,400,11,2.4571172863224055e-15,8.881784197001252e-16,0.00948070001322776
7382,ISM,50,1600,400,11,1.9615060970032367,0.3197094629104549,0.004415400006109849
7383,DI,50,1600,400,12,2.5160178138501285e-15,8.881784197001252e-16,0.0003983000060543418
7384,WMI,50,1600,400,12,2.4571172863224055e-15,8.881784197001252e-16,0.011124600016046315
7385,ISM,50,1600,400,12,1.9615060970032367,0.3197094629104549,0.0047713000094518065
7386,DI,50,1600,400,13,2.5160178138501285e-15,8.881784197001252e-16,0.0004167000006418675
7387,WMI,50,1600,400,13,2.4571172863224055e-15,8.881784197001252e-16,0.009787000017240644
7388,ISM,50,1600,400,13,1.9615060970032367,0.3197094629104549,0.004374599986476824
7389,DI,50,1600,400,14,2.5160178138501285e-15,8.881784197001252e-16,0.0005011000030208379
7390,WMI,50,1600,400,14,2.4571172863224055e-15,8.881784197001252e-16,0.01105279999319464
7391,ISM,50,1600,400,14,1.9615060970032367,0.3197094629104549,0.004820000001927838
7392,DI,50,1600,400,15,2.5160178138501285e-15,8.881784197001252e-16,0.0005124000017531216
7393,WMI,50,1600,400,15,2.4571172863224055e-15,8.881784197001252e-16,0.010873699997318909
7394,ISM,50,1600,400,15,1.9615060970032367,0.3197094629104549,0.009216000005835667
7395,DI,50,1600,400,16,2.5160178138501285e-15,8.881784197001252e-16,0.0005240000027697533
7396,WMI,50,1600,400,16,2.4571172863224055e-15,8.881784197001252e-16,0.011461899994174019
7397,ISM,50,1600,400,16,1.9615060970032367,0.3197094629104549,0.004293000005418435
7398,DI,50,1600,400,17,2.5160178138501285e-15,8.881784197001252e-16,0.0003139000036753714
7399,WMI,50,1600,400,17,2.4571172863224055e-15,8.881784197001252e-16,0.009583300008671358
7400,ISM,50,1600,400,17,1.9615060970032367,0.3197094629104549,0.004303099995013326
7401,DI,50,1600,400,18,2.5160178138501285e-15,8.881784197001252e-16,0.0002800000074785203
7402,WMI,50,1600,400,18,2.4571172863224055e-15,8.881784197001252e-16,0.00968980000470765
7403,ISM,50,1600,400,18,1.9615060970032367,0.3197094629104549,0.0043166000104974955
7404,DI,50,1600,400,19,2.5160178138501285e-15,8.881784197001252e-16,0.0003505999920889735
7405,WMI,50,1600,400,19,2.4571172863224055e-15,8.881784197001252e-16,0.010438900004373863
7406,ISM,50,1600,400,19,1.9615060970032367,0.3197094629104549,0.0043268000008538365
7407,DI,50,1600,400,20,2.5160178138501285e-15,8.881784197001252e-16,0.0003276999923400581
7408,WMI,50,1600,400,20,2.4571172863224055e-15,8.881784197001252e-16,0.010732399998232722
7409,ISM,50,1600,400,20,1.9615060970032367,0.3197094629104549,0.004352299991296604
7410,DI,50,1600,400,21,2.5160178138501285e-15,8.881784197001252e-16,0.0003388000186532736
7411,WMI,50,1600,400,21,2.4571172863224055e-15,8.881784197001252e-16,0.00964810000732541
7412,ISM,50,1600,400,21,1.9615060970032367,0.3197094629104549,0.00478109999676235
7413,DI,50,1600,400,22,2.5160178138501285e-15,8.881784197001252e-16,0.00035170000046491623
7414,WMI,50,1600,400,22,2.4571172863224055e-15,8.881784197001252e-16,0.009081399999558926
7415,ISM,50,1600,400,22,1.9615060970032367,0.3197094629104549,0.004533400002401322
7416,DI,50,1600,400,23,2.5160178138501285e-15,8.881784197001252e-16,0.000530999997863546
7417,WMI,50,1600,400,23,2.4571172863224055e-15,8.881784197001252e-16,0.01047949999338016
7418,ISM,50,1600,400,23,1.9615060970032367,0.3197094629104549,0.007263499981490895
7419,DI,50,1600,400,24,2.5160178138501285e-15,8.881784197001252e-16,0.00043390001519583166
7420,WMI,50,1600,400,24,2.4571172863224055e-15,8.881784197001252e-16,0.01229590000002645
7421,ISM,50,1600,400,24,1.9615060970032367,0.3197094629104549,0.008697399985976517
7422,DI,50,1600,400,25,2.5160178138501285e-15,8.881784197001252e-16,0.0005810000002384186
7423,WMI,50,1600,400,25,2.4571172863224055e-15,8.881784197001252e-16,0.010496699978830293
7424,ISM,50,1600,400,25,1.9615060970032367,0.3197094629104549,0.009732299979077652
7425,DI,50,1600,400,26,2.5160178138501285e-15,8.881784197001252e-16,0.0006145999941509217
7426,WMI,50,1600,400,26,2.4571172863224055e-15,8.881784197001252e-16,0.012528999999631196
7427,ISM,50,1600,400,26,1.9615060970032367,0.3197094629104549,0.009435100015252829
7428,DI,50,1600,400,27,2.5160178138501285e-15,8.881784197001252e-16,0.0006982999911997467
7429,WMI,50,1600,400,27,2.4571172863224055e-15,8.881784197001252e-16,0.02806179999606684
7430,ISM,50,1600,400,27,1.9615060970032367,0.3197094629104549,0.0073188999958802015
7431,DI,50,1600,400,28,2.5160178138501285e-15,8.881784197001252e-16,0.00044189998880028725
7432,WMI,50,1600,400,28,2.4571172863224055e-15,8.881784197001252e-16,0.010832300002221018
7433,ISM,50,1600,400,28,1.9615060970032367,0.3197094629104549,0.009223200002452359
7434,DI,50,1600,400,29,2.5160178138501285e-15,8.881784197001252e-16,0.00046540002222172916
7435,WMI,50,1600,400,29,2.4571172863224055e-15,8.881784197001252e-16,0.010439899982884526
7436,ISM,50,1600,400,29,1.9615060970032367,0.3197094629104549,0.006525699980556965
7437,DI,50,1600,400,30,2.5160178138501285e-15,8.881784197001252e-16,0.0006843000010121614
7438,WMI,50,1600,400,30,2.4571172863224055e-15,8.881784197001252e-16,0.011140299990074709
7439,ISM,50,1600,400,30,1.9615060970032367,0.3197094629104549,0.009344899997813627
7440,DI,50,1600,400,31,2.5160178138501285e-15,8.881784197001252e-16,0.0007119999791029841
7441,WMI,50,1600,400,31,2.4571172863224055e-15,8.881784197001252e-16,0.013568100024713203
7442,ISM,50,1600,400,31,1.9615060970032367,0.3197094629104549,0.004388100001960993
7443,DI,50,1600,400,32,2.5160178138501285e-15,8.881784197001252e-16,0.00045690001570619643
7444,WMI,50,1600,400,32,2.4571172863224055e-15,8.881784197001252e-16,0.01395980000961572
7445,ISM,50,1600,400,32,1.9615060970032367,0.3197094629104549,0.004620000021532178
7446,DI,50,1600,400,33,2.5160178138501285e-15,8.881784197001252e-16,0.0004737999988719821
7447,WMI,50,1600,400,33,2.4571172863224055e-15,8.881784197001252e-16,0.01288399999612011
7448,ISM,50,1600,400,33,1.9615060970032367,0.3197094629104549,0.00429520002217032
7449,DI,50,1600,400,34,2.5160178138501285e-15,8.881784197001252e-16,0.0004364999767858535
7450,WMI,50,1600,400,34,2.4571172863224055e-15,8.881784197001252e-16,0.012997000012546778
7451,ISM,50,1600,400,34,1.9615060970032367,0.3197094629104549,0.005203999986406416
7452,DI,50,1600,400,35,2.5160178138501285e-15,8.881784197001252e-16,0.00043250000453554094
7453,WMI,50,1600,400,35,2.4571172863224055e-15,8.881784197001252e-16,0.009671300009358674
7454,ISM,50,1600,400,35,1.9615060970032367,0.3197094629104549,0.004308800009312108
7455,DI,50,1600,400,36,2.5160178138501285e-15,8.881784197001252e-16,0.00041039998177438974
7456,WMI,50,1600,400,36,2.4571172863224055e-15,8.881784197001252e-16,0.010130200011190027
7457,ISM,50,1600,400,36,1.9615060970032367,0.3197094629104549,0.008998500008601695
7458,DI,50,1600,400,37,2.5160178138501285e-15,8.881784197001252e-16,0.000538099993718788
7459,WMI,50,1600,400,37,2.4571172863224055e-15,8.881784197001252e-16,0.011632600013399497
7460,ISM,50,1600,400,37,1.9615060970032367,0.3197094629104549,0.004293300007702783
7461,DI,50,1600,400,38,2.5160178138501285e-15,8.881784197001252e-16,0.00048770001740194857
7462,WMI,50,1600,400,38,2.4571172863224055e-15,8.881784197001252e-16,0.012404700013576075
7463,ISM,50,1600,400,38,1.9615060970032367,0.3197094629104549,0.004297100007534027
7464,DI,50,1600,400,39,2.5160178138501285e-15,8.881784197001252e-16,0.0005021000106353313
7465,WMI,50,1600,400,39,2.4571172863224055e-15,8.881784197001252e-16,0.011803300003521144
7466,ISM,50,1600,400,39,1.9615060970032367,0.3197094629104549,0.004613900004187599
7467,DI,50,1600,400,40,2.5160178138501285e-15,8.881784197001252e-16,0.0005074000218883157
7468,WMI,50,1600,400,40,2.4571172863224055e-15,8.881784197001252e-16,0.011450699996203184
7469,ISM,50,1600,400,40,1.9615060970032367,0.3197094629104549,0.009724100003950298
7470,DI,50,1600,400,41,2.5160178138501285e-15,8.881784197001252e-16,0.0005901999829802662
7471,WMI,50,1600,400,41,2.4571172863224055e-15,8.881784197001252e-16,0.012771899986546487
7472,ISM,50,1600,400,41,1.9615060970032367,0.3197094629104549,0.008997199998702854
7473,DI,50,1600,400,42,2.5160178138501285e-15,8.881784197001252e-16,0.000694699992891401
7474,WMI,50,1600,400,42,2.4571172863224055e-15,8.881784197001252e-16,0.012765999999828637
7475,ISM,50,1600,400,42,1.9615060970032367,0.3197094629104549,0.004539100016700104
7476,DI,50,1600,400,43,2.5160178138501285e-15,8.881784197001252e-16,0.0004155999922659248
7477,WMI,50,1600,400,43,2.4571172863224055e-15,8.881784197001252e-16,0.010290600010193884
7478,ISM,50,1600,400,43,1.9615060970032367,0.3197094629104549,0.0052092999976594
7479,DI,50,1600,400,44,2.5160178138501285e-15,8.881784197001252e-16,0.0005452000186778605
7480,WMI,50,1600,400,44,2.4571172863224055e-15,8.881784197001252e-16,0.010173299990128726
7481,ISM,50,1600,400,44,1.9615060970032367,0.3197094629104549,0.004377799981739372
7482,DI,50,1600,400,45,2.5160178138501285e-15,8.881784197001252e-16,0.0004477999755181372
7483,WMI,50,1600,400,45,2.4571172863224055e-15,8.881784197001252e-16,0.009818099992116913
7484,ISM,50,1600,400,45,1.9615060970032367,0.3197094629104549,0.004455999995116144
7485,DI,50,1600,400,46,2.5160178138501285e-15,8.881784197001252e-16,0.00041310000233352184
7486,WMI,50,1600,400,46,2.4571172863224055e-15,8.881784197001252e-16,0.015252300014253706
7487,ISM,50,1600,400,46,1.9615060970032367,0.3197094629104549,0.004330900002969429
7488,DI,50,1600,400,47,2.5160178138501285e-15,8.881784197001252e-16,0.000354300020262599
7489,WMI,50,1600,400,47,2.4571172863224055e-15,8.881784197001252e-16,0.010773299989523366
7490,ISM,50,1600,400,47,1.9615060970032367,0.3197094629104549,0.0043806000030599535
7491,DI,50,1600,400,48,2.5160178138501285e-15,8.881784197001252e-16,0.00043220000225119293
7492,WMI,50,1600,400,48,2.4571172863224055e-15,8.881784197001252e-16,0.010852099978365004
7493,ISM,50,1600,400,48,1.9615060970032367,0.3197094629104549,0.008059699990553781
7494,DI,50,1600,400,49,2.5160178138501285e-15,8.881784197001252e-16,0.0005128999764565378
7495,WMI,50,1600,400,49,2.4571172863224055e-15,8.881784197001252e-16,0.010742399987066165
7496,ISM,50,1600,400,49,1.9615060970032367,0.3197094629104549,0.005756200000178069
7497,DI,50,1600,400,50,2.5160178138501285e-15,8.881784197001252e-16,0.00048230000538751483
7498,WMI,50,1600,400,50,2.4571172863224055e-15,8.881784197001252e-16,0.01070620000245981
7499,ISM,50,1600,400,50,1.9615060970032367,0.3197094629104549,0.004322000022511929
7500,DI,50,1600,400,51,2.5160178138501285e-15,8.881784197001252e-16,0.00043169999844394624
7501,WMI,50,1600,400,51,2.4571172863224055e-15,8.881784197001252e-16,0.010838300018804148
7502,DI,50,1600,400,52,2.5160178138501285e-15,8.881784197001252e-16,0.0004081999941263348
7503,WMI,50,1600,400,52,2.4571172863224055e-15,8.881784197001252e-16,0.010363600013079122
7504,DI,50,1600,400,53,2.5160178138501285e-15,8.881784197001252e-16,0.0004036999889649451
7505,WMI,50,1600,400,53,2.4571172863224055e-15,8.881784197001252e-16,0.010269399994285777
7506,DI,50,1600,400,54,2.5160178138501285e-15,8.881784197001252e-16,0.00038229997153393924
7507,WMI,50,1600,400,54,2.4571172863224055e-15,8.881784197001252e-16,0.009850200003711507
7508,DI,50,1600,400,55,2.5160178138501285e-15,8.881784197001252e-16,0.0004451999848242849
7509,WMI,50,1600,400,55,2.4571172863224055e-15,8.881784197001252e-16,0.0102201999980025
7510,DI,50,1600,400,56,2.5160178138501285e-15,8.881784197001252e-16,0.00042230001417919993
7511,WMI,50,1600,400,56,2.4571172863224055e-15,8.881784197001252e-16,0.009975399996619672
7512,DI,50,1600,400,57,2.5160178138501285e-15,8.881784197001252e-16,0.0003908999788109213
7513,WMI,50,1600,400,57,2.4571172863224055e-15,8.881784197001252e-16,0.009747999982209876
7514,DI,50,1600,400,58,2.5160178138501285e-15,8.881784197001252e-16,0.0003862000012304634
7515,WMI,50,1600,400,58,2.4571172863224055e-15,8.881784197001252e-16,0.010899799992330372
7516,DI,50,1600,400,59,2.5160178138501285e-15,8.881784197001252e-16,0.0005372999876271933
7517,WMI,50,1600,400,59,2.4571172863224055e-15,8.881784197001252e-16,0.010912400000961497
7518,DI,50,1600,400,60,2.5160178138501285e-15,8.881784197001252e-16,0.0004698999982792884
7519,WMI,50,1600,400,60,2.4571172863224055e-15,8.881784197001252e-16,0.009573399991495535
7520,DI,50,1600,400,61,2.5160178138501285e-15,8.881784197001252e-16,0.0004113999893888831
7521,WMI,50,1600,400,61,2.4571172863224055e-15,8.881784197001252e-16,0.010152600007131696
7522,DI,50,1600,400,62,2.5160178138501285e-15,8.881784197001252e-16,0.0005054000066593289
7523,WMI,50,1600,400,62,2.4571172863224055e-15,8.881784197001252e-16,0.010364400019170716
7524,DI,50,1600,400,63,2.5160178138501285e-15,8.881784197001252e-16,0.0004116999916732311
7525,WMI,50,1600,400,63,2.4571172863224055e-15,8.881784197001252e-16,0.009572399983881041
7526,DI,50,1600,400,64,2.5160178138501285e-15,8.881784197001252e-16,0.0003915000124834478
7527,WMI,50,1600,400,64,2.4571172863224055e-15,8.881784197001252e-16,0.009810499992454425
7528,DI,50,1600,400,65,2.5160178138501285e-15,8.881784197001252e-16,0.000514600018505007
7529,WMI,50,1600,400,65,2.4571172863224055e-15,8.881784197001252e-16,0.00981270000920631
7530,DI,50,1600,400,66,2.5160178138501285e-15,8.881784197001252e-16,0.00038129999302327633
7531,WMI,50,1600,400,66,2.4571172863224055e-15,8.881784197001252e-16,0.01020669998251833
7532,DI,50,1600,400,67,2.5160178138501285e-15,8.881784197001252e-16,0.00043169999844394624
7533,WMI,50,1600,400,67,2.4571172863224055e-15,8.881784197001252e-16,0.009835400007432327
7534,DI,50,1600,400,68,2.5160178138501285e-15,8.881784197001252e-16,0.00042150000808760524
7535,WMI,50,1600,400,68,2.4571172863224055e-15,8.881784197001252e-16,0.009860499994829297
7536,DI,50,1600,400,69,2.5160178138501285e-15,8.881784197001252e-16,0.0003886000195052475
7537,WMI,50,1600,400,69,2.4571172863224055e-15,8.881784197001252e-16,0.009884700004477054
7538,DI,50,1600,400,70,2.5160178138501285e-15,8.881784197001252e-16,0.00046320000546984375
7539,WMI,50,1600,400,70,2.4571172863224055e-15,8.881784197001252e-16,0.012657600018428639
7540,DI,50,1600,400,71,2.5160178138501285e-15,8.881784197001252e-16,0.0005785000103060156
7541,WMI,50,1600,400,71,2.4571172863224055e-15,8.881784197001252e-16,0.010581099981209263
7542,DI,50,1600,400,72,2.5160178138501285e-15,8.881784197001252e-16,0.00040779999108053744
7543,WMI,50,1600,400,72,2.4571172863224055e-15,8.881784197001252e-16,0.009659100003773347
7544,DI,50,1600,400,73,2.5160178138501285e-15,8.881784197001252e-16,0.00038660000427626073
7545,WMI,50,1600,400,73,2.4571172863224055e-15,8.881784197001252e-16,0.010912199999438599
7546,DI,50,1600,400,74,2.5160178138501285e-15,8.881784197001252e-16,0.0004183000128250569
7547,WMI,50,1600,400,74,2.4571172863224055e-15,8.881784197001252e-16,0.010338899999624118
7548,DI,50,1600,400,75,2.5160178138501285e-15,8.881784197001252e-16,0.0004981000092811882
7549,WMI,50,1600,400,75,2.4571172863224055e-15,8.881784197001252e-16,0.01002169999992475
7550,DI,50,1600,400,76,2.5160178138501285e-15,8.881784197001252e-16,0.00039160001324489713
7551,WMI,50,1600,400,76,2.4571172863224055e-15,8.881784197001252e-16,0.01046610000776127
7552,DI,50,1600,400,77,2.5160178138501285e-15,8.881784197001252e-16,0.00041719997534528375
7553,WMI,50,1600,400,77,2.4571172863224055e-15,8.881784197001252e-16,0.010160400008317083
7554,DI,50,1600,400,78,2.5160178138501285e-15,8.881784197001252e-16,0.000387999985832721
7555,WMI,50,1600,400,78,2.4571172863224055e-15,8.881784197001252e-16,0.009738900000229478
7556,DI,50,1600,400,79,2.5160178138501285e-15,8.881784197001252e-16,0.00042459997348487377
7557,WMI,50,1600,400,79,2.4571172863224055e-15,8.881784197001252e-16,0.009810899995500222
7558,DI,50,1600,400,80,2.5160178138501285e-15,8.881784197001252e-16,0.0004729999927803874
7559,WMI,50,1600,400,80,2.4571172863224055e-15,8.881784197001252e-16,0.010129200003575534
7560,DI,50,1600,400,81,2.5160178138501285e-15,8.881784197001252e-16,0.0004496999899856746
7561,WMI,50,1600,400,81,2.4571172863224055e-15,8.881784197001252e-16,0.009900300006847829
7562,DI,50,1600,400,82,2.5160178138501285e-15,8.881784197001252e-16,0.0003727999865077436
7563,WMI,50,1600,400,82,2.4571172863224055e-15,8.881784197001252e-16,0.009989800018956885
7564,DI,50,1600,400,83,2.5160178138501285e-15,8.881784197001252e-16,0.0004796000139322132
7565,WMI,50,1600,400,83,2.4571172863224055e-15,8.881784197001252e-16,0.011377600021660328
7566,DI,50,1600,400,84,2.5160178138501285e-15,8.881784197001252e-16,0.0004157999937888235
7567,WMI,50,1600,400,84,2.4571172863224055e-15,8.881784197001252e-16,0.009615800023311749
7568,DI,50,1600,400,85,2.5160178138501285e-15,8.881784197001252e-16,0.0004796000139322132
7569,WMI,50,1600,400,85,2.4571172863224055e-15,8.881784197001252e-16,0.010399199993116781
7570,DI,50,1600,400,86,2.5160178138501285e-15,8.881784197001252e-16,0.00039980001747608185
7571,WMI,50,1600,400,86,2.4571172863224055e-15,8.881784197001252e-16,0.009976699977414683
7572,DI,50,1600,400,87,2.5160178138501285e-15,8.881784197001252e-16,0.0005080999981146306
7573,WMI,50,1600,400,87,2.4571172863224055e-15,8.881784197001252e-16,0.01044840001850389
7574,DI,50,1600,400,88,2.5160178138501285e-15,8.881784197001252e-16,0.0006093999836593866
7575,WMI,50,1600,400,88,2.4571172863224055e-15,8.881784197001252e-16,0.010860800015507266
7576,DI,50,1600,400,89,2.5160178138501285e-15,8.881784197001252e-16,0.0004354999982751906
7577,WMI,50,1600,400,89,2.4571172863224055e-15,8.881784197001252e-16,0.011329600005410612
7578,DI,50,1600,400,90,2.5160178138501285e-15,8.881784197001252e-16,0.0005118999979458749
7579,WMI,50,1600,400,90,2.4571172863224055e-15,8.881784197001252e-16,0.010478400014108047
7580,DI,50,1600,400,91,2.5160178138501285e-15,8.881784197001252e-16,0.00043410001671873033
7581,WMI,50,1600,400,91,2.4571172863224055e-15,8.881784197001252e-16,0.009993899991968647
7582,DI,50,1600,400,92,2.5160178138501285e-15,8.881784197001252e-16,0.00041140001849271357
7583,WMI,50,1600,400,92,2.4571172863224055e-15,8.881784197001252e-16,0.009938300005160272
7584,DI,50,1600,400,93,2.5160178138501285e-15,8.881784197001252e-16,0.0004217000096105039
7585,WMI,50,1600,400,93,2.4571172863224055e-15,8.881784197001252e-16,0.011454999999841675
7586,DI,50,1600,400,94,2.5160178138501285e-15,8.881784197001252e-16,0.0004487999831326306
7587,WMI,50,1600,400,94,2.4571172863224055e-15,8.881784197001252e-16,0.010874500003410503
7588,DI,50,1600,400,95,2.5160178138501285e-15,8.881784197001252e-16,0.00048650000826455653
7589,WMI,50,1600,400,95,2.4571172863224055e-15,8.881784197001252e-16,0.00964679999742657
7590,DI,50,1600,400,96,2.5160178138501285e-15,8.881784197001252e-16,0.0004318999999668449
7591,WMI,50,1600,400,96,2.4571172863224055e-15,8.881784197001252e-16,0.010152000002563
7592,DI,50,1600,400,97,2.5160178138501285e-15,8.881784197001252e-16,0.0004113999893888831
7593,WMI,50,1600,400,97,2.4571172863224055e-15,8.881784197001252e-16,0.00977109998348169
7594,DI,50,1600,400,98,2.5160178138501285e-15,8.881784197001252e-16,0.0005144000169821084
7595,WMI,50,1600,400,98,2.4571172863224055e-15,8.881784197001252e-16,0.010570399987045676
7596,DI,50,1600,400,99,2.5160178138501285e-15,8.881784197001252e-16,0.0004048999981023371
7597,WMI,50,1600,400,99,2.4571172863224055e-15,8.881784197001252e-16,0.011904299986781552
7598,DI,50,1600,400,100,2.5160178138501285e-15,8.881784197001252e-16,0.0005153999954927713
7599,WMI,50,1600,400,100,2.4571172863224055e-15,8.881784197001252e-16,0.00991190000786446
7600,DI,50,1600,400,101,2.5160178138501285e-15,8.881784197001252e-16,0.0003640999784693122
7601,WMI,50,1600,400,101,2.4571172863224055e-15,8.881784197001252e-16,0.010568099998636171
7602,DI,50,1600,400,102,2.5160178138501285e-15,8.881784197001252e-16,0.00041050001163966954
7603,WMI,50,1600,400,102,2.4571172863224055e-15,8.881784197001252e-16,0.009706499986350536
7604,DI,50,1600,400,103,2.5160178138501285e-15,8.881784197001252e-16,0.00040770001942291856
7605,WMI,50,1600,400,103,2.4571172863224055e-15,8.881784197001252e-16,0.009818899998208508
7606,DI,50,1600,400,104,2.5160178138501285e-15,8.881784197001252e-16,0.00041019998025149107
7607,WMI,50,1600,400,104,2.4571172863224055e-15,8.881784197001252e-16,0.010131000017281622
7608,DI,50,1600,400,105,2.5160178138501285e-15,8.881784197001252e-16,0.0005649999948218465
7609,WMI,50,1600,400,105,2.4571172863224055e-15,8.881784197001252e-16,0.011751100013498217
7610,DI,50,1600,400,106,2.5160178138501285e-15,8.881784197001252e-16,0.0004076999903190881
7611,WMI,50,1600,400,106,2.4571172863224055e-15,8.881784197001252e-16,0.009740500012412667
7612,DI,50,1600,400,107,2.5160178138501285e-15,8.881784197001252e-16,0.0003899000003002584
7613,WMI,50,1600,400,107,2.4571172863224055e-15,8.881784197001252e-16,0.010281700000632554
7614,DI,50,1600,400,108,2.5160178138501285e-15,8.881784197001252e-16,0.0004935000033583492
7615,WMI,50,1600,400,108,2.4571172863224055e-15,8.881784197001252e-16,0.011401299998397008
7616,DI,50,1600,400,109,2.5160178138501285e-15,8.881784197001252e-16,0.000533499987795949
7617,WMI,50,1600,400,109,2.4571172863224055e-15,8.881784197001252e-16,0.010264699987601489
7618,DI,50,1600,400,110,2.5160178138501285e-15,8.881784197001252e-16,0.00046629999997094274
7619,WMI,50,1600,400,110,2.4571172863224055e-15,8.881784197001252e-16,0.010532199987210333
7620,DI,50,1600,400,111,2.5160178138501285e-15,8.881784197001252e-16,0.00037540000630542636
7621,WMI,50,1600,400,111,2.4571172863224055e-15,8.881784197001252e-16,0.01027050000266172
7622,DI,50,1600,400,112,2.5160178138501285e-15,8.881784197001252e-16,0.0004084000247530639
7623,WMI,50,1600,400,112,2.4571172863224055e-15,8.881784197001252e-16,0.009484799986239523
7624,DI,50,1600,400,113,2.5160178138501285e-15,8.881784197001252e-16,0.0005359000060707331
7625,WMI,50,1600,400,113,2.4571172863224055e-15,8.881784197001252e-16,0.010874100000364706
7626,DI,50,1600,400,114,2.5160178138501285e-15,8.881784197001252e-16,0.0005054000066593289
7627,WMI,50,1600,400,114,2.4571172863224055e-15,8.881784197001252e-16,0.010277299996232614
7628,DI,50,1600,400,115,2.5160178138501285e-15,8.881784197001252e-16,0.0004188999882899225
7629,WMI,50,1600,400,115,2.4571172863224055e-15,8.881784197001252e-16,0.010158200020669028
7630,DI,50,1600,400,116,2.5160178138501285e-15,8.881784197001252e-16,0.0004251000063959509
7631,WMI,50,1600,400,116,2.4571172863224055e-15,8.881784197001252e-16,0.010358300001826137
7632,DI,50,1600,400,117,2.5160178138501285e-15,8.881784197001252e-16,0.0004780000017490238
7633,WMI,50,1600,400,117,2.4571172863224055e-15,8.881784197001252e-16,0.00973699998576194
7634,DI,50,1600,400,118,2.5160178138501285e-15,8.881784197001252e-16,0.0004133000038564205
7635,WMI,50,1600,400,118,2.4571172863224055e-15,8.881784197001252e-16,0.009991300001274794
7636,DI,50,1600,400,119,2.5160178138501285e-15,8.881784197001252e-16,0.0005082999996375293
7637,WMI,50,1600,400,119,2.4571172863224055e-15,8.881784197001252e-16,0.010343700007069856
7638,DI,50,1600,400,120,2.5160178138501285e-15,8.881784197001252e-16,0.0004397000011522323
7639,WMI,50,1600,400,120,2.4571172863224055e-15,8.881784197001252e-16,0.010362900007748976
7640,DI,50,1600,400,121,2.5160178138501285e-15,8.881784197001252e-16,0.000467999983811751
7641,WMI,50,1600,400,121,2.4571172863224055e-15,8.881784197001252e-16,0.01138180002453737
7642,DI,50,1600,400,122,2.5160178138501285e-15,8.881784197001252e-16,0.00046889999066479504
7643,WMI,50,1600,400,122,2.4571172863224055e-15,8.881784197001252e-16,0.009923400008119643
7644,DI,50,1600,400,123,2.5160178138501285e-15,8.881784197001252e-16,0.00047709999489597976
7645,WMI,50,1600,400,123,2.4571172863224055e-15,8.881784197001252e-16,0.011055300012230873
7646,DI,50,1600,400,124,2.5160178138501285e-15,8.881784197001252e-16,0.0025510000123176724
7647,WMI,50,1600,400,124,2.4571172863224055e-15,8.881784197001252e-16,0.014971299999160692
7648,DI,50,1600,400,125,2.5160178138501285e-15,8.881784197001252e-16,0.0005382999952416867
7649,WMI,50,1600,400,125,2.4571172863224055e-15,8.881784197001252e-16,0.011757599975680932
7650,DI,50,1600,400,126,2.5160178138501285e-15,8.881784197001252e-16,0.0005657000001519918
7651,WMI,50,1600,400,126,2.4571172863224055e-15,8.881784197001252e-16,0.012395299971103668
7652,DI,50,1600,400,127,2.5160178138501285e-15,8.881784197001252e-16,0.0004214000073261559
7653,WMI,50,1600,400,127,2.4571172863224055e-15,8.881784197001252e-16,0.010183600010350347
7654,DI,50,1600,400,128,2.5160178138501285e-15,8.881784197001252e-16,0.0005529999907594174
7655,WMI,50,1600,400,128,2.4571172863224055e-15,8.881784197001252e-16,0.010161899990634993
7656,DI,50,1600,400,129,2.5160178138501285e-15,8.881784197001252e-16,0.0005651999963447452
7657,WMI,50,1600,400,129,2.4571172863224055e-15,8.881784197001252e-16,0.01066460000583902
7658,DI,50,1600,400,130,2.5160178138501285e-15,8.881784197001252e-16,0.0005110000201966614
7659,WMI,50,1600,400,130,2.4571172863224055e-15,8.881784197001252e-16,0.010758799995528534
7660,DI,50,1600,400,131,2.5160178138501285e-15,8.881784197001252e-16,0.0007087000121828169
7661,WMI,50,1600,400,131,2.4571172863224055e-15,8.881784197001252e-16,0.011544799985131249
7662,DI,50,1600,400,132,2.5160178138501285e-15,8.881784197001252e-16,0.0005116999964229763
7663,WMI,50,1600,400,132,2.4571172863224055e-15,8.881784197001252e-16,0.011063799989642575
7664,DI,50,1600,400,133,2.5160178138501285e-15,8.881784197001252e-16,0.0004139999800827354
7665,WMI,50,1600,400,133,2.4571172863224055e-15,8.881784197001252e-16,0.010959200008073822
7666,DI,50,1600,400,134,2.5160178138501285e-15,8.881784197001252e-16,0.0005367999838199466
7667,WMI,50,1600,400,134,2.4571172863224055e-15,8.881784197001252e-16,0.010692300013033673
7668,DI,50,1600,400,135,2.5160178138501285e-15,8.881784197001252e-16,0.0004507999983616173
7669,WMI,50,1600,400,135,2.4571172863224055e-15,8.881784197001252e-16,0.010486399987712502
7670,DI,50,1600,400,136,2.5160178138501285e-15,8.881784197001252e-16,0.0005666999786626548
7671,WMI,50,1600,400,136,2.4571172863224055e-15,8.881784197001252e-16,0.011279700003797188
7672,DI,50,1600,400,137,2.5160178138501285e-15,8.881784197001252e-16,0.0004124999977648258
7673,WMI,50,1600,400,137,2.4571172863224055e-15,8.881784197001252e-16,0.010109299997566268
7674,DI,50,1600,400,138,2.5160178138501285e-15,8.881784197001252e-16,0.0004490000137593597
7675,WMI,50,1600,400,138,2.4571172863224055e-15,8.881784197001252e-16,0.010449599998537451
7676,DI,50,1600,400,139,2.5160178138501285e-15,8.881784197001252e-16,0.0005627000064123422
7677,WMI,50,1600,400,139,2.4571172863224055e-15,8.881784197001252e-16,0.010560399998212233
7678,DI,50,1600,400,140,2.5160178138501285e-15,8.881784197001252e-16,0.0004042999935336411
7679,WMI,50,1600,400,140,2.4571172863224055e-15,8.881784197001252e-16,0.009932999993907288
7680,DI,50,1600,400,141,2.5160178138501285e-15,8.881784197001252e-16,0.0006405999884009361
7681,WMI,50,1600,400,141,2.4571172863224055e-15,8.881784197001252e-16,0.010322899994207546
7682,DI,50,1600,400,142,2.5160178138501285e-15,8.881784197001252e-16,0.00039259999175556004
7683,WMI,50,1600,400,142,2.4571172863224055e-15,8.881784197001252e-16,0.010927099996479228
7684,DI,50,1600,400,143,2.5160178138501285e-15,8.881784197001252e-16,0.0006044999754521996
7685,WMI,50,1600,400,143,2.4571172863224055e-15,8.881784197001252e-16,0.010622300003888085
7686,DI,50,1600,400,144,2.5160178138501285e-15,8.881784197001252e-16,0.00043650000588968396
7687,WMI,50,1600,400,144,2.4571172863224055e-15,8.881784197001252e-16,0.010285900003509596
7688,DI,50,1600,400,145,2.5160178138501285e-15,8.881784197001252e-16,0.0004934999742545187
7689,WMI,50,1600,400,145,2.4571172863224055e-15,8.881784197001252e-16,0.011960400006501004
7690,DI,50,1600,400,146,2.5160178138501285e-15,8.881784197001252e-16,0.0005086000019218773
7691,WMI,50,1600,400,146,2.4571172863224055e-15,8.881784197001252e-16,0.01060089998645708
7692,DI,50,1600,400,147,2.5160178138501285e-15,8.881784197001252e-16,0.0004972000024281442
7693,WMI,50,1600,400,147,2.4571172863224055e-15,8.881784197001252e-16,0.010676899983081967
7694,DI,50,1600,400,148,2.5160178138501285e-15,8.881784197001252e-16,0.0005417000211309642
7695,WMI,50,1600,400,148,2.4571172863224055e-15,8.881784197001252e-16,0.010947100003249943
7696,DI,50,1600,400,149,2.5160178138501285e-15,8.881784197001252e-16,0.0005375999899115413
7697,WMI,50,1600,400,149,2.4571172863224055e-15,8.881784197001252e-16,0.011134900007164106
7698,DI,50,1600,400,150,2.5160178138501285e-15,8.881784197001252e-16,0.00040419999277219176
7699,WMI,50,1600,400,150,2.4571172863224055e-15,8.881784197001252e-16,0.009788000024855137
7700,DI,50,1600,400,151,2.5160178138501285e-15,8.881784197001252e-16,0.0004434000002220273
7701,WMI,50,1600,400,151,2.4571172863224055e-15,8.881784197001252e-16,0.01168679998954758
7702,DI,50,1600,400,152,2.5160178138501285e-15,8.881784197001252e-16,0.0005287999811116606
7703,WMI,50,1600,400,152,2.4571172863224055e-15,8.881784197001252e-16,0.010322899994207546
7704,DI,50,1600,400,153,2.5160178138501285e-15,8.881784197001252e-16,0.00043810001807287335
7705,WMI,50,1600,400,153,2.4571172863224055e-15,8.881784197001252e-16,0.010766299994429573
7706,DI,50,1600,400,154,2.5160178138501285e-15,8.881784197001252e-16,0.0004991000168956816
7707,WMI,50,1600,400,154,2.4571172863224055e-15,8.881784197001252e-16,0.010533799999393523
7708,DI,50,1600,400,155,2.5160178138501285e-15,8.881784197001252e-16,0.0004199999966658652
7709,WMI,50,1600,400,155,2.4571172863224055e-15,8.881784197001252e-16,0.0112410000001546
7710,DI,50,1600,400,156,2.5160178138501285e-15,8.881784197001252e-16,0.0004256999818608165
7711,WMI,50,1600,400,156,2.4571172863224055e-15,8.881784197001252e-16,0.010648700001183897
7712,DI,50,1600,400,157,2.5160178138501285e-15,8.881784197001252e-16,0.0006770000036340207
7713,WMI,50,1600,400,157,2.4571172863224055e-15,8.881784197001252e-16,0.01170470000943169
7714,DI,50,1600,400,158,2.5160178138501285e-15,8.881784197001252e-16,0.0005443999834824353
7715,WMI,50,1600,400,158,2.4571172863224055e-15,8.881784197001252e-16,0.010897500003920868
7716,DI,50,1600,400,159,2.5160178138501285e-15,8.881784197001252e-16,0.00042650001705624163
7717,WMI,50,1600,400,159,2.4571172863224055e-15,8.881784197001252e-16,0.01020080002490431
7718,DI,50,1600,400,160,2.5160178138501285e-15,8.881784197001252e-16,0.0003890999942086637
7719,WMI,50,1600,400,160,2.4571172863224055e-15,8.881784197001252e-16,0.009131700004218146
7720,DI,50,1600,400,161,2.5160178138501285e-15,8.881784197001252e-16,0.0004062999796587974
7721,WMI,50,1600,400,161,2.4571172863224055e-15,8.881784197001252e-16,0.009348599996883422
7722,DI,50,1600,400,162,2.5160178138501285e-15,8.881784197001252e-16,0.00048230000538751483
7723,WMI,50,1600,400,162,2.4571172863224055e-15,8.881784197001252e-16,0.00940660000196658
7724,DI,50,1600,400,163,2.5160178138501285e-15,8.881784197001252e-16,0.0003992000129073858
7725,WMI,50,1600,400,163,2.4571172863224055e-15,8.881784197001252e-16,0.00986439999542199
7726,DI,50,1600,400,164,2.5160178138501285e-15,8.881784197001252e-16,0.00048290000995621085
7727,WMI,50,1600,400,164,2.4571172863224055e-15,8.881784197001252e-16,0.009912100009387359
7728,DI,50,1600,400,165,2.5160178138501285e-15,8.881784197001252e-16,0.0004633000062312931
7729,WMI,50,1600,400,165,2.4571172863224055e-15,8.881784197001252e-16,0.009526899986667559
7730,DI,50,1600,400,166,2.5160178138501285e-15,8.881784197001252e-16,0.000378099997760728
7731,WMI,50,1600,400,166,2.4571172863224055e-15,8.881784197001252e-16,0.009124500007601455
7732,DI,50,1600,400,167,2.5160178138501285e-15,8.881784197001252e-16,0.0004535999905783683
7733,WMI,50,1600,400,167,2.4571172863224055e-15,8.881784197001252e-16,0.009329499996965751
7734,DI,50,1600,400,168,2.5160178138501285e-15,8.881784197001252e-16,0.0005681999900843948
7735,WMI,50,1600,400,168,2.4571172863224055e-15,8.881784197001252e-16,0.010371899988967925
7736,DI,50,1600,400,169,2.5160178138501285e-15,8.881784197001252e-16,0.000468299986096099
7737,WMI,50,1600,400,169,2.4571172863224055e-15,8.881784197001252e-16,0.009134699997957796
7738,DI,50,1600,400,170,2.5160178138501285e-15,8.881784197001252e-16,0.0004028999828733504
7739,WMI,50,1600,400,170,2.4571172863224055e-15,8.881784197001252e-16,0.009205399983329698
7740,DI,50,1600,400,171,2.5160178138501285e-15,8.881784197001252e-16,0.0005376999906729907
7741,WMI,50,1600,400,171,2.4571172863224055e-15,8.881784197001252e-16,0.009812300006160513
7742,DI,50,1600,400,172,2.5160178138501285e-15,8.881784197001252e-16,0.00040710001485422254
7743,WMI,50,1600,400,172,2.4571172863224055e-15,8.881784197001252e-16,0.008974299998953938
7744,DI,50,1600,400,173,2.5160178138501285e-15,8.881784197001252e-16,0.0004338999860920012
7745,WMI,50,1600,400,173,2.4571172863224055e-15,8.881784197001252e-16,0.009789200004888698
7746,DI,50,1600,400,174,2.5160178138501285e-15,8.881784197001252e-16,0.00048499999684281647
7747,WMI,50,1600,400,174,2.4571172863224055e-15,8.881784197001252e-16,0.01088400001754053
7748,DI,50,1600,400,175,2.5160178138501285e-15,8.881784197001252e-16,0.0006941999890841544
7749,WMI,50,1600,400,175,2.4571172863224055e-15,8.881784197001252e-16,0.010452399990754202
7750,DI,50,1600,400,176,2.5160178138501285e-15,8.881784197001252e-16,0.0005256000149529427
7751,WMI,50,1600,400,176,2.4571172863224055e-15,8.881784197001252e-16,0.011046500003430992
7752,DI,50,1600,400,177,2.5160178138501285e-15,8.881784197001252e-16,0.00047050000284798443
7753,WMI,50,1600,400,177,2.4571172863224055e-15,8.881784197001252e-16,0.009962099982658401
7754,DI,50,1600,400,178,2.5160178138501285e-15,8.881784197001252e-16,0.0005291000124998391
7755,WMI,50,1600,400,178,2.4571172863224055e-15,8.881784197001252e-16,0.01010149999638088
7756,DI,50,1600,400,179,2.5160178138501285e-15,8.881784197001252e-16,0.0005010000022593886
7757,WMI,50,1600,400,179,2.4571172863224055e-15,8.881784197001252e-16,0.010054800019133836
7758,DI,50,1600,400,180,2.5160178138501285e-15,8.881784197001252e-16,0.00037819999852217734
7759,WMI,50,1600,400,180,2.4571172863224055e-15,8.881784197001252e-16,0.010096500016516075
7760,DI,50,1600,400,181,2.5160178138501285e-15,8.881784197001252e-16,0.000507200020365417
7761,WMI,50,1600,400,181,2.4571172863224055e-15,8.881784197001252e-16,0.009796600003028288
7762,DI,50,1600,400,182,2.5160178138501285e-15,8.881784197001252e-16,0.0004178000090178102
7763,WMI,50,1600,400,182,2.4571172863224055e-15,8.881784197001252e-16,0.009677399997599423
7764,DI,50,1600,400,183,2.5160178138501285e-15,8.881784197001252e-16,0.0004152999899815768
7765,WMI,50,1600,400,183,2.4571172863224055e-15,8.881784197001252e-16,0.009664199984399602
7766,DI,50,1600,400,184,2.5160178138501285e-15,8.881784197001252e-16,0.0004227000172249973
7767,WMI,50,1600,400,184,2.4571172863224055e-15,8.881784197001252e-16,0.011263899999903515
7768,DI,50,1600,400,185,2.5160178138501285e-15,8.881784197001252e-16,0.0004878999898210168
7769,WMI,50,1600,400,185,2.4571172863224055e-15,8.881784197001252e-16,0.010425200016470626
7770,DI,50,1600,400,186,2.5160178138501285e-15,8.881784197001252e-16,0.00040430002263747156
7771,WMI,50,1600,400,186,2.4571172863224055e-15,8.881784197001252e-16,0.010739599994849414
7772,DI,50,1600,400,187,2.5160178138501285e-15,8.881784197001252e-16,0.0005028999876230955
7773,WMI,50,1600,400,187,2.4571172863224055e-15,8.881784197001252e-16,0.010123199986992404
7774,DI,50,1600,400,188,2.5160178138501285e-15,8.881784197001252e-16,0.0004495999892242253
7775,WMI,50,1600,400,188,2.4571172863224055e-15,8.881784197001252e-16,0.010309599980246276
7776,DI,50,1600,400,189,2.5160178138501285e-15,8.881784197001252e-16,0.0005424999981187284
7777,WMI,50,1600,400,189,2.4571172863224055e-15,8.881784197001252e-16,0.01171789999352768
7778,DI,50,1600,400,190,2.5160178138501285e-15,8.881784197001252e-16,0.000514600018505007
7779,WMI,50,1600,400,190,2.4571172863224055e-15,8.881784197001252e-16,0.010992600000463426
7780,DI,50,1600,400,191,2.5160178138501285e-15,8.881784197001252e-16,0.0004869000113103539
7781,WMI,50,1600,400,191,2.4571172863224055e-15,8.881784197001252e-16,0.009525900008156896
7782,DI,50,1600,400,192,2.5160178138501285e-15,8.881784197001252e-16,0.00040350001654587686
7783,WMI,50,1600,400,192,2.4571172863224055e-15,8.881784197001252e-16,0.009982399991713464
7784,DI,50,1600,400,193,2.5160178138501285e-15,8.881784197001252e-16,0.0005197999998927116
7785,WMI,50,1600,400,193,2.4571172863224055e-15,8.881784197001252e-16,0.010343300004024059
7786,DI,50,1600,400,194,2.5160178138501285e-15,8.881784197001252e-16,0.0005900999822188169
7787,WMI,50,1600,400,194,2.4571172863224055e-15,8.881784197001252e-16,0.010721600003307685
7788,DI,50,1600,400,195,2.5160178138501285e-15,8.881784197001252e-16,0.00042139997822232544
7789,WMI,50,1600,400,195,2.4571172863224055e-15,8.881784197001252e-16,0.010339899978134781
7790,DI,50,1600,400,196,2.5160178138501285e-15,8.881784197001252e-16,0.0005116999964229763
7791,WMI,50,1600,400,196,2.4571172863224055e-15,8.881784197001252e-16,0.010240200004773214
7792,DI,50,1600,400,197,2.5160178138501285e-15,8.881784197001252e-16,0.000527900003362447
7793,WMI,50,1600,400,197,2.4571172863224055e-15,8.881784197001252e-16,0.009670300001744181
7794,DI,50,1600,400,198,2.5160178138501285e-15,8.881784197001252e-16,0.0004412999842315912
7795,WMI,50,1600,400,198,2.4571172863224055e-15,8.881784197001252e-16,0.009819099999731407
7796,DI,50,1600,400,199,2.5160178138501285e-15,8.881784197001252e-16,0.0005056000081822276
7797,WMI,50,1600,400,199,2.4571172863224055e-15,8.881784197001252e-16,0.01047050001216121
7798,DI,50,1600,400,200,2.5160178138501285e-15,8.881784197001252e-16,0.00042760002543218434
7799,WMI,50,1600,400,200,2.4571172863224055e-15,8.881784197001252e-16,0.009638900024583563
7800,DI,50,1500,500,1,2.657772103805195e-15,8.881784197001252e-16,0.0006254000181797892
7801,WMI,50,1500,500,1,2.7733498689460223e-15,1.1102230246251565e-15,0.018150100018829107
7802,ISM,50,1500,500,1,2.5967496678745867,0.42265201701408217,0.005444500013254583
7803,DI,50,1500,500,2,2.657772103805195e-15,8.881784197001252e-16,0.0005315000016707927
7804,WMI,50,1500,500,2,2.7733498689460223e-15,1.1102230246251565e-15,0.016618499998003244
7805,ISM,50,1500,500,2,2.5967496678745867,0.42265201701408217,0.005406799988122657
7806,DI,50,1500,500,3,2.657772103805195e-15,8.881784197001252e-16,0.00045039999531582
7807,WMI,50,1500,500,3,2.7733498689460223e-15,1.1102230246251565e-15,0.013736900000367314
7808,ISM,50,1500,500,3,2.5967496678745867,0.42265201701408217,0.005810300004668534
7809,DI,50,1500,500,4,2.657772103805195e-15,8.881784197001252e-16,0.000600200000917539
7810,WMI,50,1500,500,4,2.7733498689460223e-15,1.1102230246251565e-15,0.014583699987269938
7811,ISM,50,1500,500,4,2.5967496678745867,0.42265201701408217,0.005503399996086955
7812,DI,50,1500,500,5,2.657772103805195e-15,8.881784197001252e-16,0.0004498999915085733
7813,WMI,50,1500,500,5,2.7733498689460223e-15,1.1102230246251565e-15,0.013843699998687953
7814,ISM,50,1500,500,5,2.5967496678745867,0.42265201701408217,0.005722400004742667
7815,DI,50,1500,500,6,2.657772103805195e-15,8.881784197001252e-16,0.0006096000142861158
7816,WMI,50,1500,500,6,2.7733498689460223e-15,1.1102230246251565e-15,0.013670299988007173
7817,ISM,50,1500,500,6,2.5967496678745867,0.42265201701408217,0.010292899998603389
7818,DI,50,1500,500,7,2.657772103805195e-15,8.881784197001252e-16,0.0008097999962046742
7819,WMI,50,1500,500,7,2.7733498689460223e-15,1.1102230246251565e-15,0.02251720000640489
7820,ISM,50,1500,500,7,2.5967496678745867,0.42265201701408217,0.01109569999971427
7821,DI,50,1500,500,8,2.657772103805195e-15,8.881784197001252e-16,0.0006614000012632459
7822,WMI,50,1500,500,8,2.7733498689460223e-15,1.1102230246251565e-15,0.014946799987228587
7823,ISM,50,1500,500,8,2.5967496678745867,0.42265201701408217,0.005480199994053692
7824,DI,50,1500,500,9,2.657772103805195e-15,8.881784197001252e-16,0.0004902999789919704
7825,WMI,50,1500,500,9,2.7733498689460223e-15,1.1102230246251565e-15,0.014070299977902323
7826,ISM,50,1500,500,9,2.5967496678745867,0.42265201701408217,0.005394400010118261
7827,DI,50,1500,500,10,2.657772103805195e-15,8.881784197001252e-16,0.0004698999982792884
7828,WMI,50,1500,500,10,2.7733498689460223e-15,1.1102230246251565e-15,0.01505759998690337
7829,ISM,50,1500,500,10,2.5967496678745867,0.42265201701408217,0.005372100014938042
7830,DI,50,1500,500,11,2.657772103805195e-15,8.881784197001252e-16,0.0005829999863635749
7831,WMI,50,1500,500,11,2.7733498689460223e-15,1.1102230246251565e-15,0.01495379998232238
7832,ISM,50,1500,500,11,2.5967496678745867,0.42265201701408217,0.005335499998182058
7833,DI,50,1500,500,12,2.657772103805195e-15,8.881784197001252e-16,0.0005526000168174505
7834,WMI,50,1500,500,12,2.7733498689460223e-15,1.1102230246251565e-15,0.015683600009651855
7835,ISM,50,1500,500,12,2.5967496678745867,0.42265201701408217,0.00538420001976192
7836,DI,50,1500,500,13,2.657772103805195e-15,8.881784197001252e-16,0.0005052000051364303
7837,WMI,50,1500,500,13,2.7733498689460223e-15,1.1102230246251565e-15,0.015183999988948926
7838,ISM,50,1500,500,13,2.5967496678745867,0.42265201701408217,0.005399400019086897
7839,DI,50,1500,500,14,2.657772103805195e-15,8.881784197001252e-16,0.0005522000137716532
7840,WMI,50,1500,500,14,2.7733498689460223e-15,1.1102230246251565e-15,0.016663100017467514
7841,ISM,50,1500,500,14,2.5967496678745867,0.42265201701408217,0.005461900000227615
7842,DI,50,1500,500,15,2.657772103805195e-15,8.881784197001252e-16,0.0005613000248558819
7843,WMI,50,1500,500,15,2.7733498689460223e-15,1.1102230246251565e-15,0.016065999981947243
7844,ISM,50,1500,500,15,2.5967496678745867,0.42265201701408217,0.01116540000657551
7845,DI,50,1500,500,16,2.657772103805195e-15,8.881784197001252e-16,0.0007486999966204166
7846,WMI,50,1500,500,16,2.7733498689460223e-15,1.1102230246251565e-15,0.01611689999117516
7847,ISM,50,1500,500,16,2.5967496678745867,0.42265201701408217,0.007734899991191924
7848,DI,50,1500,500,17,2.657772103805195e-15,8.881784197001252e-16,0.000603899999987334
7849,WMI,50,1500,500,17,2.7733498689460223e-15,1.1102230246251565e-15,0.016153100004885346
7850,ISM,50,1500,500,17,2.5967496678745867,0.42265201701408217,0.005335499998182058
7851,DI,50,1500,500,18,2.657772103805195e-15,8.881784197001252e-16,0.0005115999956615269
7852,WMI,50,1500,500,18,2.7733498689460223e-15,1.1102230246251565e-15,0.014537999988533556
7853,ISM,50,1500,500,18,2.5967496678745867,0.42265201701408217,0.010751499998150393
7854,DI,50,1500,500,19,2.657772103805195e-15,8.881784197001252e-16,0.0007280999852810055
7855,WMI,50,1500,500,19,2.7733498689460223e-15,1.1102230246251565e-15,0.017922200000612065
7856,ISM,50,1500,500,19,2.5967496678745867,0.42265201701408217,0.008497900009388104
7857,DI,50,1500,500,20,2.657772103805195e-15,8.881784197001252e-16,0.0006080000021029264
7858,WMI,50,1500,500,20,2.7733498689460223e-15,1.1102230246251565e-15,0.016022499999962747
7859,ISM,50,1500,500,20,2.5967496678745867,0.42265201701408217,0.005382400006055832
7860,DI,50,1500,500,21,2.657772103805195e-15,8.881784197001252e-16,0.0005513000069186091
7861,WMI,50,1500,500,21,2.7733498689460223e-15,1.1102230246251565e-15,0.015783000009832904
7862,ISM,50,1500,500,21,2.5967496678745867,0.42265201701408217,0.009815500001423061
7863,DI,50,1500,500,22,2.657772103805195e-15,8.881784197001252e-16,0.0005643999902531505
7864,WMI,50,1500,500,22,2.7733498689460223e-15,1.1102230246251565e-15,0.01486950000980869
7865,ISM,50,1500,500,22,2.5967496678745867,0.42265201701408217,0.005408099998021498
7866,DI,50,1500,500,23,2.657772103805195e-15,8.881784197001252e-16,0.0004886000242549926
7867,WMI,50,1500,500,23,2.7733498689460223e-15,1.1102230246251565e-15,0.015022200008388609
7868,ISM,50,1500,500,23,2.5967496678745867,0.42265201701408217,0.005375800014007837
7869,DI,50,1500,500,24,2.657772103805195e-15,8.881784197001252e-16,0.0005555000097956508
7870,WMI,50,1500,500,24,2.7733498689460223e-15,1.1102230246251565e-15,0.015520300017669797
7871,ISM,50,1500,500,24,2.5967496678745867,0.42265201701408217,0.005233500007307157
7872,DI,50,1500,500,25,2.657772103805195e-15,8.881784197001252e-16,0.00044830000842921436
7873,WMI,50,1500,500,25,2.7733498689460223e-15,1.1102230246251565e-15,0.014318000001367182
7874,ISM,50,1500,500,25,2.5967496678745867,0.42265201701408217,0.005523599975276738
7875,DI,50,1500,500,26,2.657772103805195e-15,8.881784197001252e-16,0.0004957000201102346
7876,WMI,50,1500,500,26,2.7733498689460223e-15,1.1102230246251565e-15,0.014794599992455915
7877,ISM,50,1500,500,26,2.5967496678745867,0.42265201701408217,0.005243999999947846
7878,DI,50,1500,500,27,2.657772103805195e-15,8.881784197001252e-16,0.0005428000004030764
7879,WMI,50,1500,500,27,2.7733498689460223e-15,1.1102230246251565e-15,0.016320199996698648
7880,ISM,50,1500,500,27,2.5967496678745867,0.42265201701408217,0.005352499982109293
7881,DI,50,1500,500,28,2.657772103805195e-15,8.881784197001252e-16,0.00045679998584091663
7882,WMI,50,1500,500,28,2.7733498689460223e-15,1.1102230246251565e-15,0.013091600005282089
7883,ISM,50,1500,500,28,2.5967496678745867,0.42265201701408217,0.00538720001350157
7884,DI,50,1500,500,29,2.657772103805195e-15,8.881784197001252e-16,0.000447600003099069
7885,WMI,50,1500,500,29,2.7733498689460223e-15,1.1102230246251565e-15,0.013130199979059398
7886,ISM,50,1500,500,29,2.5967496678745867,0.42265201701408217,0.01230319999740459
7887,DI,50,1500,500,30,2.657772103805195e-15,8.881784197001252e-16,0.0006853000086266547
7888,WMI,50,1500,500,30,2.7733498689460223e-15,1.1102230246251565e-15,0.014982900000177324
7889,ISM,50,1500,500,30,2.5967496678745867,0.42265201701408217,0.005217800004174933
7890,DI,50,1500,500,31,2.657772103805195e-15,8.881784197001252e-16,0.0006052000098861754
7891,WMI,50,1500,500,31,2.7733498689460223e-15,1.1102230246251565e-15,0.014320399990538135
7892,ISM,50,1500,500,31,2.5967496678745867,0.42265201701408217,0.005190300027607009
7893,DI,50,1500,500,32,2.657772103805195e-15,8.881784197001252e-16,0.0004568000149447471
7894,WMI,50,1500,500,32,2.7733498689460223e-15,1.1102230246251565e-15,0.014265599980717525
7895,ISM,50,1500,500,32,2.5967496678745867,0.42265201701408217,0.005207199981668964
7896,DI,50,1500,500,33,2.657772103805195e-15,8.881784197001252e-16,0.0004611000185832381
7897,WMI,50,1500,500,33,2.7733498689460223e-15,1.1102230246251565e-15,0.015025700005935505
7898,ISM,50,1500,500,33,2.5967496678745867,0.42265201701408217,0.013148700003512204
7899,DI,50,1500,500,34,2.657772103805195e-15,8.881784197001252e-16,0.0006424000021070242
7900,WMI,50,1500,500,34,2.7733498689460223e-15,1.1102230246251565e-15,0.0156962999899406
7901,ISM,50,1500,500,34,2.5967496678745867,0.42265201701408217,0.0053724999888800085
7902,DI,50,1500,500,35,2.657772103805195e-15,8.881784197001252e-16,0.000527900003362447
7903,WMI,50,1500,500,35,2.7733498689460223e-15,1.1102230246251565e-15,0.01607099999091588
7904,ISM,50,1500,500,35,2.5967496678745867,0.42265201701408217,0.00711020000744611
7905,DI,50,1500,500,36,2.657772103805195e-15,8.881784197001252e-16,0.00047920001088641584
7906,WMI,50,1500,500,36,2.7733498689460223e-15,1.1102230246251565e-15,0.013503199996193871
7907,ISM,50,1500,500,36,2.5967496678745867,0.42265201701408217,0.010866600001463667
7908,DI,50,1500,500,37,2.657772103805195e-15,8.881784197001252e-16,0.0006255999905988574
7909,WMI,50,1500,500,37,2.7733498689460223e-15,1.1102230246251565e-15,0.01479389998712577
7910,ISM,50,1500,500,37,2.5967496678745867,0.42265201701408217,0.00522120000096038
7911,DI,50,1500,500,38,2.657772103805195e-15,8.881784197001252e-16,0.000529799988726154
7912,WMI,50,1500,500,38,2.7733498689460223e-15,1.1102230246251565e-15,0.014972200006013736
7913,ISM,50,1500,500,38,2.5967496678745867,0.42265201701408217,0.011655599984806031
7914,DI,50,1500,500,39,2.657772103805195e-15,8.881784197001252e-16,0.0006921000021975487
7915,WMI,50,1500,500,39,2.7733498689460223e-15,1.1102230246251565e-15,0.01582940001389943
7916,ISM,50,1500,500,39,2.5967496678745867,0.42265201701408217,0.008963400003267452
7917,DI,50,1500,500,40,2.657772103805195e-15,8.881784197001252e-16,0.0006318000087048858
7918,WMI,50,1500,500,40,2.7733498689460223e-15,1.1102230246251565e-15,0.01556130000972189
7919,ISM,50,1500,500,40,2.5967496678745867,0.42265201701408217,0.01073559999349527
7920,DI,50,1500,500,41,2.657772103805195e-15,8.881784197001252e-16,0.0008096999954432249
7921,WMI,50,1500,500,41,2.7733498689460223e-15,1.1102230246251565e-15,0.01786980000906624
7922,ISM,50,1500,500,41,2.5967496678745867,0.42265201701408217,0.006202999997185543
7923,DI,50,1500,500,42,2.657772103805195e-15,8.881784197001252e-16,0.0005558999837376177
7924,WMI,50,1500,500,42,2.7733498689460223e-15,1.1102230246251565e-15,0.015246900002239272
7925,ISM,50,1500,500,42,2.5967496678745867,0.42265201701408217,0.005207499983953312
7926,DI,50,1500,500,43,2.657772103805195e-15,8.881784197001252e-16,0.0004810999962501228
7927,WMI,50,1500,500,43,2.7733498689460223e-15,1.1102230246251565e-15,0.015410899999551475
7928,ISM,50,1500,500,43,2.5967496678745867,0.42265201701408217,0.005819099984364584
7929,DI,50,1500,500,44,2.657772103805195e-15,8.881784197001252e-16,0.0004656999954022467
7930,WMI,50,1500,500,44,2.7733498689460223e-15,1.1102230246251565e-15,0.014894099993398413
7931,ISM,50,1500,500,44,2.5967496678745867,0.42265201701408217,0.011137900000903755
7932,DI,50,1500,500,45,2.657772103805195e-15,8.881784197001252e-16,0.0007347000064328313
7933,WMI,50,1500,500,45,2.7733498689460223e-15,1.1102230246251565e-15,0.01633779998519458
7934,ISM,50,1500,500,45,2.5967496678745867,0.42265201701408217,0.005605499987723306
7935,DI,50,1500,500,46,2.657772103805195e-15,8.881784197001252e-16,0.0006049000076018274
7936,WMI,50,1500,500,46,2.7733498689460223e-15,1.1102230246251565e-15,0.018688300013309345
7937,ISM,50,1500,500,46,2.5967496678745867,0.42265201701408217,0.010974700009683147
7938,DI,50,1500,500,47,2.657772103805195e-15,8.881784197001252e-16,0.0006978999881539494
7939,WMI,50,1500,500,47,2.7733498689460223e-15,1.1102230246251565e-15,0.017203700001118705
7940,ISM,50,1500,500,47,2.5967496678745867,0.42265201701408217,0.0111979000212159
7941,DI,50,1500,500,48,2.657772103805195e-15,8.881784197001252e-16,0.0008762999786995351
7942,WMI,50,1500,500,48,2.7733498689460223e-15,1.1102230246251565e-15,0.01837470001191832
7943,ISM,50,1500,500,48,2.5967496678745867,0.42265201701408217,0.011442499991972
7944,DI,50,1500,500,49,2.657772103805195e-15,8.881784197001252e-16,0.0008735000155866146
7945,WMI,50,1500,500,49,2.7733498689460223e-15,1.1102230246251565e-15,0.017264199996134266
7946,ISM,50,1500,500,49,2.5967496678745867,0.42265201701408217,0.010961499996483326
7947,DI,50,1500,500,50,2.657772103805195e-15,8.881784197001252e-16,0.0007406999939121306
7948,WMI,50,1500,500,50,2.7733498689460223e-15,1.1102230246251565e-15,0.019752400025026873
7949,ISM,50,1500,500,50,2.5967496678745867,0.42265201701408217,0.006642400025157258
7950,DI,50,1500,500,51,2.657772103805195e-15,8.881784197001252e-16,0.0006498999719042331
7951,WMI,50,1500,500,51,2.7733498689460223e-15,1.1102230246251565e-15,0.014022599993040785
7952,DI,50,1500,500,52,2.657772103805195e-15,8.881784197001252e-16,0.00042050000047311187
7953,WMI,50,1500,500,52,2.7733498689460223e-15,1.1102230246251565e-15,0.012343399983365089
7954,DI,50,1500,500,53,2.657772103805195e-15,8.881784197001252e-16,0.0004025000089313835
7955,WMI,50,1500,500,53,2.7733498689460223e-15,1.1102230246251565e-15,0.011798200022894889
7956,DI,50,1500,500,54,2.657772103805195e-15,8.881784197001252e-16,0.0003981000045314431
7957,WMI,50,1500,500,54,2.7733498689460223e-15,1.1102230246251565e-15,0.012133399985032156
7958,DI,50,1500,500,55,2.657772103805195e-15,8.881784197001252e-16,0.0004360000020824373
7959,WMI,50,1500,500,55,2.7733498689460223e-15,1.1102230246251565e-15,0.012281699979212135
7960,DI,50,1500,500,56,2.657772103805195e-15,8.881784197001252e-16,0.00040270001045428216
7961,WMI,50,1500,500,56,2.7733498689460223e-15,1.1102230246251565e-15,0.012507600011304021
7962,DI,50,1500,500,57,2.657772103805195e-15,8.881784197001252e-16,0.0003981000045314431
7963,WMI,50,1500,500,57,2.7733498689460223e-15,1.1102230246251565e-15,0.01231080002617091
7964,DI,50,1500,500,58,2.657772103805195e-15,8.881784197001252e-16,0.0004354999982751906
7965,WMI,50,1500,500,58,2.7733498689460223e-15,1.1102230246251565e-15,0.012353099999018013
7966,DI,50,1500,500,59,2.657772103805195e-15,8.881784197001252e-16,0.0005348999984562397
7967,WMI,50,1500,500,59,2.7733498689460223e-15,1.1102230246251565e-15,0.012772099988069385
7968,DI,50,1500,500,60,2.657772103805195e-15,8.881784197001252e-16,0.0005296000163070858
7969,WMI,50,1500,500,60,2.7733498689460223e-15,1.1102230246251565e-15,0.012929000018630177
7970,DI,50,1500,500,61,2.657772103805195e-15,8.881784197001252e-16,0.0005493000207934529
7971,WMI,50,1500,500,61,2.7733498689460223e-15,1.1102230246251565e-15,0.012325099989539012
7972,DI,50,1500,500,62,2.657772103805195e-15,8.881784197001252e-16,0.00043730001198127866
7973,WMI,50,1500,500,62,2.7733498689460223e-15,1.1102230246251565e-15,0.012274699984118342
7974,DI,50,1500,500,63,2.657772103805195e-15,8.881784197001252e-16,0.0005134999810252339
7975,WMI,50,1500,500,63,2.7733498689460223e-15,1.1102230246251565e-15,0.013151300023309886
7976,DI,50,1500,500,64,2.657772103805195e-15,8.881784197001252e-16,0.0004563000111375004
7977,WMI,50,1500,500,64,2.7733498689460223e-15,1.1102230246251565e-15,0.012430300004780293
7978,DI,50,1500,500,65,2.657772103805195e-15,8.881784197001252e-16,0.0004126999992877245
7979,WMI,50,1500,500,65,2.7733498689460223e-15,1.1102230246251565e-15,0.012865199998486787
7980,DI,50,1500,500,66,2.657772103805195e-15,8.881784197001252e-16,0.0005406000127550215
7981,WMI,50,1500,500,66,2.7733498689460223e-15,1.1102230246251565e-15,0.013351300003705546
7982,DI,50,1500,500,67,2.657772103805195e-15,8.881784197001252e-16,0.00042550000944174826
7983,WMI,50,1500,500,67,2.7733498689460223e-15,1.1102230246251565e-15,0.012523100012913346
7984,DI,50,1500,500,68,2.657772103805195e-15,8.881784197001252e-16,0.0003866999759338796
7985,WMI,50,1500,500,68,2.7733498689460223e-15,1.1102230246251565e-15,0.013247700000647455
7986,DI,50,1500,500,69,2.657772103805195e-15,8.881784197001252e-16,0.0005020999815315008
7987,WMI,50,1500,500,69,2.7733498689460223e-15,1.1102230246251565e-15,0.01330619998043403
7988,DI,50,1500,500,70,2.657772103805195e-15,8.881784197001252e-16,0.00048149999929592013
7989,WMI,50,1500,500,70,2.7733498689460223e-15,1.1102230246251565e-15,0.01236100000096485
7990,DI,50,1500,500,71,2.657772103805195e-15,8.881784197001252e-16,0.0005139000131748617
7991,WMI,50,1500,500,71,2.7733498689460223e-15,1.1102230246251565e-15,0.01383359997998923
7992,DI,50,1500,500,72,2.657772103805195e-15,8.881784197001252e-16,0.0004220999835524708
7993,WMI,50,1500,500,72,2.7733498689460223e-15,1.1102230246251565e-15,0.012779700016835704
7994,DI,50,1500,500,73,2.657772103805195e-15,8.881784197001252e-16,0.00048729998525232077
7995,WMI,50,1500,500,73,2.7733498689460223e-15,1.1102230246251565e-15,0.013556499994592741
7996,DI,50,1500,500,74,2.657772103805195e-15,8.881784197001252e-16,0.00045419999514706433
7997,WMI,50,1500,500,74,2.7733498689460223e-15,1.1102230246251565e-15,0.012842800002545118
7998,DI,50,1500,500,75,2.657772103805195e-15,8.881784197001252e-16,0.00043590000132098794
7999,WMI,50,1500,500,75,2.7733498689460223e-15,1.1102230246251565e-15,0.013517399987904355
8000,DI,50,1500,500,76,2.657772103805195e-15,8.881784197001252e-16,0.0004668000037781894
8001,WMI,50,1500,500,76,2.7733498689460223e-15,1.1102230246251565e-15,0.01282189998892136
8002,DI,50,1500,500,77,2.657772103805195e-15,8.881784197001252e-16,0.00044180001714266837
8003,WMI,50,1500,500,77,2.7733498689460223e-15,1.1102230246251565e-15,0.012555299996165559
8004,DI,50,1500,500,78,2.657772103805195e-15,8.881784197001252e-16,0.0004707000043708831
8005,WMI,50,1500,500,78,2.7733498689460223e-15,1.1102230246251565e-15,0.01337729999795556
8006,DI,50,1500,500,79,2.657772103805195e-15,8.881784197001252e-16,0.0004626000009011477
8007,WMI,50,1500,500,79,2.7733498689460223e-15,1.1102230246251565e-15,0.013282100000651553
8008,DI,50,1500,500,80,2.657772103805195e-15,8.881784197001252e-16,0.0004524000105448067
8009,WMI,50,1500,500,80,2.7733498689460223e-15,1.1102230246251565e-15,0.01307069999165833
8010,DI,50,1500,500,81,2.657772103805195e-15,8.881784197001252e-16,0.00048230000538751483
8011,WMI,50,1500,500,81,2.7733498689460223e-15,1.1102230246251565e-15,0.012671600008616224
8012,DI,50,1500,500,82,2.657772103805195e-15,8.881784197001252e-16,0.00041849998524412513
8013,WMI,50,1500,500,82,2.7733498689460223e-15,1.1102230246251565e-15,0.013992499996675178
8014,DI,50,1500,500,83,2.657772103805195e-15,8.881784197001252e-16,0.0005113000224810094
8015,WMI,50,1500,500,83,2.7733498689460223e-15,1.1102230246251565e-15,0.013850300019839779
8016,DI,50,1500,500,84,2.657772103805195e-15,8.881784197001252e-16,0.0004219000111334026
8017,WMI,50,1500,500,84,2.7733498689460223e-15,1.1102230246251565e-15,0.012038300017593428
8018,DI,50,1500,500,85,2.657772103805195e-15,8.881784197001252e-16,0.0004826999793294817
8019,WMI,50,1500,500,85,2.7733498689460223e-15,1.1102230246251565e-15,0.012025200005155057
8020,DI,50,1500,500,86,2.657772103805195e-15,8.881784197001252e-16,0.0005209000082686543
8021,WMI,50,1500,500,86,2.7733498689460223e-15,1.1102230246251565e-15,0.013509899989003316
8022,DI,50,1500,500,87,2.657772103805195e-15,8.881784197001252e-16,0.00041629999759607017
8023,WMI,50,1500,500,87,2.7733498689460223e-15,1.1102230246251565e-15,0.01251359999878332
8024,DI,50,1500,500,88,2.657772103805195e-15,8.881784197001252e-16,0.0005140999855939299
8025,WMI,50,1500,500,88,2.7733498689460223e-15,1.1102230246251565e-15,0.012908399978186935
8026,DI,50,1500,500,89,2.657772103805195e-15,8.881784197001252e-16,0.000458399998024106
8027,WMI,50,1500,500,89,2.7733498689460223e-15,1.1102230246251565e-15,0.012998399994103238
8028,DI,50,1500,500,90,2.657772103805195e-15,8.881784197001252e-16,0.0004704000020865351
8029,WMI,50,1500,500,90,2.7733498689460223e-15,1.1102230246251565e-15,0.012510399974416941
8030,DI,50,1500,500,91,2.657772103805195e-15,8.881784197001252e-16,0.000515899999300018
8031,WMI,50,1500,500,91,2.7733498689460223e-15,1.1102230246251565e-15,0.014208799984771758
8032,DI,50,1500,500,92,2.657772103805195e-15,8.881784197001252e-16,0.00045110000064596534
8033,WMI,50,1500,500,92,2.7733498689460223e-15,1.1102230246251565e-15,0.012799500022083521
8034,DI,50,1500,500,93,2.657772103805195e-15,8.881784197001252e-16,0.00044299999717622995
8035,WMI,50,1500,500,93,2.7733498689460223e-15,1.1102230246251565e-15,0.01293729999451898
8036,DI,50,1500,500,94,2.657772103805195e-15,8.881784197001252e-16,0.0004971000016666949
8037,WMI,50,1500,500,94,2.7733498689460223e-15,1.1102230246251565e-15,0.012447199987946078
8038,DI,50,1500,500,95,2.657772103805195e-15,8.881784197001252e-16,0.000608200003625825
8039,WMI,50,1500,500,95,2.7733498689460223e-15,1.1102230246251565e-15,0.013509900018107146
8040,DI,50,1500,500,96,2.657772103805195e-15,8.881784197001252e-16,0.00060450000455603
8041,WMI,50,1500,500,96,2.7733498689460223e-15,1.1102230246251565e-15,0.014262099983170629
8042,DI,50,1500,500,97,2.657772103805195e-15,8.881784197001252e-16,0.0004169000021647662
8043,WMI,50,1500,500,97,2.7733498689460223e-15,1.1102230246251565e-15,0.012667999981204048
8044,DI,50,1500,500,98,2.657772103805195e-15,8.881784197001252e-16,0.0004936999757774174
8045,WMI,50,1500,500,98,2.7733498689460223e-15,1.1102230246251565e-15,0.012933799996972084
8046,DI,50,1500,500,99,2.657772103805195e-15,8.881784197001252e-16,0.0005716000159736723
8047,WMI,50,1500,500,99,2.7733498689460223e-15,1.1102230246251565e-15,0.013801900000544265
8048,DI,50,1500,500,100,2.657772103805195e-15,8.881784197001252e-16,0.000523599999723956
8049,WMI,50,1500,500,100,2.7733498689460223e-15,1.1102230246251565e-15,0.013352700014365837
8050,DI,50,1500,500,101,2.657772103805195e-15,8.881784197001252e-16,0.0004186999867670238
8051,WMI,50,1500,500,101,2.7733498689460223e-15,1.1102230246251565e-15,0.014466099994024262
8052,DI,50,1500,500,102,2.657772103805195e-15,8.881784197001252e-16,0.00044609999167732894
8053,WMI,50,1500,500,102,2.7733498689460223e-15,1.1102230246251565e-15,0.012617700005648658
8054,DI,50,1500,500,103,2.657772103805195e-15,8.881784197001252e-16,0.0004462999932002276
8055,WMI,50,1500,500,103,2.7733498689460223e-15,1.1102230246251565e-15,0.012945599999511614
8056,DI,50,1500,500,104,2.657772103805195e-15,8.881784197001252e-16,0.0004518000059761107
8057,WMI,50,1500,500,104,2.7733498689460223e-15,1.1102230246251565e-15,0.013417799986200407
8058,DI,50,1500,500,105,2.657772103805195e-15,8.881784197001252e-16,0.00044720000005327165
8059,WMI,50,1500,500,105,2.7733498689460223e-15,1.1102230246251565e-15,0.012711899995338172
8060,DI,50,1500,500,106,2.657772103805195e-15,8.881784197001252e-16,0.0004599000094458461
8061,WMI,50,1500,500,106,2.7733498689460223e-15,1.1102230246251565e-15,0.01347980002174154
8062,DI,50,1500,500,107,2.657772103805195e-15,8.881784197001252e-16,0.0004292000085115433
8063,WMI,50,1500,500,107,2.7733498689460223e-15,1.1102230246251565e-15,0.013791600009426475
8064,DI,50,1500,500,108,2.657772103805195e-15,8.881784197001252e-16,0.0004326000052969903
8065,WMI,50,1500,500,108,2.7733498689460223e-15,1.1102230246251565e-15,0.01336699997773394
8066,DI,50,1500,500,109,2.657772103805195e-15,8.881784197001252e-16,0.0005477000086102635
8067,WMI,50,1500,500,109,2.7733498689460223e-15,1.1102230246251565e-15,0.013092099979985505
8068,DI,50,1500,500,110,2.657772103805195e-15,8.881784197001252e-16,0.0004414999857544899
8069,WMI,50,1500,500,110,2.7733498689460223e-15,1.1102230246251565e-15,0.012828000006265938
8070,DI,50,1500,500,111,2.657772103805195e-15,8.881784197001252e-16,0.0004352999967522919
8071,WMI,50,1500,500,111,2.7733498689460223e-15,1.1102230246251565e-15,0.013543000008212402
8072,DI,50,1500,500,112,2.657772103805195e-15,8.881784197001252e-16,0.00045220000902190804
8073,WMI,50,1500,500,112,2.7733498689460223e-15,1.1102230246251565e-15,0.016101800021715462
8074,DI,50,1500,500,113,2.657772103805195e-15,8.881784197001252e-16,0.0005501999985426664
8075,WMI,50,1500,500,113,2.7733498689460223e-15,1.1102230246251565e-15,0.013108400016790256
8076,DI,50,1500,500,114,2.657772103805195e-15,8.881784197001252e-16,0.0004132000030949712
8077,WMI,50,1500,500,114,2.7733498689460223e-15,1.1102230246251565e-15,0.014704200002597645
8078,DI,50,1500,500,115,2.657772103805195e-15,8.881784197001252e-16,0.00045610000961460173
8079,WMI,50,1500,500,115,2.7733498689460223e-15,1.1102230246251565e-15,0.014781200006837025
8080,DI,50,1500,500,116,2.657772103805195e-15,8.881784197001252e-16,0.0006371999916154891
8081,WMI,50,1500,500,116,2.7733498689460223e-15,1.1102230246251565e-15,0.015061599988257512
8082,DI,50,1500,500,117,2.657772103805195e-15,8.881784197001252e-16,0.0006475999834947288
8083,WMI,50,1500,500,117,2.7733498689460223e-15,1.1102230246251565e-15,0.014246400009142235
8084,DI,50,1500,500,118,2.657772103805195e-15,8.881784197001252e-16,0.0005634000117424875
8085,WMI,50,1500,500,118,2.7733498689460223e-15,1.1102230246251565e-15,0.013259400002425537
8086,DI,50,1500,500,119,2.657772103805195e-15,8.881784197001252e-16,0.00040809999336488545
8087,WMI,50,1500,500,119,2.7733498689460223e-15,1.1102230246251565e-15,0.013635500014061108
8088,DI,50,1500,500,120,2.657772103805195e-15,8.881784197001252e-16,0.0004073999880347401
8089,WMI,50,1500,500,120,2.7733498689460223e-15,1.1102230246251565e-15,0.012844499986385927
8090,DI,50,1500,500,121,2.657772103805195e-15,8.881784197001252e-16,0.0004495000175666064
8091,WMI,50,1500,500,121,2.7733498689460223e-15,1.1102230246251565e-15,0.01365899998927489
8092,DI,50,1500,500,122,2.657772103805195e-15,8.881784197001252e-16,0.0005567000189330429
8093,WMI,50,1500,500,122,2.7733498689460223e-15,1.1102230246251565e-15,0.01326330000301823
8094,DI,50,1500,500,123,2.657772103805195e-15,8.881784197001252e-16,0.0004556999774649739
8095,WMI,50,1500,500,123,2.7733498689460223e-15,1.1102230246251565e-15,0.013581200008047745
8096,DI,50,1500,500,124,2.657772103805195e-15,8.881784197001252e-16,0.0004681999853346497
8097,WMI,50,1500,500,124,2.7733498689460223e-15,1.1102230246251565e-15,0.013693900022190064
8098,DI,50,1500,500,125,2.657772103805195e-15,8.881784197001252e-16,0.0006494999979622662
8099,WMI,50,1500,500,125,2.7733498689460223e-15,1.1102230246251565e-15,0.013578099984442815
8100,DI,50,1500,500,126,2.657772103805195e-15,8.881784197001252e-16,0.000443600001744926
8101,WMI,50,1500,500,126,2.7733498689460223e-15,1.1102230246251565e-15,0.014090999990003183
8102,DI,50,1500,500,127,2.657772103805195e-15,8.881784197001252e-16,0.00044239999260753393
8103,WMI,50,1500,500,127,2.7733498689460223e-15,1.1102230246251565e-15,0.014115600002696738
8104,DI,50,1500,500,128,2.657772103805195e-15,8.881784197001252e-16,0.0004937000048812479
8105,WMI,50,1500,500,128,2.7733498689460223e-15,1.1102230246251565e-15,0.01480710000032559
8106,DI,50,1500,500,129,2.657772103805195e-15,8.881784197001252e-16,0.0006704000115860254
8107,WMI,50,1500,500,129,2.7733498689460223e-15,1.1102230246251565e-15,0.013865099987015128
8108,DI,50,1500,500,130,2.657772103805195e-15,8.881784197001252e-16,0.0004704000020865351
8109,WMI,50,1500,500,130,2.7733498689460223e-15,1.1102230246251565e-15,0.014181100006680936
8110,DI,50,1500,500,131,2.657772103805195e-15,8.881784197001252e-16,0.0004783000040333718
8111,WMI,50,1500,500,131,2.7733498689460223e-15,1.1102230246251565e-15,0.013203799986513332
8112,DI,50,1500,500,132,2.657772103805195e-15,8.881784197001252e-16,0.00045510000200010836
8113,WMI,50,1500,500,132,2.7733498689460223e-15,1.1102230246251565e-15,0.01332110000657849
8114,DI,50,1500,500,133,2.657772103805195e-15,8.881784197001252e-16,0.0004413000133354217
8115,WMI,50,1500,500,133,2.7733498689460223e-15,1.1102230246251565e-15,0.013942999998107553
8116,DI,50,1500,500,134,2.657772103805195e-15,8.881784197001252e-16,0.0005284999788273126
8117,WMI,50,1500,500,134,2.7733498689460223e-15,1.1102230246251565e-15,0.013205199997173622
8118,DI,50,1500,500,135,2.657772103805195e-15,8.881784197001252e-16,0.0005994999955873936
8119,WMI,50,1500,500,135,2.7733498689460223e-15,1.1102230246251565e-15,0.012708599999314174
8120,DI,50,1500,500,136,2.657772103805195e-15,8.881784197001252e-16,0.0005249999812804163
8121,WMI,50,1500,500,136,2.7733498689460223e-15,1.1102230246251565e-15,0.013643400016007945
8122,DI,50,1500,500,137,2.657772103805195e-15,8.881784197001252e-16,0.0005537999968510121
8123,WMI,50,1500,500,137,2.7733498689460223e-15,1.1102230246251565e-15,0.013367199979256839
8124,DI,50,1500,500,138,2.657772103805195e-15,8.881784197001252e-16,0.0005062000127509236
8125,WMI,50,1500,500,138,2.7733498689460223e-15,1.1102230246251565e-15,0.013426600024104118
8126,DI,50,1500,500,139,2.657772103805195e-15,8.881784197001252e-16,0.00044880001223646104
8127,WMI,50,1500,500,139,2.7733498689460223e-15,1.1102230246251565e-15,0.01396130002103746
8128,DI,50,1500,500,140,2.657772103805195e-15,8.881784197001252e-16,0.0004490999854169786
8129,WMI,50,1500,500,140,2.7733498689460223e-15,1.1102230246251565e-15,0.013210700009949505
8130,DI,50,1500,500,141,2.657772103805195e-15,8.881784197001252e-16,0.0004284000024199486
8131,WMI,50,1500,500,141,2.7733498689460223e-15,1.1102230246251565e-15,0.013540799991460517
8132,DI,50,1500,500,142,2.657772103805195e-15,8.881784197001252e-16,0.0004310999938752502
8133,WMI,50,1500,500,142,2.7733498689460223e-15,1.1102230246251565e-15,0.013059200020506978
8134,DI,50,1500,500,143,2.657772103805195e-15,8.881784197001252e-16,0.0005413999897427857
8135,WMI,50,1500,500,143,2.7733498689460223e-15,1.1102230246251565e-15,0.01367379998555407
8136,DI,50,1500,500,144,2.657772103805195e-15,8.881784197001252e-16,0.0004504999960772693
8137,WMI,50,1500,500,144,2.7733498689460223e-15,1.1102230246251565e-15,0.014041299989912659
8138,DI,50,1500,500,145,2.657772103805195e-15,8.881784197001252e-16,0.0004285000031813979
8139,WMI,50,1500,500,145,2.7733498689460223e-15,1.1102230246251565e-15,0.013487400021404028
8140,DI,50,1500,500,146,2.657772103805195e-15,8.881784197001252e-16,0.0006201000069268048
8141,WMI,50,1500,500,146,2.7733498689460223e-15,1.1102230246251565e-15,0.013691800006199628
8142,DI,50,1500,500,147,2.657772103805195e-15,8.881784197001252e-16,0.0004793000116478652
8143,WMI,50,1500,500,147,2.7733498689460223e-15,1.1102230246251565e-15,0.013976200018078089
8144,DI,50,1500,500,148,2.657772103805195e-15,8.881784197001252e-16,0.0005652999971061945
8145,WMI,50,1500,500,148,2.7733498689460223e-15,1.1102230246251565e-15,0.013555700017604977
8146,DI,50,1500,500,149,2.657772103805195e-15,8.881784197001252e-16,0.00047400000039488077
8147,WMI,50,1500,500,149,2.7733498689460223e-15,1.1102230246251565e-15,0.014346899988595396
8148,DI,50,1500,500,150,2.657772103805195e-15,8.881784197001252e-16,0.0005721999914385378
8149,WMI,50,1500,500,150,2.7733498689460223e-15,1.1102230246251565e-15,0.014207500003976747
8150,DI,50,1500,500,151,2.657772103805195e-15,8.881784197001252e-16,0.0004302999877836555
8151,WMI,50,1500,500,151,2.7733498689460223e-15,1.1102230246251565e-15,0.014800700009800494
8152,DI,50,1500,500,152,2.657772103805195e-15,8.881784197001252e-16,0.0005599000141955912
8153,WMI,50,1500,500,152,2.7733498689460223e-15,1.1102230246251565e-15,0.013611999980639666
8154,DI,50,1500,500,153,2.657772103805195e-15,8.881784197001252e-16,0.00044869998237118125
8155,WMI,50,1500,500,153,2.7733498689460223e-15,1.1102230246251565e-15,0.013265400019008666
8156,DI,50,1500,500,154,2.657772103805195e-15,8.881784197001252e-16,0.0005509000038728118
8157,WMI,50,1500,500,154,2.7733498689460223e-15,1.1102230246251565e-15,0.013194300001487136
8158,DI,50,1500,500,155,2.657772103805195e-15,8.881784197001252e-16,0.00047649999032728374
8159,WMI,50,1500,500,155,2.7733498689460223e-15,1.1102230246251565e-15,0.013530399999581277
8160,DI,50,1500,500,156,2.657772103805195e-15,8.881784197001252e-16,0.0007287999906111509
8161,WMI,50,1500,500,156,2.7733498689460223e-15,1.1102230246251565e-15,0.013542900007450953
8162,DI,50,1500,500,157,2.657772103805195e-15,8.881784197001252e-16,0.0004317999992053956
8163,WMI,50,1500,500,157,2.7733498689460223e-15,1.1102230246251565e-15,0.013174699997762218
8164,DI,50,1500,500,158,2.657772103805195e-15,8.881784197001252e-16,0.00046660000225529075
8165,WMI,50,1500,500,158,2.7733498689460223e-15,1.1102230246251565e-15,0.014406900008907542
8166,DI,50,1500,500,159,2.657772103805195e-15,8.881784197001252e-16,0.00045789999421685934
8167,WMI,50,1500,500,159,2.7733498689460223e-15,1.1102230246251565e-15,0.013459200010402128
8168,DI,50,1500,500,160,2.657772103805195e-15,8.881784197001252e-16,0.00044299999717622995
8169,WMI,50,1500,500,160,2.7733498689460223e-15,1.1102230246251565e-15,0.013764900009846315
8170,DI,50,1500,500,161,2.657772103805195e-15,8.881784197001252e-16,0.00043799998820759356
8171,WMI,50,1500,500,161,2.7733498689460223e-15,1.1102230246251565e-15,0.013668400002643466
8172,DI,50,1500,500,162,2.657772103805195e-15,8.881784197001252e-16,0.0004700999998021871
8173,WMI,50,1500,500,162,2.7733498689460223e-15,1.1102230246251565e-15,0.013382699980866164
8174,DI,50,1500,500,163,2.657772103805195e-15,8.881784197001252e-16,0.0005534000229090452
8175,WMI,50,1500,500,163,2.7733498689460223e-15,1.1102230246251565e-15,0.013323499995749444
8176,DI,50,1500,500,164,2.657772103805195e-15,8.881784197001252e-16,0.00044299999717622995
8177,WMI,50,1500,500,164,2.7733498689460223e-15,1.1102230246251565e-15,0.014570700004696846
8178,DI,50,1500,500,165,2.657772103805195e-15,8.881784197001252e-16,0.0004597999795805663
8179,WMI,50,1500,500,165,2.7733498689460223e-15,1.1102230246251565e-15,0.013555100013036281
8180,DI,50,1500,500,166,2.657772103805195e-15,8.881784197001252e-16,0.00047840000479482114
8181,WMI,50,1500,500,166,2.7733498689460223e-15,1.1102230246251565e-15,0.013821000000461936
8182,DI,50,1500,500,167,2.657772103805195e-15,8.881784197001252e-16,0.0005731999990530312
8183,WMI,50,1500,500,167,2.7733498689460223e-15,1.1102230246251565e-15,0.01445460002287291
8184,DI,50,1500,500,168,2.657772103805195e-15,8.881784197001252e-16,0.0005535999953281134
8185,WMI,50,1500,500,168,2.7733498689460223e-15,1.1102230246251565e-15,0.013089599990053102
8186,DI,50,1500,500,169,2.657772103805195e-15,8.881784197001252e-16,0.00044380000326782465
8187,WMI,50,1500,500,169,2.7733498689460223e-15,1.1102230246251565e-15,0.01409310000599362
8188,DI,50,1500,500,170,2.657772103805195e-15,8.881784197001252e-16,0.0004319999716244638
8189,WMI,50,1500,500,170,2.7733498689460223e-15,1.1102230246251565e-15,0.013835799996741116
8190,DI,50,1500,500,171,2.657772103805195e-15,8.881784197001252e-16,0.0004928999987896532
8191,WMI,50,1500,500,171,2.7733498689460223e-15,1.1102230246251565e-15,0.013051800022367388
8192,DI,50,1500,500,172,2.657772103805195e-15,8.881784197001252e-16,0.000548899988643825
8193,WMI,50,1500,500,172,2.7733498689460223e-15,1.1102230246251565e-15,0.013788699987344444
8194,DI,50,1500,500,173,2.657772103805195e-15,8.881784197001252e-16,0.0004470999992918223
8195,WMI,50,1500,500,173,2.7733498689460223e-15,1.1102230246251565e-15,0.013285499997437
8196,DI,50,1500,500,174,2.657772103805195e-15,8.881784197001252e-16,0.000440800009528175
8197,WMI,50,1500,500,174,2.7733498689460223e-15,1.1102230246251565e-15,0.013234299985924736
8198,DI,50,1500,500,175,2.657772103805195e-15,8.881784197001252e-16,0.0004760999872814864
8199,WMI,50,1500,500,175,2.7733498689460223e-15,1.1102230246251565e-15,0.014187299995683134
8200,DI,50,1500,500,176,2.657772103805195e-15,8.881784197001252e-16,0.0004512000014074147
8201,WMI,50,1500,500,176,2.7733498689460223e-15,1.1102230246251565e-15,0.013739299989538267
8202,DI,50,1500,500,177,2.657772103805195e-15,8.881784197001252e-16,0.000451300002168864
8203,WMI,50,1500,500,177,2.7733498689460223e-15,1.1102230246251565e-15,0.013281599996844307
8204,DI,50,1500,500,178,2.657772103805195e-15,8.881784197001252e-16,0.0004170999745838344
8205,WMI,50,1500,500,178,2.7733498689460223e-15,1.1102230246251565e-15,0.014041699992958456
8206,DI,50,1500,500,179,2.657772103805195e-15,8.881784197001252e-16,0.0004707000043708831
8207,WMI,50,1500,500,179,2.7733498689460223e-15,1.1102230246251565e-15,0.014497099997242913
8208,DI,50,1500,500,180,2.657772103805195e-15,8.881784197001252e-16,0.0005610999942291528
8209,WMI,50,1500,500,180,2.7733498689460223e-15,1.1102230246251565e-15,0.014800899982219562
8210,DI,50,1500,500,181,2.657772103805195e-15,8.881784197001252e-16,0.0006428000051528215
8211,WMI,50,1500,500,181,2.7733498689460223e-15,1.1102230246251565e-15,0.014287400001194328
8212,DI,50,1500,500,182,2.657772103805195e-15,8.881784197001252e-16,0.0005551999784074724
8213,WMI,50,1500,500,182,2.7733498689460223e-15,1.1102230246251565e-15,0.013872899988200516
8214,DI,50,1500,500,183,2.657772103805195e-15,8.881784197001252e-16,0.0006198999763000757
8215,WMI,50,1500,500,183,2.7733498689460223e-15,1.1102230246251565e-15,0.014264299999922514
8216,DI,50,1500,500,184,2.657772103805195e-15,8.881784197001252e-16,0.0004151000175625086
8217,WMI,50,1500,500,184,2.7733498689460223e-15,1.1102230246251565e-15,0.013115699985064566
8218,DI,50,1500,500,185,2.657772103805195e-15,8.881784197001252e-16,0.00045429999590851367
8219,WMI,50,1500,500,185,2.7733498689460223e-15,1.1102230246251565e-15,0.013847199996234849
8220,DI,50,1500,500,186,2.657772103805195e-15,8.881784197001252e-16,0.0006929999799467623
8221,WMI,50,1500,500,186,2.7733498689460223e-15,1.1102230246251565e-15,0.014718399994308129
8222,DI,50,1500,500,187,2.657772103805195e-15,8.881784197001252e-16,0.0004721000150311738
8223,WMI,50,1500,500,187,2.7733498689460223e-15,1.1102230246251565e-15,0.014522300014505163
8224,DI,50,1500,500,188,2.657772103805195e-15,8.881784197001252e-16,0.0007108999998308718
8225,WMI,50,1500,500,188,2.7733498689460223e-15,1.1102230246251565e-15,0.013317600009031594
8226,DI,50,1500,500,189,2.657772103805195e-15,8.881784197001252e-16,0.00048099999548867345
8227,WMI,50,1500,500,189,2.7733498689460223e-15,1.1102230246251565e-15,0.014171999995596707
8228,DI,50,1500,500,190,2.657772103805195e-15,8.881784197001252e-16,0.0006525999924633652
8229,WMI,50,1500,500,190,2.7733498689460223e-15,1.1102230246251565e-15,0.013820599997416139
8230,DI,50,1500,500,191,2.657772103805195e-15,8.881784197001252e-16,0.0004867000097874552
8231,WMI,50,1500,500,191,2.7733498689460223e-15,1.1102230246251565e-15,0.013976599992020056
8232,DI,50,1500,500,192,2.657772103805195e-15,8.881784197001252e-16,0.000440500007243827
8233,WMI,50,1500,500,192,2.7733498689460223e-15,1.1102230246251565e-15,0.01334040000801906
8234,DI,50,1500,500,193,2.657772103805195e-15,8.881784197001252e-16,0.00047050000284798443
8235,WMI,50,1500,500,193,2.7733498689460223e-15,1.1102230246251565e-15,0.013496500003384426
8236,DI,50,1500,500,194,2.657772103805195e-15,8.881784197001252e-16,0.0005890000029467046
8237,WMI,50,1500,500,194,2.7733498689460223e-15,1.1102230246251565e-15,0.013855800003511831
8238,DI,50,1500,500,195,2.657772103805195e-15,8.881784197001252e-16,0.00044090001028962433
8239,WMI,50,1500,500,195,2.7733498689460223e-15,1.1102230246251565e-15,0.013355400005821139
8240,DI,50,1500,500,196,2.657772103805195e-15,8.881784197001252e-16,0.00042910000775009394
8241,WMI,50,1500,500,196,2.7733498689460223e-15,1.1102230246251565e-15,0.01355070000863634
8242,DI,50,1500,500,197,2.657772103805195e-15,8.881784197001252e-16,0.0005724999937228858
8243,WMI,50,1500,500,197,2.7733498689460223e-15,1.1102230246251565e-15,0.014578100002836436
8244,DI,50,1500,500,198,2.657772103805195e-15,8.881784197001252e-16,0.0005146999901626259
8245,WMI,50,1500,500,198,2.7733498689460223e-15,1.1102230246251565e-15,0.013931900000898167
8246,DI,50,1500,500,199,2.657772103805195e-15,8.881784197001252e-16,0.00046309997560456395
8247,WMI,50,1500,500,199,2.7733498689460223e-15,1.1102230246251565e-15,0.013565899978857487
8248,DI,50,1500,500,200,2.657772103805195e-15,8.881784197001252e-16,0.0004850999976042658
8249,WMI,50,1500,500,200,2.7733498689460223e-15,1.1102230246251565e-15,0.013498599990271032
8250,DI,50,1250,750,1,2.860002362200675e-15,8.881784197001252e-16,0.0007733000093139708
8251,WMI,50,1250,750,1,2.653523034331882e-15,1.1102230246251565e-15,0.035858699993696064
8252,ISM,50,1250,750,1,4.616919174791062,0.7488013963868814,0.013851099996827543
8253,DI,50,1250,750,2,2.860002362200675e-15,8.881784197001252e-16,0.0008171999943442643
8254,WMI,50,1250,750,2,2.653523034331882e-15,1.1102230246251565e-15,0.033906999975442886
8255,ISM,50,1250,750,2,4.616919174791062,0.7488013963868814,0.01274189999094233
8256,DI,50,1250,750,3,2.860002362200675e-15,8.881784197001252e-16,0.0007384000055026263
8257,WMI,50,1250,750,3,2.653523034331882e-15,1.1102230246251565e-15,0.032101000018883497
8258,ISM,50,1250,750,3,4.616919174791062,0.7488013963868814,0.01598359999479726
8259,DI,50,1250,750,4,2.860002362200675e-15,8.881784197001252e-16,0.0008339000050909817
8260,WMI,50,1250,750,4,2.653523034331882e-15,1.1102230246251565e-15,0.035396200022660196
8261,ISM,50,1250,750,4,4.616919174791062,0.7488013963868814,0.009209000010741875
8262,DI,50,1250,750,5,2.860002362200675e-15,8.881784197001252e-16,0.0005865999846719205
8263,WMI,50,1250,750,5,2.653523034331882e-15,1.1102230246251565e-15,0.029598499997518957
8264,ISM,50,1250,750,5,4.616919174791062,0.7488013963868814,0.00953720000688918
8265,DI,50,1250,750,6,2.860002362200675e-15,8.881784197001252e-16,0.0006108999950811267
8266,WMI,50,1250,750,6,2.653523034331882e-15,1.1102230246251565e-15,0.02941139999893494
8267,ISM,50,1250,750,6,4.616919174791062,0.7488013963868814,0.014711600000737235
8268,DI,50,1250,750,7,2.860002362200675e-15,8.881784197001252e-16,0.0007872999995015562
8269,WMI,50,1250,750,7,2.653523034331882e-15,1.1102230246251565e-15,0.031366400013212115
8270,ISM,50,1250,750,7,4.616919174791062,0.7488013963868814,0.00964830000884831
8271,DI,50,1250,750,8,2.860002362200675e-15,8.881784197001252e-16,0.0005972999788355082
8272,WMI,50,1250,750,8,2.653523034331882e-15,1.1102230246251565e-15,0.028407499979948625
8273,ISM,50,1250,750,8,4.616919174791062,0.7488013963868814,0.016072800004621968
8274,DI,50,1250,750,9,2.860002362200675e-15,8.881784197001252e-16,0.0008042000117711723
8275,WMI,50,1250,750,9,2.653523034331882e-15,1.1102230246251565e-15,0.033729500020854175
8276,ISM,50,1250,750,9,4.616919174791062,0.7488013963868814,0.017627699999138713
8277,DI,50,1250,750,10,2.860002362200675e-15,8.881784197001252e-16,0.000755299988668412
8278,WMI,50,1250,750,10,2.653523034331882e-15,1.1102230246251565e-15,0.0312098000140395
8279,ISM,50,1250,750,10,4.616919174791062,0.7488013963868814,0.008553599996957928
8280,DI,50,1250,750,11,2.860002362200675e-15,8.881784197001252e-16,0.0005803999956697226
8281,WMI,50,1250,750,11,2.653523034331882e-15,1.1102230246251565e-15,0.028788499999791384
8282,ISM,50,1250,750,11,4.616919174791062,0.7488013963868814,0.009192599973175675
8283,DI,50,1250,750,12,2.860002362200675e-15,8.881784197001252e-16,0.0005797999911010265
8284,WMI,50,1250,750,12,2.653523034331882e-15,1.1102230246251565e-15,0.02793859998928383
8285,ISM,50,1250,750,12,4.616919174791062,0.7488013963868814,0.009141999995335937
8286,DI,50,1250,750,13,2.860002362200675e-15,8.881784197001252e-16,0.0006238000059965998
8287,WMI,50,1250,750,13,2.653523034331882e-15,1.1102230246251565e-15,0.02998160000424832
8288,ISM,50,1250,750,13,4.616919174791062,0.7488013963868814,0.008318499982124195
8289,DI,50,1250,750,14,2.860002362200675e-15,8.881784197001252e-16,0.0004477999755181372
8290,WMI,50,1250,750,14,2.653523034331882e-15,1.1102230246251565e-15,0.03728590000537224
8291,ISM,50,1250,750,14,4.616919174791062,0.7488013963868814,0.01770949998172
8292,DI,50,1250,750,15,2.860002362200675e-15,8.881784197001252e-16,0.001107700023567304
8293,WMI,50,1250,750,15,2.653523034331882e-15,1.1102230246251565e-15,0.03454680001595989
8294,ISM,50,1250,750,15,4.616919174791062,0.7488013963868814,0.008272499981103465
8295,DI,50,1250,750,16,2.860002362200675e-15,8.881784197001252e-16,0.0005080999981146306
8296,WMI,50,1250,750,16,2.653523034331882e-15,1.1102230246251565e-15,0.02866029998403974
8297,ISM,50,1250,750,16,4.616919174791062,0.7488013963868814,0.012683900014963001
8298,DI,50,1250,750,17,2.860002362200675e-15,8.881784197001252e-16,0.0007946999976411462
8299,WMI,50,1250,750,17,2.653523034331882e-15,1.1102230246251565e-15,0.030226599978050217
8300,ISM,50,1250,750,17,4.616919174791062,0.7488013963868814,0.008501600008457899
8301,DI,50,1250,750,18,2.860002362200675e-15,8.881784197001252e-16,0.0006068999937269837
8302,WMI,50,1250,750,18,2.653523034331882e-15,1.1102230246251565e-15,0.032012100011343136
8303,ISM,50,1250,750,18,4.616919174791062,0.7488013963868814,0.021434900001622736
8304,DI,50,1250,750,19,2.860002362200675e-15,8.881784197001252e-16,0.00096160001703538
8305,WMI,50,1250,750,19,2.653523034331882e-15,1.1102230246251565e-15,0.036197799985529855
8306,ISM,50,1250,750,19,4.616919174791062,0.7488013963868814,0.017471600003773347
8307,DI,50,1250,750,20,2.860002362200675e-15,8.881784197001252e-16,0.0008514999935869128
8308,WMI,50,1250,750,20,2.653523034331882e-15,1.1102230246251565e-15,0.03597739999531768
8309,ISM,50,1250,750,20,4.616919174791062,0.7488013963868814,0.008177599986083806
8310,DI,50,1250,750,21,2.860002362200675e-15,8.881784197001252e-16,0.0005909999890718609
8311,WMI,50,1250,750,21,2.653523034331882e-15,1.1102230246251565e-15,0.030833099997835234
8312,ISM,50,1250,750,21,4.616919174791062,0.7488013963868814,0.008118700003251433
8313,DI,50,1250,750,22,2.860002362200675e-15,8.881784197001252e-16,0.0005913000204600394
8314,WMI,50,1250,750,22,2.653523034331882e-15,1.1102230246251565e-15,0.03123509997385554
8315,ISM,50,1250,750,22,4.616919174791062,0.7488013963868814,0.008976100012660027
8316,DI,50,1250,750,23,2.860002362200675e-15,8.881784197001252e-16,0.0006043000030331314
8317,WMI,50,1250,750,23,2.653523034331882e-15,1.1102230246251565e-15,0.03528849998838268
8318,ISM,50,1250,750,23,4.616919174791062,0.7488013963868814,0.008862099988618866
8319,DI,50,1250,750,24,2.860002362200675e-15,8.881784197001252e-16,0.0005772000004071742
8320,WMI,50,1250,750,24,2.653523034331882e-15,1.1102230246251565e-15,0.029995799995958805
8321,ISM,50,1250,750,24,4.616919174791062,0.7488013963868814,0.017867399990791455
8322,DI,50,1250,750,25,2.860002362200675e-15,8.881784197001252e-16,0.0009960999886970967
8323,WMI,50,1250,750,25,2.653523034331882e-15,1.1102230246251565e-15,0.03447589999996126
8324,ISM,50,1250,750,25,4.616919174791062,0.7488013963868814,0.00833860001876019
8325,DI,50,1250,750,26,2.860002362200675e-15,8.881784197001252e-16,0.000592199998209253
8326,WMI,50,1250,750,26,2.653523034331882e-15,1.1102230246251565e-15,0.03248269998584874
8327,ISM,50,1250,750,26,4.616919174791062,0.7488013963868814,0.009013599978061393
8328,DI,50,1250,750,27,2.860002362200675e-15,8.881784197001252e-16,0.0006355999794322997
8329,WMI,50,1250,750,27,2.653523034331882e-15,1.1102230246251565e-15,0.031320300011429936
8330,ISM,50,1250,750,27,4.616919174791062,0.7488013963868814,0.008345200010808185
8331,DI,50,1250,750,28,2.860002362200675e-15,8.881784197001252e-16,0.000621799990767613
8332,WMI,50,1250,750,28,2.653523034331882e-15,1.1102230246251565e-15,0.030255099991336465
8333,ISM,50,1250,750,28,4.616919174791062,0.7488013963868814,0.008407000015722588
8334,DI,50,1250,750,29,2.860002362200675e-15,8.881784197001252e-16,0.0006568000244442374
8335,WMI,50,1250,750,29,2.653523034331882e-15,1.1102230246251565e-15,0.03114050001022406
8336,ISM,50,1250,750,29,4.616919174791062,0.7488013963868814,0.014399500010767952
8337,DI,50,1250,750,30,2.860002362200675e-15,8.881784197001252e-16,0.0006593000143766403
8338,WMI,50,1250,750,30,2.653523034331882e-15,1.1102230246251565e-15,0.03158079998684116
8339,ISM,50,1250,750,30,4.616919174791062,0.7488013963868814,0.008715000003576279
8340,DI,50,1250,750,31,2.860002362200675e-15,8.881784197001252e-16,0.0005145999894011766
8341,WMI,50,1250,750,31,2.653523034331882e-15,1.1102230246251565e-15,0.030300000013085082
8342,ISM,50,1250,750,31,4.616919174791062,0.7488013963868814,0.008044100017286837
8343,DI,50,1250,750,32,2.860002362200675e-15,8.881784197001252e-16,0.0005539999983739108
8344,WMI,50,1250,750,32,2.653523034331882e-15,1.1102230246251565e-15,0.02885880001122132
8345,ISM,50,1250,750,32,4.616919174791062,0.7488013963868814,0.016405400005169213
8346,DI,50,1250,750,33,2.860002362200675e-15,8.881784197001252e-16,0.0007174000202212483
8347,WMI,50,1250,750,33,2.653523034331882e-15,1.1102230246251565e-15,0.03141840000171214
8348,ISM,50,1250,750,33,4.616919174791062,0.7488013963868814,0.008062000008067116
8349,DI,50,1250,750,34,2.860002362200675e-15,8.881784197001252e-16,0.0005463999987114221
8350,WMI,50,1250,750,34,2.653523034331882e-15,1.1102230246251565e-15,0.027976100012892857
8351,ISM,50,1250,750,34,4.616919174791062,0.7488013963868814,0.013060500001301989
8352,DI,50,1250,750,35,2.860002362200675e-15,8.881784197001252e-16,0.00066230000811629
8353,WMI,50,1250,750,35,2.653523034331882e-15,1.1102230246251565e-15,0.028223400004208088
8354,ISM,50,1250,750,35,4.616919174791062,0.7488013963868814,0.008103299973299727
8355,DI,50,1250,750,36,2.860002362200675e-15,8.881784197001252e-16,0.0005548000044655055
8356,WMI,50,1250,750,36,2.653523034331882e-15,1.1102230246251565e-15,0.027506700018420815
8357,ISM,50,1250,750,36,4.616919174791062,0.7488013963868814,0.01470629998948425
8358,DI,50,1250,750,37,2.860002362200675e-15,8.881784197001252e-16,0.0006763999990653247
8359,WMI,50,1250,750,37,2.653523034331882e-15,1.1102230246251565e-15,0.03146610001567751
8360,ISM,50,1250,750,37,4.616919174791062,0.7488013963868814,0.016958099993644282
8361,DI,50,1250,750,38,2.860002362200675e-15,8.881784197001252e-16,0.0008725999796297401
8362,WMI,50,1250,750,38,2.653523034331882e-15,1.1102230246251565e-15,0.03245270001934841
8363,ISM,50,1250,750,38,4.616919174791062,0.7488013963868814,0.008481299999402836
8364,DI,50,1250,750,39,2.860002362200675e-15,8.881784197001252e-16,0.0007146999996621162
8365,WMI,50,1250,750,39,2.653523034331882e-15,1.1102230246251565e-15,0.02746290000504814
8366,ISM,50,1250,750,39,4.616919174791062,0.7488013963868814,0.00836799998069182
8367,DI,50,1250,750,40,2.860002362200675e-15,8.881784197001252e-16,0.0005609999934677035
8368,WMI,50,1250,750,40,2.653523034331882e-15,1.1102230246251565e-15,0.026546300010522828
8369,ISM,50,1250,750,40,4.616919174791062,0.7488013963868814,0.008500600000843406
8370,DI,50,1250,750,41,2.860002362200675e-15,8.881784197001252e-16,0.0005082999996375293
8371,WMI,50,1250,750,41,2.653523034331882e-15,1.1102230246251565e-15,0.027214599977014586
8372,ISM,50,1250,750,41,4.616919174791062,0.7488013963868814,0.008308599994052202
8373,DI,50,1250,750,42,2.860002362200675e-15,8.881784197001252e-16,0.0005815999757032841
8374,WMI,50,1250,750,42,2.653523034331882e-15,1.1102230246251565e-15,0.030290199996670708
8375,ISM,50,1250,750,42,4.616919174791062,0.7488013963868814,0.00835630000801757
8376,DI,50,1250,750,43,2.860002362200675e-15,8.881784197001252e-16,0.0005539999983739108
8377,WMI,50,1250,750,43,2.653523034331882e-15,1.1102230246251565e-15,0.030408999999053776
8378,ISM,50,1250,750,43,4.616919174791062,0.7488013963868814,0.00867030001245439
8379,DI,50,1250,750,44,2.860002362200675e-15,8.881784197001252e-16,0.0005822999810334295
8380,WMI,50,1250,750,44,2.653523034331882e-15,1.1102230246251565e-15,0.030716100009158254
8381,ISM,50,1250,750,44,4.616919174791062,0.7488013963868814,0.008412900002440438
8382,DI,50,1250,750,45,2.860002362200675e-15,8.881784197001252e-16,0.0006272000027820468
8383,WMI,50,1250,750,45,2.653523034331882e-15,1.1102230246251565e-15,0.028650200023548678
8384,ISM,50,1250,750,45,4.616919174791062,0.7488013963868814,0.008372899988899007
8385,DI,50,1250,750,46,2.860002362200675e-15,8.881784197001252e-16,0.0006407999899238348
8386,WMI,50,1250,750,46,2.653523034331882e-15,1.1102230246251565e-15,0.02891490000183694
8387,ISM,50,1250,750,46,4.616919174791062,0.7488013963868814,0.008260899980086833
8388,DI,50,1250,750,47,2.860002362200675e-15,8.881784197001252e-16,0.0005880000244360417
8389,WMI,50,1250,750,47,2.653523034331882e-15,1.1102230246251565e-15,0.029066700022667646
8390,ISM,50,1250,750,47,4.616919174791062,0.7488013963868814,0.008340500004123896
8391,DI,50,1250,750,48,2.860002362200675e-15,8.881784197001252e-16,0.0006862000154796988
8392,WMI,50,1250,750,48,2.653523034331882e-15,1.1102230246251565e-15,0.028016199998091906
8393,ISM,50,1250,750,48,4.616919174791062,0.7488013963868814,0.00897249998524785
8394,DI,50,1250,750,49,2.860002362200675e-15,8.881784197001252e-16,0.0005077999958302826
8395,WMI,50,1250,750,49,2.653523034331882e-15,1.1102230246251565e-15,0.02926320000551641
8396,ISM,50,1250,750,49,4.616919174791062,0.7488013963868814,0.008333500009030104
8397,DI,50,1250,750,50,2.860002362200675e-15,8.881784197001252e-16,0.0005489000177476555
8398,WMI,50,1250,750,50,2.653523034331882e-15,1.1102230246251565e-15,0.02950179998879321
8399,ISM,50,1250,750,50,4.616919174791062,0.7488013963868814,0.00895920000039041
8400,DI,50,1250,750,51,2.860002362200675e-15,8.881784197001252e-16,0.0007199999818112701
8401,WMI,50,1250,750,51,2.653523034331882e-15,1.1102230246251565e-15,0.030043000006116927
8402,DI,50,1250,750,52,2.860002362200675e-15,8.881784197001252e-16,0.0005037999944761395
8403,WMI,50,1250,750,52,2.653523034331882e-15,1.1102230246251565e-15,0.028712400002405047
8404,DI,50,1250,750,53,2.860002362200675e-15,8.881784197001252e-16,0.0005430000019259751
8405,WMI,50,1250,750,53,2.653523034331882e-15,1.1102230246251565e-15,0.027133399999001995
8406,DI,50,1250,750,54,2.860002362200675e-15,8.881784197001252e-16,0.000512500002514571
8407,WMI,50,1250,750,54,2.653523034331882e-15,1.1102230246251565e-15,0.02732980001019314
8408,DI,50,1250,750,55,2.860002362200675e-15,8.881784197001252e-16,0.0004811999970115721
8409,WMI,50,1250,750,55,2.653523034331882e-15,1.1102230246251565e-15,0.027282700000796467
8410,DI,50,1250,750,56,2.860002362200675e-15,8.881784197001252e-16,0.0005422999965958297
8411,WMI,50,1250,750,56,2.653523034331882e-15,1.1102230246251565e-15,0.02668939999421127
8412,DI,50,1250,750,57,2.860002362200675e-15,8.881784197001252e-16,0.0005029999883845448
8413,WMI,50,1250,750,57,2.653523034331882e-15,1.1102230246251565e-15,0.02754159999312833
8414,DI,50,1250,750,58,2.860002362200675e-15,8.881784197001252e-16,0.0005493999924510717
8415,WMI,50,1250,750,58,2.653523034331882e-15,1.1102230246251565e-15,0.02893109997967258
8416,DI,50,1250,750,59,2.860002362200675e-15,8.881784197001252e-16,0.0005078999965917319
8417,WMI,50,1250,750,59,2.653523034331882e-15,1.1102230246251565e-15,0.02922029999899678
8418,DI,50,1250,750,60,2.860002362200675e-15,8.881784197001252e-16,0.0006262999959290028
8419,WMI,50,1250,750,60,2.653523034331882e-15,1.1102230246251565e-15,0.028623499994864687
8420,DI,50,1250,750,61,2.860002362200675e-15,8.881784197001252e-16,0.00074230000609532
8421,WMI,50,1250,750,61,2.653523034331882e-15,1.1102230246251565e-15,0.028768599993782118
8422,DI,50,1250,750,62,2.860002362200675e-15,8.881784197001252e-16,0.0007451999990735203
8423,WMI,50,1250,750,62,2.653523034331882e-15,1.1102230246251565e-15,0.028580500016687438
8424,DI,50,1250,750,63,2.860002362200675e-15,8.881784197001252e-16,0.0005078999965917319
8425,WMI,50,1250,750,63,2.653523034331882e-15,1.1102230246251565e-15,0.027456500014523044
8426,DI,50,1250,750,64,2.860002362200675e-15,8.881784197001252e-16,0.0005095000087749213
8427,WMI,50,1250,750,64,2.653523034331882e-15,1.1102230246251565e-15,0.028407100006006658
8428,DI,50,1250,750,65,2.860002362200675e-15,8.881784197001252e-16,0.0006585000082850456
8429,WMI,50,1250,750,65,2.653523034331882e-15,1.1102230246251565e-15,0.029714600008446723
8430,DI,50,1250,750,66,2.860002362200675e-15,8.881784197001252e-16,0.0006582999776583165
8431,WMI,50,1250,750,66,2.653523034331882e-15,1.1102230246251565e-15,0.028974799992283806
8432,DI,50,1250,750,67,2.860002362200675e-15,8.881784197001252e-16,0.0005322000070009381
8433,WMI,50,1250,750,67,2.653523034331882e-15,1.1102230246251565e-15,0.029166199994506314
8434,DI,50,1250,750,68,2.860002362200675e-15,8.881784197001252e-16,0.0005528000183403492
8435,WMI,50,1250,750,68,2.653523034331882e-15,1.1102230246251565e-15,0.02751179999904707
8436,DI,50,1250,750,69,2.860002362200675e-15,8.881784197001252e-16,0.000521100009791553
8437,WMI,50,1250,750,69,2.653523034331882e-15,1.1102230246251565e-15,0.026807400019606575
8438,DI,50,1250,750,70,2.860002362200675e-15,8.881784197001252e-16,0.0004975999763701111
8439,WMI,50,1250,750,70,2.653523034331882e-15,1.1102230246251565e-15,0.026651699998183176
8440,DI,50,1250,750,71,2.860002362200675e-15,8.881784197001252e-16,0.0005138000124134123
8441,WMI,50,1250,750,71,2.653523034331882e-15,1.1102230246251565e-15,0.028976300003705546
8442,DI,50,1250,750,72,2.860002362200675e-15,8.881784197001252e-16,0.0006864999886602163
8443,WMI,50,1250,750,72,2.653523034331882e-15,1.1102230246251565e-15,0.02880110000842251
8444,DI,50,1250,750,73,2.860002362200675e-15,8.881784197001252e-16,0.0005049000028520823
8445,WMI,50,1250,750,73,2.653523034331882e-15,1.1102230246251565e-15,0.028945500002009794
8446,DI,50,1250,750,74,2.860002362200675e-15,8.881784197001252e-16,0.000522699992870912
8447,WMI,50,1250,750,74,2.653523034331882e-15,1.1102230246251565e-15,0.03037749999202788
8448,DI,50,1250,750,75,2.860002362200675e-15,8.881784197001252e-16,0.00048379998770542443
8449,WMI,50,1250,750,75,2.653523034331882e-15,1.1102230246251565e-15,0.027874399995198473
8450,DI,50,1250,750,76,2.860002362200675e-15,8.881784197001252e-16,0.0005784999812021852
8451,WMI,50,1250,750,76,2.653523034331882e-15,1.1102230246251565e-15,0.02842749998671934
8452,DI,50,1250,750,77,2.860002362200675e-15,8.881784197001252e-16,0.0005469000025186688
8453,WMI,50,1250,750,77,2.653523034331882e-15,1.1102230246251565e-15,0.02738020001561381
8454,DI,50,1250,750,78,2.860002362200675e-15,8.881784197001252e-16,0.000572100019780919
8455,WMI,50,1250,750,78,2.653523034331882e-15,1.1102230246251565e-15,0.02907210000557825
8456,DI,50,1250,750,79,2.860002362200675e-15,8.881784197001252e-16,0.0005643999902531505
8457,WMI,50,1250,750,79,2.653523034331882e-15,1.1102230246251565e-15,0.028307200002018362
8458,DI,50,1250,750,80,2.860002362200675e-15,8.881784197001252e-16,0.0004875000158790499
8459,WMI,50,1250,750,80,2.653523034331882e-15,1.1102230246251565e-15,0.02779950000694953
8460,DI,50,1250,750,81,2.860002362200675e-15,8.881784197001252e-16,0.0004957000201102346
8461,WMI,50,1250,750,81,2.653523034331882e-15,1.1102230246251565e-15,0.027518700022483245
8462,DI,50,1250,750,82,2.860002362200675e-15,8.881784197001252e-16,0.0005112999933771789
8463,WMI,50,1250,750,82,2.653523034331882e-15,1.1102230246251565e-15,0.027856200002133846
8464,DI,50,1250,750,83,2.860002362200675e-15,8.881784197001252e-16,0.0007322999881580472
8465,WMI,50,1250,750,83,2.653523034331882e-15,1.1102230246251565e-15,0.02858760001254268
8466,DI,50,1250,750,84,2.860002362200675e-15,8.881784197001252e-16,0.0004964999970979989
8467,WMI,50,1250,750,84,2.653523034331882e-15,1.1102230246251565e-15,0.027157400007126853
8468,DI,50,1250,750,85,2.860002362200675e-15,8.881784197001252e-16,0.0005243000050541013
8469,WMI,50,1250,750,85,2.653523034331882e-15,1.1102230246251565e-15,0.028253199998289347
8470,DI,50,1250,750,86,2.860002362200675e-15,8.881784197001252e-16,0.0004868999822065234
8471,WMI,50,1250,750,86,2.653523034331882e-15,1.1102230246251565e-15,0.028095400019083172
8472,DI,50,1250,750,87,2.860002362200675e-15,8.881784197001252e-16,0.0005734000005759299
8473,WMI,50,1250,750,87,2.653523034331882e-15,1.1102230246251565e-15,0.02828840000438504
8474,DI,50,1250,750,88,2.860002362200675e-15,8.881784197001252e-16,0.0006295999919530004
8475,WMI,50,1250,750,88,2.653523034331882e-15,1.1102230246251565e-15,0.026811700023245066
8476,DI,50,1250,750,89,2.860002362200675e-15,8.881784197001252e-16,0.000523299997439608
8477,WMI,50,1250,750,89,2.653523034331882e-15,1.1102230246251565e-15,0.028305699990596622
8478,DI,50,1250,750,90,2.860002362200675e-15,8.881784197001252e-16,0.0004856000014115125
8479,WMI,50,1250,750,90,2.653523034331882e-15,1.1102230246251565e-15,0.02710750000551343
8480,DI,50,1250,750,91,2.860002362200675e-15,8.881784197001252e-16,0.0005244999774731696
8481,WMI,50,1250,750,91,2.653523034331882e-15,1.1102230246251565e-15,0.027781999990111217
8482,DI,50,1250,750,92,2.860002362200675e-15,8.881784197001252e-16,0.0005001999961677939
8483,WMI,50,1250,750,92,2.653523034331882e-15,1.1102230246251565e-15,0.02747810000437312
8484,DI,50,1250,750,93,2.860002362200675e-15,8.881784197001252e-16,0.0006320999818854034
8485,WMI,50,1250,750,93,2.653523034331882e-15,1.1102230246251565e-15,0.028656100010266528
8486,DI,50,1250,750,94,2.860002362200675e-15,8.881784197001252e-16,0.000527299998793751
8487,WMI,50,1250,750,94,2.653523034331882e-15,1.1102230246251565e-15,0.029269699996802956
8488,DI,50,1250,750,95,2.860002362200675e-15,8.881784197001252e-16,0.0005410000158008188
8489,WMI,50,1250,750,95,2.653523034331882e-15,1.1102230246251565e-15,0.028961199976038188
8490,DI,50,1250,750,96,2.860002362200675e-15,8.881784197001252e-16,0.0005247000080998987
8491,WMI,50,1250,750,96,2.653523034331882e-15,1.1102230246251565e-15,0.02947929999209009
8492,DI,50,1250,750,97,2.860002362200675e-15,8.881784197001252e-16,0.000515899999300018
8493,WMI,50,1250,750,97,2.653523034331882e-15,1.1102230246251565e-15,0.030265300010796636
8494,DI,50,1250,750,98,2.860002362200675e-15,8.881784197001252e-16,0.0007079000060912222
8495,WMI,50,1250,750,98,2.653523034331882e-15,1.1102230246251565e-15,0.0304558000061661
8496,DI,50,1250,750,99,2.860002362200675e-15,8.881784197001252e-16,0.0007110000005923212
8497,WMI,50,1250,750,99,2.653523034331882e-15,1.1102230246251565e-15,0.029446500004269183
8498,DI,50,1250,750,100,2.860002362200675e-15,8.881784197001252e-16,0.0006830999918747693
8499,WMI,50,1250,750,100,2.653523034331882e-15,1.1102230246251565e-15,0.029275599983520806
8500,DI,50,1250,750,101,2.860002362200675e-15,8.881784197001252e-16,0.000529799988726154
8501,WMI,50,1250,750,101,2.653523034331882e-15,1.1102230246251565e-15,0.027665600006002933
8502,DI,50,1250,750,102,2.860002362200675e-15,8.881784197001252e-16,0.0004948999849148095
8503,WMI,50,1250,750,102,2.653523034331882e-15,1.1102230246251565e-15,0.027283200004603714
8504,DI,50,1250,750,103,2.860002362200675e-15,8.881784197001252e-16,0.000523599999723956
8505,WMI,50,1250,750,103,2.653523034331882e-15,1.1102230246251565e-15,0.026739700027974322
8506,DI,50,1250,750,104,2.860002362200675e-15,8.881784197001252e-16,0.0005628000071737915
8507,WMI,50,1250,750,104,2.653523034331882e-15,1.1102230246251565e-15,0.027218900009756908
8508,DI,50,1250,750,105,2.860002362200675e-15,8.881784197001252e-16,0.0005344000237528235
8509,WMI,50,1250,750,105,2.653523034331882e-15,1.1102230246251565e-15,0.028911500005051494
8510,DI,50,1250,750,106,2.860002362200675e-15,8.881784197001252e-16,0.0005308000254444778
8511,WMI,50,1250,750,106,2.653523034331882e-15,1.1102230246251565e-15,0.02949119999539107
8512,DI,50,1250,750,107,2.860002362200675e-15,8.881784197001252e-16,0.0005401000089477748
8513,WMI,50,1250,750,107,2.653523034331882e-15,1.1102230246251565e-15,0.030503800022415817
8514,DI,50,1250,750,108,2.860002362200675e-15,8.881784197001252e-16,0.0005528999899979681
8515,WMI,50,1250,750,108,2.653523034331882e-15,1.1102230246251565e-15,0.028510200005257502
8516,DI,50,1250,750,109,2.860002362200675e-15,8.881784197001252e-16,0.0005773000011686236
8517,WMI,50,1250,750,109,2.653523034331882e-15,1.1102230246251565e-15,0.029905399976996705
8518,DI,50,1250,750,110,2.860002362200675e-15,8.881784197001252e-16,0.0005774000019300729
8519,WMI,50,1250,750,110,2.653523034331882e-15,1.1102230246251565e-15,0.02791189998970367
8520,DI,50,1250,750,111,2.860002362200675e-15,8.881784197001252e-16,0.0005994999955873936
8521,WMI,50,1250,750,111,2.653523034331882e-15,1.1102230246251565e-15,0.028314299997873604
8522,DI,50,1250,750,112,2.860002362200675e-15,8.881784197001252e-16,0.0005873000191058964
8523,WMI,50,1250,750,112,2.653523034331882e-15,1.1102230246251565e-15,0.02913599999737926
8524,DI,50,1250,750,113,2.860002362200675e-15,8.881784197001252e-16,0.0005603999888990074
8525,WMI,50,1250,750,113,2.653523034331882e-15,1.1102230246251565e-15,0.029123299987986684
8526,DI,50,1250,750,114,2.860002362200675e-15,8.881784197001252e-16,0.0005071999912615865
8527,WMI,50,1250,750,114,2.653523034331882e-15,1.1102230246251565e-15,0.02848399998038076
8528,DI,50,1250,750,115,2.860002362200675e-15,8.881784197001252e-16,0.0005532999930437654
8529,WMI,50,1250,750,115,2.653523034331882e-15,1.1102230246251565e-15,0.02966339999693446
8530,DI,50,1250,750,116,2.860002362200675e-15,8.881784197001252e-16,0.0005705000075977296
8531,WMI,50,1250,750,116,2.653523034331882e-15,1.1102230246251565e-15,0.03071200000704266
8532,DI,50,1250,750,117,2.860002362200675e-15,8.881784197001252e-16,0.0007828999951016158
8533,WMI,50,1250,750,117,2.653523034331882e-15,1.1102230246251565e-15,0.030551300005754456
8534,DI,50,1250,750,118,2.860002362200675e-15,8.881784197001252e-16,0.0005689999961759895
8535,WMI,50,1250,750,118,2.653523034331882e-15,1.1102230246251565e-15,0.027596900006756186
8536,DI,50,1250,750,119,2.860002362200675e-15,8.881784197001252e-16,0.0006224999960977584
8537,WMI,50,1250,750,119,2.653523034331882e-15,1.1102230246251565e-15,0.028992400009883568
8538,DI,50,1250,750,120,2.860002362200675e-15,8.881784197001252e-16,0.0006250999867916107
8539,WMI,50,1250,750,120,2.653523034331882e-15,1.1102230246251565e-15,0.029237299982924014
8540,DI,50,1250,750,121,2.860002362200675e-15,8.881784197001252e-16,0.0005345999961718917
8541,WMI,50,1250,750,121,2.653523034331882e-15,1.1102230246251565e-15,0.029767300002276897
8542,DI,50,1250,750,122,2.860002362200675e-15,8.881784197001252e-16,0.000618399993982166
8543,WMI,50,1250,750,122,2.653523034331882e-15,1.1102230246251565e-15,0.029291699989698827
8544,DI,50,1250,750,123,2.860002362200675e-15,8.881784197001252e-16,0.0005545000021811575
8545,WMI,50,1250,750,123,2.653523034331882e-15,1.1102230246251565e-15,0.028752999991411343
8546,DI,50,1250,750,124,2.860002362200675e-15,8.881784197001252e-16,0.000538099993718788
8547,WMI,50,1250,750,124,2.653523034331882e-15,1.1102230246251565e-15,0.029665000009117648
8548,DI,50,1250,750,125,2.860002362200675e-15,8.881784197001252e-16,0.0007461000059265643
8549,WMI,50,1250,750,125,2.653523034331882e-15,1.1102230246251565e-15,0.03108720001182519
8550,DI,50,1250,750,126,2.860002362200675e-15,8.881784197001252e-16,0.0005461999971885234
8551,WMI,50,1250,750,126,2.653523034331882e-15,1.1102230246251565e-15,0.030450299993390217
8552,DI,50,1250,750,127,2.860002362200675e-15,8.881784197001252e-16,0.0005784000095445663
8553,WMI,50,1250,750,127,2.653523034331882e-15,1.1102230246251565e-15,0.032612299983156845
8554,DI,50,1250,750,128,2.860002362200675e-15,8.881784197001252e-16,0.0008113000076264143
8555,WMI,50,1250,750,128,2.653523034331882e-15,1.1102230246251565e-15,0.03130309999687597
8556,DI,50,1250,750,129,2.860002362200675e-15,8.881784197001252e-16,0.0005948999896645546
8557,WMI,50,1250,750,129,2.653523034331882e-15,1.1102230246251565e-15,0.029885099997045472
8558,DI,50,1250,750,130,2.860002362200675e-15,8.881784197001252e-16,0.0005550000059884042
8559,WMI,50,1250,750,130,2.653523034331882e-15,1.1102230246251565e-15,0.030823900015093386
8560,DI,50,1250,750,131,2.860002362200675e-15,8.881784197001252e-16,0.0006742000114172697
8561,WMI,50,1250,750,131,2.653523034331882e-15,1.1102230246251565e-15,0.029661000007763505
8562,DI,50,1250,750,132,2.860002362200675e-15,8.881784197001252e-16,0.0007539000071119517
8563,WMI,50,1250,750,132,2.653523034331882e-15,1.1102230246251565e-15,0.029442900005960837
8564,DI,50,1250,750,133,2.860002362200675e-15,8.881784197001252e-16,0.000520500005222857
8565,WMI,50,1250,750,133,2.653523034331882e-15,1.1102230246251565e-15,0.02902009998797439
8566,DI,50,1250,750,134,2.860002362200675e-15,8.881784197001252e-16,0.0006052000098861754
8567,WMI,50,1250,750,134,2.653523034331882e-15,1.1102230246251565e-15,0.030185099982190877
8568,DI,50,1250,750,135,2.860002362200675e-15,8.881784197001252e-16,0.0005493999924510717
8569,WMI,50,1250,750,135,2.653523034331882e-15,1.1102230246251565e-15,0.02857249998487532
8570,DI,50,1250,750,136,2.860002362200675e-15,8.881784197001252e-16,0.0006128000095486641
8571,WMI,50,1250,750,136,2.653523034331882e-15,1.1102230246251565e-15,0.028128900012234226
8572,DI,50,1250,750,137,2.860002362200675e-15,8.881784197001252e-16,0.000551999983144924
8573,WMI,50,1250,750,137,2.653523034331882e-15,1.1102230246251565e-15,0.0290439999953378
8574,DI,50,1250,750,138,2.860002362200675e-15,8.881784197001252e-16,0.0005437999789137393
8575,WMI,50,1250,750,138,2.653523034331882e-15,1.1102230246251565e-15,0.027785599988419563
8576,DI,50,1250,750,139,2.860002362200675e-15,8.881784197001252e-16,0.0005636000132653862
8577,WMI,50,1250,750,139,2.653523034331882e-15,1.1102230246251565e-15,0.030145400000037625
8578,DI,50,1250,750,140,2.860002362200675e-15,8.881784197001252e-16,0.0006868999917060137
8579,WMI,50,1250,750,140,2.653523034331882e-15,1.1102230246251565e-15,0.028618099982850254
8580,DI,50,1250,750,141,2.860002362200675e-15,8.881784197001252e-16,0.0005639000155497342
8581,WMI,50,1250,750,141,2.653523034331882e-15,1.1102230246251565e-15,0.028720399976009503
8582,DI,50,1250,750,142,2.860002362200675e-15,8.881784197001252e-16,0.0005044999998062849
8583,WMI,50,1250,750,142,2.653523034331882e-15,1.1102230246251565e-15,0.02899779999279417
8584,DI,50,1250,750,143,2.860002362200675e-15,8.881784197001252e-16,0.0005630000086966902
8585,WMI,50,1250,750,143,2.653523034331882e-15,1.1102230246251565e-15,0.03103060001740232
8586,DI,50,1250,750,144,2.860002362200675e-15,8.881784197001252e-16,0.0005141999863553792
8587,WMI,50,1250,750,144,2.653523034331882e-15,1.1102230246251565e-15,0.029567699995823205
8588,DI,50,1250,750,145,2.860002362200675e-15,8.881784197001252e-16,0.0005920999974478036
8589,WMI,50,1250,750,145,2.653523034331882e-15,1.1102230246251565e-15,0.029376299993600696
8590,DI,50,1250,750,146,2.860002362200675e-15,8.881784197001252e-16,0.0007271999784279615
8591,WMI,50,1250,750,146,2.653523034331882e-15,1.1102230246251565e-15,0.030322000005980954
8592,DI,50,1250,750,147,2.860002362200675e-15,8.881784197001252e-16,0.000535300001502037
8593,WMI,50,1250,750,147,2.653523034331882e-15,1.1102230246251565e-15,0.030230400006985292
8594,DI,50,1250,750,148,2.860002362200675e-15,8.881784197001252e-16,0.0005866999854333699
8595,WMI,50,1250,750,148,2.653523034331882e-15,1.1102230246251565e-15,0.031207399995764717
8596,DI,50,1250,750,149,2.860002362200675e-15,8.881784197001252e-16,0.0005713999853469431
8597,WMI,50,1250,750,149,2.653523034331882e-15,1.1102230246251565e-15,0.02900550002232194
8598,DI,50,1250,750,150,2.860002362200675e-15,8.881784197001252e-16,0.0006255000189412385
8599,WMI,50,1250,750,150,2.653523034331882e-15,1.1102230246251565e-15,0.029523300006985664
8600,DI,50,1250,750,151,2.860002362200675e-15,8.881784197001252e-16,0.0006034999969415367
8601,WMI,50,1250,750,151,2.653523034331882e-15,1.1102230246251565e-15,0.029441299993777648
8602,DI,50,1250,750,152,2.860002362200675e-15,8.881784197001252e-16,0.0006023000169079751
8603,WMI,50,1250,750,152,2.653523034331882e-15,1.1102230246251565e-15,0.030007399996975437
8604,DI,50,1250,750,153,2.860002362200675e-15,8.881784197001252e-16,0.0005109999910928309
8605,WMI,50,1250,750,153,2.653523034331882e-15,1.1102230246251565e-15,0.03051670000422746
8606,DI,50,1250,750,154,2.860002362200675e-15,8.881784197001252e-16,0.0005499999970197678
8607,WMI,50,1250,750,154,2.653523034331882e-15,1.1102230246251565e-15,0.031234699999913573
8608,DI,50,1250,750,155,2.860002362200675e-15,8.881784197001252e-16,0.0005398000066634268
8609,WMI,50,1250,750,155,2.653523034331882e-15,1.1102230246251565e-15,0.030712699983268976
8610,DI,50,1250,750,156,2.860002362200675e-15,8.881784197001252e-16,0.0005764999950770289
8611,WMI,50,1250,750,156,2.653523034331882e-15,1.1102230246251565e-15,0.030770799989113584
8612,DI,50,1250,750,157,2.860002362200675e-15,8.881784197001252e-16,0.0007305000035557896
8613,WMI,50,1250,750,157,2.653523034331882e-15,1.1102230246251565e-15,0.03190349999931641
8614,DI,50,1250,750,158,2.860002362200675e-15,8.881784197001252e-16,0.0006135999865364283
8615,WMI,50,1250,750,158,2.653523034331882e-15,1.1102230246251565e-15,0.029335200000787154
8616,DI,50,1250,750,159,2.860002362200675e-15,8.881784197001252e-16,0.0005534999945666641
8617,WMI,50,1250,750,159,2.653523034331882e-15,1.1102230246251565e-15,0.030973699991591275
8618,DI,50,1250,750,160,2.860002362200675e-15,8.881784197001252e-16,0.0005839999939780682
8619,WMI,50,1250,750,160,2.653523034331882e-15,1.1102230246251565e-15,0.029436000011628494
8620,DI,50,1250,750,161,2.860002362200675e-15,8.881784197001252e-16,0.00053039999329485
8621,WMI,50,1250,750,161,2.653523034331882e-15,1.1102230246251565e-15,0.03103810001630336
8622,DI,50,1250,750,162,2.860002362200675e-15,8.881784197001252e-16,0.0007324999896809459
8623,WMI,50,1250,750,162,2.653523034331882e-15,1.1102230246251565e-15,0.029672800010303035
8624,DI,50,1250,750,163,2.860002362200675e-15,8.881784197001252e-16,0.0007372000254690647
8625,WMI,50,1250,750,163,2.653523034331882e-15,1.1102230246251565e-15,0.030567899986635894
8626,DI,50,1250,750,164,2.860002362200675e-15,8.881784197001252e-16,0.000572700024349615
8627,WMI,50,1250,750,164,2.653523034331882e-15,1.1102230246251565e-15,0.029428100009681657
8628,DI,50,1250,750,165,2.860002362200675e-15,8.881784197001252e-16,0.0005601999873761088
8629,WMI,50,1250,750,165,2.653523034331882e-15,1.1102230246251565e-15,0.02984980001929216
8630,DI,50,1250,750,166,2.860002362200675e-15,8.881784197001252e-16,0.000748499995097518
8631,WMI,50,1250,750,166,2.653523034331882e-15,1.1102230246251565e-15,0.02964670001529157
8632,DI,50,1250,750,167,2.860002362200675e-15,8.881784197001252e-16,0.0005539999983739108
8633,WMI,50,1250,750,167,2.653523034331882e-15,1.1102230246251565e-15,0.029662600019946694
8634,DI,50,1250,750,168,2.860002362200675e-15,8.881784197001252e-16,0.0005825999833177775
8635,WMI,50,1250,750,168,2.653523034331882e-15,1.1102230246251565e-15,0.029976199992233887
8636,DI,50,1250,750,169,2.860002362200675e-15,8.881784197001252e-16,0.000544299982720986
8637,WMI,50,1250,750,169,2.653523034331882e-15,1.1102230246251565e-15,0.02915640000719577
8638,DI,50,1250,750,170,2.860002362200675e-15,8.881784197001252e-16,0.0005852000031154603
8639,WMI,50,1250,750,170,2.653523034331882e-15,1.1102230246251565e-15,0.030902700003935024
8640,DI,50,1250,750,171,2.860002362200675e-15,8.881784197001252e-16,0.0005487999878823757
8641,WMI,50,1250,750,171,2.653523034331882e-15,1.1102230246251565e-15,0.02970039998763241
8642,DI,50,1250,750,172,2.860002362200675e-15,8.881784197001252e-16,0.0006379999977070838
8643,WMI,50,1250,750,172,2.653523034331882e-15,1.1102230246251565e-15,0.031319000001531094
8644,DI,50,1250,750,173,2.860002362200675e-15,8.881784197001252e-16,0.0005769999988842756
8645,WMI,50,1250,750,173,2.653523034331882e-15,1.1102230246251565e-15,0.02932410000357777
8646,DI,50,1250,750,174,2.860002362200675e-15,8.881784197001252e-16,0.0005341999931260943
8647,WMI,50,1250,750,174,2.653523034331882e-15,1.1102230246251565e-15,0.02922019999823533
8648,DI,50,1250,750,175,2.860002362200675e-15,8.881784197001252e-16,0.0005526999884750694
8649,WMI,50,1250,750,175,2.653523034331882e-15,1.1102230246251565e-15,0.029831099993316457
8650,DI,50,1250,750,176,2.860002362200675e-15,8.881784197001252e-16,0.0006773000059183687
8651,WMI,50,1250,750,176,2.653523034331882e-15,1.1102230246251565e-15,0.031166600005235523
8652,DI,50,1250,750,177,2.860002362200675e-15,8.881784197001252e-16,0.0006723999977111816
8653,WMI,50,1250,750,177,2.653523034331882e-15,1.1102230246251565e-15,0.030832799995550886
8654,DI,50,1250,750,178,2.860002362200675e-15,8.881784197001252e-16,0.0007235000084619969
8655,WMI,50,1250,750,178,2.653523034331882e-15,1.1102230246251565e-15,0.029271600011270493
8656,DI,50,1250,750,179,2.860002362200675e-15,8.881784197001252e-16,0.0006388000037986785
8657,WMI,50,1250,750,179,2.653523034331882e-15,1.1102230246251565e-15,0.030405000026803464
8658,DI,50,1250,750,180,2.860002362200675e-15,8.881784197001252e-16,0.0006160000048112124
8659,WMI,50,1250,750,180,2.653523034331882e-15,1.1102230246251565e-15,0.03175480000209063
8660,DI,50,1250,750,181,2.860002362200675e-15,8.881784197001252e-16,0.0006361000123433769
8661,WMI,50,1250,750,181,2.653523034331882e-15,1.1102230246251565e-15,0.030567300011171028
8662,DI,50,1250,750,182,2.860002362200675e-15,8.881784197001252e-16,0.0005784000095445663
8663,WMI,50,1250,750,182,2.653523034331882e-15,1.1102230246251565e-15,0.029927800002042204
8664,DI,50,1250,750,183,2.860002362200675e-15,8.881784197001252e-16,0.0005929000035393983
8665,WMI,50,1250,750,183,2.653523034331882e-15,1.1102230246251565e-15,0.030562899977667257
8666,DI,50,1250,750,184,2.860002362200675e-15,8.881784197001252e-16,0.000543399975867942
8667,WMI,50,1250,750,184,2.653523034331882e-15,1.1102230246251565e-15,0.029413200012641028
8668,DI,50,1250,750,185,2.860002362200675e-15,8.881784197001252e-16,0.0005694999999832362
8669,WMI,50,1250,750,185,2.653523034331882e-15,1.1102230246251565e-15,0.0297048999927938
8670,DI,50,1250,750,186,2.860002362200675e-15,8.881784197001252e-16,0.00051710000843741
8671,WMI,50,1250,750,186,2.653523034331882e-15,1.1102230246251565e-15,0.028925999999046326
8672,DI,50,1250,750,187,2.860002362200675e-15,8.881784197001252e-16,0.000523900002008304
8673,WMI,50,1250,750,187,2.653523034331882e-15,1.1102230246251565e-15,0.02923039998859167
8674,DI,50,1250,750,188,2.860002362200675e-15,8.881784197001252e-16,0.0005559000128414482
8675,WMI,50,1250,750,188,2.653523034331882e-15,1.1102230246251565e-15,0.02987959998426959
8676,DI,50,1250,750,189,2.860002362200675e-15,8.881784197001252e-16,0.0005668999801855534
8677,WMI,50,1250,750,189,2.653523034331882e-15,1.1102230246251565e-15,0.0287712000135798
8678,DI,50,1250,750,190,2.860002362200675e-15,8.881784197001252e-16,0.0005562999867834151
8679,WMI,50,1250,750,190,2.653523034331882e-15,1.1102230246251565e-15,0.03206969998427667
8680,DI,50,1250,750,191,2.860002362200675e-15,8.881784197001252e-16,0.000624899985268712
8681,WMI,50,1250,750,191,2.653523034331882e-15,1.1102230246251565e-15,0.03111069998703897
8682,DI,50,1250,750,192,2.860002362200675e-15,8.881784197001252e-16,0.0005777999758720398
8683,WMI,50,1250,750,192,2.653523034331882e-15,1.1102230246251565e-15,0.029407699999865144
8684,DI,50,1250,750,193,2.860002362200675e-15,8.881784197001252e-16,0.0007528999994974583
8685,WMI,50,1250,750,193,2.653523034331882e-15,1.1102230246251565e-15,0.031054099992616102
8686,DI,50,1250,750,194,2.860002362200675e-15,8.881784197001252e-16,0.0008097999962046742
8687,WMI,50,1250,750,194,2.653523034331882e-15,1.1102230246251565e-15,0.030598900018958375
8688,DI,50,1250,750,195,2.860002362200675e-15,8.881784197001252e-16,0.0006639999919570982
8689,WMI,50,1250,750,195,2.653523034331882e-15,1.1102230246251565e-15,0.032043299986980855
8690,DI,50,1250,750,196,2.860002362200675e-15,8.881784197001252e-16,0.0005333000153768808
8691,WMI,50,1250,750,196,2.653523034331882e-15,1.1102230246251565e-15,0.029938099993159994
8692,DI,50,1250,750,197,2.860002362200675e-15,8.881784197001252e-16,0.0006502000032924116
8693,WMI,50,1250,750,197,2.653523034331882e-15,1.1102230246251565e-15,0.031672900018747896
8694,DI,50,1250,750,198,2.860002362200675e-15,8.881784197001252e-16,0.0005764999950770289
8695,WMI,50,1250,750,198,2.653523034331882e-15,1.1102230246251565e-15,0.02886910000233911
8696,DI,50,1250,750,199,2.860002362200675e-15,8.881784197001252e-16,0.000551399978576228
8697,WMI,50,1250,750,199,2.653523034331882e-15,1.1102230246251565e-15,0.029883500013966113
8698,DI,50,1250,750,200,2.860002362200675e-15,8.881784197001252e-16,0.0006623999797739089
8699,WMI,50,1250,750,200,2.653523034331882e-15,1.1102230246251565e-15,0.029956000013044104
8700,DI,50,1000,1000,1,2.61859941073709e-15,8.881784197001252e-16,0.0008157000120263547
8701,WMI,50,1000,1000,1,3.2975756375578143e-15,8.881784197001252e-16,0.0637812000059057
8702,ISM,50,1000,1000,1,7.838122570728208,1.2475916914873237,0.013769799988949671
8703,DI,50,1000,1000,2,2.61859941073709e-15,8.881784197001252e-16,0.0005904999852646142
8704,WMI,50,1000,1000,2,3.2975756375578143e-15,8.881784197001252e-16,0.058106099982978776
8705,ISM,50,1000,1000,2,7.838122570728208,1.2475916914873237,0.023207300022477284
8706,DI,50,1000,1000,3,2.61859941073709e-15,8.881784197001252e-16,0.0007119999791029841
8707,WMI,50,1000,1000,3,3.2975756375578143e-15,8.881784197001252e-16,0.055355200020130724
8708,ISM,50,1000,1000,3,7.838122570728208,1.2475916914873237,0.012989100010599941
8709,DI,50,1000,1000,4,2.61859941073709e-15,8.881784197001252e-16,0.000658600009046495
8710,WMI,50,1000,1000,4,3.2975756375578143e-15,8.881784197001252e-16,0.060232299991184846
8711,ISM,50,1000,1000,4,7.838122570728208,1.2475916914873237,0.026392800005851313
8712,DI,50,1000,1000,5,2.61859941073709e-15,8.881784197001252e-16,0.0009676000045146793
8713,WMI,50,1000,1000,5,3.2975756375578143e-15,8.881784197001252e-16,0.1924177999899257
8714,ISM,50,1000,1000,5,7.838122570728208,1.2475916914873237,0.022796899982495233
8715,DI,50,1000,1000,6,2.61859941073709e-15,8.881784197001252e-16,0.0010621999972499907
8716,WMI,50,1000,1000,6,3.2975756375578143e-15,8.881784197001252e-16,0.061767200008034706
8717,ISM,50,1000,1000,6,7.838122570728208,1.2475916914873237,0.01438189999316819
8718,DI,50,1000,1000,7,2.61859941073709e-15,8.881784197001252e-16,0.0005638000147882849
8719,WMI,50,1000,1000,7,3.2975756375578143e-15,8.881784197001252e-16,0.06394220000947826
8720,ISM,50,1000,1000,7,7.838122570728208,1.2475916914873237,0.02355159999569878
8721,DI,50,1000,1000,8,2.61859941073709e-15,8.881784197001252e-16,0.0014092999917920679
8722,WMI,50,1000,1000,8,3.2975756375578143e-15,8.881784197001252e-16,0.06053699998301454
8723,ISM,50,1000,1000,8,7.838122570728208,1.2475916914873237,0.014154599979519844
8724,DI,50,1000,1000,9,2.61859941073709e-15,8.881784197001252e-16,0.000739500013878569
8725,WMI,50,1000,1000,9,3.2975756375578143e-15,8.881784197001252e-16,0.04895399999804795
8726,ISM,50,1000,1000,9,7.838122570728208,1.2475916914873237,0.01223950000712648
8727,DI,50,1000,1000,10,2.61859941073709e-15,8.881784197001252e-16,0.0007090000144671649
8728,WMI,50,1000,1000,10,3.2975756375578143e-15,8.881784197001252e-16,0.048206300009042025
8729,ISM,50,1000,1000,10,7.838122570728208,1.2475916914873237,0.011910800007171929
8730,DI,50,1000,1000,11,2.61859941073709e-15,8.881784197001252e-16,0.0006291999889072031
8731,WMI,50,1000,1000,11,3.2975756375578143e-15,8.881784197001252e-16,0.05299809999996796
8732,ISM,50,1000,1000,11,7.838122570728208,1.2475916914873237,0.019246600015321746
8733,DI,50,1000,1000,12,2.61859941073709e-15,8.881784197001252e-16,0.0006975000142119825
8734,WMI,50,1000,1000,12,3.2975756375578143e-15,8.881784197001252e-16,0.05121209999197163
8735,ISM,50,1000,1000,12,7.838122570728208,1.2475916914873237,0.02444070001365617
8736,DI,50,1000,1000,13,2.61859941073709e-15,8.881784197001252e-16,0.0010289000056218356
8737,WMI,50,1000,1000,13,3.2975756375578143e-15,8.881784197001252e-16,0.056106100004399195
8738,ISM,50,1000,1000,13,7.838122570728208,1.2475916914873237,0.012000699993222952
8739,DI,50,1000,1000,14,2.61859941073709e-15,8.881784197001252e-16,0.0006598999898415059
8740,WMI,50,1000,1000,14,3.2975756375578143e-15,8.881784197001252e-16,0.050508799991803244
8741,ISM,50,1000,1000,14,7.838122570728208,1.2475916914873237,0.01183070000843145
8742,DI,50,1000,1000,15,2.61859941073709e-15,8.881784197001252e-16,0.0008121999853756279
8743,WMI,50,1000,1000,15,3.2975756375578143e-15,8.881784197001252e-16,0.05126470001414418
8744,ISM,50,1000,1000,15,7.838122570728208,1.2475916914873237,0.011762799986172467
8745,DI,50,1000,1000,16,2.61859941073709e-15,8.881784197001252e-16,0.0006516000139527023
8746,WMI,50,1000,1000,16,3.2975756375578143e-15,8.881784197001252e-16,0.0463138000050094
8747,ISM,50,1000,1000,16,7.838122570728208,1.2475916914873237,0.0118054999911692
8748,DI,50,1000,1000,17,2.61859941073709e-15,8.881784197001252e-16,0.000833700003568083
8749,WMI,50,1000,1000,17,3.2975756375578143e-15,8.881784197001252e-16,0.0499118999869097
8750,ISM,50,1000,1000,17,7.838122570728208,1.2475916914873237,0.02119139998103492
8751,DI,50,1000,1000,18,2.61859941073709e-15,8.881784197001252e-16,0.0007504999812226743
8752,WMI,50,1000,1000,18,3.2975756375578143e-15,8.881784197001252e-16,0.05412299997988157
8753,ISM,50,1000,1000,18,7.838122570728208,1.2475916914873237,0.02110670000547543
8754,DI,50,1000,1000,19,2.61859941073709e-15,8.881784197001252e-16,0.000989099993603304
8755,WMI,50,1000,1000,19,3.2975756375578143e-15,8.881784197001252e-16,0.05516469999565743
8756,ISM,50,1000,1000,19,7.838122570728208,1.2475916914873237,0.01551830000244081
8757,DI,50,1000,1000,20,2.61859941073709e-15,8.881784197001252e-16,0.0006218999915290624
8758,WMI,50,1000,1000,20,3.2975756375578143e-15,8.881784197001252e-16,0.053498499997658655
8759,ISM,50,1000,1000,20,7.838122570728208,1.2475916914873237,0.02170709997881204
8760,DI,50,1000,1000,21,2.61859941073709e-15,8.881784197001252e-16,0.0007028999971225858
8761,WMI,50,1000,1000,21,3.2975756375578143e-15,8.881784197001252e-16,0.06229260002146475
8762,ISM,50,1000,1000,21,7.838122570728208,1.2475916914873237,0.02326099999481812
8763,DI,50,1000,1000,22,2.61859941073709e-15,8.881784197001252e-16,0.0012611000274773687
8764,WMI,50,1000,1000,22,3.2975756375578143e-15,8.881784197001252e-16,0.06132789998082444
8765,ISM,50,1000,1000,22,7.838122570728208,1.2475916914873237,0.01186619998770766
8766,DI,50,1000,1000,23,2.61859941073709e-15,8.881784197001252e-16,0.0012339999957475811
8767,WMI,50,1000,1000,23,3.2975756375578143e-15,8.881784197001252e-16,0.050269900006242096
8768,ISM,50,1000,1000,23,7.838122570728208,1.2475916914873237,0.011689200007822365
8769,DI,50,1000,1000,24,2.61859941073709e-15,8.881784197001252e-16,0.0005439000087790191
8770,WMI,50,1000,1000,24,3.2975756375578143e-15,8.881784197001252e-16,0.04583820002153516
8771,ISM,50,1000,1000,24,7.838122570728208,1.2475916914873237,0.012219900003401563
8772,DI,50,1000,1000,25,2.61859941073709e-15,8.881784197001252e-16,0.0006022999878041446
8773,WMI,50,1000,1000,25,3.2975756375578143e-15,8.881784197001252e-16,0.04592939998838119
8774,ISM,50,1000,1000,25,7.838122570728208,1.2475916914873237,0.011446699994849041
8775,DI,50,1000,1000,26,2.61859941073709e-15,8.881784197001252e-16,0.0006086000066716224
8776,WMI,50,1000,1000,26,3.2975756375578143e-15,8.881784197001252e-16,0.04590739999548532
8777,ISM,50,1000,1000,26,7.838122570728208,1.2475916914873237,0.021166700025787577
8778,DI,50,1000,1000,27,2.61859941073709e-15,8.881784197001252e-16,0.0006736999785061926
8779,WMI,50,1000,1000,27,3.2975756375578143e-15,8.881784197001252e-16,0.15452700000605546
8780,ISM,50,1000,1000,27,7.838122570728208,1.2475916914873237,0.011528700008057058
8781,DI,50,1000,1000,28,2.61859941073709e-15,8.881784197001252e-16,0.0007431999838445336
8782,WMI,50,1000,1000,28,3.2975756375578143e-15,8.881784197001252e-16,0.0596361999923829
8783,ISM,50,1000,1000,28,7.838122570728208,1.2475916914873237,0.02082259999588132
8784,DI,50,1000,1000,29,2.61859941073709e-15,8.881784197001252e-16,0.001115400023991242
8785,WMI,50,1000,1000,29,3.2975756375578143e-15,8.881784197001252e-16,0.05149270000401884
8786,ISM,50,1000,1000,29,7.838122570728208,1.2475916914873237,0.0211663999943994
8787,DI,50,1000,1000,30,2.61859941073709e-15,8.881784197001252e-16,0.000843299989355728
8788,WMI,50,1000,1000,30,3.2975756375578143e-15,8.881784197001252e-16,0.06424590002279729
8789,ISM,50,1000,1000,30,7.838122570728208,1.2475916914873237,0.011388100014301017
8790,DI,50,1000,1000,31,2.61859941073709e-15,8.881784197001252e-16,0.0004501000221353024
8791,WMI,50,1000,1000,31,3.2975756375578143e-15,8.881784197001252e-16,0.05390570001327433
8792,ISM,50,1000,1000,31,7.838122570728208,1.2475916914873237,0.01847239999915473
8793,DI,50,1000,1000,32,2.61859941073709e-15,8.881784197001252e-16,0.0005419999943114817
8794,WMI,50,1000,1000,32,3.2975756375578143e-15,8.881784197001252e-16,0.04997340001864359
8795,ISM,50,1000,1000,32,7.838122570728208,1.2475916914873237,0.011622000019997358
8796,DI,50,1000,1000,33,2.61859941073709e-15,8.881784197001252e-16,0.0005719999899156392
8797,WMI,50,1000,1000,33,3.2975756375578143e-15,8.881784197001252e-16,0.04949480001232587
8798,ISM,50,1000,1000,33,7.838122570728208,1.2475916914873237,0.018358900008024648
8799,DI,50,1000,1000,34,2.61859941073709e-15,8.881784197001252e-16,0.0007482000219170004
8800,WMI,50,1000,1000,34,3.2975756375578143e-15,8.881784197001252e-16,0.055867399991257116
8801,ISM,50,1000,1000,34,7.838122570728208,1.2475916914873237,0.01106760001857765
8802,DI,50,1000,1000,35,2.61859941073709e-15,8.881784197001252e-16,0.0008940999978221953
8803,WMI,50,1000,1000,35,3.2975756375578143e-15,8.881784197001252e-16,0.0482929999998305
8804,ISM,50,1000,1000,35,7.838122570728208,1.2475916914873237,0.010973399999784306
8805,DI,50,1000,1000,36,2.61859941073709e-15,8.881784197001252e-16,0.0007322000165004283
8806,WMI,50,1000,1000,36,3.2975756375578143e-15,8.881784197001252e-16,0.046456300013232976
8807,ISM,50,1000,1000,36,7.838122570728208,1.2475916914873237,0.012352299992926419
8808,DI,50,1000,1000,37,2.61859941073709e-15,8.881784197001252e-16,0.0007194000063464046
8809,WMI,50,1000,1000,37,3.2975756375578143e-15,8.881784197001252e-16,0.04497540000011213
8810,ISM,50,1000,1000,37,7.838122570728208,1.2475916914873237,0.012318499997491017
8811,DI,50,1000,1000,38,2.61859941073709e-15,8.881784197001252e-16,0.0007900999917183071
8812,WMI,50,1000,1000,38,3.2975756375578143e-15,8.881784197001252e-16,0.04903829999966547
8813,ISM,50,1000,1000,38,7.838122570728208,1.2475916914873237,0.011058500007493421
8814,DI,50,1000,1000,39,2.61859941073709e-15,8.881784197001252e-16,0.000697499985108152
8815,WMI,50,1000,1000,39,3.2975756375578143e-15,8.881784197001252e-16,0.04682479999610223
8816,ISM,50,1000,1000,39,7.838122570728208,1.2475916914873237,0.011347899999236688
8817,DI,50,1000,1000,40,2.61859941073709e-15,8.881784197001252e-16,0.0006100000173319131
8818,WMI,50,1000,1000,40,3.2975756375578143e-15,8.881784197001252e-16,0.05042469999170862
8819,ISM,50,1000,1000,40,7.838122570728208,1.2475916914873237,0.01270769999246113
8820,DI,50,1000,1000,41,2.61859941073709e-15,8.881784197001252e-16,0.0005820999795105308
8821,WMI,50,1000,1000,41,3.2975756375578143e-15,8.881784197001252e-16,0.04700660001253709
8822,ISM,50,1000,1000,41,7.838122570728208,1.2475916914873237,0.013419599999906495
8823,DI,50,1000,1000,42,2.61859941073709e-15,8.881784197001252e-16,0.0007125000120140612
8824,WMI,50,1000,1000,42,3.2975756375578143e-15,8.881784197001252e-16,0.050510300003224984
8825,ISM,50,1000,1000,42,7.838122570728208,1.2475916914873237,0.011464899987913668
8826,DI,50,1000,1000,43,2.61859941073709e-15,8.881784197001252e-16,0.0006118000019341707
8827,WMI,50,1000,1000,43,3.2975756375578143e-15,8.881784197001252e-16,0.05050480001955293
8828,ISM,50,1000,1000,43,7.838122570728208,1.2475916914873237,0.011342699988745153
8829,DI,50,1000,1000,44,2.61859941073709e-15,8.881784197001252e-16,0.0006255000189412385
8830,WMI,50,1000,1000,44,3.2975756375578143e-15,8.881784197001252e-16,0.048495299997739494
8831,ISM,50,1000,1000,44,7.838122570728208,1.2475916914873237,0.01184840002679266
8832,DI,50,1000,1000,45,2.61859941073709e-15,8.881784197001252e-16,0.0006514000124298036
8833,WMI,50,1000,1000,45,3.2975756375578143e-15,8.881784197001252e-16,0.05049409999628551
8834,ISM,50,1000,1000,45,7.838122570728208,1.2475916914873237,0.012515000009443611
8835,DI,50,1000,1000,46,2.61859941073709e-15,8.881784197001252e-16,0.0007090000144671649
8836,WMI,50,1000,1000,46,3.2975756375578143e-15,8.881784197001252e-16,0.050189899979159236
8837,ISM,50,1000,1000,46,7.838122570728208,1.2475916914873237,0.01262930000666529
8838,DI,50,1000,1000,47,2.61859941073709e-15,8.881784197001252e-16,0.0006896999839227647
8839,WMI,50,1000,1000,47,3.2975756375578143e-15,8.881784197001252e-16,0.05285510001704097
8840,ISM,50,1000,1000,47,7.838122570728208,1.2475916914873237,0.02147890001651831
8841,DI,50,1000,1000,48,2.61859941073709e-15,8.881784197001252e-16,0.0007323999889194965
8842,WMI,50,1000,1000,48,3.2975756375578143e-15,8.881784197001252e-16,0.0494155999913346
8843,ISM,50,1000,1000,48,7.838122570728208,1.2475916914873237,0.011664199992083013
8844,DI,50,1000,1000,49,2.61859941073709e-15,8.881784197001252e-16,0.0007570000016130507
8845,WMI,50,1000,1000,49,3.2975756375578143e-15,8.881784197001252e-16,0.05396940000355244
8846,ISM,50,1000,1000,49,7.838122570728208,1.2475916914873237,0.01566070000990294
8847,DI,50,1000,1000,50,2.61859941073709e-15,8.881784197001252e-16,0.0007585000130347908
8848,WMI,50,1000,1000,50,3.2975756375578143e-15,8.881784197001252e-16,0.045180699991760775
8849,ISM,50,1000,1000,50,7.838122570728208,1.2475916914873237,0.01138309997622855
8850,DI,50,1000,1000,51,2.61859941073709e-15,8.881784197001252e-16,0.0006567999953404069
8851,WMI,50,1000,1000,51,3.2975756375578143e-15,8.881784197001252e-16,0.045780699991155416
8852,DI,50,1000,1000,52,2.61859941073709e-15,8.881784197001252e-16,0.0005544000014197081
8853,WMI,50,1000,1000,52,3.2975756375578143e-15,8.881784197001252e-16,0.045928899984573945
8854,DI,50,1000,1000,53,2.61859941073709e-15,8.881784197001252e-16,0.0006050000083632767
8855,WMI,50,1000,1000,53,3.2975756375578143e-15,8.881784197001252e-16,0.04376319999573752
8856,DI,50,1000,1000,54,2.61859941073709e-15,8.881784197001252e-16,0.0007133999897632748
8857,WMI,50,1000,1000,54,3.2975756375578143e-15,8.881784197001252e-16,0.04695519999950193
8858,DI,50,1000,1000,55,2.61859941073709e-15,8.881784197001252e-16,0.000543999980436638
8859,WMI,50,1000,1000,55,3.2975756375578143e-15,8.881784197001252e-16,0.0455286999931559
8860,DI,50,1000,1000,56,2.61859941073709e-15,8.881784197001252e-16,0.0005773000011686236
8861,WMI,50,1000,1000,56,3.2975756375578143e-15,8.881784197001252e-16,0.04484029999002814
8862,DI,50,1000,1000,57,2.61859941073709e-15,8.881784197001252e-16,0.0006980000180192292
8863,WMI,50,1000,1000,57,3.2975756375578143e-15,8.881784197001252e-16,0.04707329999655485
8864,DI,50,1000,1000,58,2.61859941073709e-15,8.881784197001252e-16,0.0007437999884132296
8865,WMI,50,1000,1000,58,3.2975756375578143e-15,8.881784197001252e-16,0.045555399992736056
8866,DI,50,1000,1000,59,2.61859941073709e-15,8.881784197001252e-16,0.000579800020204857
8867,WMI,50,1000,1000,59,3.2975756375578143e-15,8.881784197001252e-16,0.045221000007586554
8868,DI,50,1000,1000,60,2.61859941073709e-15,8.881784197001252e-16,0.0005700000037904829
8869,WMI,50,1000,1000,60,3.2975756375578143e-15,8.881784197001252e-16,0.047846000001300126
8870,DI,50,1000,1000,61,2.61859941073709e-15,8.881784197001252e-16,0.0005369000136852264
8871,WMI,50,1000,1000,61,3.2975756375578143e-15,8.881784197001252e-16,0.04591590000200085
8872,DI,50,1000,1000,62,2.61859941073709e-15,8.881784197001252e-16,0.000544899987289682
8873,WMI,50,1000,1000,62,3.2975756375578143e-15,8.881784197001252e-16,0.04842659999849275
8874,DI,50,1000,1000,63,2.61859941073709e-15,8.881784197001252e-16,0.0006004000024404377
8875,WMI,50,1000,1000,63,3.2975756375578143e-15,8.881784197001252e-16,0.04503969999495894
8876,DI,50,1000,1000,64,2.61859941073709e-15,8.881784197001252e-16,0.0005891999753657728
8877,WMI,50,1000,1000,64,3.2975756375578143e-15,8.881784197001252e-16,0.047119000024395064
8878,DI,50,1000,1000,65,2.61859941073709e-15,8.881784197001252e-16,0.0005634999834001064
8879,WMI,50,1000,1000,65,3.2975756375578143e-15,8.881784197001252e-16,0.046335200022440404
8880,DI,50,1000,1000,66,2.61859941073709e-15,8.881784197001252e-16,0.0005622000026050955
8881,WMI,50,1000,1000,66,3.2975756375578143e-15,8.881784197001252e-16,0.04603759999736212
8882,DI,50,1000,1000,67,2.61859941073709e-15,8.881784197001252e-16,0.0005713999853469431
8883,WMI,50,1000,1000,67,3.2975756375578143e-15,8.881784197001252e-16,0.04764520001481287
8884,DI,50,1000,1000,68,2.61859941073709e-15,8.881784197001252e-16,0.0005493999924510717
8885,WMI,50,1000,1000,68,3.2975756375578143e-15,8.881784197001252e-16,0.04591479999362491
8886,DI,50,1000,1000,69,2.61859941073709e-15,8.881784197001252e-16,0.0005591000081039965
8887,WMI,50,1000,1000,69,3.2975756375578143e-15,8.881784197001252e-16,0.052427099988562986
8888,DI,50,1000,1000,70,2.61859941073709e-15,8.881784197001252e-16,0.0007605999999213964
8889,WMI,50,1000,1000,70,3.2975756375578143e-15,8.881784197001252e-16,0.05113279999932274
8890,DI,50,1000,1000,71,2.61859941073709e-15,8.881784197001252e-16,0.0006245000113267452
8891,WMI,50,1000,1000,71,3.2975756375578143e-15,8.881784197001252e-16,0.048276000015903264
8892,DI,50,1000,1000,72,2.61859941073709e-15,8.881784197001252e-16,0.000599899998633191
8893,WMI,50,1000,1000,72,3.2975756375578143e-15,8.881784197001252e-16,0.04612199999974109
8894,DI,50,1000,1000,73,2.61859941073709e-15,8.881784197001252e-16,0.0005914999928791076
8895,WMI,50,1000,1000,73,3.2975756375578143e-15,8.881784197001252e-16,0.04472269999678247
8896,DI,50,1000,1000,74,2.61859941073709e-15,8.881784197001252e-16,0.0005599999858532101
8897,WMI,50,1000,1000,74,3.2975756375578143e-15,8.881784197001252e-16,0.04892129998188466
8898,DI,50,1000,1000,75,2.61859941073709e-15,8.881784197001252e-16,0.0005617999995592982
8899,WMI,50,1000,1000,75,3.2975756375578143e-15,8.881784197001252e-16,0.04884059997857548
8900,DI,50,1000,1000,76,2.61859941073709e-15,8.881784197001252e-16,0.0006705999840050936
8901,WMI,50,1000,1000,76,3.2975756375578143e-15,8.881784197001252e-16,0.048459499987075105
8902,DI,50,1000,1000,77,2.61859941073709e-15,8.881784197001252e-16,0.0007508000126108527
8903,WMI,50,1000,1000,77,3.2975756375578143e-15,8.881784197001252e-16,0.04735909998998977
8904,DI,50,1000,1000,78,2.61859941073709e-15,8.881784197001252e-16,0.0005895999784115702
8905,WMI,50,1000,1000,78,3.2975756375578143e-15,8.881784197001252e-16,0.0495468000008259
8906,DI,50,1000,1000,79,2.61859941073709e-15,8.881784197001252e-16,0.001073999999789521
8907,WMI,50,1000,1000,79,3.2975756375578143e-15,8.881784197001252e-16,0.0516473000170663
8908,DI,50,1000,1000,80,2.61859941073709e-15,8.881784197001252e-16,0.0006293000187724829
8909,WMI,50,1000,1000,80,3.2975756375578143e-15,8.881784197001252e-16,0.05677019999711774
8910,DI,50,1000,1000,81,2.61859941073709e-15,8.881784197001252e-16,0.0008230999810621142
8911,WMI,50,1000,1000,81,3.2975756375578143e-15,8.881784197001252e-16,0.051096699986374006
8912,DI,50,1000,1000,82,2.61859941073709e-15,8.881784197001252e-16,0.0006420999998226762
8913,WMI,50,1000,1000,82,3.2975756375578143e-15,8.881784197001252e-16,0.04889549998915754
8914,DI,50,1000,1000,83,2.61859941073709e-15,8.881784197001252e-16,0.000658900011330843
8915,WMI,50,1000,1000,83,3.2975756375578143e-15,8.881784197001252e-16,0.049167599994689226
8916,DI,50,1000,1000,84,2.61859941073709e-15,8.881784197001252e-16,0.0009500000160187483
8917,WMI,50,1000,1000,84,3.2975756375578143e-15,8.881784197001252e-16,0.05015409999759868
8918,DI,50,1000,1000,85,2.61859941073709e-15,8.881784197001252e-16,0.0006667999841738492
8919,WMI,50,1000,1000,85,3.2975756375578143e-15,8.881784197001252e-16,0.048536600021179765
8920,DI,50,1000,1000,86,2.61859941073709e-15,8.881784197001252e-16,0.0006392000068444759
8921,WMI,50,1000,1000,86,3.2975756375578143e-15,8.881784197001252e-16,0.05084030001307838
8922,DI,50,1000,1000,87,2.61859941073709e-15,8.881784197001252e-16,0.0006999000033829361
8923,WMI,50,1000,1000,87,3.2975756375578143e-15,8.881784197001252e-16,0.04816149998805486
8924,DI,50,1000,1000,88,2.61859941073709e-15,8.881784197001252e-16,0.0006523999909404665
8925,WMI,50,1000,1000,88,3.2975756375578143e-15,8.881784197001252e-16,0.052468900015810505
8926,DI,50,1000,1000,89,2.61859941073709e-15,8.881784197001252e-16,0.0006540000031236559
8927,WMI,50,1000,1000,89,3.2975756375578143e-15,8.881784197001252e-16,0.05243600002722815
8928,DI,50,1000,1000,90,2.61859941073709e-15,8.881784197001252e-16,0.0006836999964434654
8929,WMI,50,1000,1000,90,3.2975756375578143e-15,8.881784197001252e-16,0.05103550001513213
8930,DI,50,1000,1000,91,2.61859941073709e-15,8.881784197001252e-16,0.000677700008964166
8931,WMI,50,1000,1000,91,3.2975756375578143e-15,8.881784197001252e-16,0.05124000000068918
8932,DI,50,1000,1000,92,2.61859941073709e-15,8.881784197001252e-16,0.0007125000120140612
8933,WMI,50,1000,1000,92,3.2975756375578143e-15,8.881784197001252e-16,0.05024700000649318
8934,DI,50,1000,1000,93,2.61859941073709e-15,8.881784197001252e-16,0.001025000005029142
8935,WMI,50,1000,1000,93,3.2975756375578143e-15,8.881784197001252e-16,0.05324269999982789
8936,DI,50,1000,1000,94,2.61859941073709e-15,8.881784197001252e-16,0.0007190000033006072
8937,WMI,50,1000,1000,94,3.2975756375578143e-15,8.881784197001252e-16,0.05277310000383295
8938,DI,50,1000,1000,95,2.61859941073709e-15,8.881784197001252e-16,0.0006405999884009361
8939,WMI,50,1000,1000,95,3.2975756375578143e-15,8.881784197001252e-16,0.050511500012362376
8940,DI,50,1000,1000,96,2.61859941073709e-15,8.881784197001252e-16,0.0006496999994851649
8941,WMI,50,1000,1000,96,3.2975756375578143e-15,8.881784197001252e-16,0.05101930000819266
8942,DI,50,1000,1000,97,2.61859941073709e-15,8.881784197001252e-16,0.0006123999773990363
8943,WMI,50,1000,1000,97,3.2975756375578143e-15,8.881784197001252e-16,0.05252160000964068
8944,DI,50,1000,1000,98,2.61859941073709e-15,8.881784197001252e-16,0.0006473000103142112
8945,WMI,50,1000,1000,98,3.2975756375578143e-15,8.881784197001252e-16,0.04975849998299964
8946,DI,50,1000,1000,99,2.61859941073709e-15,8.881784197001252e-16,0.0007818999874871224
8947,WMI,50,1000,1000,99,3.2975756375578143e-15,8.881784197001252e-16,0.05207420000806451
8948,DI,50,1000,1000,100,2.61859941073709e-15,8.881784197001252e-16,0.0006263999966904521
8949,WMI,50,1000,1000,100,3.2975756375578143e-15,8.881784197001252e-16,0.05138509999960661
8950,DI,50,1000,1000,101,2.61859941073709e-15,8.881784197001252e-16,0.0006316000071819872
8951,WMI,50,1000,1000,101,3.2975756375578143e-15,8.881784197001252e-16,0.04885869999998249
8952,DI,50,1000,1000,102,2.61859941073709e-15,8.881784197001252e-16,0.0008831999730318785
8953,WMI,50,1000,1000,102,3.2975756375578143e-15,8.881784197001252e-16,0.04841429999214597
8954,DI,50,1000,1000,103,2.61859941073709e-15,8.881784197001252e-16,0.0007656000088900328
8955,WMI,50,1000,1000,103,3.2975756375578143e-15,8.881784197001252e-16,0.051797799998894334
8956,DI,50,1000,1000,104,2.61859941073709e-15,8.881784197001252e-16,0.0006471000087913126
8957,WMI,50,1000,1000,104,3.2975756375578143e-15,8.881784197001252e-16,0.0510948000010103
8958,DI,50,1000,1000,105,2.61859941073709e-15,8.881784197001252e-16,0.0006083000043872744
8959,WMI,50,1000,1000,105,3.2975756375578143e-15,8.881784197001252e-16,0.05062840000027791
8960,DI,50,1000,1000,106,2.61859941073709e-15,8.881784197001252e-16,0.0006968000088818371
8961,WMI,50,1000,1000,106,3.2975756375578143e-15,8.881784197001252e-16,0.05106359999626875
8962,DI,50,1000,1000,107,2.61859941073709e-15,8.881784197001252e-16,0.0006594999867957085
8963,WMI,50,1000,1000,107,3.2975756375578143e-15,8.881784197001252e-16,0.05166679999092594
8964,DI,50,1000,1000,108,2.61859941073709e-15,8.881784197001252e-16,0.0006455999973695725
8965,WMI,50,1000,1000,108,3.2975756375578143e-15,8.881784197001252e-16,0.051209299999754876
8966,DI,50,1000,1000,109,2.61859941073709e-15,8.881784197001252e-16,0.0006973999843467027
8967,WMI,50,1000,1000,109,3.2975756375578143e-15,8.881784197001252e-16,0.049204999988432974
8968,DI,50,1000,1000,110,2.61859941073709e-15,8.881784197001252e-16,0.0006465000042226166
8969,WMI,50,1000,1000,110,3.2975756375578143e-15,8.881784197001252e-16,0.05320490000303835
8970,DI,50,1000,1000,111,2.61859941073709e-15,8.881784197001252e-16,0.0006573999999091029
8971,WMI,50,1000,1000,111,3.2975756375578143e-15,8.881784197001252e-16,0.04988690000027418
8972,DI,50,1000,1000,112,2.61859941073709e-15,8.881784197001252e-16,0.0006630000134464353
8973,WMI,50,1000,1000,112,3.2975756375578143e-15,8.881784197001252e-16,0.0522798000019975
8974,DI,50,1000,1000,113,2.61859941073709e-15,8.881784197001252e-16,0.0006704999832436442
8975,WMI,50,1000,1000,113,3.2975756375578143e-15,8.881784197001252e-16,0.05190940000466071
8976,DI,50,1000,1000,114,2.61859941073709e-15,8.881784197001252e-16,0.0006910999945830554
8977,WMI,50,1000,1000,114,3.2975756375578143e-15,8.881784197001252e-16,0.05135059999884106
8978,DI,50,1000,1000,115,2.61859941073709e-15,8.881784197001252e-16,0.0006610999989788979
8979,WMI,50,1000,1000,115,3.2975756375578143e-15,8.881784197001252e-16,0.05445049999980256
8980,DI,50,1000,1000,116,2.61859941073709e-15,8.881784197001252e-16,0.0006714999908581376
8981,WMI,50,1000,1000,116,3.2975756375578143e-15,8.881784197001252e-16,0.05363750000833534
8982,DI,50,1000,1000,117,2.61859941073709e-15,8.881784197001252e-16,0.0007205999863799661
8983,WMI,50,1000,1000,117,3.2975756375578143e-15,8.881784197001252e-16,0.05446039998787455
8984,DI,50,1000,1000,118,2.61859941073709e-15,8.881784197001252e-16,0.0006722999969497323
8985,WMI,50,1000,1000,118,3.2975756375578143e-15,8.881784197001252e-16,0.05186069998308085
8986,DI,50,1000,1000,119,2.61859941073709e-15,8.881784197001252e-16,0.0008215999987442046
8987,WMI,50,1000,1000,119,3.2975756375578143e-15,8.881784197001252e-16,0.05263240000931546
8988,DI,50,1000,1000,120,2.61859941073709e-15,8.881784197001252e-16,0.0007049999840091914
8989,WMI,50,1000,1000,120,3.2975756375578143e-15,8.881784197001252e-16,0.054099900007713586
8990,DI,50,1000,1000,121,2.61859941073709e-15,8.881784197001252e-16,0.0006449999928008765
8991,WMI,50,1000,1000,121,3.2975756375578143e-15,8.881784197001252e-16,0.05221320001874119
8992,DI,50,1000,1000,122,2.61859941073709e-15,8.881784197001252e-16,0.0006672999879810959
8993,WMI,50,1000,1000,122,3.2975756375578143e-15,8.881784197001252e-16,0.05086630000732839
8994,DI,50,1000,1000,123,2.61859941073709e-15,8.881784197001252e-16,0.0006666999834123999
8995,WMI,50,1000,1000,123,3.2975756375578143e-15,8.881784197001252e-16,0.05236699999659322
8996,DI,50,1000,1000,124,2.61859941073709e-15,8.881784197001252e-16,0.000683299993397668
8997,WMI,50,1000,1000,124,3.2975756375578143e-15,8.881784197001252e-16,0.05352560000028461
8998,DI,50,1000,1000,125,2.61859941073709e-15,8.881784197001252e-16,0.0008159999852068722
8999,WMI,50,1000,1000,125,3.2975756375578143e-15,8.881784197001252e-16,0.06020800000987947
9000,DI,50,1000,1000,126,2.61859941073709e-15,8.881784197001252e-16,0.000823200010927394
9001,WMI,50,1000,1000,126,3.2975756375578143e-15,8.881784197001252e-16,0.05170780001208186
9002,DI,50,1000,1000,127,2.61859941073709e-15,8.881784197001252e-16,0.0008183999743778259
9003,WMI,50,1000,1000,127,3.2975756375578143e-15,8.881784197001252e-16,0.04978339999797754
9004,DI,50,1000,1000,128,2.61859941073709e-15,8.881784197001252e-16,0.0006300999957602471
9005,WMI,50,1000,1000,128,3.2975756375578143e-15,8.881784197001252e-16,0.04881279999972321
9006,DI,50,1000,1000,129,2.61859941073709e-15,8.881784197001252e-16,0.0008241000177804381
9007,WMI,50,1000,1000,129,3.2975756375578143e-15,8.881784197001252e-16,0.04885990000911988
9008,DI,50,1000,1000,130,2.61859941073709e-15,8.881784197001252e-16,0.0006589999829884619
9009,WMI,50,1000,1000,130,3.2975756375578143e-15,8.881784197001252e-16,0.05237199997645803
9010,DI,50,1000,1000,131,2.61859941073709e-15,8.881784197001252e-16,0.0006351000047288835
9011,WMI,50,1000,1000,131,3.2975756375578143e-15,8.881784197001252e-16,0.05109770002309233
9012,DI,50,1000,1000,132,2.61859941073709e-15,8.881784197001252e-16,0.0006390000053215772
9013,WMI,50,1000,1000,132,3.2975756375578143e-15,8.881784197001252e-16,0.049713000014889985
9014,DI,50,1000,1000,133,2.61859941073709e-15,8.881784197001252e-16,0.0007075000030454248
9015,WMI,50,1000,1000,133,3.2975756375578143e-15,8.881784197001252e-16,0.05160299999988638
9016,DI,50,1000,1000,134,2.61859941073709e-15,8.881784197001252e-16,0.0006364999862853438
9017,WMI,50,1000,1000,134,3.2975756375578143e-15,8.881784197001252e-16,0.05083389999344945
9018,DI,50,1000,1000,135,2.61859941073709e-15,8.881784197001252e-16,0.0006539000023622066
9019,WMI,50,1000,1000,135,3.2975756375578143e-15,8.881784197001252e-16,0.05436010000994429
9020,DI,50,1000,1000,136,2.61859941073709e-15,8.881784197001252e-16,0.0006500000017695129
9021,WMI,50,1000,1000,136,3.2975756375578143e-15,8.881784197001252e-16,0.05268459999933839
9022,DI,50,1000,1000,137,2.61859941073709e-15,8.881784197001252e-16,0.0007030999986454844
9023,WMI,50,1000,1000,137,3.2975756375578143e-15,8.881784197001252e-16,0.052882199990563095
9024,DI,50,1000,1000,138,2.61859941073709e-15,8.881784197001252e-16,0.0007163000118453056
9025,WMI,50,1000,1000,138,3.2975756375578143e-15,8.881784197001252e-16,0.05245820002164692
9026,DI,50,1000,1000,139,2.61859941073709e-15,8.881784197001252e-16,0.0006325999856926501
9027,WMI,50,1000,1000,139,3.2975756375578143e-15,8.881784197001252e-16,0.049489500001072884
9028,DI,50,1000,1000,140,2.61859941073709e-15,8.881784197001252e-16,0.0006533999985549599
9029,WMI,50,1000,1000,140,3.2975756375578143e-15,8.881784197001252e-16,0.05109329998958856
9030,DI,50,1000,1000,141,2.61859941073709e-15,8.881784197001252e-16,0.0006393000076059252
9031,WMI,50,1000,1000,141,3.2975756375578143e-15,8.881784197001252e-16,0.05052160000195727
9032,DI,50,1000,1000,142,2.61859941073709e-15,8.881784197001252e-16,0.0006719000230077654
9033,WMI,50,1000,1000,142,3.2975756375578143e-15,8.881784197001252e-16,0.049737999972421676
9034,DI,50,1000,1000,143,2.61859941073709e-15,8.881784197001252e-16,0.0006659000064246356
9035,WMI,50,1000,1000,143,3.2975756375578143e-15,8.881784197001252e-16,0.0538904000131879
9036,DI,50,1000,1000,144,2.61859941073709e-15,8.881784197001252e-16,0.0008433000184595585
9037,WMI,50,1000,1000,144,3.2975756375578143e-15,8.881784197001252e-16,0.05373340001096949
9038,DI,50,1000,1000,145,2.61859941073709e-15,8.881784197001252e-16,0.000669100001687184
9039,WMI,50,1000,1000,145,3.2975756375578143e-15,8.881784197001252e-16,0.05130449999705888
9040,DI,50,1000,1000,146,2.61859941073709e-15,8.881784197001252e-16,0.0006661000079475343
9041,WMI,50,1000,1000,146,3.2975756375578143e-15,8.881784197001252e-16,0.05133039999054745
9042,DI,50,1000,1000,147,2.61859941073709e-15,8.881784197001252e-16,0.0006790999905206263
9043,WMI,50,1000,1000,147,3.2975756375578143e-15,8.881784197001252e-16,0.05453379999380559
9044,DI,50,1000,1000,148,2.61859941073709e-15,8.881784197001252e-16,0.0007341000018641353
9045,WMI,50,1000,1000,148,3.2975756375578143e-15,8.881784197001252e-16,0.0546221999975387
9046,DI,50,1000,1000,149,2.61859941073709e-15,8.881784197001252e-16,0.0006922000029589981
9047,WMI,50,1000,1000,149,3.2975756375578143e-15,8.881784197001252e-16,0.05250489999889396
9048,DI,50,1000,1000,150,2.61859941073709e-15,8.881784197001252e-16,0.0007757999992463738
9049,WMI,50,1000,1000,150,3.2975756375578143e-15,8.881784197001252e-16,0.05403300002217293
9050,DI,50,1000,1000,151,2.61859941073709e-15,8.881784197001252e-16,0.0006824000156484544
9051,WMI,50,1000,1000,151,3.2975756375578143e-15,8.881784197001252e-16,0.055224600015208125
9052,DI,50,1000,1000,152,2.61859941073709e-15,8.881784197001252e-16,0.0007730000070296228
9053,WMI,50,1000,1000,152,3.2975756375578143e-15,8.881784197001252e-16,0.05227700000978075
9054,DI,50,1000,1000,153,2.61859941073709e-15,8.881784197001252e-16,0.000736100017093122
9055,WMI,50,1000,1000,153,3.2975756375578143e-15,8.881784197001252e-16,0.05305029998999089
9056,DI,50,1000,1000,154,2.61859941073709e-15,8.881784197001252e-16,0.0007061000214889646
9057,WMI,50,1000,1000,154,3.2975756375578143e-15,8.881784197001252e-16,0.056870799977332354
9058,DI,50,1000,1000,155,2.61859941073709e-15,8.881784197001252e-16,0.0006782000127714127
9059,WMI,50,1000,1000,155,3.2975756375578143e-15,8.881784197001252e-16,0.05275100001017563
9060,DI,50,1000,1000,156,2.61859941073709e-15,8.881784197001252e-16,0.0006961000035516918
9061,WMI,50,1000,1000,156,3.2975756375578143e-15,8.881784197001252e-16,0.05365759998676367
9062,DI,50,1000,1000,157,2.61859941073709e-15,8.881784197001252e-16,0.0006609000265598297
9063,WMI,50,1000,1000,157,3.2975756375578143e-15,8.881784197001252e-16,0.053532699996139854
9064,DI,50,1000,1000,158,2.61859941073709e-15,8.881784197001252e-16,0.0006621999782510102
9065,WMI,50,1000,1000,158,3.2975756375578143e-15,8.881784197001252e-16,0.05323670001234859
9066,DI,50,1000,1000,159,2.61859941073709e-15,8.881784197001252e-16,0.0007634000212419778
9067,WMI,50,1000,1000,159,3.2975756375578143e-15,8.881784197001252e-16,0.054848199972184375
9068,DI,50,1000,1000,160,2.61859941073709e-15,8.881784197001252e-16,0.000666600011754781
9069,WMI,50,1000,1000,160,3.2975756375578143e-15,8.881784197001252e-16,0.05231960001401603
9070,DI,50,1000,1000,161,2.61859941073709e-15,8.881784197001252e-16,0.0006631000142078847
9071,WMI,50,1000,1000,161,3.2975756375578143e-15,8.881784197001252e-16,0.05347149999579415
9072,DI,50,1000,1000,162,2.61859941073709e-15,8.881784197001252e-16,0.0007082999800331891
9073,WMI,50,1000,1000,162,3.2975756375578143e-15,8.881784197001252e-16,0.05531450000125915
9074,DI,50,1000,1000,163,2.61859941073709e-15,8.881784197001252e-16,0.00088160001905635
9075,WMI,50,1000,1000,163,3.2975756375578143e-15,8.881784197001252e-16,0.053855400008615106
9076,DI,50,1000,1000,164,2.61859941073709e-15,8.881784197001252e-16,0.0007173000194597989
9077,WMI,50,1000,1000,164,3.2975756375578143e-15,8.881784197001252e-16,0.056586000020615757
9078,DI,50,1000,1000,165,2.61859941073709e-15,8.881784197001252e-16,0.0007916000031400472
9079,WMI,50,1000,1000,165,3.2975756375578143e-15,8.881784197001252e-16,0.055236700020032004
9080,DI,50,1000,1000,166,2.61859941073709e-15,8.881784197001252e-16,0.0006924000044818968
9081,WMI,50,1000,1000,166,3.2975756375578143e-15,8.881784197001252e-16,0.05461089999880642
9082,DI,50,1000,1000,167,2.61859941073709e-15,8.881784197001252e-16,0.0006987999950069934
9083,WMI,50,1000,1000,167,3.2975756375578143e-15,8.881784197001252e-16,0.05333950000931509
9084,DI,50,1000,1000,168,2.61859941073709e-15,8.881784197001252e-16,0.0007136999920476228
9085,WMI,50,1000,1000,168,3.2975756375578143e-15,8.881784197001252e-16,0.05363510001916438
9086,DI,50,1000,1000,169,2.61859941073709e-15,8.881784197001252e-16,0.0007186000002548099
9087,WMI,50,1000,1000,169,3.2975756375578143e-15,8.881784197001252e-16,0.0564996000030078
9088,DI,50,1000,1000,170,2.61859941073709e-15,8.881784197001252e-16,0.0009484000038355589
9089,WMI,50,1000,1000,170,3.2975756375578143e-15,8.881784197001252e-16,0.05362500000046566
9090,DI,50,1000,1000,171,2.61859941073709e-15,8.881784197001252e-16,0.0007010000117588788
9091,WMI,50,1000,1000,171,3.2975756375578143e-15,8.881784197001252e-16,0.056107799988240004
9092,DI,50,1000,1000,172,2.61859941073709e-15,8.881784197001252e-16,0.0007166999857872725
9093,WMI,50,1000,1000,172,3.2975756375578143e-15,8.881784197001252e-16,0.05554359999950975
9094,DI,50,1000,1000,173,2.61859941073709e-15,8.881784197001252e-16,0.0006810000049881637
9095,WMI,50,1000,1000,173,3.2975756375578143e-15,8.881784197001252e-16,0.054393500002333894
9096,DI,50,1000,1000,174,2.61859941073709e-15,8.881784197001252e-16,0.0007096999906934798
9097,WMI,50,1000,1000,174,3.2975756375578143e-15,8.881784197001252e-16,0.05457300000125542
9098,DI,50,1000,1000,175,2.61859941073709e-15,8.881784197001252e-16,0.0006948000227566808
9099,WMI,50,1000,1000,175,3.2975756375578143e-15,8.881784197001252e-16,0.054688200005330145
9100,DI,50,1000,1000,176,2.61859941073709e-15,8.881784197001252e-16,0.0006854000093881041
9101,WMI,50,1000,1000,176,3.2975756375578143e-15,8.881784197001252e-16,0.05169270001351833
9102,DI,50,1000,1000,177,2.61859941073709e-15,8.881784197001252e-16,0.0008452000038232654
9103,WMI,50,1000,1000,177,3.2975756375578143e-15,8.881784197001252e-16,0.05098920001182705
9104,DI,50,1000,1000,178,2.61859941073709e-15,8.881784197001252e-16,0.0006353999779094011
9105,WMI,50,1000,1000,178,3.2975756375578143e-15,8.881784197001252e-16,0.053025699977297336
9106,DI,50,1000,1000,179,2.61859941073709e-15,8.881784197001252e-16,0.0006678999925497919
9107,WMI,50,1000,1000,179,3.2975756375578143e-15,8.881784197001252e-16,0.05449879998923279
9108,DI,50,1000,1000,180,2.61859941073709e-15,8.881784197001252e-16,0.0009128999954555184
9109,WMI,50,1000,1000,180,3.2975756375578143e-15,8.881784197001252e-16,0.05214109999360517
9110,DI,50,1000,1000,181,2.61859941073709e-15,8.881784197001252e-16,0.0008556999964639544
9111,WMI,50,1000,1000,181,3.2975756375578143e-15,8.881784197001252e-16,0.05353340000147
9112,DI,50,1000,1000,182,2.61859941073709e-15,8.881784197001252e-16,0.0007710999925620854
9113,WMI,50,1000,1000,182,3.2975756375578143e-15,8.881784197001252e-16,0.051556000020354986
9114,DI,50,1000,1000,183,2.61859941073709e-15,8.881784197001252e-16,0.0006822999857831746
9115,WMI,50,1000,1000,183,3.2975756375578143e-15,8.881784197001252e-16,0.05254809997859411
9116,DI,50,1000,1000,184,2.61859941073709e-15,8.881784197001252e-16,0.0006802999996580184
9117,WMI,50,1000,1000,184,3.2975756375578143e-15,8.881784197001252e-16,0.05301370000233874
9118,DI,50,1000,1000,185,2.61859941073709e-15,8.881784197001252e-16,0.0006965000065974891
9119,WMI,50,1000,1000,185,3.2975756375578143e-15,8.881784197001252e-16,0.05445029999827966
9120,DI,50,1000,1000,186,2.61859941073709e-15,8.881784197001252e-16,0.0006782000127714127
9121,WMI,50,1000,1000,186,3.2975756375578143e-15,8.881784197001252e-16,0.05252539998036809
9122,DI,50,1000,1000,187,2.61859941073709e-15,8.881784197001252e-16,0.0006675999902654439
9123,WMI,50,1000,1000,187,3.2975756375578143e-15,8.881784197001252e-16,0.05288430000655353
9124,DI,50,1000,1000,188,2.61859941073709e-15,8.881784197001252e-16,0.0008510999905411154
9125,WMI,50,1000,1000,188,3.2975756375578143e-15,8.881784197001252e-16,0.05315290001453832
9126,DI,50,1000,1000,189,2.61859941073709e-15,8.881784197001252e-16,0.0007505999819841236
9127,WMI,50,1000,1000,189,3.2975756375578143e-15,8.881784197001252e-16,0.05399400001624599
9128,DI,50,1000,1000,190,2.61859941073709e-15,8.881784197001252e-16,0.0006539000023622066
9129,WMI,50,1000,1000,190,3.2975756375578143e-15,8.881784197001252e-16,0.052249500004108995
9130,DI,50,1000,1000,191,2.61859941073709e-15,8.881784197001252e-16,0.0006936000136192888
9131,WMI,50,1000,1000,191,3.2975756375578143e-15,8.881784197001252e-16,0.052610999991884455
9132,DI,50,1000,1000,192,2.61859941073709e-15,8.881784197001252e-16,0.000659500015899539
9133,WMI,50,1000,1000,192,3.2975756375578143e-15,8.881784197001252e-16,0.05167129999608733
9134,DI,50,1000,1000,193,2.61859941073709e-15,8.881784197001252e-16,0.0007219999970402569
9135,WMI,50,1000,1000,193,3.2975756375578143e-15,8.881784197001252e-16,0.05032829998526722
9136,DI,50,1000,1000,194,2.61859941073709e-15,8.881784197001252e-16,0.000833400001283735
9137,WMI,50,1000,1000,194,3.2975756375578143e-15,8.881784197001252e-16,0.05170400001225062
9138,DI,50,1000,1000,195,2.61859941073709e-15,8.881784197001252e-16,0.0006898000137880445
9139,WMI,50,1000,1000,195,3.2975756375578143e-15,8.881784197001252e-16,0.05245149999973364
9140,DI,50,1000,1000,196,2.61859941073709e-15,8.881784197001252e-16,0.0006517999863717705
9141,WMI,50,1000,1000,196,3.2975756375578143e-15,8.881784197001252e-16,0.0528875999734737
9142,DI,50,1000,1000,197,2.61859941073709e-15,8.881784197001252e-16,0.0006590000120922923
9143,WMI,50,1000,1000,197,3.2975756375578143e-15,8.881784197001252e-16,0.05299210001248866
9144,DI,50,1000,1000,198,2.61859941073709e-15,8.881784197001252e-16,0.0008410000009462237
9145,WMI,50,1000,1000,198,3.2975756375578143e-15,8.881784197001252e-16,0.051308800000697374
9146,DI,50,1000,1000,199,2.61859941073709e-15,8.881784197001252e-16,0.0006755000213161111
9147,WMI,50,1000,1000,199,3.2975756375578143e-15,8.881784197001252e-16,0.05262020000373013
9148,DI,50,1000,1000,200,2.61859941073709e-15,8.881784197001252e-16,0.0007151000027079135
9149,WMI,50,1000,1000,200,3.2975756375578143e-15,8.881784197001252e-16,0.052368200005730614
