,method,s,N,k,iter,error,diff_max,time
0,DI,100,1999,1,1,5.19805067555498e-15,1.5543122344752192e-15,0.001257299998542294
1,WMI,100,1999,1,1,5.232701569625356e-15,1.7763568394002505e-15,8.080000407062471e-05
2,ISM,100,1999,1,1,5.233122077259851e-15,1.7763568394002505e-15,0.00011819999781437218
3,DI,100,1999,1,2,5.19805067555498e-15,1.5543122344752192e-15,0.0014999000122770667
4,WMI,100,1999,1,2,5.232701569625356e-15,1.7763568394002505e-15,4.430001717992127e-05
5,ISM,100,1999,1,2,5.233122077259851e-15,1.7763568394002505e-15,8.249998791143298e-05
6,DI,100,1999,1,3,5.19805067555498e-15,1.5543122344752192e-15,0.0016447000089101493
7,WMI,100,1999,1,3,5.232701569625356e-15,1.7763568394002505e-15,9.509999654255807e-05
8,ISM,100,1999,1,3,5.233122077259851e-15,1.7763568394002505e-15,0.00011210000957362354
9,DI,100,1999,1,4,5.19805067555498e-15,1.5543122344752192e-15,0.0014425000117626041
10,WMI,100,1999,1,4,5.232701569625356e-15,1.7763568394002505e-15,8.100000559352338e-05
11,ISM,100,1999,1,4,5.233122077259851e-15,1.7763568394002505e-15,6.989997928030789e-05
12,DI,100,1999,1,5,5.19805067555498e-15,1.5543122344752192e-15,0.0013031999988015741
13,WMI,100,1999,1,5,5.232701569625356e-15,1.7763568394002505e-15,8.690002141520381e-05
14,ISM,100,1999,1,5,5.233122077259851e-15,1.7763568394002505e-15,7.949999417178333e-05
15,DI,100,1999,1,6,5.19805067555498e-15,1.5543122344752192e-15,0.0013309000059962273
16,WMI,100,1999,1,6,5.232701569625356e-15,1.7763568394002505e-15,4.7999987145885825e-05
17,ISM,100,1999,1,6,5.233122077259851e-15,1.7763568394002505e-15,3.9399979868903756e-05
18,DI,100,1999,1,7,5.19805067555498e-15,1.5543122344752192e-15,0.0013306000037118793
19,WMI,100,1999,1,7,5.232701569625356e-15,1.7763568394002505e-15,3.9300008211284876e-05
20,ISM,100,1999,1,7,5.233122077259851e-15,1.7763568394002505e-15,8.369999704882503e-05
21,DI,100,1999,1,8,5.19805067555498e-15,1.5543122344752192e-15,0.0014084999857004732
22,WMI,100,1999,1,8,5.232701569625356e-15,1.7763568394002505e-15,7.579999510198832e-05
23,ISM,100,1999,1,8,5.233122077259851e-15,1.7763568394002505e-15,6.560000474564731e-05
24,DI,100,1999,1,9,5.19805067555498e-15,1.5543122344752192e-15,0.0013458000030368567
25,WMI,100,1999,1,9,5.232701569625356e-15,1.7763568394002505e-15,4.329998046159744e-05
26,ISM,100,1999,1,9,5.233122077259851e-15,1.7763568394002505e-15,6.710001616738737e-05
27,DI,100,1999,1,10,5.19805067555498e-15,1.5543122344752192e-15,0.0013433000131044537
28,WMI,100,1999,1,10,5.232701569625356e-15,1.7763568394002505e-15,3.920000744983554e-05
29,ISM,100,1999,1,10,5.233122077259851e-15,1.7763568394002505e-15,3.759999526664615e-05
30,DI,100,1999,1,11,5.19805067555498e-15,1.5543122344752192e-15,0.0010772000241558999
31,WMI,100,1999,1,11,5.232701569625356e-15,1.7763568394002505e-15,9.249997674487531e-05
32,ISM,100,1999,1,11,5.233122077259851e-15,1.7763568394002505e-15,5.9999991208314896e-05
33,DI,100,1999,1,12,5.19805067555498e-15,1.5543122344752192e-15,0.0012632000143639743
34,WMI,100,1999,1,12,5.232701569625356e-15,1.7763568394002505e-15,0.00014059999375604093
35,ISM,100,1999,1,12,5.233122077259851e-15,1.7763568394002505e-15,7.939999341033399e-05
36,DI,100,1999,1,13,5.19805067555498e-15,1.5543122344752192e-15,0.001264000020455569
37,WMI,100,1999,1,13,5.232701569625356e-15,1.7763568394002505e-15,7.499998901039362e-05
38,ISM,100,1999,1,13,5.233122077259851e-15,1.7763568394002505e-15,8.040000102482736e-05
39,DI,100,1999,1,14,5.19805067555498e-15,1.5543122344752192e-15,0.0011703000054694712
40,WMI,100,1999,1,14,5.232701569625356e-15,1.7763568394002505e-15,8.530000923201442e-05
41,ISM,100,1999,1,14,5.233122077259851e-15,1.7763568394002505e-15,7.750000804662704e-05
42,DI,100,1999,1,15,5.19805067555498e-15,1.5543122344752192e-15,0.0012481999874580652
43,WMI,100,1999,1,15,5.232701569625356e-15,1.7763568394002505e-15,4.300000728107989e-05
44,ISM,100,1999,1,15,5.233122077259851e-15,1.7763568394002505e-15,7.82000133767724e-05
45,DI,100,1999,1,16,5.19805067555498e-15,1.5543122344752192e-15,0.0012490999943111092
46,WMI,100,1999,1,16,5.232701569625356e-15,1.7763568394002505e-15,8.420000085607171e-05
47,ISM,100,1999,1,16,5.233122077259851e-15,1.7763568394002505e-15,4.770001396536827e-05
48,DI,100,1999,1,17,5.19805067555498e-15,1.5543122344752192e-15,0.0010993999894708395
49,WMI,100,1999,1,17,5.232701569625356e-15,1.7763568394002505e-15,0.00011669998639263213
50,ISM,100,1999,1,17,5.233122077259851e-15,1.7763568394002505e-15,3.580001066438854e-05
51,DI,100,1999,1,18,5.19805067555498e-15,1.5543122344752192e-15,0.0012514999834820628
52,WMI,100,1999,1,18,5.232701569625356e-15,1.7763568394002505e-15,5.870001041330397e-05
53,ISM,100,1999,1,18,5.233122077259851e-15,1.7763568394002505e-15,8.090000483207405e-05
54,DI,100,1999,1,19,5.19805067555498e-15,1.5543122344752192e-15,0.000995899987174198
55,WMI,100,1999,1,19,5.232701569625356e-15,1.7763568394002505e-15,4.610000178217888e-05
56,ISM,100,1999,1,19,5.233122077259851e-15,1.7763568394002505e-15,3.600001218728721e-05
57,DI,100,1999,1,20,5.19805067555498e-15,1.5543122344752192e-15,0.0011112000211142004
58,WMI,100,1999,1,20,5.232701569625356e-15,1.7763568394002505e-15,9.200000204145908e-05
59,ISM,100,1999,1,20,5.233122077259851e-15,1.7763568394002505e-15,0.00010519998613744974
60,DI,100,1999,1,21,5.19805067555498e-15,1.5543122344752192e-15,0.0011823999811895192
61,WMI,100,1999,1,21,5.232701569625356e-15,1.7763568394002505e-15,4.2800005758181214e-05
62,ISM,100,1999,1,21,5.233122077259851e-15,1.7763568394002505e-15,8.060000254772604e-05
63,DI,100,1999,1,22,5.19805067555498e-15,1.5543122344752192e-15,0.0012527000217232853
64,WMI,100,1999,1,22,5.232701569625356e-15,1.7763568394002505e-15,8.379999781027436e-05
65,ISM,100,1999,1,22,5.233122077259851e-15,1.7763568394002505e-15,7.159999222494662e-05
66,DI,100,1999,1,23,5.19805067555498e-15,1.5543122344752192e-15,0.0012374999932944775
67,WMI,100,1999,1,23,5.232701569625356e-15,1.7763568394002505e-15,3.850000211969018e-05
68,ISM,100,1999,1,23,5.233122077259851e-15,1.7763568394002505e-15,7.899999036453664e-05
69,DI,100,1999,1,24,5.19805067555498e-15,1.5543122344752192e-15,0.0012266999983694404
70,WMI,100,1999,1,24,5.232701569625356e-15,1.7763568394002505e-15,5.740000051446259e-05
71,ISM,100,1999,1,24,5.233122077259851e-15,1.7763568394002505e-15,7.760000880807638e-05
72,DI,100,1999,1,25,5.19805067555498e-15,1.5543122344752192e-15,0.0013880000042263418
73,WMI,100,1999,1,25,5.232701569625356e-15,1.7763568394002505e-15,7.829998503439128e-05
74,ISM,100,1999,1,25,5.233122077259851e-15,1.7763568394002505e-15,6.769999163225293e-05
75,DI,100,1999,1,26,5.19805067555498e-15,1.5543122344752192e-15,0.0011357000039424747
76,WMI,100,1999,1,26,5.232701569625356e-15,1.7763568394002505e-15,3.919997834600508e-05
77,ISM,100,1999,1,26,5.233122077259851e-15,1.7763568394002505e-15,7.350000669248402e-05
78,DI,100,1999,1,27,5.19805067555498e-15,1.5543122344752192e-15,0.0011178000131621957
79,WMI,100,1999,1,27,5.232701569625356e-15,1.7763568394002505e-15,3.500000457279384e-05
80,ISM,100,1999,1,27,5.233122077259851e-15,1.7763568394002505e-15,7.369997911155224e-05
81,DI,100,1999,1,28,5.19805067555498e-15,1.5543122344752192e-15,0.0011474000057205558
82,WMI,100,1999,1,28,5.232701569625356e-15,1.7763568394002505e-15,5.0000002374872565e-05
83,ISM,100,1999,1,28,5.233122077259851e-15,1.7763568394002505e-15,4.3800013372674584e-05
84,DI,100,1999,1,29,5.19805067555498e-15,1.5543122344752192e-15,0.0008718000026419759
85,WMI,100,1999,1,29,5.232701569625356e-15,1.7763568394002505e-15,3.9300008211284876e-05
86,ISM,100,1999,1,29,5.233122077259851e-15,1.7763568394002505e-15,3.540000761859119e-05
87,DI,100,1999,1,30,5.19805067555498e-15,1.5543122344752192e-15,0.000805600022431463
88,WMI,100,1999,1,30,5.232701569625356e-15,1.7763568394002505e-15,3.610001294873655e-05
89,ISM,100,1999,1,30,5.233122077259851e-15,1.7763568394002505e-15,3.220001235604286e-05
90,DI,100,1999,1,31,5.19805067555498e-15,1.5543122344752192e-15,0.0008055999933276325
91,WMI,100,1999,1,31,5.232701569625356e-15,1.7763568394002505e-15,3.509997623041272e-05
92,ISM,100,1999,1,31,5.233122077259851e-15,1.7763568394002505e-15,3.2499985536560416e-05
93,DI,100,1999,1,32,5.19805067555498e-15,1.5543122344752192e-15,0.0007578000077046454
94,WMI,100,1999,1,32,5.232701569625356e-15,1.7763568394002505e-15,3.929997910745442e-05
95,ISM,100,1999,1,32,5.233122077259851e-15,1.7763568394002505e-15,3.6699988413602114e-05
96,DI,100,1999,1,33,5.19805067555498e-15,1.5543122344752192e-15,0.0007718999986536801
97,WMI,100,1999,1,33,5.232701569625356e-15,1.7763568394002505e-15,3.640001523308456e-05
98,ISM,100,1999,1,33,5.233122077259851e-15,1.7763568394002505e-15,3.159997868351638e-05
99,DI,100,1999,1,34,5.19805067555498e-15,1.5543122344752192e-15,0.0007092000159900635
100,WMI,100,1999,1,34,5.232701569625356e-15,1.7763568394002505e-15,3.8300000596791506e-05
101,ISM,100,1999,1,34,5.233122077259851e-15,1.7763568394002505e-15,3.359999391250312e-05
102,DI,100,1999,1,35,5.19805067555498e-15,1.5543122344752192e-15,0.0008059999963734299
103,WMI,100,1999,1,35,5.232701569625356e-15,1.7763568394002505e-15,3.6200013710185885e-05
104,ISM,100,1999,1,35,5.233122077259851e-15,1.7763568394002505e-15,3.220001235604286e-05
105,DI,100,1999,1,36,5.19805067555498e-15,1.5543122344752192e-15,0.000669400003971532
106,WMI,100,1999,1,36,5.232701569625356e-15,1.7763568394002505e-15,3.749999450519681e-05
107,ISM,100,1999,1,36,5.233122077259851e-15,1.7763568394002505e-15,4.6600005589425564e-05
108,DI,100,1999,1,37,5.19805067555498e-15,1.5543122344752192e-15,0.0009589000255800784
109,WMI,100,1999,1,37,5.232701569625356e-15,1.7763568394002505e-15,0.0002080000122077763
110,ISM,100,1999,1,37,5.233122077259851e-15,1.7763568394002505e-15,4.199999966658652e-05
111,DI,100,1999,1,38,5.19805067555498e-15,1.5543122344752192e-15,0.0009220000065397471
112,WMI,100,1999,1,38,5.232701569625356e-15,1.7763568394002505e-15,4.169999738223851e-05
113,ISM,100,1999,1,38,5.233122077259851e-15,1.7763568394002505e-15,8.129997877404094e-05
114,DI,100,1999,1,39,5.19805067555498e-15,1.5543122344752192e-15,0.0011254000128246844
115,WMI,100,1999,1,39,5.232701569625356e-15,1.7763568394002505e-15,7.870001718401909e-05
116,ISM,100,1999,1,39,5.233122077259851e-15,1.7763568394002505e-15,6.809999467805028e-05
117,DI,100,1999,1,40,5.19805067555498e-15,1.5543122344752192e-15,0.001056199980666861
118,WMI,100,1999,1,40,5.232701569625356e-15,1.7763568394002505e-15,3.890000516548753e-05
119,ISM,100,1999,1,40,5.233122077259851e-15,1.7763568394002505e-15,7.569999434053898e-05
120,DI,100,1999,1,41,5.19805067555498e-15,1.5543122344752192e-15,0.0010674000077415258
121,WMI,100,1999,1,41,5.232701569625356e-15,1.7763568394002505e-15,3.6200013710185885e-05
122,ISM,100,1999,1,41,5.233122077259851e-15,1.7763568394002505e-15,7.429998368024826e-05
123,DI,100,1999,1,42,5.19805067555498e-15,1.5543122344752192e-15,0.0011121999996248633
124,WMI,100,1999,1,42,5.232701569625356e-15,1.7763568394002505e-15,4.089999129064381e-05
125,ISM,100,1999,1,42,5.233122077259851e-15,1.7763568394002505e-15,7.330000516958535e-05
126,DI,100,1999,1,43,5.19805067555498e-15,1.5543122344752192e-15,0.0009602000063750893
127,WMI,100,1999,1,43,5.232701569625356e-15,1.7763568394002505e-15,7.879998884163797e-05
128,ISM,100,1999,1,43,5.233122077259851e-15,1.7763568394002505e-15,6.880000000819564e-05
129,DI,100,1999,1,44,5.19805067555498e-15,1.5543122344752192e-15,0.0011011000024154782
130,WMI,100,1999,1,44,5.232701569625356e-15,1.7763568394002505e-15,7.690000347793102e-05
131,ISM,100,1999,1,44,5.233122077259851e-15,1.7763568394002505e-15,6.719998782500625e-05
132,DI,100,1999,1,45,5.19805067555498e-15,1.5543122344752192e-15,0.001135500002419576
133,WMI,100,1999,1,45,5.232701569625356e-15,1.7763568394002505e-15,3.740002284757793e-05
134,ISM,100,1999,1,45,5.233122077259851e-15,1.7763568394002505e-15,7.390000973828137e-05
135,DI,100,1999,1,46,5.19805067555498e-15,1.5543122344752192e-15,0.0011141999857500196
136,WMI,100,1999,1,46,5.232701569625356e-15,1.7763568394002505e-15,8.100000559352338e-05
137,ISM,100,1999,1,46,5.233122077259851e-15,1.7763568394002505e-15,6.919997395016253e-05
138,DI,100,1999,1,47,5.19805067555498e-15,1.5543122344752192e-15,0.0012549999810289592
139,WMI,100,1999,1,47,5.232701569625356e-15,1.7763568394002505e-15,7.780001033097506e-05
140,ISM,100,1999,1,47,5.233122077259851e-15,1.7763568394002505e-15,7.039998308755457e-05
141,DI,100,1999,1,48,5.19805067555498e-15,1.5543122344752192e-15,0.0010437000019010156
142,WMI,100,1999,1,48,5.232701569625356e-15,1.7763568394002505e-15,4.169999738223851e-05
143,ISM,100,1999,1,48,5.233122077259851e-15,1.7763568394002505e-15,7.589999586343765e-05
144,DI,100,1999,1,49,5.19805067555498e-15,1.5543122344752192e-15,0.0010960999934468418
145,WMI,100,1999,1,49,5.232701569625356e-15,1.7763568394002505e-15,4.159999662078917e-05
146,ISM,100,1999,1,49,5.233122077259851e-15,1.7763568394002505e-15,7.579999510198832e-05
147,DI,100,1999,1,50,5.19805067555498e-15,1.5543122344752192e-15,0.001042500021867454
148,WMI,100,1999,1,50,5.232701569625356e-15,1.7763568394002505e-15,3.670001751743257e-05
149,ISM,100,1999,1,50,5.233122077259851e-15,1.7763568394002505e-15,7.420001202262938e-05
150,DI,100,1999,1,51,5.19805067555498e-15,1.5543122344752192e-15,0.001052799983881414
151,WMI,100,1999,1,51,5.232701569625356e-15,1.7763568394002505e-15,3.809999907389283e-05
152,ISM,100,1999,1,51,5.233122077259851e-15,1.7763568394002505e-15,3.759999526664615e-05
153,DI,100,1999,1,52,5.19805067555498e-15,1.5543122344752192e-15,0.000967200001468882
154,WMI,100,1999,1,52,5.232701569625356e-15,1.7763568394002505e-15,3.789999755099416e-05
155,ISM,100,1999,1,52,5.233122077259851e-15,1.7763568394002505e-15,7.51999905332923e-05
156,DI,100,1999,1,53,5.19805067555498e-15,1.5543122344752192e-15,0.0011116999958176166
157,WMI,100,1999,1,53,5.232701569625356e-15,1.7763568394002505e-15,8.030000026337802e-05
158,ISM,100,1999,1,53,5.233122077259851e-15,1.7763568394002505e-15,6.979997851885855e-05
159,DI,100,1999,1,54,5.19805067555498e-15,1.5543122344752192e-15,0.0011103999859187752
160,WMI,100,1999,1,54,5.232701569625356e-15,1.7763568394002505e-15,7.9699995694682e-05
161,ISM,100,1999,1,54,5.233122077259851e-15,1.7763568394002505e-15,6.790002225898206e-05
162,DI,100,1999,1,55,5.19805067555498e-15,1.5543122344752192e-15,0.0010654000216163695
163,WMI,100,1999,1,55,5.232701569625356e-15,1.7763568394002505e-15,3.689998993650079e-05
164,ISM,100,1999,1,55,5.233122077259851e-15,1.7763568394002505e-15,3.4699973184615374e-05
165,DI,100,1999,1,56,5.19805067555498e-15,1.5543122344752192e-15,0.0011134999804198742
166,WMI,100,1999,1,56,5.232701569625356e-15,1.7763568394002505e-15,3.9700011257082224e-05
167,ISM,100,1999,1,56,5.233122077259851e-15,1.7763568394002505e-15,3.630001447163522e-05
168,DI,100,1999,1,57,5.19805067555498e-15,1.5543122344752192e-15,0.0010850999969989061
169,WMI,100,1999,1,57,5.232701569625356e-15,1.7763568394002505e-15,4.1399995097890496e-05
170,ISM,100,1999,1,57,5.233122077259851e-15,1.7763568394002505e-15,7.660000119358301e-05
171,DI,100,1999,1,58,5.19805067555498e-15,1.5543122344752192e-15,0.0010710000060498714
172,WMI,100,1999,1,58,5.232701569625356e-15,1.7763568394002505e-15,3.630001447163522e-05
173,ISM,100,1999,1,58,5.233122077259851e-15,1.7763568394002505e-15,7.380000897683203e-05
174,DI,100,1999,1,59,5.19805067555498e-15,1.5543122344752192e-15,0.0010714000090956688
175,WMI,100,1999,1,59,5.232701569625356e-15,1.7763568394002505e-15,7.840001489967108e-05
176,ISM,100,1999,1,59,5.233122077259851e-15,1.7763568394002505e-15,7.06000137142837e-05
177,DI,100,1999,1,60,5.19805067555498e-15,1.5543122344752192e-15,0.0010840999893844128
178,WMI,100,1999,1,60,5.232701569625356e-15,1.7763568394002505e-15,5.199998850002885e-05
179,ISM,100,1999,1,60,5.233122077259851e-15,1.7763568394002505e-15,4.539999645203352e-05
180,DI,100,1999,1,61,5.19805067555498e-15,1.5543122344752192e-15,0.0010850999969989061
181,WMI,100,1999,1,61,5.232701569625356e-15,1.7763568394002505e-15,4.069998976774514e-05
182,ISM,100,1999,1,61,5.233122077259851e-15,1.7763568394002505e-15,7.77999812271446e-05
183,DI,100,1999,1,62,5.19805067555498e-15,1.5543122344752192e-15,0.00101200002245605
184,WMI,100,1999,1,62,5.232701569625356e-15,1.7763568394002505e-15,3.6500015994533896e-05
185,ISM,100,1999,1,62,5.233122077259851e-15,1.7763568394002505e-15,7.509998977184296e-05
186,DI,100,1999,1,63,5.19805067555498e-15,1.5543122344752192e-15,0.0010346999915782362
187,WMI,100,1999,1,63,5.232701569625356e-15,1.7763568394002505e-15,3.329999162815511e-05
188,ISM,100,1999,1,63,5.233122077259851e-15,1.7763568394002505e-15,7.450001430697739e-05
189,DI,100,1999,1,64,5.19805067555498e-15,1.5543122344752192e-15,0.0010624000278767198
190,WMI,100,1999,1,64,5.232701569625356e-15,1.7763568394002505e-15,4.220000118948519e-05
191,ISM,100,1999,1,64,5.233122077259851e-15,1.7763568394002505e-15,9.399998816661537e-05
192,DI,100,1999,1,65,5.19805067555498e-15,1.5543122344752192e-15,0.000836499995784834
193,WMI,100,1999,1,65,5.232701569625356e-15,1.7763568394002505e-15,3.7200021324679255e-05
194,ISM,100,1999,1,65,5.233122077259851e-15,1.7763568394002505e-15,3.3899996196851134e-05
195,DI,100,1999,1,66,5.19805067555498e-15,1.5543122344752192e-15,0.0007928999839350581
196,WMI,100,1999,1,66,5.232701569625356e-15,1.7763568394002505e-15,4.129999433644116e-05
197,ISM,100,1999,1,66,5.233122077259851e-15,1.7763568394002505e-15,3.649998689070344e-05
198,DI,100,1999,1,67,5.19805067555498e-15,1.5543122344752192e-15,0.0007572000031359494
199,WMI,100,1999,1,67,5.232701569625356e-15,1.7763568394002505e-15,3.4999975468963385e-05
200,ISM,100,1999,1,67,5.233122077259851e-15,1.7763568394002505e-15,3.2899988582357764e-05
201,DI,100,1999,1,68,5.19805067555498e-15,1.5543122344752192e-15,0.0007436999876517802
202,WMI,100,1999,1,68,5.232701569625356e-15,1.7763568394002505e-15,3.4999975468963385e-05
203,ISM,100,1999,1,68,5.233122077259851e-15,1.7763568394002505e-15,3.270001616328955e-05
204,DI,100,1999,1,69,5.19805067555498e-15,1.5543122344752192e-15,0.0007875000010244548
205,WMI,100,1999,1,69,5.232701569625356e-15,1.7763568394002505e-15,3.4500000765547156e-05
206,ISM,100,1999,1,69,5.233122077259851e-15,1.7763568394002505e-15,3.250001464039087e-05
207,DI,100,1999,1,70,5.19805067555498e-15,1.5543122344752192e-15,0.000947100023040548
208,WMI,100,1999,1,70,5.232701569625356e-15,1.7763568394002505e-15,4.710000939667225e-05
209,ISM,100,1999,1,70,5.233122077259851e-15,1.7763568394002505e-15,4.119999357499182e-05
210,DI,100,1999,1,71,5.19805067555498e-15,1.5543122344752192e-15,0.0007510999857913703
211,WMI,100,1999,1,71,5.232701569625356e-15,1.7763568394002505e-15,4.1099992813542485e-05
212,ISM,100,1999,1,71,5.233122077259851e-15,1.7763568394002505e-15,3.730002208612859e-05
213,DI,100,1999,1,72,5.19805067555498e-15,1.5543122344752192e-15,0.000832499994430691
214,WMI,100,1999,1,72,5.232701569625356e-15,1.7763568394002505e-15,3.949998063035309e-05
215,ISM,100,1999,1,72,5.233122077259851e-15,1.7763568394002505e-15,3.5299977753311396e-05
216,DI,100,1999,1,73,5.19805067555498e-15,1.5543122344752192e-15,0.0007926999824121594
217,WMI,100,1999,1,73,5.232701569625356e-15,1.7763568394002505e-15,3.759999526664615e-05
218,ISM,100,1999,1,73,5.233122077259851e-15,1.7763568394002505e-15,3.540000761859119e-05
219,DI,100,1999,1,74,5.19805067555498e-15,1.5543122344752192e-15,0.0008528000034857541
220,WMI,100,1999,1,74,5.232701569625356e-15,1.7763568394002505e-15,3.880000440403819e-05
221,ISM,100,1999,1,74,5.233122077259851e-15,1.7763568394002505e-15,3.37999954354018e-05
222,DI,100,1999,1,75,5.19805067555498e-15,1.5543122344752192e-15,0.0008377000049222261
223,WMI,100,1999,1,75,5.232701569625356e-15,1.7763568394002505e-15,3.530000685714185e-05
224,ISM,100,1999,1,75,5.233122077259851e-15,1.7763568394002505e-15,3.259998629800975e-05
225,DI,100,1999,1,76,5.19805067555498e-15,1.5543122344752192e-15,0.0007519999926444143
226,WMI,100,1999,1,76,5.232701569625356e-15,1.7763568394002505e-15,3.399999695830047e-05
227,ISM,100,1999,1,76,5.233122077259851e-15,1.7763568394002505e-15,4.4899992644786835e-05
228,DI,100,1999,1,77,5.19805067555498e-15,1.5543122344752192e-15,0.0007617000082973391
229,WMI,100,1999,1,77,5.232701569625356e-15,1.7763568394002505e-15,4.369998350739479e-05
230,ISM,100,1999,1,77,5.233122077259851e-15,1.7763568394002505e-15,3.759999526664615e-05
231,DI,100,1999,1,78,5.19805067555498e-15,1.5543122344752192e-15,0.0008842000097502023
232,WMI,100,1999,1,78,5.232701569625356e-15,1.7763568394002505e-15,3.890000516548753e-05
233,ISM,100,1999,1,78,5.233122077259851e-15,1.7763568394002505e-15,4.5599997974932194e-05
234,DI,100,1999,1,79,5.19805067555498e-15,1.5543122344752192e-15,0.0007899000192992389
235,WMI,100,1999,1,79,5.232701569625356e-15,1.7763568394002505e-15,3.6299985367804766e-05
236,ISM,100,1999,1,79,5.233122077259851e-15,1.7763568394002505e-15,3.689998993650079e-05
237,DI,100,1999,1,80,5.19805067555498e-15,1.5543122344752192e-15,0.0008807999838609248
238,WMI,100,1999,1,80,5.232701569625356e-15,1.7763568394002505e-15,4.1399995097890496e-05
239,ISM,100,1999,1,80,5.233122077259851e-15,1.7763568394002505e-15,3.429999924264848e-05
240,DI,100,1999,1,81,5.19805067555498e-15,1.5543122344752192e-15,0.0008018999942578375
241,WMI,100,1999,1,81,5.232701569625356e-15,1.7763568394002505e-15,3.71999922208488e-05
242,ISM,100,1999,1,81,5.233122077259851e-15,1.7763568394002505e-15,4.959999932907522e-05
243,DI,100,1999,1,82,5.19805067555498e-15,1.5543122344752192e-15,0.0008458000083919615
244,WMI,100,1999,1,82,5.232701569625356e-15,1.7763568394002505e-15,4.7600013203918934e-05
245,ISM,100,1999,1,82,5.233122077259851e-15,1.7763568394002505e-15,3.889997606165707e-05
246,DI,100,1999,1,83,5.19805067555498e-15,1.5543122344752192e-15,0.0008265999786090106
247,WMI,100,1999,1,83,5.232701569625356e-15,1.7763568394002505e-15,4.099999205209315e-05
248,ISM,100,1999,1,83,5.233122077259851e-15,1.7763568394002505e-15,3.5500008380040526e-05
249,DI,100,1999,1,84,5.19805067555498e-15,1.5543122344752192e-15,0.0008028000011108816
250,WMI,100,1999,1,84,5.232701569625356e-15,1.7763568394002505e-15,4.129999433644116e-05
251,ISM,100,1999,1,84,5.233122077259851e-15,1.7763568394002505e-15,3.679998917505145e-05
252,DI,100,1999,1,85,5.19805067555498e-15,1.5543122344752192e-15,0.00074819999281317
253,WMI,100,1999,1,85,5.232701569625356e-15,1.7763568394002505e-15,3.6999990697950125e-05
254,ISM,100,1999,1,85,5.233122077259851e-15,1.7763568394002505e-15,3.359999391250312e-05
255,DI,100,1999,1,86,5.19805067555498e-15,1.5543122344752192e-15,0.0008068000024650246
256,WMI,100,1999,1,86,5.232701569625356e-15,1.7763568394002505e-15,3.890000516548753e-05
257,ISM,100,1999,1,86,5.233122077259851e-15,1.7763568394002505e-15,3.37999954354018e-05
258,DI,100,1999,1,87,5.19805067555498e-15,1.5543122344752192e-15,0.0009055000264197588
259,WMI,100,1999,1,87,5.232701569625356e-15,1.7763568394002505e-15,3.619998460635543e-05
260,ISM,100,1999,1,87,5.233122077259851e-15,1.7763568394002505e-15,3.359999391250312e-05
261,DI,100,1999,1,88,5.19805067555498e-15,1.5543122344752192e-15,0.0009587999957147986
262,WMI,100,1999,1,88,5.232701569625356e-15,1.7763568394002505e-15,3.989998367615044e-05
263,ISM,100,1999,1,88,5.233122077259851e-15,1.7763568394002505e-15,3.460000152699649e-05
264,DI,100,1999,1,89,5.19805067555498e-15,1.5543122344752192e-15,0.0008383000094909221
265,WMI,100,1999,1,89,5.232701569625356e-15,1.7763568394002505e-15,4.549999721348286e-05
266,ISM,100,1999,1,89,5.233122077259851e-15,1.7763568394002505e-15,3.9700011257082224e-05
267,DI,100,1999,1,90,5.19805067555498e-15,1.5543122344752192e-15,0.0008672999974805862
268,WMI,100,1999,1,90,5.232701569625356e-15,1.7763568394002505e-15,3.920000744983554e-05
269,ISM,100,1999,1,90,5.233122077259851e-15,1.7763568394002505e-15,3.5900011425837874e-05
270,DI,100,1999,1,91,5.19805067555498e-15,1.5543122344752192e-15,0.0007624000136274844
271,WMI,100,1999,1,91,5.232701569625356e-15,1.7763568394002505e-15,3.6600016755983233e-05
272,ISM,100,1999,1,91,5.233122077259851e-15,1.7763568394002505e-15,3.300001844763756e-05
273,DI,100,1999,1,92,5.19805067555498e-15,1.5543122344752192e-15,0.0008662999898660928
274,WMI,100,1999,1,92,5.232701569625356e-15,1.7763568394002505e-15,3.510000533424318e-05
275,ISM,100,1999,1,92,5.233122077259851e-15,1.7763568394002505e-15,3.160000778734684e-05
276,DI,100,1999,1,93,5.19805067555498e-15,1.5543122344752192e-15,0.0007412999984808266
277,WMI,100,1999,1,93,5.232701569625356e-15,1.7763568394002505e-15,3.8700003642588854e-05
278,ISM,100,1999,1,93,5.233122077259851e-15,1.7763568394002505e-15,3.530000685714185e-05
279,DI,100,1999,1,94,5.19805067555498e-15,1.5543122344752192e-15,0.0007741999870631844
280,WMI,100,1999,1,94,5.232701569625356e-15,1.7763568394002505e-15,3.6900019040331244e-05
281,ISM,100,1999,1,94,5.233122077259851e-15,1.7763568394002505e-15,3.270001616328955e-05
282,DI,100,1999,1,95,5.19805067555498e-15,1.5543122344752192e-15,0.0007946999976411462
283,WMI,100,1999,1,95,5.232701569625356e-15,1.7763568394002505e-15,3.5999983083456755e-05
284,ISM,100,1999,1,95,5.233122077259851e-15,1.7763568394002505e-15,3.4199998481199145e-05
285,DI,100,1999,1,96,5.19805067555498e-15,1.5543122344752192e-15,0.0007972999883349985
286,WMI,100,1999,1,96,5.232701569625356e-15,1.7763568394002505e-15,3.6299985367804766e-05
287,ISM,100,1999,1,96,5.233122077259851e-15,1.7763568394002505e-15,3.460000152699649e-05
288,DI,100,1999,1,97,5.19805067555498e-15,1.5543122344752192e-15,0.0007321999873965979
289,WMI,100,1999,1,97,5.232701569625356e-15,1.7763568394002505e-15,3.670001751743257e-05
290,ISM,100,1999,1,97,5.233122077259851e-15,1.7763568394002505e-15,3.37999954354018e-05
291,DI,100,1999,1,98,5.19805067555498e-15,1.5543122344752192e-15,0.0008286999945994467
292,WMI,100,1999,1,98,5.232701569625356e-15,1.7763568394002505e-15,3.6699988413602114e-05
293,ISM,100,1999,1,98,5.233122077259851e-15,1.7763568394002505e-15,3.359999391250312e-05
294,DI,100,1999,1,99,5.19805067555498e-15,1.5543122344752192e-15,0.0008953000069595873
295,WMI,100,1999,1,99,5.232701569625356e-15,1.7763568394002505e-15,3.640001523308456e-05
296,ISM,100,1999,1,99,5.233122077259851e-15,1.7763568394002505e-15,3.5600009141489863e-05
297,DI,100,1999,1,100,5.19805067555498e-15,1.5543122344752192e-15,0.0013611999747809023
298,WMI,100,1999,1,100,5.232701569625356e-15,1.7763568394002505e-15,4.600000102072954e-05
299,ISM,100,1999,1,100,5.233122077259851e-15,1.7763568394002505e-15,3.71999922208488e-05
300,DI,100,1999,1,101,5.19805067555498e-15,1.5543122344752192e-15,0.0007989000005181879
301,WMI,100,1999,1,101,5.232701569625356e-15,1.7763568394002505e-15,3.789999755099416e-05
302,ISM,100,1999,1,101,5.233122077259851e-15,1.7763568394002505e-15,3.5200006095692515e-05
303,DI,100,1999,1,102,5.19805067555498e-15,1.5543122344752192e-15,0.0007467999821528792
304,WMI,100,1999,1,102,5.232701569625356e-15,1.7763568394002505e-15,3.399999695830047e-05
305,ISM,100,1999,1,102,5.233122077259851e-15,1.7763568394002505e-15,3.060000017285347e-05
306,DI,100,1999,1,103,5.19805067555498e-15,1.5543122344752192e-15,0.0008174999966286123
307,WMI,100,1999,1,103,5.232701569625356e-15,1.7763568394002505e-15,3.440000000409782e-05
308,ISM,100,1999,1,103,5.233122077259851e-15,1.7763568394002505e-15,3.0499999411404133e-05
309,DI,100,1999,1,104,5.19805067555498e-15,1.5543122344752192e-15,0.0011301999911665916
310,WMI,100,1999,1,104,5.232701569625356e-15,1.7763568394002505e-15,4.129999433644116e-05
311,ISM,100,1999,1,104,5.233122077259851e-15,1.7763568394002505e-15,3.5299977753311396e-05
312,DI,100,1999,1,105,5.19805067555498e-15,1.5543122344752192e-15,0.0007590999884996563
313,WMI,100,1999,1,105,5.232701569625356e-15,1.7763568394002505e-15,3.709999145939946e-05
314,ISM,100,1999,1,105,5.233122077259851e-15,1.7763568394002505e-15,3.2899988582357764e-05
315,DI,100,1999,1,106,5.19805067555498e-15,1.5543122344752192e-15,0.0006736000068485737
316,WMI,100,1999,1,106,5.232701569625356e-15,1.7763568394002505e-15,3.350002225488424e-05
317,ISM,100,1999,1,106,5.233122077259851e-15,1.7763568394002505e-15,3.070000093430281e-05
318,DI,100,1999,1,107,5.19805067555498e-15,1.5543122344752192e-15,0.0008577000116929412
319,WMI,100,1999,1,107,5.232701569625356e-15,1.7763568394002505e-15,3.850000211969018e-05
320,ISM,100,1999,1,107,5.233122077259851e-15,1.7763568394002505e-15,3.37999954354018e-05
321,DI,100,1999,1,108,5.19805067555498e-15,1.5543122344752192e-15,0.0008281999907922
322,WMI,100,1999,1,108,5.232701569625356e-15,1.7763568394002505e-15,3.4199998481199145e-05
323,ISM,100,1999,1,108,5.233122077259851e-15,1.7763568394002505e-15,2.9799994081258774e-05
324,DI,100,1999,1,109,5.19805067555498e-15,1.5543122344752192e-15,0.0007839000027161092
325,WMI,100,1999,1,109,5.232701569625356e-15,1.7763568394002505e-15,3.239998477511108e-05
326,ISM,100,1999,1,109,5.233122077259851e-15,1.7763568394002505e-15,3.060000017285347e-05
327,DI,100,1999,1,110,5.19805067555498e-15,1.5543122344752192e-15,0.0007397999870590866
328,WMI,100,1999,1,110,5.232701569625356e-15,1.7763568394002505e-15,3.7500023609027267e-05
329,ISM,100,1999,1,110,5.233122077259851e-15,1.7763568394002505e-15,3.200001083314419e-05
330,DI,100,1999,1,111,5.19805067555498e-15,1.5543122344752192e-15,0.0007310000073630363
331,WMI,100,1999,1,111,5.232701569625356e-15,1.7763568394002505e-15,3.510000533424318e-05
332,ISM,100,1999,1,111,5.233122077259851e-15,1.7763568394002505e-15,3.3100019209086895e-05
333,DI,100,1999,1,112,5.19805067555498e-15,1.5543122344752192e-15,0.0007610999746248126
334,WMI,100,1999,1,112,5.232701569625356e-15,1.7763568394002505e-15,4.4100015657022595e-05
335,ISM,100,1999,1,112,5.233122077259851e-15,1.7763568394002505e-15,3.609998384490609e-05
336,DI,100,1999,1,113,5.19805067555498e-15,1.5543122344752192e-15,0.0006256999913603067
337,WMI,100,1999,1,113,5.232701569625356e-15,1.7763568394002505e-15,4.33000095654279e-05
338,ISM,100,1999,1,113,5.233122077259851e-15,1.7763568394002505e-15,3.509997623041272e-05
339,DI,100,1999,1,114,5.19805067555498e-15,1.5543122344752192e-15,0.0008228000078815967
340,WMI,100,1999,1,114,5.232701569625356e-15,1.7763568394002505e-15,3.759999526664615e-05
341,ISM,100,1999,1,114,5.233122077259851e-15,1.7763568394002505e-15,3.369999467395246e-05
342,DI,100,1999,1,115,5.19805067555498e-15,1.5543122344752192e-15,0.0007105999975465238
343,WMI,100,1999,1,115,5.232701569625356e-15,1.7763568394002505e-15,4.220000118948519e-05
344,ISM,100,1999,1,115,5.233122077259851e-15,1.7763568394002505e-15,3.4999975468963385e-05
345,DI,100,1999,1,116,5.19805067555498e-15,1.5543122344752192e-15,0.0006717000214848667
346,WMI,100,1999,1,116,5.232701569625356e-15,1.7763568394002505e-15,3.689998993650079e-05
347,ISM,100,1999,1,116,5.233122077259851e-15,1.7763568394002505e-15,3.329999162815511e-05
348,DI,100,1999,1,117,5.19805067555498e-15,1.5543122344752192e-15,0.0007459000044036657
349,WMI,100,1999,1,117,5.232701569625356e-15,1.7763568394002505e-15,3.470000228844583e-05
350,ISM,100,1999,1,117,5.233122077259851e-15,1.7763568394002505e-15,3.269998705945909e-05
351,DI,100,1999,1,118,5.19805067555498e-15,1.5543122344752192e-15,0.0006680999940726906
352,WMI,100,1999,1,118,5.232701569625356e-15,1.7763568394002505e-15,3.500000457279384e-05
353,ISM,100,1999,1,118,5.233122077259851e-15,1.7763568394002505e-15,3.1899980967864394e-05
354,DI,100,1999,1,119,5.19805067555498e-15,1.5543122344752192e-15,0.0007272000075317919
355,WMI,100,1999,1,119,5.232701569625356e-15,1.7763568394002505e-15,3.940000897273421e-05
356,ISM,100,1999,1,119,5.233122077259851e-15,1.7763568394002505e-15,3.3100019209086895e-05
357,DI,100,1999,1,120,5.19805067555498e-15,1.5543122344752192e-15,0.0006793999928049743
358,WMI,100,1999,1,120,5.232701569625356e-15,1.7763568394002505e-15,3.600001218728721e-05
359,ISM,100,1999,1,120,5.233122077259851e-15,1.7763568394002505e-15,3.200001083314419e-05
360,DI,100,1999,1,121,5.19805067555498e-15,1.5543122344752192e-15,0.0006814000080339611
361,WMI,100,1999,1,121,5.232701569625356e-15,1.7763568394002505e-15,3.460000152699649e-05
362,ISM,100,1999,1,121,5.233122077259851e-15,1.7763568394002505e-15,3.2899988582357764e-05
363,DI,100,1999,1,122,5.19805067555498e-15,1.5543122344752192e-15,0.0007137999928090721
364,WMI,100,1999,1,122,5.232701569625356e-15,1.7763568394002505e-15,3.890000516548753e-05
365,ISM,100,1999,1,122,5.233122077259851e-15,1.7763568394002505e-15,3.399999695830047e-05
366,DI,100,1999,1,123,5.19805067555498e-15,1.5543122344752192e-15,0.0006730000022798777
367,WMI,100,1999,1,123,5.232701569625356e-15,1.7763568394002505e-15,3.530000685714185e-05
368,ISM,100,1999,1,123,5.233122077259851e-15,1.7763568394002505e-15,3.209998249076307e-05
369,DI,100,1999,1,124,5.19805067555498e-15,1.5543122344752192e-15,0.0007124999829102308
370,WMI,100,1999,1,124,5.232701569625356e-15,1.7763568394002505e-15,3.819999983534217e-05
371,ISM,100,1999,1,124,5.233122077259851e-15,1.7763568394002505e-15,3.260001540184021e-05
372,DI,100,1999,1,125,5.19805067555498e-15,1.5543122344752192e-15,0.0006800999981351197
373,WMI,100,1999,1,125,5.232701569625356e-15,1.7763568394002505e-15,3.37999954354018e-05
374,ISM,100,1999,1,125,5.233122077259851e-15,1.7763568394002505e-15,3.200001083314419e-05
375,DI,100,1999,1,126,5.19805067555498e-15,1.5543122344752192e-15,0.0006599999906029552
376,WMI,100,1999,1,126,5.232701569625356e-15,1.7763568394002505e-15,3.309999010525644e-05
377,ISM,100,1999,1,126,5.233122077259851e-15,1.7763568394002505e-15,2.920001861639321e-05
378,DI,100,1999,1,127,5.19805067555498e-15,1.5543122344752192e-15,0.0006139999895822257
379,WMI,100,1999,1,127,5.232701569625356e-15,1.7763568394002505e-15,3.99000127799809e-05
380,ISM,100,1999,1,127,5.233122077259851e-15,1.7763568394002505e-15,3.480000304989517e-05
381,DI,100,1999,1,128,5.19805067555498e-15,1.5543122344752192e-15,0.000691299996105954
382,WMI,100,1999,1,128,5.232701569625356e-15,1.7763568394002505e-15,4.069998976774514e-05
383,ISM,100,1999,1,128,5.233122077259851e-15,1.7763568394002505e-15,3.480000304989517e-05
384,DI,100,1999,1,129,5.19805067555498e-15,1.5543122344752192e-15,0.0006686999986413866
385,WMI,100,1999,1,129,5.232701569625356e-15,1.7763568394002505e-15,3.539997851476073e-05
386,ISM,100,1999,1,129,5.233122077259851e-15,1.7763568394002505e-15,3.190001007169485e-05
387,DI,100,1999,1,130,5.19805067555498e-15,1.5543122344752192e-15,0.0006553000130224973
388,WMI,100,1999,1,130,5.232701569625356e-15,1.7763568394002505e-15,3.71999922208488e-05
389,ISM,100,1999,1,130,5.233122077259851e-15,1.7763568394002505e-15,3.170000854879618e-05
390,DI,100,1999,1,131,5.19805067555498e-15,1.5543122344752192e-15,0.0006821000133641064
391,WMI,100,1999,1,131,5.232701569625356e-15,1.7763568394002505e-15,3.899997682310641e-05
392,ISM,100,1999,1,131,5.233122077259851e-15,1.7763568394002505e-15,3.339999238960445e-05
393,DI,100,1999,1,132,5.19805067555498e-15,1.5543122344752192e-15,0.0007041000062599778
394,WMI,100,1999,1,132,5.232701569625356e-15,1.7763568394002505e-15,3.400002606213093e-05
395,ISM,100,1999,1,132,5.233122077259851e-15,1.7763568394002505e-15,3.130000550299883e-05
396,DI,100,1999,1,133,5.19805067555498e-15,1.5543122344752192e-15,0.00067559999297373
397,WMI,100,1999,1,133,5.232701569625356e-15,1.7763568394002505e-15,3.2800016924738884e-05
398,ISM,100,1999,1,133,5.233122077259851e-15,1.7763568394002505e-15,3.060000017285347e-05
399,DI,100,1999,1,134,5.19805067555498e-15,1.5543122344752192e-15,0.0006775000074412674
400,WMI,100,1999,1,134,5.232701569625356e-15,1.7763568394002505e-15,3.399999695830047e-05
401,ISM,100,1999,1,134,5.233122077259851e-15,1.7763568394002505e-15,3.0399998649954796e-05
402,DI,100,1999,1,135,5.19805067555498e-15,1.5543122344752192e-15,0.0006762999983038753
403,WMI,100,1999,1,135,5.232701569625356e-15,1.7763568394002505e-15,3.759999526664615e-05
404,ISM,100,1999,1,135,5.233122077259851e-15,1.7763568394002505e-15,3.269998705945909e-05
405,DI,100,1999,1,136,5.19805067555498e-15,1.5543122344752192e-15,0.0006961000035516918
406,WMI,100,1999,1,136,5.232701569625356e-15,1.7763568394002505e-15,3.530000685714185e-05
407,ISM,100,1999,1,136,5.233122077259851e-15,1.7763568394002505e-15,3.0399998649954796e-05
408,DI,100,1999,1,137,5.19805067555498e-15,1.5543122344752192e-15,0.0006794999935664237
409,WMI,100,1999,1,137,5.232701569625356e-15,1.7763568394002505e-15,3.409999771974981e-05
410,ISM,100,1999,1,137,5.233122077259851e-15,1.7763568394002505e-15,3.759999526664615e-05
411,DI,100,1999,1,138,5.19805067555498e-15,1.5543122344752192e-15,0.0006813000072725117
412,WMI,100,1999,1,138,5.232701569625356e-15,1.7763568394002505e-15,3.5200006095692515e-05
413,ISM,100,1999,1,138,5.233122077259851e-15,1.7763568394002505e-15,3.139997716061771e-05
414,DI,100,1999,1,139,5.19805067555498e-15,1.5543122344752192e-15,0.0006959000020287931
415,WMI,100,1999,1,139,5.232701569625356e-15,1.7763568394002505e-15,3.440000000409782e-05
416,ISM,100,1999,1,139,5.233122077259851e-15,1.7763568394002505e-15,3.100000321865082e-05
417,DI,100,1999,1,140,5.19805067555498e-15,1.5543122344752192e-15,0.0007050999847706407
418,WMI,100,1999,1,140,5.232701569625356e-15,1.7763568394002505e-15,3.250001464039087e-05
419,ISM,100,1999,1,140,5.233122077259851e-15,1.7763568394002505e-15,2.95999925583601e-05
420,DI,100,1999,1,141,5.19805067555498e-15,1.5543122344752192e-15,0.0008390000148210675
421,WMI,100,1999,1,141,5.232701569625356e-15,1.7763568394002505e-15,4.1399995097890496e-05
422,ISM,100,1999,1,141,5.233122077259851e-15,1.7763568394002505e-15,3.470000228844583e-05
423,DI,100,1999,1,142,5.19805067555498e-15,1.5543122344752192e-15,0.0007096999906934798
424,WMI,100,1999,1,142,5.232701569625356e-15,1.7763568394002505e-15,3.649998689070344e-05
425,ISM,100,1999,1,142,5.233122077259851e-15,1.7763568394002505e-15,3.130000550299883e-05
426,DI,100,1999,1,143,5.19805067555498e-15,1.5543122344752192e-15,0.0014594999956898391
427,WMI,100,1999,1,143,5.232701569625356e-15,1.7763568394002505e-15,3.890000516548753e-05
428,ISM,100,1999,1,143,5.233122077259851e-15,1.7763568394002505e-15,3.470000228844583e-05
429,DI,100,1999,1,144,5.19805067555498e-15,1.5543122344752192e-15,0.0007078000053297728
430,WMI,100,1999,1,144,5.232701569625356e-15,1.7763568394002505e-15,3.759999526664615e-05
431,ISM,100,1999,1,144,5.233122077259851e-15,1.7763568394002505e-15,3.290001768618822e-05
432,DI,100,1999,1,145,5.19805067555498e-15,1.5543122344752192e-15,0.0006551000114995986
433,WMI,100,1999,1,145,5.232701569625356e-15,1.7763568394002505e-15,3.6999990697950125e-05
434,ISM,100,1999,1,145,5.233122077259851e-15,1.7763568394002505e-15,3.100000321865082e-05
435,DI,100,1999,1,146,5.19805067555498e-15,1.5543122344752192e-15,0.0006908999930601567
436,WMI,100,1999,1,146,5.232701569625356e-15,1.7763568394002505e-15,3.510000533424318e-05
437,ISM,100,1999,1,146,5.233122077259851e-15,1.7763568394002505e-15,3.15000070258975e-05
438,DI,100,1999,1,147,5.19805067555498e-15,1.5543122344752192e-15,0.000670900015393272
439,WMI,100,1999,1,147,5.232701569625356e-15,1.7763568394002505e-15,4.230000195093453e-05
440,ISM,100,1999,1,147,5.233122077259851e-15,1.7763568394002505e-15,3.5200006095692515e-05
441,DI,100,1999,1,148,5.19805067555498e-15,1.5543122344752192e-15,0.0007351000094786286
442,WMI,100,1999,1,148,5.232701569625356e-15,1.7763568394002505e-15,3.689998993650079e-05
443,ISM,100,1999,1,148,5.233122077259851e-15,1.7763568394002505e-15,3.250001464039087e-05
444,DI,100,1999,1,149,5.19805067555498e-15,1.5543122344752192e-15,0.0006893999816384166
445,WMI,100,1999,1,149,5.232701569625356e-15,1.7763568394002505e-15,3.399999695830047e-05
446,ISM,100,1999,1,149,5.233122077259851e-15,1.7763568394002505e-15,3.099997411482036e-05
447,DI,100,1999,1,150,5.19805067555498e-15,1.5543122344752192e-15,0.0006645999965257943
448,WMI,100,1999,1,150,5.232701569625356e-15,1.7763568394002505e-15,3.359999391250312e-05
449,ISM,100,1999,1,150,5.233122077259851e-15,1.7763568394002505e-15,2.9699993319809437e-05
450,DI,100,1999,1,151,5.19805067555498e-15,1.5543122344752192e-15,0.0006855999818071723
451,WMI,100,1999,1,151,5.232701569625356e-15,1.7763568394002505e-15,3.889997606165707e-05
452,ISM,100,1999,1,151,5.233122077259851e-15,1.7763568394002505e-15,3.290001768618822e-05
453,DI,100,1999,1,152,5.19805067555498e-15,1.5543122344752192e-15,0.0007252999930642545
454,WMI,100,1999,1,152,5.232701569625356e-15,1.7763568394002505e-15,3.530000685714185e-05
455,ISM,100,1999,1,152,5.233122077259851e-15,1.7763568394002505e-15,3.0800001695752144e-05
456,DI,100,1999,1,153,5.19805067555498e-15,1.5543122344752192e-15,0.000690099986968562
457,WMI,100,1999,1,153,5.232701569625356e-15,1.7763568394002505e-15,3.440000000409782e-05
458,ISM,100,1999,1,153,5.233122077259851e-15,1.7763568394002505e-15,3.1800009310245514e-05
459,DI,100,1999,1,154,5.19805067555498e-15,1.5543122344752192e-15,0.0006725999992340803
460,WMI,100,1999,1,154,5.232701569625356e-15,1.7763568394002505e-15,3.6699988413602114e-05
461,ISM,100,1999,1,154,5.233122077259851e-15,1.7763568394002505e-15,3.7999998312443495e-05
462,DI,100,1999,1,155,5.19805067555498e-15,1.5543122344752192e-15,0.0007634999928995967
463,WMI,100,1999,1,155,5.232701569625356e-15,1.7763568394002505e-15,4.220000118948519e-05
464,ISM,100,1999,1,155,5.233122077259851e-15,1.7763568394002505e-15,3.600001218728721e-05
465,DI,100,1999,1,156,5.19805067555498e-15,1.5543122344752192e-15,0.0007486999966204166
466,WMI,100,1999,1,156,5.232701569625356e-15,1.7763568394002505e-15,3.63999861292541e-05
467,ISM,100,1999,1,156,5.233122077259851e-15,1.7763568394002505e-15,3.190001007169485e-05
468,DI,100,1999,1,157,5.19805067555498e-15,1.5543122344752192e-15,0.0007062999939080328
469,WMI,100,1999,1,157,5.232701569625356e-15,1.7763568394002505e-15,4.2100000428035855e-05
470,ISM,100,1999,1,157,5.233122077259851e-15,1.7763568394002505e-15,3.539997851476073e-05
471,DI,100,1999,1,158,5.19805067555498e-15,1.5543122344752192e-15,0.0006893999816384166
472,WMI,100,1999,1,158,5.232701569625356e-15,1.7763568394002505e-15,3.460000152699649e-05
473,ISM,100,1999,1,158,5.233122077259851e-15,1.7763568394002505e-15,3.029999788850546e-05
474,DI,100,1999,1,159,5.19805067555498e-15,1.5543122344752192e-15,0.0006945999921299517
475,WMI,100,1999,1,159,5.232701569625356e-15,1.7763568394002505e-15,3.510000533424318e-05
476,ISM,100,1999,1,159,5.233122077259851e-15,1.7763568394002505e-15,3.269998705945909e-05
477,DI,100,1999,1,160,5.19805067555498e-15,1.5543122344752192e-15,0.0006442999874707311
478,WMI,100,1999,1,160,5.232701569625356e-15,1.7763568394002505e-15,3.399999695830047e-05
479,ISM,100,1999,1,160,5.233122077259851e-15,1.7763568394002505e-15,3.1499977922067046e-05
480,DI,100,1999,1,161,5.19805067555498e-15,1.5543122344752192e-15,0.0006786000158172101
481,WMI,100,1999,1,161,5.232701569625356e-15,1.7763568394002505e-15,3.540000761859119e-05
482,ISM,100,1999,1,161,5.233122077259851e-15,1.7763568394002505e-15,3.090000245720148e-05
483,DI,100,1999,1,162,5.19805067555498e-15,1.5543122344752192e-15,0.0006438000127673149
484,WMI,100,1999,1,162,5.232701569625356e-15,1.7763568394002505e-15,3.239998477511108e-05
485,ISM,100,1999,1,162,5.233122077259851e-15,1.7763568394002505e-15,3.060000017285347e-05
486,DI,100,1999,1,163,5.19805067555498e-15,1.5543122344752192e-15,0.0006476000125985593
487,WMI,100,1999,1,163,5.232701569625356e-15,1.7763568394002505e-15,3.2899988582357764e-05
488,ISM,100,1999,1,163,5.233122077259851e-15,1.7763568394002505e-15,3.0399998649954796e-05
489,DI,100,1999,1,164,5.19805067555498e-15,1.5543122344752192e-15,0.0006432000081986189
490,WMI,100,1999,1,164,5.232701569625356e-15,1.7763568394002505e-15,3.2899988582357764e-05
491,ISM,100,1999,1,164,5.233122077259851e-15,1.7763568394002505e-15,3.0499999411404133e-05
492,DI,100,1999,1,165,5.19805067555498e-15,1.5543122344752192e-15,0.0006925000052433461
493,WMI,100,1999,1,165,5.232701569625356e-15,1.7763568394002505e-15,3.4500000765547156e-05
494,ISM,100,1999,1,165,5.233122077259851e-15,1.7763568394002505e-15,3.179998020641506e-05
495,DI,100,1999,1,166,5.19805067555498e-15,1.5543122344752192e-15,0.000693499983754009
496,WMI,100,1999,1,166,5.232701569625356e-15,1.7763568394002505e-15,3.359999391250312e-05
497,ISM,100,1999,1,166,5.233122077259851e-15,1.7763568394002505e-15,3.0000024707987905e-05
498,DI,100,1999,1,167,5.19805067555498e-15,1.5543122344752192e-15,0.0006987999950069934
499,WMI,100,1999,1,167,5.232701569625356e-15,1.7763568394002505e-15,3.5200006095692515e-05
500,ISM,100,1999,1,167,5.233122077259851e-15,1.7763568394002505e-15,3.060000017285347e-05
501,DI,100,1999,1,168,5.19805067555498e-15,1.5543122344752192e-15,0.0006884000031277537
502,WMI,100,1999,1,168,5.232701569625356e-15,1.7763568394002505e-15,4.469999112188816e-05
503,ISM,100,1999,1,168,5.233122077259851e-15,1.7763568394002505e-15,5.2499992307275534e-05
504,DI,100,1999,1,169,5.19805067555498e-15,1.5543122344752192e-15,0.0006990999972913414
505,WMI,100,1999,1,169,5.232701569625356e-15,1.7763568394002505e-15,3.9799982914701104e-05
506,ISM,100,1999,1,169,5.233122077259851e-15,1.7763568394002505e-15,3.399999695830047e-05
507,DI,100,1999,1,170,5.19805067555498e-15,1.5543122344752192e-15,0.000665400002617389
508,WMI,100,1999,1,170,5.232701569625356e-15,1.7763568394002505e-15,4.019998596049845e-05
509,ISM,100,1999,1,170,5.233122077259851e-15,1.7763568394002505e-15,3.4900003811344504e-05
510,DI,100,1999,1,171,5.19805067555498e-15,1.5543122344752192e-15,0.0006851000071037561
511,WMI,100,1999,1,171,5.232701569625356e-15,1.7763568394002505e-15,3.4900003811344504e-05
512,ISM,100,1999,1,171,5.233122077259851e-15,1.7763568394002505e-15,3.270001616328955e-05
513,DI,100,1999,1,172,5.19805067555498e-15,1.5543122344752192e-15,0.0006677999917883426
514,WMI,100,1999,1,172,5.232701569625356e-15,1.7763568394002505e-15,3.7200021324679255e-05
515,ISM,100,1999,1,172,5.233122077259851e-15,1.7763568394002505e-15,3.199998172931373e-05
516,DI,100,1999,1,173,5.19805067555498e-15,1.5543122344752192e-15,0.0006933000113349408
517,WMI,100,1999,1,173,5.232701569625356e-15,1.7763568394002505e-15,3.399999695830047e-05
518,ISM,100,1999,1,173,5.233122077259851e-15,1.7763568394002505e-15,3.130000550299883e-05
519,DI,100,1999,1,174,5.19805067555498e-15,1.5543122344752192e-15,0.00067559999297373
520,WMI,100,1999,1,174,5.232701569625356e-15,1.7763568394002505e-15,3.309999010525644e-05
521,ISM,100,1999,1,174,5.233122077259851e-15,1.7763568394002505e-15,2.9499991796910763e-05
522,DI,100,1999,1,175,5.19805067555498e-15,1.5543122344752192e-15,0.0006920000014360994
523,WMI,100,1999,1,175,5.232701569625356e-15,1.7763568394002505e-15,3.250001464039087e-05
524,ISM,100,1999,1,175,5.233122077259851e-15,1.7763568394002505e-15,3.5600009141489863e-05
525,DI,100,1999,1,176,5.19805067555498e-15,1.5543122344752192e-15,0.0006504000048153102
526,WMI,100,1999,1,176,5.232701569625356e-15,1.7763568394002505e-15,3.220001235604286e-05
527,ISM,100,1999,1,176,5.233122077259851e-15,1.7763568394002505e-15,3.0800001695752144e-05
528,DI,100,1999,1,177,5.19805067555498e-15,1.5543122344752192e-15,0.0006656000041402876
529,WMI,100,1999,1,177,5.232701569625356e-15,1.7763568394002505e-15,3.3100019209086895e-05
530,ISM,100,1999,1,177,5.233122077259851e-15,1.7763568394002505e-15,2.9999995604157448e-05
531,DI,100,1999,1,178,5.19805067555498e-15,1.5543122344752192e-15,0.0006729000015184283
532,WMI,100,1999,1,178,5.232701569625356e-15,1.7763568394002505e-15,3.7999998312443495e-05
533,ISM,100,1999,1,178,5.233122077259851e-15,1.7763568394002505e-15,3.229998401366174e-05
534,DI,100,1999,1,179,5.19805067555498e-15,1.5543122344752192e-15,0.0006520999886561185
535,WMI,100,1999,1,179,5.232701569625356e-15,1.7763568394002505e-15,3.969998215325177e-05
536,ISM,100,1999,1,179,5.233122077259851e-15,1.7763568394002505e-15,3.4500000765547156e-05
537,DI,100,1999,1,180,5.19805067555498e-15,1.5543122344752192e-15,0.0006822999857831746
538,WMI,100,1999,1,180,5.232701569625356e-15,1.7763568394002505e-15,3.3899996196851134e-05
539,ISM,100,1999,1,180,5.233122077259851e-15,1.7763568394002505e-15,3.190001007169485e-05
540,DI,100,1999,1,181,5.19805067555498e-15,1.5543122344752192e-15,0.000670300010824576
541,WMI,100,1999,1,181,5.232701569625356e-15,1.7763568394002505e-15,3.440000000409782e-05
542,ISM,100,1999,1,181,5.233122077259851e-15,1.7763568394002505e-15,3.0499999411404133e-05
543,DI,100,1999,1,182,5.19805067555498e-15,1.5543122344752192e-15,0.0008541000133845955
544,WMI,100,1999,1,182,5.232701569625356e-15,1.7763568394002505e-15,4.129999433644116e-05
545,ISM,100,1999,1,182,5.233122077259851e-15,1.7763568394002505e-15,3.5900011425837874e-05
546,DI,100,1999,1,183,5.19805067555498e-15,1.5543122344752192e-15,0.0007059999916236848
547,WMI,100,1999,1,183,5.232701569625356e-15,1.7763568394002505e-15,3.779999678954482e-05
548,ISM,100,1999,1,183,5.233122077259851e-15,1.7763568394002505e-15,3.429999924264848e-05
549,DI,100,1999,1,184,5.19805067555498e-15,1.5543122344752192e-15,0.0006812000065110624
550,WMI,100,1999,1,184,5.232701569625356e-15,1.7763568394002505e-15,3.659998765215278e-05
551,ISM,100,1999,1,184,5.233122077259851e-15,1.7763568394002505e-15,4.329998046159744e-05
552,DI,100,1999,1,185,5.19805067555498e-15,1.5543122344752192e-15,0.0006674999895039946
553,WMI,100,1999,1,185,5.232701569625356e-15,1.7763568394002505e-15,3.860000288113952e-05
554,ISM,100,1999,1,185,5.233122077259851e-15,1.7763568394002505e-15,3.260001540184021e-05
555,DI,100,1999,1,186,5.19805067555498e-15,1.5543122344752192e-15,0.0006618000043090433
556,WMI,100,1999,1,186,5.232701569625356e-15,1.7763568394002505e-15,3.429999924264848e-05
557,ISM,100,1999,1,186,5.233122077259851e-15,1.7763568394002505e-15,3.1100003980100155e-05
558,DI,100,1999,1,187,5.19805067555498e-15,1.5543122344752192e-15,0.0006530999962706119
559,WMI,100,1999,1,187,5.232701569625356e-15,1.7763568394002505e-15,3.91000066883862e-05
560,ISM,100,1999,1,187,5.233122077259851e-15,1.7763568394002505e-15,3.57000099029392e-05
561,DI,100,1999,1,188,5.19805067555498e-15,1.5543122344752192e-15,0.0006982000195421278
562,WMI,100,1999,1,188,5.232701569625356e-15,1.7763568394002505e-15,3.679998917505145e-05
563,ISM,100,1999,1,188,5.233122077259851e-15,1.7763568394002505e-15,3.090000245720148e-05
564,DI,100,1999,1,189,5.19805067555498e-15,1.5543122344752192e-15,0.0006780000112485141
565,WMI,100,1999,1,189,5.232701569625356e-15,1.7763568394002505e-15,3.679998917505145e-05
566,ISM,100,1999,1,189,5.233122077259851e-15,1.7763568394002505e-15,4.3899985030293465e-05
567,DI,100,1999,1,190,5.19805067555498e-15,1.5543122344752192e-15,0.0007101999945007265
568,WMI,100,1999,1,190,5.232701569625356e-15,1.7763568394002505e-15,3.540000761859119e-05
569,ISM,100,1999,1,190,5.233122077259851e-15,1.7763568394002505e-15,3.029999788850546e-05
570,DI,100,1999,1,191,5.19805067555498e-15,1.5543122344752192e-15,0.0006836999964434654
571,WMI,100,1999,1,191,5.232701569625356e-15,1.7763568394002505e-15,3.239998477511108e-05
572,ISM,100,1999,1,191,5.233122077259851e-15,1.7763568394002505e-15,3.0800001695752144e-05
573,DI,100,1999,1,192,5.19805067555498e-15,1.5543122344752192e-15,0.000672499998472631
574,WMI,100,1999,1,192,5.232701569625356e-15,1.7763568394002505e-15,3.6600016755983233e-05
575,ISM,100,1999,1,192,5.233122077259851e-15,1.7763568394002505e-15,3.409999771974981e-05
576,DI,100,1999,1,193,5.19805067555498e-15,1.5543122344752192e-15,0.0007138999935705215
577,WMI,100,1999,1,193,5.232701569625356e-15,1.7763568394002505e-15,3.6200013710185885e-05
578,ISM,100,1999,1,193,5.233122077259851e-15,1.7763568394002505e-15,3.259998629800975e-05
579,DI,100,1999,1,194,5.19805067555498e-15,1.5543122344752192e-15,0.0007218999962788075
580,WMI,100,1999,1,194,5.232701569625356e-15,1.7763568394002505e-15,3.5999983083456755e-05
581,ISM,100,1999,1,194,5.233122077259851e-15,1.7763568394002505e-15,3.2899988582357764e-05
582,DI,100,1999,1,195,5.19805067555498e-15,1.5543122344752192e-15,0.0012453999952413142
583,WMI,100,1999,1,195,5.232701569625356e-15,1.7763568394002505e-15,4.320000880397856e-05
584,ISM,100,1999,1,195,5.233122077259851e-15,1.7763568394002505e-15,8.170001092366874e-05
585,DI,100,1999,1,196,5.19805067555498e-15,1.5543122344752192e-15,0.0008111000061035156
586,WMI,100,1999,1,196,5.232701569625356e-15,1.7763568394002505e-15,4.5199994929134846e-05
587,ISM,100,1999,1,196,5.233122077259851e-15,1.7763568394002505e-15,3.7200021324679255e-05
588,DI,100,1999,1,197,5.19805067555498e-15,1.5543122344752192e-15,0.0006782000127714127
589,WMI,100,1999,1,197,5.232701569625356e-15,1.7763568394002505e-15,3.850000211969018e-05
590,ISM,100,1999,1,197,5.233122077259851e-15,1.7763568394002505e-15,3.4199998481199145e-05
591,DI,100,1999,1,198,5.19805067555498e-15,1.5543122344752192e-15,0.0006609999982174486
592,WMI,100,1999,1,198,5.232701569625356e-15,1.7763568394002505e-15,3.4900003811344504e-05
593,ISM,100,1999,1,198,5.233122077259851e-15,1.7763568394002505e-15,3.100000321865082e-05
594,DI,100,1999,1,199,5.19805067555498e-15,1.5543122344752192e-15,0.0006850000063423067
595,WMI,100,1999,1,199,5.232701569625356e-15,1.7763568394002505e-15,4.2400002712383866e-05
596,ISM,100,1999,1,199,5.233122077259851e-15,1.7763568394002505e-15,3.440000000409782e-05
597,DI,100,1999,1,200,5.19805067555498e-15,1.5543122344752192e-15,0.0006711999885737896
598,WMI,100,1999,1,200,5.232701569625356e-15,1.7763568394002505e-15,3.739999374374747e-05
599,ISM,100,1999,1,200,5.233122077259851e-15,1.7763568394002505e-15,3.1100003980100155e-05
600,DI,100,1998,2,1,5.081503187874641e-15,1.5543122344752192e-15,0.0008268999808933586
601,WMI,100,1998,2,1,5.141527638060172e-15,1.9984014443252818e-15,6.17999758105725e-05
602,ISM,100,1998,2,1,0.06069710867639976,0.0038225344357209665,7.149999146349728e-05
603,DI,100,1998,2,2,5.081503187874641e-15,1.5543122344752192e-15,0.000890900002559647
604,WMI,100,1998,2,2,5.141527638060172e-15,1.9984014443252818e-15,8.480000542476773e-05
605,ISM,100,1998,2,2,0.06069710867639976,0.0038225344357209665,0.00013199998647905886
606,DI,100,1998,2,3,5.081503187874641e-15,1.5543122344752192e-15,0.0008777999901212752
607,WMI,100,1998,2,3,5.141527638060172e-15,1.9984014443252818e-15,5.3000025218352675e-05
608,ISM,100,1998,2,3,0.06069710867639976,0.0038225344357209665,0.00012650000280700624
609,DI,100,1998,2,4,5.081503187874641e-15,1.5543122344752192e-15,0.0007876000017859042
610,WMI,100,1998,2,4,5.141527638060172e-15,1.9984014443252818e-15,7.680000271648169e-05
611,ISM,100,1998,2,4,0.06069710867639976,0.0038225344357209665,0.00012159999459981918
612,DI,100,1998,2,5,5.081503187874641e-15,1.5543122344752192e-15,0.0013558999926317483
613,WMI,100,1998,2,5,5.141527638060172e-15,1.9984014443252818e-15,8.019999950192869e-05
614,ISM,100,1998,2,5,0.06069710867639976,0.0038225344357209665,0.00012649997370317578
615,DI,100,1998,2,6,5.081503187874641e-15,1.5543122344752192e-15,0.0008959000115282834
616,WMI,100,1998,2,6,5.141527638060172e-15,1.9984014443252818e-15,7.429998368024826e-05
617,ISM,100,1998,2,6,0.06069710867639976,0.0038225344357209665,0.00012799998512491584
618,DI,100,1998,2,7,5.081503187874641e-15,1.5543122344752192e-15,0.0009874000097624958
619,WMI,100,1998,2,7,5.141527638060172e-15,1.9984014443252818e-15,5.1300012273713946e-05
620,ISM,100,1998,2,7,0.06069710867639976,0.0038225344357209665,0.00013649999164044857
621,DI,100,1998,2,8,5.081503187874641e-15,1.5543122344752192e-15,0.0007440999906975776
622,WMI,100,1998,2,8,5.141527638060172e-15,1.9984014443252818e-15,4.049998824484646e-05
623,ISM,100,1998,2,8,0.06069710867639976,0.0038225344357209665,0.00015269999857991934
624,DI,100,1998,2,9,5.081503187874641e-15,1.5543122344752192e-15,0.001095100014936179
625,WMI,100,1998,2,9,5.141527638060172e-15,1.9984014443252818e-15,0.00012799998512491584
626,ISM,100,1998,2,9,0.06069710867639976,0.0038225344357209665,0.0001996000064536929
627,DI,100,1998,2,10,5.081503187874641e-15,1.5543122344752192e-15,0.0011027999862562865
628,WMI,100,1998,2,10,5.141527638060172e-15,1.9984014443252818e-15,4.7200010158121586e-05
629,ISM,100,1998,2,10,0.06069710867639976,0.0038225344357209665,0.00014560000272467732
630,DI,100,1998,2,11,5.081503187874641e-15,1.5543122344752192e-15,0.0010091000003740191
631,WMI,100,1998,2,11,5.141527638060172e-15,1.9984014443252818e-15,8.530000923201442e-05
632,ISM,100,1998,2,11,0.06069710867639976,0.0038225344357209665,0.00020830001449212432
633,DI,100,1998,2,12,5.081503187874641e-15,1.5543122344752192e-15,0.0014026999997440726
634,WMI,100,1998,2,12,5.141527638060172e-15,1.9984014443252818e-15,5.549998604692519e-05
635,ISM,100,1998,2,12,0.06069710867639976,0.0038225344357209665,6.660001236014068e-05
636,DI,100,1998,2,13,5.081503187874641e-15,1.5543122344752192e-15,0.000926399981835857
637,WMI,100,1998,2,13,5.141527638060172e-15,1.9984014443252818e-15,4.300000728107989e-05
638,ISM,100,1998,2,13,0.06069710867639976,0.0038225344357209665,6.249998114071786e-05
639,DI,100,1998,2,14,5.081503187874641e-15,1.5543122344752192e-15,0.0010295999818481505
640,WMI,100,1998,2,14,5.141527638060172e-15,1.9984014443252818e-15,3.9300008211284876e-05
641,ISM,100,1998,2,14,0.06069710867639976,0.0038225344357209665,6.120000034570694e-05
642,DI,100,1998,2,15,5.081503187874641e-15,1.5543122344752192e-15,0.0009358000243082643
643,WMI,100,1998,2,15,5.141527638060172e-15,1.9984014443252818e-15,0.00017970000044442713
644,ISM,100,1998,2,15,0.06069710867639976,0.0038225344357209665,6.550000398419797e-05
645,DI,100,1998,2,16,5.081503187874641e-15,1.5543122344752192e-15,0.0011069999891333282
646,WMI,100,1998,2,16,5.141527638060172e-15,1.9984014443252818e-15,0.0001289999927394092
647,ISM,100,1998,2,16,0.06069710867639976,0.0038225344357209665,7.43999844416976e-05
648,DI,100,1998,2,17,5.081503187874641e-15,1.5543122344752192e-15,0.0008596999978180975
649,WMI,100,1998,2,17,5.141527638060172e-15,1.9984014443252818e-15,4.6600005589425564e-05
650,ISM,100,1998,2,17,0.06069710867639976,0.0038225344357209665,6.0999998822808266e-05
651,DI,100,1998,2,18,5.081503187874641e-15,1.5543122344752192e-15,0.0008601000008638948
652,WMI,100,1998,2,18,5.141527638060172e-15,1.9984014443252818e-15,4.230000195093453e-05
653,ISM,100,1998,2,18,0.06069710867639976,0.0038225344357209665,6.089999806135893e-05
654,DI,100,1998,2,19,5.081503187874641e-15,1.5543122344752192e-15,0.0008792000007815659
655,WMI,100,1998,2,19,5.141527638060172e-15,1.9984014443252818e-15,0.00014669998199678957
656,ISM,100,1998,2,19,0.06069710867639976,0.0038225344357209665,0.00022350001381710172
657,DI,100,1998,2,20,5.081503187874641e-15,1.5543122344752192e-15,0.0011509000032674521
658,WMI,100,1998,2,20,5.141527638060172e-15,1.9984014443252818e-15,8.239998714998364e-05
659,ISM,100,1998,2,20,0.06069710867639976,0.0038225344357209665,0.0001255999959539622
660,DI,100,1998,2,21,5.081503187874641e-15,1.5543122344752192e-15,0.0010753000096883625
661,WMI,100,1998,2,21,5.141527638060172e-15,1.9984014443252818e-15,5.229999078437686e-05
662,ISM,100,1998,2,21,0.06069710867639976,0.0038225344357209665,0.00010759997530840337
663,DI,100,1998,2,22,5.081503187874641e-15,1.5543122344752192e-15,0.0009436999971512705
664,WMI,100,1998,2,22,5.141527638060172e-15,1.9984014443252818e-15,5.4500007536262274e-05
665,ISM,100,1998,2,22,0.06069710867639976,0.0038225344357209665,0.00011419999646022916
666,DI,100,1998,2,23,5.081503187874641e-15,1.5543122344752192e-15,0.0009002999868243933
667,WMI,100,1998,2,23,5.141527638060172e-15,1.9984014443252818e-15,8.159998105838895e-05
668,ISM,100,1998,2,23,0.06069710867639976,0.0038225344357209665,0.00012469998910091817
669,DI,100,1998,2,24,5.081503187874641e-15,1.5543122344752192e-15,0.0010056000028271228
670,WMI,100,1998,2,24,5.141527638060172e-15,1.9984014443252818e-15,4.81999886687845e-05
671,ISM,100,1998,2,24,0.06069710867639976,0.0038225344357209665,6.690001464448869e-05
672,DI,100,1998,2,25,5.081503187874641e-15,1.5543122344752192e-15,0.0011436000058893114
673,WMI,100,1998,2,25,5.141527638060172e-15,1.9984014443252818e-15,5.189998773857951e-05
674,ISM,100,1998,2,25,0.06069710867639976,0.0038225344357209665,6.970000686123967e-05
675,DI,100,1998,2,26,5.081503187874641e-15,1.5543122344752192e-15,0.0010225999867543578
676,WMI,100,1998,2,26,5.141527638060172e-15,1.9984014443252818e-15,4.099999205209315e-05
677,ISM,100,1998,2,26,0.06069710867639976,0.0038225344357209665,6.029999349266291e-05
678,DI,100,1998,2,27,5.081503187874641e-15,1.5543122344752192e-15,0.0009803999855648726
679,WMI,100,1998,2,27,5.141527638060172e-15,1.9984014443252818e-15,8.05000017862767e-05
680,ISM,100,1998,2,27,0.06069710867639976,0.0038225344357209665,0.00012320000678300858
681,DI,100,1998,2,28,5.081503187874641e-15,1.5543122344752192e-15,0.0008789999992586672
682,WMI,100,1998,2,28,5.141527638060172e-15,1.9984014443252818e-15,8.100000559352338e-05
683,ISM,100,1998,2,28,0.06069710867639976,0.0038225344357209665,9.099999442696571e-05
684,DI,100,1998,2,29,5.081503187874641e-15,1.5543122344752192e-15,0.0008229999803006649
685,WMI,100,1998,2,29,5.141527638060172e-15,1.9984014443252818e-15,4.499999340623617e-05
686,ISM,100,1998,2,29,0.06069710867639976,0.0038225344357209665,6.329998723231256e-05
687,DI,100,1998,2,30,5.081503187874641e-15,1.5543122344752192e-15,0.0008100999984890223
688,WMI,100,1998,2,30,5.141527638060172e-15,1.9984014443252818e-15,4.4100015657022595e-05
689,ISM,100,1998,2,30,0.06069710867639976,0.0038225344357209665,6.180000491440296e-05
690,DI,100,1998,2,31,5.081503187874641e-15,1.5543122344752192e-15,0.0010283000010531396
691,WMI,100,1998,2,31,5.141527638060172e-15,1.9984014443252818e-15,8.040000102482736e-05
692,ISM,100,1998,2,31,0.06069710867639976,0.0038225344357209665,0.00012370001059025526
693,DI,100,1998,2,32,5.081503187874641e-15,1.5543122344752192e-15,0.0009717000066302717
694,WMI,100,1998,2,32,5.141527638060172e-15,1.9984014443252818e-15,4.779998562298715e-05
695,ISM,100,1998,2,32,0.06069710867639976,0.0038225344357209665,6.340001709759235e-05
696,DI,100,1998,2,33,5.081503187874641e-15,1.5543122344752192e-15,0.0009046999912243336
697,WMI,100,1998,2,33,5.141527638060172e-15,1.9984014443252818e-15,8.169998181983829e-05
698,ISM,100,1998,2,33,0.06069710867639976,0.0038225344357209665,6.660001236014068e-05
699,DI,100,1998,2,34,5.081503187874641e-15,1.5543122344752192e-15,0.0008341000066138804
700,WMI,100,1998,2,34,5.141527638060172e-15,1.9984014443252818e-15,4.8999994760379195e-05
701,ISM,100,1998,2,34,0.06069710867639976,0.0038225344357209665,6.639998173341155e-05
702,DI,100,1998,2,35,5.081503187874641e-15,1.5543122344752192e-15,0.0009154000144917518
703,WMI,100,1998,2,35,5.141527638060172e-15,1.9984014443252818e-15,8.139997953549027e-05
704,ISM,100,1998,2,35,0.06069710867639976,0.0038225344357209665,7.050001295283437e-05
705,DI,100,1998,2,36,5.081503187874641e-15,1.5543122344752192e-15,0.0008387999841943383
706,WMI,100,1998,2,36,5.141527638060172e-15,1.9984014443252818e-15,8.250001701526344e-05
707,ISM,100,1998,2,36,0.06069710867639976,0.0038225344357209665,0.0001272000081371516
708,DI,100,1998,2,37,5.081503187874641e-15,1.5543122344752192e-15,0.0009413999796379358
709,WMI,100,1998,2,37,5.141527638060172e-15,1.9984014443252818e-15,7.320000440813601e-05
710,ISM,100,1998,2,37,0.06069710867639976,0.0038225344357209665,0.0001230000052601099
711,DI,100,1998,2,38,5.081503187874641e-15,1.5543122344752192e-15,0.0009026999759953469
712,WMI,100,1998,2,38,5.141527638060172e-15,1.9984014443252818e-15,6.970000686123967e-05
713,ISM,100,1998,2,38,0.06069710867639976,0.0038225344357209665,0.0001210999907925725
714,DI,100,1998,2,39,5.081503187874641e-15,1.5543122344752192e-15,0.0009488000068813562
715,WMI,100,1998,2,39,5.141527638060172e-15,1.9984014443252818e-15,4.610000178217888e-05
716,ISM,100,1998,2,39,0.06069710867639976,0.0038225344357209665,6.089999806135893e-05
717,DI,100,1998,2,40,5.081503187874641e-15,1.5543122344752192e-15,0.0008091999916359782
718,WMI,100,1998,2,40,5.141527638060172e-15,1.9984014443252818e-15,4.5599997974932194e-05
719,ISM,100,1998,2,40,0.06069710867639976,0.0038225344357209665,6.230000872164965e-05
720,DI,100,1998,2,41,5.081503187874641e-15,1.5543122344752192e-15,0.0009649000130593777
721,WMI,100,1998,2,41,5.141527638060172e-15,1.9984014443252818e-15,4.320000880397856e-05
722,ISM,100,1998,2,41,0.06069710867639976,0.0038225344357209665,6.210000719875097e-05
723,DI,100,1998,2,42,5.081503187874641e-15,1.5543122344752192e-15,0.000912499992409721
724,WMI,100,1998,2,42,5.141527638060172e-15,1.9984014443252818e-15,8.170001092366874e-05
725,ISM,100,1998,2,42,0.06069710867639976,0.0038225344357209665,0.0001281999866478145
726,DI,100,1998,2,43,5.081503187874641e-15,1.5543122344752192e-15,0.000966899999184534
727,WMI,100,1998,2,43,5.141527638060172e-15,1.9984014443252818e-15,8.490000618621707e-05
728,ISM,100,1998,2,43,0.06069710867639976,0.0038225344357209665,0.0001260999997612089
729,DI,100,1998,2,44,5.081503187874641e-15,1.5543122344752192e-15,0.0009618999902158976
730,WMI,100,1998,2,44,5.141527638060172e-15,1.9984014443252818e-15,7.959999493323267e-05
731,ISM,100,1998,2,44,0.06069710867639976,0.0038225344357209665,7.469998672604561e-05
732,DI,100,1998,2,45,5.081503187874641e-15,1.5543122344752192e-15,0.0008335999737028033
733,WMI,100,1998,2,45,5.141527638060172e-15,1.9984014443252818e-15,6.940000457689166e-05
734,ISM,100,1998,2,45,0.06069710867639976,0.0038225344357209665,6.989997928030789e-05
735,DI,100,1998,2,46,5.081503187874641e-15,1.5543122344752192e-15,0.0009068000072147697
736,WMI,100,1998,2,46,5.141527638060172e-15,1.9984014443252818e-15,4.919999628327787e-05
737,ISM,100,1998,2,46,0.06069710867639976,0.0038225344357209665,7.130001904442906e-05
738,DI,100,1998,2,47,5.081503187874641e-15,1.5543122344752192e-15,0.0008409000001847744
739,WMI,100,1998,2,47,5.141527638060172e-15,1.9984014443252818e-15,4.360001184977591e-05
740,ISM,100,1998,2,47,0.06069710867639976,0.0038225344357209665,6.079999729990959e-05
741,DI,100,1998,2,48,5.081503187874641e-15,1.5543122344752192e-15,0.0008755000017117709
742,WMI,100,1998,2,48,5.141527638060172e-15,1.9984014443252818e-15,8.110000635497272e-05
743,ISM,100,1998,2,48,0.06069710867639976,0.0038225344357209665,0.0001260999997612089
744,DI,100,1998,2,49,5.081503187874641e-15,1.5543122344752192e-15,0.0009315000206697732
745,WMI,100,1998,2,49,5.141527638060172e-15,1.9984014443252818e-15,4.060001811012626e-05
746,ISM,100,1998,2,49,0.06069710867639976,0.0038225344357209665,5.940001574344933e-05
747,DI,100,1998,2,50,5.081503187874641e-15,1.5543122344752192e-15,0.0008001000096555799
748,WMI,100,1998,2,50,5.141527638060172e-15,1.9984014443252818e-15,7.609999738633633e-05
749,ISM,100,1998,2,50,0.06069710867639976,0.0038225344357209665,0.00012349997996352613
750,DI,100,1998,2,51,5.081503187874641e-15,1.5543122344752192e-15,0.000819800014141947
751,WMI,100,1998,2,51,5.141527638060172e-15,1.9984014443252818e-15,4.2400002712383866e-05
752,ISM,100,1998,2,51,0.06069710867639976,0.0038225344357209665,6.059999577701092e-05
753,DI,100,1998,2,52,5.081503187874641e-15,1.5543122344752192e-15,0.0009751999750733376
754,WMI,100,1998,2,52,5.141527638060172e-15,1.9984014443252818e-15,3.7999998312443495e-05
755,ISM,100,1998,2,52,0.06069710867639976,0.0038225344357209665,5.780000356025994e-05
756,DI,100,1998,2,53,5.081503187874641e-15,1.5543122344752192e-15,0.0008130999922286719
757,WMI,100,1998,2,53,5.141527638060172e-15,1.9984014443252818e-15,8.169998181983829e-05
758,ISM,100,1998,2,53,0.06069710867639976,0.0038225344357209665,0.0001283000165130943
759,DI,100,1998,2,54,5.081503187874641e-15,1.5543122344752192e-15,0.0009596000018063933
760,WMI,100,1998,2,54,5.141527638060172e-15,1.9984014443252818e-15,7.790001109242439e-05
761,ISM,100,1998,2,54,0.06069710867639976,0.0038225344357209665,0.00012630000128410757
762,DI,100,1998,2,55,5.081503187874641e-15,1.5543122344752192e-15,0.0009318999946117401
763,WMI,100,1998,2,55,5.141527638060172e-15,1.9984014443252818e-15,4.020001506432891e-05
764,ISM,100,1998,2,55,0.06069710867639976,0.0038225344357209665,5.859998054802418e-05
765,DI,100,1998,2,56,5.081503187874641e-15,1.5543122344752192e-15,0.0008393999887630343
766,WMI,100,1998,2,56,5.141527638060172e-15,1.9984014443252818e-15,7.509998977184296e-05
767,ISM,100,1998,2,56,0.06069710867639976,0.0038225344357209665,0.00012280000373721123
768,DI,100,1998,2,57,5.081503187874641e-15,1.5543122344752192e-15,0.000895800010766834
769,WMI,100,1998,2,57,5.141527638060172e-15,1.9984014443252818e-15,3.989998367615044e-05
770,ISM,100,1998,2,57,0.06069710867639976,0.0038225344357209665,6.709998706355691e-05
771,DI,100,1998,2,58,5.081503187874641e-15,1.5543122344752192e-15,0.0008437999931629747
772,WMI,100,1998,2,58,5.141527638060172e-15,1.9984014443252818e-15,8.180001168511808e-05
773,ISM,100,1998,2,58,0.06069710867639976,0.0038225344357209665,7.120001828297973e-05
774,DI,100,1998,2,59,5.081503187874641e-15,1.5543122344752192e-15,0.000822900008643046
775,WMI,100,1998,2,59,5.141527638060172e-15,1.9984014443252818e-15,7.300000288523734e-05
776,ISM,100,1998,2,59,0.06069710867639976,0.0038225344357209665,0.00012489999062381685
777,DI,100,1998,2,60,5.081503187874641e-15,1.5543122344752192e-15,0.0009590999979991466
778,WMI,100,1998,2,60,5.141527638060172e-15,1.9984014443252818e-15,8.259998867288232e-05
779,ISM,100,1998,2,60,0.06069710867639976,0.0038225344357209665,0.00012630000128410757
780,DI,100,1998,2,61,5.081503187874641e-15,1.5543122344752192e-15,0.0009524000051897019
781,WMI,100,1998,2,61,5.141527638060172e-15,1.9984014443252818e-15,7.759997970424592e-05
782,ISM,100,1998,2,61,0.06069710867639976,0.0038225344357209665,0.0001264000020455569
783,DI,100,1998,2,62,5.081503187874641e-15,1.5543122344752192e-15,0.0008573000086471438
784,WMI,100,1998,2,62,5.141527638060172e-15,1.9984014443252818e-15,8.159998105838895e-05
785,ISM,100,1998,2,62,0.06069710867639976,0.0038225344357209665,0.00012650000280700624
786,DI,100,1998,2,63,5.081503187874641e-15,1.5543122344752192e-15,0.0009286999993491918
787,WMI,100,1998,2,63,5.141527638060172e-15,1.9984014443252818e-15,8.290002006106079e-05
788,ISM,100,1998,2,63,0.06069710867639976,0.0038225344357209665,0.00012579999747686088
789,DI,100,1998,2,64,5.081503187874641e-15,1.5543122344752192e-15,0.0008488000021316111
790,WMI,100,1998,2,64,5.141527638060172e-15,1.9984014443252818e-15,4.5199994929134846e-05
791,ISM,100,1998,2,64,0.06069710867639976,0.0038225344357209665,6.290001329034567e-05
792,DI,100,1998,2,65,5.081503187874641e-15,1.5543122344752192e-15,0.0007775000121910125
793,WMI,100,1998,2,65,5.141527638060172e-15,1.9984014443252818e-15,4.649997572414577e-05
794,ISM,100,1998,2,65,0.06069710867639976,0.0038225344357209665,6.240000948309898e-05
795,DI,100,1998,2,66,5.081503187874641e-15,1.5543122344752192e-15,0.0007914000016171485
796,WMI,100,1998,2,66,5.141527638060172e-15,1.9984014443252818e-15,7.989999721758068e-05
797,ISM,100,1998,2,66,0.06069710867639976,0.0038225344357209665,0.00012630000128410757
798,DI,100,1998,2,67,5.081503187874641e-15,1.5543122344752192e-15,0.0008567000040784478
799,WMI,100,1998,2,67,5.141527638060172e-15,1.9984014443252818e-15,4.679997800849378e-05
800,ISM,100,1998,2,67,0.06069710867639976,0.0038225344357209665,6.289998418651521e-05
801,DI,100,1998,2,68,5.081503187874641e-15,1.5543122344752192e-15,0.0007055999885778874
802,WMI,100,1998,2,68,5.141527638060172e-15,1.9984014443252818e-15,4.709998029284179e-05
803,ISM,100,1998,2,68,0.06069710867639976,0.0038225344357209665,6.19000056758523e-05
804,DI,100,1998,2,69,5.081503187874641e-15,1.5543122344752192e-15,0.0007000000041443855
805,WMI,100,1998,2,69,5.141527638060172e-15,1.9984014443252818e-15,4.119999357499182e-05
806,ISM,100,1998,2,69,0.06069710867639976,0.0038225344357209665,6.050002411939204e-05
807,DI,100,1998,2,70,5.081503187874641e-15,1.5543122344752192e-15,0.0006585000082850456
808,WMI,100,1998,2,70,5.141527638060172e-15,1.9984014443252818e-15,3.8300000596791506e-05
809,ISM,100,1998,2,70,0.06069710867639976,0.0038225344357209665,6.150000263005495e-05
810,DI,100,1998,2,71,5.081503187874641e-15,1.5543122344752192e-15,0.0007229000038933009
811,WMI,100,1998,2,71,5.141527638060172e-15,1.9984014443252818e-15,4.3199979700148106e-05
812,ISM,100,1998,2,71,0.06069710867639976,0.0038225344357209665,5.9299985878169537e-05
813,DI,100,1998,2,72,5.081503187874641e-15,1.5543122344752192e-15,0.0006872000230941921
814,WMI,100,1998,2,72,5.141527638060172e-15,1.9984014443252818e-15,5.709999823011458e-05
815,ISM,100,1998,2,72,0.06069710867639976,0.0038225344357209665,6.570000550709665e-05
816,DI,100,1998,2,73,5.081503187874641e-15,1.5543122344752192e-15,0.0006544999778270721
817,WMI,100,1998,2,73,5.141527638060172e-15,1.9984014443252818e-15,4.4199987314641476e-05
818,ISM,100,1998,2,73,0.06069710867639976,0.0038225344357209665,6.560000474564731e-05
819,DI,100,1998,2,74,5.081503187874641e-15,1.5543122344752192e-15,0.0006699999794363976
820,WMI,100,1998,2,74,5.141527638060172e-15,1.9984014443252818e-15,4.260000423528254e-05
821,ISM,100,1998,2,74,0.06069710867639976,0.0038225344357209665,5.9900019550696015e-05
822,DI,100,1998,2,75,5.081503187874641e-15,1.5543122344752192e-15,0.00066230000811629
823,WMI,100,1998,2,75,5.141527638060172e-15,1.9984014443252818e-15,4.0099985199049115e-05
824,ISM,100,1998,2,75,0.06069710867639976,0.0038225344357209665,6.279998342506588e-05
825,DI,100,1998,2,76,5.081503187874641e-15,1.5543122344752192e-15,0.0006802999996580184
826,WMI,100,1998,2,76,5.141527638060172e-15,1.9984014443252818e-15,3.819999983534217e-05
827,ISM,100,1998,2,76,0.06069710867639976,0.0038225344357209665,6.059999577701092e-05
828,DI,100,1998,2,77,5.081503187874641e-15,1.5543122344752192e-15,0.0007048000115901232
829,WMI,100,1998,2,77,5.141527638060172e-15,1.9984014443252818e-15,3.850000211969018e-05
830,ISM,100,1998,2,77,0.06069710867639976,0.0038225344357209665,6.010002107359469e-05
831,DI,100,1998,2,78,5.081503187874641e-15,1.5543122344752192e-15,0.0006705999840050936
832,WMI,100,1998,2,78,5.141527638060172e-15,1.9984014443252818e-15,4.099999205209315e-05
833,ISM,100,1998,2,78,0.06069710867639976,0.0038225344357209665,5.8600009651854634e-05
834,DI,100,1998,2,79,5.081503187874641e-15,1.5543122344752192e-15,0.0007074000022839755
835,WMI,100,1998,2,79,5.141527638060172e-15,1.9984014443252818e-15,3.980001201853156e-05
836,ISM,100,1998,2,79,0.06069710867639976,0.0038225344357209665,5.91999851167202e-05
837,DI,100,1998,2,80,5.081503187874641e-15,1.5543122344752192e-15,0.0007684000011067837
838,WMI,100,1998,2,80,5.141527638060172e-15,1.9984014443252818e-15,4.680000711232424e-05
839,ISM,100,1998,2,80,0.06069710867639976,0.0038225344357209665,5.9900019550696015e-05
840,DI,100,1998,2,81,5.081503187874641e-15,1.5543122344752192e-15,0.0006826000171713531
841,WMI,100,1998,2,81,5.141527638060172e-15,1.9984014443252818e-15,4.220000118948519e-05
842,ISM,100,1998,2,81,0.06069710867639976,0.0038225344357209665,6.200000643730164e-05
843,DI,100,1998,2,82,5.081503187874641e-15,1.5543122344752192e-15,0.0007151000027079135
844,WMI,100,1998,2,82,5.141527638060172e-15,1.9984014443252818e-15,3.980001201853156e-05
845,ISM,100,1998,2,82,0.06069710867639976,0.0038225344357209665,5.909998435527086e-05
846,DI,100,1998,2,83,5.081503187874641e-15,1.5543122344752192e-15,0.0006850000063423067
847,WMI,100,1998,2,83,5.141527638060172e-15,1.9984014443252818e-15,3.9700011257082224e-05
848,ISM,100,1998,2,83,0.06069710867639976,0.0038225344357209665,6.0200021835044026e-05
849,DI,100,1998,2,84,5.081503187874641e-15,1.5543122344752192e-15,0.0008345000096596777
850,WMI,100,1998,2,84,5.141527638060172e-15,1.9984014443252818e-15,4.5900000259280205e-05
851,ISM,100,1998,2,84,0.06069710867639976,0.0038225344357209665,6.19000056758523e-05
852,DI,100,1998,2,85,5.081503187874641e-15,1.5543122344752192e-15,0.0007024999940767884
853,WMI,100,1998,2,85,5.141527638060172e-15,1.9984014443252818e-15,4.339998122304678e-05
854,ISM,100,1998,2,85,0.06069710867639976,0.0038225344357209665,6.220000796020031e-05
855,DI,100,1998,2,86,5.081503187874641e-15,1.5543122344752192e-15,0.0006957000005058944
856,WMI,100,1998,2,86,5.141527638060172e-15,1.9984014443252818e-15,4.129999433644116e-05
857,ISM,100,1998,2,86,0.06069710867639976,0.0038225344357209665,5.910001345910132e-05
858,DI,100,1998,2,87,5.081503187874641e-15,1.5543122344752192e-15,0.000658300006762147
859,WMI,100,1998,2,87,5.141527638060172e-15,1.9984014443252818e-15,4.270000499673188e-05
860,ISM,100,1998,2,87,0.06069710867639976,0.0038225344357209665,5.8399979025125504e-05
861,DI,100,1998,2,88,5.081503187874641e-15,1.5543122344752192e-15,0.0006720999954268336
862,WMI,100,1998,2,88,5.141527638060172e-15,1.9984014443252818e-15,4.189999890513718e-05
863,ISM,100,1998,2,88,0.06069710867639976,0.0038225344357209665,5.800000508315861e-05
864,DI,100,1998,2,89,5.081503187874641e-15,1.5543122344752192e-15,0.0007265000022016466
865,WMI,100,1998,2,89,5.141527638060172e-15,1.9984014443252818e-15,3.630001447163522e-05
866,ISM,100,1998,2,89,0.06069710867639976,0.0038225344357209665,5.85000088904053e-05
867,DI,100,1998,2,90,5.081503187874641e-15,1.5543122344752192e-15,0.0006636999896727502
868,WMI,100,1998,2,90,5.141527638060172e-15,1.9984014443252818e-15,3.920000744983554e-05
869,ISM,100,1998,2,90,0.06069710867639976,0.0038225344357209665,5.900001269765198e-05
870,DI,100,1998,2,91,5.081503187874641e-15,1.5543122344752192e-15,0.0007191000040620565
871,WMI,100,1998,2,91,5.141527638060172e-15,1.9984014443252818e-15,3.880000440403819e-05
872,ISM,100,1998,2,91,0.06069710867639976,0.0038225344357209665,5.85000088904053e-05
873,DI,100,1998,2,92,5.081503187874641e-15,1.5543122344752192e-15,0.0006936000136192888
874,WMI,100,1998,2,92,5.141527638060172e-15,1.9984014443252818e-15,3.99000127799809e-05
875,ISM,100,1998,2,92,0.06069710867639976,0.0038225344357209665,5.840000812895596e-05
876,DI,100,1998,2,93,5.081503187874641e-15,1.5543122344752192e-15,0.0005595000111497939
877,WMI,100,1998,2,93,5.141527638060172e-15,1.9984014443252818e-15,3.480000304989517e-05
878,ISM,100,1998,2,93,0.06069710867639976,0.0038225344357209665,5.800000508315861e-05
879,DI,100,1998,2,94,5.081503187874641e-15,1.5543122344752192e-15,0.0006702000100631267
880,WMI,100,1998,2,94,5.141527638060172e-15,1.9984014443252818e-15,4.7999987145885825e-05
881,ISM,100,1998,2,94,0.06069710867639976,0.0038225344357209665,6.429999484680593e-05
882,DI,100,1998,2,95,5.081503187874641e-15,1.5543122344752192e-15,0.000725300022168085
883,WMI,100,1998,2,95,5.141527638060172e-15,1.9984014443252818e-15,3.989998367615044e-05
884,ISM,100,1998,2,95,0.06069710867639976,0.0038225344357209665,6.170000415295362e-05
885,DI,100,1998,2,96,5.081503187874641e-15,1.5543122344752192e-15,0.0006899000145494938
886,WMI,100,1998,2,96,5.141527638060172e-15,1.9984014443252818e-15,4.2100000428035855e-05
887,ISM,100,1998,2,96,0.06069710867639976,0.0038225344357209665,6.0399994254112244e-05
888,DI,100,1998,2,97,5.081503187874641e-15,1.5543122344752192e-15,0.0006736000068485737
889,WMI,100,1998,2,97,5.141527638060172e-15,1.9984014443252818e-15,3.9399979868903756e-05
890,ISM,100,1998,2,97,0.06069710867639976,0.0038225344357209665,5.959998816251755e-05
891,DI,100,1998,2,98,5.081503187874641e-15,1.5543122344752192e-15,0.0006593999860342592
892,WMI,100,1998,2,98,5.141527638060172e-15,1.9984014443252818e-15,3.9700011257082224e-05
893,ISM,100,1998,2,98,0.06069710867639976,0.0038225344357209665,5.859998054802418e-05
894,DI,100,1998,2,99,5.081503187874641e-15,1.5543122344752192e-15,0.0006571999983862042
895,WMI,100,1998,2,99,5.141527638060172e-15,1.9984014443252818e-15,3.9300008211284876e-05
896,ISM,100,1998,2,99,0.06069710867639976,0.0038225344357209665,5.889998283237219e-05
897,DI,100,1998,2,100,5.081503187874641e-15,1.5543122344752192e-15,0.0006894000107422471
898,WMI,100,1998,2,100,5.141527638060172e-15,1.9984014443252818e-15,3.63999861292541e-05
899,ISM,100,1998,2,100,0.06069710867639976,0.0038225344357209665,5.750000127591193e-05
900,DI,100,1998,2,101,5.081503187874641e-15,1.5543122344752192e-15,0.0006880000000819564
901,WMI,100,1998,2,101,5.141527638060172e-15,1.9984014443252818e-15,6.019999273121357e-05
902,ISM,100,1998,2,101,0.06069710867639976,0.0038225344357209665,5.609999061562121e-05
903,DI,100,1998,2,102,5.081503187874641e-15,1.5543122344752192e-15,0.000661700003547594
904,WMI,100,1998,2,102,5.141527638060172e-15,1.9984014443252818e-15,3.8700003642588854e-05
905,ISM,100,1998,2,102,0.06069710867639976,0.0038225344357209665,5.830000736750662e-05
906,DI,100,1998,2,103,5.081503187874641e-15,1.5543122344752192e-15,0.0006603999936487526
907,WMI,100,1998,2,103,5.141527638060172e-15,1.9984014443252818e-15,4.0000013541430235e-05
908,ISM,100,1998,2,103,0.06069710867639976,0.0038225344357209665,5.6800025049597025e-05
909,DI,100,1998,2,104,5.081503187874641e-15,1.5543122344752192e-15,0.0006408999906852841
910,WMI,100,1998,2,104,5.141527638060172e-15,1.9984014443252818e-15,3.71999922208488e-05
911,ISM,100,1998,2,104,0.06069710867639976,0.0038225344357209665,5.590001819655299e-05
912,DI,100,1998,2,105,5.081503187874641e-15,1.5543122344752192e-15,0.0006660999788437039
913,WMI,100,1998,2,105,5.141527638060172e-15,1.9984014443252818e-15,3.689998993650079e-05
914,ISM,100,1998,2,105,0.06069710867639976,0.0038225344357209665,5.6599994422867894e-05
915,DI,100,1998,2,106,5.081503187874641e-15,1.5543122344752192e-15,0.0006494999979622662
916,WMI,100,1998,2,106,5.141527638060172e-15,1.9984014443252818e-15,3.7600024370476604e-05
917,ISM,100,1998,2,106,0.06069710867639976,0.0038225344357209665,5.729999975301325e-05
918,DI,100,1998,2,107,5.081503187874641e-15,1.5543122344752192e-15,0.0007087999838404357
919,WMI,100,1998,2,107,5.141527638060172e-15,1.9984014443252818e-15,4.579999949783087e-05
920,ISM,100,1998,2,107,0.06069710867639976,0.0038225344357209665,6.19000056758523e-05
921,DI,100,1998,2,108,5.081503187874641e-15,1.5543122344752192e-15,0.0006712999893352389
922,WMI,100,1998,2,108,5.141527638060172e-15,1.9984014443252818e-15,4.0799990529194474e-05
923,ISM,100,1998,2,108,0.06069710867639976,0.0038225344357209665,5.810000584460795e-05
924,DI,100,1998,2,109,5.081503187874641e-15,1.5543122344752192e-15,0.0006325999856926501
925,WMI,100,1998,2,109,5.141527638060172e-15,1.9984014443252818e-15,3.679998917505145e-05
926,ISM,100,1998,2,109,0.06069710867639976,0.0038225344357209665,5.670002428814769e-05
927,DI,100,1998,2,110,5.081503187874641e-15,1.5543122344752192e-15,0.0006203999801073223
928,WMI,100,1998,2,110,5.141527638060172e-15,1.9984014443252818e-15,3.5500008380040526e-05
929,ISM,100,1998,2,110,0.06069710867639976,0.0038225344357209665,5.630002124235034e-05
930,DI,100,1998,2,111,5.081503187874641e-15,1.5543122344752192e-15,0.0006663999811280519
931,WMI,100,1998,2,111,5.141527638060172e-15,1.9984014443252818e-15,3.4900003811344504e-05
932,ISM,100,1998,2,111,0.06069710867639976,0.0038225344357209665,5.609999061562121e-05
933,DI,100,1998,2,112,5.081503187874641e-15,1.5543122344752192e-15,0.0006138999888207763
934,WMI,100,1998,2,112,5.141527638060172e-15,1.9984014443252818e-15,3.9399979868903756e-05
935,ISM,100,1998,2,112,0.06069710867639976,0.0038225344357209665,5.740000051446259e-05
936,DI,100,1998,2,113,5.081503187874641e-15,1.5543122344752192e-15,0.0006541000038851053
937,WMI,100,1998,2,113,5.141527638060172e-15,1.9984014443252818e-15,3.580001066438854e-05
938,ISM,100,1998,2,113,0.06069710867639976,0.0038225344357209665,5.6599994422867894e-05
939,DI,100,1998,2,114,5.081503187874641e-15,1.5543122344752192e-15,0.0006257999921217561
940,WMI,100,1998,2,114,5.141527638060172e-15,1.9984014443252818e-15,3.6200013710185885e-05
941,ISM,100,1998,2,114,0.06069710867639976,0.0038225344357209665,5.679999594576657e-05
942,DI,100,1998,2,115,5.081503187874641e-15,1.5543122344752192e-15,0.0006684000254608691
943,WMI,100,1998,2,115,5.141527638060172e-15,1.9984014443252818e-15,3.7299992982298136e-05
944,ISM,100,1998,2,115,0.06069710867639976,0.0038225344357209665,5.6800025049597025e-05
945,DI,100,1998,2,116,5.081503187874641e-15,1.5543122344752192e-15,0.0006417999975383282
946,WMI,100,1998,2,116,5.141527638060172e-15,1.9984014443252818e-15,3.679998917505145e-05
947,ISM,100,1998,2,116,0.06069710867639976,0.0038225344357209665,5.6199991377070546e-05
948,DI,100,1998,2,117,5.081503187874641e-15,1.5543122344752192e-15,0.0006564999930560589
949,WMI,100,1998,2,117,5.141527638060172e-15,1.9984014443252818e-15,3.6699988413602114e-05
950,ISM,100,1998,2,117,0.06069710867639976,0.0038225344357209665,5.609999061562121e-05
951,DI,100,1998,2,118,5.081503187874641e-15,1.5543122344752192e-15,0.0006833999941591173
952,WMI,100,1998,2,118,5.141527638060172e-15,1.9984014443252818e-15,3.749999450519681e-05
953,ISM,100,1998,2,118,0.06069710867639976,0.0038225344357209665,5.679999594576657e-05
954,DI,100,1998,2,119,5.081503187874641e-15,1.5543122344752192e-15,0.0006425000028684735
955,WMI,100,1998,2,119,5.141527638060172e-15,1.9984014443252818e-15,3.470000228844583e-05
956,ISM,100,1998,2,119,0.06069710867639976,0.0038225344357209665,5.600001895800233e-05
957,DI,100,1998,2,120,5.081503187874641e-15,1.5543122344752192e-15,0.0006130000110715628
958,WMI,100,1998,2,120,5.141527638060172e-15,1.9984014443252818e-15,3.780002589337528e-05
959,ISM,100,1998,2,120,0.06069710867639976,0.0038225344357209665,5.600001895800233e-05
960,DI,100,1998,2,121,5.081503187874641e-15,1.5543122344752192e-15,0.0006446999905165285
961,WMI,100,1998,2,121,5.141527638060172e-15,1.9984014443252818e-15,3.7200021324679255e-05
962,ISM,100,1998,2,121,0.06069710867639976,0.0038225344357209665,5.6199991377070546e-05
963,DI,100,1998,2,122,5.081503187874641e-15,1.5543122344752192e-15,0.0005541999998968095
964,WMI,100,1998,2,122,5.141527638060172e-15,1.9984014443252818e-15,6.260001100599766e-05
965,ISM,100,1998,2,122,0.06069710867639976,0.0038225344357209665,6.429999484680593e-05
966,DI,100,1998,2,123,5.081503187874641e-15,1.5543122344752192e-15,0.0007025999948382378
967,WMI,100,1998,2,123,5.141527638060172e-15,1.9984014443252818e-15,4.3800013372674584e-05
968,ISM,100,1998,2,123,0.06069710867639976,0.0038225344357209665,6.180000491440296e-05
969,DI,100,1998,2,124,5.081503187874641e-15,1.5543122344752192e-15,0.0006879000284243375
970,WMI,100,1998,2,124,5.141527638060172e-15,1.9984014443252818e-15,4.290000651963055e-05
971,ISM,100,1998,2,124,0.06069710867639976,0.0038225344357209665,5.930001498199999e-05
972,DI,100,1998,2,125,5.081503187874641e-15,1.5543122344752192e-15,0.0006775999790988863
973,WMI,100,1998,2,125,5.141527638060172e-15,1.9984014443252818e-15,3.739999374374747e-05
974,ISM,100,1998,2,125,0.06069710867639976,0.0038225344357209665,5.7600002037361264e-05
975,DI,100,1998,2,126,5.081503187874641e-15,1.5543122344752192e-15,0.0006309000018518418
976,WMI,100,1998,2,126,5.141527638060172e-15,1.9984014443252818e-15,3.300001844763756e-05
977,ISM,100,1998,2,126,0.06069710867639976,0.0038225344357209665,5.549998604692519e-05
978,DI,100,1998,2,127,5.081503187874641e-15,1.5543122344752192e-15,0.000651500013191253
979,WMI,100,1998,2,127,5.141527638060172e-15,1.9984014443252818e-15,3.500000457279384e-05
980,ISM,100,1998,2,127,0.06069710867639976,0.0038225344357209665,5.599998985417187e-05
981,DI,100,1998,2,128,5.081503187874641e-15,1.5543122344752192e-15,0.0006636999896727502
982,WMI,100,1998,2,128,5.141527638060172e-15,1.9984014443252818e-15,3.4500000765547156e-05
983,ISM,100,1998,2,128,0.06069710867639976,0.0038225344357209665,5.490001058205962e-05
984,DI,100,1998,2,129,5.081503187874641e-15,1.5543122344752192e-15,0.0006682999955955893
985,WMI,100,1998,2,129,5.141527638060172e-15,1.9984014443252818e-15,3.920000744983554e-05
986,ISM,100,1998,2,129,0.06069710867639976,0.0038225344357209665,5.959998816251755e-05
987,DI,100,1998,2,130,5.081503187874641e-15,1.5543122344752192e-15,0.0006489999941550195
988,WMI,100,1998,2,130,5.141527638060172e-15,1.9984014443252818e-15,3.659998765215278e-05
989,ISM,100,1998,2,130,0.06069710867639976,0.0038225344357209665,5.7600002037361264e-05
990,DI,100,1998,2,131,5.081503187874641e-15,1.5543122344752192e-15,0.0006378999969456345
991,WMI,100,1998,2,131,5.141527638060172e-15,1.9984014443252818e-15,3.779999678954482e-05
992,ISM,100,1998,2,131,0.06069710867639976,0.0038225344357209665,5.660002352669835e-05
993,DI,100,1998,2,132,5.081503187874641e-15,1.5543122344752192e-15,0.0006491999956779182
994,WMI,100,1998,2,132,5.141527638060172e-15,1.9984014443252818e-15,3.2800016924738884e-05
995,ISM,100,1998,2,132,0.06069710867639976,0.0038225344357209665,5.4800009820610285e-05
996,DI,100,1998,2,133,5.081503187874641e-15,1.5543122344752192e-15,0.0006947999936528504
997,WMI,100,1998,2,133,5.141527638060172e-15,1.9984014443252818e-15,3.71999922208488e-05
998,ISM,100,1998,2,133,0.06069710867639976,0.0038225344357209665,5.830000736750662e-05
999,DI,100,1998,2,134,5.081503187874641e-15,1.5543122344752192e-15,0.0006529999955091625
1000,WMI,100,1998,2,134,5.141527638060172e-15,1.9984014443252818e-15,3.6699988413602114e-05
1001,ISM,100,1998,2,134,0.06069710867639976,0.0038225344357209665,5.609999061562121e-05
1002,DI,100,1998,2,135,5.081503187874641e-15,1.5543122344752192e-15,0.0006723999977111816
1003,WMI,100,1998,2,135,5.141527638060172e-15,1.9984014443252818e-15,3.6999990697950125e-05
1004,ISM,100,1998,2,135,0.06069710867639976,0.0038225344357209665,5.649999366141856e-05
1005,DI,100,1998,2,136,5.081503187874641e-15,1.5543122344752192e-15,0.0005603000172413886
1006,WMI,100,1998,2,136,5.141527638060172e-15,1.9984014443252818e-15,4.770001396536827e-05
1007,ISM,100,1998,2,136,0.06069710867639976,0.0038225344357209665,8.6499989265576e-05
1008,DI,100,1998,2,137,5.081503187874641e-15,1.5543122344752192e-15,0.0013217000232543796
1009,WMI,100,1998,2,137,5.141527638060172e-15,1.9984014443252818e-15,6.829999620094895e-05
1010,ISM,100,1998,2,137,0.06069710867639976,0.0038225344357209665,6.510000093840063e-05
1011,DI,100,1998,2,138,5.081503187874641e-15,1.5543122344752192e-15,0.0013091000146232545
1012,WMI,100,1998,2,138,5.141527638060172e-15,1.9984014443252818e-15,6.520000169984996e-05
1013,ISM,100,1998,2,138,0.06069710867639976,0.0038225344357209665,6.890000076964498e-05
1014,DI,100,1998,2,139,5.081503187874641e-15,1.5543122344752192e-15,0.0007766999769955873
1015,WMI,100,1998,2,139,5.141527638060172e-15,1.9984014443252818e-15,6.19000056758523e-05
1016,ISM,100,1998,2,139,0.06069710867639976,0.0038225344357209665,7.399998139590025e-05
1017,DI,100,1998,2,140,5.081503187874641e-15,1.5543122344752192e-15,0.0007981000235304236
1018,WMI,100,1998,2,140,5.141527638060172e-15,1.9984014443252818e-15,4.5900000259280205e-05
1019,ISM,100,1998,2,140,0.06069710867639976,0.0038225344357209665,6.53000024612993e-05
1020,DI,100,1998,2,141,5.081503187874641e-15,1.5543122344752192e-15,0.0007543999818153679
1021,WMI,100,1998,2,141,5.141527638060172e-15,1.9984014443252818e-15,4.069998976774514e-05
1022,ISM,100,1998,2,141,0.06069710867639976,0.0038225344357209665,6.280001252889633e-05
1023,DI,100,1998,2,142,5.081503187874641e-15,1.5543122344752192e-15,0.0007915000023785979
1024,WMI,100,1998,2,142,5.141527638060172e-15,1.9984014443252818e-15,8.450000314041972e-05
1025,ISM,100,1998,2,142,0.06069710867639976,0.0038225344357209665,6.900000153109431e-05
1026,DI,100,1998,2,143,5.081503187874641e-15,1.5543122344752192e-15,0.001028099999530241
1027,WMI,100,1998,2,143,5.141527638060172e-15,1.9984014443252818e-15,4.270000499673188e-05
1028,ISM,100,1998,2,143,0.06069710867639976,0.0038225344357209665,6.120000034570694e-05
1029,DI,100,1998,2,144,5.081503187874641e-15,1.5543122344752192e-15,0.0008650000090710819
1030,WMI,100,1998,2,144,5.141527638060172e-15,1.9984014443252818e-15,4.919999628327787e-05
1031,ISM,100,1998,2,144,0.06069710867639976,0.0038225344357209665,0.00010039997869171202
1032,DI,100,1998,2,145,5.081503187874641e-15,1.5543122344752192e-15,0.0008230999810621142
1033,WMI,100,1998,2,145,5.141527638060172e-15,1.9984014443252818e-15,8.639998850412667e-05
1034,ISM,100,1998,2,145,0.06069710867639976,0.0038225344357209665,6.330001633614302e-05
1035,DI,100,1998,2,146,5.081503187874641e-15,1.5543122344752192e-15,0.0008317000174429268
1036,WMI,100,1998,2,146,5.141527638060172e-15,1.9984014443252818e-15,8.089997572824359e-05
1037,ISM,100,1998,2,146,0.06069710867639976,0.0038225344357209665,6.279998342506588e-05
1038,DI,100,1998,2,147,5.081503187874641e-15,1.5543122344752192e-15,0.0007282000151462853
1039,WMI,100,1998,2,147,5.141527638060172e-15,1.9984014443252818e-15,8.009999874047935e-05
1040,ISM,100,1998,2,147,0.06069710867639976,0.0038225344357209665,0.00012660000356845558
1041,DI,100,1998,2,148,5.081503187874641e-15,1.5543122344752192e-15,0.0007275000098161399
1042,WMI,100,1998,2,148,5.141527638060172e-15,1.9984014443252818e-15,4.220000118948519e-05
1043,ISM,100,1998,2,148,0.06069710867639976,0.0038225344357209665,5.7600002037361264e-05
1044,DI,100,1998,2,149,5.081503187874641e-15,1.5543122344752192e-15,0.0007151000027079135
1045,WMI,100,1998,2,149,5.141527638060172e-15,1.9984014443252818e-15,3.809999907389283e-05
1046,ISM,100,1998,2,149,0.06069710867639976,0.0038225344357209665,5.709999823011458e-05
1047,DI,100,1998,2,150,5.081503187874641e-15,1.5543122344752192e-15,0.0007689000049140304
1048,WMI,100,1998,2,150,5.141527638060172e-15,1.9984014443252818e-15,4.230000195093453e-05
1049,ISM,100,1998,2,150,0.06069710867639976,0.0038225344357209665,5.740000051446259e-05
1050,DI,100,1998,2,151,5.081503187874641e-15,1.5543122344752192e-15,0.0006958000012673438
1051,WMI,100,1998,2,151,5.141527638060172e-15,1.9984014443252818e-15,3.989998367615044e-05
1052,ISM,100,1998,2,151,0.06069710867639976,0.0038225344357209665,5.649999366141856e-05
1053,DI,100,1998,2,152,5.081503187874641e-15,1.5543122344752192e-15,0.0007634999928995967
1054,WMI,100,1998,2,152,5.141527638060172e-15,1.9984014443252818e-15,4.1399995097890496e-05
1055,ISM,100,1998,2,152,0.06069710867639976,0.0038225344357209665,5.540001438930631e-05
1056,DI,100,1998,2,153,5.081503187874641e-15,1.5543122344752192e-15,0.0009147000091616064
1057,WMI,100,1998,2,153,5.141527638060172e-15,1.9984014443252818e-15,0.00013920001219958067
1058,ISM,100,1998,2,153,0.06069710867639976,0.0038225344357209665,7.489998824894428e-05
1059,DI,100,1998,2,154,5.081503187874641e-15,1.5543122344752192e-15,0.0007661000126972795
1060,WMI,100,1998,2,154,5.141527638060172e-15,1.9984014443252818e-15,9.71999834291637e-05
1061,ISM,100,1998,2,154,0.06069710867639976,0.0038225344357209665,7.120001828297973e-05
1062,DI,100,1998,2,155,5.081503187874641e-15,1.5543122344752192e-15,0.001387000025715679
1063,WMI,100,1998,2,155,5.141527638060172e-15,1.9984014443252818e-15,0.00014450002345256507
1064,ISM,100,1998,2,155,0.06069710867639976,0.0038225344357209665,0.000221800000872463
1065,DI,100,1998,2,156,5.081503187874641e-15,1.5543122344752192e-15,0.0011999999987892807
1066,WMI,100,1998,2,156,5.141527638060172e-15,1.9984014443252818e-15,6.629998097196221e-05
1067,ISM,100,1998,2,156,0.06069710867639976,0.0038225344357209665,6.290001329034567e-05
1068,DI,100,1998,2,157,5.081503187874641e-15,1.5543122344752192e-15,0.0010232999920845032
1069,WMI,100,1998,2,157,5.141527638060172e-15,1.9984014443252818e-15,0.0001373999984934926
1070,ISM,100,1998,2,157,0.06069710867639976,0.0038225344357209665,0.00021189998369663954
1071,DI,100,1998,2,158,5.081503187874641e-15,1.5543122344752192e-15,0.0011416000197641551
1072,WMI,100,1998,2,158,5.141527638060172e-15,1.9984014443252818e-15,5.4100004490464926e-05
1073,ISM,100,1998,2,158,0.06069710867639976,0.0038225344357209665,6.140000186860561e-05
1074,DI,100,1998,2,159,5.081503187874641e-15,1.5543122344752192e-15,0.0011248000082559884
1075,WMI,100,1998,2,159,5.141527638060172e-15,1.9984014443252818e-15,0.00013719999697059393
1076,ISM,100,1998,2,159,0.06069710867639976,0.0038225344357209665,0.00021160001051612198
1077,DI,100,1998,2,160,5.081503187874641e-15,1.5543122344752192e-15,0.0012729000009130687
1078,WMI,100,1998,2,160,5.141527638060172e-15,1.9984014443252818e-15,0.00012519999290816486
1079,ISM,100,1998,2,160,0.06069710867639976,0.0038225344357209665,6.719998782500625e-05
1080,DI,100,1998,2,161,5.081503187874641e-15,1.5543122344752192e-15,0.0009982000046875328
1081,WMI,100,1998,2,161,5.141527638060172e-15,1.9984014443252818e-15,5.539998528547585e-05
1082,ISM,100,1998,2,161,0.06069710867639976,0.0038225344357209665,6.280001252889633e-05
1083,DI,100,1998,2,162,5.081503187874641e-15,1.5543122344752192e-15,0.0012018000124953687
1084,WMI,100,1998,2,162,5.141527638060172e-15,1.9984014443252818e-15,8.9599983766675e-05
1085,ISM,100,1998,2,162,0.06069710867639976,0.0038225344357209665,6.379999103955925e-05
1086,DI,100,1998,2,163,5.081503187874641e-15,1.5543122344752192e-15,0.000899200007552281
1087,WMI,100,1998,2,163,5.141527638060172e-15,1.9984014443252818e-15,0.00012469998910091817
1088,ISM,100,1998,2,163,0.06069710867639976,0.0038225344357209665,6.140000186860561e-05
1089,DI,100,1998,2,164,5.081503187874641e-15,1.5543122344752192e-15,0.0009119999886024743
1090,WMI,100,1998,2,164,5.141527638060172e-15,1.9984014443252818e-15,8.749999688006938e-05
1091,ISM,100,1998,2,164,0.06069710867639976,0.0038225344357209665,6.570000550709665e-05
1092,DI,100,1998,2,165,5.081503187874641e-15,1.5543122344752192e-15,0.0008341000066138804
1093,WMI,100,1998,2,165,5.141527638060172e-15,1.9984014443252818e-15,4.8600020818412304e-05
1094,ISM,100,1998,2,165,0.06069710867639976,0.0038225344357209665,5.980001878924668e-05
1095,DI,100,1998,2,166,5.081503187874641e-15,1.5543122344752192e-15,0.0008420000085607171
1096,WMI,100,1998,2,166,5.141527638060172e-15,1.9984014443252818e-15,4.349998198449612e-05
1097,ISM,100,1998,2,166,0.06069710867639976,0.0038225344357209665,6.409999332390726e-05
1098,DI,100,1998,2,167,5.081503187874641e-15,1.5543122344752192e-15,0.0008251999970525503
1099,WMI,100,1998,2,167,5.141527638060172e-15,1.9984014443252818e-15,8.269998943433166e-05
1100,ISM,100,1998,2,167,0.06069710867639976,0.0038225344357209665,0.00012519999290816486
1101,DI,100,1998,2,168,5.081503187874641e-15,1.5543122344752192e-15,0.0009503000183030963
1102,WMI,100,1998,2,168,5.141527638060172e-15,1.9984014443252818e-15,5.289999535307288e-05
1103,ISM,100,1998,2,168,0.06069710867639976,0.0038225344357209665,5.840000812895596e-05
1104,DI,100,1998,2,169,5.081503187874641e-15,1.5543122344752192e-15,0.0009248999995179474
1105,WMI,100,1998,2,169,5.141527638060172e-15,1.9984014443252818e-15,4.189999890513718e-05
1106,ISM,100,1998,2,169,0.06069710867639976,0.0038225344357209665,5.989999044686556e-05
1107,DI,100,1998,2,170,5.081503187874641e-15,1.5543122344752192e-15,0.0008610000077169389
1108,WMI,100,1998,2,170,5.141527638060172e-15,1.9984014443252818e-15,4.430001717992127e-05
1109,ISM,100,1998,2,170,0.06069710867639976,0.0038225344357209665,6.130000110715628e-05
1110,DI,100,1998,2,171,5.081503187874641e-15,1.5543122344752192e-15,0.0007751000230200589
1111,WMI,100,1998,2,171,5.141527638060172e-15,1.9984014443252818e-15,3.9099977584555745e-05
1112,ISM,100,1998,2,171,0.06069710867639976,0.0038225344357209665,5.840000812895596e-05
1113,DI,100,1998,2,172,5.081503187874641e-15,1.5543122344752192e-15,0.0007725000032223761
1114,WMI,100,1998,2,172,5.141527638060172e-15,1.9984014443252818e-15,3.91000066883862e-05
1115,ISM,100,1998,2,172,0.06069710867639976,0.0038225344357209665,5.709999823011458e-05
1116,DI,100,1998,2,173,5.081503187874641e-15,1.5543122344752192e-15,0.00090230000205338
1117,WMI,100,1998,2,173,5.141527638060172e-15,1.9984014443252818e-15,5.7900004321709275e-05
1118,ISM,100,1998,2,173,0.06069710867639976,0.0038225344357209665,6.819999543949962e-05
1119,DI,100,1998,2,174,5.081503187874641e-15,1.5543122344752192e-15,0.000807800010079518
1120,WMI,100,1998,2,174,5.141527638060172e-15,1.9984014443252818e-15,8.339999476447701e-05
1121,ISM,100,1998,2,174,0.06069710867639976,0.0038225344357209665,0.00012169999536126852
1122,DI,100,1998,2,175,5.081503187874641e-15,1.5543122344752192e-15,0.00095420001889579
1123,WMI,100,1998,2,175,5.141527638060172e-15,1.9984014443252818e-15,3.960001049563289e-05
1124,ISM,100,1998,2,175,0.06069710867639976,0.0038225344357209665,6.059999577701092e-05
1125,DI,100,1998,2,176,5.081503187874641e-15,1.5543122344752192e-15,0.0008422999817412347
1126,WMI,100,1998,2,176,5.141527638060172e-15,1.9984014443252818e-15,8.350002462975681e-05
1127,ISM,100,1998,2,176,0.06069710867639976,0.0038225344357209665,0.00012370001059025526
1128,DI,100,1998,2,177,5.081503187874641e-15,1.5543122344752192e-15,0.0009166000236291438
1129,WMI,100,1998,2,177,5.141527638060172e-15,1.9984014443252818e-15,3.860000288113952e-05
1130,ISM,100,1998,2,177,0.06069710867639976,0.0038225344357209665,5.819997750222683e-05
1131,DI,100,1998,2,178,5.081503187874641e-15,1.5543122344752192e-15,0.0007987999997567385
1132,WMI,100,1998,2,178,5.141527638060172e-15,1.9984014443252818e-15,3.700001980178058e-05
1133,ISM,100,1998,2,178,0.06069710867639976,0.0038225344357209665,6.17999758105725e-05
1134,DI,100,1998,2,179,5.081503187874641e-15,1.5543122344752192e-15,0.0007327999919652939
1135,WMI,100,1998,2,179,5.141527638060172e-15,1.9984014443252818e-15,4.6200002543628216e-05
1136,ISM,100,1998,2,179,0.06069710867639976,0.0038225344357209665,6.019999273121357e-05
1137,DI,100,1998,2,180,5.081503187874641e-15,1.5543122344752192e-15,0.000764899974456057
1138,WMI,100,1998,2,180,5.141527638060172e-15,1.9984014443252818e-15,8.279999019578099e-05
1139,ISM,100,1998,2,180,0.06069710867639976,0.0038225344357209665,0.00012290000449866056
1140,DI,100,1998,2,181,5.081503187874641e-15,1.5543122344752192e-15,0.0009131999977398664
1141,WMI,100,1998,2,181,5.141527638060172e-15,1.9984014443252818e-15,8.219998562708497e-05
1142,ISM,100,1998,2,181,0.06069710867639976,0.0038225344357209665,0.00012539999443106353
1143,DI,100,1998,2,182,5.081503187874641e-15,1.5543122344752192e-15,0.0007957000052556396
1144,WMI,100,1998,2,182,5.141527638060172e-15,1.9984014443252818e-15,8.289999095723033e-05
1145,ISM,100,1998,2,182,0.06069710867639976,0.0038225344357209665,0.00012599999899975955
1146,DI,100,1998,2,183,5.081503187874641e-15,1.5543122344752192e-15,0.0009215000027325004
1147,WMI,100,1998,2,183,5.141527638060172e-15,1.9984014443252818e-15,9.330001194030046e-05
1148,ISM,100,1998,2,183,0.06069710867639976,0.0038225344357209665,5.8600009651854634e-05
1149,DI,100,1998,2,184,5.081503187874641e-15,1.5543122344752192e-15,0.0009352000197395682
1150,WMI,100,1998,2,184,5.141527638060172e-15,1.9984014443252818e-15,5.6199991377070546e-05
1151,ISM,100,1998,2,184,0.06069710867639976,0.0038225344357209665,6.160000339150429e-05
1152,DI,100,1998,2,185,5.081503187874641e-15,1.5543122344752192e-15,0.0008116000099107623
1153,WMI,100,1998,2,185,5.141527638060172e-15,1.9984014443252818e-15,4.2100000428035855e-05
1154,ISM,100,1998,2,185,0.06069710867639976,0.0038225344357209665,6.529997335746884e-05
1155,DI,100,1998,2,186,5.081503187874641e-15,1.5543122344752192e-15,0.0007443000213243067
1156,WMI,100,1998,2,186,5.141527638060172e-15,1.9984014443252818e-15,8.080000407062471e-05
1157,ISM,100,1998,2,186,0.06069710867639976,0.0038225344357209665,6.239998037926853e-05
1158,DI,100,1998,2,187,5.081503187874641e-15,1.5543122344752192e-15,0.0007150999736040831
1159,WMI,100,1998,2,187,5.141527638060172e-15,1.9984014443252818e-15,3.6299985367804766e-05
1160,ISM,100,1998,2,187,0.06069710867639976,0.0038225344357209665,5.669999518431723e-05
1161,DI,100,1998,2,188,5.081503187874641e-15,1.5543122344752192e-15,0.000739500013878569
1162,WMI,100,1998,2,188,5.141527638060172e-15,1.9984014443252818e-15,7.88999896030873e-05
1163,ISM,100,1998,2,188,0.06069710867639976,0.0038225344357209665,0.00012320000678300858
1164,DI,100,1998,2,189,5.081503187874641e-15,1.5543122344752192e-15,0.0008156000112649053
1165,WMI,100,1998,2,189,5.141527638060172e-15,1.9984014443252818e-15,4.149999585933983e-05
1166,ISM,100,1998,2,189,0.06069710867639976,0.0038225344357209665,5.840000812895596e-05
1167,DI,100,1998,2,190,5.081503187874641e-15,1.5543122344752192e-15,0.0007507999835070223
1168,WMI,100,1998,2,190,5.141527638060172e-15,1.9984014443252818e-15,3.7999998312443495e-05
1169,ISM,100,1998,2,190,0.06069710867639976,0.0038225344357209665,5.7199998991563916e-05
1170,DI,100,1998,2,191,5.081503187874641e-15,1.5543122344752192e-15,0.0007141999958548695
1171,WMI,100,1998,2,191,5.141527638060172e-15,1.9984014443252818e-15,3.689998993650079e-05
1172,ISM,100,1998,2,191,0.06069710867639976,0.0038225344357209665,5.599998985417187e-05
1173,DI,100,1998,2,192,5.081503187874641e-15,1.5543122344752192e-15,0.0007986999989952892
1174,WMI,100,1998,2,192,5.141527638060172e-15,1.9984014443252818e-15,4.099999205209315e-05
1175,ISM,100,1998,2,192,0.06069710867639976,0.0038225344357209665,9.159999899566174e-05
1176,DI,100,1998,2,193,5.081503187874641e-15,1.5543122344752192e-15,0.0009147000091616064
1177,WMI,100,1998,2,193,5.141527638060172e-15,1.9984014443252818e-15,8.05000017862767e-05
1178,ISM,100,1998,2,193,0.06069710867639976,0.0038225344357209665,0.00012250000145286322
1179,DI,100,1998,2,194,5.081503187874641e-15,1.5543122344752192e-15,0.000904799991985783
1180,WMI,100,1998,2,194,5.141527638060172e-15,1.9984014443252818e-15,7.6299998909235e-05
1181,ISM,100,1998,2,194,0.06069710867639976,0.0038225344357209665,6.220000796020031e-05
1182,DI,100,1998,2,195,5.081503187874641e-15,1.5543122344752192e-15,0.0008236999856308103
1183,WMI,100,1998,2,195,5.141527638060172e-15,1.9984014443252818e-15,8.369999704882503e-05
1184,ISM,100,1998,2,195,0.06069710867639976,0.0038225344357209665,6.839999696239829e-05
1185,DI,100,1998,2,196,5.081503187874641e-15,1.5543122344752192e-15,0.0012069999938830733
1186,WMI,100,1998,2,196,5.141527638060172e-15,1.9984014443252818e-15,4.6200002543628216e-05
1187,ISM,100,1998,2,196,0.06069710867639976,0.0038225344357209665,6.260001100599766e-05
1188,DI,100,1998,2,197,5.081503187874641e-15,1.5543122344752192e-15,0.0008228000078815967
1189,WMI,100,1998,2,197,5.141527638060172e-15,1.9984014443252818e-15,8.060000254772604e-05
1190,ISM,100,1998,2,197,0.06069710867639976,0.0038225344357209665,0.00012229999992996454
1191,DI,100,1998,2,198,5.081503187874641e-15,1.5543122344752192e-15,0.0008704999927431345
1192,WMI,100,1998,2,198,5.141527638060172e-15,1.9984014443252818e-15,3.950000973418355e-05
1193,ISM,100,1998,2,198,0.06069710867639976,0.0038225344357209665,5.7900004321709275e-05
1194,DI,100,1998,2,199,5.081503187874641e-15,1.5543122344752192e-15,0.0008520999981556088
1195,WMI,100,1998,2,199,5.141527638060172e-15,1.9984014443252818e-15,4.3599982745945454e-05
1196,ISM,100,1998,2,199,0.06069710867639976,0.0038225344357209665,6.089999806135893e-05
1197,DI,100,1998,2,200,5.081503187874641e-15,1.5543122344752192e-15,0.0007903000223450363
1198,WMI,100,1998,2,200,5.141527638060172e-15,1.9984014443252818e-15,3.8300000596791506e-05
1199,ISM,100,1998,2,200,0.06069710867639976,0.0038225344357209665,5.6100019719451666e-05
1200,DI,100,1997,3,1,5.0378389063484055e-15,1.5543122344752192e-15,0.0007990000012796372
1201,WMI,100,1997,3,1,4.969985464390556e-15,1.5543122344752192e-15,5.810000584460795e-05
1202,ISM,100,1997,3,1,0.08808972741994255,0.006292576249127491,9.360001422464848e-05
1203,DI,100,1997,3,2,5.0378389063484055e-15,1.5543122344752192e-15,0.0008310999837704003
1204,WMI,100,1997,3,2,4.969985464390556e-15,1.5543122344752192e-15,4.740001168102026e-05
1205,ISM,100,1997,3,2,0.08808972741994255,0.006292576249127491,8.490000618621707e-05
1206,DI,100,1997,3,3,5.0378389063484055e-15,1.5543122344752192e-15,0.0007868999964557588
1207,WMI,100,1997,3,3,4.969985464390556e-15,1.5543122344752192e-15,8.749999688006938e-05
1208,ISM,100,1997,3,3,0.08808972741994255,0.006292576249127491,0.00017350001144222915
1209,DI,100,1997,3,4,5.0378389063484055e-15,1.5543122344752192e-15,0.0009694000182207674
1210,WMI,100,1997,3,4,4.969985464390556e-15,1.5543122344752192e-15,4.610000178217888e-05
1211,ISM,100,1997,3,4,0.08808972741994255,0.006292576249127491,8.479997632093728e-05
1212,DI,100,1997,3,5,5.0378389063484055e-15,1.5543122344752192e-15,0.0007960999791976064
1213,WMI,100,1997,3,5,4.969985464390556e-15,1.5543122344752192e-15,5.040000542066991e-05
1214,ISM,100,1997,3,5,0.08808972741994255,0.006292576249127491,8.890000754036009e-05
1215,DI,100,1997,3,6,5.0378389063484055e-15,1.5543122344752192e-15,0.0008304999792017043
1216,WMI,100,1997,3,6,4.969985464390556e-15,1.5543122344752192e-15,4.1799998143687844e-05
1217,ISM,100,1997,3,6,0.08808972741994255,0.006292576249127491,8.200001320801675e-05
1218,DI,100,1997,3,7,5.0378389063484055e-15,1.5543122344752192e-15,0.0007781000167597085
1219,WMI,100,1997,3,7,4.969985464390556e-15,1.5543122344752192e-15,8.840000373311341e-05
1220,ISM,100,1997,3,7,0.08808972741994255,0.006292576249127491,0.00018049997743219137
1221,DI,100,1997,3,8,5.0378389063484055e-15,1.5543122344752192e-15,0.0008091000199783593
1222,WMI,100,1997,3,8,4.969985464390556e-15,1.5543122344752192e-15,4.069998976774514e-05
1223,ISM,100,1997,3,8,0.08808972741994255,0.006292576249127491,8.709999383427203e-05
1224,DI,100,1997,3,9,5.0378389063484055e-15,1.5543122344752192e-15,0.0009922999888658524
1225,WMI,100,1997,3,9,4.969985464390556e-15,1.5543122344752192e-15,4.5900000259280205e-05
1226,ISM,100,1997,3,9,0.08808972741994255,0.006292576249127491,8.530000923201442e-05
1227,DI,100,1997,3,10,5.0378389063484055e-15,1.5543122344752192e-15,0.000983500009169802
1228,WMI,100,1997,3,10,4.969985464390556e-15,1.5543122344752192e-15,4.52000240329653e-05
1229,ISM,100,1997,3,10,0.08808972741994255,0.006292576249127491,8.339999476447701e-05
1230,DI,100,1997,3,11,5.0378389063484055e-15,1.5543122344752192e-15,0.0007772000099066645
1231,WMI,100,1997,3,11,4.969985464390556e-15,1.5543122344752192e-15,8.709999383427203e-05
1232,ISM,100,1997,3,11,0.08808972741994255,0.006292576249127491,0.0001736000122036785
1233,DI,100,1997,3,12,5.0378389063484055e-15,1.5543122344752192e-15,0.0008305999799631536
1234,WMI,100,1997,3,12,4.969985464390556e-15,1.5543122344752192e-15,8.850000449456275e-05
1235,ISM,100,1997,3,12,0.08808972741994255,0.006292576249127491,0.0001795999996829778
1236,DI,100,1997,3,13,5.0378389063484055e-15,1.5543122344752192e-15,0.0009356999944429845
1237,WMI,100,1997,3,13,4.969985464390556e-15,1.5543122344752192e-15,4.4899992644786835e-05
1238,ISM,100,1997,3,13,0.08808972741994255,0.006292576249127491,8.480000542476773e-05
1239,DI,100,1997,3,14,5.0378389063484055e-15,1.5543122344752192e-15,0.0007856999873183668
1240,WMI,100,1997,3,14,4.969985464390556e-15,1.5543122344752192e-15,4.1399995097890496e-05
1241,ISM,100,1997,3,14,0.08808972741994255,0.006292576249127491,8.66000191308558e-05
1242,DI,100,1997,3,15,5.0378389063484055e-15,1.5543122344752192e-15,0.0007721000001765788
1243,WMI,100,1997,3,15,4.969985464390556e-15,1.5543122344752192e-15,4.220000118948519e-05
1244,ISM,100,1997,3,15,0.08808972741994255,0.006292576249127491,8.209998486563563e-05
1245,DI,100,1997,3,16,5.0378389063484055e-15,1.5543122344752192e-15,0.0007615999784320593
1246,WMI,100,1997,3,16,4.969985464390556e-15,1.5543122344752192e-15,4.159999662078917e-05
1247,ISM,100,1997,3,16,0.08808972741994255,0.006292576249127491,8.599998545832932e-05
1248,DI,100,1997,3,17,5.0378389063484055e-15,1.5543122344752192e-15,0.0008299000037368387
1249,WMI,100,1997,3,17,4.969985464390556e-15,1.5543122344752192e-15,4.05999890062958e-05
1250,ISM,100,1997,3,17,0.08808972741994255,0.006292576249127491,8.170001092366874e-05
1251,DI,100,1997,3,18,5.0378389063484055e-15,1.5543122344752192e-15,0.000805300020147115
1252,WMI,100,1997,3,18,4.969985464390556e-15,1.5543122344752192e-15,4.420001641847193e-05
1253,ISM,100,1997,3,18,0.08808972741994255,0.006292576249127491,8.350002462975681e-05
1254,DI,100,1997,3,19,5.0378389063484055e-15,1.5543122344752192e-15,0.0007627000159118325
1255,WMI,100,1997,3,19,4.969985464390556e-15,1.5543122344752192e-15,3.850000211969018e-05
1256,ISM,100,1997,3,19,0.08808972741994255,0.006292576249127491,0.0001871999993454665
1257,DI,100,1997,3,20,5.0378389063484055e-15,1.5543122344752192e-15,0.0008920999825932086
1258,WMI,100,1997,3,20,4.969985464390556e-15,1.5543122344752192e-15,9.169999975711107e-05
1259,ISM,100,1997,3,20,0.08808972741994255,0.006292576249127491,0.0001815000141505152
1260,DI,100,1997,3,21,5.0378389063484055e-15,1.5543122344752192e-15,0.0009808999893721193
1261,WMI,100,1997,3,21,4.969985464390556e-15,1.5543122344752192e-15,5.329999839887023e-05
1262,ISM,100,1997,3,21,0.08808972741994255,0.006292576249127491,9.350001346319914e-05
1263,DI,100,1997,3,22,5.0378389063484055e-15,1.5543122344752192e-15,0.0010865999793168157
1264,WMI,100,1997,3,22,4.969985464390556e-15,1.5543122344752192e-15,8.6199986981228e-05
1265,ISM,100,1997,3,22,0.08808972741994255,0.006292576249127491,9.560000034980476e-05
1266,DI,100,1997,3,23,5.0378389063484055e-15,1.5543122344752192e-15,0.001069099991582334
1267,WMI,100,1997,3,23,4.969985464390556e-15,1.5543122344752192e-15,9.020001743920147e-05
1268,ISM,100,1997,3,23,0.08808972741994255,0.006292576249127491,0.00011569997877813876
1269,DI,100,1997,3,24,5.0378389063484055e-15,1.5543122344752192e-15,0.001512399991042912
1270,WMI,100,1997,3,24,4.969985464390556e-15,1.5543122344752192e-15,9.129999671131372e-05
1271,ISM,100,1997,3,24,0.08808972741994255,0.006292576249127491,9.670000872574747e-05
1272,DI,100,1997,3,25,5.0378389063484055e-15,1.5543122344752192e-15,0.0009120000177063048
1273,WMI,100,1997,3,25,4.969985464390556e-15,1.5543122344752192e-15,4.909999552182853e-05
1274,ISM,100,1997,3,25,0.08808972741994255,0.006292576249127491,9.059999138116837e-05
1275,DI,100,1997,3,26,5.0378389063484055e-15,1.5543122344752192e-15,0.0008516999951098114
1276,WMI,100,1997,3,26,4.969985464390556e-15,1.5543122344752192e-15,4.020001506432891e-05
1277,ISM,100,1997,3,26,0.08808972741994255,0.006292576249127491,8.92000098247081e-05
1278,DI,100,1997,3,27,5.0378389063484055e-15,1.5543122344752192e-15,0.0008306999807246029
1279,WMI,100,1997,3,27,4.969985464390556e-15,1.5543122344752192e-15,3.7999998312443495e-05
1280,ISM,100,1997,3,27,0.08808972741994255,0.006292576249127491,8.81000014487654e-05
1281,DI,100,1997,3,28,5.0378389063484055e-15,1.5543122344752192e-15,0.0008754000009503216
1282,WMI,100,1997,3,28,4.969985464390556e-15,1.5543122344752192e-15,8.340002386830747e-05
1283,ISM,100,1997,3,28,0.08808972741994255,0.006292576249127491,9.14999982342124e-05
1284,DI,100,1997,3,29,5.0378389063484055e-15,1.5543122344752192e-15,0.0008308000105898827
1285,WMI,100,1997,3,29,4.969985464390556e-15,1.5543122344752192e-15,4.730001091957092e-05
1286,ISM,100,1997,3,29,0.08808972741994255,0.006292576249127491,9.129999671131372e-05
1287,DI,100,1997,3,30,5.0378389063484055e-15,1.5543122344752192e-15,0.0009978999732993543
1288,WMI,100,1997,3,30,4.969985464390556e-15,1.5543122344752192e-15,5.120001151226461e-05
1289,ISM,100,1997,3,30,0.08808972741994255,0.006292576249127491,9.159999899566174e-05
1290,DI,100,1997,3,31,5.0378389063484055e-15,1.5543122344752192e-15,0.0009503000183030963
1291,WMI,100,1997,3,31,4.969985464390556e-15,1.5543122344752192e-15,4.39999857917428e-05
1292,ISM,100,1997,3,31,0.08808972741994255,0.006292576249127491,8.540000999346375e-05
1293,DI,100,1997,3,32,5.0378389063484055e-15,1.5543122344752192e-15,0.0010898000036831945
1294,WMI,100,1997,3,32,4.969985464390556e-15,1.5543122344752192e-15,6.389999180100858e-05
1295,ISM,100,1997,3,32,0.08808972741994255,0.006292576249127491,9.119999594986439e-05
1296,DI,100,1997,3,33,5.0378389063484055e-15,1.5543122344752192e-15,0.0009949000086635351
1297,WMI,100,1997,3,33,4.969985464390556e-15,1.5543122344752192e-15,6.139997276477516e-05
1298,ISM,100,1997,3,33,0.08808972741994255,0.006292576249127491,8.92000098247081e-05
1299,DI,100,1997,3,34,5.0378389063484055e-15,1.5543122344752192e-15,0.0008683000050950795
1300,WMI,100,1997,3,34,4.969985464390556e-15,1.5543122344752192e-15,8.81000014487654e-05
1301,ISM,100,1997,3,34,0.08808972741994255,0.006292576249127491,0.00018030000501312315
1302,DI,100,1997,3,35,5.0378389063484055e-15,1.5543122344752192e-15,0.0009059000003617257
1303,WMI,100,1997,3,35,4.969985464390556e-15,1.5543122344752192e-15,4.47999918833375e-05
1304,ISM,100,1997,3,35,0.08808972741994255,0.006292576249127491,8.490000618621707e-05
1305,DI,100,1997,3,36,5.0378389063484055e-15,1.5543122344752192e-15,0.0008347000111825764
1306,WMI,100,1997,3,36,4.969985464390556e-15,1.5543122344752192e-15,3.950000973418355e-05
1307,ISM,100,1997,3,36,0.08808972741994255,0.006292576249127491,8.030000026337802e-05
1308,DI,100,1997,3,37,5.0378389063484055e-15,1.5543122344752192e-15,0.0008547999896109104
1309,WMI,100,1997,3,37,4.969985464390556e-15,1.5543122344752192e-15,8.850000449456275e-05
1310,ISM,100,1997,3,37,0.08808972741994255,0.006292576249127491,8.259998867288232e-05
1311,DI,100,1997,3,38,5.0378389063484055e-15,1.5543122344752192e-15,0.0008346000104211271
1312,WMI,100,1997,3,38,4.969985464390556e-15,1.5543122344752192e-15,4.1000021155923605e-05
1313,ISM,100,1997,3,38,0.08808972741994255,0.006292576249127491,8.100000559352338e-05
1314,DI,100,1997,3,39,5.0378389063484055e-15,1.5543122344752192e-15,0.0008783999946899712
1315,WMI,100,1997,3,39,4.969985464390556e-15,1.5543122344752192e-15,4.610000178217888e-05
1316,ISM,100,1997,3,39,0.08808972741994255,0.006292576249127491,8.889997843652964e-05
1317,DI,100,1997,3,40,5.0378389063484055e-15,1.5543122344752192e-15,0.0008726000087335706
1318,WMI,100,1997,3,40,4.969985464390556e-15,1.5543122344752192e-15,0.0001464999804738909
1319,ISM,100,1997,3,40,0.08808972741994255,0.006292576249127491,0.00027189997490495443
1320,DI,100,1997,3,41,5.0378389063484055e-15,1.5543122344752192e-15,0.001104700000723824
1321,WMI,100,1997,3,41,4.969985464390556e-15,1.5543122344752192e-15,5.15999854542315e-05
1322,ISM,100,1997,3,41,0.08808972741994255,0.006292576249127491,8.679999154992402e-05
1323,DI,100,1997,3,42,5.0378389063484055e-15,1.5543122344752192e-15,0.0008206999918911606
1324,WMI,100,1997,3,42,4.969985464390556e-15,1.5543122344752192e-15,4.0099985199049115e-05
1325,ISM,100,1997,3,42,0.08808972741994255,0.006292576249127491,8.269998943433166e-05
1326,DI,100,1997,3,43,5.0378389063484055e-15,1.5543122344752192e-15,0.0008661999891046435
1327,WMI,100,1997,3,43,4.969985464390556e-15,1.5543122344752192e-15,0.00014059999375604093
1328,ISM,100,1997,3,43,0.08808972741994255,0.006292576249127491,8.410000009462237e-05
1329,DI,100,1997,3,44,5.0378389063484055e-15,1.5543122344752192e-15,0.0011697000009007752
1330,WMI,100,1997,3,44,4.969985464390556e-15,1.5543122344752192e-15,8.749999688006938e-05
1331,ISM,100,1997,3,44,0.08808972741994255,0.006292576249127491,0.00017170002683997154
1332,DI,100,1997,3,45,5.0378389063484055e-15,1.5543122344752192e-15,0.0012258999922778457
1333,WMI,100,1997,3,45,4.969985464390556e-15,1.5543122344752192e-15,4.3899985030293465e-05
1334,ISM,100,1997,3,45,0.08808972741994255,0.006292576249127491,8.269998943433166e-05
1335,DI,100,1997,3,46,5.0378389063484055e-15,1.5543122344752192e-15,0.0008259000023826957
1336,WMI,100,1997,3,46,4.969985464390556e-15,1.5543122344752192e-15,0.00010750000365078449
1337,ISM,100,1997,3,46,0.08808972741994255,0.006292576249127491,0.00018569998792372644
1338,DI,100,1997,3,47,5.0378389063484055e-15,1.5543122344752192e-15,0.0008387000125367194
1339,WMI,100,1997,3,47,4.969985464390556e-15,1.5543122344752192e-15,4.840001929551363e-05
1340,ISM,100,1997,3,47,0.08808972741994255,0.006292576249127491,8.779999916441739e-05
1341,DI,100,1997,3,48,5.0378389063484055e-15,1.5543122344752192e-15,0.0007717000262346119
1342,WMI,100,1997,3,48,4.969985464390556e-15,1.5543122344752192e-15,3.860000288113952e-05
1343,ISM,100,1997,3,48,0.08808972741994255,0.006292576249127491,8.080000407062471e-05
1344,DI,100,1997,3,49,5.0378389063484055e-15,1.5543122344752192e-15,0.0008234000124502927
1345,WMI,100,1997,3,49,4.969985464390556e-15,1.5543122344752192e-15,8.349999552592635e-05
1346,ISM,100,1997,3,49,0.08808972741994255,0.006292576249127491,0.00017320000915788114
1347,DI,100,1997,3,50,5.0378389063484055e-15,1.5543122344752192e-15,0.0008759999764151871
1348,WMI,100,1997,3,50,4.969985464390556e-15,1.5543122344752192e-15,3.71999922208488e-05
1349,ISM,100,1997,3,50,0.08808972741994255,0.006292576249127491,8.16000101622194e-05
1350,DI,100,1997,3,51,5.0378389063484055e-15,1.5543122344752192e-15,0.0013934999878983945
1351,WMI,100,1997,3,51,4.969985464390556e-15,1.5543122344752192e-15,0.00014930000179447234
1352,ISM,100,1997,3,51,0.08808972741994255,0.006292576249127491,0.0003068000078201294
1353,DI,100,1997,3,52,5.0378389063484055e-15,1.5543122344752192e-15,0.0011196999985259026
1354,WMI,100,1997,3,52,4.969985464390556e-15,1.5543122344752192e-15,8.070000330917537e-05
1355,ISM,100,1997,3,52,0.08808972741994255,0.006292576249127491,0.00017710000975057483
1356,DI,100,1997,3,53,5.0378389063484055e-15,1.5543122344752192e-15,0.0009456000116188079
1357,WMI,100,1997,3,53,4.969985464390556e-15,1.5543122344752192e-15,7.589999586343765e-05
1358,ISM,100,1997,3,53,0.08808972741994255,0.006292576249127491,0.00017060001846402884
1359,DI,100,1997,3,54,5.0378389063484055e-15,1.5543122344752192e-15,0.0009482000023126602
1360,WMI,100,1997,3,54,4.969985464390556e-15,1.5543122344752192e-15,4.6299974201247096e-05
1361,ISM,100,1997,3,54,0.08808972741994255,0.006292576249127491,8.530000923201442e-05
1362,DI,100,1997,3,55,5.0378389063484055e-15,1.5543122344752192e-15,0.0008283999923150986
1363,WMI,100,1997,3,55,4.969985464390556e-15,1.5543122344752192e-15,7.450001430697739e-05
1364,ISM,100,1997,3,55,0.08808972741994255,0.006292576249127491,0.0001689000055193901
1365,DI,100,1997,3,56,5.0378389063484055e-15,1.5543122344752192e-15,0.0009022000012919307
1366,WMI,100,1997,3,56,4.969985464390556e-15,1.5543122344752192e-15,4.350001108832657e-05
1367,ISM,100,1997,3,56,0.08808972741994255,0.006292576249127491,8.329999400302768e-05
1368,DI,100,1997,3,57,5.0378389063484055e-15,1.5543122344752192e-15,0.0007910999993328005
1369,WMI,100,1997,3,57,4.969985464390556e-15,1.5543122344752192e-15,7.51999905332923e-05
1370,ISM,100,1997,3,57,0.08808972741994255,0.006292576249127491,0.00017079999088309705
1371,DI,100,1997,3,58,5.0378389063484055e-15,1.5543122344752192e-15,0.0007940000214148313
1372,WMI,100,1997,3,58,4.969985464390556e-15,1.5543122344752192e-15,3.6500015994533896e-05
1373,ISM,100,1997,3,58,0.08808972741994255,0.006292576249127491,8.289999095723033e-05
1374,DI,100,1997,3,59,5.0378389063484055e-15,1.5543122344752192e-15,0.0008030000026337802
1375,WMI,100,1997,3,59,4.969985464390556e-15,1.5543122344752192e-15,3.350002225488424e-05
1376,ISM,100,1997,3,59,0.08808972741994255,0.006292576249127491,8.109997725114226e-05
1377,DI,100,1997,3,60,5.0378389063484055e-15,1.5543122344752192e-15,0.0007628000166732818
1378,WMI,100,1997,3,60,4.969985464390556e-15,1.5543122344752192e-15,3.3199990866705775e-05
1379,ISM,100,1997,3,60,0.08808972741994255,0.006292576249127491,8.070000330917537e-05
1380,DI,100,1997,3,61,5.0378389063484055e-15,1.5543122344752192e-15,0.0009196000173687935
1381,WMI,100,1997,3,61,4.969985464390556e-15,1.5543122344752192e-15,7.569999434053898e-05
1382,ISM,100,1997,3,61,0.08808972741994255,0.006292576249127491,9.109999518841505e-05
1383,DI,100,1997,3,62,5.0378389063484055e-15,1.5543122344752192e-15,0.0008549999911338091
1384,WMI,100,1997,3,62,4.969985464390556e-15,1.5543122344752192e-15,7.139999070204794e-05
1385,ISM,100,1997,3,62,0.08808972741994255,0.006292576249127491,0.00016910000704228878
1386,DI,100,1997,3,63,5.0378389063484055e-15,1.5543122344752192e-15,0.000963800004683435
1387,WMI,100,1997,3,63,4.969985464390556e-15,1.5543122344752192e-15,5.289999535307288e-05
1388,ISM,100,1997,3,63,0.08808972741994255,0.006292576249127491,8.759999764151871e-05
1389,DI,100,1997,3,64,5.0378389063484055e-15,1.5543122344752192e-15,0.0009834999800659716
1390,WMI,100,1997,3,64,4.969985464390556e-15,1.5543122344752192e-15,8.420000085607171e-05
1391,ISM,100,1997,3,64,0.08808972741994255,0.006292576249127491,0.00014750001719221473
1392,DI,100,1997,3,65,5.0378389063484055e-15,1.5543122344752192e-15,0.0010763999889604747
1393,WMI,100,1997,3,65,4.969985464390556e-15,1.5543122344752192e-15,8.800000068731606e-05
1394,ISM,100,1997,3,65,0.08808972741994255,0.006292576249127491,0.00012020001304335892
1395,DI,100,1997,3,66,5.0378389063484055e-15,1.5543122344752192e-15,0.0008967999892774969
1396,WMI,100,1997,3,66,4.969985464390556e-15,1.5543122344752192e-15,7.459998596459627e-05
1397,ISM,100,1997,3,66,0.08808972741994255,0.006292576249127491,0.00017319998005405068
1398,DI,100,1997,3,67,5.0378389063484055e-15,1.5543122344752192e-15,0.0009250000002793968
1399,WMI,100,1997,3,67,4.969985464390556e-15,1.5543122344752192e-15,4.850002005696297e-05
1400,ISM,100,1997,3,67,0.08808972741994255,0.006292576249127491,8.410000009462237e-05
1401,DI,100,1997,3,68,5.0378389063484055e-15,1.5543122344752192e-15,0.0009039000142365694
1402,WMI,100,1997,3,68,4.969985464390556e-15,1.5543122344752192e-15,3.6999990697950125e-05
1403,ISM,100,1997,3,68,0.08808972741994255,0.006292576249127491,8.109997725114226e-05
1404,DI,100,1997,3,69,5.0378389063484055e-15,1.5543122344752192e-15,0.0008092999923974276
1405,WMI,100,1997,3,69,4.969985464390556e-15,1.5543122344752192e-15,3.680001827888191e-05
1406,ISM,100,1997,3,69,0.08808972741994255,0.006292576249127491,7.999999797903001e-05
1407,DI,100,1997,3,70,5.0378389063484055e-15,1.5543122344752192e-15,0.0007728000055067241
1408,WMI,100,1997,3,70,4.969985464390556e-15,1.5543122344752192e-15,4.680000711232424e-05
1409,ISM,100,1997,3,70,0.08808972741994255,0.006292576249127491,8.349999552592635e-05
1410,DI,100,1997,3,71,5.0378389063484055e-15,1.5543122344752192e-15,0.0008571000071242452
1411,WMI,100,1997,3,71,4.969985464390556e-15,1.5543122344752192e-15,7.690000347793102e-05
1412,ISM,100,1997,3,71,0.08808972741994255,0.006292576249127491,0.0001750999945215881
1413,DI,100,1997,3,72,5.0378389063484055e-15,1.5543122344752192e-15,0.0009150000114459544
1414,WMI,100,1997,3,72,4.969985464390556e-15,1.5543122344752192e-15,9.079999290406704e-05
1415,ISM,100,1997,3,72,0.08808972741994255,0.006292576249127491,8.530000923201442e-05
1416,DI,100,1997,3,73,5.0378389063484055e-15,1.5543122344752192e-15,0.0008522999996785074
1417,WMI,100,1997,3,73,4.969985464390556e-15,1.5543122344752192e-15,4.5599997974932194e-05
1418,ISM,100,1997,3,73,0.08808972741994255,0.006292576249127491,8.430000161752105e-05
1419,DI,100,1997,3,74,5.0378389063484055e-15,1.5543122344752192e-15,0.0007889000116847456
1420,WMI,100,1997,3,74,4.969985464390556e-15,1.5543122344752192e-15,3.679998917505145e-05
1421,ISM,100,1997,3,74,0.08808972741994255,0.006292576249127491,8.6199986981228e-05
1422,DI,100,1997,3,75,5.0378389063484055e-15,1.5543122344752192e-15,0.0007884000078774989
1423,WMI,100,1997,3,75,4.969985464390556e-15,1.5543122344752192e-15,8.890000754036009e-05
1424,ISM,100,1997,3,75,0.08808972741994255,0.006292576249127491,0.00018509998335503042
1425,DI,100,1997,3,76,5.0378389063484055e-15,1.5543122344752192e-15,0.0009329000022262335
1426,WMI,100,1997,3,76,4.969985464390556e-15,1.5543122344752192e-15,7.879998884163797e-05
1427,ISM,100,1997,3,76,0.08808972741994255,0.006292576249127491,0.00017830001888796687
1428,DI,100,1997,3,77,5.0378389063484055e-15,1.5543122344752192e-15,0.000915899989195168
1429,WMI,100,1997,3,77,4.969985464390556e-15,1.5543122344752192e-15,7.740000728517771e-05
1430,ISM,100,1997,3,77,0.08808972741994255,0.006292576249127491,0.00017559999832883477
1431,DI,100,1997,3,78,5.0378389063484055e-15,1.5543122344752192e-15,0.0007928000122774392
1432,WMI,100,1997,3,78,4.969985464390556e-15,1.5543122344752192e-15,3.9700011257082224e-05
1433,ISM,100,1997,3,78,0.08808972741994255,0.006292576249127491,8.789999992586672e-05
1434,DI,100,1997,3,79,5.0378389063484055e-15,1.5543122344752192e-15,0.0007687000033911318
1435,WMI,100,1997,3,79,4.969985464390556e-15,1.5543122344752192e-15,7.670000195503235e-05
1436,ISM,100,1997,3,79,0.08808972741994255,0.006292576249127491,0.00017439998919144273
1437,DI,100,1997,3,80,5.0378389063484055e-15,1.5543122344752192e-15,0.0009369000035803765
1438,WMI,100,1997,3,80,4.969985464390556e-15,1.5543122344752192e-15,0.00010340000153519213
1439,ISM,100,1997,3,80,0.08808972741994255,0.006292576249127491,0.0002066000015474856
1440,DI,100,1997,3,81,5.0378389063484055e-15,1.5543122344752192e-15,0.0008751999994274229
1441,WMI,100,1997,3,81,4.969985464390556e-15,1.5543122344752192e-15,7.320000440813601e-05
1442,ISM,100,1997,3,81,0.08808972741994255,0.006292576249127491,0.00016919997869990766
1443,DI,100,1997,3,82,5.0378389063484055e-15,1.5543122344752192e-15,0.0012419000267982483
1444,WMI,100,1997,3,82,4.969985464390556e-15,1.5543122344752192e-15,0.00013169998419471085
1445,ISM,100,1997,3,82,0.08808972741994255,0.006292576249127491,0.00010269999620504677
1446,DI,100,1997,3,83,5.0378389063484055e-15,1.5543122344752192e-15,0.0008169999928213656
1447,WMI,100,1997,3,83,4.969985464390556e-15,1.5543122344752192e-15,9.23000043258071e-05
1448,ISM,100,1997,3,83,0.08808972741994255,0.006292576249127491,0.00018810000619851053
1449,DI,100,1997,3,84,5.0378389063484055e-15,1.5543122344752192e-15,0.0009207999974023551
1450,WMI,100,1997,3,84,4.969985464390556e-15,1.5543122344752192e-15,4.5599997974932194e-05
1451,ISM,100,1997,3,84,0.08808972741994255,0.006292576249127491,8.590001380071044e-05
1452,DI,100,1997,3,85,5.0378389063484055e-15,1.5543122344752192e-15,0.000755299988668412
1453,WMI,100,1997,3,85,4.969985464390556e-15,1.5543122344752192e-15,7.750000804662704e-05
1454,ISM,100,1997,3,85,0.08808972741994255,0.006292576249127491,0.00016540000797249377
1455,DI,100,1997,3,86,5.0378389063484055e-15,1.5543122344752192e-15,0.0007549000147264451
1456,WMI,100,1997,3,86,4.969985464390556e-15,1.5543122344752192e-15,3.890000516548753e-05
1457,ISM,100,1997,3,86,0.08808972741994255,0.006292576249127491,8.460000390186906e-05
1458,DI,100,1997,3,87,5.0378389063484055e-15,1.5543122344752192e-15,0.0007589000160805881
1459,WMI,100,1997,3,87,4.969985464390556e-15,1.5543122344752192e-15,7.219999679364264e-05
1460,ISM,100,1997,3,87,0.08808972741994255,0.006292576249127491,0.000159399991389364
1461,DI,100,1997,3,88,5.0378389063484055e-15,1.5543122344752192e-15,0.0008555999957025051
1462,WMI,100,1997,3,88,4.969985464390556e-15,1.5543122344752192e-15,6.740001845173538e-05
1463,ISM,100,1997,3,88,0.08808972741994255,0.006292576249127491,0.000159099989105016
1464,DI,100,1997,3,89,5.0378389063484055e-15,1.5543122344752192e-15,0.0008531000057701021
1465,WMI,100,1997,3,89,4.969985464390556e-15,1.5543122344752192e-15,6.799999391660094e-05
1466,ISM,100,1997,3,89,0.08808972741994255,0.006292576249127491,0.00015949999215081334
1467,DI,100,1997,3,90,5.0378389063484055e-15,1.5543122344752192e-15,0.0008307999814860523
1468,WMI,100,1997,3,90,4.969985464390556e-15,1.5543122344752192e-15,6.580000626854599e-05
1469,ISM,100,1997,3,90,0.08808972741994255,0.006292576249127491,0.00015869998605921865
1470,DI,100,1997,3,91,5.0378389063484055e-15,1.5543122344752192e-15,0.0008119000121951103
1471,WMI,100,1997,3,91,4.969985464390556e-15,1.5543122344752192e-15,8.850000449456275e-05
1472,ISM,100,1997,3,91,0.08808972741994255,0.006292576249127491,0.00017270000535063446
1473,DI,100,1997,3,92,5.0378389063484055e-15,1.5543122344752192e-15,0.0009769999887794256
1474,WMI,100,1997,3,92,4.969985464390556e-15,1.5543122344752192e-15,7.179999374784529e-05
1475,ISM,100,1997,3,92,0.08808972741994255,0.006292576249127491,0.00016090000281110406
1476,DI,100,1997,3,93,5.0378389063484055e-15,1.5543122344752192e-15,0.001029600010951981
1477,WMI,100,1997,3,93,4.969985464390556e-15,1.5543122344752192e-15,4.81999886687845e-05
1478,ISM,100,1997,3,93,0.08808972741994255,0.006292576249127491,8.990001515485346e-05
1479,DI,100,1997,3,94,5.0378389063484055e-15,1.5543122344752192e-15,0.0008983999723568559
1480,WMI,100,1997,3,94,4.969985464390556e-15,1.5543122344752192e-15,7.450001430697739e-05
1481,ISM,100,1997,3,94,0.08808972741994255,0.006292576249127491,8.480000542476773e-05
1482,DI,100,1997,3,95,5.0378389063484055e-15,1.5543122344752192e-15,0.0007902999932412058
1483,WMI,100,1997,3,95,4.969985464390556e-15,1.5543122344752192e-15,8.070000330917537e-05
1484,ISM,100,1997,3,95,0.08808972741994255,0.006292576249127491,0.00016900000628083944
1485,DI,100,1997,3,96,5.0378389063484055e-15,1.5543122344752192e-15,0.0009271000162698328
1486,WMI,100,1997,3,96,4.969985464390556e-15,1.5543122344752192e-15,5.319999763742089e-05
1487,ISM,100,1997,3,96,0.08808972741994255,0.006292576249127491,9.600000339560211e-05
1488,DI,100,1997,3,97,5.0378389063484055e-15,1.5543122344752192e-15,0.000805900024715811
1489,WMI,100,1997,3,97,4.969985464390556e-15,1.5543122344752192e-15,7.320000440813601e-05
1490,ISM,100,1997,3,97,0.08808972741994255,0.006292576249127491,0.00016500000492669642
1491,DI,100,1997,3,98,5.0378389063484055e-15,1.5543122344752192e-15,0.0008895999926608056
1492,WMI,100,1997,3,98,4.969985464390556e-15,1.5543122344752192e-15,7.039998308755457e-05
1493,ISM,100,1997,3,98,0.08808972741994255,0.006292576249127491,0.00016220001270994544
1494,DI,100,1997,3,99,5.0378389063484055e-15,1.5543122344752192e-15,0.0008519999973941594
1495,WMI,100,1997,3,99,4.969985464390556e-15,1.5543122344752192e-15,4.0700018871575594e-05
1496,ISM,100,1997,3,99,0.08808972741994255,0.006292576249127491,8.060000254772604e-05
1497,DI,100,1997,3,100,5.0378389063484055e-15,1.5543122344752192e-15,0.0007683000003453344
1498,WMI,100,1997,3,100,4.969985464390556e-15,1.5543122344752192e-15,3.759999526664615e-05
1499,ISM,100,1997,3,100,0.08808972741994255,0.006292576249127491,7.959999493323267e-05
1500,DI,100,1997,3,101,5.0378389063484055e-15,1.5543122344752192e-15,0.0007575999770779163
1501,WMI,100,1997,3,101,4.969985464390556e-15,1.5543122344752192e-15,3.610001294873655e-05
1502,ISM,100,1997,3,101,0.08808972741994255,0.006292576249127491,7.919999188743532e-05
1503,DI,100,1997,3,102,5.0378389063484055e-15,1.5543122344752192e-15,0.0007820000173524022
1504,WMI,100,1997,3,102,4.969985464390556e-15,1.5543122344752192e-15,7.430001278407872e-05
1505,ISM,100,1997,3,102,0.08808972741994255,0.006292576249127491,0.00016309999045915902
1506,DI,100,1997,3,103,5.0378389063484055e-15,1.5543122344752192e-15,0.0008772000146564096
1507,WMI,100,1997,3,103,4.969985464390556e-15,1.5543122344752192e-15,7.639999967068434e-05
1508,ISM,100,1997,3,103,0.08808972741994255,0.006292576249127491,0.00016280001727864146
1509,DI,100,1997,3,104,5.0378389063484055e-15,1.5543122344752192e-15,0.0008953000069595873
1510,WMI,100,1997,3,104,4.969985464390556e-15,1.5543122344752192e-15,4.7200010158121586e-05
1511,ISM,100,1997,3,104,0.08808972741994255,0.006292576249127491,8.789999992586672e-05
1512,DI,100,1997,3,105,5.0378389063484055e-15,1.5543122344752192e-15,0.0007820999890100211
1513,WMI,100,1997,3,105,4.969985464390556e-15,1.5543122344752192e-15,7.760000880807638e-05
1514,ISM,100,1997,3,105,0.08808972741994255,0.006292576249127491,0.00016570001025684178
1515,DI,100,1997,3,106,5.0378389063484055e-15,1.5543122344752192e-15,0.0007972999883349985
1516,WMI,100,1997,3,106,4.969985464390556e-15,1.5543122344752192e-15,4.5900000259280205e-05
1517,ISM,100,1997,3,106,0.08808972741994255,0.006292576249127491,8.47000046633184e-05
1518,DI,100,1997,3,107,5.0378389063484055e-15,1.5543122344752192e-15,0.0007841000042390078
1519,WMI,100,1997,3,107,4.969985464390556e-15,1.5543122344752192e-15,7.100001676008105e-05
1520,ISM,100,1997,3,107,0.08808972741994255,0.006292576249127491,0.0001619999820832163
1521,DI,100,1997,3,108,5.0378389063484055e-15,1.5543122344752192e-15,0.0008784999954514205
1522,WMI,100,1997,3,108,4.969985464390556e-15,1.5543122344752192e-15,7.219999679364264e-05
1523,ISM,100,1997,3,108,0.08808972741994255,0.006292576249127491,0.00016379999578930438
1524,DI,100,1997,3,109,5.0378389063484055e-15,1.5543122344752192e-15,0.00084299998707138
1525,WMI,100,1997,3,109,4.969985464390556e-15,1.5543122344752192e-15,4.270000499673188e-05
1526,ISM,100,1997,3,109,0.08808972741994255,0.006292576249127491,8.090000483207405e-05
1527,DI,100,1997,3,110,5.0378389063484055e-15,1.5543122344752192e-15,0.0007716999971307814
1528,WMI,100,1997,3,110,4.969985464390556e-15,1.5543122344752192e-15,6.93999754730612e-05
1529,ISM,100,1997,3,110,0.08808972741994255,0.006292576249127491,0.00016170000890269876
1530,DI,100,1997,3,111,5.0378389063484055e-15,1.5543122344752192e-15,0.0008658999868202955
1531,WMI,100,1997,3,111,4.969985464390556e-15,1.5543122344752192e-15,3.880000440403819e-05
1532,ISM,100,1997,3,111,0.08808972741994255,0.006292576249127491,7.870001718401909e-05
1533,DI,100,1997,3,112,5.0378389063484055e-15,1.5543122344752192e-15,0.0007685000018682331
1534,WMI,100,1997,3,112,4.969985464390556e-15,1.5543122344752192e-15,3.679998917505145e-05
1535,ISM,100,1997,3,112,0.08808972741994255,0.006292576249127491,7.85999873187393e-05
1536,DI,100,1997,3,113,5.0378389063484055e-15,1.5543122344752192e-15,0.0007721999718341976
1537,WMI,100,1997,3,113,4.969985464390556e-15,1.5543122344752192e-15,7.010000990703702e-05
1538,ISM,100,1997,3,113,0.08808972741994255,0.006292576249127491,0.00016140000661835074
1539,DI,100,1997,3,114,5.0378389063484055e-15,1.5543122344752192e-15,0.00080900001921691
1540,WMI,100,1997,3,114,4.969985464390556e-15,1.5543122344752192e-15,4.569999873638153e-05
1541,ISM,100,1997,3,114,0.08808972741994255,0.006292576249127491,8.840000373311341e-05
1542,DI,100,1997,3,115,5.0378389063484055e-15,1.5543122344752192e-15,0.0008439000230282545
1543,WMI,100,1997,3,115,4.969985464390556e-15,1.5543122344752192e-15,8.299999171867967e-05
1544,ISM,100,1997,3,115,0.08808972741994255,0.006292576249127491,9.249997674487531e-05
1545,DI,100,1997,3,116,5.0378389063484055e-15,1.5543122344752192e-15,0.0007730000070296228
1546,WMI,100,1997,3,116,4.969985464390556e-15,1.5543122344752192e-15,4.2800005758181214e-05
1547,ISM,100,1997,3,116,0.08808972741994255,0.006292576249127491,7.949999417178333e-05
1548,DI,100,1997,3,117,5.0378389063484055e-15,1.5543122344752192e-15,0.0007807000074535608
1549,WMI,100,1997,3,117,4.969985464390556e-15,1.5543122344752192e-15,7.56000226829201e-05
1550,ISM,100,1997,3,117,0.08808972741994255,0.006292576249127491,0.0001697000116109848
1551,DI,100,1997,3,118,5.0378389063484055e-15,1.5543122344752192e-15,0.0008873000042513013
1552,WMI,100,1997,3,118,4.969985464390556e-15,1.5543122344752192e-15,8.710002293810248e-05
1553,ISM,100,1997,3,118,0.08808972741994255,0.006292576249127491,0.00017499999376013875
1554,DI,100,1997,3,119,5.0378389063484055e-15,1.5543122344752192e-15,0.000897399993846193
1555,WMI,100,1997,3,119,4.969985464390556e-15,1.5543122344752192e-15,4.050001734867692e-05
1556,ISM,100,1997,3,119,0.08808972741994255,0.006292576249127491,7.999999797903001e-05
1557,DI,100,1997,3,120,5.0378389063484055e-15,1.5543122344752192e-15,0.0007520000217482448
1558,WMI,100,1997,3,120,4.969985464390556e-15,1.5543122344752192e-15,7.300000288523734e-05
1559,ISM,100,1997,3,120,0.08808972741994255,0.006292576249127491,0.0001660000125411898
1560,DI,100,1997,3,121,5.0378389063484055e-15,1.5543122344752192e-15,0.0008587999909650534
1561,WMI,100,1997,3,121,4.969985464390556e-15,1.5543122344752192e-15,4.3100008042529225e-05
1562,ISM,100,1997,3,121,0.08808972741994255,0.006292576249127491,8.179998258128762e-05
1563,DI,100,1997,3,122,5.0378389063484055e-15,1.5543122344752192e-15,0.0007574999763164669
1564,WMI,100,1997,3,122,4.969985464390556e-15,1.5543122344752192e-15,3.9300008211284876e-05
1565,ISM,100,1997,3,122,0.08808972741994255,0.006292576249127491,7.890001870691776e-05
1566,DI,100,1997,3,123,5.0378389063484055e-15,1.5543122344752192e-15,0.0007816000143066049
1567,WMI,100,1997,3,123,4.969985464390556e-15,1.5543122344752192e-15,3.99000127799809e-05
1568,ISM,100,1997,3,123,0.08808972741994255,0.006292576249127491,7.950002327561378e-05
1569,DI,100,1997,3,124,5.0378389063484055e-15,1.5543122344752192e-15,0.0007667999889235944
1570,WMI,100,1997,3,124,4.969985464390556e-15,1.5543122344752192e-15,7.130001904442906e-05
1571,ISM,100,1997,3,124,0.08808972741994255,0.006292576249127491,0.00016219998360611498
1572,DI,100,1997,3,125,5.0378389063484055e-15,1.5543122344752192e-15,0.0010860000038519502
1573,WMI,100,1997,3,125,4.969985464390556e-15,1.5543122344752192e-15,6.900000153109431e-05
1574,ISM,100,1997,3,125,0.08808972741994255,0.006292576249127491,0.0001613000058569014
1575,DI,100,1997,3,126,5.0378389063484055e-15,1.5543122344752192e-15,0.0009102999756578356
1576,WMI,100,1997,3,126,4.969985464390556e-15,1.5543122344752192e-15,5.6200020480901e-05
1577,ISM,100,1997,3,126,0.08808972741994255,0.006292576249127491,8.650001836940646e-05
1578,DI,100,1997,3,127,5.0378389063484055e-15,1.5543122344752192e-15,0.0008413000032305717
1579,WMI,100,1997,3,127,4.969985464390556e-15,1.5543122344752192e-15,4.050001734867692e-05
1580,ISM,100,1997,3,127,0.08808972741994255,0.006292576249127491,8.080000407062471e-05
1581,DI,100,1997,3,128,5.0378389063484055e-15,1.5543122344752192e-15,0.0007761000015307218
1582,WMI,100,1997,3,128,4.969985464390556e-15,1.5543122344752192e-15,8.019999950192869e-05
1583,ISM,100,1997,3,128,0.08808972741994255,0.006292576249127491,0.00016719999257475138
1584,DI,100,1997,3,129,5.0378389063484055e-15,1.5543122344752192e-15,0.0007960000075399876
1585,WMI,100,1997,3,129,4.969985464390556e-15,1.5543122344752192e-15,7.349997758865356e-05
1586,ISM,100,1997,3,129,0.08808972741994255,0.006292576249127491,0.0001632999919820577
1587,DI,100,1997,3,130,5.0378389063484055e-15,1.5543122344752192e-15,0.0008814999891910702
1588,WMI,100,1997,3,130,4.969985464390556e-15,1.5543122344752192e-15,4.029998672194779e-05
1589,ISM,100,1997,3,130,0.08808972741994255,0.006292576249127491,7.90000194683671e-05
1590,DI,100,1997,3,131,5.0378389063484055e-15,1.5543122344752192e-15,0.0008465000137221068
1591,WMI,100,1997,3,131,4.969985464390556e-15,1.5543122344752192e-15,8.269998943433166e-05
1592,ISM,100,1997,3,131,0.08808972741994255,0.006292576249127491,0.00017260000458918512
1593,DI,100,1997,3,132,5.0378389063484055e-15,1.5543122344752192e-15,0.0008863999973982573
1594,WMI,100,1997,3,132,4.969985464390556e-15,1.5543122344752192e-15,4.239997360855341e-05
1595,ISM,100,1997,3,132,0.08808972741994255,0.006292576249127491,8.180001168511808e-05
1596,DI,100,1997,3,133,5.0378389063484055e-15,1.5543122344752192e-15,0.0007718999986536801
1597,WMI,100,1997,3,133,4.969985464390556e-15,1.5543122344752192e-15,7.320000440813601e-05
1598,ISM,100,1997,3,133,0.08808972741994255,0.006292576249127491,0.0001647000026423484
1599,DI,100,1997,3,134,5.0378389063484055e-15,1.5543122344752192e-15,0.0008632999961264431
1600,WMI,100,1997,3,134,4.969985464390556e-15,1.5543122344752192e-15,3.959998139180243e-05
1601,ISM,100,1997,3,134,0.08808972741994255,0.006292576249127491,8.030000026337802e-05
1602,DI,100,1997,3,135,5.0378389063484055e-15,1.5543122344752192e-15,0.0007792999967932701
1603,WMI,100,1997,3,135,4.969985464390556e-15,1.5543122344752192e-15,7.879998884163797e-05
1604,ISM,100,1997,3,135,0.08808972741994255,0.006292576249127491,9.469999349676073e-05
1605,DI,100,1997,3,136,5.0378389063484055e-15,1.5543122344752192e-15,0.000766699988162145
1606,WMI,100,1997,3,136,4.969985464390556e-15,1.5543122344752192e-15,4.579999949783087e-05
1607,ISM,100,1997,3,136,0.08808972741994255,0.006292576249127491,8.399999933317304e-05
1608,DI,100,1997,3,137,5.0378389063484055e-15,1.5543122344752192e-15,0.0008613000100012869
1609,WMI,100,1997,3,137,4.969985464390556e-15,1.5543122344752192e-15,4.880002234131098e-05
1610,ISM,100,1997,3,137,0.08808972741994255,0.006292576249127491,8.310002158395946e-05
1611,DI,100,1997,3,138,5.0378389063484055e-15,1.5543122344752192e-15,0.0009110000100918114
1612,WMI,100,1997,3,138,4.969985464390556e-15,1.5543122344752192e-15,4.579999949783087e-05
1613,ISM,100,1997,3,138,0.08808972741994255,0.006292576249127491,8.180001168511808e-05
1614,DI,100,1997,3,139,5.0378389063484055e-15,1.5543122344752192e-15,0.0007718999986536801
1615,WMI,100,1997,3,139,4.969985464390556e-15,1.5543122344752192e-15,3.950000973418355e-05
1616,ISM,100,1997,3,139,0.08808972741994255,0.006292576249127491,7.929999264888465e-05
1617,DI,100,1997,3,140,5.0378389063484055e-15,1.5543122344752192e-15,0.0007660000119358301
1618,WMI,100,1997,3,140,4.969985464390556e-15,1.5543122344752192e-15,4.420001641847193e-05
1619,ISM,100,1997,3,140,0.08808972741994255,0.006292576249127491,8.369999704882503e-05
1620,DI,100,1997,3,141,5.0378389063484055e-15,1.5543122344752192e-15,0.0007790999952703714
1621,WMI,100,1997,3,141,4.969985464390556e-15,1.5543122344752192e-15,8.350002462975681e-05
1622,ISM,100,1997,3,141,0.08808972741994255,0.006292576249127491,0.00017330000991933048
1623,DI,100,1997,3,142,5.0378389063484055e-15,1.5543122344752192e-15,0.000773499981733039
1624,WMI,100,1997,3,142,4.969985464390556e-15,1.5543122344752192e-15,3.920000744983554e-05
1625,ISM,100,1997,3,142,0.08808972741994255,0.006292576249127491,8.210001396946609e-05
1626,DI,100,1997,3,143,5.0378389063484055e-15,1.5543122344752192e-15,0.0008243999909609556
1627,WMI,100,1997,3,143,4.969985464390556e-15,1.5543122344752192e-15,4.350001108832657e-05
1628,ISM,100,1997,3,143,0.08808972741994255,0.006292576249127491,8.3099992480129e-05
1629,DI,100,1997,3,144,5.0378389063484055e-15,1.5543122344752192e-15,0.0012866999895777553
1630,WMI,100,1997,3,144,4.969985464390556e-15,1.5543122344752192e-15,8.450000314041972e-05
1631,ISM,100,1997,3,144,0.08808972741994255,0.006292576249127491,0.00016830000095069408
1632,DI,100,1997,3,145,5.0378389063484055e-15,1.5543122344752192e-15,0.0009485000045970082
1633,WMI,100,1997,3,145,4.969985464390556e-15,1.5543122344752192e-15,8.090000483207405e-05
1634,ISM,100,1997,3,145,0.08808972741994255,0.006292576249127491,8.830000297166407e-05
1635,DI,100,1997,3,146,5.0378389063484055e-15,1.5543122344752192e-15,0.0008823000243864954
1636,WMI,100,1997,3,146,4.969985464390556e-15,1.5543122344752192e-15,7.790001109242439e-05
1637,ISM,100,1997,3,146,0.08808972741994255,0.006292576249127491,0.00017270000535063446
1638,DI,100,1997,3,147,5.0378389063484055e-15,1.5543122344752192e-15,0.000885900022694841
1639,WMI,100,1997,3,147,4.969985464390556e-15,1.5543122344752192e-15,7.310000364668667e-05
1640,ISM,100,1997,3,147,0.08808972741994255,0.006292576249127491,0.00016769999638199806
1641,DI,100,1997,3,148,5.0378389063484055e-15,1.5543122344752192e-15,0.0008282999915536493
1642,WMI,100,1997,3,148,4.969985464390556e-15,1.5543122344752192e-15,6.989997928030789e-05
1643,ISM,100,1997,3,148,0.08808972741994255,0.006292576249127491,8.749999688006938e-05
1644,DI,100,1997,3,149,5.0378389063484055e-15,1.5543122344752192e-15,0.000838999985717237
1645,WMI,100,1997,3,149,4.969985464390556e-15,1.5543122344752192e-15,4.6699977247044444e-05
1646,ISM,100,1997,3,149,0.08808972741994255,0.006292576249127491,8.499997784383595e-05
1647,DI,100,1997,3,150,5.0378389063484055e-15,1.5543122344752192e-15,0.0007848000095691532
1648,WMI,100,1997,3,150,4.969985464390556e-15,1.5543122344752192e-15,4.539999645203352e-05
1649,ISM,100,1997,3,150,0.08808972741994255,0.006292576249127491,8.170001092366874e-05
1650,DI,100,1997,3,151,5.0378389063484055e-15,1.5543122344752192e-15,0.0007719999994151294
1651,WMI,100,1997,3,151,4.969985464390556e-15,1.5543122344752192e-15,4.149999585933983e-05
1652,ISM,100,1997,3,151,0.08808972741994255,0.006292576249127491,8.009999874047935e-05
1653,DI,100,1997,3,152,5.0378389063484055e-15,1.5543122344752192e-15,0.0007732999802101403
1654,WMI,100,1997,3,152,4.969985464390556e-15,1.5543122344752192e-15,3.9300008211284876e-05
1655,ISM,100,1997,3,152,0.08808972741994255,0.006292576249127491,0.0001965999836102128
1656,DI,100,1997,3,153,5.0378389063484055e-15,1.5543122344752192e-15,0.0008968999900389463
1657,WMI,100,1997,3,153,4.969985464390556e-15,1.5543122344752192e-15,7.680000271648169e-05
1658,ISM,100,1997,3,153,0.08808972741994255,0.006292576249127491,0.00016490000416524708
1659,DI,100,1997,3,154,5.0378389063484055e-15,1.5543122344752192e-15,0.0008684999775141478
1660,WMI,100,1997,3,154,4.969985464390556e-15,1.5543122344752192e-15,7.239999831654131e-05
1661,ISM,100,1997,3,154,0.08808972741994255,0.006292576249127491,0.0001635999942664057
1662,DI,100,1997,3,155,5.0378389063484055e-15,1.5543122344752192e-15,0.000878200022270903
1663,WMI,100,1997,3,155,4.969985464390556e-15,1.5543122344752192e-15,6.980000762268901e-05
1664,ISM,100,1997,3,155,0.08808972741994255,0.006292576249127491,0.00016289998893626034
1665,DI,100,1997,3,156,5.0378389063484055e-15,1.5543122344752192e-15,0.0010201999975834042
1666,WMI,100,1997,3,156,4.969985464390556e-15,1.5543122344752192e-15,8.450000314041972e-05
1667,ISM,100,1997,3,156,0.08808972741994255,0.006292576249127491,8.980001439340413e-05
1668,DI,100,1997,3,157,5.0378389063484055e-15,1.5543122344752192e-15,0.0007937999907881021
1669,WMI,100,1997,3,157,4.969985464390556e-15,1.5543122344752192e-15,4.75000124424696e-05
1670,ISM,100,1997,3,157,0.08808972741994255,0.006292576249127491,8.210001396946609e-05
1671,DI,100,1997,3,158,5.0378389063484055e-15,1.5543122344752192e-15,0.0008040000102482736
1672,WMI,100,1997,3,158,4.969985464390556e-15,1.5543122344752192e-15,4.349998198449612e-05
1673,ISM,100,1997,3,158,0.08808972741994255,0.006292576249127491,7.959999493323267e-05
1674,DI,100,1997,3,159,5.0378389063484055e-15,1.5543122344752192e-15,0.0008111000061035156
1675,WMI,100,1997,3,159,4.969985464390556e-15,1.5543122344752192e-15,8.259998867288232e-05
1676,ISM,100,1997,3,159,0.08808972741994255,0.006292576249127491,0.0001677999971434474
1677,DI,100,1997,3,160,5.0378389063484055e-15,1.5543122344752192e-15,0.000885000015841797
1678,WMI,100,1997,3,160,4.969985464390556e-15,1.5543122344752192e-15,5.0700007705017924e-05
1679,ISM,100,1997,3,160,0.08808972741994255,0.006292576249127491,8.609998621977866e-05
1680,DI,100,1997,3,161,5.0378389063484055e-15,1.5543122344752192e-15,0.0008350999851245433
1681,WMI,100,1997,3,161,4.969985464390556e-15,1.5543122344752192e-15,4.129999433644116e-05
1682,ISM,100,1997,3,161,0.08808972741994255,0.006292576249127491,7.9699995694682e-05
1683,DI,100,1997,3,162,5.0378389063484055e-15,1.5543122344752192e-15,0.0007804000051692128
1684,WMI,100,1997,3,162,4.969985464390556e-15,1.5543122344752192e-15,4.019998596049845e-05
1685,ISM,100,1997,3,162,0.08808972741994255,0.006292576249127491,7.9699995694682e-05
1686,DI,100,1997,3,163,5.0378389063484055e-15,1.5543122344752192e-15,0.000763599993661046
1687,WMI,100,1997,3,163,4.969985464390556e-15,1.5543122344752192e-15,8.239998714998364e-05
1688,ISM,100,1997,3,163,0.08808972741994255,0.006292576249127491,0.00016719999257475138
1689,DI,100,1997,3,164,5.0378389063484055e-15,1.5543122344752192e-15,0.0008928999886848032
1690,WMI,100,1997,3,164,4.969985464390556e-15,1.5543122344752192e-15,4.1000021155923605e-05
1691,ISM,100,1997,3,164,0.08808972741994255,0.006292576249127491,7.929999264888465e-05
1692,DI,100,1997,3,165,5.0378389063484055e-15,1.5543122344752192e-15,0.000986900005955249
1693,WMI,100,1997,3,165,4.969985464390556e-15,1.5543122344752192e-15,8.339999476447701e-05
1694,ISM,100,1997,3,165,0.08808972741994255,0.006292576249127491,9.169999975711107e-05
1695,DI,100,1997,3,166,5.0378389063484055e-15,1.5543122344752192e-15,0.0009737999935168773
1696,WMI,100,1997,3,166,4.969985464390556e-15,1.5543122344752192e-15,4.959999932907522e-05
1697,ISM,100,1997,3,166,0.08808972741994255,0.006292576249127491,0.00019940000493079424
1698,DI,100,1997,3,167,5.0378389063484055e-15,1.5543122344752192e-15,0.0008066000009421259
1699,WMI,100,1997,3,167,4.969985464390556e-15,1.5543122344752192e-15,4.349998198449612e-05
1700,ISM,100,1997,3,167,0.08808972741994255,0.006292576249127491,8.080000407062471e-05
1701,DI,100,1997,3,168,5.0378389063484055e-15,1.5543122344752192e-15,0.0008174999966286123
1702,WMI,100,1997,3,168,4.969985464390556e-15,1.5543122344752192e-15,7.989999721758068e-05
1703,ISM,100,1997,3,168,0.08808972741994255,0.006292576249127491,0.00017159999697469175
1704,DI,100,1997,3,169,5.0378389063484055e-15,1.5543122344752192e-15,0.0009195000166073442
1705,WMI,100,1997,3,169,4.969985464390556e-15,1.5543122344752192e-15,4.050001734867692e-05
1706,ISM,100,1997,3,169,0.08808972741994255,0.006292576249127491,8.6499989265576e-05
1707,DI,100,1997,3,170,5.0378389063484055e-15,1.5543122344752192e-15,0.000749400001950562
1708,WMI,100,1997,3,170,4.969985464390556e-15,1.5543122344752192e-15,7.559999357908964e-05
1709,ISM,100,1997,3,170,0.08808972741994255,0.006292576249127491,0.00016729999333620071
1710,DI,100,1997,3,171,5.0378389063484055e-15,1.5543122344752192e-15,0.0010212000051978976
1711,WMI,100,1997,3,171,4.969985464390556e-15,1.5543122344752192e-15,5.1799986977130175e-05
1712,ISM,100,1997,3,171,0.08808972741994255,0.006292576249127491,8.850000449456275e-05
1713,DI,100,1997,3,172,5.0378389063484055e-15,1.5543122344752192e-15,0.0008074000070337206
1714,WMI,100,1997,3,172,4.969985464390556e-15,1.5543122344752192e-15,7.999999797903001e-05
1715,ISM,100,1997,3,172,0.08808972741994255,0.006292576249127491,0.0001694000093266368
1716,DI,100,1997,3,173,5.0378389063484055e-15,1.5543122344752192e-15,0.0008289999968837947
1717,WMI,100,1997,3,173,4.969985464390556e-15,1.5543122344752192e-15,4.169999738223851e-05
1718,ISM,100,1997,3,173,0.08808972741994255,0.006292576249127491,8.520000847056508e-05
1719,DI,100,1997,3,174,5.0378389063484055e-15,1.5543122344752192e-15,0.0007707999902777374
1720,WMI,100,1997,3,174,4.969985464390556e-15,1.5543122344752192e-15,4.230000195093453e-05
1721,ISM,100,1997,3,174,0.08808972741994255,0.006292576249127491,8.190001244656742e-05
1722,DI,100,1997,3,175,5.0378389063484055e-15,1.5543122344752192e-15,0.0008084999863058329
1723,WMI,100,1997,3,175,4.969985464390556e-15,1.5543122344752192e-15,7.420001202262938e-05
1724,ISM,100,1997,3,175,0.08808972741994255,0.006292576249127491,0.00021970001398585737
1725,DI,100,1997,3,176,5.0378389063484055e-15,1.5543122344752192e-15,0.0008598999993409961
1726,WMI,100,1997,3,176,4.969985464390556e-15,1.5543122344752192e-15,8.290002006106079e-05
1727,ISM,100,1997,3,176,0.08808972741994255,0.006292576249127491,0.00017109999316744506
1728,DI,100,1997,3,177,5.0378389063484055e-15,1.5543122344752192e-15,0.000967200001468882
1729,WMI,100,1997,3,177,4.969985464390556e-15,1.5543122344752192e-15,4.710000939667225e-05
1730,ISM,100,1997,3,177,0.08808972741994255,0.006292576249127491,8.680002065375447e-05
1731,DI,100,1997,3,178,5.0378389063484055e-15,1.5543122344752192e-15,0.0008362999942619354
1732,WMI,100,1997,3,178,4.969985464390556e-15,1.5543122344752192e-15,8.310002158395946e-05
1733,ISM,100,1997,3,178,0.08808972741994255,0.006292576249127491,0.00017250000382773578
1734,DI,100,1997,3,179,5.0378389063484055e-15,1.5543122344752192e-15,0.0009163999930024147
1735,WMI,100,1997,3,179,4.969985464390556e-15,1.5543122344752192e-15,4.3800013372674584e-05
1736,ISM,100,1997,3,179,0.08808972741994255,0.006292576249127491,8.530000923201442e-05
1737,DI,100,1997,3,180,5.0378389063484055e-15,1.5543122344752192e-15,0.000814300001366064
1738,WMI,100,1997,3,180,4.969985464390556e-15,1.5543122344752192e-15,4.490002174861729e-05
1739,ISM,100,1997,3,180,0.08808972741994255,0.006292576249127491,8.510000770911574e-05
1740,DI,100,1997,3,181,5.0378389063484055e-15,1.5543122344752192e-15,0.0008077000093180686
1741,WMI,100,1997,3,181,4.969985464390556e-15,1.5543122344752192e-15,3.960001049563289e-05
1742,ISM,100,1997,3,181,0.08808972741994255,0.006292576249127491,8.270001853816211e-05
1743,DI,100,1997,3,182,5.0378389063484055e-15,1.5543122344752192e-15,0.0007853000133763999
1744,WMI,100,1997,3,182,4.969985464390556e-15,1.5543122344752192e-15,4.9700000090524554e-05
1745,ISM,100,1997,3,182,0.08808972741994255,0.006292576249127491,8.420000085607171e-05
1746,DI,100,1997,3,183,5.0378389063484055e-15,1.5543122344752192e-15,0.0008056999940890819
1747,WMI,100,1997,3,183,4.969985464390556e-15,1.5543122344752192e-15,8.090000483207405e-05
1748,ISM,100,1997,3,183,0.08808972741994255,0.006292576249127491,0.00017189999925903976
1749,DI,100,1997,3,184,5.0378389063484055e-15,1.5543122344752192e-15,0.0009309999877586961
1750,WMI,100,1997,3,184,4.969985464390556e-15,1.5543122344752192e-15,7.82000133767724e-05
1751,ISM,100,1997,3,184,0.08808972741994255,0.006292576249127491,0.00016770002548582852
1752,DI,100,1997,3,185,5.0378389063484055e-15,1.5543122344752192e-15,0.0008097999962046742
1753,WMI,100,1997,3,185,4.969985464390556e-15,1.5543122344752192e-15,7.210002513602376e-05
1754,ISM,100,1997,3,185,0.08808972741994255,0.006292576249127491,0.0001604999997653067
1755,DI,100,1997,3,186,5.0378389063484055e-15,1.5543122344752192e-15,0.0008538000111002475
1756,WMI,100,1997,3,186,4.969985464390556e-15,1.5543122344752192e-15,4.230000195093453e-05
1757,ISM,100,1997,3,186,0.08808972741994255,0.006292576249127491,8.179998258128762e-05
1758,DI,100,1997,3,187,5.0378389063484055e-15,1.5543122344752192e-15,0.0009695000189822167
1759,WMI,100,1997,3,187,4.969985464390556e-15,1.5543122344752192e-15,7.420001202262938e-05
1760,ISM,100,1997,3,187,0.08808972741994255,0.006292576249127491,0.00016450000111944973
1761,DI,100,1997,3,188,5.0378389063484055e-15,1.5543122344752192e-15,0.0008578000124543905
1762,WMI,100,1997,3,188,4.969985464390556e-15,1.5543122344752192e-15,6.859999848529696e-05
1763,ISM,100,1997,3,188,0.08808972741994255,0.006292576249127491,0.00016070000128820539
1764,DI,100,1997,3,189,5.0378389063484055e-15,1.5543122344752192e-15,0.000870500021846965
1765,WMI,100,1997,3,189,4.969985464390556e-15,1.5543122344752192e-15,4.5900000259280205e-05
1766,ISM,100,1997,3,189,0.08808972741994255,0.006292576249127491,0.00011500000255182385
1767,DI,100,1997,3,190,5.0378389063484055e-15,1.5543122344752192e-15,0.0009202999935951084
1768,WMI,100,1997,3,190,4.969985464390556e-15,1.5543122344752192e-15,4.770001396536827e-05
1769,ISM,100,1997,3,190,0.08808972741994255,0.006292576249127491,8.759999764151871e-05
1770,DI,100,1997,3,191,5.0378389063484055e-15,1.5543122344752192e-15,0.0008049999887589365
1771,WMI,100,1997,3,191,4.969985464390556e-15,1.5543122344752192e-15,8.100000559352338e-05
1772,ISM,100,1997,3,191,0.08808972741994255,0.006292576249127491,0.0001686000032350421
1773,DI,100,1997,3,192,5.0378389063484055e-15,1.5543122344752192e-15,0.0008783999946899712
1774,WMI,100,1997,3,192,4.969985464390556e-15,1.5543122344752192e-15,7.179999374784529e-05
1775,ISM,100,1997,3,192,0.08808972741994255,0.006292576249127491,0.0001644000003580004
1776,DI,100,1997,3,193,5.0378389063484055e-15,1.5543122344752192e-15,0.0008490999753121287
1777,WMI,100,1997,3,193,4.969985464390556e-15,1.5543122344752192e-15,4.6600005589425564e-05
1778,ISM,100,1997,3,193,0.08808972741994255,0.006292576249127491,9.180000051856041e-05
1779,DI,100,1997,3,194,5.0378389063484055e-15,1.5543122344752192e-15,0.0007864999934099615
1780,WMI,100,1997,3,194,4.969985464390556e-15,1.5543122344752192e-15,4.3400010326877236e-05
1781,ISM,100,1997,3,194,0.08808972741994255,0.006292576249127491,8.510000770911574e-05
1782,DI,100,1997,3,195,5.0378389063484055e-15,1.5543122344752192e-15,0.0008105000015348196
1783,WMI,100,1997,3,195,4.969985464390556e-15,1.5543122344752192e-15,8.060000254772604e-05
1784,ISM,100,1997,3,195,0.08808972741994255,0.006292576249127491,0.00017340001068077981
1785,DI,100,1997,3,196,5.0378389063484055e-15,1.5543122344752192e-15,0.0008704999927431345
1786,WMI,100,1997,3,196,4.969985464390556e-15,1.5543122344752192e-15,3.819999983534217e-05
1787,ISM,100,1997,3,196,0.08808972741994255,0.006292576249127491,7.910002022981644e-05
1788,DI,100,1997,3,197,5.0378389063484055e-15,1.5543122344752192e-15,0.0008455000061076134
1789,WMI,100,1997,3,197,4.969985464390556e-15,1.5543122344752192e-15,8.070000330917537e-05
1790,ISM,100,1997,3,197,0.08808972741994255,0.006292576249127491,0.00016730002244003117
1791,DI,100,1997,3,198,5.0378389063484055e-15,1.5543122344752192e-15,0.0007975000189617276
1792,WMI,100,1997,3,198,4.969985464390556e-15,1.5543122344752192e-15,8.070000330917537e-05
1793,ISM,100,1997,3,198,0.08808972741994255,0.006292576249127491,0.0001604999997653067
1794,DI,100,1997,3,199,5.0378389063484055e-15,1.5543122344752192e-15,0.0007617000082973391
1795,WMI,100,1997,3,199,4.969985464390556e-15,1.5543122344752192e-15,6.9500005338341e-05
1796,ISM,100,1997,3,199,0.08808972741994255,0.006292576249127491,0.00015429998165927827
1797,DI,100,1997,3,200,5.0378389063484055e-15,1.5543122344752192e-15,0.0008278000168502331
1798,WMI,100,1997,3,200,4.969985464390556e-15,1.5543122344752192e-15,4.3100008042529225e-05
1799,ISM,100,1997,3,200,0.08808972741994255,0.006292576249127491,0.00016270001651719213
1800,DI,100,1996,4,1,5.04204767551457e-15,1.9984014443252818e-15,0.0008053999918047339
1801,WMI,100,1996,4,1,5.1997162714217245e-15,1.9984014443252818e-15,9.48999950196594e-05
1802,ISM,100,1996,4,1,0.12201479072263821,0.006871540107061813,0.0003166999958921224
1803,DI,100,1996,4,2,5.04204767551457e-15,1.9984014443252818e-15,0.0008382000087294728
1804,WMI,100,1996,4,2,5.1997162714217245e-15,1.9984014443252818e-15,4.8299989430233836e-05
1805,ISM,100,1996,4,2,0.12201479072263821,0.006871540107061813,0.00011470000026747584
1806,DI,100,1996,4,3,5.04204767551457e-15,1.9984014443252818e-15,0.0008139999990817159
1807,WMI,100,1996,4,3,5.1997162714217245e-15,1.9984014443252818e-15,7.759997970424592e-05
1808,ISM,100,1996,4,3,0.12201479072263821,0.006871540107061813,0.00012070001685060561
1809,DI,100,1996,4,4,5.04204767551457e-15,1.9984014443252818e-15,0.000892400013981387
1810,WMI,100,1996,4,4,5.1997162714217245e-15,1.9984014443252818e-15,4.4100015657022595e-05
1811,ISM,100,1996,4,4,0.12201479072263821,0.006871540107061813,0.00010619999375194311
1812,DI,100,1996,4,5,5.04204767551457e-15,1.9984014443252818e-15,0.0005829999863635749
1813,WMI,100,1996,4,5,5.1997162714217245e-15,1.9984014443252818e-15,3.7200021324679255e-05
1814,ISM,100,1996,4,5,0.12201479072263821,0.006871540107061813,0.00010139998630620539
1815,DI,100,1996,4,6,5.04204767551457e-15,1.9984014443252818e-15,0.0009250000002793968
1816,WMI,100,1996,4,6,5.1997162714217245e-15,1.9984014443252818e-15,4.6200002543628216e-05
1817,ISM,100,1996,4,6,0.12201479072263821,0.006871540107061813,0.00011039999662898481
1818,DI,100,1996,4,7,5.04204767551457e-15,1.9984014443252818e-15,0.0005902000120840967
1819,WMI,100,1996,4,7,5.1997162714217245e-15,1.9984014443252818e-15,4.0099985199049115e-05
1820,ISM,100,1996,4,7,0.12201479072263821,0.006871540107061813,0.00010659999679774046
1821,DI,100,1996,4,8,5.04204767551457e-15,1.9984014443252818e-15,0.0006136000156402588
1822,WMI,100,1996,4,8,5.1997162714217245e-15,1.9984014443252818e-15,3.71999922208488e-05
1823,ISM,100,1996,4,8,0.12201479072263821,0.006871540107061813,0.00010790000669658184
1824,DI,100,1996,4,9,5.04204767551457e-15,1.9984014443252818e-15,0.0006246000120881945
1825,WMI,100,1996,4,9,5.1997162714217245e-15,1.9984014443252818e-15,3.999998443759978e-05
1826,ISM,100,1996,4,9,0.12201479072263821,0.006871540107061813,0.00010530001600272954
1827,DI,100,1996,4,10,5.04204767551457e-15,1.9984014443252818e-15,0.0006613000005017966
1828,WMI,100,1996,4,10,5.1997162714217245e-15,1.9984014443252818e-15,4.33000095654279e-05
1829,ISM,100,1996,4,10,0.12201479072263821,0.006871540107061813,0.0001047999830916524
1830,DI,100,1996,4,11,5.04204767551457e-15,1.9984014443252818e-15,0.000594300014199689
1831,WMI,100,1996,4,11,5.1997162714217245e-15,1.9984014443252818e-15,3.880000440403819e-05
1832,ISM,100,1996,4,11,0.12201479072263821,0.006871540107061813,0.00010439998004585505
1833,DI,100,1996,4,12,5.04204767551457e-15,1.9984014443252818e-15,0.0006229999999050051
1834,WMI,100,1996,4,12,5.1997162714217245e-15,1.9984014443252818e-15,3.99000127799809e-05
1835,ISM,100,1996,4,12,0.12201479072263821,0.006871540107061813,0.00010229999315924942
1836,DI,100,1996,4,13,5.04204767551457e-15,1.9984014443252818e-15,0.0006190999993123114
1837,WMI,100,1996,4,13,5.1997162714217245e-15,1.9984014443252818e-15,3.950000973418355e-05
1838,ISM,100,1996,4,13,0.12201479072263821,0.006871540107061813,0.00010480001219548285
1839,DI,100,1996,4,14,5.04204767551457e-15,1.9984014443252818e-15,0.0006533999985549599
1840,WMI,100,1996,4,14,5.1997162714217245e-15,1.9984014443252818e-15,3.680001827888191e-05
1841,ISM,100,1996,4,14,0.12201479072263821,0.006871540107061813,0.00010410000686533749
1842,DI,100,1996,4,15,5.04204767551457e-15,1.9984014443252818e-15,0.0006618000043090433
1843,WMI,100,1996,4,15,5.1997162714217245e-15,1.9984014443252818e-15,3.9099977584555745e-05
1844,ISM,100,1996,4,15,0.12201479072263821,0.006871540107061813,0.0001010000123642385
1845,DI,100,1996,4,16,5.04204767551457e-15,1.9984014443252818e-15,0.0006644999957643449
1846,WMI,100,1996,4,16,5.1997162714217245e-15,1.9984014443252818e-15,3.579998156055808e-05
1847,ISM,100,1996,4,16,0.12201479072263821,0.006871540107061813,0.0001016999885905534
1848,DI,100,1996,4,17,5.04204767551457e-15,1.9984014443252818e-15,0.0005677999870385975
1849,WMI,100,1996,4,17,5.1997162714217245e-15,1.9984014443252818e-15,3.9799982914701104e-05
1850,ISM,100,1996,4,17,0.12201479072263821,0.006871540107061813,0.00010129998554475605
1851,DI,100,1996,4,18,5.04204767551457e-15,1.9984014443252818e-15,0.0006753999914508313
1852,WMI,100,1996,4,18,5.1997162714217245e-15,1.9984014443252818e-15,5.4899981478229165e-05
1853,ISM,100,1996,4,18,0.12201479072263821,0.006871540107061813,0.00011500000255182385
1854,DI,100,1996,4,19,5.04204767551457e-15,1.9984014443252818e-15,0.0008029000018723309
1855,WMI,100,1996,4,19,5.1997162714217245e-15,1.9984014443252818e-15,4.400001489557326e-05
1856,ISM,100,1996,4,19,0.12201479072263821,0.006871540107061813,0.00010420000762678683
1857,DI,100,1996,4,20,5.04204767551457e-15,1.9984014443252818e-15,0.000603299995418638
1858,WMI,100,1996,4,20,5.1997162714217245e-15,1.9984014443252818e-15,4.2100000428035855e-05
1859,ISM,100,1996,4,20,0.12201479072263821,0.006871540107061813,0.00010640002437867224
1860,DI,100,1996,4,21,5.04204767551457e-15,1.9984014443252818e-15,0.0006240999791771173
1861,WMI,100,1996,4,21,5.1997162714217245e-15,1.9984014443252818e-15,3.920000744983554e-05
1862,ISM,100,1996,4,21,0.12201479072263821,0.006871540107061813,0.00010119998478330672
1863,DI,100,1996,4,22,5.04204767551457e-15,1.9984014443252818e-15,0.0005917000235058367
1864,WMI,100,1996,4,22,5.1997162714217245e-15,1.9984014443252818e-15,3.7999998312443495e-05
1865,ISM,100,1996,4,22,0.12201479072263821,0.006871540107061813,0.00010320000001229346
1866,DI,100,1996,4,23,5.04204767551457e-15,1.9984014443252818e-15,0.0006214000168256462
1867,WMI,100,1996,4,23,5.1997162714217245e-15,1.9984014443252818e-15,3.409999771974981e-05
1868,ISM,100,1996,4,23,0.12201479072263821,0.006871540107061813,0.00010469998233020306
1869,DI,100,1996,4,24,5.04204767551457e-15,1.9984014443252818e-15,0.0006369000184349716
1870,WMI,100,1996,4,24,5.1997162714217245e-15,1.9984014443252818e-15,3.4100026823580265e-05
1871,ISM,100,1996,4,24,0.12201479072263821,0.006871540107061813,0.00010200001997873187
1872,DI,100,1996,4,25,5.04204767551457e-15,1.9984014443252818e-15,0.0005953999934718013
1873,WMI,100,1996,4,25,5.1997162714217245e-15,1.9984014443252818e-15,3.390002530068159e-05
1874,ISM,100,1996,4,25,0.12201479072263821,0.006871540107061813,0.00010629999451339245
1875,DI,100,1996,4,26,5.04204767551457e-15,1.9984014443252818e-15,0.0006274999759625643
1876,WMI,100,1996,4,26,5.1997162714217245e-15,1.9984014443252818e-15,3.749999450519681e-05
1877,ISM,100,1996,4,26,0.12201479072263821,0.006871540107061813,0.0001010000123642385
1878,DI,100,1996,4,27,5.04204767551457e-15,1.9984014443252818e-15,0.0006572999991476536
1879,WMI,100,1996,4,27,5.1997162714217245e-15,1.9984014443252818e-15,3.5600009141489863e-05
1880,ISM,100,1996,4,27,0.12201479072263821,0.006871540107061813,0.00010390000534243882
1881,DI,100,1996,4,28,5.04204767551457e-15,1.9984014443252818e-15,0.000627399975201115
1882,WMI,100,1996,4,28,5.1997162714217245e-15,1.9984014443252818e-15,3.429999924264848e-05
1883,ISM,100,1996,4,28,0.12201479072263821,0.006871540107061813,0.00010590002057142556
1884,DI,100,1996,4,29,5.04204767551457e-15,1.9984014443252818e-15,0.000658900011330843
1885,WMI,100,1996,4,29,5.1997162714217245e-15,1.9984014443252818e-15,3.57000099029392e-05
1886,ISM,100,1996,4,29,0.12201479072263821,0.006871540107061813,0.00010810000821948051
1887,DI,100,1996,4,30,5.04204767551457e-15,1.9984014443252818e-15,0.00059120001969859
1888,WMI,100,1996,4,30,5.1997162714217245e-15,1.9984014443252818e-15,3.630001447163522e-05
1889,ISM,100,1996,4,30,0.12201479072263821,0.006871540107061813,0.00010090001160278916
1890,DI,100,1996,4,31,5.04204767551457e-15,1.9984014443252818e-15,0.0006104999920353293
1891,WMI,100,1996,4,31,5.1997162714217245e-15,1.9984014443252818e-15,3.549997927621007e-05
1892,ISM,100,1996,4,31,0.12201479072263821,0.006871540107061813,0.00010179998935200274
1893,DI,100,1996,4,32,5.04204767551457e-15,1.9984014443252818e-15,0.0006621000065933913
1894,WMI,100,1996,4,32,5.1997162714217245e-15,1.9984014443252818e-15,3.739999374374747e-05
1895,ISM,100,1996,4,32,0.12201479072263821,0.006871540107061813,0.0001170000177808106
1896,DI,100,1996,4,33,5.04204767551457e-15,1.9984014443252818e-15,0.0006462000019382685
1897,WMI,100,1996,4,33,5.1997162714217245e-15,1.9984014443252818e-15,4.6900007873773575e-05
1898,ISM,100,1996,4,33,0.12201479072263821,0.006871540107061813,0.00010850001126527786
1899,DI,100,1996,4,34,5.04204767551457e-15,1.9984014443252818e-15,0.0006513999833259732
1900,WMI,100,1996,4,34,5.1997162714217245e-15,1.9984014443252818e-15,4.3199979700148106e-05
1901,ISM,100,1996,4,34,0.12201479072263821,0.006871540107061813,0.00010750000365078449
1902,DI,100,1996,4,35,5.04204767551457e-15,1.9984014443252818e-15,0.0005908999883104116
1903,WMI,100,1996,4,35,5.1997162714217245e-15,1.9984014443252818e-15,3.71999922208488e-05
1904,ISM,100,1996,4,35,0.12201479072263821,0.006871540107061813,0.00010789997759275138
1905,DI,100,1996,4,36,5.04204767551457e-15,1.9984014443252818e-15,0.0006313000048976392
1906,WMI,100,1996,4,36,5.1997162714217245e-15,1.9984014443252818e-15,3.460000152699649e-05
1907,ISM,100,1996,4,36,0.12201479072263821,0.006871540107061813,0.00010740000288933516
1908,DI,100,1996,4,37,5.04204767551457e-15,1.9984014443252818e-15,0.0006001000001560897
1909,WMI,100,1996,4,37,5.1997162714217245e-15,1.9984014443252818e-15,3.940000897273421e-05
1910,ISM,100,1996,4,37,0.12201479072263821,0.006871540107061813,0.00010190001921728253
1911,DI,100,1996,4,38,5.04204767551457e-15,1.9984014443252818e-15,0.0006618999759666622
1912,WMI,100,1996,4,38,5.1997162714217245e-15,1.9984014443252818e-15,3.480000304989517e-05
1913,ISM,100,1996,4,38,0.12201479072263821,0.006871540107061813,9.860002319328487e-05
1914,DI,100,1996,4,39,5.04204767551457e-15,1.9984014443252818e-15,0.0006271000020205975
1915,WMI,100,1996,4,39,5.1997162714217245e-15,1.9984014443252818e-15,3.549997927621007e-05
1916,ISM,100,1996,4,39,0.12201479072263821,0.006871540107061813,0.00010350000229664147
1917,DI,100,1996,4,40,5.04204767551457e-15,1.9984014443252818e-15,0.0006113999988883734
1918,WMI,100,1996,4,40,5.1997162714217245e-15,1.9984014443252818e-15,3.440000000409782e-05
1919,ISM,100,1996,4,40,0.12201479072263821,0.006871540107061813,0.00010349997319281101
1920,DI,100,1996,4,41,5.04204767551457e-15,1.9984014443252818e-15,0.0006577000021934509
1921,WMI,100,1996,4,41,5.1997162714217245e-15,1.9984014443252818e-15,3.509997623041272e-05
1922,ISM,100,1996,4,41,0.12201479072263821,0.006871540107061813,0.00010069998097606003
1923,DI,100,1996,4,42,5.04204767551457e-15,1.9984014443252818e-15,0.0006145999941509217
1924,WMI,100,1996,4,42,5.1997162714217245e-15,1.9984014443252818e-15,3.399999695830047e-05
1925,ISM,100,1996,4,42,0.12201479072263821,0.006871540107061813,0.00010500001371838152
1926,DI,100,1996,4,43,5.04204767551457e-15,1.9984014443252818e-15,0.0006092999828979373
1927,WMI,100,1996,4,43,5.1997162714217245e-15,1.9984014443252818e-15,3.460000152699649e-05
1928,ISM,100,1996,4,43,0.12201479072263821,0.006871540107061813,0.00010299999848939478
1929,DI,100,1996,4,44,5.04204767551457e-15,1.9984014443252818e-15,0.0006399000121746212
1930,WMI,100,1996,4,44,5.1997162714217245e-15,1.9984014443252818e-15,3.6200013710185885e-05
1931,ISM,100,1996,4,44,0.12201479072263821,0.006871540107061813,0.00010030000703409314
1932,DI,100,1996,4,45,5.04204767551457e-15,1.9984014443252818e-15,0.0005823999817948788
1933,WMI,100,1996,4,45,5.1997162714217245e-15,1.9984014443252818e-15,3.759999526664615e-05
1934,ISM,100,1996,4,45,0.12201479072263821,0.006871540107061813,0.0001018000184558332
1935,DI,100,1996,4,46,5.04204767551457e-15,1.9984014443252818e-15,0.0007087000121828169
1936,WMI,100,1996,4,46,5.1997162714217245e-15,1.9984014443252818e-15,7.040001219138503e-05
1937,ISM,100,1996,4,46,0.12201479072263821,0.006871540107061813,0.0001154000055976212
1938,DI,100,1996,4,47,5.04204767551457e-15,1.9984014443252818e-15,0.0008037999796215445
1939,WMI,100,1996,4,47,5.1997162714217245e-15,1.9984014443252818e-15,4.6600005589425564e-05
1940,ISM,100,1996,4,47,0.12201479072263821,0.006871540107061813,0.00010480001219548285
1941,DI,100,1996,4,48,5.04204767551457e-15,1.9984014443252818e-15,0.0008344000088982284
1942,WMI,100,1996,4,48,5.1997162714217245e-15,1.9984014443252818e-15,8.549998165108263e-05
1943,ISM,100,1996,4,48,0.12201479072263821,0.006871540107061813,0.00011150000500492752
1944,DI,100,1996,4,49,5.04204767551457e-15,1.9984014443252818e-15,0.0007425999792758375
1945,WMI,100,1996,4,49,5.1997162714217245e-15,1.9984014443252818e-15,6.719998782500625e-05
1946,ISM,100,1996,4,49,0.12201479072263821,0.006871540107061813,0.00010429997928440571
1947,DI,100,1996,4,50,5.04204767551457e-15,1.9984014443252818e-15,0.0007181999972090125
1948,WMI,100,1996,4,50,5.1997162714217245e-15,1.9984014443252818e-15,8.179998258128762e-05
1949,ISM,100,1996,4,50,0.12201479072263821,0.006871540107061813,0.0002379999787081033
1950,DI,100,1996,4,51,5.04204767551457e-15,1.9984014443252818e-15,0.0007341000018641353
1951,WMI,100,1996,4,51,5.1997162714217245e-15,1.9984014443252818e-15,8.030000026337802e-05
1952,ISM,100,1996,4,51,0.12201479072263821,0.006871540107061813,0.00011130000348202884
1953,DI,100,1996,4,52,5.04204767551457e-15,1.9984014443252818e-15,0.0006653000018559396
1954,WMI,100,1996,4,52,5.1997162714217245e-15,1.9984014443252818e-15,3.759999526664615e-05
1955,ISM,100,1996,4,52,0.12201479072263821,0.006871540107061813,0.00010340000153519213
1956,DI,100,1996,4,53,5.04204767551457e-15,1.9984014443252818e-15,0.0007353999826591462
1957,WMI,100,1996,4,53,5.1997162714217245e-15,1.9984014443252818e-15,4.0300015825778246e-05
1958,ISM,100,1996,4,53,0.12201479072263821,0.006871540107061813,0.00010390000534243882
1959,DI,100,1996,4,54,5.04204767551457e-15,1.9984014443252818e-15,0.0006899000145494938
1960,WMI,100,1996,4,54,5.1997162714217245e-15,1.9984014443252818e-15,3.500000457279384e-05
1961,ISM,100,1996,4,54,0.12201479072263821,0.006871540107061813,0.00010380000458098948
1962,DI,100,1996,4,55,5.04204767551457e-15,1.9984014443252818e-15,0.0006781000120099634
1963,WMI,100,1996,4,55,5.1997162714217245e-15,1.9984014443252818e-15,4.230000195093453e-05
1964,ISM,100,1996,4,55,0.12201479072263821,0.006871540107061813,0.00010289999772794545
1965,DI,100,1996,4,56,5.04204767551457e-15,1.9984014443252818e-15,0.0006661000079475343
1966,WMI,100,1996,4,56,5.1997162714217245e-15,1.9984014443252818e-15,3.4500000765547156e-05
1967,ISM,100,1996,4,56,0.12201479072263821,0.006871540107061813,0.00010030000703409314
1968,DI,100,1996,4,57,5.04204767551457e-15,1.9984014443252818e-15,0.0007861000194679946
1969,WMI,100,1996,4,57,5.1997162714217245e-15,1.9984014443252818e-15,0.00012110001989640296
1970,ISM,100,1996,4,57,0.12201479072263821,0.006871540107061813,0.00010800000745803118
1971,DI,100,1996,4,58,5.04204767551457e-15,1.9984014443252818e-15,0.0008175000257324427
1972,WMI,100,1996,4,58,5.1997162714217245e-15,1.9984014443252818e-15,4.3599982745945454e-05
1973,ISM,100,1996,4,58,0.12201479072263821,0.006871540107061813,0.00010299999848939478
1974,DI,100,1996,4,59,5.04204767551457e-15,1.9984014443252818e-15,0.0006791999912820756
1975,WMI,100,1996,4,59,5.1997162714217245e-15,1.9984014443252818e-15,8.239998714998364e-05
1976,ISM,100,1996,4,59,0.12201479072263821,0.006871540107061813,0.0002015999925788492
1977,DI,100,1996,4,60,5.04204767551457e-15,1.9984014443252818e-15,0.0006555999862030149
1978,WMI,100,1996,4,60,5.1997162714217245e-15,1.9984014443252818e-15,3.57000099029392e-05
1979,ISM,100,1996,4,60,0.12201479072263821,0.006871540107061813,0.00010129998554475605
1980,DI,100,1996,4,61,5.04204767551457e-15,1.9984014443252818e-15,0.0005555000097956508
1981,WMI,100,1996,4,61,5.1997162714217245e-15,1.9984014443252818e-15,3.2499985536560416e-05
1982,ISM,100,1996,4,61,0.12201479072263821,0.006871540107061813,0.00010050000855699182
1983,DI,100,1996,4,62,5.04204767551457e-15,1.9984014443252818e-15,0.0006009000062476844
1984,WMI,100,1996,4,62,5.1997162714217245e-15,1.9984014443252818e-15,3.4500000765547156e-05
1985,ISM,100,1996,4,62,0.12201479072263821,0.006871540107061813,9.970000246539712e-05
1986,DI,100,1996,4,63,5.04204767551457e-15,1.9984014443252818e-15,0.0005657000001519918
1987,WMI,100,1996,4,63,5.1997162714217245e-15,1.9984014443252818e-15,3.2100011594593525e-05
1988,ISM,100,1996,4,63,0.12201479072263821,0.006871540107061813,0.00010030000703409314
1989,DI,100,1996,4,64,5.04204767551457e-15,1.9984014443252818e-15,0.0005773000011686236
1990,WMI,100,1996,4,64,5.1997162714217245e-15,1.9984014443252818e-15,3.2100011594593525e-05
1991,ISM,100,1996,4,64,0.12201479072263821,0.006871540107061813,9.919999865815043e-05
1992,DI,100,1996,4,65,5.04204767551457e-15,1.9984014443252818e-15,0.0005575999966822565
1993,WMI,100,1996,4,65,5.1997162714217245e-15,1.9984014443252818e-15,3.290001768618822e-05
1994,ISM,100,1996,4,65,0.12201479072263821,0.006871540107061813,9.919999865815043e-05
1995,DI,100,1996,4,66,5.04204767551457e-15,1.9984014443252818e-15,0.0006117000011727214
1996,WMI,100,1996,4,66,5.1997162714217245e-15,1.9984014443252818e-15,4.3100008042529225e-05
1997,ISM,100,1996,4,66,0.12201479072263821,0.006871540107061813,0.00010490001295693219
1998,DI,100,1996,4,67,5.04204767551457e-15,1.9984014443252818e-15,0.0005885999999009073
1999,WMI,100,1996,4,67,5.1997162714217245e-15,1.9984014443252818e-15,3.659998765215278e-05
2000,ISM,100,1996,4,67,0.12201479072263821,0.006871540107061813,0.00010090001160278916
2001,DI,100,1996,4,68,5.04204767551457e-15,1.9984014443252818e-15,0.000680500001180917
2002,WMI,100,1996,4,68,5.1997162714217245e-15,1.9984014443252818e-15,3.640001523308456e-05
2003,ISM,100,1996,4,68,0.12201479072263821,0.006871540107061813,0.00010170001769438386
2004,DI,100,1996,4,69,5.04204767551457e-15,1.9984014443252818e-15,0.0008663999906275421
2005,WMI,100,1996,4,69,5.1997162714217245e-15,1.9984014443252818e-15,8.339999476447701e-05
2006,ISM,100,1996,4,69,0.12201479072263821,0.006871540107061813,0.00010710000060498714
2007,DI,100,1996,4,70,5.04204767551457e-15,1.9984014443252818e-15,0.0007756000268273056
2008,WMI,100,1996,4,70,5.1997162714217245e-15,1.9984014443252818e-15,5.189998773857951e-05
2009,ISM,100,1996,4,70,0.12201479072263821,0.006871540107061813,0.00011069999891333282
2010,DI,100,1996,4,71,5.04204767551457e-15,1.9984014443252818e-15,0.0007247999892570078
2011,WMI,100,1996,4,71,5.1997162714217245e-15,1.9984014443252818e-15,4.4199987314641476e-05
2012,ISM,100,1996,4,71,0.12201479072263821,0.006871540107061813,0.00010179998935200274
2013,DI,100,1996,4,72,5.04204767551457e-15,1.9984014443252818e-15,0.0007052999862935394
2014,WMI,100,1996,4,72,5.1997162714217245e-15,1.9984014443252818e-15,8.190001244656742e-05
2015,ISM,100,1996,4,72,0.12201479072263821,0.006871540107061813,0.00010770000517368317
2016,DI,100,1996,4,73,5.04204767551457e-15,1.9984014443252818e-15,0.0006722999969497323
2017,WMI,100,1996,4,73,5.1997162714217245e-15,1.9984014443252818e-15,3.7699996028095484e-05
2018,ISM,100,1996,4,73,0.12201479072263821,0.006871540107061813,9.960000170394778e-05
2019,DI,100,1996,4,74,5.04204767551457e-15,1.9984014443252818e-15,0.0006936000136192888
2020,WMI,100,1996,4,74,5.1997162714217245e-15,1.9984014443252818e-15,7.410001126118004e-05
2021,ISM,100,1996,4,74,0.12201479072263821,0.006871540107061813,0.0001018000184558332
2022,DI,100,1996,4,75,5.04204767551457e-15,1.9984014443252818e-15,0.0006637999904341996
2023,WMI,100,1996,4,75,5.1997162714217245e-15,1.9984014443252818e-15,4.220000118948519e-05
2024,ISM,100,1996,4,75,0.12201479072263821,0.006871540107061813,0.00010569998994469643
2025,DI,100,1996,4,76,5.04204767551457e-15,1.9984014443252818e-15,0.0007014000148046762
2026,WMI,100,1996,4,76,5.1997162714217245e-15,1.9984014443252818e-15,3.929997910745442e-05
2027,ISM,100,1996,4,76,0.12201479072263821,0.006871540107061813,0.00010060000931844115
2028,DI,100,1996,4,77,5.04204767551457e-15,1.9984014443252818e-15,0.0006633000157307833
2029,WMI,100,1996,4,77,5.1997162714217245e-15,1.9984014443252818e-15,3.6699988413602114e-05
2030,ISM,100,1996,4,77,0.12201479072263821,0.006871540107061813,0.0001002000062726438
2031,DI,100,1996,4,78,5.04204767551457e-15,1.9984014443252818e-15,0.0006746000144630671
2032,WMI,100,1996,4,78,5.1997162714217245e-15,1.9984014443252818e-15,8.319999324157834e-05
2033,ISM,100,1996,4,78,0.12201479072263821,0.006871540107061813,0.00010039997869171202
2034,DI,100,1996,4,79,5.04204767551457e-15,1.9984014443252818e-15,0.0006927000067662448
2035,WMI,100,1996,4,79,5.1997162714217245e-15,1.9984014443252818e-15,3.840000135824084e-05
2036,ISM,100,1996,4,79,0.12201479072263821,0.006871540107061813,0.00010000000474974513
2037,DI,100,1996,4,80,5.04204767551457e-15,1.9984014443252818e-15,0.0006988999957684427
2038,WMI,100,1996,4,80,5.1997162714217245e-15,1.9984014443252818e-15,4.400001489557326e-05
2039,ISM,100,1996,4,80,0.12201479072263821,0.006871540107061813,0.0001024999946821481
2040,DI,100,1996,4,81,5.04204767551457e-15,1.9984014443252818e-15,0.0007507000118494034
2041,WMI,100,1996,4,81,5.1997162714217245e-15,1.9984014443252818e-15,7.88999896030873e-05
2042,ISM,100,1996,4,81,0.12201479072263821,0.006871540107061813,0.00011630001245066524
2043,DI,100,1996,4,82,5.04204767551457e-15,1.9984014443252818e-15,0.0007556999917142093
2044,WMI,100,1996,4,82,5.1997162714217245e-15,1.9984014443252818e-15,4.350001108832657e-05
2045,ISM,100,1996,4,82,0.12201479072263821,0.006871540107061813,0.0001024999946821481
2046,DI,100,1996,4,83,5.04204767551457e-15,1.9984014443252818e-15,0.0007642999989911914
2047,WMI,100,1996,4,83,5.1997162714217245e-15,1.9984014443252818e-15,7.989999721758068e-05
2048,ISM,100,1996,4,83,0.12201479072263821,0.006871540107061813,0.00011709998943842947
2049,DI,100,1996,4,84,5.04204767551457e-15,1.9984014443252818e-15,0.0007128000142984092
2050,WMI,100,1996,4,84,5.1997162714217245e-15,1.9984014443252818e-15,6.560000474564731e-05
2051,ISM,100,1996,4,84,0.12201479072263821,0.006871540107061813,0.00010120001388713717
2052,DI,100,1996,4,85,5.04204767551457e-15,1.9984014443252818e-15,0.0006935000128578395
2053,WMI,100,1996,4,85,5.1997162714217245e-15,1.9984014443252818e-15,7.830001413822174e-05
2054,ISM,100,1996,4,85,0.12201479072263821,0.006871540107061813,0.00022620000527240336
2055,DI,100,1996,4,86,5.04204767551457e-15,1.9984014443252818e-15,0.0006880000000819564
2056,WMI,100,1996,4,86,5.1997162714217245e-15,1.9984014443252818e-15,4.149999585933983e-05
2057,ISM,100,1996,4,86,0.12201479072263821,0.006871540107061813,0.00010190001921728253
2058,DI,100,1996,4,87,5.04204767551457e-15,1.9984014443252818e-15,0.0006893999816384166
2059,WMI,100,1996,4,87,5.1997162714217245e-15,1.9984014443252818e-15,3.9399979868903756e-05
2060,ISM,100,1996,4,87,0.12201479072263821,0.006871540107061813,0.00010089998249895871
2061,DI,100,1996,4,88,5.04204767551457e-15,1.9984014443252818e-15,0.0006528999947477132
2062,WMI,100,1996,4,88,5.1997162714217245e-15,1.9984014443252818e-15,4.3100008042529225e-05
2063,ISM,100,1996,4,88,0.12201479072263821,0.006871540107061813,0.00010720000136643648
2064,DI,100,1996,4,89,5.04204767551457e-15,1.9984014443252818e-15,0.0006834999949205667
2065,WMI,100,1996,4,89,5.1997162714217245e-15,1.9984014443252818e-15,3.7500023609027267e-05
2066,ISM,100,1996,4,89,0.12201479072263821,0.006871540107061813,0.00010029997793026268
2067,DI,100,1996,4,90,5.04204767551457e-15,1.9984014443252818e-15,0.0006656000041402876
2068,WMI,100,1996,4,90,5.1997162714217245e-15,1.9984014443252818e-15,3.510000533424318e-05
2069,ISM,100,1996,4,90,0.12201479072263821,0.006871540107061813,0.00010349997319281101
2070,DI,100,1996,4,91,5.04204767551457e-15,1.9984014443252818e-15,0.0006533999985549599
2071,WMI,100,1996,4,91,5.1997162714217245e-15,1.9984014443252818e-15,9.169999975711107e-05
2072,ISM,100,1996,4,91,0.12201479072263821,0.006871540107061813,0.00010300002759322524
2073,DI,100,1996,4,92,5.04204767551457e-15,1.9984014443252818e-15,0.0006286999850999564
2074,WMI,100,1996,4,92,5.1997162714217245e-15,1.9984014443252818e-15,4.1099992813542485e-05
2075,ISM,100,1996,4,92,0.12201479072263821,0.006871540107061813,0.00010289999772794545
2076,DI,100,1996,4,93,5.04204767551457e-15,1.9984014443252818e-15,0.0006710999878123403
2077,WMI,100,1996,4,93,5.1997162714217245e-15,1.9984014443252818e-15,4.509999416768551e-05
2078,ISM,100,1996,4,93,0.12201479072263821,0.006871540107061813,0.00010810000821948051
2079,DI,100,1996,4,94,5.04204767551457e-15,1.9984014443252818e-15,0.0006960000027902424
2080,WMI,100,1996,4,94,5.1997162714217245e-15,1.9984014443252818e-15,3.679998917505145e-05
2081,ISM,100,1996,4,94,0.12201479072263821,0.006871540107061813,0.00010439998004585505
2082,DI,100,1996,4,95,5.04204767551457e-15,1.9984014443252818e-15,0.0007692999788559973
2083,WMI,100,1996,4,95,5.1997162714217245e-15,1.9984014443252818e-15,4.3400010326877236e-05
2084,ISM,100,1996,4,95,0.12201479072263821,0.006871540107061813,0.00010570001904852688
2085,DI,100,1996,4,96,5.04204767551457e-15,1.9984014443252818e-15,0.0007116000051610172
2086,WMI,100,1996,4,96,5.1997162714217245e-15,1.9984014443252818e-15,4.5599997974932194e-05
2087,ISM,100,1996,4,96,0.12201479072263821,0.006871540107061813,0.00010390000534243882
2088,DI,100,1996,4,97,5.04204767551457e-15,1.9984014443252818e-15,0.0006859999848529696
2089,WMI,100,1996,4,97,5.1997162714217245e-15,1.9984014443252818e-15,3.71999922208488e-05
2090,ISM,100,1996,4,97,0.12201479072263821,0.006871540107061813,0.00010060000931844115
2091,DI,100,1996,4,98,5.04204767551457e-15,1.9984014443252818e-15,0.0006725999992340803
2092,WMI,100,1996,4,98,5.1997162714217245e-15,1.9984014443252818e-15,3.4500000765547156e-05
2093,ISM,100,1996,4,98,0.12201479072263821,0.006871540107061813,0.0001005999802146107
2094,DI,100,1996,4,99,5.04204767551457e-15,1.9984014443252818e-15,0.0006744999845977873
2095,WMI,100,1996,4,99,5.1997162714217245e-15,1.9984014443252818e-15,3.460000152699649e-05
2096,ISM,100,1996,4,99,0.12201479072263821,0.006871540107061813,0.0001002000062726438
2097,DI,100,1996,4,100,5.04204767551457e-15,1.9984014443252818e-15,0.0006873999955132604
2098,WMI,100,1996,4,100,5.1997162714217245e-15,1.9984014443252818e-15,4.4599990360438824e-05
2099,ISM,100,1996,4,100,0.12201479072263821,0.006871540107061813,0.00010699999984353781
2100,DI,100,1996,4,101,5.04204767551457e-15,1.9984014443252818e-15,0.0006888000061735511
2101,WMI,100,1996,4,101,5.1997162714217245e-15,1.9984014443252818e-15,9.320001117885113e-05
2102,ISM,100,1996,4,101,0.12201479072263821,0.006871540107061813,0.00010070001007989049
2103,DI,100,1996,4,102,5.04204767551457e-15,1.9984014443252818e-15,0.0006714999908581376
2104,WMI,100,1996,4,102,5.1997162714217245e-15,1.9984014443252818e-15,3.819999983534217e-05
2105,ISM,100,1996,4,102,0.12201479072263821,0.006871540107061813,0.00010070001007989049
2106,DI,100,1996,4,103,5.04204767551457e-15,1.9984014443252818e-15,0.0006499000010080636
2107,WMI,100,1996,4,103,5.1997162714217245e-15,1.9984014443252818e-15,9.370001498609781e-05
2108,ISM,100,1996,4,103,0.12201479072263821,0.006871540107061813,0.00010219999239780009
2109,DI,100,1996,4,104,5.04204767551457e-15,1.9984014443252818e-15,0.0006942000181879848
2110,WMI,100,1996,4,104,5.1997162714217245e-15,1.9984014443252818e-15,7.950002327561378e-05
2111,ISM,100,1996,4,104,0.12201479072263821,0.006871540107061813,0.0002263000060338527
2112,DI,100,1996,4,105,5.04204767551457e-15,1.9984014443252818e-15,0.0006665000109933317
2113,WMI,100,1996,4,105,5.1997162714217245e-15,1.9984014443252818e-15,4.3100008042529225e-05
2114,ISM,100,1996,4,105,0.12201479072263821,0.006871540107061813,0.00010570001904852688
2115,DI,100,1996,4,106,5.04204767551457e-15,1.9984014443252818e-15,0.0007801000028848648
2116,WMI,100,1996,4,106,5.1997162714217245e-15,1.9984014443252818e-15,5.3099996875971556e-05
2117,ISM,100,1996,4,106,0.12201479072263821,0.006871540107061813,0.00010999999358318746
2118,DI,100,1996,4,107,5.04204767551457e-15,1.9984014443252818e-15,0.000748499995097518
2119,WMI,100,1996,4,107,5.1997162714217245e-15,1.9984014443252818e-15,9.40999889280647e-05
2120,ISM,100,1996,4,107,0.12201479072263821,0.006871540107061813,0.00010989999282173812
2121,DI,100,1996,4,108,5.04204767551457e-15,1.9984014443252818e-15,0.0005601999873761088
2122,WMI,100,1996,4,108,5.1997162714217245e-15,1.9984014443252818e-15,5.360000068321824e-05
2123,ISM,100,1996,4,108,0.12201479072263821,0.006871540107061813,0.00010750000365078449
2124,DI,100,1996,4,109,5.04204767551457e-15,1.9984014443252818e-15,0.000604800006840378
2125,WMI,100,1996,4,109,5.1997162714217245e-15,1.9984014443252818e-15,3.8300000596791506e-05
2126,ISM,100,1996,4,109,0.12201479072263821,0.006871540107061813,0.00010200001997873187
2127,DI,100,1996,4,110,5.04204767551457e-15,1.9984014443252818e-15,0.0006321000109892339
2128,WMI,100,1996,4,110,5.1997162714217245e-15,1.9984014443252818e-15,3.659998765215278e-05
2129,ISM,100,1996,4,110,0.12201479072263821,0.006871540107061813,0.00010130001464858651
2130,DI,100,1996,4,111,5.04204767551457e-15,1.9984014443252818e-15,0.0006011999794282019
2131,WMI,100,1996,4,111,5.1997162714217245e-15,1.9984014443252818e-15,3.7999998312443495e-05
2132,ISM,100,1996,4,111,0.12201479072263821,0.006871540107061813,0.00010279999696649611
2133,DI,100,1996,4,112,5.04204767551457e-15,1.9984014443252818e-15,0.0006366999878082424
2134,WMI,100,1996,4,112,5.1997162714217245e-15,1.9984014443252818e-15,4.75000124424696e-05
2135,ISM,100,1996,4,112,0.12201479072263821,0.006871540107061813,0.00010609999299049377
2136,DI,100,1996,4,113,5.04204767551457e-15,1.9984014443252818e-15,0.000601100007770583
2137,WMI,100,1996,4,113,5.1997162714217245e-15,1.9984014443252818e-15,3.749999450519681e-05
2138,ISM,100,1996,4,113,0.12201479072263821,0.006871540107061813,0.00010040000779554248
2139,DI,100,1996,4,114,5.04204767551457e-15,1.9984014443252818e-15,0.0005645999917760491
2140,WMI,100,1996,4,114,5.1997162714217245e-15,1.9984014443252818e-15,3.579998156055808e-05
2141,ISM,100,1996,4,114,0.12201479072263821,0.006871540107061813,0.00010340000153519213
2142,DI,100,1996,4,115,5.04204767551457e-15,1.9984014443252818e-15,0.000591500021982938
2143,WMI,100,1996,4,115,5.1997162714217245e-15,1.9984014443252818e-15,3.5500008380040526e-05
2144,ISM,100,1996,4,115,0.12201479072263821,0.006871540107061813,0.00010569998994469643
2145,DI,100,1996,4,116,5.04204767551457e-15,1.9984014443252818e-15,0.0006092000112403184
2146,WMI,100,1996,4,116,5.1997162714217245e-15,1.9984014443252818e-15,4.069998976774514e-05
2147,ISM,100,1996,4,116,0.12201479072263821,0.006871540107061813,0.0001033000007737428
2148,DI,100,1996,4,117,5.04204767551457e-15,1.9984014443252818e-15,0.0006384000007528812
2149,WMI,100,1996,4,117,5.1997162714217245e-15,1.9984014443252818e-15,3.649998689070344e-05
2150,ISM,100,1996,4,117,0.12201479072263821,0.006871540107061813,0.00010279999696649611
2151,DI,100,1996,4,118,5.04204767551457e-15,1.9984014443252818e-15,0.0005991999933030456
2152,WMI,100,1996,4,118,5.1997162714217245e-15,1.9984014443252818e-15,3.5200006095692515e-05
2153,ISM,100,1996,4,118,0.12201479072263821,0.006871540107061813,0.00010349997319281101
2154,DI,100,1996,4,119,5.04204767551457e-15,1.9984014443252818e-15,0.0005855000053998083
2155,WMI,100,1996,4,119,5.1997162714217245e-15,1.9984014443252818e-15,3.399999695830047e-05
2156,ISM,100,1996,4,119,0.12201479072263821,0.006871540107061813,0.00010340000153519213
2157,DI,100,1996,4,120,5.04204767551457e-15,1.9984014443252818e-15,0.0005970999773126096
2158,WMI,100,1996,4,120,5.1997162714217245e-15,1.9984014443252818e-15,3.7699996028095484e-05
2159,ISM,100,1996,4,120,0.12201479072263821,0.006871540107061813,0.0001010000123642385
2160,DI,100,1996,4,121,5.04204767551457e-15,1.9984014443252818e-15,0.0005810000002384186
2161,WMI,100,1996,4,121,5.1997162714217245e-15,1.9984014443252818e-15,3.940000897273421e-05
2162,ISM,100,1996,4,121,0.12201479072263821,0.006871540107061813,0.00010510001447983086
2163,DI,100,1996,4,122,5.04204767551457e-15,1.9984014443252818e-15,0.000594000011915341
2164,WMI,100,1996,4,122,5.1997162714217245e-15,1.9984014443252818e-15,3.619998460635543e-05
2165,ISM,100,1996,4,122,0.12201479072263821,0.006871540107061813,0.00014170000213198364
2166,DI,100,1996,4,123,5.04204767551457e-15,1.9984014443252818e-15,0.0006722000252921134
2167,WMI,100,1996,4,123,5.1997162714217245e-15,1.9984014443252818e-15,4.230000195093453e-05
2168,ISM,100,1996,4,123,0.12201479072263821,0.006871540107061813,0.00010289999772794545
2169,DI,100,1996,4,124,5.04204767551457e-15,1.9984014443252818e-15,0.0006102000188548118
2170,WMI,100,1996,4,124,5.1997162714217245e-15,1.9984014443252818e-15,4.350001108832657e-05
2171,ISM,100,1996,4,124,0.12201479072263821,0.006871540107061813,0.0001084999821614474
2172,DI,100,1996,4,125,5.04204767551457e-15,1.9984014443252818e-15,0.0006185000238474458
2173,WMI,100,1996,4,125,5.1997162714217245e-15,1.9984014443252818e-15,3.890000516548753e-05
2174,ISM,100,1996,4,125,0.12201479072263821,0.006871540107061813,0.00010930001735687256
2175,DI,100,1996,4,126,5.04204767551457e-15,1.9984014443252818e-15,0.0005497999954968691
2176,WMI,100,1996,4,126,5.1997162714217245e-15,1.9984014443252818e-15,4.069998976774514e-05
2177,ISM,100,1996,4,126,0.12201479072263821,0.006871540107061813,0.00010910001583397388
2178,DI,100,1996,4,127,5.04204767551457e-15,1.9984014443252818e-15,0.0006078000005800277
2179,WMI,100,1996,4,127,5.1997162714217245e-15,1.9984014443252818e-15,3.940000897273421e-05
2180,ISM,100,1996,4,127,0.12201479072263821,0.006871540107061813,0.00010139998630620539
2181,DI,100,1996,4,128,5.04204767551457e-15,1.9984014443252818e-15,0.0005870999884791672
2182,WMI,100,1996,4,128,5.1997162714217245e-15,1.9984014443252818e-15,3.850000211969018e-05
2183,ISM,100,1996,4,128,0.12201479072263821,0.006871540107061813,0.00010470001143403351
2184,DI,100,1996,4,129,5.04204767551457e-15,1.9984014443252818e-15,0.0005955999949947
2185,WMI,100,1996,4,129,5.1997162714217245e-15,1.9984014443252818e-15,3.7200021324679255e-05
2186,ISM,100,1996,4,129,0.12201479072263821,0.006871540107061813,9.950000094249845e-05
2187,DI,100,1996,4,130,5.04204767551457e-15,1.9984014443252818e-15,0.0005635000125039369
2188,WMI,100,1996,4,130,5.1997162714217245e-15,1.9984014443252818e-15,3.8300000596791506e-05
2189,ISM,100,1996,4,130,0.12201479072263821,0.006871540107061813,0.00010390000534243882
2190,DI,100,1996,4,131,5.04204767551457e-15,1.9984014443252818e-15,0.000600200000917539
2191,WMI,100,1996,4,131,5.1997162714217245e-15,1.9984014443252818e-15,3.4100026823580265e-05
2192,ISM,100,1996,4,131,0.12201479072263821,0.006871540107061813,0.0001036000030580908
2193,DI,100,1996,4,132,5.04204767551457e-15,1.9984014443252818e-15,0.0005583000020124018
2194,WMI,100,1996,4,132,5.1997162714217245e-15,1.9984014443252818e-15,3.840000135824084e-05
2195,ISM,100,1996,4,132,0.12201479072263821,0.006871540107061813,0.00010239999392069876
2196,DI,100,1996,4,133,5.04204767551457e-15,1.9984014443252818e-15,0.0005920999974478036
2197,WMI,100,1996,4,133,5.1997162714217245e-15,1.9984014443252818e-15,5.289999535307288e-05
2198,ISM,100,1996,4,133,0.12201479072263821,0.006871540107061813,0.0001134999911300838
2199,DI,100,1996,4,134,5.04204767551457e-15,1.9984014443252818e-15,0.0009474999969825149
2200,WMI,100,1996,4,134,5.1997162714217245e-15,1.9984014443252818e-15,5.4899981478229165e-05
2201,ISM,100,1996,4,134,0.12201479072263821,0.006871540107061813,0.00010919998749159276
2202,DI,100,1996,4,135,5.04204767551457e-15,1.9984014443252818e-15,0.0007326000195462257
2203,WMI,100,1996,4,135,5.1997162714217245e-15,1.9984014443252818e-15,4.919999628327787e-05
2204,ISM,100,1996,4,135,0.12201479072263821,0.006871540107061813,0.00010499998461455107
2205,DI,100,1996,4,136,5.04204767551457e-15,1.9984014443252818e-15,0.0008518999966327101
2206,WMI,100,1996,4,136,5.1997162714217245e-15,1.9984014443252818e-15,4.919999628327787e-05
2207,ISM,100,1996,4,136,0.12201479072263821,0.006871540107061813,0.00010799997835420072
2208,DI,100,1996,4,137,5.04204767551457e-15,1.9984014443252818e-15,0.0008707999950274825
2209,WMI,100,1996,4,137,5.1997162714217245e-15,1.9984014443252818e-15,4.270000499673188e-05
2210,ISM,100,1996,4,137,0.12201479072263821,0.006871540107061813,0.00010459998156875372
2211,DI,100,1996,4,138,5.04204767551457e-15,1.9984014443252818e-15,0.000681799981975928
2212,WMI,100,1996,4,138,5.1997162714217245e-15,1.9984014443252818e-15,3.610001294873655e-05
2213,ISM,100,1996,4,138,0.12201479072263821,0.006871540107061813,0.00010480001219548285
2214,DI,100,1996,4,139,5.04204767551457e-15,1.9984014443252818e-15,0.0007042000070214272
2215,WMI,100,1996,4,139,5.1997162714217245e-15,1.9984014443252818e-15,7.040001219138503e-05
2216,ISM,100,1996,4,139,0.12201479072263821,0.006871540107061813,0.00010850001126527786
2217,DI,100,1996,4,140,5.04204767551457e-15,1.9984014443252818e-15,0.0006706999847665429
2218,WMI,100,1996,4,140,5.1997162714217245e-15,1.9984014443252818e-15,5.339999916031957e-05
2219,ISM,100,1996,4,140,0.12201479072263821,0.006871540107061813,0.0001084999821614474
2220,DI,100,1996,4,141,5.04204767551457e-15,1.9984014443252818e-15,0.0006720999954268336
2221,WMI,100,1996,4,141,5.1997162714217245e-15,1.9984014443252818e-15,8.590001380071044e-05
2222,ISM,100,1996,4,141,0.12201479072263821,0.006871540107061813,0.00010530001600272954
2223,DI,100,1996,4,142,5.04204767551457e-15,1.9984014443252818e-15,0.0006789000181015581
2224,WMI,100,1996,4,142,5.1997162714217245e-15,1.9984014443252818e-15,4.2800005758181214e-05
2225,ISM,100,1996,4,142,0.12201479072263821,0.006871540107061813,0.00010639999527484179
2226,DI,100,1996,4,143,5.04204767551457e-15,1.9984014443252818e-15,0.0006362000131048262
2227,WMI,100,1996,4,143,5.1997162714217245e-15,1.9984014443252818e-15,3.809999907389283e-05
2228,ISM,100,1996,4,143,0.12201479072263821,0.006871540107061813,0.00010380000458098948
2229,DI,100,1996,4,144,5.04204767551457e-15,1.9984014443252818e-15,0.0007003000064287335
2230,WMI,100,1996,4,144,5.1997162714217245e-15,1.9984014443252818e-15,7.799998275004327e-05
2231,ISM,100,1996,4,144,0.12201479072263821,0.006871540107061813,0.00011380002251826227
2232,DI,100,1996,4,145,5.04204767551457e-15,1.9984014443252818e-15,0.0006887000054121017
2233,WMI,100,1996,4,145,5.1997162714217245e-15,1.9984014443252818e-15,4.320000880397856e-05
2234,ISM,100,1996,4,145,0.12201479072263821,0.006871540107061813,0.00010299999848939478
2235,DI,100,1996,4,146,5.04204767551457e-15,1.9984014443252818e-15,0.0007093999884091318
2236,WMI,100,1996,4,146,5.1997162714217245e-15,1.9984014443252818e-15,4.4800020987167954e-05
2237,ISM,100,1996,4,146,0.12201479072263821,0.006871540107061813,0.00010570001904852688
2238,DI,100,1996,4,147,5.04204767551457e-15,1.9984014443252818e-15,0.0007858999888412654
2239,WMI,100,1996,4,147,5.1997162714217245e-15,1.9984014443252818e-15,6.140000186860561e-05
2240,ISM,100,1996,4,147,0.12201479072263821,0.006871540107061813,0.0001330000231973827
2241,DI,100,1996,4,148,5.04204767551457e-15,1.9984014443252818e-15,0.0008506000158376992
2242,WMI,100,1996,4,148,5.1997162714217245e-15,1.9984014443252818e-15,4.689997876994312e-05
2243,ISM,100,1996,4,148,0.12201479072263821,0.006871540107061813,0.00011640001321211457
2244,DI,100,1996,4,149,5.04204767551457e-15,1.9984014443252818e-15,0.0008347999828401953
2245,WMI,100,1996,4,149,5.1997162714217245e-15,1.9984014443252818e-15,8.579998393543065e-05
2246,ISM,100,1996,4,149,0.12201479072263821,0.006871540107061813,0.00022250000620260835
2247,DI,100,1996,4,150,5.04204767551457e-15,1.9984014443252818e-15,0.00083710000035353
2248,WMI,100,1996,4,150,5.1997162714217245e-15,1.9984014443252818e-15,7.479998748749495e-05
2249,ISM,100,1996,4,150,0.12201479072263821,0.006871540107061813,0.00012129999231547117
2250,DI,100,1996,4,151,5.04204767551457e-15,1.9984014443252818e-15,0.0007714999956078827
2251,WMI,100,1996,4,151,5.1997162714217245e-15,1.9984014443252818e-15,7.880001794546843e-05
2252,ISM,100,1996,4,151,0.12201479072263821,0.006871540107061813,0.00010879998444579542
2253,DI,100,1996,4,152,5.04204767551457e-15,1.9984014443252818e-15,0.0007475999882444739
2254,WMI,100,1996,4,152,5.1997162714217245e-15,1.9984014443252818e-15,4.270000499673188e-05
2255,ISM,100,1996,4,152,0.12201479072263821,0.006871540107061813,0.00010530001600272954
2256,DI,100,1996,4,153,5.04204767551457e-15,1.9984014443252818e-15,0.0007728000055067241
2257,WMI,100,1996,4,153,5.1997162714217245e-15,1.9984014443252818e-15,8.040000102482736e-05
2258,ISM,100,1996,4,153,0.12201479072263821,0.006871540107061813,0.00024190000840462744
2259,DI,100,1996,4,154,5.04204767551457e-15,1.9984014443252818e-15,0.0008824999968055636
2260,WMI,100,1996,4,154,5.1997162714217245e-15,1.9984014443252818e-15,7.780001033097506e-05
2261,ISM,100,1996,4,154,0.12201479072263821,0.006871540107061813,0.0002237000153400004
2262,DI,100,1996,4,155,5.04204767551457e-15,1.9984014443252818e-15,0.0008797000045888126
2263,WMI,100,1996,4,155,5.1997162714217245e-15,1.9984014443252818e-15,8.060000254772604e-05
2264,ISM,100,1996,4,155,0.12201479072263821,0.006871540107061813,0.0001086000120267272
2265,DI,100,1996,4,156,5.04204767551457e-15,1.9984014443252818e-15,0.0007213999924715608
2266,WMI,100,1996,4,156,5.1997162714217245e-15,1.9984014443252818e-15,7.300000288523734e-05
2267,ISM,100,1996,4,156,0.12201479072263821,0.006871540107061813,0.00021849997574463487
2268,DI,100,1996,4,157,5.04204767551457e-15,1.9984014443252818e-15,0.0009092999971471727
2269,WMI,100,1996,4,157,5.1997162714217245e-15,1.9984014443252818e-15,4.2599975131452084e-05
2270,ISM,100,1996,4,157,0.12201479072263821,0.006871540107061813,0.00010350000229664147
2271,DI,100,1996,4,158,5.04204767551457e-15,1.9984014443252818e-15,0.0007458000036422163
2272,WMI,100,1996,4,158,5.1997162714217245e-15,1.9984014443252818e-15,7.940002251416445e-05
2273,ISM,100,1996,4,158,0.12201479072263821,0.006871540107061813,0.0002334000018890947
2274,DI,100,1996,4,159,5.04204767551457e-15,1.9984014443252818e-15,0.0008129999914672226
2275,WMI,100,1996,4,159,5.1997162714217245e-15,1.9984014443252818e-15,5.01000031363219e-05
2276,ISM,100,1996,4,159,0.12201479072263821,0.006871540107061813,0.00012049998622387648
2277,DI,100,1996,4,160,5.04204767551457e-15,1.9984014443252818e-15,0.000774099986301735
2278,WMI,100,1996,4,160,5.1997162714217245e-15,1.9984014443252818e-15,8.299999171867967e-05
2279,ISM,100,1996,4,160,0.12201479072263821,0.006871540107061813,0.0002415000053588301
2280,DI,100,1996,4,161,5.04204767551457e-15,1.9984014443252818e-15,0.0008480999968014657
2281,WMI,100,1996,4,161,5.1997162714217245e-15,1.9984014443252818e-15,7.959999493323267e-05
2282,ISM,100,1996,4,161,0.12201479072263821,0.006871540107061813,0.00022260000696405768
2283,DI,100,1996,4,162,5.04204767551457e-15,1.9984014443252818e-15,0.0008673999982420355
2284,WMI,100,1996,4,162,5.1997162714217245e-15,1.9984014443252818e-15,7.810001261532307e-05
2285,ISM,100,1996,4,162,0.12201479072263821,0.006871540107061813,0.00022139999782666564
2286,DI,100,1996,4,163,5.04204767551457e-15,1.9984014443252818e-15,0.0008560999995097518
2287,WMI,100,1996,4,163,5.1997162714217245e-15,1.9984014443252818e-15,4.439998883754015e-05
2288,ISM,100,1996,4,163,0.12201479072263821,0.006871540107061813,0.00010540001676417887
2289,DI,100,1996,4,164,5.04204767551457e-15,1.9984014443252818e-15,0.0007667999889235944
2290,WMI,100,1996,4,164,5.1997162714217245e-15,1.9984014443252818e-15,7.559999357908964e-05
2291,ISM,100,1996,4,164,0.12201479072263821,0.006871540107061813,0.0001303000026382506
2292,DI,100,1996,4,165,5.04204767551457e-15,1.9984014443252818e-15,0.0008456000068690628
2293,WMI,100,1996,4,165,5.1997162714217245e-15,1.9984014443252818e-15,8.239998714998364e-05
2294,ISM,100,1996,4,165,0.12201479072263821,0.006871540107061813,0.00012060001608915627
2295,DI,100,1996,4,166,5.04204767551457e-15,1.9984014443252818e-15,0.001018800016026944
2296,WMI,100,1996,4,166,5.1997162714217245e-15,1.9984014443252818e-15,8.369999704882503e-05
2297,ISM,100,1996,4,166,0.12201479072263821,0.006871540107061813,0.00011069999891333282
2298,DI,100,1996,4,167,5.04204767551457e-15,1.9984014443252818e-15,0.0008863999973982573
2299,WMI,100,1996,4,167,5.1997162714217245e-15,1.9984014443252818e-15,8.940001134760678e-05
2300,ISM,100,1996,4,167,0.12201479072263821,0.006871540107061813,0.00023289999808184803
2301,DI,100,1996,4,168,5.04204767551457e-15,1.9984014443252818e-15,0.0009293000039178878
2302,WMI,100,1996,4,168,5.1997162714217245e-15,1.9984014443252818e-15,4.600000102072954e-05
2303,ISM,100,1996,4,168,0.12201479072263821,0.006871540107061813,0.0001039999770000577
2304,DI,100,1996,4,169,5.04204767551457e-15,1.9984014443252818e-15,0.0009989000100176781
2305,WMI,100,1996,4,169,5.1997162714217245e-15,1.9984014443252818e-15,4.6600005589425564e-05
2306,ISM,100,1996,4,169,0.12201479072263821,0.006871540107061813,0.00010699999984353781
2307,DI,100,1996,4,170,5.04204767551457e-15,1.9984014443252818e-15,0.0008276000153273344
2308,WMI,100,1996,4,170,5.1997162714217245e-15,1.9984014443252818e-15,0.0001618000096641481
2309,ISM,100,1996,4,170,0.12201479072263821,0.006871540107061813,0.00019689998589456081
2310,DI,100,1996,4,171,5.04204767551457e-15,1.9984014443252818e-15,0.000826600007712841
2311,WMI,100,1996,4,171,5.1997162714217245e-15,1.9984014443252818e-15,0.0001343000039923936
2312,ISM,100,1996,4,171,0.12201479072263821,0.006871540107061813,0.0002775000175461173
2313,DI,100,1996,4,172,5.04204767551457e-15,1.9984014443252818e-15,0.0007522000232711434
2314,WMI,100,1996,4,172,5.1997162714217245e-15,1.9984014443252818e-15,4.549999721348286e-05
2315,ISM,100,1996,4,172,0.12201479072263821,0.006871540107061813,0.00010609999299049377
2316,DI,100,1996,4,173,5.04204767551457e-15,1.9984014443252818e-15,0.0007763000030536205
2317,WMI,100,1996,4,173,5.1997162714217245e-15,1.9984014443252818e-15,0.00013199998647905886
2318,ISM,100,1996,4,173,0.12201479072263821,0.006871540107061813,0.00011049999739043415
2319,DI,100,1996,4,174,5.04204767551457e-15,1.9984014443252818e-15,0.0008108000038191676
2320,WMI,100,1996,4,174,5.1997162714217245e-15,1.9984014443252818e-15,4.350001108832657e-05
2321,ISM,100,1996,4,174,0.12201479072263821,0.006871540107061813,0.00010170001769438386
2322,DI,100,1996,4,175,5.04204767551457e-15,1.9984014443252818e-15,0.0008355000172741711
2323,WMI,100,1996,4,175,5.1997162714217245e-15,1.9984014443252818e-15,0.00014479999663308263
2324,ISM,100,1996,4,175,0.12201479072263821,0.006871540107061813,0.00024789999588392675
2325,DI,100,1996,4,176,5.04204767551457e-15,1.9984014443252818e-15,0.0007201999833341688
2326,WMI,100,1996,4,176,5.1997162714217245e-15,1.9984014443252818e-15,3.670001751743257e-05
2327,ISM,100,1996,4,176,0.12201479072263821,0.006871540107061813,9.690001024864614e-05
2328,DI,100,1996,4,177,5.04204767551457e-15,1.9984014443252818e-15,0.0007458000036422163
2329,WMI,100,1996,4,177,5.1997162714217245e-15,1.9984014443252818e-15,3.580001066438854e-05
2330,ISM,100,1996,4,177,0.12201479072263821,0.006871540107061813,9.769998723641038e-05
2331,DI,100,1996,4,178,5.04204767551457e-15,1.9984014443252818e-15,0.0007563999970443547
2332,WMI,100,1996,4,178,5.1997162714217245e-15,1.9984014443252818e-15,0.00013599998783320189
2333,ISM,100,1996,4,178,0.12201479072263821,0.006871540107061813,0.00027889999910257757
2334,DI,100,1996,4,179,5.04204767551457e-15,1.9984014443252818e-15,0.0008240999886766076
2335,WMI,100,1996,4,179,5.1997162714217245e-15,1.9984014443252818e-15,8.530000923201442e-05
2336,ISM,100,1996,4,179,0.12201479072263821,0.006871540107061813,0.00012660000356845558
2337,DI,100,1996,4,180,5.04204767551457e-15,1.9984014443252818e-15,0.0008140999998431653
2338,WMI,100,1996,4,180,5.1997162714217245e-15,1.9984014443252818e-15,0.0001461999781895429
2339,ISM,100,1996,4,180,0.12201479072263821,0.006871540107061813,0.000374399998690933
2340,DI,100,1996,4,181,5.04204767551457e-15,1.9984014443252818e-15,0.001043800002662465
2341,WMI,100,1996,4,181,5.1997162714217245e-15,1.9984014443252818e-15,0.00010599999222904444
2342,ISM,100,1996,4,181,0.12201479072263821,0.006871540107061813,0.0003113000129815191
2343,DI,100,1996,4,182,5.04204767551457e-15,1.9984014443252818e-15,0.0009734000195749104
2344,WMI,100,1996,4,182,5.1997162714217245e-15,1.9984014443252818e-15,4.679997800849378e-05
2345,ISM,100,1996,4,182,0.12201479072263821,0.006871540107061813,0.00011399999493733048
2346,DI,100,1996,4,183,5.04204767551457e-15,1.9984014443252818e-15,0.0007224000000860542
2347,WMI,100,1996,4,183,5.1997162714217245e-15,1.9984014443252818e-15,4.33000095654279e-05
2348,ISM,100,1996,4,183,0.12201479072263821,0.006871540107061813,9.90999978967011e-05
2349,DI,100,1996,4,184,5.04204767551457e-15,1.9984014443252818e-15,0.0007783999899402261
2350,WMI,100,1996,4,184,5.1997162714217245e-15,1.9984014443252818e-15,4.050001734867692e-05
2351,ISM,100,1996,4,184,0.12201479072263821,0.006871540107061813,9.99000039882958e-05
2352,DI,100,1996,4,185,5.04204767551457e-15,1.9984014443252818e-15,0.0007818000158295035
2353,WMI,100,1996,4,185,5.1997162714217245e-15,1.9984014443252818e-15,9.450002107769251e-05
2354,ISM,100,1996,4,185,0.12201479072263821,0.006871540107061813,0.00027719998615793884
2355,DI,100,1996,4,186,5.04204767551457e-15,1.9984014443252818e-15,0.0009317000221926719
2356,WMI,100,1996,4,186,5.1997162714217245e-15,1.9984014443252818e-15,7.730000652372837e-05
2357,ISM,100,1996,4,186,0.12201479072263821,0.006871540107061813,0.00024059999850578606
2358,DI,100,1996,4,187,5.04204767551457e-15,1.9984014443252818e-15,0.0008333000005222857
2359,WMI,100,1996,4,187,5.1997162714217245e-15,1.9984014443252818e-15,4.060001811012626e-05
2360,ISM,100,1996,4,187,0.12201479072263821,0.006871540107061813,9.970000246539712e-05
2361,DI,100,1996,4,188,5.04204767551457e-15,1.9984014443252818e-15,0.0007455000013578683
2362,WMI,100,1996,4,188,5.1997162714217245e-15,1.9984014443252818e-15,7.51999905332923e-05
2363,ISM,100,1996,4,188,0.12201479072263821,0.006871540107061813,0.00020420001237653196
2364,DI,100,1996,4,189,5.04204767551457e-15,1.9984014443252818e-15,0.0008668999944347888
2365,WMI,100,1996,4,189,5.1997162714217245e-15,1.9984014443252818e-15,9.400001727044582e-05
2366,ISM,100,1996,4,189,0.12201479072263821,0.006871540107061813,0.00014319998444989324
2367,DI,100,1996,4,190,5.04204767551457e-15,1.9984014443252818e-15,0.0007585000130347908
2368,WMI,100,1996,4,190,5.1997162714217245e-15,1.9984014443252818e-15,4.119999357499182e-05
2369,ISM,100,1996,4,190,0.12201479072263821,0.006871540107061813,9.849999332800508e-05
2370,DI,100,1996,4,191,5.04204767551457e-15,1.9984014443252818e-15,0.0006999000033829361
2371,WMI,100,1996,4,191,5.1997162714217245e-15,1.9984014443252818e-15,7.839998579584062e-05
2372,ISM,100,1996,4,191,0.12201479072263821,0.006871540107061813,0.00021279999054968357
2373,DI,100,1996,4,192,5.04204767551457e-15,1.9984014443252818e-15,0.000824199989438057
2374,WMI,100,1996,4,192,5.1997162714217245e-15,1.9984014443252818e-15,6.969997775740921e-05
2375,ISM,100,1996,4,192,0.12201479072263821,0.006871540107061813,0.00020810001296922565
2376,DI,100,1996,4,193,5.04204767551457e-15,1.9984014443252818e-15,0.0007059999916236848
2377,WMI,100,1996,4,193,5.1997162714217245e-15,1.9984014443252818e-15,4.959999932907522e-05
2378,ISM,100,1996,4,193,0.12201479072263821,0.006871540107061813,0.0001010000123642385
2379,DI,100,1996,4,194,5.04204767551457e-15,1.9984014443252818e-15,0.0007306000043172389
2380,WMI,100,1996,4,194,5.1997162714217245e-15,1.9984014443252818e-15,7.580002420581877e-05
2381,ISM,100,1996,4,194,0.12201479072263821,0.006871540107061813,0.00021490000654011965
2382,DI,100,1996,4,195,5.04204767551457e-15,1.9984014443252818e-15,0.0008282999915536493
2383,WMI,100,1996,4,195,5.1997162714217245e-15,1.9984014443252818e-15,7.029998232610524e-05
2384,ISM,100,1996,4,195,0.12201479072263821,0.006871540107061813,0.00020909999147988856
2385,DI,100,1996,4,196,5.04204767551457e-15,1.9984014443252818e-15,0.0008229999803006649
2386,WMI,100,1996,4,196,5.1997162714217245e-15,1.9984014443252818e-15,8.179998258128762e-05
2387,ISM,100,1996,4,196,0.12201479072263821,0.006871540107061813,0.0002185999765060842
2388,DI,100,1996,4,197,5.04204767551457e-15,1.9984014443252818e-15,0.0008188999781850725
2389,WMI,100,1996,4,197,5.1997162714217245e-15,1.9984014443252818e-15,4.060001811012626e-05
2390,ISM,100,1996,4,197,0.12201479072263821,0.006871540107061813,0.00010000000474974513
2391,DI,100,1996,4,198,5.04204767551457e-15,1.9984014443252818e-15,0.0006694999756291509
2392,WMI,100,1996,4,198,5.1997162714217245e-15,1.9984014443252818e-15,3.6999990697950125e-05
2393,ISM,100,1996,4,198,0.12201479072263821,0.006871540107061813,9.740001405589283e-05
2394,DI,100,1996,4,199,5.04204767551457e-15,1.9984014443252818e-15,0.0007208999886643142
2395,WMI,100,1996,4,199,5.1997162714217245e-15,1.9984014443252818e-15,4.050001734867692e-05
2396,ISM,100,1996,4,199,0.12201479072263821,0.006871540107061813,0.0001010000123642385
2397,DI,100,1996,4,200,5.04204767551457e-15,1.9984014443252818e-15,0.0007014000148046762
2398,WMI,100,1996,4,200,5.1997162714217245e-15,1.9984014443252818e-15,3.689998993650079e-05
2399,ISM,100,1996,4,200,0.12201479072263821,0.006871540107061813,9.839999256655574e-05
2400,DI,100,1995,5,1,5.0571359769475965e-15,1.9984014443252818e-15,0.000890900002559647
2401,WMI,100,1995,5,1,5.300999494877579e-15,1.7763568394002505e-15,8.359999628737569e-05
2402,ISM,100,1995,5,1,0.13800332881397295,0.008259098707686707,0.00024449999909847975
2403,DI,100,1995,5,2,5.0571359769475965e-15,1.9984014443252818e-15,0.0007458000036422163
2404,WMI,100,1995,5,2,5.300999494877579e-15,1.7763568394002505e-15,8.180001168511808e-05
2405,ISM,100,1995,5,2,0.13800332881397295,0.008259098707686707,0.00023330000112764537
2406,DI,100,1995,5,3,5.0571359769475965e-15,1.9984014443252818e-15,0.0007295999967027456
2407,WMI,100,1995,5,3,5.300999494877579e-15,1.7763568394002505e-15,4.539999645203352e-05
2408,ISM,100,1995,5,3,0.13800332881397295,0.008259098707686707,0.00012520002201199532
2409,DI,100,1995,5,4,5.0571359769475965e-15,1.9984014443252818e-15,0.0006454999966081232
2410,WMI,100,1995,5,4,5.300999494877579e-15,1.7763568394002505e-15,3.950000973418355e-05
2411,ISM,100,1995,5,4,0.13800332881397295,0.008259098707686707,0.00012010001228190958
2412,DI,100,1995,5,5,5.0571359769475965e-15,1.9984014443252818e-15,0.0007671999919693917
2413,WMI,100,1995,5,5,5.300999494877579e-15,1.7763568394002505e-15,5.449997843243182e-05
2414,ISM,100,1995,5,5,0.13800332881397295,0.008259098707686707,0.00016160000814124942
2415,DI,100,1995,5,6,5.0571359769475965e-15,1.9984014443252818e-15,0.0008070000039879233
2416,WMI,100,1995,5,6,5.300999494877579e-15,1.7763568394002505e-15,9.180000051856041e-05
2417,ISM,100,1995,5,6,0.13800332881397295,0.008259098707686707,0.00014859999646432698
2418,DI,100,1995,5,7,5.0571359769475965e-15,1.9984014443252818e-15,0.0006895000115036964
2419,WMI,100,1995,5,7,5.300999494877579e-15,1.7763568394002505e-15,4.089999129064381e-05
2420,ISM,100,1995,5,7,0.13800332881397295,0.008259098707686707,0.00012079998850822449
2421,DI,100,1995,5,8,5.0571359769475965e-15,1.9984014443252818e-15,0.000914399977773428
2422,WMI,100,1995,5,8,5.300999494877579e-15,1.7763568394002505e-15,4.6699977247044444e-05
2423,ISM,100,1995,5,8,0.13800332881397295,0.008259098707686707,0.0002792000013869256
2424,DI,100,1995,5,9,5.0571359769475965e-15,1.9984014443252818e-15,0.000906300003407523
2425,WMI,100,1995,5,9,5.300999494877579e-15,1.7763568394002505e-15,8.869997691363096e-05
2426,ISM,100,1995,5,9,0.13800332881397295,0.008259098707686707,0.00013569998554885387
2427,DI,100,1995,5,10,5.0571359769475965e-15,1.9984014443252818e-15,0.0012744000123348087
2428,WMI,100,1995,5,10,5.300999494877579e-15,1.7763568394002505e-15,0.00011799999629147351
2429,ISM,100,1995,5,10,0.13800332881397295,0.008259098707686707,0.00013529998250305653
2430,DI,100,1995,5,11,5.0571359769475965e-15,1.9984014443252818e-15,0.0008126999891828746
2431,WMI,100,1995,5,11,5.300999494877579e-15,1.7763568394002505e-15,8.739999611862004e-05
2432,ISM,100,1995,5,11,0.13800332881397295,0.008259098707686707,0.0001278999843634665
2433,DI,100,1995,5,12,5.0571359769475965e-15,1.9984014443252818e-15,0.0010249000042676926
2434,WMI,100,1995,5,12,5.300999494877579e-15,1.7763568394002505e-15,0.00015499998698942363
2435,ISM,100,1995,5,12,0.13800332881397295,0.008259098707686707,0.0004700999998021871
2436,DI,100,1995,5,13,5.0571359769475965e-15,1.9984014443252818e-15,0.0008637999999336898
2437,WMI,100,1995,5,13,5.300999494877579e-15,1.7763568394002505e-15,4.980000085197389e-05
2438,ISM,100,1995,5,13,0.13800332881397295,0.008259098707686707,0.00012589999823831022
2439,DI,100,1995,5,14,5.0571359769475965e-15,1.9984014443252818e-15,0.0007901999924797565
2440,WMI,100,1995,5,14,5.300999494877579e-15,1.7763568394002505e-15,8.6499989265576e-05
2441,ISM,100,1995,5,14,0.13800332881397295,0.008259098707686707,0.00013180001405999064
2442,DI,100,1995,5,15,5.0571359769475965e-15,1.9984014443252818e-15,0.0008005000127013773
2443,WMI,100,1995,5,15,5.300999494877579e-15,1.7763568394002505e-15,4.019998596049845e-05
2444,ISM,100,1995,5,15,0.13800332881397295,0.008259098707686707,0.00012340000830590725
2445,DI,100,1995,5,16,5.0571359769475965e-15,1.9984014443252818e-15,0.0008258000016212463
2446,WMI,100,1995,5,16,5.300999494877579e-15,1.7763568394002505e-15,9.060002048499882e-05
2447,ISM,100,1995,5,16,0.13800332881397295,0.008259098707686707,0.0001218999968841672
2448,DI,100,1995,5,17,5.0571359769475965e-15,1.9984014443252818e-15,0.000758699985453859
2449,WMI,100,1995,5,17,5.300999494877579e-15,1.7763568394002505e-15,9.999997564591467e-05
2450,ISM,100,1995,5,17,0.13800332881397295,0.008259098707686707,0.00029280001763254404
2451,DI,100,1995,5,18,5.0571359769475965e-15,1.9984014443252818e-15,0.0007616000075358897
2452,WMI,100,1995,5,18,5.300999494877579e-15,1.7763568394002505e-15,4.740001168102026e-05
2453,ISM,100,1995,5,18,0.13800332881397295,0.008259098707686707,0.0001249000197276473
2454,DI,100,1995,5,19,5.0571359769475965e-15,1.9984014443252818e-15,0.0007818000158295035
2455,WMI,100,1995,5,19,5.300999494877579e-15,1.7763568394002505e-15,8.570001227781177e-05
2456,ISM,100,1995,5,19,0.13800332881397295,0.008259098707686707,0.0003276999923400581
2457,DI,100,1995,5,20,5.0571359769475965e-15,1.9984014443252818e-15,0.0009421000140719116
2458,WMI,100,1995,5,20,5.300999494877579e-15,1.7763568394002505e-15,4.539999645203352e-05
2459,ISM,100,1995,5,20,0.13800332881397295,0.008259098707686707,0.00012099999003112316
2460,DI,100,1995,5,21,5.0571359769475965e-15,1.9984014443252818e-15,0.0009629999985918403
2461,WMI,100,1995,5,21,5.300999494877579e-15,1.7763568394002505e-15,8.839997462928295e-05
2462,ISM,100,1995,5,21,0.13800332881397295,0.008259098707686707,0.0003136000013910234
2463,DI,100,1995,5,22,5.0571359769475965e-15,1.9984014443252818e-15,0.0008568000048398972
2464,WMI,100,1995,5,22,5.300999494877579e-15,1.7763568394002505e-15,4.2400002712383866e-05
2465,ISM,100,1995,5,22,0.13800332881397295,0.008259098707686707,0.0001227000029757619
2466,DI,100,1995,5,23,5.0571359769475965e-15,1.9984014443252818e-15,0.0007108999998308718
2467,WMI,100,1995,5,23,5.300999494877579e-15,1.7763568394002505e-15,4.339998122304678e-05
2468,ISM,100,1995,5,23,0.13800332881397295,0.008259098707686707,0.0001275999820791185
2469,DI,100,1995,5,24,5.0571359769475965e-15,1.9984014443252818e-15,0.0006973999843467027
2470,WMI,100,1995,5,24,5.300999494877579e-15,1.7763568394002505e-15,3.920000744983554e-05
2471,ISM,100,1995,5,24,0.13800332881397295,0.008259098707686707,0.00012069998774677515
2472,DI,100,1995,5,25,5.0571359769475965e-15,1.9984014443252818e-15,0.0006913999968674034
2473,WMI,100,1995,5,25,5.300999494877579e-15,1.7763568394002505e-15,8.430000161752105e-05
2474,ISM,100,1995,5,25,0.13800332881397295,0.008259098707686707,0.00030640000477433205
2475,DI,100,1995,5,26,5.0571359769475965e-15,1.9984014443252818e-15,0.0007058999908622354
2476,WMI,100,1995,5,26,5.300999494877579e-15,1.7763568394002505e-15,4.169999738223851e-05
2477,ISM,100,1995,5,26,0.13800332881397295,0.008259098707686707,0.00012209999840706587
2478,DI,100,1995,5,27,5.0571359769475965e-15,1.9984014443252818e-15,0.0006971000111661851
2479,WMI,100,1995,5,27,5.300999494877579e-15,1.7763568394002505e-15,8.820000221021473e-05
2480,ISM,100,1995,5,27,0.13800332881397295,0.008259098707686707,0.0002784999960567802
2481,DI,100,1995,5,28,5.0571359769475965e-15,1.9984014443252818e-15,0.0008414000039920211
2482,WMI,100,1995,5,28,5.300999494877579e-15,1.7763568394002505e-15,8.009999874047935e-05
2483,ISM,100,1995,5,28,0.13800332881397295,0.008259098707686707,0.00035450002178549767
2484,DI,100,1995,5,29,5.0571359769475965e-15,1.9984014443252818e-15,0.0007780000159982592
2485,WMI,100,1995,5,29,5.300999494877579e-15,1.7763568394002505e-15,7.899999036453664e-05
2486,ISM,100,1995,5,29,0.13800332881397295,0.008259098707686707,0.00027570000384002924
2487,DI,100,1995,5,30,5.0571359769475965e-15,1.9984014443252818e-15,0.0006789000181015581
2488,WMI,100,1995,5,30,5.300999494877579e-15,1.7763568394002505e-15,4.099999205209315e-05
2489,ISM,100,1995,5,30,0.13800332881397295,0.008259098707686707,0.00012509999214671552
2490,DI,100,1995,5,31,5.0571359769475965e-15,1.9984014443252818e-15,0.000811500009149313
2491,WMI,100,1995,5,31,5.300999494877579e-15,1.7763568394002505e-15,4.730001091957092e-05
2492,ISM,100,1995,5,31,0.13800332881397295,0.008259098707686707,0.00012799998512491584
2493,DI,100,1995,5,32,5.0571359769475965e-15,1.9984014443252818e-15,0.0006102000188548118
2494,WMI,100,1995,5,32,5.300999494877579e-15,1.7763568394002505e-15,4.2400002712383866e-05
2495,ISM,100,1995,5,32,0.13800332881397295,0.008259098707686707,0.00012320000678300858
2496,DI,100,1995,5,33,5.0571359769475965e-15,1.9984014443252818e-15,0.0006160000048112124
2497,WMI,100,1995,5,33,5.300999494877579e-15,1.7763568394002505e-15,4.069998976774514e-05
2498,ISM,100,1995,5,33,0.13800332881397295,0.008259098707686707,0.00012099999003112316
2499,DI,100,1995,5,34,5.0571359769475965e-15,1.9984014443252818e-15,0.0006088000081945211
2500,WMI,100,1995,5,34,5.300999494877579e-15,1.7763568394002505e-15,3.7699996028095484e-05
2501,ISM,100,1995,5,34,0.13800332881397295,0.008259098707686707,0.00011940000695176423
2502,DI,100,1995,5,35,5.0571359769475965e-15,1.9984014443252818e-15,0.0005613999965135008
2503,WMI,100,1995,5,35,5.300999494877579e-15,1.7763568394002505e-15,4.049998824484646e-05
2504,ISM,100,1995,5,35,0.13800332881397295,0.008259098707686707,0.00012049998622387648
2505,DI,100,1995,5,36,5.0571359769475965e-15,1.9984014443252818e-15,0.0006353000062517822
2506,WMI,100,1995,5,36,5.300999494877579e-15,1.7763568394002505e-15,3.899997682310641e-05
2507,ISM,100,1995,5,36,0.13800332881397295,0.008259098707686707,0.00012030001380480826
2508,DI,100,1995,5,37,5.0571359769475965e-15,1.9984014443252818e-15,0.000583800021559
2509,WMI,100,1995,5,37,5.300999494877579e-15,1.7763568394002505e-15,3.709999145939946e-05
2510,ISM,100,1995,5,37,0.13800332881397295,0.008259098707686707,0.00012099999003112316
2511,DI,100,1995,5,38,5.0571359769475965e-15,1.9984014443252818e-15,0.0006037999992258847
2512,WMI,100,1995,5,38,5.300999494877579e-15,1.7763568394002505e-15,3.99000127799809e-05
2513,ISM,100,1995,5,38,0.13800332881397295,0.008259098707686707,0.00012120002065785229
2514,DI,100,1995,5,39,5.0571359769475965e-15,1.9984014443252818e-15,0.0006061000167392194
2515,WMI,100,1995,5,39,5.300999494877579e-15,1.7763568394002505e-15,3.809999907389283e-05
2516,ISM,100,1995,5,39,0.13800332881397295,0.008259098707686707,0.00011940000695176423
2517,DI,100,1995,5,40,5.0571359769475965e-15,1.9984014443252818e-15,0.0006025999900884926
2518,WMI,100,1995,5,40,5.300999494877579e-15,1.7763568394002505e-15,3.659998765215278e-05
2519,ISM,100,1995,5,40,0.13800332881397295,0.008259098707686707,0.00011930000619031489
2520,DI,100,1995,5,41,5.0571359769475965e-15,1.9984014443252818e-15,0.0005852000031154603
2521,WMI,100,1995,5,41,5.300999494877579e-15,1.7763568394002505e-15,3.920000744983554e-05
2522,ISM,100,1995,5,41,0.13800332881397295,0.008259098707686707,0.00012000001152046025
2523,DI,100,1995,5,42,5.0571359769475965e-15,1.9984014443252818e-15,0.0006015000108163804
2524,WMI,100,1995,5,42,5.300999494877579e-15,1.7763568394002505e-15,3.809999907389283e-05
2525,ISM,100,1995,5,42,0.13800332881397295,0.008259098707686707,0.00011950000771321356
2526,DI,100,1995,5,43,5.0571359769475965e-15,1.9984014443252818e-15,0.0006181999924592674
2527,WMI,100,1995,5,43,5.300999494877579e-15,1.7763568394002505e-15,3.6200013710185885e-05
2528,ISM,100,1995,5,43,0.13800332881397295,0.008259098707686707,0.00012100001913495362
2529,DI,100,1995,5,44,5.0571359769475965e-15,1.9984014443252818e-15,0.000614699994912371
2530,WMI,100,1995,5,44,5.300999494877579e-15,1.7763568394002505e-15,3.889997606165707e-05
2531,ISM,100,1995,5,44,0.13800332881397295,0.008259098707686707,0.00012139999307692051
2532,DI,100,1995,5,45,5.0571359769475965e-15,1.9984014443252818e-15,0.0005477999802678823
2533,WMI,100,1995,5,45,5.300999494877579e-15,1.7763568394002505e-15,5.080000846646726e-05
2534,ISM,100,1995,5,45,0.13800332881397295,0.008259098707686707,0.00012509999214671552
2535,DI,100,1995,5,46,5.0571359769475965e-15,1.9984014443252818e-15,0.0006284999835770577
2536,WMI,100,1995,5,46,5.300999494877579e-15,1.7763568394002505e-15,4.4400017941370606e-05
2537,ISM,100,1995,5,46,0.13800332881397295,0.008259098707686707,0.00012359998072497547
2538,DI,100,1995,5,47,5.0571359769475965e-15,1.9984014443252818e-15,0.0006251999875530601
2539,WMI,100,1995,5,47,5.300999494877579e-15,1.7763568394002505e-15,3.7999998312443495e-05
2540,ISM,100,1995,5,47,0.13800332881397295,0.008259098707686707,0.0001202999847009778
2541,DI,100,1995,5,48,5.0571359769475965e-15,1.9984014443252818e-15,0.0006320999818854034
2542,WMI,100,1995,5,48,5.300999494877579e-15,1.7763568394002505e-15,3.6900019040331244e-05
2543,ISM,100,1995,5,48,0.13800332881397295,0.008259098707686707,0.00011999998241662979
2544,DI,100,1995,5,49,5.0571359769475965e-15,1.9984014443252818e-15,0.0005901999829802662
2545,WMI,100,1995,5,49,5.300999494877579e-15,1.7763568394002505e-15,4.020001506432891e-05
2546,ISM,100,1995,5,49,0.13800332881397295,0.008259098707686707,0.00012099999003112316
2547,DI,100,1995,5,50,5.0571359769475965e-15,1.9984014443252818e-15,0.0006265000265557319
2548,WMI,100,1995,5,50,5.300999494877579e-15,1.7763568394002505e-15,3.800002741627395e-05
2549,ISM,100,1995,5,50,0.13800332881397295,0.008259098707686707,0.00012129999231547117
2550,DI,100,1995,5,51,5.0571359769475965e-15,1.9984014443252818e-15,0.0006056000129319727
2551,WMI,100,1995,5,51,5.300999494877579e-15,1.7763568394002505e-15,3.969998215325177e-05
2552,ISM,100,1995,5,51,0.13800332881397295,0.008259098707686707,0.00012099999003112316
2553,DI,100,1995,5,52,5.0571359769475965e-15,1.9984014443252818e-15,0.0006250999867916107
2554,WMI,100,1995,5,52,5.300999494877579e-15,1.7763568394002505e-15,3.5200006095692515e-05
2555,ISM,100,1995,5,52,0.13800332881397295,0.008259098707686707,0.00011950000771321356
2556,DI,100,1995,5,53,5.0571359769475965e-15,1.9984014443252818e-15,0.000592800002777949
2557,WMI,100,1995,5,53,5.300999494877579e-15,1.7763568394002505e-15,3.659998765215278e-05
2558,ISM,100,1995,5,53,0.13800332881397295,0.008259098707686707,0.00011979998089373112
2559,DI,100,1995,5,54,5.0571359769475965e-15,1.9984014443252818e-15,0.0006247999845072627
2560,WMI,100,1995,5,54,5.300999494877579e-15,1.7763568394002505e-15,3.779999678954482e-05
2561,ISM,100,1995,5,54,0.13800332881397295,0.008259098707686707,0.00011969998013228178
2562,DI,100,1995,5,55,5.0571359769475965e-15,1.9984014443252818e-15,0.0005933999782428145
2563,WMI,100,1995,5,55,5.300999494877579e-15,1.7763568394002505e-15,3.9700011257082224e-05
2564,ISM,100,1995,5,55,0.13800332881397295,0.008259098707686707,0.00011950000771321356
2565,DI,100,1995,5,56,5.0571359769475965e-15,1.9984014443252818e-15,0.000583800021559
2566,WMI,100,1995,5,56,5.300999494877579e-15,1.7763568394002505e-15,3.860000288113952e-05
2567,ISM,100,1995,5,56,0.13800332881397295,0.008259098707686707,0.00011989998165518045
2568,DI,100,1995,5,57,5.0571359769475965e-15,1.9984014443252818e-15,0.0005744000081904233
2569,WMI,100,1995,5,57,5.300999494877579e-15,1.7763568394002505e-15,3.8700003642588854e-05
2570,ISM,100,1995,5,57,0.13800332881397295,0.008259098707686707,0.00012179999612271786
2571,DI,100,1995,5,58,5.0571359769475965e-15,1.9984014443252818e-15,0.0005843999970238656
2572,WMI,100,1995,5,58,5.300999494877579e-15,1.7763568394002505e-15,3.649998689070344e-05
2573,ISM,100,1995,5,58,0.13800332881397295,0.008259098707686707,0.00012070001685060561
2574,DI,100,1995,5,59,5.0571359769475965e-15,1.9984014443252818e-15,0.0006144000217318535
2575,WMI,100,1995,5,59,5.300999494877579e-15,1.7763568394002505e-15,5.020000389777124e-05
2576,ISM,100,1995,5,59,0.13800332881397295,0.008259098707686707,0.00012390001211315393
2577,DI,100,1995,5,60,5.0571359769475965e-15,1.9984014443252818e-15,0.0006204999808687717
2578,WMI,100,1995,5,60,5.300999494877579e-15,1.7763568394002505e-15,3.789999755099416e-05
2579,ISM,100,1995,5,60,0.13800332881397295,0.008259098707686707,0.00011979998089373112
2580,DI,100,1995,5,61,5.0571359769475965e-15,1.9984014443252818e-15,0.0006419999990612268
2581,WMI,100,1995,5,61,5.300999494877579e-15,1.7763568394002505e-15,3.709999145939946e-05
2582,ISM,100,1995,5,61,0.13800332881397295,0.008259098707686707,0.00012000001152046025
2583,DI,100,1995,5,62,5.0571359769475965e-15,1.9984014443252818e-15,0.0006165000086184591
2584,WMI,100,1995,5,62,5.300999494877579e-15,1.7763568394002505e-15,3.63999861292541e-05
2585,ISM,100,1995,5,62,0.13800332881397295,0.008259098707686707,0.00011929997708648443
2586,DI,100,1995,5,63,5.0571359769475965e-15,1.9984014443252818e-15,0.0006098000158090144
2587,WMI,100,1995,5,63,5.300999494877579e-15,1.7763568394002505e-15,3.5900011425837874e-05
2588,ISM,100,1995,5,63,0.13800332881397295,0.008259098707686707,0.00011920000542886555
2589,DI,100,1995,5,64,5.0571359769475965e-15,1.9984014443252818e-15,0.0006370999908540398
2590,WMI,100,1995,5,64,5.300999494877579e-15,1.7763568394002505e-15,4.4199987314641476e-05
2591,ISM,100,1995,5,64,0.13800332881397295,0.008259098707686707,0.0001255999959539622
2592,DI,100,1995,5,65,5.0571359769475965e-15,1.9984014443252818e-15,0.0006370999908540398
2593,WMI,100,1995,5,65,5.300999494877579e-15,1.7763568394002505e-15,3.7299992982298136e-05
2594,ISM,100,1995,5,65,0.13800332881397295,0.008259098707686707,0.00012149999383836985
2595,DI,100,1995,5,66,5.0571359769475965e-15,1.9984014443252818e-15,0.0006175999878905714
2596,WMI,100,1995,5,66,5.300999494877579e-15,1.7763568394002505e-15,3.7200021324679255e-05
2597,ISM,100,1995,5,66,0.13800332881397295,0.008259098707686707,0.00012020001304335892
2598,DI,100,1995,5,67,5.0571359769475965e-15,1.9984014443252818e-15,0.0005910000181756914
2599,WMI,100,1995,5,67,5.300999494877579e-15,1.7763568394002505e-15,3.809999907389283e-05
2600,ISM,100,1995,5,67,0.13800332881397295,0.008259098707686707,0.00011910000466741621
2601,DI,100,1995,5,68,5.0571359769475965e-15,1.9984014443252818e-15,0.0005627000064123422
2602,WMI,100,1995,5,68,5.300999494877579e-15,1.7763568394002505e-15,3.920000744983554e-05
2603,ISM,100,1995,5,68,0.13800332881397295,0.008259098707686707,0.00011979998089373112
2604,DI,100,1995,5,69,5.0571359769475965e-15,1.9984014443252818e-15,0.0005839999939780682
2605,WMI,100,1995,5,69,5.300999494877579e-15,1.7763568394002505e-15,3.749999450519681e-05
2606,ISM,100,1995,5,69,0.13800332881397295,0.008259098707686707,0.00012020001304335892
2607,DI,100,1995,5,70,5.0571359769475965e-15,1.9984014443252818e-15,0.000596500001847744
2608,WMI,100,1995,5,70,5.300999494877579e-15,1.7763568394002505e-15,3.559998003765941e-05
2609,ISM,100,1995,5,70,0.13800332881397295,0.008259098707686707,0.00011860000086016953
2610,DI,100,1995,5,71,5.0571359769475965e-15,1.9984014443252818e-15,0.0006138999888207763
2611,WMI,100,1995,5,71,5.300999494877579e-15,1.7763568394002505e-15,3.840000135824084e-05
2612,ISM,100,1995,5,71,0.13800332881397295,0.008259098707686707,0.00012089998926967382
2613,DI,100,1995,5,72,5.0571359769475965e-15,1.9984014443252818e-15,0.0006498000002466142
2614,WMI,100,1995,5,72,5.300999494877579e-15,1.7763568394002505e-15,3.640001523308456e-05
2615,ISM,100,1995,5,72,0.13800332881397295,0.008259098707686707,0.00012049998622387648
2616,DI,100,1995,5,73,5.0571359769475965e-15,1.9984014443252818e-15,0.0006138000171631575
2617,WMI,100,1995,5,73,5.300999494877579e-15,1.7763568394002505e-15,3.6999990697950125e-05
2618,ISM,100,1995,5,73,0.13800332881397295,0.008259098707686707,0.00012110001989640296
2619,DI,100,1995,5,74,5.0571359769475965e-15,1.9984014443252818e-15,0.0006537000008393079
2620,WMI,100,1995,5,74,5.300999494877579e-15,1.7763568394002505e-15,4.069998976774514e-05
2621,ISM,100,1995,5,74,0.13800332881397295,0.008259098707686707,0.00012370001059025526
2622,DI,100,1995,5,75,5.0571359769475965e-15,1.9984014443252818e-15,0.0005726999952457845
2623,WMI,100,1995,5,75,5.300999494877579e-15,1.7763568394002505e-15,4.339998122304678e-05
2624,ISM,100,1995,5,75,0.13800332881397295,0.008259098707686707,0.00012439998681657016
2625,DI,100,1995,5,76,5.0571359769475965e-15,1.9984014443252818e-15,0.0006318999803625047
2626,WMI,100,1995,5,76,5.300999494877579e-15,1.7763568394002505e-15,3.86999745387584e-05
2627,ISM,100,1995,5,76,0.13800332881397295,0.008259098707686707,0.00011950000771321356
2628,DI,100,1995,5,77,5.0571359769475965e-15,1.9984014443252818e-15,0.0006111999973654747
2629,WMI,100,1995,5,77,5.300999494877579e-15,1.7763568394002505e-15,3.9000005926936865e-05
2630,ISM,100,1995,5,77,0.13800332881397295,0.008259098707686707,0.00012069998774677515
2631,DI,100,1995,5,78,5.0571359769475965e-15,1.9984014443252818e-15,0.000607599999057129
2632,WMI,100,1995,5,78,5.300999494877579e-15,1.7763568394002505e-15,4.2100000428035855e-05
2633,ISM,100,1995,5,78,0.13800332881397295,0.008259098707686707,0.00012579999747686088
2634,DI,100,1995,5,79,5.0571359769475965e-15,1.9984014443252818e-15,0.0006391000060830265
2635,WMI,100,1995,5,79,5.300999494877579e-15,1.7763568394002505e-15,3.819999983534217e-05
2636,ISM,100,1995,5,79,0.13800332881397295,0.008259098707686707,0.00012169999536126852
2637,DI,100,1995,5,80,5.0571359769475965e-15,1.9984014443252818e-15,0.0005766999965999275
2638,WMI,100,1995,5,80,5.300999494877579e-15,1.7763568394002505e-15,3.91000066883862e-05
2639,ISM,100,1995,5,80,0.13800332881397295,0.008259098707686707,0.0001210999907925725
2640,DI,100,1995,5,81,5.0571359769475965e-15,1.9984014443252818e-15,0.000583800021559
2641,WMI,100,1995,5,81,5.300999494877579e-15,1.7763568394002505e-15,3.700001980178058e-05
2642,ISM,100,1995,5,81,0.13800332881397295,0.008259098707686707,0.00011930000619031489
2643,DI,100,1995,5,82,5.0571359769475965e-15,1.9984014443252818e-15,0.0005943999858573079
2644,WMI,100,1995,5,82,5.300999494877579e-15,1.7763568394002505e-15,3.6699988413602114e-05
2645,ISM,100,1995,5,82,0.13800332881397295,0.008259098707686707,0.00011900000390596688
2646,DI,100,1995,5,83,5.0571359769475965e-15,1.9984014443252818e-15,0.0005889000021852553
2647,WMI,100,1995,5,83,5.300999494877579e-15,1.7763568394002505e-15,3.71999922208488e-05
2648,ISM,100,1995,5,83,0.13800332881397295,0.008259098707686707,0.00011940000695176423
2649,DI,100,1995,5,84,5.0571359769475965e-15,1.9984014443252818e-15,0.0005932000058237463
2650,WMI,100,1995,5,84,5.300999494877579e-15,1.7763568394002505e-15,4.3899985030293465e-05
2651,ISM,100,1995,5,84,0.13800332881397295,0.008259098707686707,0.00018730000010691583
2652,DI,100,1995,5,85,5.0571359769475965e-15,1.9984014443252818e-15,0.0006474000110756606
2653,WMI,100,1995,5,85,5.300999494877579e-15,1.7763568394002505e-15,4.770001396536827e-05
2654,ISM,100,1995,5,85,0.13800332881397295,0.008259098707686707,0.00012509999214671552
2655,DI,100,1995,5,86,5.0571359769475965e-15,1.9984014443252818e-15,0.0008447000000160187
2656,WMI,100,1995,5,86,5.300999494877579e-15,1.7763568394002505e-15,4.539999645203352e-05
2657,ISM,100,1995,5,86,0.13800332881397295,0.008259098707686707,0.00012660000356845558
2658,DI,100,1995,5,87,5.0571359769475965e-15,1.9984014443252818e-15,0.000594600016484037
2659,WMI,100,1995,5,87,5.300999494877579e-15,1.7763568394002505e-15,3.9700011257082224e-05
2660,ISM,100,1995,5,87,0.13800332881397295,0.008259098707686707,0.00012180002522654831
2661,DI,100,1995,5,88,5.0571359769475965e-15,1.9984014443252818e-15,0.0006225999968592077
2662,WMI,100,1995,5,88,5.300999494877579e-15,1.7763568394002505e-15,4.3400010326877236e-05
2663,ISM,100,1995,5,88,0.13800332881397295,0.008259098707686707,0.0001236999814864248
2664,DI,100,1995,5,89,5.0571359769475965e-15,1.9984014443252818e-15,0.0005880999960936606
2665,WMI,100,1995,5,89,5.300999494877579e-15,1.7763568394002505e-15,3.809999907389283e-05
2666,ISM,100,1995,5,89,0.13800332881397295,0.008259098707686707,0.00012159999459981918
2667,DI,100,1995,5,90,5.0571359769475965e-15,1.9984014443252818e-15,0.0005639000155497342
2668,WMI,100,1995,5,90,5.300999494877579e-15,1.7763568394002505e-15,3.7699996028095484e-05
2669,ISM,100,1995,5,90,0.13800332881397295,0.008259098707686707,0.00012039998546242714
2670,DI,100,1995,5,91,5.0571359769475965e-15,1.9984014443252818e-15,0.0006064999906811863
2671,WMI,100,1995,5,91,5.300999494877579e-15,1.7763568394002505e-15,4.05999890062958e-05
2672,ISM,100,1995,5,91,0.13800332881397295,0.008259098707686707,0.00012069998774677515
2673,DI,100,1995,5,92,5.0571359769475965e-15,1.9984014443252818e-15,0.000600500003201887
2674,WMI,100,1995,5,92,5.300999494877579e-15,1.7763568394002505e-15,3.71999922208488e-05
2675,ISM,100,1995,5,92,0.13800332881397295,0.008259098707686707,0.00012069998774677515
2676,DI,100,1995,5,93,5.0571359769475965e-15,1.9984014443252818e-15,0.0005759999912697822
2677,WMI,100,1995,5,93,5.300999494877579e-15,1.7763568394002505e-15,3.890000516548753e-05
2678,ISM,100,1995,5,93,0.13800332881397295,0.008259098707686707,0.00012129999231547117
2679,DI,100,1995,5,94,5.0571359769475965e-15,1.9984014443252818e-15,0.000575200014282018
2680,WMI,100,1995,5,94,5.300999494877579e-15,1.7763568394002505e-15,3.850000211969018e-05
2681,ISM,100,1995,5,94,0.13800332881397295,0.008259098707686707,0.00012170002446509898
2682,DI,100,1995,5,95,5.0571359769475965e-15,1.9984014443252818e-15,0.0006024000176694244
2683,WMI,100,1995,5,95,5.300999494877579e-15,1.7763568394002505e-15,3.7999998312443495e-05
2684,ISM,100,1995,5,95,0.13800332881397295,0.008259098707686707,0.00012020001304335892
2685,DI,100,1995,5,96,5.0571359769475965e-15,1.9984014443252818e-15,0.0005720999906770885
2686,WMI,100,1995,5,96,5.300999494877579e-15,1.7763568394002505e-15,3.759999526664615e-05
2687,ISM,100,1995,5,96,0.13800332881397295,0.008259098707686707,0.0008772000146564096
2688,DI,100,1995,5,97,5.0571359769475965e-15,1.9984014443252818e-15,0.0006587000098079443
2689,WMI,100,1995,5,97,5.300999494877579e-15,1.7763568394002505e-15,5.299999611452222e-05
2690,ISM,100,1995,5,97,0.13800332881397295,0.008259098707686707,0.00012729997979477048
2691,DI,100,1995,5,98,5.0571359769475965e-15,1.9984014443252818e-15,0.0006102999905124307
2692,WMI,100,1995,5,98,5.300999494877579e-15,1.7763568394002505e-15,4.119999357499182e-05
2693,ISM,100,1995,5,98,0.13800332881397295,0.008259098707686707,0.00012229999992996454
2694,DI,100,1995,5,99,5.0571359769475965e-15,1.9984014443252818e-15,0.0006381999992299825
2695,WMI,100,1995,5,99,5.300999494877579e-15,1.7763568394002505e-15,4.5900000259280205e-05
2696,ISM,100,1995,5,99,0.13800332881397295,0.008259098707686707,0.0001264000020455569
2697,DI,100,1995,5,100,5.0571359769475965e-15,1.9984014443252818e-15,0.0006009999779053032
2698,WMI,100,1995,5,100,5.300999494877579e-15,1.7763568394002505e-15,3.679998917505145e-05
2699,ISM,100,1995,5,100,0.13800332881397295,0.008259098707686707,0.00012069998774677515
2700,DI,100,1995,5,101,5.0571359769475965e-15,1.9984014443252818e-15,0.0005800999933853745
2701,WMI,100,1995,5,101,5.300999494877579e-15,1.7763568394002505e-15,4.349998198449612e-05
2702,ISM,100,1995,5,101,0.13800332881397295,0.008259098707686707,0.00012370001059025526
2703,DI,100,1995,5,102,5.0571359769475965e-15,1.9984014443252818e-15,0.0005597999843303114
2704,WMI,100,1995,5,102,5.300999494877579e-15,1.7763568394002505e-15,3.689998993650079e-05
2705,ISM,100,1995,5,102,0.13800332881397295,0.008259098707686707,0.00012050001532770693
2706,DI,100,1995,5,103,5.0571359769475965e-15,1.9984014443252818e-15,0.0005919999966863543
2707,WMI,100,1995,5,103,5.300999494877579e-15,1.7763568394002505e-15,4.220000118948519e-05
2708,ISM,100,1995,5,103,0.13800332881397295,0.008259098707686707,0.00012049998622387648
2709,DI,100,1995,5,104,5.0571359769475965e-15,1.9984014443252818e-15,0.0005912999913562089
2710,WMI,100,1995,5,104,5.300999494877579e-15,1.7763568394002505e-15,3.969998215325177e-05
2711,ISM,100,1995,5,104,0.13800332881397295,0.008259098707686707,0.00012010001228190958
2712,DI,100,1995,5,105,5.0571359769475965e-15,1.9984014443252818e-15,0.0005940999835729599
2713,WMI,100,1995,5,105,5.300999494877579e-15,1.7763568394002505e-15,3.4500000765547156e-05
2714,ISM,100,1995,5,105,0.13800332881397295,0.008259098707686707,0.00011959997937083244
2715,DI,100,1995,5,106,5.0571359769475965e-15,1.9984014443252818e-15,0.0005759999912697822
2716,WMI,100,1995,5,106,5.300999494877579e-15,1.7763568394002505e-15,3.959998139180243e-05
2717,ISM,100,1995,5,106,0.13800332881397295,0.008259098707686707,0.00012069998774677515
2718,DI,100,1995,5,107,5.0571359769475965e-15,1.9984014443252818e-15,0.0006040999724064022
2719,WMI,100,1995,5,107,5.300999494877579e-15,1.7763568394002505e-15,3.649998689070344e-05
2720,ISM,100,1995,5,107,0.13800332881397295,0.008259098707686707,0.0001210999907925725
2721,DI,100,1995,5,108,5.0571359769475965e-15,1.9984014443252818e-15,0.0005812999734189361
2722,WMI,100,1995,5,108,5.300999494877579e-15,1.7763568394002505e-15,6.749999010935426e-05
2723,ISM,100,1995,5,108,0.13800332881397295,0.008259098707686707,0.00020569999469444156
2724,DI,100,1995,5,109,5.0571359769475965e-15,1.9984014443252818e-15,0.0009048000210896134
2725,WMI,100,1995,5,109,5.300999494877579e-15,1.7763568394002505e-15,4.880002234131098e-05
2726,ISM,100,1995,5,109,0.13800332881397295,0.008259098707686707,0.0001262999721802771
2727,DI,100,1995,5,110,5.0571359769475965e-15,1.9984014443252818e-15,0.000662900012684986
2728,WMI,100,1995,5,110,5.300999494877579e-15,1.7763568394002505e-15,4.290000651963055e-05
2729,ISM,100,1995,5,110,0.13800332881397295,0.008259098707686707,0.00012209999840706587
2730,DI,100,1995,5,111,5.0571359769475965e-15,1.9984014443252818e-15,0.0007167999865487218
2731,WMI,100,1995,5,111,5.300999494877579e-15,1.7763568394002505e-15,3.7600024370476604e-05
2732,ISM,100,1995,5,111,0.13800332881397295,0.008259098707686707,0.00012050001532770693
2733,DI,100,1995,5,112,5.0571359769475965e-15,1.9984014443252818e-15,0.0006978999881539494
2734,WMI,100,1995,5,112,5.300999494877579e-15,1.7763568394002505e-15,3.689998993650079e-05
2735,ISM,100,1995,5,112,0.13800332881397295,0.008259098707686707,0.00012110001989640296
2736,DI,100,1995,5,113,5.0571359769475965e-15,1.9984014443252818e-15,0.0006385000015143305
2737,WMI,100,1995,5,113,5.300999494877579e-15,1.7763568394002505e-15,3.809999907389283e-05
2738,ISM,100,1995,5,113,0.13800332881397295,0.008259098707686707,0.00012630000128410757
2739,DI,100,1995,5,114,5.0571359769475965e-15,1.9984014443252818e-15,0.0006844000017736107
2740,WMI,100,1995,5,114,5.300999494877579e-15,1.7763568394002505e-15,4.449998959898949e-05
2741,ISM,100,1995,5,114,0.13800332881397295,0.008259098707686707,0.00012079998850822449
2742,DI,100,1995,5,115,5.0571359769475965e-15,1.9984014443252818e-15,0.000731200008885935
2743,WMI,100,1995,5,115,5.300999494877579e-15,1.7763568394002505e-15,8.800000068731606e-05
2744,ISM,100,1995,5,115,0.13800332881397295,0.008259098707686707,0.00012790001346729696
2745,DI,100,1995,5,116,5.0571359769475965e-15,1.9984014443252818e-15,0.0006849000055808574
2746,WMI,100,1995,5,116,5.300999494877579e-15,1.7763568394002505e-15,4.7999987145885825e-05
2747,ISM,100,1995,5,116,0.13800332881397295,0.008259098707686707,0.00013010000111535192
2748,DI,100,1995,5,117,5.0571359769475965e-15,1.9984014443252818e-15,0.000681100005749613
2749,WMI,100,1995,5,117,5.300999494877579e-15,1.7763568394002505e-15,4.020001506432891e-05
2750,ISM,100,1995,5,117,0.13800332881397295,0.008259098707686707,0.00012340000830590725
2751,DI,100,1995,5,118,5.0571359769475965e-15,1.9984014443252818e-15,0.0007031999994069338
2752,WMI,100,1995,5,118,5.300999494877579e-15,1.7763568394002505e-15,3.8799975300207734e-05
2753,ISM,100,1995,5,118,0.13800332881397295,0.008259098707686707,0.000135600013891235
2754,DI,100,1995,5,119,5.0571359769475965e-15,1.9984014443252818e-15,0.0007027999963611364
2755,WMI,100,1995,5,119,5.300999494877579e-15,1.7763568394002505e-15,4.490002174861729e-05
2756,ISM,100,1995,5,119,0.13800332881397295,0.008259098707686707,0.00012240000069141388
2757,DI,100,1995,5,120,5.0571359769475965e-15,1.9984014443252818e-15,0.0007111000013537705
2758,WMI,100,1995,5,120,5.300999494877579e-15,1.7763568394002505e-15,3.609998384490609e-05
2759,ISM,100,1995,5,120,0.13800332881397295,0.008259098707686707,0.00012160002370364964
2760,DI,100,1995,5,121,5.0571359769475965e-15,1.9984014443252818e-15,0.0006010999786667526
2761,WMI,100,1995,5,121,5.300999494877579e-15,1.7763568394002505e-15,4.159999662078917e-05
2762,ISM,100,1995,5,121,0.13800332881397295,0.008259098707686707,0.00012209999840706587
2763,DI,100,1995,5,122,5.0571359769475965e-15,1.9984014443252818e-15,0.0005181999877095222
2764,WMI,100,1995,5,122,5.300999494877579e-15,1.7763568394002505e-15,3.779999678954482e-05
2765,ISM,100,1995,5,122,0.13800332881397295,0.008259098707686707,0.00013150001177564263
2766,DI,100,1995,5,123,5.0571359769475965e-15,1.9984014443252818e-15,0.0005970999773126096
2767,WMI,100,1995,5,123,5.300999494877579e-15,1.7763568394002505e-15,4.1399995097890496e-05
2768,ISM,100,1995,5,123,0.13800332881397295,0.008259098707686707,0.00012129999231547117
2769,DI,100,1995,5,124,5.0571359769475965e-15,1.9984014443252818e-15,0.0006417999975383282
2770,WMI,100,1995,5,124,5.300999494877579e-15,1.7763568394002505e-15,4.889999399892986e-05
2771,ISM,100,1995,5,124,0.13800332881397295,0.008259098707686707,0.0001227000029757619
2772,DI,100,1995,5,125,5.0571359769475965e-15,1.9984014443252818e-15,0.0006820000126026571
2773,WMI,100,1995,5,125,5.300999494877579e-15,1.7763568394002505e-15,4.3599982745945454e-05
2774,ISM,100,1995,5,125,0.13800332881397295,0.008259098707686707,0.00012740000966005027
2775,DI,100,1995,5,126,5.0571359769475965e-15,1.9984014443252818e-15,0.0007207999879028648
2776,WMI,100,1995,5,126,5.300999494877579e-15,1.7763568394002505e-15,8.87999776750803e-05
2777,ISM,100,1995,5,126,0.13800332881397295,0.008259098707686707,0.00014220000593923032
2778,DI,100,1995,5,127,5.0571359769475965e-15,1.9984014443252818e-15,0.0007141999958548695
2779,WMI,100,1995,5,127,5.300999494877579e-15,1.7763568394002505e-15,3.969998215325177e-05
2780,ISM,100,1995,5,127,0.13800332881397295,0.008259098707686707,0.00012159999459981918
2781,DI,100,1995,5,128,5.0571359769475965e-15,1.9984014443252818e-15,0.000731200008885935
2782,WMI,100,1995,5,128,5.300999494877579e-15,1.7763568394002505e-15,8.800000068731606e-05
2783,ISM,100,1995,5,128,0.13800332881397295,0.008259098707686707,0.00012889999197795987
2784,DI,100,1995,5,129,5.0571359769475965e-15,1.9984014443252818e-15,0.0006633999873884022
2785,WMI,100,1995,5,129,5.300999494877579e-15,1.7763568394002505e-15,4.1799998143687844e-05
2786,ISM,100,1995,5,129,0.13800332881397295,0.008259098707686707,0.00012209999840706587
2787,DI,100,1995,5,130,5.0571359769475965e-15,1.9984014443252818e-15,0.0006913999968674034
2788,WMI,100,1995,5,130,5.300999494877579e-15,1.7763568394002505e-15,8.480000542476773e-05
2789,ISM,100,1995,5,130,0.13800332881397295,0.008259098707686707,0.0002778999914880842
2790,DI,100,1995,5,131,5.0571359769475965e-15,1.9984014443252818e-15,0.0008154999813996255
2791,WMI,100,1995,5,131,5.300999494877579e-15,1.7763568394002505e-15,7.829998503439128e-05
2792,ISM,100,1995,5,131,0.13800332881397295,0.008259098707686707,0.0002688999811653048
2793,DI,100,1995,5,132,5.0571359769475965e-15,1.9984014443252818e-15,0.0007957000052556396
2794,WMI,100,1995,5,132,5.300999494877579e-15,1.7763568394002505e-15,7.479998748749495e-05
2795,ISM,100,1995,5,132,0.13800332881397295,0.008259098707686707,0.0002666999935172498
2796,DI,100,1995,5,133,5.0571359769475965e-15,1.9984014443252818e-15,0.0008085999870672822
2797,WMI,100,1995,5,133,5.300999494877579e-15,1.7763568394002505e-15,4.049998824484646e-05
2798,ISM,100,1995,5,133,0.13800332881397295,0.008259098707686707,0.00012119999155402184
2799,DI,100,1995,5,134,5.0571359769475965e-15,1.9984014443252818e-15,0.000725000019883737
2800,WMI,100,1995,5,134,5.300999494877579e-15,1.7763568394002505e-15,4.6699977247044444e-05
2801,ISM,100,1995,5,134,0.13800332881397295,0.008259098707686707,0.00013110000872984529
2802,DI,100,1995,5,135,5.0571359769475965e-15,1.9984014443252818e-15,0.0007301000005099922
2803,WMI,100,1995,5,135,5.300999494877579e-15,1.7763568394002505e-15,3.850000211969018e-05
2804,ISM,100,1995,5,135,0.13800332881397295,0.008259098707686707,0.00012260000221431255
2805,DI,100,1995,5,136,5.0571359769475965e-15,1.9984014443252818e-15,0.0006881000008434057
2806,WMI,100,1995,5,136,5.300999494877579e-15,1.7763568394002505e-15,8.820000221021473e-05
2807,ISM,100,1995,5,136,0.13800332881397295,0.008259098707686707,0.0002738999901339412
2808,DI,100,1995,5,137,5.0571359769475965e-15,1.9984014443252818e-15,0.0007876000017859042
2809,WMI,100,1995,5,137,5.300999494877579e-15,1.7763568394002505e-15,4.539999645203352e-05
2810,ISM,100,1995,5,137,0.13800332881397295,0.008259098707686707,0.00011999998241662979
2811,DI,100,1995,5,138,5.0571359769475965e-15,1.9984014443252818e-15,0.0006693999748677015
2812,WMI,100,1995,5,138,5.300999494877579e-15,1.7763568394002505e-15,3.809999907389283e-05
2813,ISM,100,1995,5,138,0.13800332881397295,0.008259098707686707,0.0002825999981723726
2814,DI,100,1995,5,139,5.0571359769475965e-15,1.9984014443252818e-15,0.0007745999901089817
2815,WMI,100,1995,5,139,5.300999494877579e-15,1.7763568394002505e-15,8.639998850412667e-05
2816,ISM,100,1995,5,139,0.13800332881397295,0.008259098707686707,0.00012579999747686088
2817,DI,100,1995,5,140,5.0571359769475965e-15,1.9984014443252818e-15,0.0007133999897632748
2818,WMI,100,1995,5,140,5.300999494877579e-15,1.7763568394002505e-15,4.049998824484646e-05
2819,ISM,100,1995,5,140,0.13800332881397295,0.008259098707686707,0.00012119999155402184
2820,DI,100,1995,5,141,5.0571359769475965e-15,1.9984014443252818e-15,0.0006950999959371984
2821,WMI,100,1995,5,141,5.300999494877579e-15,1.7763568394002505e-15,4.159999662078917e-05
2822,ISM,100,1995,5,141,0.13800332881397295,0.008259098707686707,0.0001221999991685152
2823,DI,100,1995,5,142,5.0571359769475965e-15,1.9984014443252818e-15,0.0013185999996494502
2824,WMI,100,1995,5,142,5.300999494877579e-15,1.7763568394002505e-15,0.0002350000140722841
2825,ISM,100,1995,5,142,0.13800332881397295,0.008259098707686707,0.00013139998191036284
2826,DI,100,1995,5,143,5.0571359769475965e-15,1.9984014443252818e-15,0.001133099984144792
2827,WMI,100,1995,5,143,5.300999494877579e-15,1.7763568394002505e-15,0.00020160002168267965
2828,ISM,100,1995,5,143,0.13800332881397295,0.008259098707686707,0.0001241000136360526
2829,DI,100,1995,5,144,5.0571359769475965e-15,1.9984014443252818e-15,0.0004967999993823469
2830,WMI,100,1995,5,144,5.300999494877579e-15,1.7763568394002505e-15,3.63999861292541e-05
2831,ISM,100,1995,5,144,0.13800332881397295,0.008259098707686707,0.00011930000619031489
2832,DI,100,1995,5,145,5.0571359769475965e-15,1.9984014443252818e-15,0.0008851000166032463
2833,WMI,100,1995,5,145,5.300999494877579e-15,1.7763568394002505e-15,0.00017049998859874904
2834,ISM,100,1995,5,145,0.13800332881397295,0.008259098707686707,0.00019459999748505652
2835,DI,100,1995,5,146,5.0571359769475965e-15,1.9984014443252818e-15,0.0007218999962788075
2836,WMI,100,1995,5,146,5.300999494877579e-15,1.7763568394002505e-15,4.199999966658652e-05
2837,ISM,100,1995,5,146,0.13800332881397295,0.008259098707686707,0.00012020001304335892
2838,DI,100,1995,5,147,5.0571359769475965e-15,1.9984014443252818e-15,0.0010024000075645745
2839,WMI,100,1995,5,147,5.300999494877579e-15,1.7763568394002505e-15,4.2400002712383866e-05
2840,ISM,100,1995,5,147,0.13800332881397295,0.008259098707686707,0.00012140002218075097
2841,DI,100,1995,5,148,5.0571359769475965e-15,1.9984014443252818e-15,0.0007965999830048531
2842,WMI,100,1995,5,148,5.300999494877579e-15,1.7763568394002505e-15,0.00017820001812651753
2843,ISM,100,1995,5,148,0.13800332881397295,0.008259098707686707,0.00013050000416114926
2844,DI,100,1995,5,149,5.0571359769475965e-15,1.9984014443252818e-15,0.0007891999848652631
2845,WMI,100,1995,5,149,5.300999494877579e-15,1.7763568394002505e-15,9.439999121241271e-05
2846,ISM,100,1995,5,149,0.13800332881397295,0.008259098707686707,0.00012420001439750195
2847,DI,100,1995,5,150,5.0571359769475965e-15,1.9984014443252818e-15,0.0007473999867215753
2848,WMI,100,1995,5,150,5.300999494877579e-15,1.7763568394002505e-15,0.0001564999984111637
2849,ISM,100,1995,5,150,0.13800332881397295,0.008259098707686707,0.00013329999637790024
2850,DI,100,1995,5,151,5.0571359769475965e-15,1.9984014443252818e-15,0.0007885999802965671
2851,WMI,100,1995,5,151,5.300999494877579e-15,1.7763568394002505e-15,4.4500018702819943e-05
2852,ISM,100,1995,5,151,0.13800332881397295,0.008259098707686707,0.00011829999857582152
2853,DI,100,1995,5,152,5.0571359769475965e-15,1.9984014443252818e-15,0.0007517999911215156
2854,WMI,100,1995,5,152,5.300999494877579e-15,1.7763568394002505e-15,3.950000973418355e-05
2855,ISM,100,1995,5,152,0.13800332881397295,0.008259098707686707,0.00011820002691820264
2856,DI,100,1995,5,153,5.0571359769475965e-15,1.9984014443252818e-15,0.0009264000109396875
2857,WMI,100,1995,5,153,5.300999494877579e-15,1.7763568394002505e-15,0.00013929998385719955
2858,ISM,100,1995,5,153,0.13800332881397295,0.008259098707686707,0.00042730002314783633
2859,DI,100,1995,5,154,5.0571359769475965e-15,1.9984014443252818e-15,0.0005602000164799392
2860,WMI,100,1995,5,154,5.300999494877579e-15,1.7763568394002505e-15,4.019998596049845e-05
2861,ISM,100,1995,5,154,0.13800332881397295,0.008259098707686707,0.00011709998943842947
2862,DI,100,1995,5,155,5.0571359769475965e-15,1.9984014443252818e-15,0.0005800999933853745
2863,WMI,100,1995,5,155,5.300999494877579e-15,1.7763568394002505e-15,3.659998765215278e-05
2864,ISM,100,1995,5,155,0.13800332881397295,0.008259098707686707,0.00011669998639263213
2865,DI,100,1995,5,156,5.0571359769475965e-15,1.9984014443252818e-15,0.0005877000221516937
2866,WMI,100,1995,5,156,5.300999494877579e-15,1.7763568394002505e-15,4.3100008042529225e-05
2867,ISM,100,1995,5,156,0.13800332881397295,0.008259098707686707,0.00011939997784793377
2868,DI,100,1995,5,157,5.0571359769475965e-15,1.9984014443252818e-15,0.0005665000062435865
2869,WMI,100,1995,5,157,5.300999494877579e-15,1.7763568394002505e-15,3.71999922208488e-05
2870,ISM,100,1995,5,157,0.13800332881397295,0.008259098707686707,0.00016129997675307095
2871,DI,100,1995,5,158,5.0571359769475965e-15,1.9984014443252818e-15,0.0006367999885696918
2872,WMI,100,1995,5,158,5.300999494877579e-15,1.7763568394002505e-15,4.1099992813542485e-05
2873,ISM,100,1995,5,158,0.13800332881397295,0.008259098707686707,0.00011829999857582152
2874,DI,100,1995,5,159,5.0571359769475965e-15,1.9984014443252818e-15,0.0005955999949947
2875,WMI,100,1995,5,159,5.300999494877579e-15,1.7763568394002505e-15,3.619998460635543e-05
2876,ISM,100,1995,5,159,0.13800332881397295,0.008259098707686707,0.00011610001092776656
2877,DI,100,1995,5,160,5.0571359769475965e-15,1.9984014443252818e-15,0.0005947999889031053
2878,WMI,100,1995,5,160,5.300999494877579e-15,1.7763568394002505e-15,3.6200013710185885e-05
2879,ISM,100,1995,5,160,0.13800332881397295,0.008259098707686707,0.00011610001092776656
2880,DI,100,1995,5,161,5.0571359769475965e-15,1.9984014443252818e-15,0.0005803000240121037
2881,WMI,100,1995,5,161,5.300999494877579e-15,1.7763568394002505e-15,3.530000685714185e-05
2882,ISM,100,1995,5,161,0.13800332881397295,0.008259098707686707,0.00011570000788196921
2883,DI,100,1995,5,162,5.0571359769475965e-15,1.9984014443252818e-15,0.0005760000203736126
2884,WMI,100,1995,5,162,5.300999494877579e-15,1.7763568394002505e-15,3.500000457279384e-05
2885,ISM,100,1995,5,162,0.13800332881397295,0.008259098707686707,0.0001162000116892159
2886,DI,100,1995,5,163,5.0571359769475965e-15,1.9984014443252818e-15,0.0005863999831490219
2887,WMI,100,1995,5,163,5.300999494877579e-15,1.7763568394002505e-15,3.689998993650079e-05
2888,ISM,100,1995,5,163,0.13800332881397295,0.008259098707686707,0.00011809999705292284
2889,DI,100,1995,5,164,5.0571359769475965e-15,1.9984014443252818e-15,0.0005758999905083328
2890,WMI,100,1995,5,164,5.300999494877579e-15,1.7763568394002505e-15,4.159999662078917e-05
2891,ISM,100,1995,5,164,0.13800332881397295,0.008259098707686707,0.00012499999138526618
2892,DI,100,1995,5,165,5.0571359769475965e-15,1.9984014443252818e-15,0.0006034999969415367
2893,WMI,100,1995,5,165,5.300999494877579e-15,1.7763568394002505e-15,3.689998993650079e-05
2894,ISM,100,1995,5,165,0.13800332881397295,0.008259098707686707,0.0001162000116892159
2895,DI,100,1995,5,166,5.0571359769475965e-15,1.9984014443252818e-15,0.0005662000039592385
2896,WMI,100,1995,5,166,5.300999494877579e-15,1.7763568394002505e-15,3.880000440403819e-05
2897,ISM,100,1995,5,166,0.13800332881397295,0.008259098707686707,0.00012409998453222215
2898,DI,100,1995,5,167,5.0571359769475965e-15,1.9984014443252818e-15,0.0005773000011686236
2899,WMI,100,1995,5,167,5.300999494877579e-15,1.7763568394002505e-15,3.679998917505145e-05
2900,ISM,100,1995,5,167,0.13800332881397295,0.008259098707686707,0.00011680001625791192
2901,DI,100,1995,5,168,5.0571359769475965e-15,1.9984014443252818e-15,0.0005959999980404973
2902,WMI,100,1995,5,168,5.300999494877579e-15,1.7763568394002505e-15,3.649998689070344e-05
2903,ISM,100,1995,5,168,0.13800332881397295,0.008259098707686707,0.00012280000373721123
2904,DI,100,1995,5,169,5.0571359769475965e-15,1.9984014443252818e-15,0.0006914999976288527
2905,WMI,100,1995,5,169,5.300999494877579e-15,1.7763568394002505e-15,4.680000711232424e-05
2906,ISM,100,1995,5,169,0.13800332881397295,0.008259098707686707,0.00012929999502375722
2907,DI,100,1995,5,170,5.0571359769475965e-15,1.9984014443252818e-15,0.0006123000057414174
2908,WMI,100,1995,5,170,5.300999494877579e-15,1.7763568394002505e-15,3.8700003642588854e-05
2909,ISM,100,1995,5,170,0.13800332881397295,0.008259098707686707,0.00011829999857582152
2910,DI,100,1995,5,171,5.0571359769475965e-15,1.9984014443252818e-15,0.0005651999963447452
2911,WMI,100,1995,5,171,5.300999494877579e-15,1.7763568394002505e-15,3.99000127799809e-05
2912,ISM,100,1995,5,171,0.13800332881397295,0.008259098707686707,0.00012549999519251287
2913,DI,100,1995,5,172,5.0571359769475965e-15,1.9984014443252818e-15,0.0005971999780740589
2914,WMI,100,1995,5,172,5.300999494877579e-15,1.7763568394002505e-15,3.759999526664615e-05
2915,ISM,100,1995,5,172,0.13800332881397295,0.008259098707686707,0.00011629998334683478
2916,DI,100,1995,5,173,5.0571359769475965e-15,1.9984014443252818e-15,0.0005877999938093126
2917,WMI,100,1995,5,173,5.300999494877579e-15,1.7763568394002505e-15,3.510000533424318e-05
2918,ISM,100,1995,5,173,0.13800332881397295,0.008259098707686707,0.00011629998334683478
2919,DI,100,1995,5,174,5.0571359769475965e-15,1.9984014443252818e-15,0.000588100025197491
2920,WMI,100,1995,5,174,5.300999494877579e-15,1.7763568394002505e-15,3.480000304989517e-05
2921,ISM,100,1995,5,174,0.13800332881397295,0.008259098707686707,0.00011719999019987881
2922,DI,100,1995,5,175,5.0571359769475965e-15,1.9984014443252818e-15,0.0005704000068362802
2923,WMI,100,1995,5,175,5.300999494877579e-15,1.7763568394002505e-15,3.9700011257082224e-05
2924,ISM,100,1995,5,175,0.13800332881397295,0.008259098707686707,0.00012340000830590725
2925,DI,100,1995,5,176,5.0571359769475965e-15,1.9984014443252818e-15,0.0005709999823011458
2926,WMI,100,1995,5,176,5.300999494877579e-15,1.7763568394002505e-15,3.809999907389283e-05
2927,ISM,100,1995,5,176,0.13800332881397295,0.008259098707686707,0.00012400001287460327
2928,DI,100,1995,5,177,5.0571359769475965e-15,1.9984014443252818e-15,0.00058970000827685
2929,WMI,100,1995,5,177,5.300999494877579e-15,1.7763568394002505e-15,3.6699988413602114e-05
2930,ISM,100,1995,5,177,0.13800332881397295,0.008259098707686707,0.00012440001592040062
2931,DI,100,1995,5,178,5.0571359769475965e-15,1.9984014443252818e-15,0.0005904000136069953
2932,WMI,100,1995,5,178,5.300999494877579e-15,1.7763568394002505e-15,3.670001751743257e-05
2933,ISM,100,1995,5,178,0.13800332881397295,0.008259098707686707,0.00012360000982880592
2934,DI,100,1995,5,179,5.0571359769475965e-15,1.9984014443252818e-15,0.0005709999823011458
2935,WMI,100,1995,5,179,5.300999494877579e-15,1.7763568394002505e-15,3.409999771974981e-05
2936,ISM,100,1995,5,179,0.13800332881397295,0.008259098707686707,0.00012149999383836985
2937,DI,100,1995,5,180,5.0571359769475965e-15,1.9984014443252818e-15,0.0006291999889072031
2938,WMI,100,1995,5,180,5.300999494877579e-15,1.7763568394002505e-15,3.6600016755983233e-05
2939,ISM,100,1995,5,180,0.13800332881397295,0.008259098707686707,0.0001235000090673566
2940,DI,100,1995,5,181,5.0571359769475965e-15,1.9984014443252818e-15,0.0005979000125080347
2941,WMI,100,1995,5,181,5.300999494877579e-15,1.7763568394002505e-15,3.8300000596791506e-05
2942,ISM,100,1995,5,181,0.13800332881397295,0.008259098707686707,0.00011760002234950662
2943,DI,100,1995,5,182,5.0571359769475965e-15,1.9984014443252818e-15,0.000601100007770583
2944,WMI,100,1995,5,182,5.300999494877579e-15,1.7763568394002505e-15,3.4999975468963385e-05
2945,ISM,100,1995,5,182,0.13800332881397295,0.008259098707686707,0.00011580000864341855
2946,DI,100,1995,5,183,5.0571359769475965e-15,1.9984014443252818e-15,0.0005294000147841871
2947,WMI,100,1995,5,183,5.300999494877579e-15,1.7763568394002505e-15,5.959998816251755e-05
2948,ISM,100,1995,5,183,0.13800332881397295,0.008259098707686707,0.00013260002015158534
2949,DI,100,1995,5,184,5.0571359769475965e-15,1.9984014443252818e-15,0.0005917999951634556
2950,WMI,100,1995,5,184,5.300999494877579e-15,1.7763568394002505e-15,4.0399987483397126e-05
2951,ISM,100,1995,5,184,0.13800332881397295,0.008259098707686707,0.0001210999907925725
2952,DI,100,1995,5,185,5.0571359769475965e-15,1.9984014443252818e-15,0.0005680000176653266
2953,WMI,100,1995,5,185,5.300999494877579e-15,1.7763568394002505e-15,3.840000135824084e-05
2954,ISM,100,1995,5,185,0.13800332881397295,0.008259098707686707,0.00011900000390596688
2955,DI,100,1995,5,186,5.0571359769475965e-15,1.9984014443252818e-15,0.0005852000031154603
2956,WMI,100,1995,5,186,5.300999494877579e-15,1.7763568394002505e-15,3.6200013710185885e-05
2957,ISM,100,1995,5,186,0.13800332881397295,0.008259098707686707,0.00011679998715408146
2958,DI,100,1995,5,187,5.0571359769475965e-15,1.9984014443252818e-15,0.0006165000086184591
2959,WMI,100,1995,5,187,5.300999494877579e-15,1.7763568394002505e-15,3.5999983083456755e-05
2960,ISM,100,1995,5,187,0.13800332881397295,0.008259098707686707,0.00011639998410828412
2961,DI,100,1995,5,188,5.0571359769475965e-15,1.9984014443252818e-15,0.0005688000237569213
2962,WMI,100,1995,5,188,5.300999494877579e-15,1.7763568394002505e-15,3.610001294873655e-05
2963,ISM,100,1995,5,188,0.13800332881397295,0.008259098707686707,0.00011640001321211457
2964,DI,100,1995,5,189,5.0571359769475965e-15,1.9984014443252818e-15,0.0006019999855197966
2965,WMI,100,1995,5,189,5.300999494877579e-15,1.7763568394002505e-15,3.8700003642588854e-05
2966,ISM,100,1995,5,189,0.13800332881397295,0.008259098707686707,0.00011789999553002417
2967,DI,100,1995,5,190,5.0571359769475965e-15,1.9984014443252818e-15,0.0006056999845895916
2968,WMI,100,1995,5,190,5.300999494877579e-15,1.7763568394002505e-15,4.369998350739479e-05
2969,ISM,100,1995,5,190,0.13800332881397295,0.008259098707686707,0.0001233999792020768
2970,DI,100,1995,5,191,5.0571359769475965e-15,1.9984014443252818e-15,0.0005782999796792865
2971,WMI,100,1995,5,191,5.300999494877579e-15,1.7763568394002505e-15,3.850000211969018e-05
2972,ISM,100,1995,5,191,0.13800332881397295,0.008259098707686707,0.00012470001820474863
2973,DI,100,1995,5,192,5.0571359769475965e-15,1.9984014443252818e-15,0.0006100000173319131
2974,WMI,100,1995,5,192,5.300999494877579e-15,1.7763568394002505e-15,3.709999145939946e-05
2975,ISM,100,1995,5,192,0.13800332881397295,0.008259098707686707,0.00012820001575164497
2976,DI,100,1995,5,193,5.0571359769475965e-15,1.9984014443252818e-15,0.0005980999849271029
2977,WMI,100,1995,5,193,5.300999494877579e-15,1.7763568394002505e-15,3.880000440403819e-05
2978,ISM,100,1995,5,193,0.13800332881397295,0.008259098707686707,0.00012190002598799765
2979,DI,100,1995,5,194,5.0571359769475965e-15,1.9984014443252818e-15,0.0005819000070914626
2980,WMI,100,1995,5,194,5.300999494877579e-15,1.7763568394002505e-15,3.700001980178058e-05
2981,ISM,100,1995,5,194,0.13800332881397295,0.008259098707686707,0.0001241999852936715
2982,DI,100,1995,5,195,5.0571359769475965e-15,1.9984014443252818e-15,0.0006243999814614654
2983,WMI,100,1995,5,195,5.300999494877579e-15,1.7763568394002505e-15,3.7299992982298136e-05
2984,ISM,100,1995,5,195,0.13800332881397295,0.008259098707686707,0.00012360000982880592
2985,DI,100,1995,5,196,5.0571359769475965e-15,1.9984014443252818e-15,0.0006204000092111528
2986,WMI,100,1995,5,196,5.300999494877579e-15,1.7763568394002505e-15,3.6999990697950125e-05
2987,ISM,100,1995,5,196,0.13800332881397295,0.008259098707686707,0.00011709998943842947
2988,DI,100,1995,5,197,5.0571359769475965e-15,1.9984014443252818e-15,0.0005337000184226781
2989,WMI,100,1995,5,197,5.300999494877579e-15,1.7763568394002505e-15,4.730001091957092e-05
2990,ISM,100,1995,5,197,0.13800332881397295,0.008259098707686707,0.00012260000221431255
2991,DI,100,1995,5,198,5.0571359769475965e-15,1.9984014443252818e-15,0.0006016999832354486
2992,WMI,100,1995,5,198,5.300999494877579e-15,1.7763568394002505e-15,3.409999771974981e-05
2993,ISM,100,1995,5,198,0.13800332881397295,0.008259098707686707,0.00011930000619031489
2994,DI,100,1995,5,199,5.0571359769475965e-15,1.9984014443252818e-15,0.0006446999905165285
2995,WMI,100,1995,5,199,5.300999494877579e-15,1.7763568394002505e-15,4.81999886687845e-05
2996,ISM,100,1995,5,199,0.13800332881397295,0.008259098707686707,0.00033680000342428684
2997,DI,100,1995,5,200,5.0571359769475965e-15,1.9984014443252818e-15,0.0009654999885242432
2998,WMI,100,1995,5,200,5.300999494877579e-15,1.7763568394002505e-15,0.00017529999604448676
2999,ISM,100,1995,5,200,0.13800332881397295,0.008259098707686707,0.0006237000052351505
3000,DI,100,1990,10,1,5.127239510882208e-15,1.9984014443252818e-15,0.0016748000052757561
3001,WMI,100,1990,10,1,5.328942950136788e-15,1.7763568394002505e-15,0.0001516000193078071
3002,ISM,100,1990,10,1,0.18381732684955887,0.011886113241340368,0.0006021000153850764
3003,DI,100,1990,10,2,5.127239510882208e-15,1.9984014443252818e-15,0.0014398999919649214
3004,WMI,100,1990,10,2,5.328942950136788e-15,1.7763568394002505e-15,0.00012859998969361186
3005,ISM,100,1990,10,2,0.18381732684955887,0.011886113241340368,0.000572100019780919
3006,DI,100,1990,10,3,5.127239510882208e-15,1.9984014443252818e-15,0.0014549999905284494
3007,WMI,100,1990,10,3,5.328942950136788e-15,1.7763568394002505e-15,0.00010160001693293452
3008,ISM,100,1990,10,3,0.18381732684955887,0.011886113241340368,0.0004909000126644969
3009,DI,100,1990,10,4,5.127239510882208e-15,1.9984014443252818e-15,0.0013463999785017222
3010,WMI,100,1990,10,4,5.328942950136788e-15,1.7763568394002505e-15,8.179998258128762e-05
3011,ISM,100,1990,10,4,0.18381732684955887,0.011886113241340368,0.00040329998591914773
3012,DI,100,1990,10,5,5.127239510882208e-15,1.9984014443252818e-15,0.0012021000147797167
3013,WMI,100,1990,10,5,5.328942950136788e-15,1.7763568394002505e-15,0.0001168999879155308
3014,ISM,100,1990,10,5,0.18381732684955887,0.011886113241340368,0.0003108000091742724
3015,DI,100,1990,10,6,5.127239510882208e-15,1.9984014443252818e-15,0.001121999986935407
3016,WMI,100,1990,10,6,5.328942950136788e-15,1.7763568394002505e-15,6.67999847792089e-05
3017,ISM,100,1990,10,6,0.18381732684955887,0.011886113241340368,0.0002734999870881438
3018,DI,100,1990,10,7,5.127239510882208e-15,1.9984014443252818e-15,0.0008748999971430749
3019,WMI,100,1990,10,7,5.328942950136788e-15,1.7763568394002505e-15,0.0001018000184558332
3020,ISM,100,1990,10,7,0.18381732684955887,0.011886113241340368,0.0002381000085733831
3021,DI,100,1990,10,8,5.127239510882208e-15,1.9984014443252818e-15,0.0007743000169284642
3022,WMI,100,1990,10,8,5.328942950136788e-15,1.7763568394002505e-15,9.350001346319914e-05
3023,ISM,100,1990,10,8,0.18381732684955887,0.011886113241340368,0.0004776999994646758
3024,DI,100,1990,10,9,5.127239510882208e-15,1.9984014443252818e-15,0.0008545999880880117
3025,WMI,100,1990,10,9,5.328942950136788e-15,1.7763568394002505e-15,5.169998621568084e-05
3026,ISM,100,1990,10,9,0.18381732684955887,0.011886113241340368,0.00022119999630376697
3027,DI,100,1990,10,10,5.127239510882208e-15,1.9984014443252818e-15,0.000748799997381866
3028,WMI,100,1990,10,10,5.328942950136788e-15,1.7763568394002505e-15,8.399999933317304e-05
3029,ISM,100,1990,10,10,0.18381732684955887,0.011886113241340368,0.00039129998185671866
3030,DI,100,1990,10,11,5.127239510882208e-15,1.9984014443252818e-15,0.0008488000021316111
3031,WMI,100,1990,10,11,5.328942950136788e-15,1.7763568394002505e-15,6.350001785904169e-05
3032,ISM,100,1990,10,11,0.18381732684955887,0.011886113241340368,0.0003186000103596598
3033,DI,100,1990,10,12,5.127239510882208e-15,1.9984014443252818e-15,0.0007918999763205647
3034,WMI,100,1990,10,12,5.328942950136788e-15,1.7763568394002505e-15,5.080000846646726e-05
3035,ISM,100,1990,10,12,0.18381732684955887,0.011886113241340368,0.00022220000391826034
3036,DI,100,1990,10,13,5.127239510882208e-15,1.9984014443252818e-15,0.000656100019114092
3037,WMI,100,1990,10,13,5.328942950136788e-15,1.7763568394002505e-15,5.1000009989365935e-05
3038,ISM,100,1990,10,13,0.18381732684955887,0.011886113241340368,0.0002697999880183488
3039,DI,100,1990,10,14,5.127239510882208e-15,1.9984014443252818e-15,0.0006532999977935106
3040,WMI,100,1990,10,14,5.328942950136788e-15,1.7763568394002505e-15,4.990000161342323e-05
3041,ISM,100,1990,10,14,0.18381732684955887,0.011886113241340368,0.0006181000208016485
3042,DI,100,1990,10,15,5.127239510882208e-15,1.9984014443252818e-15,0.0007210000185295939
3043,WMI,100,1990,10,15,5.328942950136788e-15,1.7763568394002505e-15,4.6999979531392455e-05
3044,ISM,100,1990,10,15,0.18381732684955887,0.011886113241340368,0.000222400005441159
3045,DI,100,1990,10,16,5.127239510882208e-15,1.9984014443252818e-15,0.0006725999992340803
3046,WMI,100,1990,10,16,5.328942950136788e-15,1.7763568394002505e-15,5.7199998991563916e-05
3047,ISM,100,1990,10,16,0.18381732684955887,0.011886113241340368,0.0002488000027369708
3048,DI,100,1990,10,17,5.127239510882208e-15,1.9984014443252818e-15,0.0006788000173401088
3049,WMI,100,1990,10,17,5.328942950136788e-15,1.7763568394002505e-15,4.490002174861729e-05
3050,ISM,100,1990,10,17,0.18381732684955887,0.011886113241340368,0.00021999998716637492
3051,DI,100,1990,10,18,5.127239510882208e-15,1.9984014443252818e-15,0.0005788000125903636
3052,WMI,100,1990,10,18,5.328942950136788e-15,1.7763568394002505e-15,4.260000423528254e-05
3053,ISM,100,1990,10,18,0.18381732684955887,0.011886113241340368,0.0002212999970652163
3054,DI,100,1990,10,19,5.127239510882208e-15,1.9984014443252818e-15,0.0005930000043008476
3055,WMI,100,1990,10,19,5.328942950136788e-15,1.7763568394002505e-15,4.650000482797623e-05
3056,ISM,100,1990,10,19,0.18381732684955887,0.011886113241340368,0.0002170999941881746
3057,DI,100,1990,10,20,5.127239510882208e-15,1.9984014443252818e-15,0.0006052000098861754
3058,WMI,100,1990,10,20,5.328942950136788e-15,1.7763568394002505e-15,4.25000034738332e-05
3059,ISM,100,1990,10,20,0.18381732684955887,0.011886113241340368,0.0002179000002797693
3060,DI,100,1990,10,21,5.127239510882208e-15,1.9984014443252818e-15,0.0005915999936405569
3061,WMI,100,1990,10,21,5.328942950136788e-15,1.7763568394002505e-15,4.299997817724943e-05
3062,ISM,100,1990,10,21,0.18381732684955887,0.011886113241340368,0.000215600011870265
3063,DI,100,1990,10,22,5.127239510882208e-15,1.9984014443252818e-15,0.0005739000043831766
3064,WMI,100,1990,10,22,5.328942950136788e-15,1.7763568394002505e-15,4.220000118948519e-05
3065,ISM,100,1990,10,22,0.18381732684955887,0.011886113241340368,0.00021740002557635307
3066,DI,100,1990,10,23,5.127239510882208e-15,1.9984014443252818e-15,0.0005913000204600394
3067,WMI,100,1990,10,23,5.328942950136788e-15,1.7763568394002505e-15,4.220000118948519e-05
3068,ISM,100,1990,10,23,0.18381732684955887,0.011886113241340368,0.0002179000002797693
3069,DI,100,1990,10,24,5.127239510882208e-15,1.9984014443252818e-15,0.0006036999984644353
3070,WMI,100,1990,10,24,5.328942950136788e-15,1.7763568394002505e-15,4.470002022571862e-05
3071,ISM,100,1990,10,24,0.18381732684955887,0.011886113241340368,0.00021749999723397195
3072,DI,100,1990,10,25,5.127239510882208e-15,1.9984014443252818e-15,0.0005982999864500016
3073,WMI,100,1990,10,25,5.328942950136788e-15,1.7763568394002505e-15,4.2400002712383866e-05
3074,ISM,100,1990,10,25,0.18381732684955887,0.011886113241340368,0.00021699999342672527
3075,DI,100,1990,10,26,5.127239510882208e-15,1.9984014443252818e-15,0.0011507000017445534
3076,WMI,100,1990,10,26,5.328942950136788e-15,1.7763568394002505e-15,0.00020989999757148325
3077,ISM,100,1990,10,26,0.18381732684955887,0.011886113241340368,0.00024659998598508537
3078,DI,100,1990,10,27,5.127239510882208e-15,1.9984014443252818e-15,0.0008981999999377877
3079,WMI,100,1990,10,27,5.328942950136788e-15,1.7763568394002505e-15,7.219999679364264e-05
3080,ISM,100,1990,10,27,0.18381732684955887,0.011886113241340368,0.0002617000136524439
3081,DI,100,1990,10,28,5.127239510882208e-15,1.9984014443252818e-15,0.0005838999932166189
3082,WMI,100,1990,10,28,5.328942950136788e-15,1.7763568394002505e-15,4.47999918833375e-05
3083,ISM,100,1990,10,28,0.18381732684955887,0.011886113241340368,0.00021729999571107328
3084,DI,100,1990,10,29,5.127239510882208e-15,1.9984014443252818e-15,0.000597400008700788
3085,WMI,100,1990,10,29,5.328942950136788e-15,1.7763568394002505e-15,5.180001608096063e-05
3086,ISM,100,1990,10,29,0.18381732684955887,0.011886113241340368,0.00022220000391826034
3087,DI,100,1990,10,30,5.127239510882208e-15,1.9984014443252818e-15,0.0005684000207111239
3088,WMI,100,1990,10,30,5.328942950136788e-15,1.7763568394002505e-15,4.610000178217888e-05
3089,ISM,100,1990,10,30,0.18381732684955887,0.011886113241340368,0.0002182000025641173
3090,DI,100,1990,10,31,5.127239510882208e-15,1.9984014443252818e-15,0.0006006000039633363
3091,WMI,100,1990,10,31,5.328942950136788e-15,1.7763568394002505e-15,4.75000124424696e-05
3092,ISM,100,1990,10,31,0.18381732684955887,0.011886113241340368,0.0002179000002797693
3093,DI,100,1990,10,32,5.127239510882208e-15,1.9984014443252818e-15,0.0005907000158913434
3094,WMI,100,1990,10,32,5.328942950136788e-15,1.7763568394002505e-15,4.5599997974932194e-05
3095,ISM,100,1990,10,32,0.18381732684955887,0.011886113241340368,0.00021830000332556665
3096,DI,100,1990,10,33,5.127239510882208e-15,1.9984014443252818e-15,0.0005676000146195292
3097,WMI,100,1990,10,33,5.328942950136788e-15,1.7763568394002505e-15,4.300000728107989e-05
3098,ISM,100,1990,10,33,0.18381732684955887,0.011886113241340368,0.00021779999951831996
3099,DI,100,1990,10,34,5.127239510882208e-15,1.9984014443252818e-15,0.0005893000052310526
3100,WMI,100,1990,10,34,5.328942950136788e-15,1.7763568394002505e-15,4.2100000428035855e-05
3101,ISM,100,1990,10,34,0.18381732684955887,0.011886113241340368,0.00021699999342672527
3102,DI,100,1990,10,35,5.127239510882208e-15,1.9984014443252818e-15,0.0006144999933894724
3103,WMI,100,1990,10,35,5.328942950136788e-15,1.7763568394002505e-15,4.449998959898949e-05
3104,ISM,100,1990,10,35,0.18381732684955887,0.011886113241340368,0.0002182000025641173
3105,DI,100,1990,10,36,5.127239510882208e-15,1.9984014443252818e-15,0.0007878000033088028
3106,WMI,100,1990,10,36,5.328942950136788e-15,1.7763568394002505e-15,4.8600020818412304e-05
3107,ISM,100,1990,10,36,0.18381732684955887,0.011886113241340368,0.0002196999848820269
3108,DI,100,1990,10,37,5.127239510882208e-15,1.9984014443252818e-15,0.0005765000241808593
3109,WMI,100,1990,10,37,5.328942950136788e-15,1.7763568394002505e-15,5.500001134350896e-05
3110,ISM,100,1990,10,37,0.18381732684955887,0.011886113241340368,0.00022620000527240336
3111,DI,100,1990,10,38,5.127239510882208e-15,1.9984014443252818e-15,0.0013260999985504895
3112,WMI,100,1990,10,38,5.328942950136788e-15,1.7763568394002505e-15,5.2799994591623545e-05
3113,ISM,100,1990,10,38,0.18381732684955887,0.011886113241340368,0.00022600000374950469
3114,DI,100,1990,10,39,5.127239510882208e-15,1.9984014443252818e-15,0.0005586000042967498
3115,WMI,100,1990,10,39,5.328942950136788e-15,1.7763568394002505e-15,4.990000161342323e-05
3116,ISM,100,1990,10,39,0.18381732684955887,0.011886113241340368,0.0002367999986745417
3117,DI,100,1990,10,40,5.127239510882208e-15,1.9984014443252818e-15,0.0005717999883927405
3118,WMI,100,1990,10,40,5.328942950136788e-15,1.7763568394002505e-15,4.809998790733516e-05
3119,ISM,100,1990,10,40,0.18381732684955887,0.011886113241340368,0.00021769999875687063
3120,DI,100,1990,10,41,5.127239510882208e-15,1.9984014443252818e-15,0.0005630000086966902
3121,WMI,100,1990,10,41,5.328942950136788e-15,1.7763568394002505e-15,4.230000195093453e-05
3122,ISM,100,1990,10,41,0.18381732684955887,0.011886113241340368,0.00021650001872330904
3123,DI,100,1990,10,42,5.127239510882208e-15,1.9984014443252818e-15,0.000526099989656359
3124,WMI,100,1990,10,42,5.328942950136788e-15,1.7763568394002505e-15,4.159999662078917e-05
3125,ISM,100,1990,10,42,0.18381732684955887,0.011886113241340368,0.00021800000104121864
3126,DI,100,1990,10,43,5.127239510882208e-15,1.9984014443252818e-15,0.0005487999878823757
3127,WMI,100,1990,10,43,5.328942950136788e-15,1.7763568394002505e-15,3.920000744983554e-05
3128,ISM,100,1990,10,43,0.18381732684955887,0.011886113241340368,0.00021589998505078256
3129,DI,100,1990,10,44,5.127239510882208e-15,1.9984014443252818e-15,0.0005666000070050359
3130,WMI,100,1990,10,44,5.328942950136788e-15,1.7763568394002505e-15,3.840000135824084e-05
3131,ISM,100,1990,10,44,0.18381732684955887,0.011886113241340368,0.00021460000425577164
3132,DI,100,1990,10,45,5.127239510882208e-15,1.9984014443252818e-15,0.0005941999843344092
3133,WMI,100,1990,10,45,5.328942950136788e-15,1.7763568394002505e-15,4.640000406652689e-05
3134,ISM,100,1990,10,45,0.18381732684955887,0.011886113241340368,0.00021960001322440803
3135,DI,100,1990,10,46,5.127239510882208e-15,1.9984014443252818e-15,0.0005730999982915819
3136,WMI,100,1990,10,46,5.328942950136788e-15,1.7763568394002505e-15,4.320000880397856e-05
3137,ISM,100,1990,10,46,0.18381732684955887,0.011886113241340368,0.0002167999919038266
3138,DI,100,1990,10,47,5.127239510882208e-15,1.9984014443252818e-15,0.0005901000113226473
3139,WMI,100,1990,10,47,5.328942950136788e-15,1.7763568394002505e-15,4.2400002712383866e-05
3140,ISM,100,1990,10,47,0.18381732684955887,0.011886113241340368,0.00021729999571107328
3141,DI,100,1990,10,48,5.127239510882208e-15,1.9984014443252818e-15,0.0005292999849189073
3142,WMI,100,1990,10,48,5.328942950136788e-15,1.7763568394002505e-15,3.880000440403819e-05
3143,ISM,100,1990,10,48,0.18381732684955887,0.011886113241340368,0.00021510000806301832
3144,DI,100,1990,10,49,5.127239510882208e-15,1.9984014443252818e-15,0.0005935000081080943
3145,WMI,100,1990,10,49,5.328942950136788e-15,1.7763568394002505e-15,4.270000499673188e-05
3146,ISM,100,1990,10,49,0.18381732684955887,0.011886113241340368,0.0002179000002797693
3147,DI,100,1990,10,50,5.127239510882208e-15,1.9984014443252818e-15,0.000579500017920509
3148,WMI,100,1990,10,50,5.328942950136788e-15,1.7763568394002505e-15,4.3599982745945454e-05
3149,ISM,100,1990,10,50,0.18381732684955887,0.011886113241340368,0.00021960001322440803
3150,DI,100,1990,10,51,5.127239510882208e-15,1.9984014443252818e-15,0.0005533000221475959
3151,WMI,100,1990,10,51,5.328942950136788e-15,1.7763568394002505e-15,4.1099992813542485e-05
3152,ISM,100,1990,10,51,0.18381732684955887,0.011886113241340368,0.00021729999571107328
3153,DI,100,1990,10,52,5.127239510882208e-15,1.9984014443252818e-15,0.00042949998169206083
3154,WMI,100,1990,10,52,5.328942950136788e-15,1.7763568394002505e-15,4.1799998143687844e-05
3155,ISM,100,1990,10,52,0.18381732684955887,0.011886113241340368,0.00022449999232776463
3156,DI,100,1990,10,53,5.127239510882208e-15,1.9984014443252818e-15,0.0005844999977853149
3157,WMI,100,1990,10,53,5.328942950136788e-15,1.7763568394002505e-15,4.689997876994312e-05
3158,ISM,100,1990,10,53,0.18381732684955887,0.011886113241340368,0.00022200000239536166
3159,DI,100,1990,10,54,5.127239510882208e-15,1.9984014443252818e-15,0.0005705000075977296
3160,WMI,100,1990,10,54,5.328942950136788e-15,1.7763568394002505e-15,4.4500018702819943e-05
3161,ISM,100,1990,10,54,0.18381732684955887,0.011886113241340368,0.00021719999494962394
3162,DI,100,1990,10,55,5.127239510882208e-15,1.9984014443252818e-15,0.0005727999960072339
3163,WMI,100,1990,10,55,5.328942950136788e-15,1.7763568394002505e-15,3.91000066883862e-05
3164,ISM,100,1990,10,55,0.18381732684955887,0.011886113241340368,0.00021559998276643455
3165,DI,100,1990,10,56,5.127239510882208e-15,1.9984014443252818e-15,0.0005079999973531812
3166,WMI,100,1990,10,56,5.328942950136788e-15,1.7763568394002505e-15,4.189999890513718e-05
3167,ISM,100,1990,10,56,0.18381732684955887,0.011886113241340368,0.0002185999765060842
3168,DI,100,1990,10,57,5.127239510882208e-15,1.9984014443252818e-15,0.0005112999933771789
3169,WMI,100,1990,10,57,5.328942950136788e-15,1.7763568394002505e-15,3.809999907389283e-05
3170,ISM,100,1990,10,57,0.18381732684955887,0.011886113241340368,0.0002161000156775117
3171,DI,100,1990,10,58,5.127239510882208e-15,1.9984014443252818e-15,0.0005183999892324209
3172,WMI,100,1990,10,58,5.328942950136788e-15,1.7763568394002505e-15,6.150000263005495e-05
3173,ISM,100,1990,10,58,0.18381732684955887,0.011886113241340368,0.0002175999979954213
3174,DI,100,1990,10,59,5.127239510882208e-15,1.9984014443252818e-15,0.0012590000114869326
3175,WMI,100,1990,10,59,5.328942950136788e-15,1.7763568394002505e-15,4.980000085197389e-05
3176,ISM,100,1990,10,59,0.18381732684955887,0.011886113241340368,0.0006065999914426357
3177,DI,100,1990,10,60,5.127239510882208e-15,1.9984014443252818e-15,0.001045399985741824
3178,WMI,100,1990,10,60,5.328942950136788e-15,1.7763568394002505e-15,0.00026169998454861343
3179,ISM,100,1990,10,60,0.18381732684955887,0.011886113241340368,0.001125900016631931
3180,DI,100,1990,10,61,5.127239510882208e-15,1.9984014443252818e-15,0.001133000012487173
3181,WMI,100,1990,10,61,5.328942950136788e-15,1.7763568394002505e-15,0.00019439999596215785
3182,ISM,100,1990,10,61,0.18381732684955887,0.011886113241340368,0.00022639997769147158
3183,DI,100,1990,10,62,5.127239510882208e-15,1.9984014443252818e-15,0.0005428000004030764
3184,WMI,100,1990,10,62,5.328942950136788e-15,1.7763568394002505e-15,4.81999886687845e-05
3185,ISM,100,1990,10,62,0.18381732684955887,0.011886113241340368,0.0004087999986950308
3186,DI,100,1990,10,63,5.127239510882208e-15,1.9984014443252818e-15,0.0007841000042390078
3187,WMI,100,1990,10,63,5.328942950136788e-15,1.7763568394002505e-15,4.9700000090524554e-05
3188,ISM,100,1990,10,63,0.18381732684955887,0.011886113241340368,0.0010306999902240932
3189,DI,100,1990,10,64,5.127239510882208e-15,1.9984014443252818e-15,0.0006140000186860561
3190,WMI,100,1990,10,64,5.328942950136788e-15,1.7763568394002505e-15,4.469999112188816e-05
3191,ISM,100,1990,10,64,0.18381732684955887,0.011886113241340368,0.00021949998335912824
3192,DI,100,1990,10,65,5.127239510882208e-15,1.9984014443252818e-15,0.0005626000056508929
3193,WMI,100,1990,10,65,5.328942950136788e-15,1.7763568394002505e-15,4.25000034738332e-05
3194,ISM,100,1990,10,65,0.18381732684955887,0.011886113241340368,0.00022059999173507094
3195,DI,100,1990,10,66,5.127239510882208e-15,1.9984014443252818e-15,0.0007516000187024474
3196,WMI,100,1990,10,66,5.328942950136788e-15,1.7763568394002505e-15,0.00026530001196078956
3197,ISM,100,1990,10,66,0.18381732684955887,0.011886113241340368,0.00022759998682886362
3198,DI,100,1990,10,67,5.127239510882208e-15,1.9984014443252818e-15,0.0010083999950438738
3199,WMI,100,1990,10,67,5.328942950136788e-15,1.7763568394002505e-15,4.5199994929134846e-05
3200,ISM,100,1990,10,67,0.18381732684955887,0.011886113241340368,0.00021830000332556665
3201,DI,100,1990,10,68,5.127239510882208e-15,1.9984014443252818e-15,0.000902600004337728
3202,WMI,100,1990,10,68,5.328942950136788e-15,1.7763568394002505e-15,4.529999569058418e-05
3203,ISM,100,1990,10,68,0.18381732684955887,0.011886113241340368,0.0002179000002797693
3204,DI,100,1990,10,69,5.127239510882208e-15,1.9984014443252818e-15,0.0006757999944966286
3205,WMI,100,1990,10,69,5.328942950136788e-15,1.7763568394002505e-15,0.00013830000534653664
3206,ISM,100,1990,10,69,0.18381732684955887,0.011886113241340368,0.000582600012421608
3207,DI,100,1990,10,70,5.127239510882208e-15,1.9984014443252818e-15,0.0008713999995961785
3208,WMI,100,1990,10,70,5.328942950136788e-15,1.7763568394002505e-15,0.00010340000153519213
3209,ISM,100,1990,10,70,0.18381732684955887,0.011886113241340368,0.0005177999846637249
3210,DI,100,1990,10,71,5.127239510882208e-15,1.9984014443252818e-15,0.0007812000112608075
3211,WMI,100,1990,10,71,5.328942950136788e-15,1.7763568394002505e-15,0.00010979999206028879
3212,ISM,100,1990,10,71,0.18381732684955887,0.011886113241340368,0.00047679999261163175
3213,DI,100,1990,10,72,5.127239510882208e-15,1.9984014443252818e-15,0.0007010000117588788
3214,WMI,100,1990,10,72,5.328942950136788e-15,1.7763568394002505e-15,5.189998773857951e-05
3215,ISM,100,1990,10,72,0.18381732684955887,0.011886113241340368,0.00022300001000985503
3216,DI,100,1990,10,73,5.127239510882208e-15,1.9984014443252818e-15,0.0008617000130470842
3217,WMI,100,1990,10,73,5.328942950136788e-15,1.7763568394002505e-15,4.67000063508749e-05
3218,ISM,100,1990,10,73,0.18381732684955887,0.011886113241340368,0.0002170999941881746
3219,DI,100,1990,10,74,5.127239510882208e-15,1.9984014443252818e-15,0.0007158999796956778
3220,WMI,100,1990,10,74,5.328942950136788e-15,1.7763568394002505e-15,4.959999932907522e-05
3221,ISM,100,1990,10,74,0.18381732684955887,0.011886113241340368,0.000221800000872463
3222,DI,100,1990,10,75,5.127239510882208e-15,1.9984014443252818e-15,0.0007784000190440565
3223,WMI,100,1990,10,75,5.328942950136788e-15,1.7763568394002505e-15,4.6200002543628216e-05
3224,ISM,100,1990,10,75,0.18381732684955887,0.011886113241340368,0.0002170999941881746
3225,DI,100,1990,10,76,5.127239510882208e-15,1.9984014443252818e-15,0.0007259999983943999
3226,WMI,100,1990,10,76,5.328942950136788e-15,1.7763568394002505e-15,4.230000195093453e-05
3227,ISM,100,1990,10,76,0.18381732684955887,0.011886113241340368,0.0002156999835278839
3228,DI,100,1990,10,77,5.127239510882208e-15,1.9984014443252818e-15,0.0013770000077784061
3229,WMI,100,1990,10,77,5.328942950136788e-15,1.7763568394002505e-15,5.420000525191426e-05
3230,ISM,100,1990,10,77,0.18381732684955887,0.011886113241340368,0.00022860002354718745
3231,DI,100,1990,10,78,5.127239510882208e-15,1.9984014443252818e-15,0.0008549000194761902
3232,WMI,100,1990,10,78,5.328942950136788e-15,1.7763568394002505e-15,5.3499999921768904e-05
3233,ISM,100,1990,10,78,0.18381732684955887,0.011886113241340368,0.00022220000391826034
3234,DI,100,1990,10,79,5.127239510882208e-15,1.9984014443252818e-15,0.0006500000017695129
3235,WMI,100,1990,10,79,5.328942950136788e-15,1.7763568394002505e-15,9.720001253299415e-05
3236,ISM,100,1990,10,79,0.18381732684955887,0.011886113241340368,0.00031889998354017735
3237,DI,100,1990,10,80,5.127239510882208e-15,1.9984014443252818e-15,0.0007192000048235059
3238,WMI,100,1990,10,80,5.328942950136788e-15,1.7763568394002505e-15,0.00017370001296512783
3239,ISM,100,1990,10,80,0.18381732684955887,0.011886113241340368,0.0002263000060338527
3240,DI,100,1990,10,81,5.127239510882208e-15,1.9984014443252818e-15,0.0006195000023581088
3241,WMI,100,1990,10,81,5.328942950136788e-15,1.7763568394002505e-15,8.520000847056508e-05
3242,ISM,100,1990,10,81,0.18381732684955887,0.011886113241340368,0.000614099990343675
3243,DI,100,1990,10,82,5.127239510882208e-15,1.9984014443252818e-15,0.0007973999890964478
3244,WMI,100,1990,10,82,5.328942950136788e-15,1.7763568394002505e-15,0.00012290000449866056
3245,ISM,100,1990,10,82,0.18381732684955887,0.011886113241340368,0.00047130000893957913
3246,DI,100,1990,10,83,5.127239510882208e-15,1.9984014443252818e-15,0.000756800000090152
3247,WMI,100,1990,10,83,5.328942950136788e-15,1.7763568394002505e-15,9.40999889280647e-05
3248,ISM,100,1990,10,83,0.18381732684955887,0.011886113241340368,0.00028300000121816993
3249,DI,100,1990,10,84,5.127239510882208e-15,1.9984014443252818e-15,0.000665700004901737
3250,WMI,100,1990,10,84,5.328942950136788e-15,1.7763568394002505e-15,5.2400020649656653e-05
3251,ISM,100,1990,10,84,0.18381732684955887,0.011886113241340368,0.0004940000071655959
3252,DI,100,1990,10,85,5.127239510882208e-15,1.9984014443252818e-15,0.0007231000054161996
3253,WMI,100,1990,10,85,5.328942950136788e-15,1.7763568394002505e-15,5.250002141110599e-05
3254,ISM,100,1990,10,85,0.18381732684955887,0.011886113241340368,0.000302400003420189
3255,DI,100,1990,10,86,5.127239510882208e-15,1.9984014443252818e-15,0.0006939999875612557
3256,WMI,100,1990,10,86,5.328942950136788e-15,1.7763568394002505e-15,4.630000330507755e-05
3257,ISM,100,1990,10,86,0.18381732684955887,0.011886113241340368,0.0003397999971639365
3258,DI,100,1990,10,87,5.127239510882208e-15,1.9984014443252818e-15,0.0006389999762177467
3259,WMI,100,1990,10,87,5.328942950136788e-15,1.7763568394002505e-15,4.1399995097890496e-05
3260,ISM,100,1990,10,87,0.18381732684955887,0.011886113241340368,0.00022639997769147158
3261,DI,100,1990,10,88,5.127239510882208e-15,1.9984014443252818e-15,0.0007637999951839447
3262,WMI,100,1990,10,88,5.328942950136788e-15,1.7763568394002505e-15,5.709999823011458e-05
3263,ISM,100,1990,10,88,0.18381732684955887,0.011886113241340368,0.00048370001604780555
3264,DI,100,1990,10,89,5.127239510882208e-15,1.9984014443252818e-15,0.00069039998925291
3265,WMI,100,1990,10,89,5.328942950136788e-15,1.7763568394002505e-15,5.520001286640763e-05
3266,ISM,100,1990,10,89,0.18381732684955887,0.011886113241340368,0.0004749000072479248
3267,DI,100,1990,10,90,5.127239510882208e-15,1.9984014443252818e-15,0.0006846000032965094
3268,WMI,100,1990,10,90,5.328942950136788e-15,1.7763568394002505e-15,4.81999886687845e-05
3269,ISM,100,1990,10,90,0.18381732684955887,0.011886113241340368,0.00022260000696405768
3270,DI,100,1990,10,91,5.127239510882208e-15,1.9984014443252818e-15,0.0006526999932248145
3271,WMI,100,1990,10,91,5.328942950136788e-15,1.7763568394002505e-15,9.690001024864614e-05
3272,ISM,100,1990,10,91,0.18381732684955887,0.011886113241340368,0.0004760999872814864
3273,DI,100,1990,10,92,5.127239510882208e-15,1.9984014443252818e-15,0.0006954999989829957
3274,WMI,100,1990,10,92,5.328942950136788e-15,1.7763568394002505e-15,4.490002174861729e-05
3275,ISM,100,1990,10,92,0.18381732684955887,0.011886113241340368,0.0004916000179946423
3276,DI,100,1990,10,93,5.127239510882208e-15,1.9984014443252818e-15,0.0006486999918706715
3277,WMI,100,1990,10,93,5.328942950136788e-15,1.7763568394002505e-15,9.399998816661537e-05
3278,ISM,100,1990,10,93,0.18381732684955887,0.011886113241340368,0.00048589997459203005
3279,DI,100,1990,10,94,5.127239510882208e-15,1.9984014443252818e-15,0.0007489999989047647
3280,WMI,100,1990,10,94,5.328942950136788e-15,1.7763568394002505e-15,8.9599983766675e-05
3281,ISM,100,1990,10,94,0.18381732684955887,0.011886113241340368,0.00042490000487305224
3282,DI,100,1990,10,95,5.127239510882208e-15,1.9984014443252818e-15,0.0006430000066757202
3283,WMI,100,1990,10,95,5.328942950136788e-15,1.7763568394002505e-15,5.050000618211925e-05
3284,ISM,100,1990,10,95,0.18381732684955887,0.011886113241340368,0.0005021000106353313
3285,DI,100,1990,10,96,5.127239510882208e-15,1.9984014443252818e-15,0.0007470999844372272
3286,WMI,100,1990,10,96,5.328942950136788e-15,1.7763568394002505e-15,4.499999340623617e-05
3287,ISM,100,1990,10,96,0.18381732684955887,0.011886113241340368,0.0004803999909199774
3288,DI,100,1990,10,97,5.127239510882208e-15,1.9984014443252818e-15,0.000690699991537258
3289,WMI,100,1990,10,97,5.328942950136788e-15,1.7763568394002505e-15,5.740000051446259e-05
3290,ISM,100,1990,10,97,0.18381732684955887,0.011886113241340368,0.0002454000059515238
3291,DI,100,1990,10,98,5.127239510882208e-15,1.9984014443252818e-15,0.0005846999993082136
3292,WMI,100,1990,10,98,5.328942950136788e-15,1.7763568394002505e-15,4.300000728107989e-05
3293,ISM,100,1990,10,98,0.18381732684955887,0.011886113241340368,0.00022560000070370734
3294,DI,100,1990,10,99,5.127239510882208e-15,1.9984014443252818e-15,0.0005976999818813056
3295,WMI,100,1990,10,99,5.328942950136788e-15,1.7763568394002505e-15,3.860000288113952e-05
3296,ISM,100,1990,10,99,0.18381732684955887,0.011886113241340368,0.00021979998564347625
3297,DI,100,1990,10,100,5.127239510882208e-15,1.9984014443252818e-15,0.000548899988643825
3298,WMI,100,1990,10,100,5.328942950136788e-15,1.7763568394002505e-15,4.159999662078917e-05
3299,ISM,100,1990,10,100,0.18381732684955887,0.011886113241340368,0.0002182000025641173
3300,DI,100,1990,10,101,5.127239510882208e-15,1.9984014443252818e-15,0.00047369999811053276
3301,WMI,100,1990,10,101,5.328942950136788e-15,1.7763568394002505e-15,3.989998367615044e-05
3302,ISM,100,1990,10,101,0.18381732684955887,0.011886113241340368,0.0002162999880965799
3303,DI,100,1990,10,102,5.127239510882208e-15,1.9984014443252818e-15,0.0005321999778971076
3304,WMI,100,1990,10,102,5.328942950136788e-15,1.7763568394002505e-15,4.1099992813542485e-05
3305,ISM,100,1990,10,102,0.18381732684955887,0.011886113241340368,0.00021650001872330904
3306,DI,100,1990,10,103,5.127239510882208e-15,1.9984014443252818e-15,0.0005865999846719205
3307,WMI,100,1990,10,103,5.328942950136788e-15,1.7763568394002505e-15,4.81999886687845e-05
3308,ISM,100,1990,10,103,0.18381732684955887,0.011886113241340368,0.00021779999951831996
3309,DI,100,1990,10,104,5.127239510882208e-15,1.9984014443252818e-15,0.0005850000015925616
3310,WMI,100,1990,10,104,5.328942950136788e-15,1.7763568394002505e-15,4.2400002712383866e-05
3311,ISM,100,1990,10,104,0.18381732684955887,0.011886113241340368,0.0002162999880965799
3312,DI,100,1990,10,105,5.127239510882208e-15,1.9984014443252818e-15,0.0005828999856021255
3313,WMI,100,1990,10,105,5.328942950136788e-15,1.7763568394002505e-15,4.060001811012626e-05
3314,ISM,100,1990,10,105,0.18381732684955887,0.011886113241340368,0.00021719999494962394
3315,DI,100,1990,10,106,5.127239510882208e-15,1.9984014443252818e-15,0.0005483000131789595
3316,WMI,100,1990,10,106,5.328942950136788e-15,1.7763568394002505e-15,4.529999569058418e-05
3317,ISM,100,1990,10,106,0.18381732684955887,0.011886113241340368,0.0002170999941881746
3318,DI,100,1990,10,107,5.127239510882208e-15,1.9984014443252818e-15,0.0005679000169038773
3319,WMI,100,1990,10,107,5.328942950136788e-15,1.7763568394002505e-15,3.9300008211284876e-05
3320,ISM,100,1990,10,107,0.18381732684955887,0.011886113241340368,0.0002148000057786703
3321,DI,100,1990,10,108,5.127239510882208e-15,1.9984014443252818e-15,0.0005457999941427261
3322,WMI,100,1990,10,108,5.328942950136788e-15,1.7763568394002505e-15,4.0700018871575594e-05
3323,ISM,100,1990,10,108,0.18381732684955887,0.011886113241340368,0.00021649998961947858
3324,DI,100,1990,10,109,5.127239510882208e-15,1.9984014443252818e-15,0.0005327000108081847
3325,WMI,100,1990,10,109,5.328942950136788e-15,1.7763568394002505e-15,4.099999205209315e-05
3326,ISM,100,1990,10,109,0.18381732684955887,0.011886113241340368,0.0002164000179618597
3327,DI,100,1990,10,110,5.127239510882208e-15,1.9984014443252818e-15,0.0005876999930478632
3328,WMI,100,1990,10,110,5.328942950136788e-15,1.7763568394002505e-15,4.639997496269643e-05
3329,ISM,100,1990,10,110,0.18381732684955887,0.011886113241340368,0.0002169000217691064
3330,DI,100,1990,10,111,5.127239510882208e-15,1.9984014443252818e-15,0.0004363000043667853
3331,WMI,100,1990,10,111,5.328942950136788e-15,1.7763568394002505e-15,4.159999662078917e-05
3332,ISM,100,1990,10,111,0.18381732684955887,0.011886113241340368,0.0002204999909736216
3333,DI,100,1990,10,112,5.127239510882208e-15,1.9984014443252818e-15,0.0005875999922864139
3334,WMI,100,1990,10,112,5.328942950136788e-15,1.7763568394002505e-15,5.080000846646726e-05
3335,ISM,100,1990,10,112,0.18381732684955887,0.011886113241340368,0.000221800000872463
3336,DI,100,1990,10,113,5.127239510882208e-15,1.9984014443252818e-15,0.0005723999929614365
3337,WMI,100,1990,10,113,5.328942950136788e-15,1.7763568394002505e-15,4.719998105429113e-05
3338,ISM,100,1990,10,113,0.18381732684955887,0.011886113241340368,0.0002175999979954213
3339,DI,100,1990,10,114,5.127239510882208e-15,1.9984014443252818e-15,0.000899200007552281
3340,WMI,100,1990,10,114,5.328942950136788e-15,1.7763568394002505e-15,5.210001836530864e-05
3341,ISM,100,1990,10,114,0.18381732684955887,0.011886113241340368,0.0002235999854747206
3342,DI,100,1990,10,115,5.127239510882208e-15,1.9984014443252818e-15,0.0005441000103019178
3343,WMI,100,1990,10,115,5.328942950136788e-15,1.7763568394002505e-15,4.3599982745945454e-05
3344,ISM,100,1990,10,115,0.18381732684955887,0.011886113241340368,0.00021779999951831996
3345,DI,100,1990,10,116,5.127239510882208e-15,1.9984014443252818e-15,0.0005727999960072339
3346,WMI,100,1990,10,116,5.328942950136788e-15,1.7763568394002505e-15,4.839999019168317e-05
3347,ISM,100,1990,10,116,0.18381732684955887,0.011886113241340368,0.00022330001229420304
3348,DI,100,1990,10,117,5.127239510882208e-15,1.9984014443252818e-15,0.0005554000090342015
3349,WMI,100,1990,10,117,5.328942950136788e-15,1.7763568394002505e-15,4.460001946426928e-05
3350,ISM,100,1990,10,117,0.18381732684955887,0.011886113241340368,0.00021779999951831996
3351,DI,100,1990,10,118,5.127239510882208e-15,1.9984014443252818e-15,0.00060450000455603
3352,WMI,100,1990,10,118,5.328942950136788e-15,1.7763568394002505e-15,4.390001413412392e-05
3353,ISM,100,1990,10,118,0.18381732684955887,0.011886113241340368,0.00021729999571107328
3354,DI,100,1990,10,119,5.127239510882208e-15,1.9984014443252818e-15,0.0005723999929614365
3355,WMI,100,1990,10,119,5.328942950136788e-15,1.7763568394002505e-15,4.230000195093453e-05
3356,ISM,100,1990,10,119,0.18381732684955887,0.011886113241340368,0.00021619998733513057
3357,DI,100,1990,10,120,5.127239510882208e-15,1.9984014443252818e-15,0.0005615000263787806
3358,WMI,100,1990,10,120,5.328942950136788e-15,1.7763568394002505e-15,4.089999129064381e-05
3359,ISM,100,1990,10,120,0.18381732684955887,0.011886113241340368,0.00021609998657368124
3360,DI,100,1990,10,121,5.127239510882208e-15,1.9984014443252818e-15,0.0005743000074289739
3361,WMI,100,1990,10,121,5.328942950136788e-15,1.7763568394002505e-15,4.05999890062958e-05
3362,ISM,100,1990,10,121,0.18381732684955887,0.011886113241340368,0.00021659999038092792
3363,DI,100,1990,10,122,5.127239510882208e-15,1.9984014443252818e-15,0.000533199985511601
3364,WMI,100,1990,10,122,5.328942950136788e-15,1.7763568394002505e-15,3.8300000596791506e-05
3365,ISM,100,1990,10,122,0.18381732684955887,0.011886113241340368,0.00021550001110881567
3366,DI,100,1990,10,123,5.127239510882208e-15,1.9984014443252818e-15,0.0005765999958384782
3367,WMI,100,1990,10,123,5.328942950136788e-15,1.7763568394002505e-15,4.05999890062958e-05
3368,ISM,100,1990,10,123,0.18381732684955887,0.011886113241340368,0.00021699999342672527
3369,DI,100,1990,10,124,5.127239510882208e-15,1.9984014443252818e-15,0.0005552999791689217
3370,WMI,100,1990,10,124,5.328942950136788e-15,1.7763568394002505e-15,4.569999873638153e-05
3371,ISM,100,1990,10,124,0.18381732684955887,0.011886113241340368,0.00021810000180266798
3372,DI,100,1990,10,125,5.127239510882208e-15,1.9984014443252818e-15,0.00048519999836571515
3373,WMI,100,1990,10,125,5.328942950136788e-15,1.7763568394002505e-15,4.839999019168317e-05
3374,ISM,100,1990,10,125,0.18381732684955887,0.011886113241340368,0.00021959998412057757
3375,DI,100,1990,10,126,5.127239510882208e-15,1.9984014443252818e-15,0.0006276000058278441
3376,WMI,100,1990,10,126,5.328942950136788e-15,1.7763568394002505e-15,5.0300004659220576e-05
3377,ISM,100,1990,10,126,0.18381732684955887,0.011886113241340368,0.00022419999004341662
3378,DI,100,1990,10,127,5.127239510882208e-15,1.9984014443252818e-15,0.0006413999944925308
3379,WMI,100,1990,10,127,5.328942950136788e-15,1.7763568394002505e-15,4.600000102072954e-05
3380,ISM,100,1990,10,127,0.18381732684955887,0.011886113241340368,0.000218700006371364
3381,DI,100,1990,10,128,5.127239510882208e-15,1.9984014443252818e-15,0.0005797000194434077
3382,WMI,100,1990,10,128,5.328942950136788e-15,1.7763568394002505e-15,4.199999966658652e-05
3383,ISM,100,1990,10,128,0.18381732684955887,0.011886113241340368,0.00021649998961947858
3384,DI,100,1990,10,129,5.127239510882208e-15,1.9984014443252818e-15,0.0006073999975342304
3385,WMI,100,1990,10,129,5.328942950136788e-15,1.7763568394002505e-15,4.579999949783087e-05
3386,ISM,100,1990,10,129,0.18381732684955887,0.011886113241340368,0.000219000008655712
3387,DI,100,1990,10,130,5.127239510882208e-15,1.9984014443252818e-15,0.0005663000047206879
3388,WMI,100,1990,10,130,5.328942950136788e-15,1.7763568394002505e-15,4.270000499673188e-05
3389,ISM,100,1990,10,130,0.18381732684955887,0.011886113241340368,0.00021649998961947858
3390,DI,100,1990,10,131,5.127239510882208e-15,1.9984014443252818e-15,0.0005464999994728714
3391,WMI,100,1990,10,131,5.328942950136788e-15,1.7763568394002505e-15,4.199999966658652e-05
3392,ISM,100,1990,10,131,0.18381732684955887,0.011886113241340368,0.00021650001872330904
3393,DI,100,1990,10,132,5.127239510882208e-15,1.9984014443252818e-15,0.00060450000455603
3394,WMI,100,1990,10,132,5.328942950136788e-15,1.7763568394002505e-15,4.640000406652689e-05
3395,ISM,100,1990,10,132,0.18381732684955887,0.011886113241340368,0.00021960001322440803
3396,DI,100,1990,10,133,5.127239510882208e-15,1.9984014443252818e-15,0.0005909999890718609
3397,WMI,100,1990,10,133,5.328942950136788e-15,1.7763568394002505e-15,4.329998046159744e-05
3398,ISM,100,1990,10,133,0.18381732684955887,0.011886113241340368,0.00021730002481490374
3399,DI,100,1990,10,134,5.127239510882208e-15,1.9984014443252818e-15,0.0006031999946571887
3400,WMI,100,1990,10,134,5.328942950136788e-15,1.7763568394002505e-15,4.390001413412392e-05
3401,ISM,100,1990,10,134,0.18381732684955887,0.011886113241340368,0.00021739999647252262
3402,DI,100,1990,10,135,5.127239510882208e-15,1.9984014443252818e-15,0.0005922000273130834
3403,WMI,100,1990,10,135,5.328942950136788e-15,1.7763568394002505e-15,3.929997910745442e-05
3404,ISM,100,1990,10,135,0.18381732684955887,0.011886113241340368,0.00021660001948475838
3405,DI,100,1990,10,136,5.127239510882208e-15,1.9984014443252818e-15,0.0005713000136893243
3406,WMI,100,1990,10,136,5.328942950136788e-15,1.7763568394002505e-15,4.4599990360438824e-05
3407,ISM,100,1990,10,136,0.18381732684955887,0.011886113241340368,0.00021669999114237726
3408,DI,100,1990,10,137,5.127239510882208e-15,1.9984014443252818e-15,0.0005793000163976103
3409,WMI,100,1990,10,137,5.328942950136788e-15,1.7763568394002505e-15,4.25000034738332e-05
3410,ISM,100,1990,10,137,0.18381732684955887,0.011886113241340368,0.00021570001263171434
3411,DI,100,1990,10,138,5.127239510882208e-15,1.9984014443252818e-15,0.0004736000264529139
3412,WMI,100,1990,10,138,5.328942950136788e-15,1.7763568394002505e-15,3.880000440403819e-05
3413,ISM,100,1990,10,138,0.18381732684955887,0.011886113241340368,0.0004437999741639942
3414,DI,100,1990,10,139,5.127239510882208e-15,1.9984014443252818e-15,0.0005423999973572791
3415,WMI,100,1990,10,139,5.328942950136788e-15,1.7763568394002505e-15,4.370001261122525e-05
3416,ISM,100,1990,10,139,0.18381732684955887,0.011886113241340368,0.00021510000806301832
3417,DI,100,1990,10,140,5.127239510882208e-15,1.9984014443252818e-15,0.0005375999899115413
3418,WMI,100,1990,10,140,5.328942950136788e-15,1.7763568394002505e-15,4.429998807609081e-05
3419,ISM,100,1990,10,140,0.18381732684955887,0.011886113241340368,0.0002266000083182007
3420,DI,100,1990,10,141,5.127239510882208e-15,1.9984014443252818e-15,0.0005524999869521707
3421,WMI,100,1990,10,141,5.328942950136788e-15,1.7763568394002505e-15,4.770001396536827e-05
3422,ISM,100,1990,10,141,0.18381732684955887,0.011886113241340368,0.00021899997955188155
3423,DI,100,1990,10,142,5.127239510882208e-15,1.9984014443252818e-15,0.0005821000086143613
3424,WMI,100,1990,10,142,5.328942950136788e-15,1.7763568394002505e-15,4.300000728107989e-05
3425,ISM,100,1990,10,142,0.18381732684955887,0.011886113241340368,0.00021779999951831996
3426,DI,100,1990,10,143,5.127239510882208e-15,1.9984014443252818e-15,0.0005210000090301037
3427,WMI,100,1990,10,143,5.328942950136788e-15,1.7763568394002505e-15,3.920000744983554e-05
3428,ISM,100,1990,10,143,0.18381732684955887,0.011886113241340368,0.00021529998048208654
3429,DI,100,1990,10,144,5.127239510882208e-15,1.9984014443252818e-15,0.0005788000125903636
3430,WMI,100,1990,10,144,5.328942950136788e-15,1.7763568394002505e-15,4.6200002543628216e-05
3431,ISM,100,1990,10,144,0.18381732684955887,0.011886113241340368,0.00021659999038092792
3432,DI,100,1990,10,145,5.127239510882208e-15,1.9984014443252818e-15,0.0005727999960072339
3433,WMI,100,1990,10,145,5.328942950136788e-15,1.7763568394002505e-15,4.299997817724943e-05
3434,ISM,100,1990,10,145,0.18381732684955887,0.011886113241340368,0.00021659999038092792
3435,DI,100,1990,10,146,5.127239510882208e-15,1.9984014443252818e-15,0.000585400004638359
3436,WMI,100,1990,10,146,5.328942950136788e-15,1.7763568394002505e-15,4.4500018702819943e-05
3437,ISM,100,1990,10,146,0.18381732684955887,0.011886113241340368,0.0002175999979954213
3438,DI,100,1990,10,147,5.127239510882208e-15,1.9984014443252818e-15,0.0006001000001560897
3439,WMI,100,1990,10,147,5.328942950136788e-15,1.7763568394002505e-15,4.3599982745945454e-05
3440,ISM,100,1990,10,147,0.18381732684955887,0.011886113241340368,0.00021809997269883752
3441,DI,100,1990,10,148,5.127239510882208e-15,1.9984014443252818e-15,0.000582600012421608
3442,WMI,100,1990,10,148,5.328942950136788e-15,1.7763568394002505e-15,4.369998350739479e-05
3443,ISM,100,1990,10,148,0.18381732684955887,0.011886113241340368,0.00021680002100765705
3444,DI,100,1990,10,149,5.127239510882208e-15,1.9984014443252818e-15,0.0005601000157184899
3445,WMI,100,1990,10,149,5.328942950136788e-15,1.7763568394002505e-15,4.129999433644116e-05
3446,ISM,100,1990,10,149,0.18381732684955887,0.011886113241340368,0.0002167999919038266
3447,DI,100,1990,10,150,5.127239510882208e-15,1.9984014443252818e-15,0.0005741000059060752
3448,WMI,100,1990,10,150,5.328942950136788e-15,1.7763568394002505e-15,4.400001489557326e-05
3449,ISM,100,1990,10,150,0.18381732684955887,0.011886113241340368,0.00021779999951831996
3450,DI,100,1990,10,151,5.127239510882208e-15,1.9984014443252818e-15,0.0005757000180892646
3451,WMI,100,1990,10,151,5.328942950136788e-15,1.7763568394002505e-15,4.1300023440271616e-05
3452,ISM,100,1990,10,151,0.18381732684955887,0.011886113241340368,0.0002161000156775117
3453,DI,100,1990,10,152,5.127239510882208e-15,1.9984014443252818e-15,0.0007367999933194369
3454,WMI,100,1990,10,152,5.328942950136788e-15,1.7763568394002505e-15,4.5599997974932194e-05
3455,ISM,100,1990,10,152,0.18381732684955887,0.011886113241340368,0.00021779999951831996
3456,DI,100,1990,10,153,5.127239510882208e-15,1.9984014443252818e-15,0.0006578000029549003
3457,WMI,100,1990,10,153,5.328942950136788e-15,1.7763568394002505e-15,4.8699992476031184e-05
3458,ISM,100,1990,10,153,0.18381732684955887,0.011886113241340368,0.0002891999902203679
3459,DI,100,1990,10,154,5.127239510882208e-15,1.9984014443252818e-15,0.00120749999769032
3460,WMI,100,1990,10,154,5.328942950136788e-15,1.7763568394002505e-15,5.57999883312732e-05
3461,ISM,100,1990,10,154,0.18381732684955887,0.011886113241340368,0.00022390001686289907
3462,DI,100,1990,10,155,5.127239510882208e-15,1.9984014443252818e-15,0.0005660000024363399
3463,WMI,100,1990,10,155,5.328942950136788e-15,1.7763568394002505e-15,4.47999918833375e-05
3464,ISM,100,1990,10,155,0.18381732684955887,0.011886113241340368,0.00021810000180266798
3465,DI,100,1990,10,156,5.127239510882208e-15,1.9984014443252818e-15,0.0005611999949906021
3466,WMI,100,1990,10,156,5.328942950136788e-15,1.7763568394002505e-15,4.040001658722758e-05
3467,ISM,100,1990,10,156,0.18381732684955887,0.011886113241340368,0.00021609998657368124
3468,DI,100,1990,10,157,5.127239510882208e-15,1.9984014443252818e-15,0.0006088000081945211
3469,WMI,100,1990,10,157,5.328942950136788e-15,1.7763568394002505e-15,4.149999585933983e-05
3470,ISM,100,1990,10,157,0.18381732684955887,0.011886113241340368,0.00021689999266527593
3471,DI,100,1990,10,158,5.127239510882208e-15,1.9984014443252818e-15,0.0006659000064246356
3472,WMI,100,1990,10,158,5.328942950136788e-15,1.7763568394002505e-15,4.1799998143687844e-05
3473,ISM,100,1990,10,158,0.18381732684955887,0.011886113241340368,0.0002167999919038266
3474,DI,100,1990,10,159,5.127239510882208e-15,1.9984014443252818e-15,0.0005190999945625663
3475,WMI,100,1990,10,159,5.328942950136788e-15,1.7763568394002505e-15,4.830001853406429e-05
3476,ISM,100,1990,10,159,0.18381732684955887,0.011886113241340368,0.0002198000147473067
3477,DI,100,1990,10,160,5.127239510882208e-15,1.9984014443252818e-15,0.0006207000114955008
3478,WMI,100,1990,10,160,5.328942950136788e-15,1.7763568394002505e-15,5.2300019888207316e-05
3479,ISM,100,1990,10,160,0.18381732684955887,0.011886113241340368,0.00021849997574463487
3480,DI,100,1990,10,161,5.127239510882208e-15,1.9984014443252818e-15,0.0005700000037904829
3481,WMI,100,1990,10,161,5.328942950136788e-15,1.7763568394002505e-15,4.39999857917428e-05
3482,ISM,100,1990,10,161,0.18381732684955887,0.011886113241340368,0.00021779999951831996
3483,DI,100,1990,10,162,5.127239510882208e-15,1.9984014443252818e-15,0.0005776000034529716
3484,WMI,100,1990,10,162,5.328942950136788e-15,1.7763568394002505e-15,4.530002479441464e-05
3485,ISM,100,1990,10,162,0.18381732684955887,0.011886113241340368,0.00021689999266527593
3486,DI,100,1990,10,163,5.127239510882208e-15,1.9984014443252818e-15,0.000585400004638359
3487,WMI,100,1990,10,163,5.328942950136788e-15,1.7763568394002505e-15,4.260000423528254e-05
3488,ISM,100,1990,10,163,0.18381732684955887,0.011886113241340368,0.00021729999571107328
3489,DI,100,1990,10,164,5.127239510882208e-15,1.9984014443252818e-15,0.000579800020204857
3490,WMI,100,1990,10,164,5.328942950136788e-15,1.7763568394002505e-15,4.500002251006663e-05
3491,ISM,100,1990,10,164,0.18381732684955887,0.011886113241340368,0.0002162999880965799
3492,DI,100,1990,10,165,5.127239510882208e-15,1.9984014443252818e-15,0.0005978999834042042
3493,WMI,100,1990,10,165,5.328942950136788e-15,1.7763568394002505e-15,4.379998426884413e-05
3494,ISM,100,1990,10,165,0.18381732684955887,0.011886113241340368,0.0002237000153400004
3495,DI,100,1990,10,166,5.127239510882208e-15,1.9984014443252818e-15,0.0005577999982051551
3496,WMI,100,1990,10,166,5.328942950136788e-15,1.7763568394002505e-15,7.01999815646559e-05
3497,ISM,100,1990,10,166,0.18381732684955887,0.011886113241340368,0.0002246999938506633
3498,DI,100,1990,10,167,5.127239510882208e-15,1.9984014443252818e-15,0.001047199999447912
3499,WMI,100,1990,10,167,5.328942950136788e-15,1.7763568394002505e-15,0.00016980001237243414
3500,ISM,100,1990,10,167,0.18381732684955887,0.011886113241340368,0.0007802000036463141
3501,DI,100,1990,10,168,5.127239510882208e-15,1.9984014443252818e-15,0.0007104999967850745
3502,WMI,100,1990,10,168,5.328942950136788e-15,1.7763568394002505e-15,0.00014290001126937568
3503,ISM,100,1990,10,168,0.18381732684955887,0.011886113241340368,0.0007359999872278422
3504,DI,100,1990,10,169,5.127239510882208e-15,1.9984014443252818e-15,0.0006672999879810959
3505,WMI,100,1990,10,169,5.328942950136788e-15,1.7763568394002505e-15,5.119998240843415e-05
3506,ISM,100,1990,10,169,0.18381732684955887,0.011886113241340368,0.00022119999630376697
3507,DI,100,1990,10,170,5.127239510882208e-15,1.9984014443252818e-15,0.000665400002617389
3508,WMI,100,1990,10,170,5.328942950136788e-15,1.7763568394002505e-15,0.00012349997996352613
3509,ISM,100,1990,10,170,0.18381732684955887,0.011886113241340368,0.0006744000129401684
3510,DI,100,1990,10,171,5.127239510882208e-15,1.9984014443252818e-15,0.0006653000018559396
3511,WMI,100,1990,10,171,5.328942950136788e-15,1.7763568394002505e-15,4.8299989430233836e-05
3512,ISM,100,1990,10,171,0.18381732684955887,0.011886113241340368,0.0002182000025641173
3513,DI,100,1990,10,172,5.127239510882208e-15,1.9984014443252818e-15,0.0007547000132035464
3514,WMI,100,1990,10,172,5.328942950136788e-15,1.7763568394002505e-15,4.279997665435076e-05
3515,ISM,100,1990,10,172,0.18381732684955887,0.011886113241340368,0.0004929999995511025
3516,DI,100,1990,10,173,5.127239510882208e-15,1.9984014443252818e-15,0.0006699000077787787
3517,WMI,100,1990,10,173,5.328942950136788e-15,1.7763568394002505e-15,4.3599982745945454e-05
3518,ISM,100,1990,10,173,0.18381732684955887,0.011886113241340368,0.00025599999935366213
3519,DI,100,1990,10,174,5.127239510882208e-15,1.9984014443252818e-15,0.001371499995002523
3520,WMI,100,1990,10,174,5.328942950136788e-15,1.7763568394002505e-15,5.8600009651854634e-05
3521,ISM,100,1990,10,174,0.18381732684955887,0.011886113241340368,0.00024510000366717577
3522,DI,100,1990,10,175,5.127239510882208e-15,1.9984014443252818e-15,0.0007517999911215156
3523,WMI,100,1990,10,175,5.328942950136788e-15,1.7763568394002505e-15,0.00010890001431107521
3524,ISM,100,1990,10,175,0.18381732684955887,0.011886113241340368,0.0002503999858163297
3525,DI,100,1990,10,176,5.127239510882208e-15,1.9984014443252818e-15,0.0006536000000778586
3526,WMI,100,1990,10,176,5.328942950136788e-15,1.7763568394002505e-15,5.569998756982386e-05
3527,ISM,100,1990,10,176,0.18381732684955887,0.011886113241340368,0.0006767000013496727
3528,DI,100,1990,10,177,5.127239510882208e-15,1.9984014443252818e-15,0.0009178000036627054
3529,WMI,100,1990,10,177,5.328942950136788e-15,1.7763568394002505e-15,4.709998029284179e-05
3530,ISM,100,1990,10,177,0.18381732684955887,0.011886113241340368,0.00022040001931600273
3531,DI,100,1990,10,178,5.127239510882208e-15,1.9984014443252818e-15,0.0006813999789301306
3532,WMI,100,1990,10,178,5.328942950136788e-15,1.7763568394002505e-15,9.630000567995012e-05
3533,ISM,100,1990,10,178,0.18381732684955887,0.011886113241340368,0.00046140002086758614
3534,DI,100,1990,10,179,5.127239510882208e-15,1.9984014443252818e-15,0.0007535999757237732
3535,WMI,100,1990,10,179,5.328942950136788e-15,1.7763568394002505e-15,9.280000813305378e-05
3536,ISM,100,1990,10,179,0.18381732684955887,0.011886113241340368,0.0004735999973490834
3537,DI,100,1990,10,180,5.127239510882208e-15,1.9984014443252818e-15,0.0007653000066056848
3538,WMI,100,1990,10,180,5.328942950136788e-15,1.7763568394002505e-15,9.049999061971903e-05
3539,ISM,100,1990,10,180,0.18381732684955887,0.011886113241340368,0.0004813999985344708
3540,DI,100,1990,10,181,5.127239510882208e-15,1.9984014443252818e-15,0.0007405999931506813
3541,WMI,100,1990,10,181,5.328942950136788e-15,1.7763568394002505e-15,4.919999628327787e-05
3542,ISM,100,1990,10,181,0.18381732684955887,0.011886113241340368,0.0004927999980282038
3543,DI,100,1990,10,182,5.127239510882208e-15,1.9984014443252818e-15,0.0008086999878287315
3544,WMI,100,1990,10,182,5.328942950136788e-15,1.7763568394002505e-15,9.379998664371669e-05
3545,ISM,100,1990,10,182,0.18381732684955887,0.011886113241340368,0.0005118999979458749
3546,DI,100,1990,10,183,5.127239510882208e-15,1.9984014443252818e-15,0.0007627000159118325
3547,WMI,100,1990,10,183,5.328942950136788e-15,1.7763568394002505e-15,8.980001439340413e-05
3548,ISM,100,1990,10,183,0.18381732684955887,0.011886113241340368,0.0005022000113967806
3549,DI,100,1990,10,184,5.127239510882208e-15,1.9984014443252818e-15,0.0008022999973036349
3550,WMI,100,1990,10,184,5.328942950136788e-15,1.7763568394002505e-15,8.399999933317304e-05
3551,ISM,100,1990,10,184,0.18381732684955887,0.011886113241340368,0.0004882999928668141
3552,DI,100,1990,10,185,5.127239510882208e-15,1.9984014443252818e-15,0.000770699989516288
3553,WMI,100,1990,10,185,5.328942950136788e-15,1.7763568394002505e-15,8.869997691363096e-05
3554,ISM,100,1990,10,185,0.18381732684955887,0.011886113241340368,0.0005048000020906329
3555,DI,100,1990,10,186,5.127239510882208e-15,1.9984014443252818e-15,0.000758999987738207
3556,WMI,100,1990,10,186,5.328942950136788e-15,1.7763568394002505e-15,5.900001269765198e-05
3557,ISM,100,1990,10,186,0.18381732684955887,0.011886113241340368,0.0002789999998640269
3558,DI,100,1990,10,187,5.127239510882208e-15,1.9984014443252818e-15,0.0007513000164180994
3559,WMI,100,1990,10,187,5.328942950136788e-15,1.7763568394002505e-15,4.7600013203918934e-05
3560,ISM,100,1990,10,187,0.18381732684955887,0.011886113241340368,0.00025859999004751444
3561,DI,100,1990,10,188,5.127239510882208e-15,1.9984014443252818e-15,0.0007898999901954085
3562,WMI,100,1990,10,188,5.328942950136788e-15,1.7763568394002505e-15,4.73999825771898e-05
3563,ISM,100,1990,10,188,0.18381732684955887,0.011886113241340368,0.00021769999875687063
3564,DI,100,1990,10,189,5.127239510882208e-15,1.9984014443252818e-15,0.0006840999994892627
3565,WMI,100,1990,10,189,5.328942950136788e-15,1.7763568394002505e-15,8.980001439340413e-05
3566,ISM,100,1990,10,189,0.18381732684955887,0.011886113241340368,0.0004796000139322132
3567,DI,100,1990,10,190,5.127239510882208e-15,1.9984014443252818e-15,0.000750300008803606
3568,WMI,100,1990,10,190,5.328942950136788e-15,1.7763568394002505e-15,8.769999840296805e-05
3569,ISM,100,1990,10,190,0.18381732684955887,0.011886113241340368,0.0005257000157143921
3570,DI,100,1990,10,191,5.127239510882208e-15,1.9984014443252818e-15,0.0007303000020328909
3571,WMI,100,1990,10,191,5.328942950136788e-15,1.7763568394002505e-15,6.229997961781919e-05
3572,ISM,100,1990,10,191,0.18381732684955887,0.011886113241340368,0.00030800001695752144
3573,DI,100,1990,10,192,5.127239510882208e-15,1.9984014443252818e-15,0.0009135000000242144
3574,WMI,100,1990,10,192,5.328942950136788e-15,1.7763568394002505e-15,9.929999941959977e-05
3575,ISM,100,1990,10,192,0.18381732684955887,0.011886113241340368,0.0004921000218018889
3576,DI,100,1990,10,193,5.127239510882208e-15,1.9984014443252818e-15,0.0008211999956984073
3577,WMI,100,1990,10,193,5.328942950136788e-15,1.7763568394002505e-15,6.19000056758523e-05
3578,ISM,100,1990,10,193,0.18381732684955887,0.011886113241340368,0.0005070000188425183
3579,DI,100,1990,10,194,5.127239510882208e-15,1.9984014443252818e-15,0.0008169999928213656
3580,WMI,100,1990,10,194,5.328942950136788e-15,1.7763568394002505e-15,0.00010030000703409314
3581,ISM,100,1990,10,194,0.18381732684955887,0.011886113241340368,0.0004952999879606068
3582,DI,100,1990,10,195,5.127239510882208e-15,1.9984014443252818e-15,0.0010665000008884817
3583,WMI,100,1990,10,195,5.328942950136788e-15,1.7763568394002505e-15,5.880001117475331e-05
3584,ISM,100,1990,10,195,0.18381732684955887,0.011886113241340368,0.0004884999943897128
3585,DI,100,1990,10,196,5.127239510882208e-15,1.9984014443252818e-15,0.0010070999851450324
3586,WMI,100,1990,10,196,5.328942950136788e-15,1.7763568394002505e-15,9.880002471618354e-05
3587,ISM,100,1990,10,196,0.18381732684955887,0.011886113241340368,0.0004888999974355102
3588,DI,100,1990,10,197,5.127239510882208e-15,1.9984014443252818e-15,0.0008439999946858734
3589,WMI,100,1990,10,197,5.328942950136788e-15,1.7763568394002505e-15,5.880001117475331e-05
3590,ISM,100,1990,10,197,0.18381732684955887,0.011886113241340368,0.0004636000085156411
3591,DI,100,1990,10,198,5.127239510882208e-15,1.9984014443252818e-15,0.0009941000025719404
3592,WMI,100,1990,10,198,5.328942950136788e-15,1.7763568394002505e-15,9.630000567995012e-05
3593,ISM,100,1990,10,198,0.18381732684955887,0.011886113241340368,0.0004958999925293028
3594,DI,100,1990,10,199,5.127239510882208e-15,1.9984014443252818e-15,0.0008406999986618757
3595,WMI,100,1990,10,199,5.328942950136788e-15,1.7763568394002505e-15,6.729998858645558e-05
3596,ISM,100,1990,10,199,0.18381732684955887,0.011886113241340368,0.0005102000141050667
3597,DI,100,1990,10,200,5.127239510882208e-15,1.9984014443252818e-15,0.0008970999915618449
3598,WMI,100,1990,10,200,5.328942950136788e-15,1.7763568394002505e-15,9.479999425821006e-05
3599,ISM,100,1990,10,200,0.18381732684955887,0.011886113241340368,0.0004944000102113932
3600,DI,100,1980,20,1,5.069154782393903e-15,1.5543122344752192e-15,0.001014099980238825
3601,WMI,100,1980,20,1,5.048148082127042e-15,1.1102230246251565e-15,0.00029510000604204834
3602,ISM,100,1980,20,1,0.2724134608509304,0.02483659070157529,0.0006480999873019755
3603,DI,100,1980,20,2,5.069154782393903e-15,1.5543122344752192e-15,0.0013703999866265804
3604,WMI,100,1980,20,2,5.048148082127042e-15,1.1102230246251565e-15,0.0003032000095117837
3605,ISM,100,1980,20,2,0.2724134608509304,0.02483659070157529,0.0005776000034529716
3606,DI,100,1980,20,3,5.069154782393903e-15,1.5543122344752192e-15,0.0008782999939285219
3607,WMI,100,1980,20,3,5.048148082127042e-15,1.1102230246251565e-15,0.00023689999943599105
3608,ISM,100,1980,20,3,0.2724134608509304,0.02483659070157529,0.0005003999976906925
3609,DI,100,1980,20,4,5.069154782393903e-15,1.5543122344752192e-15,0.000827899988507852
3610,WMI,100,1980,20,4,5.048148082127042e-15,1.1102230246251565e-15,0.00022600000374950469
3611,ISM,100,1980,20,4,0.2724134608509304,0.02483659070157529,0.000447300000814721
3612,DI,100,1980,20,5,5.069154782393903e-15,1.5543122344752192e-15,0.0007858000171836466
3613,WMI,100,1980,20,5,5.048148082127042e-15,1.1102230246251565e-15,0.00021050000214017928
3614,ISM,100,1980,20,5,0.2724134608509304,0.02483659070157529,0.0004318999999668449
3615,DI,100,1980,20,6,5.069154782393903e-15,1.5543122344752192e-15,0.0007193000055849552
3616,WMI,100,1980,20,6,5.048148082127042e-15,1.1102230246251565e-15,0.00025359998107887805
3617,ISM,100,1980,20,6,0.2724134608509304,0.02483659070157529,0.0016024999786168337
3618,DI,100,1980,20,7,5.069154782393903e-15,1.5543122344752192e-15,0.0008029000018723309
3619,WMI,100,1980,20,7,5.048148082127042e-15,1.1102230246251565e-15,0.00024209998082369566
3620,ISM,100,1980,20,7,0.2724134608509304,0.02483659070157529,0.001041999988956377
3621,DI,100,1980,20,8,5.069154782393903e-15,1.5543122344752192e-15,0.0006938999867998064
3622,WMI,100,1980,20,8,5.048148082127042e-15,1.1102230246251565e-15,0.00023430000874213874
3623,ISM,100,1980,20,8,0.2724134608509304,0.02483659070157529,0.0006676000193692744
3624,DI,100,1980,20,9,5.069154782393903e-15,1.5543122344752192e-15,0.0008754000009503216
3625,WMI,100,1980,20,9,5.048148082127042e-15,1.1102230246251565e-15,0.0001382000045850873
3626,ISM,100,1980,20,9,0.2724134608509304,0.02483659070157529,0.0004304999893065542
3627,DI,100,1980,20,10,5.069154782393903e-15,1.5543122344752192e-15,0.0008221000025514513
3628,WMI,100,1980,20,10,5.048148082127042e-15,1.1102230246251565e-15,0.00019150000298395753
3629,ISM,100,1980,20,10,0.2724134608509304,0.02483659070157529,0.0007362000178545713
3630,DI,100,1980,20,11,5.069154782393903e-15,1.5543122344752192e-15,0.0006847000040579587
3631,WMI,100,1980,20,11,5.048148082127042e-15,1.1102230246251565e-15,0.00015490001533180475
3632,ISM,100,1980,20,11,0.2724134608509304,0.02483659070157529,0.0006165000086184591
3633,DI,100,1980,20,12,5.069154782393903e-15,1.5543122344752192e-15,0.0006431000074371696
3634,WMI,100,1980,20,12,5.048148082127042e-15,1.1102230246251565e-15,0.00010870001278817654
3635,ISM,100,1980,20,12,0.2724134608509304,0.02483659070157529,0.0004386999935377389
3636,DI,100,1980,20,13,5.069154782393903e-15,1.5543122344752192e-15,0.0005770999996457249
3637,WMI,100,1980,20,13,5.048148082127042e-15,1.1102230246251565e-15,0.00012149999383836985
3638,ISM,100,1980,20,13,0.2724134608509304,0.02483659070157529,0.00042570001096464694
3639,DI,100,1980,20,14,5.069154782393903e-15,1.5543122344752192e-15,0.0007214000215753913
3640,WMI,100,1980,20,14,5.048148082127042e-15,1.1102230246251565e-15,0.00019599997904151678
3641,ISM,100,1980,20,14,0.2724134608509304,0.02483659070157529,0.00043590000132098794
3642,DI,100,1980,20,15,5.069154782393903e-15,1.5543122344752192e-15,0.0006113999988883734
3643,WMI,100,1980,20,15,5.048148082127042e-15,1.1102230246251565e-15,0.00015669999993406236
3644,ISM,100,1980,20,15,0.2724134608509304,0.02483659070157529,0.0005246000073384494
3645,DI,100,1980,20,16,5.069154782393903e-15,1.5543122344752192e-15,0.0006148999964352697
3646,WMI,100,1980,20,16,5.048148082127042e-15,1.1102230246251565e-15,0.0001272000081371516
3647,ISM,100,1980,20,16,0.2724134608509304,0.02483659070157529,0.0004324000037740916
3648,DI,100,1980,20,17,5.069154782393903e-15,1.5543122344752192e-15,0.0005237000004854053
3649,WMI,100,1980,20,17,5.048148082127042e-15,1.1102230246251565e-15,0.00015159999020397663
3650,ISM,100,1980,20,17,0.2724134608509304,0.02483659070157529,0.0004379000165499747
3651,DI,100,1980,20,18,5.069154782393903e-15,1.5543122344752192e-15,0.0005392000020947307
3652,WMI,100,1980,20,18,5.048148082127042e-15,1.1102230246251565e-15,0.00015789997996762395
3653,ISM,100,1980,20,18,0.2724134608509304,0.02483659070157529,0.0004428999964147806
3654,DI,100,1980,20,19,5.069154782393903e-15,1.5543122344752192e-15,0.0005855000053998083
3655,WMI,100,1980,20,19,5.048148082127042e-15,1.1102230246251565e-15,0.00012589999823831022
3656,ISM,100,1980,20,19,0.2724134608509304,0.02483659070157529,0.0004264000162947923
3657,DI,100,1980,20,20,5.069154782393903e-15,1.5543122344752192e-15,0.0005574999959208071
3658,WMI,100,1980,20,20,5.048148082127042e-15,1.1102230246251565e-15,0.00013449997641146183
3659,ISM,100,1980,20,20,0.2724134608509304,0.02483659070157529,0.00042650001705624163
3660,DI,100,1980,20,21,5.069154782393903e-15,1.5543122344752192e-15,0.0005046000005677342
3661,WMI,100,1980,20,21,5.048148082127042e-15,1.1102230246251565e-15,0.00011900000390596688
3662,ISM,100,1980,20,21,0.2724134608509304,0.02483659070157529,0.0004529000143520534
3663,DI,100,1980,20,22,5.069154782393903e-15,1.5543122344752192e-15,0.0005595000111497939
3664,WMI,100,1980,20,22,5.048148082127042e-15,1.1102230246251565e-15,0.0001348000077996403
3665,ISM,100,1980,20,22,0.2724134608509304,0.02483659070157529,0.0004343999898992479
3666,DI,100,1980,20,23,5.069154782393903e-15,1.5543122344752192e-15,0.0005261999904178083
3667,WMI,100,1980,20,23,5.048148082127042e-15,1.1102230246251565e-15,0.00013309999485500157
3668,ISM,100,1980,20,23,0.2724134608509304,0.02483659070157529,0.00042550000944174826
3669,DI,100,1980,20,24,5.069154782393903e-15,1.5543122344752192e-15,0.0005885999999009073
3670,WMI,100,1980,20,24,5.048148082127042e-15,1.1102230246251565e-15,0.00012809998588636518
3671,ISM,100,1980,20,24,0.2724134608509304,0.02483659070157529,0.00042899997788481414
3672,DI,100,1980,20,25,5.069154782393903e-15,1.5543122344752192e-15,0.0005468000017572194
3673,WMI,100,1980,20,25,5.048148082127042e-15,1.1102230246251565e-15,0.00011890000314451754
3674,ISM,100,1980,20,25,0.2724134608509304,0.02483659070157529,0.0004304000176489353
3675,DI,100,1980,20,26,5.069154782393903e-15,1.5543122344752192e-15,0.0005426999996416271
3676,WMI,100,1980,20,26,5.048148082127042e-15,1.1102230246251565e-15,0.00011449999874457717
3677,ISM,100,1980,20,26,0.2724134608509304,0.02483659070157529,0.0004243000003043562
3678,DI,100,1980,20,27,5.069154782393903e-15,1.5543122344752192e-15,0.0005709999823011458
3679,WMI,100,1980,20,27,5.048148082127042e-15,1.1102230246251565e-15,0.00014779999037273228
3680,ISM,100,1980,20,27,0.2724134608509304,0.02483659070157529,0.00043489999370649457
3681,DI,100,1980,20,28,5.069154782393903e-15,1.5543122344752192e-15,0.0005533999938052148
3682,WMI,100,1980,20,28,5.048148082127042e-15,1.1102230246251565e-15,0.00014139999984763563
3683,ISM,100,1980,20,28,0.2724134608509304,0.02483659070157529,0.00042940001003444195
3684,DI,100,1980,20,29,5.069154782393903e-15,1.5543122344752192e-15,0.0005536999960895628
3685,WMI,100,1980,20,29,5.048148082127042e-15,1.1102230246251565e-15,0.00012589999823831022
3686,ISM,100,1980,20,29,0.2724134608509304,0.02483659070157529,0.0004573000187519938
3687,DI,100,1980,20,30,5.069154782393903e-15,1.5543122344752192e-15,0.0005666000070050359
3688,WMI,100,1980,20,30,5.048148082127042e-15,1.1102230246251565e-15,0.00016820000018924475
3689,ISM,100,1980,20,30,0.2724134608509304,0.02483659070157529,0.00043569999979808927
3690,DI,100,1980,20,31,5.069154782393903e-15,1.5543122344752192e-15,0.0005944999866187572
3691,WMI,100,1980,20,31,5.048148082127042e-15,1.1102230246251565e-15,0.00012119999155402184
3692,ISM,100,1980,20,31,0.2724134608509304,0.02483659070157529,0.00042910000775009394
3693,DI,100,1980,20,32,5.069154782393903e-15,1.5543122344752192e-15,0.0006710999878123403
3694,WMI,100,1980,20,32,5.048148082127042e-15,1.1102230246251565e-15,0.00010879998444579542
3695,ISM,100,1980,20,32,0.2724134608509304,0.02483659070157529,0.0004309999931138009
3696,DI,100,1980,20,33,5.069154782393903e-15,1.5543122344752192e-15,0.0005775000026915222
3697,WMI,100,1980,20,33,5.048148082127042e-15,1.1102230246251565e-15,0.00013990001752972603
3698,ISM,100,1980,20,33,0.2724134608509304,0.02483659070157529,0.0004301999870222062
3699,DI,100,1980,20,34,5.069154782393903e-15,1.5543122344752192e-15,0.0005463999987114221
3700,WMI,100,1980,20,34,5.048148082127042e-15,1.1102230246251565e-15,0.00011100000119768083
3701,ISM,100,1980,20,34,0.2724134608509304,0.02483659070157529,0.0004361999745015055
3702,DI,100,1980,20,35,5.069154782393903e-15,1.5543122344752192e-15,0.0005449000163935125
3703,WMI,100,1980,20,35,5.048148082127042e-15,1.1102230246251565e-15,0.00011340001947246492
3704,ISM,100,1980,20,35,0.2724134608509304,0.02483659070157529,0.0004327000060584396
3705,DI,100,1980,20,36,5.069154782393903e-15,1.5543122344752192e-15,0.0005308999971020967
3706,WMI,100,1980,20,36,5.048148082127042e-15,1.1102230246251565e-15,0.0001241999852936715
3707,ISM,100,1980,20,36,0.2724134608509304,0.02483659070157529,0.00042760002543218434
3708,DI,100,1980,20,37,5.069154782393903e-15,1.5543122344752192e-15,0.0005141000146977603
3709,WMI,100,1980,20,37,5.048148082127042e-15,1.1102230246251565e-15,0.00010969999129883945
3710,ISM,100,1980,20,37,0.2724134608509304,0.02483659070157529,0.0004329000075813383
3711,DI,100,1980,20,38,5.069154782393903e-15,1.5543122344752192e-15,0.0006407999899238348
3712,WMI,100,1980,20,38,5.048148082127042e-15,1.1102230246251565e-15,0.000162799988174811
3713,ISM,100,1980,20,38,0.2724134608509304,0.02483659070157529,0.00045590000809170306
3714,DI,100,1980,20,39,5.069154782393903e-15,1.5543122344752192e-15,0.0005489999894052744
3715,WMI,100,1980,20,39,5.048148082127042e-15,1.1102230246251565e-15,0.00012459998833946884
3716,ISM,100,1980,20,39,0.2724134608509304,0.02483659070157529,0.0004360000020824373
3717,DI,100,1980,20,40,5.069154782393903e-15,1.5543122344752192e-15,0.0005511000053957105
3718,WMI,100,1980,20,40,5.048148082127042e-15,1.1102230246251565e-15,0.00012599999899975955
3719,ISM,100,1980,20,40,0.2724134608509304,0.02483659070157529,0.0004260999849066138
3720,DI,100,1980,20,41,5.069154782393903e-15,1.5543122344752192e-15,0.0005517000099644065
3721,WMI,100,1980,20,41,5.048148082127042e-15,1.1102230246251565e-15,0.0001086000120267272
3722,ISM,100,1980,20,41,0.2724134608509304,0.02483659070157529,0.00044669999624602497
3723,DI,100,1980,20,42,5.069154782393903e-15,1.5543122344752192e-15,0.0005628999788314104
3724,WMI,100,1980,20,42,5.048148082127042e-15,1.1102230246251565e-15,0.00011719999019987881
3725,ISM,100,1980,20,42,0.2724134608509304,0.02483659070157529,0.0004299999854993075
3726,DI,100,1980,20,43,5.069154782393903e-15,1.5543122344752192e-15,0.0005627000064123422
3727,WMI,100,1980,20,43,5.048148082127042e-15,1.1102230246251565e-15,0.00011019999510608613
3728,ISM,100,1980,20,43,0.2724134608509304,0.02483659070157529,0.0004336999845691025
3729,DI,100,1980,20,44,5.069154782393903e-15,1.5543122344752192e-15,0.0005213999829720706
3730,WMI,100,1980,20,44,5.048148082127042e-15,1.1102230246251565e-15,0.00011100000119768083
3731,ISM,100,1980,20,44,0.2724134608509304,0.02483659070157529,0.00042520000715740025
3732,DI,100,1980,20,45,5.069154782393903e-15,1.5543122344752192e-15,0.0005204000044614077
3733,WMI,100,1980,20,45,5.048148082127042e-15,1.1102230246251565e-15,0.00010539998766034842
3734,ISM,100,1980,20,45,0.2724134608509304,0.02483659070157529,0.0004254000086802989
3735,DI,100,1980,20,46,5.069154782393903e-15,1.5543122344752192e-15,0.0004960000223945826
3736,WMI,100,1980,20,46,5.048148082127042e-15,1.1102230246251565e-15,0.00010030000703409314
3737,ISM,100,1980,20,46,0.2724134608509304,0.02483659070157529,0.00043050001841038465
3738,DI,100,1980,20,47,5.069154782393903e-15,1.5543122344752192e-15,0.0004978000069968402
3739,WMI,100,1980,20,47,5.048148082127042e-15,1.1102230246251565e-15,0.00010779997683130205
3740,ISM,100,1980,20,47,0.2724134608509304,0.02483659070157529,0.00042440000106580555
3741,DI,100,1980,20,48,5.069154782393903e-15,1.5543122344752192e-15,0.0005142999871168286
3742,WMI,100,1980,20,48,5.048148082127042e-15,1.1102230246251565e-15,0.00011110000195913017
3743,ISM,100,1980,20,48,0.2724134608509304,0.02483659070157529,0.00043119999463669956
3744,DI,100,1980,20,49,5.069154782393903e-15,1.5543122344752192e-15,0.0005075999943073839
3745,WMI,100,1980,20,49,5.048148082127042e-15,1.1102230246251565e-15,0.00011309998808428645
3746,ISM,100,1980,20,49,0.2724134608509304,0.02483659070157529,0.00046320000546984375
3747,DI,100,1980,20,50,5.069154782393903e-15,1.5543122344752192e-15,0.0005617999995592982
3748,WMI,100,1980,20,50,5.048148082127042e-15,1.1102230246251565e-15,0.00011950000771321356
3749,ISM,100,1980,20,50,0.2724134608509304,0.02483659070157529,0.00044979999074712396
3750,DI,100,1980,20,51,5.069154782393903e-15,1.5543122344752192e-15,0.000509100005729124
3751,WMI,100,1980,20,51,5.048148082127042e-15,1.1102230246251565e-15,0.00010989999282173812
3752,ISM,100,1980,20,51,0.2724134608509304,0.02483659070157529,0.00043180002830922604
3753,DI,100,1980,20,52,5.069154782393903e-15,1.5543122344752192e-15,0.000518000015290454
3754,WMI,100,1980,20,52,5.048148082127042e-15,1.1102230246251565e-15,0.00014760001795366406
3755,ISM,100,1980,20,52,0.2724134608509304,0.02483659070157529,0.0004653999931178987
3756,DI,100,1980,20,53,5.069154782393903e-15,1.5543122344752192e-15,0.000523299997439608
3757,WMI,100,1980,20,53,5.048148082127042e-15,1.1102230246251565e-15,0.00012049998622387648
3758,ISM,100,1980,20,53,0.2724134608509304,0.02483659070157529,0.0004447000101208687
3759,DI,100,1980,20,54,5.069154782393903e-15,1.5543122344752192e-15,0.0005204000044614077
3760,WMI,100,1980,20,54,5.048148082127042e-15,1.1102230246251565e-15,0.00011189997894689441
3761,ISM,100,1980,20,54,0.2724134608509304,0.02483659070157529,0.0004361000028438866
3762,DI,100,1980,20,55,5.069154782393903e-15,1.5543122344752192e-15,0.0005160000000614673
3763,WMI,100,1980,20,55,5.048148082127042e-15,1.1102230246251565e-15,0.00011480000102892518
3764,ISM,100,1980,20,55,0.2724134608509304,0.02483659070157529,0.00045270001282915473
3765,DI,100,1980,20,56,5.069154782393903e-15,1.5543122344752192e-15,0.000506000011228025
3766,WMI,100,1980,20,56,5.048148082127042e-15,1.1102230246251565e-15,0.00011600001016631722
3767,ISM,100,1980,20,56,0.2724134608509304,0.02483659070157529,0.0004481000069063157
3768,DI,100,1980,20,57,5.069154782393903e-15,1.5543122344752192e-15,0.00048639997839927673
3769,WMI,100,1980,20,57,5.048148082127042e-15,1.1102230246251565e-15,0.00010959999053739011
3770,ISM,100,1980,20,57,0.2724134608509304,0.02483659070157529,0.0004292000085115433
3771,DI,100,1980,20,58,5.069154782393903e-15,1.5543122344752192e-15,0.0005106999888084829
3772,WMI,100,1980,20,58,5.048148082127042e-15,1.1102230246251565e-15,0.00011470000026747584
3773,ISM,100,1980,20,58,0.2724134608509304,0.02483659070157529,0.00047279999125748873
3774,DI,100,1980,20,59,5.069154782393903e-15,1.5543122344752192e-15,0.0005119999987073243
3775,WMI,100,1980,20,59,5.048148082127042e-15,1.1102230246251565e-15,0.00010629999451339245
3776,ISM,100,1980,20,59,0.2724134608509304,0.02483659070157529,0.0004270999925211072
3777,DI,100,1980,20,60,5.069154782393903e-15,1.5543122344752192e-15,0.0005332000146154314
3778,WMI,100,1980,20,60,5.048148082127042e-15,1.1102230246251565e-15,0.00012810001499019563
3779,ISM,100,1980,20,60,0.2724134608509304,0.02483659070157529,0.00043680000817403197
3780,DI,100,1980,20,61,5.069154782393903e-15,1.5543122344752192e-15,0.000674999988405034
3781,WMI,100,1980,20,61,5.048148082127042e-15,1.1102230246251565e-15,0.00011590000940486789
3782,ISM,100,1980,20,61,0.2724134608509304,0.02483659070157529,0.00043410001671873033
3783,DI,100,1980,20,62,5.069154782393903e-15,1.5543122344752192e-15,0.0005302999925334007
3784,WMI,100,1980,20,62,5.048148082127042e-15,1.1102230246251565e-15,0.00012299997615627944
3785,ISM,100,1980,20,62,0.2724134608509304,0.02483659070157529,0.0004324000037740916
3786,DI,100,1980,20,63,5.069154782393903e-15,1.5543122344752192e-15,0.000514300016220659
3787,WMI,100,1980,20,63,5.048148082127042e-15,1.1102230246251565e-15,0.00011370002175681293
3788,ISM,100,1980,20,63,0.2724134608509304,0.02483659070157529,0.000440800009528175
3789,DI,100,1980,20,64,5.069154782393903e-15,1.5543122344752192e-15,0.0005101000133436173
3790,WMI,100,1980,20,64,5.048148082127042e-15,1.1102230246251565e-15,0.00012129999231547117
3791,ISM,100,1980,20,64,0.2724134608509304,0.02483659070157529,0.0004606999864336103
3792,DI,100,1980,20,65,5.069154782393903e-15,1.5543122344752192e-15,0.0005133999802637845
3793,WMI,100,1980,20,65,5.048148082127042e-15,1.1102230246251565e-15,0.00010540001676417887
3794,ISM,100,1980,20,65,0.2724134608509304,0.02483659070157529,0.0004257999826222658
3795,DI,100,1980,20,66,5.069154782393903e-15,1.5543122344752192e-15,0.0005262999911792576
3796,WMI,100,1980,20,66,5.048148082127042e-15,1.1102230246251565e-15,0.00010969999129883945
3797,ISM,100,1980,20,66,0.2724134608509304,0.02483659070157529,0.00042559998109936714
3798,DI,100,1980,20,67,5.069154782393903e-15,1.5543122344752192e-15,0.0005155999970156699
3799,WMI,100,1980,20,67,5.048148082127042e-15,1.1102230246251565e-15,0.0001036000030580908
3800,ISM,100,1980,20,67,0.2724134608509304,0.02483659070157529,0.0004298000130802393
3801,DI,100,1980,20,68,5.069154782393903e-15,1.5543122344752192e-15,0.000513400009367615
3802,WMI,100,1980,20,68,5.048148082127042e-15,1.1102230246251565e-15,0.0001005999802146107
3803,ISM,100,1980,20,68,0.2724134608509304,0.02483659070157529,0.00042619998566806316
3804,DI,100,1980,20,69,5.069154782393903e-15,1.5543122344752192e-15,0.0005220999883022159
3805,WMI,100,1980,20,69,5.048148082127042e-15,1.1102230246251565e-15,0.00010659999679774046
3806,ISM,100,1980,20,69,0.2724134608509304,0.02483659070157529,0.00043440001900307834
3807,DI,100,1980,20,70,5.069154782393903e-15,1.5543122344752192e-15,0.0005133000086061656
3808,WMI,100,1980,20,70,5.048148082127042e-15,1.1102230246251565e-15,0.00010699999984353781
3809,ISM,100,1980,20,70,0.2724134608509304,0.02483659070157529,0.0004375999851617962
3810,DI,100,1980,20,71,5.069154782393903e-15,1.5543122344752192e-15,0.0005145999894011766
3811,WMI,100,1980,20,71,5.048148082127042e-15,1.1102230246251565e-15,0.00011319998884573579
3812,ISM,100,1980,20,71,0.2724134608509304,0.02483659070157529,0.0004458000184968114
3813,DI,100,1980,20,72,5.069154782393903e-15,1.5543122344752192e-15,0.0005155999970156699
3814,WMI,100,1980,20,72,5.048148082127042e-15,1.1102230246251565e-15,0.00010999999358318746
3815,ISM,100,1980,20,72,0.2724134608509304,0.02483659070157529,0.00046859998838044703
3816,DI,100,1980,20,73,5.069154782393903e-15,1.5543122344752192e-15,0.0005600999866146594
3817,WMI,100,1980,20,73,5.048148082127042e-15,1.1102230246251565e-15,0.0001280000142287463
3818,ISM,100,1980,20,73,0.2724134608509304,0.02483659070157529,0.0004293000092729926
3819,DI,100,1980,20,74,5.069154782393903e-15,1.5543122344752192e-15,0.0009922000172082335
3820,WMI,100,1980,20,74,5.048148082127042e-15,1.1102230246251565e-15,0.00020789998234249651
3821,ISM,100,1980,20,74,0.2724134608509304,0.02483659070157529,0.0005144000169821084
3822,DI,100,1980,20,75,5.069154782393903e-15,1.5543122344752192e-15,0.0005323000077623874
3823,WMI,100,1980,20,75,5.048148082127042e-15,1.1102230246251565e-15,0.00012920002336613834
3824,ISM,100,1980,20,75,0.2724134608509304,0.02483659070157529,0.0004360000020824373
3825,DI,100,1980,20,76,5.069154782393903e-15,1.5543122344752192e-15,0.000526399991940707
3826,WMI,100,1980,20,76,5.048148082127042e-15,1.1102230246251565e-15,0.00010989999282173812
3827,ISM,100,1980,20,76,0.2724134608509304,0.02483659070157529,0.0004318999999668449
3828,DI,100,1980,20,77,5.069154782393903e-15,1.5543122344752192e-15,0.0005055000074207783
3829,WMI,100,1980,20,77,5.048148082127042e-15,1.1102230246251565e-15,0.00011739999172277749
3830,ISM,100,1980,20,77,0.2724134608509304,0.02483659070157529,0.0004345000197645277
3831,DI,100,1980,20,78,5.069154782393903e-15,1.5543122344752192e-15,0.0005156999977771193
3832,WMI,100,1980,20,78,5.048148082127042e-15,1.1102230246251565e-15,0.00010939998901449144
3833,ISM,100,1980,20,78,0.2724134608509304,0.02483659070157529,0.00042680001934058964
3834,DI,100,1980,20,79,5.069154782393903e-15,1.5543122344752192e-15,0.0005088000034447759
3835,WMI,100,1980,20,79,5.048148082127042e-15,1.1102230246251565e-15,0.00011069999891333282
3836,ISM,100,1980,20,79,0.2724134608509304,0.02483659070157529,0.00043360001291148365
3837,DI,100,1980,20,80,5.069154782393903e-15,1.5543122344752192e-15,0.0005132999795023352
3838,WMI,100,1980,20,80,5.048148082127042e-15,1.1102230246251565e-15,0.00010829998063854873
3839,ISM,100,1980,20,80,0.2724134608509304,0.02483659070157529,0.0004264000162947923
3840,DI,100,1980,20,81,5.069154782393903e-15,1.5543122344752192e-15,0.0006488999933935702
3841,WMI,100,1980,20,81,5.048148082127042e-15,1.1102230246251565e-15,0.0001680999994277954
3842,ISM,100,1980,20,81,0.2724134608509304,0.02483659070157529,0.0006481000164058059
3843,DI,100,1980,20,82,5.069154782393903e-15,1.5543122344752192e-15,0.0009862000006251037
3844,WMI,100,1980,20,82,5.048148082127042e-15,1.1102230246251565e-15,0.00016179998056031764
3845,ISM,100,1980,20,82,0.2724134608509304,0.02483659070157529,0.0004805999924428761
3846,DI,100,1980,20,83,5.069154782393903e-15,1.5543122344752192e-15,0.0009902000019792467
3847,WMI,100,1980,20,83,5.048148082127042e-15,1.1102230246251565e-15,0.0002046999870799482
3848,ISM,100,1980,20,83,0.2724134608509304,0.02483659070157529,0.0004296999832149595
3849,DI,100,1980,20,84,5.069154782393903e-15,1.5543122344752192e-15,0.0006952000258024782
3850,WMI,100,1980,20,84,5.048148082127042e-15,1.1102230246251565e-15,0.00022839999292045832
3851,ISM,100,1980,20,84,0.2724134608509304,0.02483659070157529,0.0015916000120341778
3852,DI,100,1980,20,85,5.069154782393903e-15,1.5543122344752192e-15,0.0009343999845441431
3853,WMI,100,1980,20,85,5.048148082127042e-15,1.1102230246251565e-15,0.0003671000013127923
3854,ISM,100,1980,20,85,0.2724134608509304,0.02483659070157529,0.0010639999818522483
3855,DI,100,1980,20,86,5.069154782393903e-15,1.5543122344752192e-15,0.0010173000046052039
3856,WMI,100,1980,20,86,5.048148082127042e-15,1.1102230246251565e-15,0.0002631999959703535
3857,ISM,100,1980,20,86,0.2724134608509304,0.02483659070157529,0.001160499989055097
3858,DI,100,1980,20,87,5.069154782393903e-15,1.5543122344752192e-15,0.0008781000215094537
3859,WMI,100,1980,20,87,5.048148082127042e-15,1.1102230246251565e-15,0.00018679999629966915
3860,ISM,100,1980,20,87,0.2724134608509304,0.02483659070157529,0.0008833000028971583
3861,DI,100,1980,20,88,5.069154782393903e-15,1.5543122344752192e-15,0.0006033999961800873
3862,WMI,100,1980,20,88,5.048148082127042e-15,1.1102230246251565e-15,0.00011779999476857483
3863,ISM,100,1980,20,88,0.2724134608509304,0.02483659070157529,0.0009035999828483909
3864,DI,100,1980,20,89,5.069154782393903e-15,1.5543122344752192e-15,0.0006984999927226454
3865,WMI,100,1980,20,89,5.048148082127042e-15,1.1102230246251565e-15,0.0002410000015515834
3866,ISM,100,1980,20,89,0.2724134608509304,0.02483659070157529,0.0008919999818317592
3867,DI,100,1980,20,90,5.069154782393903e-15,1.5543122344752192e-15,0.0007668000180274248
3868,WMI,100,1980,20,90,5.048148082127042e-15,1.1102230246251565e-15,0.00019130000146105886
3869,ISM,100,1980,20,90,0.2724134608509304,0.02483659070157529,0.0009085999918170273
3870,DI,100,1980,20,91,5.069154782393903e-15,1.5543122344752192e-15,0.000760499999159947
3871,WMI,100,1980,20,91,5.048148082127042e-15,1.1102230246251565e-15,0.00019010002142749727
3872,ISM,100,1980,20,91,0.2724134608509304,0.02483659070157529,0.0009129999962169677
3873,DI,100,1980,20,92,5.069154782393903e-15,1.5543122344752192e-15,0.0007461000059265643
3874,WMI,100,1980,20,92,5.048148082127042e-15,1.1102230246251565e-15,0.0001914000022225082
3875,ISM,100,1980,20,92,0.2724134608509304,0.02483659070157529,0.0006251999875530601
3876,DI,100,1980,20,93,5.069154782393903e-15,1.5543122344752192e-15,0.00068450000253506
3877,WMI,100,1980,20,93,5.048148082127042e-15,1.1102230246251565e-15,0.00018269999418407679
3878,ISM,100,1980,20,93,0.2724134608509304,0.02483659070157529,0.0004351999959908426
3879,DI,100,1980,20,94,5.069154782393903e-15,1.5543122344752192e-15,0.0008100999984890223
3880,WMI,100,1980,20,94,5.048148082127042e-15,1.1102230246251565e-15,0.00017790001584216952
3881,ISM,100,1980,20,94,0.2724134608509304,0.02483659070157529,0.00042589998338371515
3882,DI,100,1980,20,95,5.069154782393903e-15,1.5543122344752192e-15,0.0007823000196367502
3883,WMI,100,1980,20,95,5.048148082127042e-15,1.1102230246251565e-15,0.0001807000080589205
3884,ISM,100,1980,20,95,0.2724134608509304,0.02483659070157529,0.001033000007737428
3885,DI,100,1980,20,96,5.069154782393903e-15,1.5543122344752192e-15,0.0008308999822475016
3886,WMI,100,1980,20,96,5.048148082127042e-15,1.1102230246251565e-15,0.00019829999655485153
3887,ISM,100,1980,20,96,0.2724134608509304,0.02483659070157529,0.0005687999946530908
3888,DI,100,1980,20,97,5.069154782393903e-15,1.5543122344752192e-15,0.000672499998472631
3889,WMI,100,1980,20,97,5.048148082127042e-15,1.1102230246251565e-15,0.00018450000789016485
3890,ISM,100,1980,20,97,0.2724134608509304,0.02483659070157529,0.0009319999953731894
3891,DI,100,1980,20,98,5.069154782393903e-15,1.5543122344752192e-15,0.000797600019723177
3892,WMI,100,1980,20,98,5.048148082127042e-15,1.1102230246251565e-15,0.00020829998538829386
3893,ISM,100,1980,20,98,0.2724134608509304,0.02483659070157529,0.0004361000028438866
3894,DI,100,1980,20,99,5.069154782393903e-15,1.5543122344752192e-15,0.0008168999920599163
3895,WMI,100,1980,20,99,5.048148082127042e-15,1.1102230246251565e-15,0.00017290000687353313
3896,ISM,100,1980,20,99,0.2724134608509304,0.02483659070157529,0.0004245000018272549
3897,DI,100,1980,20,100,5.069154782393903e-15,1.5543122344752192e-15,0.0007933999877423048
3898,WMI,100,1980,20,100,5.048148082127042e-15,1.1102230246251565e-15,0.00014110002666711807
3899,ISM,100,1980,20,100,0.2724134608509304,0.02483659070157529,0.0004298999847378582
3900,DI,100,1980,20,101,5.069154782393903e-15,1.5543122344752192e-15,0.0008499000105075538
3901,WMI,100,1980,20,101,5.048148082127042e-15,1.1102230246251565e-15,0.00020560002303682268
3902,ISM,100,1980,20,101,0.2724134608509304,0.02483659070157529,0.00042409999878145754
3903,DI,100,1980,20,102,5.069154782393903e-15,1.5543122344752192e-15,0.0008373000018764287
3904,WMI,100,1980,20,102,5.048148082127042e-15,1.1102230246251565e-15,0.00020379998022690415
3905,ISM,100,1980,20,102,0.2724134608509304,0.02483659070157529,0.0009202999935951084
3906,DI,100,1980,20,103,5.069154782393903e-15,1.5543122344752192e-15,0.0008547999896109104
3907,WMI,100,1980,20,103,5.048148082127042e-15,1.1102230246251565e-15,0.00019310001516714692
3908,ISM,100,1980,20,103,0.2724134608509304,0.02483659070157529,0.0010977000056300312
3909,DI,100,1980,20,104,5.069154782393903e-15,1.5543122344752192e-15,0.0008491000044159591
3910,WMI,100,1980,20,104,5.048148082127042e-15,1.1102230246251565e-15,0.00022670000907965004
3911,ISM,100,1980,20,104,0.2724134608509304,0.02483659070157529,0.0008871000027284026
3912,DI,100,1980,20,105,5.069154782393903e-15,1.5543122344752192e-15,0.000821699999505654
3913,WMI,100,1980,20,105,5.048148082127042e-15,1.1102230246251565e-15,0.00020370000856928527
3914,ISM,100,1980,20,105,0.2724134608509304,0.02483659070157529,0.0007697000110056251
3915,DI,100,1980,20,106,5.069154782393903e-15,1.5543122344752192e-15,0.0008841999806463718
3916,WMI,100,1980,20,106,5.048148082127042e-15,1.1102230246251565e-15,0.000148899998748675
3917,ISM,100,1980,20,106,0.2724134608509304,0.02483659070157529,0.0004709000058937818
3918,DI,100,1980,20,107,5.069154782393903e-15,1.5543122344752192e-15,0.0008564000017940998
3919,WMI,100,1980,20,107,5.048148082127042e-15,1.1102230246251565e-15,0.00014139999984763563
3920,ISM,100,1980,20,107,0.2724134608509304,0.02483659070157529,0.0004309999931138009
3921,DI,100,1980,20,108,5.069154782393903e-15,1.5543122344752192e-15,0.0008296000014524907
3922,WMI,100,1980,20,108,5.048148082127042e-15,1.1102230246251565e-15,0.00021620001643896103
3923,ISM,100,1980,20,108,0.2724134608509304,0.02483659070157529,0.0006213000160641968
3924,DI,100,1980,20,109,5.069154782393903e-15,1.5543122344752192e-15,0.0008749999979045242
3925,WMI,100,1980,20,109,5.048148082127042e-15,1.1102230246251565e-15,0.00016739999409765005
3926,ISM,100,1980,20,109,0.2724134608509304,0.02483659070157529,0.00042940001003444195
3927,DI,100,1980,20,110,5.069154782393903e-15,1.5543122344752192e-15,0.0008473999914713204
3928,WMI,100,1980,20,110,5.048148082127042e-15,1.1102230246251565e-15,0.00023299999884329736
3929,ISM,100,1980,20,110,0.2724134608509304,0.02483659070157529,0.0009481000015512109
3930,DI,100,1980,20,111,5.069154782393903e-15,1.5543122344752192e-15,0.0008369999995920807
3931,WMI,100,1980,20,111,5.048148082127042e-15,1.1102230246251565e-15,0.0002099999983329326
3932,ISM,100,1980,20,111,0.2724134608509304,0.02483659070157529,0.0008956000092439353
3933,DI,100,1980,20,112,5.069154782393903e-15,1.5543122344752192e-15,0.000846399983856827
3934,WMI,100,1980,20,112,5.048148082127042e-15,1.1102230246251565e-15,0.0002052999916486442
3935,ISM,100,1980,20,112,0.2724134608509304,0.02483659070157529,0.0010661999986041337
3936,DI,100,1980,20,113,5.069154782393903e-15,1.5543122344752192e-15,0.0009531999821774662
3937,WMI,100,1980,20,113,5.048148082127042e-15,1.1102230246251565e-15,0.00022519999765791
3938,ISM,100,1980,20,113,0.2724134608509304,0.02483659070157529,0.0009188999829348177
3939,DI,100,1980,20,114,5.069154782393903e-15,1.5543122344752192e-15,0.0008985000022221357
3940,WMI,100,1980,20,114,5.048148082127042e-15,1.1102230246251565e-15,0.0002027000009547919
3941,ISM,100,1980,20,114,0.2724134608509304,0.02483659070157529,0.0006974000134505332
3942,DI,100,1980,20,115,5.069154782393903e-15,1.5543122344752192e-15,0.000905399996554479
3943,WMI,100,1980,20,115,5.048148082127042e-15,1.1102230246251565e-15,0.00026699999580159783
3944,ISM,100,1980,20,115,0.2724134608509304,0.02483659070157529,0.000978299998678267
3945,DI,100,1980,20,116,5.069154782393903e-15,1.5543122344752192e-15,0.0009553999989293516
3946,WMI,100,1980,20,116,5.048148082127042e-15,1.1102230246251565e-15,0.00017530002514831722
3947,ISM,100,1980,20,116,0.2724134608509304,0.02483659070157529,0.000594600016484037
3948,DI,100,1980,20,117,5.069154782393903e-15,1.5543122344752192e-15,0.0008788999984972179
3949,WMI,100,1980,20,117,5.048148082127042e-15,1.1102230246251565e-15,0.00016869997489266098
3950,ISM,100,1980,20,117,0.2724134608509304,0.02483659070157529,0.0005329000123310834
3951,DI,100,1980,20,118,5.069154782393903e-15,1.5543122344752192e-15,0.001013799977954477
3952,WMI,100,1980,20,118,5.048148082127042e-15,1.1102230246251565e-15,0.00024739999207668006
3953,ISM,100,1980,20,118,0.2724134608509304,0.02483659070157529,0.00048320001224055886
3954,DI,100,1980,20,119,5.069154782393903e-15,1.5543122344752192e-15,0.0008042000117711723
3955,WMI,100,1980,20,119,5.048148082127042e-15,1.1102230246251565e-15,0.0002334000018890947
3956,ISM,100,1980,20,119,0.2724134608509304,0.02483659070157529,0.0009070000087376684
3957,DI,100,1980,20,120,5.069154782393903e-15,1.5543122344752192e-15,0.0008921999833546579
3958,WMI,100,1980,20,120,5.048148082127042e-15,1.1102230246251565e-15,0.00021009999909438193
3959,ISM,100,1980,20,120,0.2724134608509304,0.02483659070157529,0.00047130000893957913
3960,DI,100,1980,20,121,5.069154782393903e-15,1.5543122344752192e-15,0.0008265000069513917
3961,WMI,100,1980,20,121,5.048148082127042e-15,1.1102230246251565e-15,0.00022260000696405768
3962,ISM,100,1980,20,121,0.2724134608509304,0.02483659070157529,0.0004310999938752502
3963,DI,100,1980,20,122,5.069154782393903e-15,1.5543122344752192e-15,0.0010160999954678118
3964,WMI,100,1980,20,122,5.048148082127042e-15,1.1102230246251565e-15,0.00016570001025684178
3965,ISM,100,1980,20,122,0.2724134608509304,0.02483659070157529,0.0004233999934513122
3966,DI,100,1980,20,123,5.069154782393903e-15,1.5543122344752192e-15,0.0008258000016212463
3967,WMI,100,1980,20,123,5.048148082127042e-15,1.1102230246251565e-15,0.0002447000006213784
3968,ISM,100,1980,20,123,0.2724134608509304,0.02483659070157529,0.0004326000052969903
3969,DI,100,1980,20,124,5.069154782393903e-15,1.5543122344752192e-15,0.0010006000229623169
3970,WMI,100,1980,20,124,5.048148082127042e-15,1.1102230246251565e-15,0.00022999997599981725
3971,ISM,100,1980,20,124,0.2724134608509304,0.02483659070157529,0.0004292000085115433
3972,DI,100,1980,20,125,5.069154782393903e-15,1.5543122344752192e-15,0.0008279999892693013
3973,WMI,100,1980,20,125,5.048148082127042e-15,1.1102230246251565e-15,0.0001548999862279743
3974,ISM,100,1980,20,125,0.2724134608509304,0.02483659070157529,0.0006503000040538609
3975,DI,100,1980,20,126,5.069154782393903e-15,1.5543122344752192e-15,0.0008876999781932682
3976,WMI,100,1980,20,126,5.048148082127042e-15,1.1102230246251565e-15,0.0001756999990902841
3977,ISM,100,1980,20,126,0.2724134608509304,0.02483659070157529,0.000755899993237108
3978,DI,100,1980,20,127,5.069154782393903e-15,1.5543122344752192e-15,0.0007139999943319708
3979,WMI,100,1980,20,127,5.048148082127042e-15,1.1102230246251565e-15,0.00015469998470507562
3980,ISM,100,1980,20,127,0.2724134608509304,0.02483659070157529,0.0005777000042144209
3981,DI,100,1980,20,128,5.069154782393903e-15,1.5543122344752192e-15,0.000755899993237108
3982,WMI,100,1980,20,128,5.048148082127042e-15,1.1102230246251565e-15,0.00013420000323094428
3983,ISM,100,1980,20,128,0.2724134608509304,0.02483659070157529,0.0004924999957438558
3984,DI,100,1980,20,129,5.069154782393903e-15,1.5543122344752192e-15,0.0006323000125121325
3985,WMI,100,1980,20,129,5.048148082127042e-15,1.1102230246251565e-15,0.00011779999476857483
3986,ISM,100,1980,20,129,0.2724134608509304,0.02483659070157529,0.0004267999902367592
3987,DI,100,1980,20,130,5.069154782393903e-15,1.5543122344752192e-15,0.0006083999760448933
3988,WMI,100,1980,20,130,5.048148082127042e-15,1.1102230246251565e-15,0.00012280000373721123
3989,ISM,100,1980,20,130,0.2724134608509304,0.02483659070157529,0.00042959998245351017
3990,DI,100,1980,20,131,5.069154782393903e-15,1.5543122344752192e-15,0.0005718999891541898
3991,WMI,100,1980,20,131,5.048148082127042e-15,1.1102230246251565e-15,0.00012079998850822449
3992,ISM,100,1980,20,131,0.2724134608509304,0.02483659070157529,0.0004288000054657459
3993,DI,100,1980,20,132,5.069154782393903e-15,1.5543122344752192e-15,0.0005471000040415674
3994,WMI,100,1980,20,132,5.048148082127042e-15,1.1102230246251565e-15,0.00011590000940486789
3995,ISM,100,1980,20,132,0.2724134608509304,0.02483659070157529,0.0004312999953981489
3996,DI,100,1980,20,133,5.069154782393903e-15,1.5543122344752192e-15,0.0005669000092893839
3997,WMI,100,1980,20,133,5.048148082127042e-15,1.1102230246251565e-15,0.00013359999866224825
3998,ISM,100,1980,20,133,0.2724134608509304,0.02483659070157529,0.00045349998981691897
3999,DI,100,1980,20,134,5.069154782393903e-15,1.5543122344752192e-15,0.0006793999928049743
4000,WMI,100,1980,20,134,5.048148082127042e-15,1.1102230246251565e-15,0.00014489999739453197
4001,ISM,100,1980,20,134,0.2724134608509304,0.02483659070157529,0.00043220000225119293
4002,DI,100,1980,20,135,5.069154782393903e-15,1.5543122344752192e-15,0.0007908999978099018
4003,WMI,100,1980,20,135,5.048148082127042e-15,1.1102230246251565e-15,0.00018580001778900623
4004,ISM,100,1980,20,135,0.2724134608509304,0.02483659070157529,0.0006540000031236559
4005,DI,100,1980,20,136,5.069154782393903e-15,1.5543122344752192e-15,0.0006895999831613153
4006,WMI,100,1980,20,136,5.048148082127042e-15,1.1102230246251565e-15,0.00030550002702511847
4007,ISM,100,1980,20,136,0.2724134608509304,0.02483659070157529,0.00045909997425042093
4008,DI,100,1980,20,137,5.069154782393903e-15,1.5543122344752192e-15,0.0008782999939285219
4009,WMI,100,1980,20,137,5.048148082127042e-15,1.1102230246251565e-15,0.0002038999809883535
4010,ISM,100,1980,20,137,0.2724134608509304,0.02483659070157529,0.0009164000221062452
4011,DI,100,1980,20,138,5.069154782393903e-15,1.5543122344752192e-15,0.0007829999958630651
4012,WMI,100,1980,20,138,5.048148082127042e-15,1.1102230246251565e-15,0.00017889999435283244
4013,ISM,100,1980,20,138,0.2724134608509304,0.02483659070157529,0.0009676000045146793
4014,DI,100,1980,20,139,5.069154782393903e-15,1.5543122344752192e-15,0.0007159000087995082
4015,WMI,100,1980,20,139,5.048148082127042e-15,1.1102230246251565e-15,0.00017939999816007912
4016,ISM,100,1980,20,139,0.2724134608509304,0.02483659070157529,0.00043220000225119293
4017,DI,100,1980,20,140,5.069154782393903e-15,1.5543122344752192e-15,0.0008019999950192869
4018,WMI,100,1980,20,140,5.048148082127042e-15,1.1102230246251565e-15,0.00018269999418407679
4019,ISM,100,1980,20,140,0.2724134608509304,0.02483659070157529,0.00044479998177848756
4020,DI,100,1980,20,141,5.069154782393903e-15,1.5543122344752192e-15,0.0007860999903641641
4021,WMI,100,1980,20,141,5.048148082127042e-15,1.1102230246251565e-15,0.0002038999809883535
4022,ISM,100,1980,20,141,0.2724134608509304,0.02483659070157529,0.000989099993603304
4023,DI,100,1980,20,142,5.069154782393903e-15,1.5543122344752192e-15,0.0007197999802883714
4024,WMI,100,1980,20,142,5.048148082127042e-15,1.1102230246251565e-15,0.0002719000040087849
4025,ISM,100,1980,20,142,0.2724134608509304,0.02483659070157529,0.001069099991582334
4026,DI,100,1980,20,143,5.069154782393903e-15,1.5543122344752192e-15,0.000750000006519258
4027,WMI,100,1980,20,143,5.048148082127042e-15,1.1102230246251565e-15,0.00016070000128820539
4028,ISM,100,1980,20,143,0.2724134608509304,0.02483659070157529,0.00044040000648237765
4029,DI,100,1980,20,144,5.069154782393903e-15,1.5543122344752192e-15,0.0008662000182084739
4030,WMI,100,1980,20,144,5.048148082127042e-15,1.1102230246251565e-15,0.00014249997911974788
4031,ISM,100,1980,20,144,0.2724134608509304,0.02483659070157529,0.00044410000555217266
4032,DI,100,1980,20,145,5.069154782393903e-15,1.5543122344752192e-15,0.0007136999920476228
4033,WMI,100,1980,20,145,5.048148082127042e-15,1.1102230246251565e-15,0.00019419999443925917
4034,ISM,100,1980,20,145,0.2724134608509304,0.02483659070157529,0.0010135000047739595
4035,DI,100,1980,20,146,5.069154782393903e-15,1.5543122344752192e-15,0.0006975000142119825
4036,WMI,100,1980,20,146,5.048148082127042e-15,1.1102230246251565e-15,0.0001852999848779291
4037,ISM,100,1980,20,146,0.2724134608509304,0.02483659070157529,0.0004329000075813383
4038,DI,100,1980,20,147,5.069154782393903e-15,1.5543122344752192e-15,0.0008009000157471746
4039,WMI,100,1980,20,147,5.048148082127042e-15,1.1102230246251565e-15,0.00013479997869580984
4040,ISM,100,1980,20,147,0.2724134608509304,0.02483659070157529,0.0004455000162124634
4041,DI,100,1980,20,148,5.069154782393903e-15,1.5543122344752192e-15,0.0006950999959371984
4042,WMI,100,1980,20,148,5.048148082127042e-15,1.1102230246251565e-15,0.00020030001178383827
4043,ISM,100,1980,20,148,0.2724134608509304,0.02483659070157529,0.0005567999905906618
4044,DI,100,1980,20,149,5.069154782393903e-15,1.5543122344752192e-15,0.0008085000154096633
4045,WMI,100,1980,20,149,5.048148082127042e-15,1.1102230246251565e-15,0.00013729999773204327
4046,ISM,100,1980,20,149,0.2724134608509304,0.02483659070157529,0.00044460000935941935
4047,DI,100,1980,20,150,5.069154782393903e-15,1.5543122344752192e-15,0.0008812999876681715
4048,WMI,100,1980,20,150,5.048148082127042e-15,1.1102230246251565e-15,0.00019809999503195286
4049,ISM,100,1980,20,150,0.2724134608509304,0.02483659070157529,0.0009490999800618738
4050,DI,100,1980,20,151,5.069154782393903e-15,1.5543122344752192e-15,0.0008175999973900616
4051,WMI,100,1980,20,151,5.048148082127042e-15,1.1102230246251565e-15,0.0002077000099234283
4052,ISM,100,1980,20,151,0.2724134608509304,0.02483659070157529,0.0010248000035062432
4053,DI,100,1980,20,152,5.069154782393903e-15,1.5543122344752192e-15,0.0008550999918952584
4054,WMI,100,1980,20,152,5.048148082127042e-15,1.1102230246251565e-15,0.00013650002074427903
4055,ISM,100,1980,20,152,0.2724134608509304,0.02483659070157529,0.00044100001105107367
4056,DI,100,1980,20,153,5.069154782393903e-15,1.5543122344752192e-15,0.0008601000008638948
4057,WMI,100,1980,20,153,5.048148082127042e-15,1.1102230246251565e-15,0.00013589998707175255
4058,ISM,100,1980,20,153,0.2724134608509304,0.02483659070157529,0.0004400000034365803
4059,DI,100,1980,20,154,5.069154782393903e-15,1.5543122344752192e-15,0.0007475999882444739
4060,WMI,100,1980,20,154,5.048148082127042e-15,1.1102230246251565e-15,0.0002035000070463866
4061,ISM,100,1980,20,154,0.2724134608509304,0.02483659070157529,0.00044689999776892364
4062,DI,100,1980,20,155,5.069154782393903e-15,1.5543122344752192e-15,0.0008238000154960901
4063,WMI,100,1980,20,155,5.048148082127042e-15,1.1102230246251565e-15,0.00019660001271404326
4064,ISM,100,1980,20,155,0.2724134608509304,0.02483659070157529,0.0005317000031936914
4065,DI,100,1980,20,156,5.069154782393903e-15,1.5543122344752192e-15,0.0008299000037368387
4066,WMI,100,1980,20,156,5.048148082127042e-15,1.1102230246251565e-15,0.0001799000019673258
4067,ISM,100,1980,20,156,0.2724134608509304,0.02483659070157529,0.0004737000272143632
4068,DI,100,1980,20,157,5.069154782393903e-15,1.5543122344752192e-15,0.0008171999943442643
4069,WMI,100,1980,20,157,5.048148082127042e-15,1.1102230246251565e-15,0.0001404000213369727
4070,ISM,100,1980,20,157,0.2724134608509304,0.02483659070157529,0.00042910000775009394
4071,DI,100,1980,20,158,5.069154782393903e-15,1.5543122344752192e-15,0.0008456000068690628
4072,WMI,100,1980,20,158,5.048148082127042e-15,1.1102230246251565e-15,0.00016379999578930438
4073,ISM,100,1980,20,158,0.2724134608509304,0.02483659070157529,0.0004960999940522015
4074,DI,100,1980,20,159,5.069154782393903e-15,1.5543122344752192e-15,0.00066970000625588
4075,WMI,100,1980,20,159,5.048148082127042e-15,1.1102230246251565e-15,0.0001795999996829778
4076,ISM,100,1980,20,159,0.2724134608509304,0.02483659070157529,0.00043390001519583166
4077,DI,100,1980,20,160,5.069154782393903e-15,1.5543122344752192e-15,0.0008412000024691224
4078,WMI,100,1980,20,160,5.048148082127042e-15,1.1102230246251565e-15,0.00014819999341852963
4079,ISM,100,1980,20,160,0.2724134608509304,0.02483659070157529,0.00043069999082945287
4080,DI,100,1980,20,161,5.069154782393903e-15,1.5543122344752192e-15,0.0006989999965298921
4081,WMI,100,1980,20,161,5.048148082127042e-15,1.1102230246251565e-15,0.00014710001414641738
4082,ISM,100,1980,20,161,0.2724134608509304,0.02483659070157529,0.0004302999877836555
4083,DI,100,1980,20,162,5.069154782393903e-15,1.5543122344752192e-15,0.0007098999922163785
4084,WMI,100,1980,20,162,5.048148082127042e-15,1.1102230246251565e-15,0.0001438999897800386
4085,ISM,100,1980,20,162,0.2724134608509304,0.02483659070157529,0.00045009999303147197
4086,DI,100,1980,20,163,5.069154782393903e-15,1.5543122344752192e-15,0.0007344999758061022
4087,WMI,100,1980,20,163,5.048148082127042e-15,1.1102230246251565e-15,0.00011439999798312783
4088,ISM,100,1980,20,163,0.2724134608509304,0.02483659070157529,0.00042830000165849924
4089,DI,100,1980,20,164,5.069154782393903e-15,1.5543122344752192e-15,0.0006886999763082713
4090,WMI,100,1980,20,164,5.048148082127042e-15,1.1102230246251565e-15,0.00011229998199269176
4091,ISM,100,1980,20,164,0.2724134608509304,0.02483659070157529,0.00042440000106580555
4092,DI,100,1980,20,165,5.069154782393903e-15,1.5543122344752192e-15,0.0007455000013578683
4093,WMI,100,1980,20,165,5.048148082127042e-15,1.1102230246251565e-15,0.0001441999920643866
4094,ISM,100,1980,20,165,0.2724134608509304,0.02483659070157529,0.0004318999999668449
4095,DI,100,1980,20,166,5.069154782393903e-15,1.5543122344752192e-15,0.0006965000065974891
4096,WMI,100,1980,20,166,5.048148082127042e-15,1.1102230246251565e-15,0.000149200001033023
4097,ISM,100,1980,20,166,0.2724134608509304,0.02483659070157529,0.000427200022386387
4098,DI,100,1980,20,167,5.069154782393903e-15,1.5543122344752192e-15,0.0006983999919611961
4099,WMI,100,1980,20,167,5.048148082127042e-15,1.1102230246251565e-15,0.00011219998123124242
4100,ISM,100,1980,20,167,0.2724134608509304,0.02483659070157529,0.0004260999849066138
4101,DI,100,1980,20,168,5.069154782393903e-15,1.5543122344752192e-15,0.0006945999921299517
4102,WMI,100,1980,20,168,5.048148082127042e-15,1.1102230246251565e-15,0.00014359998749569058
4103,ISM,100,1980,20,168,0.2724134608509304,0.02483659070157529,0.00042890000622719526
4104,DI,100,1980,20,169,5.069154782393903e-15,1.5543122344752192e-15,0.0006270000012591481
4105,WMI,100,1980,20,169,5.048148082127042e-15,1.1102230246251565e-15,0.000142400007462129
4106,ISM,100,1980,20,169,0.2724134608509304,0.02483659070157529,0.0004298000130802393
4107,DI,100,1980,20,170,5.069154782393903e-15,1.5543122344752192e-15,0.0007094999891705811
4108,WMI,100,1980,20,170,5.048148082127042e-15,1.1102230246251565e-15,0.0001024999946821481
4109,ISM,100,1980,20,170,0.2724134608509304,0.02483659070157529,0.00043539999751374125
4110,DI,100,1980,20,171,5.069154782393903e-15,1.5543122344752192e-15,0.0006993999995756894
4111,WMI,100,1980,20,171,5.048148082127042e-15,1.1102230246251565e-15,0.00012459998833946884
4112,ISM,100,1980,20,171,0.2724134608509304,0.02483659070157529,0.00043000001460313797
4113,DI,100,1980,20,172,5.069154782393903e-15,1.5543122344752192e-15,0.0007045000093057752
4114,WMI,100,1980,20,172,5.048148082127042e-15,1.1102230246251565e-15,0.00015539999003522098
4115,ISM,100,1980,20,172,0.2724134608509304,0.02483659070157529,0.00043220000225119293
4116,DI,100,1980,20,173,5.069154782393903e-15,1.5543122344752192e-15,0.0007464000082109123
4117,WMI,100,1980,20,173,5.048148082127042e-15,1.1102230246251565e-15,0.00014630000805482268
4118,ISM,100,1980,20,173,0.2724134608509304,0.02483659070157529,0.0004257999826222658
4119,DI,100,1980,20,174,5.069154782393903e-15,1.5543122344752192e-15,0.0006350000039674342
4120,WMI,100,1980,20,174,5.048148082127042e-15,1.1102230246251565e-15,0.000148899998748675
4121,ISM,100,1980,20,174,0.2724134608509304,0.02483659070157529,0.0005014000053051859
4122,DI,100,1980,20,175,5.069154782393903e-15,1.5543122344752192e-15,0.0006953999982215464
4123,WMI,100,1980,20,175,5.048148082127042e-15,1.1102230246251565e-15,0.00016029999824240804
4124,ISM,100,1980,20,175,0.2724134608509304,0.02483659070157529,0.0004295000107958913
4125,DI,100,1980,20,176,5.069154782393903e-15,1.5543122344752192e-15,0.0007044999802019447
4126,WMI,100,1980,20,176,5.048148082127042e-15,1.1102230246251565e-15,0.00013950001448392868
4127,ISM,100,1980,20,176,0.2724134608509304,0.02483659070157529,0.00043050001841038465
4128,DI,100,1980,20,177,5.069154782393903e-15,1.5543122344752192e-15,0.0006769000028725713
4129,WMI,100,1980,20,177,5.048148082127042e-15,1.1102230246251565e-15,0.00012929999502375722
4130,ISM,100,1980,20,177,0.2724134608509304,0.02483659070157529,0.0004295000107958913
4131,DI,100,1980,20,178,5.069154782393903e-15,1.5543122344752192e-15,0.0006969000096432865
4132,WMI,100,1980,20,178,5.048148082127042e-15,1.1102230246251565e-15,0.00013550001312978566
4133,ISM,100,1980,20,178,0.2724134608509304,0.02483659070157529,0.0004312999953981489
4134,DI,100,1980,20,179,5.069154782393903e-15,1.5543122344752192e-15,0.000748499995097518
4135,WMI,100,1980,20,179,5.048148082127042e-15,1.1102230246251565e-15,0.000148899998748675
4136,ISM,100,1980,20,179,0.2724134608509304,0.02483659070157529,0.00042619998566806316
4137,DI,100,1980,20,180,5.069154782393903e-15,1.5543122344752192e-15,0.0004842999915126711
4138,WMI,100,1980,20,180,5.048148082127042e-15,1.1102230246251565e-15,0.00015520001761615276
4139,ISM,100,1980,20,180,0.2724134608509304,0.02483659070157529,0.00043509999522939324
4140,DI,100,1980,20,181,5.069154782393903e-15,1.5543122344752192e-15,0.0007125999836716801
4141,WMI,100,1980,20,181,5.048148082127042e-15,1.1102230246251565e-15,0.00014930000179447234
4142,ISM,100,1980,20,181,0.2724134608509304,0.02483659070157529,0.0004261000140104443
4143,DI,100,1980,20,182,5.069154782393903e-15,1.5543122344752192e-15,0.0007377000001724809
4144,WMI,100,1980,20,182,5.048148082127042e-15,1.1102230246251565e-15,0.00015249999705702066
4145,ISM,100,1980,20,182,0.2724134608509304,0.02483659070157529,0.00043349998304620385
4146,DI,100,1980,20,183,5.069154782393903e-15,1.5543122344752192e-15,0.000745099998312071
4147,WMI,100,1980,20,183,5.048148082127042e-15,1.1102230246251565e-15,0.00013890000991523266
4148,ISM,100,1980,20,183,0.2724134608509304,0.02483659070157529,0.00042440000106580555
4149,DI,100,1980,20,184,5.069154782393903e-15,1.5543122344752192e-15,0.0007391000108327717
4150,WMI,100,1980,20,184,5.048148082127042e-15,1.1102230246251565e-15,0.000149200001033023
4151,ISM,100,1980,20,184,0.2724134608509304,0.02483659070157529,0.0004302999877836555
4152,DI,100,1980,20,185,5.069154782393903e-15,1.5543122344752192e-15,0.0011597999837249517
4153,WMI,100,1980,20,185,5.048148082127042e-15,1.1102230246251565e-15,0.00014069999451749027
4154,ISM,100,1980,20,185,0.2724134608509304,0.02483659070157529,0.00044010000419802964
4155,DI,100,1980,20,186,5.069154782393903e-15,1.5543122344752192e-15,0.0006816999812144786
4156,WMI,100,1980,20,186,5.048148082127042e-15,1.1102230246251565e-15,0.00013649999164044857
4157,ISM,100,1980,20,186,0.2724134608509304,0.02483659070157529,0.00044589999015443027
4158,DI,100,1980,20,187,5.069154782393903e-15,1.5543122344752192e-15,0.0005500999977812171
4159,WMI,100,1980,20,187,5.048148082127042e-15,1.1102230246251565e-15,0.00012939999578520656
4160,ISM,100,1980,20,187,0.2724134608509304,0.02483659070157529,0.0004276999970898032
4161,DI,100,1980,20,188,5.069154782393903e-15,1.5543122344752192e-15,0.0005224999913480133
4162,WMI,100,1980,20,188,5.048148082127042e-15,1.1102230246251565e-15,0.00010890001431107521
4163,ISM,100,1980,20,188,0.2724134608509304,0.02483659070157529,0.000534999999217689
4164,DI,100,1980,20,189,5.069154782393903e-15,1.5543122344752192e-15,0.0005505000008270144
4165,WMI,100,1980,20,189,5.048148082127042e-15,1.1102230246251565e-15,0.0002410000015515834
4166,ISM,100,1980,20,189,0.2724134608509304,0.02483659070157529,0.0005502999993041158
4167,DI,100,1980,20,190,5.069154782393903e-15,1.5543122344752192e-15,0.000658600009046495
4168,WMI,100,1980,20,190,5.048148082127042e-15,1.1102230246251565e-15,0.00014600000577047467
4169,ISM,100,1980,20,190,0.2724134608509304,0.02483659070157529,0.0004394999996293336
4170,DI,100,1980,20,191,5.069154782393903e-15,1.5543122344752192e-15,0.0007222999993246049
4171,WMI,100,1980,20,191,5.048148082127042e-15,1.1102230246251565e-15,0.00018090000958181918
4172,ISM,100,1980,20,191,0.2724134608509304,0.02483659070157529,0.0009421000140719116
4173,DI,100,1980,20,192,5.069154782393903e-15,1.5543122344752192e-15,0.0006542000046465546
4174,WMI,100,1980,20,192,5.048148082127042e-15,1.1102230246251565e-15,0.0001956000050995499
4175,ISM,100,1980,20,192,0.2724134608509304,0.02483659070157529,0.0004290000069886446
4176,DI,100,1980,20,193,5.069154782393903e-15,1.5543122344752192e-15,0.0007944999961182475
4177,WMI,100,1980,20,193,5.048148082127042e-15,1.1102230246251565e-15,0.00019630001042969525
4178,ISM,100,1980,20,193,0.2724134608509304,0.02483659070157529,0.000963800004683435
4179,DI,100,1980,20,194,5.069154782393903e-15,1.5543122344752192e-15,0.0006410999922081828
4180,WMI,100,1980,20,194,5.048148082127042e-15,1.1102230246251565e-15,0.00019300001440569758
4181,ISM,100,1980,20,194,0.2724134608509304,0.02483659070157529,0.0009199999913107604
4182,DI,100,1980,20,195,5.069154782393903e-15,1.5543122344752192e-15,0.0006530999962706119
4183,WMI,100,1980,20,195,5.048148082127042e-15,1.1102230246251565e-15,0.00018649999401532114
4184,ISM,100,1980,20,195,0.2724134608509304,0.02483659070157529,0.0009055999980773777
4185,DI,100,1980,20,196,5.069154782393903e-15,1.5543122344752192e-15,0.0006365999870467931
4186,WMI,100,1980,20,196,5.048148082127042e-15,1.1102230246251565e-15,0.0001908999984152615
4187,ISM,100,1980,20,196,0.2724134608509304,0.02483659070157529,0.000518300017574802
4188,DI,100,1980,20,197,5.069154782393903e-15,1.5543122344752192e-15,0.0005615999980363995
4189,WMI,100,1980,20,197,5.048148082127042e-15,1.1102230246251565e-15,0.00011500000255182385
4190,ISM,100,1980,20,197,0.2724134608509304,0.02483659070157529,0.000529799988726154
4191,DI,100,1980,20,198,5.069154782393903e-15,1.5543122344752192e-15,0.0006541000038851053
4192,WMI,100,1980,20,198,5.048148082127042e-15,1.1102230246251565e-15,0.00019339998834766448
4193,ISM,100,1980,20,198,0.2724134608509304,0.02483659070157529,0.00043680000817403197
4194,DI,100,1980,20,199,5.069154782393903e-15,1.5543122344752192e-15,0.0006117000011727214
4195,WMI,100,1980,20,199,5.048148082127042e-15,1.1102230246251565e-15,0.00012790001346729696
4196,ISM,100,1980,20,199,0.2724134608509304,0.02483659070157529,0.00042680001934058964
4197,DI,100,1980,20,200,5.069154782393903e-15,1.5543122344752192e-15,0.0006566999945789576
4198,WMI,100,1980,20,200,5.048148082127042e-15,1.1102230246251565e-15,0.00012739998055621982
4199,ISM,100,1980,20,200,0.2724134608509304,0.02483659070157529,0.0004245000018272549
4200,DI,100,1970,30,1,5.020366695238023e-15,1.9984014443252818e-15,0.0006992999988142401
4201,WMI,100,1970,30,1,5.360652887304481e-15,1.7763568394002505e-15,0.0002628999936860055
4202,ISM,100,1970,30,1,0.3439602449783498,0.02996855991811298,0.0015133999986574054
4203,DI,100,1970,30,2,5.020366695238023e-15,1.9984014443252818e-15,0.0007465000089723617
4204,WMI,100,1970,30,2,5.360652887304481e-15,1.7763568394002505e-15,0.0002677000011317432
4205,ISM,100,1970,30,2,0.3439602449783498,0.02996855991811298,0.0012510999804362655
4206,DI,100,1970,30,3,5.020366695238023e-15,1.9984014443252818e-15,0.0007610000029671937
4207,WMI,100,1970,30,3,5.360652887304481e-15,1.7763568394002505e-15,0.00020440001389943063
4208,ISM,100,1970,30,3,0.3439602449783498,0.02996855991811298,0.0010372999822720885
4209,DI,100,1970,30,4,5.020366695238023e-15,1.9984014443252818e-15,0.0006580000044777989
4210,WMI,100,1970,30,4,5.360652887304481e-15,1.7763568394002505e-15,0.00016880000475794077
4211,ISM,100,1970,30,4,0.3439602449783498,0.02996855991811298,0.0010012999991886318
4212,DI,100,1970,30,5,5.020366695238023e-15,1.9984014443252818e-15,0.0005930000043008476
4213,WMI,100,1970,30,5,5.360652887304481e-15,1.7763568394002505e-15,0.000146100006531924
4214,ISM,100,1970,30,5,0.3439602449783498,0.02996855991811298,0.0006618000043090433
4215,DI,100,1970,30,6,5.020366695238023e-15,1.9984014443252818e-15,0.0005848000000696629
4216,WMI,100,1970,30,6,5.360652887304481e-15,1.7763568394002505e-15,0.00017499999376013875
4217,ISM,100,1970,30,6,0.3439602449783498,0.02996855991811298,0.0006375999946612865
4218,DI,100,1970,30,7,5.020366695238023e-15,1.9984014443252818e-15,0.0005630000086966902
4219,WMI,100,1970,30,7,5.360652887304481e-15,1.7763568394002505e-15,0.00015400000847876072
4220,ISM,100,1970,30,7,0.3439602449783498,0.02996855991811298,0.0010983000101987273
4221,DI,100,1970,30,8,5.020366695238023e-15,1.9984014443252818e-15,0.0009183000074699521
4222,WMI,100,1970,30,8,5.360652887304481e-15,1.7763568394002505e-15,0.00022620000527240336
4223,ISM,100,1970,30,8,0.3439602449783498,0.02996855991811298,0.0007138000219129026
4224,DI,100,1970,30,9,5.020366695238023e-15,1.9984014443252818e-15,0.0007747999916318804
4225,WMI,100,1970,30,9,5.360652887304481e-15,1.7763568394002505e-15,0.0001674999948590994
4226,ISM,100,1970,30,9,0.3439602449783498,0.02996855991811298,0.0006362000131048262
4227,DI,100,1970,30,10,5.020366695238023e-15,1.9984014443252818e-15,0.0007776999846100807
4228,WMI,100,1970,30,10,5.360652887304481e-15,1.7763568394002505e-15,0.00029260001610964537
4229,ISM,100,1970,30,10,0.3439602449783498,0.02996855991811298,0.0013648000021930784
4230,DI,100,1970,30,11,5.020366695238023e-15,1.9984014443252818e-15,0.0007403000199701637
4231,WMI,100,1970,30,11,5.360652887304481e-15,1.7763568394002505e-15,0.0002552999940235168
4232,ISM,100,1970,30,11,0.3439602449783498,0.02996855991811298,0.0013604999985545874
4233,DI,100,1970,30,12,5.020366695238023e-15,1.9984014443252818e-15,0.0007983999967109412
4234,WMI,100,1970,30,12,5.360652887304481e-15,1.7763568394002505e-15,0.00024339999072253704
4235,ISM,100,1970,30,12,0.3439602449783498,0.02996855991811298,0.0013677000242751092
4236,DI,100,1970,30,13,5.020366695238023e-15,1.9984014443252818e-15,0.0007886000094003975
4237,WMI,100,1970,30,13,5.360652887304481e-15,1.7763568394002505e-15,0.00022499999613501132
4238,ISM,100,1970,30,13,0.3439602449783498,0.02996855991811298,0.0010519999777898192
4239,DI,100,1970,30,14,5.020366695238023e-15,1.9984014443252818e-15,0.000978299998678267
4240,WMI,100,1970,30,14,5.360652887304481e-15,1.7763568394002505e-15,0.0005134999810252339
4241,ISM,100,1970,30,14,0.3439602449783498,0.02996855991811298,0.0006548000092152506
4242,DI,100,1970,30,15,5.020366695238023e-15,1.9984014443252818e-15,0.0007930999854579568
4243,WMI,100,1970,30,15,5.360652887304481e-15,1.7763568394002505e-15,0.00023350000265054405
4244,ISM,100,1970,30,15,0.3439602449783498,0.02996855991811298,0.001428699993994087
4245,DI,100,1970,30,16,5.020366695238023e-15,1.9984014443252818e-15,0.000754999986384064
4246,WMI,100,1970,30,16,5.360652887304481e-15,1.7763568394002505e-15,0.000149500003317371
4247,ISM,100,1970,30,16,0.3439602449783498,0.02996855991811298,0.0006429000059142709
4248,DI,100,1970,30,17,5.020366695238023e-15,1.9984014443252818e-15,0.0008347000111825764
4249,WMI,100,1970,30,17,5.360652887304481e-15,1.7763568394002505e-15,0.0002736999886110425
4250,ISM,100,1970,30,17,0.3439602449783498,0.02996855991811298,0.001421599998138845
4251,DI,100,1970,30,18,5.020366695238023e-15,1.9984014443252818e-15,0.0007961000083014369
4252,WMI,100,1970,30,18,5.360652887304481e-15,1.7763568394002505e-15,0.00020539999241009355
4253,ISM,100,1970,30,18,0.3439602449783498,0.02996855991811298,0.0006646999972872436
4254,DI,100,1970,30,19,5.020366695238023e-15,1.9984014443252818e-15,0.0008082999847829342
4255,WMI,100,1970,30,19,5.360652887304481e-15,1.7763568394002505e-15,0.0002606000052765012
4256,ISM,100,1970,30,19,0.3439602449783498,0.02996855991811298,0.001410800003213808
4257,DI,100,1970,30,20,5.020366695238023e-15,1.9984014443252818e-15,0.0008784999954514205
4258,WMI,100,1970,30,20,5.360652887304481e-15,1.7763568394002505e-15,0.00033129999064840376
4259,ISM,100,1970,30,20,0.3439602449783498,0.02996855991811298,0.0012342999980319291
4260,DI,100,1970,30,21,5.020366695238023e-15,1.9984014443252818e-15,0.0009400999988429248
4261,WMI,100,1970,30,21,5.360652887304481e-15,1.7763568394002505e-15,0.00025669997557997704
4262,ISM,100,1970,30,21,0.3439602449783498,0.02996855991811298,0.0006882000016048551
4263,DI,100,1970,30,22,5.020366695238023e-15,1.9984014443252818e-15,0.0008504000143148005
4264,WMI,100,1970,30,22,5.360652887304481e-15,1.7763568394002505e-15,0.0002806999837048352
4265,ISM,100,1970,30,22,0.3439602449783498,0.02996855991811298,0.0013085000100545585
4266,DI,100,1970,30,23,5.020366695238023e-15,1.9984014443252818e-15,0.0008843000105116516
4267,WMI,100,1970,30,23,5.360652887304481e-15,1.7763568394002505e-15,0.00025790001382119954
4268,ISM,100,1970,30,23,0.3439602449783498,0.02996855991811298,0.0014213999966159463
4269,DI,100,1970,30,24,5.020366695238023e-15,1.9984014443252818e-15,0.0008134999952744693
4270,WMI,100,1970,30,24,5.360652887304481e-15,1.7763568394002505e-15,0.0002572000084910542
4271,ISM,100,1970,30,24,0.3439602449783498,0.02996855991811298,0.0007754999969620258
4272,DI,100,1970,30,25,5.020366695238023e-15,1.9984014443252818e-15,0.0007836000004317611
4273,WMI,100,1970,30,25,5.360652887304481e-15,1.7763568394002505e-15,0.0002826999989338219
4274,ISM,100,1970,30,25,0.3439602449783498,0.02996855991811298,0.0013930999848525971
4275,DI,100,1970,30,26,5.020366695238023e-15,1.9984014443252818e-15,0.00138229998992756
4276,WMI,100,1970,30,26,5.360652887304481e-15,1.7763568394002505e-15,0.0002789999998640269
4277,ISM,100,1970,30,26,0.3439602449783498,0.02996855991811298,0.000745700002880767
4278,DI,100,1970,30,27,5.020366695238023e-15,1.9984014443252818e-15,0.001146599999628961
4279,WMI,100,1970,30,27,5.360652887304481e-15,1.7763568394002505e-15,0.0003823000006377697
4280,ISM,100,1970,30,27,0.3439602449783498,0.02996855991811298,0.0006710000161547214
4281,DI,100,1970,30,28,5.020366695238023e-15,1.9984014443252818e-15,0.001028700004098937
4282,WMI,100,1970,30,28,5.360652887304481e-15,1.7763568394002505e-15,0.0002759000053629279
4283,ISM,100,1970,30,28,0.3439602449783498,0.02996855991811298,0.0006464000034611672
4284,DI,100,1970,30,29,5.020366695238023e-15,1.9984014443252818e-15,0.0009683999815024436
4285,WMI,100,1970,30,29,5.360652887304481e-15,1.7763568394002505e-15,0.00033099998836405575
4286,ISM,100,1970,30,29,0.3439602449783498,0.02996855991811298,0.0013925000093877316
4287,DI,100,1970,30,30,5.020366695238023e-15,1.9984014443252818e-15,0.0008590000215917826
4288,WMI,100,1970,30,30,5.360652887304481e-15,1.7763568394002505e-15,0.00023639999562874436
4289,ISM,100,1970,30,30,0.3439602449783498,0.02996855991811298,0.0013228000025264919
4290,DI,100,1970,30,31,5.020366695238023e-15,1.9984014443252818e-15,0.001007899991236627
4291,WMI,100,1970,30,31,5.360652887304481e-15,1.7763568394002505e-15,0.0003229000139981508
4292,ISM,100,1970,30,31,0.3439602449783498,0.02996855991811298,0.0014490000030491501
4293,DI,100,1970,30,32,5.020366695238023e-15,1.9984014443252818e-15,0.0011862999817822129
4294,WMI,100,1970,30,32,5.360652887304481e-15,1.7763568394002505e-15,0.0003234000178053975
4295,ISM,100,1970,30,32,0.3439602449783498,0.02996855991811298,0.0014676999999210238
4296,DI,100,1970,30,33,5.020366695238023e-15,1.9984014443252818e-15,0.0009454000100959092
4297,WMI,100,1970,30,33,5.360652887304481e-15,1.7763568394002505e-15,0.00026780000189319253
4298,ISM,100,1970,30,33,0.3439602449783498,0.02996855991811298,0.0008559999987483025
4299,DI,100,1970,30,34,5.020366695238023e-15,1.9984014443252818e-15,0.0010156000207643956
4300,WMI,100,1970,30,34,5.360652887304481e-15,1.7763568394002505e-15,0.0003037000133190304
4301,ISM,100,1970,30,34,0.3439602449783498,0.02996855991811298,0.0007927000115159899
4302,DI,100,1970,30,35,5.020366695238023e-15,1.9984014443252818e-15,0.0009805999870877713
4303,WMI,100,1970,30,35,5.360652887304481e-15,1.7763568394002505e-15,0.0002694000140763819
4304,ISM,100,1970,30,35,0.3439602449783498,0.02996855991811298,0.0007073000015225261
4305,DI,100,1970,30,36,5.020366695238023e-15,1.9984014443252818e-15,0.0009471999946981668
4306,WMI,100,1970,30,36,5.360652887304481e-15,1.7763568394002505e-15,0.00024629998370073736
4307,ISM,100,1970,30,36,0.3439602449783498,0.02996855991811298,0.0015331000031437725
4308,DI,100,1970,30,37,5.020366695238023e-15,1.9984014443252818e-15,0.0009285999985877424
4309,WMI,100,1970,30,37,5.360652887304481e-15,1.7763568394002505e-15,0.00023900001542642713
4310,ISM,100,1970,30,37,0.3439602449783498,0.02996855991811298,0.0007117000059224665
4311,DI,100,1970,30,38,5.020366695238023e-15,1.9984014443252818e-15,0.0012005000025965273
4312,WMI,100,1970,30,38,5.360652887304481e-15,1.7763568394002505e-15,0.00033730000723153353
4313,ISM,100,1970,30,38,0.3439602449783498,0.02996855991811298,0.0006880000000819564
4314,DI,100,1970,30,39,5.020366695238023e-15,1.9984014443252818e-15,0.000901999999769032
4315,WMI,100,1970,30,39,5.360652887304481e-15,1.7763568394002505e-15,0.0002549000200815499
4316,ISM,100,1970,30,39,0.3439602449783498,0.02996855991811298,0.001378899993142113
4317,DI,100,1970,30,40,5.020366695238023e-15,1.9984014443252818e-15,0.0008963999862316996
4318,WMI,100,1970,30,40,5.360652887304481e-15,1.7763568394002505e-15,0.0002403999969828874
4319,ISM,100,1970,30,40,0.3439602449783498,0.02996855991811298,0.0006797999958507717
4320,DI,100,1970,30,41,5.020366695238023e-15,1.9984014443252818e-15,0.000813600025139749
4321,WMI,100,1970,30,41,5.360652887304481e-15,1.7763568394002505e-15,0.0002457000082358718
4322,ISM,100,1970,30,41,0.3439602449783498,0.02996855991811298,0.0006299999949987978
4323,DI,100,1970,30,42,5.020366695238023e-15,1.9984014443252818e-15,0.0010304999887011945
4324,WMI,100,1970,30,42,5.360652887304481e-15,1.7763568394002505e-15,0.00020310000400058925
4325,ISM,100,1970,30,42,0.3439602449783498,0.02996855991811298,0.0010645999864209443
4326,DI,100,1970,30,43,5.020366695238023e-15,1.9984014443252818e-15,0.0009148000099230558
4327,WMI,100,1970,30,43,5.360652887304481e-15,1.7763568394002505e-15,0.00028819998260587454
4328,ISM,100,1970,30,43,0.3439602449783498,0.02996855991811298,0.0006556999869644642
4329,DI,100,1970,30,44,5.020366695238023e-15,1.9984014443252818e-15,0.0011220000160392374
4330,WMI,100,1970,30,44,5.360652887304481e-15,1.7763568394002505e-15,0.0002689999819267541
4331,ISM,100,1970,30,44,0.3439602449783498,0.02996855991811298,0.0013173000188544393
4332,DI,100,1970,30,45,5.020366695238023e-15,1.9984014443252818e-15,0.000894299999345094
4333,WMI,100,1970,30,45,5.360652887304481e-15,1.7763568394002505e-15,0.0002597000275272876
4334,ISM,100,1970,30,45,0.3439602449783498,0.02996855991811298,0.0015336000069510192
4335,DI,100,1970,30,46,5.020366695238023e-15,1.9984014443252818e-15,0.0009374000073876232
4336,WMI,100,1970,30,46,5.360652887304481e-15,1.7763568394002505e-15,0.00024360002134926617
4337,ISM,100,1970,30,46,0.3439602449783498,0.02996855991811298,0.0007141999958548695
4338,DI,100,1970,30,47,5.020366695238023e-15,1.9984014443252818e-15,0.0009425000171177089
4339,WMI,100,1970,30,47,5.360652887304481e-15,1.7763568394002505e-15,0.00030070001957938075
4340,ISM,100,1970,30,47,0.3439602449783498,0.02996855991811298,0.0014738999889232218
4341,DI,100,1970,30,48,5.020366695238023e-15,1.9984014443252818e-15,0.001329899998381734
4342,WMI,100,1970,30,48,5.360652887304481e-15,1.7763568394002505e-15,0.00022139999782666564
4343,ISM,100,1970,30,48,0.3439602449783498,0.02996855991811298,0.0015229999844450504
4344,DI,100,1970,30,49,5.020366695238023e-15,1.9984014443252818e-15,0.0009071000094991177
4345,WMI,100,1970,30,49,5.360652887304481e-15,1.7763568394002505e-15,0.0003744999994523823
4346,ISM,100,1970,30,49,0.3439602449783498,0.02996855991811298,0.0015223000082187355
4347,DI,100,1970,30,50,5.020366695238023e-15,1.9984014443252818e-15,0.0011955999943893403
4348,WMI,100,1970,30,50,5.360652887304481e-15,1.7763568394002505e-15,0.00030169999809004366
4349,ISM,100,1970,30,50,0.3439602449783498,0.02996855991811298,0.0013077000039629638
4350,DI,100,1970,30,51,5.020366695238023e-15,1.9984014443252818e-15,0.001107799995224923
4351,WMI,100,1970,30,51,5.360652887304481e-15,1.7763568394002505e-15,0.00033099998836405575
4352,ISM,100,1970,30,51,0.3439602449783498,0.02996855991811298,0.0013217999949119985
4353,DI,100,1970,30,52,5.020366695238023e-15,1.9984014443252818e-15,0.0012530999956652522
4354,WMI,100,1970,30,52,5.360652887304481e-15,1.7763568394002505e-15,0.0003220000071451068
4355,ISM,100,1970,30,52,0.3439602449783498,0.02996855991811298,0.0013198000087868422
4356,DI,100,1970,30,53,5.020366695238023e-15,1.9984014443252818e-15,0.0012442000152077526
4357,WMI,100,1970,30,53,5.360652887304481e-15,1.7763568394002505e-15,0.00031090000993572176
4358,ISM,100,1970,30,53,0.3439602449783498,0.02996855991811298,0.0015949000080581754
4359,DI,100,1970,30,54,5.020366695238023e-15,1.9984014443252818e-15,0.0012795999937225133
4360,WMI,100,1970,30,54,5.360652887304481e-15,1.7763568394002505e-15,0.0003958000161219388
4361,ISM,100,1970,30,54,0.3439602449783498,0.02996855991811298,0.0011488999880384654
4362,DI,100,1970,30,55,5.020366695238023e-15,1.9984014443252818e-15,0.0013393999834079295
4363,WMI,100,1970,30,55,5.360652887304481e-15,1.7763568394002505e-15,0.0002817999920807779
4364,ISM,100,1970,30,55,0.3439602449783498,0.02996855991811298,0.001566199993249029
4365,DI,100,1970,30,56,5.020366695238023e-15,1.9984014443252818e-15,0.0010680999839678407
4366,WMI,100,1970,30,56,5.360652887304481e-15,1.7763568394002505e-15,0.0003166999958921224
4367,ISM,100,1970,30,56,0.3439602449783498,0.02996855991811298,0.001299499999731779
4368,DI,100,1970,30,57,5.020366695238023e-15,1.9984014443252818e-15,0.0010513000015635043
4369,WMI,100,1970,30,57,5.360652887304481e-15,1.7763568394002505e-15,0.00033680000342428684
4370,ISM,100,1970,30,57,0.3439602449783498,0.02996855991811298,0.0012442999868653715
4371,DI,100,1970,30,58,5.020366695238023e-15,1.9984014443252818e-15,0.0012288999860174954
4372,WMI,100,1970,30,58,5.360652887304481e-15,1.7763568394002505e-15,0.0002925999870058149
4373,ISM,100,1970,30,58,0.3439602449783498,0.02996855991811298,0.0013063999940641224
4374,DI,100,1970,30,59,5.020366695238023e-15,1.9984014443252818e-15,0.0010516000038478523
4375,WMI,100,1970,30,59,5.360652887304481e-15,1.7763568394002505e-15,0.00030869999318383634
4376,ISM,100,1970,30,59,0.3439602449783498,0.02996855991811298,0.0011024999839719385
4377,DI,100,1970,30,60,5.020366695238023e-15,1.9984014443252818e-15,0.0010463999933563173
4378,WMI,100,1970,30,60,5.360652887304481e-15,1.7763568394002505e-15,0.000317899975925684
4379,ISM,100,1970,30,60,0.3439602449783498,0.02996855991811298,0.0007509000133723021
4380,DI,100,1970,30,61,5.020366695238023e-15,1.9984014443252818e-15,0.0010451000125613064
4381,WMI,100,1970,30,61,5.360652887304481e-15,1.7763568394002505e-15,0.0001959000073838979
4382,ISM,100,1970,30,61,0.3439602449783498,0.02996855991811298,0.0006580000044777989
4383,DI,100,1970,30,62,5.020366695238023e-15,1.9984014443252818e-15,0.0008507999882567674
4384,WMI,100,1970,30,62,5.360652887304481e-15,1.7763568394002505e-15,0.00024839999969117343
4385,ISM,100,1970,30,62,0.3439602449783498,0.02996855991811298,0.000674999988405034
4386,DI,100,1970,30,63,5.020366695238023e-15,1.9984014443252818e-15,0.0009954000124707818
4387,WMI,100,1970,30,63,5.360652887304481e-15,1.7763568394002505e-15,0.0002935999946203083
4388,ISM,100,1970,30,63,0.3439602449783498,0.02996855991811298,0.000756800000090152
4389,DI,100,1970,30,64,5.020366695238023e-15,1.9984014443252818e-15,0.000919899990549311
4390,WMI,100,1970,30,64,5.360652887304481e-15,1.7763568394002505e-15,0.0002841999812517315
4391,ISM,100,1970,30,64,0.3439602449783498,0.02996855991811298,0.000693499983754009
4392,DI,100,1970,30,65,5.020366695238023e-15,1.9984014443252818e-15,0.0009168999968096614
4393,WMI,100,1970,30,65,5.360652887304481e-15,1.7763568394002505e-15,0.00022259997786022723
4394,ISM,100,1970,30,65,0.3439602449783498,0.02996855991811298,0.0006182000215630978
4395,DI,100,1970,30,66,5.020366695238023e-15,1.9984014443252818e-15,0.0009334000060334802
4396,WMI,100,1970,30,66,5.360652887304481e-15,1.7763568394002505e-15,0.00018370000179857016
4397,ISM,100,1970,30,66,0.3439602449783498,0.02996855991811298,0.0006336999940685928
4398,DI,100,1970,30,67,5.020366695238023e-15,1.9984014443252818e-15,0.0009537999867461622
4399,WMI,100,1970,30,67,5.360652887304481e-15,1.7763568394002505e-15,0.00033790001180022955
4400,ISM,100,1970,30,67,0.3439602449783498,0.02996855991811298,0.0014896999928168952
4401,DI,100,1970,30,68,5.020366695238023e-15,1.9984014443252818e-15,0.0009707999997772276
4402,WMI,100,1970,30,68,5.360652887304481e-15,1.7763568394002505e-15,0.0001956000050995499
4403,ISM,100,1970,30,68,0.3439602449783498,0.02996855991811298,0.0013457000022754073
4404,DI,100,1970,30,69,5.020366695238023e-15,1.9984014443252818e-15,0.0009597999742254615
4405,WMI,100,1970,30,69,5.360652887304481e-15,1.7763568394002505e-15,0.0003569999826140702
4406,ISM,100,1970,30,69,0.3439602449783498,0.02996855991811298,0.0006405999884009361
4407,DI,100,1970,30,70,5.020366695238023e-15,1.9984014443252818e-15,0.0008936000231187791
4408,WMI,100,1970,30,70,5.360652887304481e-15,1.7763568394002505e-15,0.00016250001499429345
4409,ISM,100,1970,30,70,0.3439602449783498,0.02996855991811298,0.0006392000068444759
4410,DI,100,1970,30,71,5.020366695238023e-15,1.9984014443252818e-15,0.0006959000020287931
4411,WMI,100,1970,30,71,5.360652887304481e-15,1.7763568394002505e-15,0.0002447000006213784
4412,ISM,100,1970,30,71,0.3439602449783498,0.02996855991811298,0.0013387000071816146
4413,DI,100,1970,30,72,5.020366695238023e-15,1.9984014443252818e-15,0.0007363000186160207
4414,WMI,100,1970,30,72,5.360652887304481e-15,1.7763568394002505e-15,0.00014139999984763563
4415,ISM,100,1970,30,72,0.3439602449783498,0.02996855991811298,0.000621799990767613
4416,DI,100,1970,30,73,5.020366695238023e-15,1.9984014443252818e-15,0.0006209999846760184
4417,WMI,100,1970,30,73,5.360652887304481e-15,1.7763568394002505e-15,0.00017549999756738544
4418,ISM,100,1970,30,73,0.3439602449783498,0.02996855991811298,0.0010406000073999166
4419,DI,100,1970,30,74,5.020366695238023e-15,1.9984014443252818e-15,0.0006261000235099345
4420,WMI,100,1970,30,74,5.360652887304481e-15,1.7763568394002505e-15,0.00016039999900385737
4421,ISM,100,1970,30,74,0.3439602449783498,0.02996855991811298,0.0006235000037122518
4422,DI,100,1970,30,75,5.020366695238023e-15,1.9984014443252818e-15,0.0005550000059884042
4423,WMI,100,1970,30,75,5.360652887304481e-15,1.7763568394002505e-15,0.00014069999451749027
4424,ISM,100,1970,30,75,0.3439602449783498,0.02996855991811298,0.0006198000046424568
4425,DI,100,1970,30,76,5.020366695238023e-15,1.9984014443252818e-15,0.0005686999938916415
4426,WMI,100,1970,30,76,5.360652887304481e-15,1.7763568394002505e-15,0.00013470000703819096
4427,ISM,100,1970,30,76,0.3439602449783498,0.02996855991811298,0.0006207999831531197
4428,DI,100,1970,30,77,5.020366695238023e-15,1.9984014443252818e-15,0.0006050000083632767
4429,WMI,100,1970,30,77,5.360652887304481e-15,1.7763568394002505e-15,0.00014859999646432698
4430,ISM,100,1970,30,77,0.3439602449783498,0.02996855991811298,0.0014207000203896314
4431,DI,100,1970,30,78,5.020366695238023e-15,1.9984014443252818e-15,0.0010560000082477927
4432,WMI,100,1970,30,78,5.360652887304481e-15,1.7763568394002505e-15,0.0002632999967318028
4433,ISM,100,1970,30,78,0.3439602449783498,0.02996855991811298,0.0013728000049013644
4434,DI,100,1970,30,79,5.020366695238023e-15,1.9984014443252818e-15,0.0008507000165991485
4435,WMI,100,1970,30,79,5.360652887304481e-15,1.7763568394002505e-15,0.00023439998039975762
4436,ISM,100,1970,30,79,0.3439602449783498,0.02996855991811298,0.0006350000039674342
4437,DI,100,1970,30,80,5.020366695238023e-15,1.9984014443252818e-15,0.0007745999901089817
4438,WMI,100,1970,30,80,5.360652887304481e-15,1.7763568394002505e-15,0.00029880000511184335
4439,ISM,100,1970,30,80,0.3439602449783498,0.02996855991811298,0.0013370999949984252
4440,DI,100,1970,30,81,5.020366695238023e-15,1.9984014443252818e-15,0.0008891000179573894
4441,WMI,100,1970,30,81,5.360652887304481e-15,1.7763568394002505e-15,0.0002708999963942915
4442,ISM,100,1970,30,81,0.3439602449783498,0.02996855991811298,0.0012172999850008637
4443,DI,100,1970,30,82,5.020366695238023e-15,1.9984014443252818e-15,0.0008869000012055039
4444,WMI,100,1970,30,82,5.360652887304481e-15,1.7763568394002505e-15,0.0002235999854747206
4445,ISM,100,1970,30,82,0.3439602449783498,0.02996855991811298,0.0006297999934758991
4446,DI,100,1970,30,83,5.020366695238023e-15,1.9984014443252818e-15,0.0008107000030577183
4447,WMI,100,1970,30,83,5.360652887304481e-15,1.7763568394002505e-15,0.00021840000408701599
4448,ISM,100,1970,30,83,0.3439602449783498,0.02996855991811298,0.0009335000067949295
4449,DI,100,1970,30,84,5.020366695238023e-15,1.9984014443252818e-15,0.0012416999961715192
4450,WMI,100,1970,30,84,5.360652887304481e-15,1.7763568394002505e-15,0.00038740001036785543
4451,ISM,100,1970,30,84,0.3439602449783498,0.02996855991811298,0.0013226000010035932
4452,DI,100,1970,30,85,5.020366695238023e-15,1.9984014443252818e-15,0.0012462000013329089
4453,WMI,100,1970,30,85,5.360652887304481e-15,1.7763568394002505e-15,0.00024389999452978373
4454,ISM,100,1970,30,85,0.3439602449783498,0.02996855991811298,0.0006737999792676419
4455,DI,100,1970,30,86,5.020366695238023e-15,1.9984014443252818e-15,0.000915899989195168
4456,WMI,100,1970,30,86,5.360652887304481e-15,1.7763568394002505e-15,0.00021769999875687063
4457,ISM,100,1970,30,86,0.3439602449783498,0.02996855991811298,0.0006477999850176275
4458,DI,100,1970,30,87,5.020366695238023e-15,1.9984014443252818e-15,0.0008851999882608652
4459,WMI,100,1970,30,87,5.360652887304481e-15,1.7763568394002505e-15,0.00015770000754855573
4460,ISM,100,1970,30,87,0.3439602449783498,0.02996855991811298,0.0006181999924592674
4461,DI,100,1970,30,88,5.020366695238023e-15,1.9984014443252818e-15,0.0009074999834410846
4462,WMI,100,1970,30,88,5.360652887304481e-15,1.7763568394002505e-15,0.00028390000807121396
4463,ISM,100,1970,30,88,0.3439602449783498,0.02996855991811298,0.0013204999850131571
4464,DI,100,1970,30,89,5.020366695238023e-15,1.9984014443252818e-15,0.0008689000096637756
4465,WMI,100,1970,30,89,5.360652887304481e-15,1.7763568394002505e-15,0.00021860000560991466
4466,ISM,100,1970,30,89,0.3439602449783498,0.02996855991811298,0.0006129000103101134
4467,DI,100,1970,30,90,5.020366695238023e-15,1.9984014443252818e-15,0.0007119999791029841
4468,WMI,100,1970,30,90,5.360652887304481e-15,1.7763568394002505e-15,0.0002919999824371189
4469,ISM,100,1970,30,90,0.3439602449783498,0.02996855991811298,0.0006272000027820468
4470,DI,100,1970,30,91,5.020366695238023e-15,1.9984014443252818e-15,0.000801000016508624
4471,WMI,100,1970,30,91,5.360652887304481e-15,1.7763568394002505e-15,0.00038979999953880906
4472,ISM,100,1970,30,91,0.3439602449783498,0.02996855991811298,0.0006413000228349119
4473,DI,100,1970,30,92,5.020366695238023e-15,1.9984014443252818e-15,0.0007806000066921115
4474,WMI,100,1970,30,92,5.360652887304481e-15,1.7763568394002505e-15,0.00029510000604204834
4475,ISM,100,1970,30,92,0.3439602449783498,0.02996855991811298,0.0006337000231724232
4476,DI,100,1970,30,93,5.020366695238023e-15,1.9984014443252818e-15,0.0008688000089023262
4477,WMI,100,1970,30,93,5.360652887304481e-15,1.7763568394002505e-15,0.00017939999816007912
4478,ISM,100,1970,30,93,0.3439602449783498,0.02996855991811298,0.0011989999911747873
4479,DI,100,1970,30,94,5.020366695238023e-15,1.9984014443252818e-15,0.0008798000053502619
4480,WMI,100,1970,30,94,5.360652887304481e-15,1.7763568394002505e-15,0.0002274000144097954
4481,ISM,100,1970,30,94,0.3439602449783498,0.02996855991811298,0.00104750000173226
4482,DI,100,1970,30,95,5.020366695238023e-15,1.9984014443252818e-15,0.0007391000108327717
4483,WMI,100,1970,30,95,5.360652887304481e-15,1.7763568394002505e-15,0.0002358000201638788
4484,ISM,100,1970,30,95,0.3439602449783498,0.02996855991811298,0.0013821999891661108
4485,DI,100,1970,30,96,5.020366695238023e-15,1.9984014443252818e-15,0.0008472000190522522
4486,WMI,100,1970,30,96,5.360652887304481e-15,1.7763568394002505e-15,0.0003152000135742128
4487,ISM,100,1970,30,96,0.3439602449783498,0.02996855991811298,0.001517600001534447
4488,DI,100,1970,30,97,5.020366695238023e-15,1.9984014443252818e-15,0.0009609999833628535
4489,WMI,100,1970,30,97,5.360652887304481e-15,1.7763568394002505e-15,0.0002568999771028757
4490,ISM,100,1970,30,97,0.3439602449783498,0.02996855991811298,0.001344999996945262
4491,DI,100,1970,30,98,5.020366695238023e-15,1.9984014443252818e-15,0.0008496000082232058
4492,WMI,100,1970,30,98,5.360652887304481e-15,1.7763568394002505e-15,0.00022749998606741428
4493,ISM,100,1970,30,98,0.3439602449783498,0.02996855991811298,0.0013750000216532499
4494,DI,100,1970,30,99,5.020366695238023e-15,1.9984014443252818e-15,0.0008387000125367194
4495,WMI,100,1970,30,99,5.360652887304481e-15,1.7763568394002505e-15,0.0002313000150024891
4496,ISM,100,1970,30,99,0.3439602449783498,0.02996855991811298,0.0007225000008475035
4497,DI,100,1970,30,100,5.020366695238023e-15,1.9984014443252818e-15,0.0008621999877505004
4498,WMI,100,1970,30,100,5.360652887304481e-15,1.7763568394002505e-15,0.00026210001669824123
4499,ISM,100,1970,30,100,0.3439602449783498,0.02996855991811298,0.0006359999824780971
4500,DI,100,1970,30,101,5.020366695238023e-15,1.9984014443252818e-15,0.0008320000197272748
4501,WMI,100,1970,30,101,5.360652887304481e-15,1.7763568394002505e-15,0.0002719000040087849
4502,ISM,100,1970,30,101,0.3439602449783498,0.02996855991811298,0.001109300006646663
4503,DI,100,1970,30,102,5.020366695238023e-15,1.9984014443252818e-15,0.0009054999973159283
4504,WMI,100,1970,30,102,5.360652887304481e-15,1.7763568394002505e-15,0.0002705999941099435
4505,ISM,100,1970,30,102,0.3439602449783498,0.02996855991811298,0.0010350999946240336
4506,DI,100,1970,30,103,5.020366695238023e-15,1.9984014443252818e-15,0.0008565000025555491
4507,WMI,100,1970,30,103,5.360652887304481e-15,1.7763568394002505e-15,0.0002437999937683344
4508,ISM,100,1970,30,103,0.3439602449783498,0.02996855991811298,0.0007197000086307526
4509,DI,100,1970,30,104,5.020366695238023e-15,1.9984014443252818e-15,0.0008221000025514513
4510,WMI,100,1970,30,104,5.360652887304481e-15,1.7763568394002505e-15,0.00022419999004341662
4511,ISM,100,1970,30,104,0.3439602449783498,0.02996855991811298,0.0006524999917019159
4512,DI,100,1970,30,105,5.020366695238023e-15,1.9984014443252818e-15,0.0008228000078815967
4513,WMI,100,1970,30,105,5.360652887304481e-15,1.7763568394002505e-15,0.00024159997701644897
4514,ISM,100,1970,30,105,0.3439602449783498,0.02996855991811298,0.0011110000195913017
4515,DI,100,1970,30,106,5.020366695238023e-15,1.9984014443252818e-15,0.0008508000173605978
4516,WMI,100,1970,30,106,5.360652887304481e-15,1.7763568394002505e-15,0.00026020000223070383
4517,ISM,100,1970,30,106,0.3439602449783498,0.02996855991811298,0.0013325000181794167
4518,DI,100,1970,30,107,5.020366695238023e-15,1.9984014443252818e-15,0.0008103000000119209
4519,WMI,100,1970,30,107,5.360652887304481e-15,1.7763568394002505e-15,0.000239099987084046
4520,ISM,100,1970,30,107,0.3439602449783498,0.02996855991811298,0.001046299992594868
4521,DI,100,1970,30,108,5.020366695238023e-15,1.9984014443252818e-15,0.0008169999928213656
4522,WMI,100,1970,30,108,5.360652887304481e-15,1.7763568394002505e-15,0.00019789999350905418
4523,ISM,100,1970,30,108,0.3439602449783498,0.02996855991811298,0.0009277999924961478
4524,DI,100,1970,30,109,5.020366695238023e-15,1.9984014443252818e-15,0.001010099978884682
4525,WMI,100,1970,30,109,5.360652887304481e-15,1.7763568394002505e-15,0.0002246999938506633
4526,ISM,100,1970,30,109,0.3439602449783498,0.02996855991811298,0.0013108999992255121
4527,DI,100,1970,30,110,5.020366695238023e-15,1.9984014443252818e-15,0.0008301000052597374
4528,WMI,100,1970,30,110,5.360652887304481e-15,1.7763568394002505e-15,0.0002648000081535429
4529,ISM,100,1970,30,110,0.3439602449783498,0.02996855991811298,0.001289600011659786
4530,DI,100,1970,30,111,5.020366695238023e-15,1.9984014443252818e-15,0.0008657000144012272
4531,WMI,100,1970,30,111,5.360652887304481e-15,1.7763568394002505e-15,0.0002767000114545226
4532,ISM,100,1970,30,111,0.3439602449783498,0.02996855991811298,0.001333299995167181
4533,DI,100,1970,30,112,5.020366695238023e-15,1.9984014443252818e-15,0.0009120999893639237
4534,WMI,100,1970,30,112,5.360652887304481e-15,1.7763568394002505e-15,0.0002545999886933714
4535,ISM,100,1970,30,112,0.3439602449783498,0.02996855991811298,0.0013494999730028212
4536,DI,100,1970,30,113,5.020366695238023e-15,1.9984014443252818e-15,0.000975800008745864
4537,WMI,100,1970,30,113,5.360652887304481e-15,1.7763568394002505e-15,0.00026679999427869916
4538,ISM,100,1970,30,113,0.3439602449783498,0.02996855991811298,0.0009566000080667436
4539,DI,100,1970,30,114,5.020366695238023e-15,1.9984014443252818e-15,0.0010368000075686723
4540,WMI,100,1970,30,114,5.360652887304481e-15,1.7763568394002505e-15,0.00019729998894035816
4541,ISM,100,1970,30,114,0.3439602449783498,0.02996855991811298,0.001033900014590472
4542,DI,100,1970,30,115,5.020366695238023e-15,1.9984014443252818e-15,0.0008899999957066029
4543,WMI,100,1970,30,115,5.360652887304481e-15,1.7763568394002505e-15,0.00018689999706111848
4544,ISM,100,1970,30,115,0.3439602449783498,0.02996855991811298,0.0007283000159077346
4545,DI,100,1970,30,116,5.020366695238023e-15,1.9984014443252818e-15,0.0008668999944347888
4546,WMI,100,1970,30,116,5.360652887304481e-15,1.7763568394002505e-15,0.0002212999970652163
4547,ISM,100,1970,30,116,0.3439602449783498,0.02996855991811298,0.0006676999910268933
4548,DI,100,1970,30,117,5.020366695238023e-15,1.9984014443252818e-15,0.0009597000025678426
4549,WMI,100,1970,30,117,5.360652887304481e-15,1.7763568394002505e-15,0.00035769998794421554
4550,ISM,100,1970,30,117,0.3439602449783498,0.02996855991811298,0.0013182999973651022
4551,DI,100,1970,30,118,5.020366695238023e-15,1.9984014443252818e-15,0.0008737999887671322
4552,WMI,100,1970,30,118,5.360652887304481e-15,1.7763568394002505e-15,0.00028070001280866563
4553,ISM,100,1970,30,118,0.3439602449783498,0.02996855991811298,0.0013373999972827733
4554,DI,100,1970,30,119,5.020366695238023e-15,1.9984014443252818e-15,0.0009040000149980187
4555,WMI,100,1970,30,119,5.360652887304481e-15,1.7763568394002505e-15,0.00025209999876096845
4556,ISM,100,1970,30,119,0.3439602449783498,0.02996855991811298,0.0013580000086221844
4557,DI,100,1970,30,120,5.020366695238023e-15,1.9984014443252818e-15,0.000843599991640076
4558,WMI,100,1970,30,120,5.360652887304481e-15,1.7763568394002505e-15,0.00022029998945072293
4559,ISM,100,1970,30,120,0.3439602449783498,0.02996855991811298,0.001007899991236627
4560,DI,100,1970,30,121,5.020366695238023e-15,1.9984014443252818e-15,0.0008001999813131988
4561,WMI,100,1970,30,121,5.360652887304481e-15,1.7763568394002505e-15,0.0001784000196494162
4562,ISM,100,1970,30,121,0.3439602449783498,0.02996855991811298,0.0006974000134505332
4563,DI,100,1970,30,122,5.020366695238023e-15,1.9984014443252818e-15,0.0006707000138703734
4564,WMI,100,1970,30,122,5.360652887304481e-15,1.7763568394002505e-15,0.00013499998021870852
4565,ISM,100,1970,30,122,0.3439602449783498,0.02996855991811298,0.0006215999892447144
4566,DI,100,1970,30,123,5.020366695238023e-15,1.9984014443252818e-15,0.0007128000142984092
4567,WMI,100,1970,30,123,5.360652887304481e-15,1.7763568394002505e-15,0.00033549999352544546
4568,ISM,100,1970,30,123,0.3439602449783498,0.02996855991811298,0.0015093999973032624
4569,DI,100,1970,30,124,5.020366695238023e-15,1.9984014443252818e-15,0.000812700018286705
4570,WMI,100,1970,30,124,5.360652887304481e-15,1.7763568394002505e-15,0.00019120000069960952
4571,ISM,100,1970,30,124,0.3439602449783498,0.02996855991811298,0.0012214999878779054
4572,DI,100,1970,30,125,5.020366695238023e-15,1.9984014443252818e-15,0.00073490000795573
4573,WMI,100,1970,30,125,5.360652887304481e-15,1.7763568394002505e-15,0.00014399999054148793
4574,ISM,100,1970,30,125,0.3439602449783498,0.02996855991811298,0.0006393000076059252
4575,DI,100,1970,30,126,5.020366695238023e-15,1.9984014443252818e-15,0.000666000007186085
4576,WMI,100,1970,30,126,5.360652887304481e-15,1.7763568394002505e-15,0.00021009999909438193
4577,ISM,100,1970,30,126,0.3439602449783498,0.02996855991811298,0.0010516000038478523
4578,DI,100,1970,30,127,5.020366695238023e-15,1.9984014443252818e-15,0.0006531999970320612
4579,WMI,100,1970,30,127,5.360652887304481e-15,1.7763568394002505e-15,0.00015919998986646533
4580,ISM,100,1970,30,127,0.3439602449783498,0.02996855991811298,0.0008569000056013465
4581,DI,100,1970,30,128,5.020366695238023e-15,1.9984014443252818e-15,0.0005935000081080943
4582,WMI,100,1970,30,128,5.360652887304481e-15,1.7763568394002505e-15,0.0001601999974809587
4583,ISM,100,1970,30,128,0.3439602449783498,0.02996855991811298,0.0006255000189412385
4584,DI,100,1970,30,129,5.020366695238023e-15,1.9984014443252818e-15,0.0005563000158872455
4585,WMI,100,1970,30,129,5.360652887304481e-15,1.7763568394002505e-15,0.00013810000382363796
4586,ISM,100,1970,30,129,0.3439602449783498,0.02996855991811298,0.0006168000109028071
4587,DI,100,1970,30,130,5.020366695238023e-15,1.9984014443252818e-15,0.0005221999890636653
4588,WMI,100,1970,30,130,5.360652887304481e-15,1.7763568394002505e-15,0.000149200001033023
4589,ISM,100,1970,30,130,0.3439602449783498,0.02996855991811298,0.0006203999801073223
4590,DI,100,1970,30,131,5.020366695238023e-15,1.9984014443252818e-15,0.0005521999846678227
4591,WMI,100,1970,30,131,5.360652887304481e-15,1.7763568394002505e-15,0.00014429999282583594
4592,ISM,100,1970,30,131,0.3439602449783498,0.02996855991811298,0.00061779998941347
4593,DI,100,1970,30,132,5.020366695238023e-15,1.9984014443252818e-15,0.0005086000019218773
4594,WMI,100,1970,30,132,5.360652887304481e-15,1.7763568394002505e-15,0.00014260000898502767
4595,ISM,100,1970,30,132,0.3439602449783498,0.02996855991811298,0.0006763999990653247
4596,DI,100,1970,30,133,5.020366695238023e-15,1.9984014443252818e-15,0.000528500007931143
4597,WMI,100,1970,30,133,5.360652887304481e-15,1.7763568394002505e-15,0.00014409999130293727
4598,ISM,100,1970,30,133,0.3439602449783498,0.02996855991811298,0.0006084000051487237
4599,DI,100,1970,30,134,5.020366695238023e-15,1.9984014443252818e-15,0.0005410999874584377
4600,WMI,100,1970,30,134,5.360652887304481e-15,1.7763568394002505e-15,0.00014099999680183828
4601,ISM,100,1970,30,134,0.3439602449783498,0.02996855991811298,0.0006267999997362494
4602,DI,100,1970,30,135,5.020366695238023e-15,1.9984014443252818e-15,0.00053779999143444
4603,WMI,100,1970,30,135,5.360652887304481e-15,1.7763568394002505e-15,0.0001275000104214996
4604,ISM,100,1970,30,135,0.3439602449783498,0.02996855991811298,0.0008430999878328294
4605,DI,100,1970,30,136,5.020366695238023e-15,1.9984014443252818e-15,0.0004963999963365495
4606,WMI,100,1970,30,136,5.360652887304481e-15,1.7763568394002505e-15,0.00013270002091303468
4607,ISM,100,1970,30,136,0.3439602449783498,0.02996855991811298,0.0006200000061653554
4608,DI,100,1970,30,137,5.020366695238023e-15,1.9984014443252818e-15,0.0012467000051401556
4609,WMI,100,1970,30,137,5.360652887304481e-15,1.7763568394002505e-15,0.0001446000242140144
4610,ISM,100,1970,30,137,0.3439602449783498,0.02996855991811298,0.0006531000253744423
4611,DI,100,1970,30,138,5.020366695238023e-15,1.9984014443252818e-15,0.0007074000022839755
4612,WMI,100,1970,30,138,5.360652887304481e-15,1.7763568394002505e-15,0.00025549999554641545
4613,ISM,100,1970,30,138,0.3439602449783498,0.02996855991811298,0.000814300001366064
4614,DI,100,1970,30,139,5.020366695238023e-15,1.9984014443252818e-15,0.000675299990689382
4615,WMI,100,1970,30,139,5.360652887304481e-15,1.7763568394002505e-15,0.00022950000129640102
4616,ISM,100,1970,30,139,0.3439602449783498,0.02996855991811298,0.001334500004304573
4617,DI,100,1970,30,140,5.020366695238023e-15,1.9984014443252818e-15,0.0007306000043172389
4618,WMI,100,1970,30,140,5.360652887304481e-15,1.7763568394002505e-15,0.00023360000341199338
4619,ISM,100,1970,30,140,0.3439602449783498,0.02996855991811298,0.0015530000091530383
4620,DI,100,1970,30,141,5.020366695238023e-15,1.9984014443252818e-15,0.0007137999928090721
4621,WMI,100,1970,30,141,5.360652887304481e-15,1.7763568394002505e-15,0.0001548999862279743
4622,ISM,100,1970,30,141,0.3439602449783498,0.02996855991811298,0.0006562000198755413
4623,DI,100,1970,30,142,5.020366695238023e-15,1.9984014443252818e-15,0.0007759000000078231
4624,WMI,100,1970,30,142,5.360652887304481e-15,1.7763568394002505e-15,0.000172999978531152
4625,ISM,100,1970,30,142,0.3439602449783498,0.02996855991811298,0.0007464000082109123
4626,DI,100,1970,30,143,5.020366695238023e-15,1.9984014443252818e-15,0.0005589000065810978
4627,WMI,100,1970,30,143,5.360652887304481e-15,1.7763568394002505e-15,0.00013420000323094428
4628,ISM,100,1970,30,143,0.3439602449783498,0.02996855991811298,0.0006585000082850456
4629,DI,100,1970,30,144,5.020366695238023e-15,1.9984014443252818e-15,0.0005020000098738819
4630,WMI,100,1970,30,144,5.360652887304481e-15,1.7763568394002505e-15,0.0002398999931756407
4631,ISM,100,1970,30,144,0.3439602449783498,0.02996855991811298,0.0006413999944925308
4632,DI,100,1970,30,145,5.020366695238023e-15,1.9984014443252818e-15,0.0005391000013332814
4633,WMI,100,1970,30,145,5.360652887304481e-15,1.7763568394002505e-15,0.00015050001093186438
4634,ISM,100,1970,30,145,0.3439602449783498,0.02996855991811298,0.0011781999783124775
4635,DI,100,1970,30,146,5.020366695238023e-15,1.9984014443252818e-15,0.0007549000147264451
4636,WMI,100,1970,30,146,5.360652887304481e-15,1.7763568394002505e-15,0.00013489997945725918
4637,ISM,100,1970,30,146,0.3439602449783498,0.02996855991811298,0.0006262000242713839
4638,DI,100,1970,30,147,5.020366695238023e-15,1.9984014443252818e-15,0.0005260000179987401
4639,WMI,100,1970,30,147,5.360652887304481e-15,1.7763568394002505e-15,0.00014570000348612666
4640,ISM,100,1970,30,147,0.3439602449783498,0.02996855991811298,0.0006204999808687717
4641,DI,100,1970,30,148,5.020366695238023e-15,1.9984014443252818e-15,0.0005753999867010862
4642,WMI,100,1970,30,148,5.360652887304481e-15,1.7763568394002505e-15,0.00016160000814124942
4643,ISM,100,1970,30,148,0.3439602449783498,0.02996855991811298,0.000618099991697818
4644,DI,100,1970,30,149,5.020366695238023e-15,1.9984014443252818e-15,0.0005680999893229455
4645,WMI,100,1970,30,149,5.360652887304481e-15,1.7763568394002505e-15,0.00016289998893626034
4646,ISM,100,1970,30,149,0.3439602449783498,0.02996855991811298,0.0006138999888207763
4647,DI,100,1970,30,150,5.020366695238023e-15,1.9984014443252818e-15,0.0007267000037245452
4648,WMI,100,1970,30,150,5.360652887304481e-15,1.7763568394002505e-15,0.0002502000133972615
4649,ISM,100,1970,30,150,0.3439602449783498,0.02996855991811298,0.0007951000006869435
4650,DI,100,1970,30,151,5.020366695238023e-15,1.9984014443252818e-15,0.0007012000132817775
4651,WMI,100,1970,30,151,5.360652887304481e-15,1.7763568394002505e-15,0.00015249999705702066
4652,ISM,100,1970,30,151,0.3439602449783498,0.02996855991811298,0.0006766000005882233
4653,DI,100,1970,30,152,5.020366695238023e-15,1.9984014443252818e-15,0.0006503000040538609
4654,WMI,100,1970,30,152,5.360652887304481e-15,1.7763568394002505e-15,0.00014560000272467732
4655,ISM,100,1970,30,152,0.3439602449783498,0.02996855991811298,0.0006192000000737607
4656,DI,100,1970,30,153,5.020366695238023e-15,1.9984014443252818e-15,0.000749099999666214
4657,WMI,100,1970,30,153,5.360652887304481e-15,1.7763568394002505e-15,0.00025540002388879657
4658,ISM,100,1970,30,153,0.3439602449783498,0.02996855991811298,0.0013838000013493001
4659,DI,100,1970,30,154,5.020366695238023e-15,1.9984014443252818e-15,0.0007256999961100519
4660,WMI,100,1970,30,154,5.360652887304481e-15,1.7763568394002505e-15,0.00026160001289099455
4661,ISM,100,1970,30,154,0.3439602449783498,0.02996855991811298,0.0016079999913927168
4662,DI,100,1970,30,155,5.020366695238023e-15,1.9984014443252818e-15,0.0007940000214148313
4663,WMI,100,1970,30,155,5.360652887304481e-15,1.7763568394002505e-15,0.0002198000147473067
4664,ISM,100,1970,30,155,0.3439602449783498,0.02996855991811298,0.0006564999930560589
4665,DI,100,1970,30,156,5.020366695238023e-15,1.9984014443252818e-15,0.0007929000130388886
4666,WMI,100,1970,30,156,5.360652887304481e-15,1.7763568394002505e-15,0.0001407999952789396
4667,ISM,100,1970,30,156,0.3439602449783498,0.02996855991811298,0.0006584000075235963
4668,DI,100,1970,30,157,5.020366695238023e-15,1.9984014443252818e-15,0.0007590999884996563
4669,WMI,100,1970,30,157,5.360652887304481e-15,1.7763568394002505e-15,0.00020740000763908029
4670,ISM,100,1970,30,157,0.3439602449783498,0.02996855991811298,0.0008265000069513917
4671,DI,100,1970,30,158,5.020366695238023e-15,1.9984014443252818e-15,0.0007273000082932413
4672,WMI,100,1970,30,158,5.360652887304481e-15,1.7763568394002505e-15,0.0002533000078983605
4673,ISM,100,1970,30,158,0.3439602449783498,0.02996855991811298,0.0009490999800618738
4674,DI,100,1970,30,159,5.020366695238023e-15,1.9984014443252818e-15,0.0008151000074576586
4675,WMI,100,1970,30,159,5.360652887304481e-15,1.7763568394002505e-15,0.00026130001060664654
4676,ISM,100,1970,30,159,0.3439602449783498,0.02996855991811298,0.0006955999997444451
4677,DI,100,1970,30,160,5.020366695238023e-15,1.9984014443252818e-15,0.0006645999965257943
4678,WMI,100,1970,30,160,5.360652887304481e-15,1.7763568394002505e-15,0.0002313000150024891
4679,ISM,100,1970,30,160,0.3439602449783498,0.02996855991811298,0.0009399000264238566
4680,DI,100,1970,30,161,5.020366695238023e-15,1.9984014443252818e-15,0.0007331000233534724
4681,WMI,100,1970,30,161,5.360652887304481e-15,1.7763568394002505e-15,0.0002136999974027276
4682,ISM,100,1970,30,161,0.3439602449783498,0.02996855991811298,0.0013532000011764467
4683,DI,100,1970,30,162,5.020366695238023e-15,1.9984014443252818e-15,0.0007564000261481851
4684,WMI,100,1970,30,162,5.360652887304481e-15,1.7763568394002505e-15,0.00024170000688172877
4685,ISM,100,1970,30,162,0.3439602449783498,0.02996855991811298,0.0010275999957229942
4686,DI,100,1970,30,163,5.020366695238023e-15,1.9984014443252818e-15,0.0006630000134464353
4687,WMI,100,1970,30,163,5.360652887304481e-15,1.7763568394002505e-15,0.00016979998326860368
4688,ISM,100,1970,30,163,0.3439602449783498,0.02996855991811298,0.0007613000052515417
4689,DI,100,1970,30,164,5.020366695238023e-15,1.9984014443252818e-15,0.000593400007346645
4690,WMI,100,1970,30,164,5.360652887304481e-15,1.7763568394002505e-15,0.00013610001769848168
4691,ISM,100,1970,30,164,0.3439602449783498,0.02996855991811298,0.0006263999966904521
4692,DI,100,1970,30,165,5.020366695238023e-15,1.9984014443252818e-15,0.0005564999883063138
4693,WMI,100,1970,30,165,5.360652887304481e-15,1.7763568394002505e-15,0.00015529998927377164
4694,ISM,100,1970,30,165,0.3439602449783498,0.02996855991811298,0.0008465000137221068
4695,DI,100,1970,30,166,5.020366695238023e-15,1.9984014443252818e-15,0.0007082000083755702
4696,WMI,100,1970,30,166,5.360652887304481e-15,1.7763568394002505e-15,0.00026359999901615083
4697,ISM,100,1970,30,166,0.3439602449783498,0.02996855991811298,0.0006871999939903617
4698,DI,100,1970,30,167,5.020366695238023e-15,1.9984014443252818e-15,0.0006732000038027763
4699,WMI,100,1970,30,167,5.360652887304481e-15,1.7763568394002505e-15,0.00029260001610964537
4700,ISM,100,1970,30,167,0.3439602449783498,0.02996855991811298,0.0011338999902363867
4701,DI,100,1970,30,168,5.020366695238023e-15,1.9984014443252818e-15,0.0006774999783374369
4702,WMI,100,1970,30,168,5.360652887304481e-15,1.7763568394002505e-15,0.00016649998724460602
4703,ISM,100,1970,30,168,0.3439602449783498,0.02996855991811298,0.000668799999402836
4704,DI,100,1970,30,169,5.020366695238023e-15,1.9984014443252818e-15,0.0005584000027738512
4705,WMI,100,1970,30,169,5.360652887304481e-15,1.7763568394002505e-15,0.00014630000805482268
4706,ISM,100,1970,30,169,0.3439602449783498,0.02996855991811298,0.0006206999823916703
4707,DI,100,1970,30,170,5.020366695238023e-15,1.9984014443252818e-15,0.0005342000222299248
4708,WMI,100,1970,30,170,5.360652887304481e-15,1.7763568394002505e-15,0.00015419998089782894
4709,ISM,100,1970,30,170,0.3439602449783498,0.02996855991811298,0.0006312000041361898
4710,DI,100,1970,30,171,5.020366695238023e-15,1.9984014443252818e-15,0.0006136999872978777
4711,WMI,100,1970,30,171,5.360652887304481e-15,1.7763568394002505e-15,0.00023999999393709004
4712,ISM,100,1970,30,171,0.3439602449783498,0.02996855991811298,0.0013380000018514693
4713,DI,100,1970,30,172,5.020366695238023e-15,1.9984014443252818e-15,0.0006362000131048262
4714,WMI,100,1970,30,172,5.360652887304481e-15,1.7763568394002505e-15,0.00028730000485666096
4715,ISM,100,1970,30,172,0.3439602449783498,0.02996855991811298,0.0013402000186033547
4716,DI,100,1970,30,173,5.020366695238023e-15,1.9984014443252818e-15,0.0006197000038810074
4717,WMI,100,1970,30,173,5.360652887304481e-15,1.7763568394002505e-15,0.0002004999842029065
4718,ISM,100,1970,30,173,0.3439602449783498,0.02996855991811298,0.0008937999955378473
4719,DI,100,1970,30,174,5.020366695238023e-15,1.9984014443252818e-15,0.0009046999912243336
4720,WMI,100,1970,30,174,5.360652887304481e-15,1.7763568394002505e-15,0.0003499999875202775
4721,ISM,100,1970,30,174,0.3439602449783498,0.02996855991811298,0.0012996000004932284
4722,DI,100,1970,30,175,5.020366695238023e-15,1.9984014443252818e-15,0.0008440000237897038
4723,WMI,100,1970,30,175,5.360652887304481e-15,1.7763568394002505e-15,0.0002570000069681555
4724,ISM,100,1970,30,175,0.3439602449783498,0.02996855991811298,0.0013374999980442226
4725,DI,100,1970,30,176,5.020366695238023e-15,1.9984014443252818e-15,0.0008329000265803188
4726,WMI,100,1970,30,176,5.360652887304481e-15,1.7763568394002505e-15,0.00028979999478906393
4727,ISM,100,1970,30,176,0.3439602449783498,0.02996855991811298,0.0013438000169117004
4728,DI,100,1970,30,177,5.020366695238023e-15,1.9984014443252818e-15,0.0007931999862194061
4729,WMI,100,1970,30,177,5.360652887304481e-15,1.7763568394002505e-15,0.00024149997625499964
4730,ISM,100,1970,30,177,0.3439602449783498,0.02996855991811298,0.0008940999978221953
4731,DI,100,1970,30,178,5.020366695238023e-15,1.9984014443252818e-15,0.0007838000019546598
4732,WMI,100,1970,30,178,5.360652887304481e-15,1.7763568394002505e-15,0.0002500000118743628
4733,ISM,100,1970,30,178,0.3439602449783498,0.02996855991811298,0.0014515999937430024
4734,DI,100,1970,30,179,5.020366695238023e-15,1.9984014443252818e-15,0.0009250000002793968
4735,WMI,100,1970,30,179,5.360652887304481e-15,1.7763568394002505e-15,0.000444200006313622
4736,ISM,100,1970,30,179,0.3439602449783498,0.02996855991811298,0.0009895999974105507
4737,DI,100,1970,30,180,5.020366695238023e-15,1.9984014443252818e-15,0.0007480999920517206
4738,WMI,100,1970,30,180,5.360652887304481e-15,1.7763568394002505e-15,0.00018269999418407679
4739,ISM,100,1970,30,180,0.3439602449783498,0.02996855991811298,0.0008189999789465219
4740,DI,100,1970,30,181,5.020366695238023e-15,1.9984014443252818e-15,0.0006639999919570982
4741,WMI,100,1970,30,181,5.360652887304481e-15,1.7763568394002505e-15,0.0001697000116109848
4742,ISM,100,1970,30,181,0.3439602449783498,0.02996855991811298,0.0006919000006746501
4743,DI,100,1970,30,182,5.020366695238023e-15,1.9984014443252818e-15,0.0007704999879933894
4744,WMI,100,1970,30,182,5.360652887304481e-15,1.7763568394002505e-15,0.00019759999122470617
4745,ISM,100,1970,30,182,0.3439602449783498,0.02996855991811298,0.0009431999933440238
4746,DI,100,1970,30,183,5.020366695238023e-15,1.9984014443252818e-15,0.0006776000082027167
4747,WMI,100,1970,30,183,5.360652887304481e-15,1.7763568394002505e-15,0.00017109999316744506
4748,ISM,100,1970,30,183,0.3439602449783498,0.02996855991811298,0.0008040000102482736
4749,DI,100,1970,30,184,5.020366695238023e-15,1.9984014443252818e-15,0.0005645999917760491
4750,WMI,100,1970,30,184,5.360652887304481e-15,1.7763568394002505e-15,0.00015659999917261302
4751,ISM,100,1970,30,184,0.3439602449783498,0.02996855991811298,0.0006806000019423664
4752,DI,100,1970,30,185,5.020366695238023e-15,1.9984014443252818e-15,0.000594900018768385
4753,WMI,100,1970,30,185,5.360652887304481e-15,1.7763568394002505e-15,0.00015690000145696104
4754,ISM,100,1970,30,185,0.3439602449783498,0.02996855991811298,0.0006873999955132604
4755,DI,100,1970,30,186,5.020366695238023e-15,1.9984014443252818e-15,0.0005533000221475959
4756,WMI,100,1970,30,186,5.360652887304481e-15,1.7763568394002505e-15,0.00015949999215081334
4757,ISM,100,1970,30,186,0.3439602449783498,0.02996855991811298,0.0006192000000737607
4758,DI,100,1970,30,187,5.020366695238023e-15,1.9984014443252818e-15,0.0005290000117383897
4759,WMI,100,1970,30,187,5.360652887304481e-15,1.7763568394002505e-15,0.00011650001397356391
4760,ISM,100,1970,30,187,0.3439602449783498,0.02996855991811298,0.0006273000035434961
4761,DI,100,1970,30,188,5.020366695238023e-15,1.9984014443252818e-15,0.0005776000034529716
4762,WMI,100,1970,30,188,5.360652887304481e-15,1.7763568394002505e-15,0.00014429999282583594
4763,ISM,100,1970,30,188,0.3439602449783498,0.02996855991811298,0.0006195000023581088
4764,DI,100,1970,30,189,5.020366695238023e-15,1.9984014443252818e-15,0.0005299999902490526
4765,WMI,100,1970,30,189,5.360652887304481e-15,1.7763568394002505e-15,0.00012760001118294895
4766,ISM,100,1970,30,189,0.3439602449783498,0.02996855991811298,0.0006257999921217561
4767,DI,100,1970,30,190,5.020366695238023e-15,1.9984014443252818e-15,0.0005410000158008188
4768,WMI,100,1970,30,190,5.360652887304481e-15,1.7763568394002505e-15,0.0001330000231973827
4769,ISM,100,1970,30,190,0.3439602449783498,0.02996855991811298,0.0006221999938134104
4770,DI,100,1970,30,191,5.020366695238023e-15,1.9984014443252818e-15,0.000666600011754781
4771,WMI,100,1970,30,191,5.360652887304481e-15,1.7763568394002505e-15,0.0001351000100839883
4772,ISM,100,1970,30,191,0.3439602449783498,0.02996855991811298,0.000623999978415668
4773,DI,100,1970,30,192,5.020366695238023e-15,1.9984014443252818e-15,0.0005627000064123422
4774,WMI,100,1970,30,192,5.360652887304481e-15,1.7763568394002505e-15,0.00014670001110062003
4775,ISM,100,1970,30,192,0.3439602449783498,0.02996855991811298,0.0006250000151339918
4776,DI,100,1970,30,193,5.020366695238023e-15,1.9984014443252818e-15,0.0005372999876271933
4777,WMI,100,1970,30,193,5.360652887304481e-15,1.7763568394002505e-15,0.00013229998876340687
4778,ISM,100,1970,30,193,0.3439602449783498,0.02996855991811298,0.0006188999977894127
4779,DI,100,1970,30,194,5.020366695238023e-15,1.9984014443252818e-15,0.000521400012075901
4780,WMI,100,1970,30,194,5.360652887304481e-15,1.7763568394002505e-15,0.00014910000027157366
4781,ISM,100,1970,30,194,0.3439602449783498,0.02996855991811298,0.0006240000075194985
4782,DI,100,1970,30,195,5.020366695238023e-15,1.9984014443252818e-15,0.0005032999906688929
4783,WMI,100,1970,30,195,5.360652887304481e-15,1.7763568394002505e-15,0.0001306000049225986
4784,ISM,100,1970,30,195,0.3439602449783498,0.02996855991811298,0.0006223999953363091
4785,DI,100,1970,30,196,5.020366695238023e-15,1.9984014443252818e-15,0.0005579999997280538
4786,WMI,100,1970,30,196,5.360652887304481e-15,1.7763568394002505e-15,0.00013979998766444623
4787,ISM,100,1970,30,196,0.3439602449783498,0.02996855991811298,0.0006198000046424568
4788,DI,100,1970,30,197,5.020366695238023e-15,1.9984014443252818e-15,0.00048019998939707875
4789,WMI,100,1970,30,197,5.360652887304481e-15,1.7763568394002505e-15,0.0001762000028975308
4790,ISM,100,1970,30,197,0.3439602449783498,0.02996855991811298,0.0006166999810375273
4791,DI,100,1970,30,198,5.020366695238023e-15,1.9984014443252818e-15,0.0005533000221475959
4792,WMI,100,1970,30,198,5.360652887304481e-15,1.7763568394002505e-15,0.0001364000199828297
4793,ISM,100,1970,30,198,0.3439602449783498,0.02996855991811298,0.0006244000105652958
4794,DI,100,1970,30,199,5.020366695238023e-15,1.9984014443252818e-15,0.0005289999826345593
4795,WMI,100,1970,30,199,5.360652887304481e-15,1.7763568394002505e-15,0.0001503999810665846
4796,ISM,100,1970,30,199,0.3439602449783498,0.02996855991811298,0.0006205000099726021
4797,DI,100,1970,30,200,5.020366695238023e-15,1.9984014443252818e-15,0.0005525999877136201
4798,WMI,100,1970,30,200,5.360652887304481e-15,1.7763568394002505e-15,0.00013610001769848168
4799,ISM,100,1970,30,200,0.3439602449783498,0.02996855991811298,0.0006224999960977584
4800,DI,100,1960,40,1,4.910897820974406e-15,1.5543122344752192e-15,0.001048100006300956
4801,WMI,100,1960,40,1,4.855638999270843e-15,1.2212453270876722e-15,0.0004987999855075032
4802,ISM,100,1960,40,1,0.413989745007187,0.03551165595892991,0.0013722000003326684
4803,DI,100,1960,40,2,4.910897820974406e-15,1.5543122344752192e-15,0.0007421000045724213
4804,WMI,100,1960,40,2,4.855638999270843e-15,1.2212453270876722e-15,0.0003313999914098531
4805,ISM,100,1960,40,2,0.413989745007187,0.03551165595892991,0.0008161999867297709
4806,DI,100,1960,40,3,4.910897820974406e-15,1.5543122344752192e-15,0.0011487000156193972
4807,WMI,100,1960,40,3,4.855638999270843e-15,1.2212453270876722e-15,0.0006420999998226762
4808,ISM,100,1960,40,3,0.413989745007187,0.03551165595892991,0.001048100006300956
4809,DI,100,1960,40,4,4.910897820974406e-15,1.5543122344752192e-15,0.0008409000001847744
4810,WMI,100,1960,40,4,4.855638999270843e-15,1.2212453270876722e-15,0.00047069997526705265
4811,ISM,100,1960,40,4,0.413989745007187,0.03551165595892991,0.0009849000198300928
4812,DI,100,1960,40,5,4.910897820974406e-15,1.5543122344752192e-15,0.0007233000069390982
4813,WMI,100,1960,40,5,4.855638999270843e-15,1.2212453270876722e-15,0.0002614000113680959
4814,ISM,100,1960,40,5,0.413989745007187,0.03551165595892991,0.0008172999951057136
4815,DI,100,1960,40,6,4.910897820974406e-15,1.5543122344752192e-15,0.0010793999827001244
4816,WMI,100,1960,40,6,4.855638999270843e-15,1.2212453270876722e-15,0.0007461000059265643
4817,ISM,100,1960,40,6,0.413989745007187,0.03551165595892991,0.0037008999788668007
4818,DI,100,1960,40,7,4.910897820974406e-15,1.5543122344752192e-15,0.0010961000225506723
4819,WMI,100,1960,40,7,4.855638999270843e-15,1.2212453270876722e-15,0.0005296999879647046
4820,ISM,100,1960,40,7,0.413989745007187,0.03551165595892991,0.002435500005958602
4821,DI,100,1960,40,8,4.910897820974406e-15,1.5543122344752192e-15,0.0008657000144012272
4822,WMI,100,1960,40,8,4.855638999270843e-15,1.2212453270876722e-15,0.00036619999445974827
4823,ISM,100,1960,40,8,0.413989745007187,0.03551165595892991,0.0017749999824445695
4824,DI,100,1960,40,9,4.910897820974406e-15,1.5543122344752192e-15,0.0010074999881908298
4825,WMI,100,1960,40,9,4.855638999270843e-15,1.2212453270876722e-15,0.0003946000069845468
4826,ISM,100,1960,40,9,0.413989745007187,0.03551165595892991,0.001354500011075288
4827,DI,100,1960,40,10,4.910897820974406e-15,1.5543122344752192e-15,0.0011397000052966177
4828,WMI,100,1960,40,10,4.855638999270843e-15,1.2212453270876722e-15,0.000381499994546175
4829,ISM,100,1960,40,10,0.413989745007187,0.03551165595892991,0.0009122999908868223
4830,DI,100,1960,40,11,4.910897820974406e-15,1.5543122344752192e-15,0.0009085000201594085
4831,WMI,100,1960,40,11,4.855638999270843e-15,1.2212453270876722e-15,0.0003671000013127923
4832,ISM,100,1960,40,11,0.413989745007187,0.03551165595892991,0.0008577000116929412
4833,DI,100,1960,40,12,4.910897820974406e-15,1.5543122344752192e-15,0.001119799999287352
4834,WMI,100,1960,40,12,4.855638999270843e-15,1.2212453270876722e-15,0.00037039999733678997
4835,ISM,100,1960,40,12,0.413989745007187,0.03551165595892991,0.0008206000202335417
4836,DI,100,1960,40,13,4.910897820974406e-15,1.5543122344752192e-15,0.0012336999934632331
4837,WMI,100,1960,40,13,4.855638999270843e-15,1.2212453270876722e-15,0.0006576000014320016
4838,ISM,100,1960,40,13,0.413989745007187,0.03551165595892991,0.0014690000098198652
4839,DI,100,1960,40,14,4.910897820974406e-15,1.5543122344752192e-15,0.0009274000185541809
4840,WMI,100,1960,40,14,4.855638999270843e-15,1.2212453270876722e-15,0.0004841000190936029
4841,ISM,100,1960,40,14,0.413989745007187,0.03551165595892991,0.000916799996048212
4842,DI,100,1960,40,15,4.910897820974406e-15,1.5543122344752192e-15,0.0009923999896273017
4843,WMI,100,1960,40,15,4.855638999270843e-15,1.2212453270876722e-15,0.0002857999934349209
4844,ISM,100,1960,40,15,0.413989745007187,0.03551165595892991,0.0008708999957889318
4845,DI,100,1960,40,16,4.910897820974406e-15,1.5543122344752192e-15,0.0009661000221967697
4846,WMI,100,1960,40,16,4.855638999270843e-15,1.2212453270876722e-15,0.00036059998092241585
4847,ISM,100,1960,40,16,0.413989745007187,0.03551165595892991,0.0008201999880839139
4848,DI,100,1960,40,17,4.910897820974406e-15,1.5543122344752192e-15,0.0011332999856676906
4849,WMI,100,1960,40,17,4.855638999270843e-15,1.2212453270876722e-15,0.00046010001096874475
4850,ISM,100,1960,40,17,0.413989745007187,0.03551165595892991,0.0008190000080503523
4851,DI,100,1960,40,18,4.910897820974406e-15,1.5543122344752192e-15,0.0015665999962948263
4852,WMI,100,1960,40,18,4.855638999270843e-15,1.2212453270876722e-15,0.0004507999983616173
4853,ISM,100,1960,40,18,0.413989745007187,0.03551165595892991,0.0008206000202335417
4854,DI,100,1960,40,19,4.910897820974406e-15,1.5543122344752192e-15,0.0011162000009790063
4855,WMI,100,1960,40,19,4.855638999270843e-15,1.2212453270876722e-15,0.0002282000205013901
4856,ISM,100,1960,40,19,0.413989745007187,0.03551165595892991,0.0011270999966654927
4857,DI,100,1960,40,20,4.910897820974406e-15,1.5543122344752192e-15,0.0009537999867461622
4858,WMI,100,1960,40,20,4.855638999270843e-15,1.2212453270876722e-15,0.0003163999936077744
4859,ISM,100,1960,40,20,0.413989745007187,0.03551165595892991,0.0008212999964598566
4860,DI,100,1960,40,21,4.910897820974406e-15,1.5543122344752192e-15,0.0009298000077251345
4861,WMI,100,1960,40,21,4.855638999270843e-15,1.2212453270876722e-15,0.0003346000157762319
4862,ISM,100,1960,40,21,0.413989745007187,0.03551165595892991,0.0008246000215876848
4863,DI,100,1960,40,22,4.910897820974406e-15,1.5543122344752192e-15,0.0008749999979045242
4864,WMI,100,1960,40,22,4.855638999270843e-15,1.2212453270876722e-15,0.0002920999831985682
4865,ISM,100,1960,40,22,0.413989745007187,0.03551165595892991,0.0008607000054325908
4866,DI,100,1960,40,23,4.910897820974406e-15,1.5543122344752192e-15,0.0019715999951586127
4867,WMI,100,1960,40,23,4.855638999270843e-15,1.2212453270876722e-15,0.0004110999871045351
4868,ISM,100,1960,40,23,0.413989745007187,0.03551165595892991,0.0008273000130429864
4869,DI,100,1960,40,24,4.910897820974406e-15,1.5543122344752192e-15,0.0009525999776087701
4870,WMI,100,1960,40,24,4.855638999270843e-15,1.2212453270876722e-15,0.00035020001814700663
4871,ISM,100,1960,40,24,0.413989745007187,0.03551165595892991,0.000818000000435859
4872,DI,100,1960,40,25,4.910897820974406e-15,1.5543122344752192e-15,0.0009860999998636544
4873,WMI,100,1960,40,25,4.855638999270843e-15,1.2212453270876722e-15,0.0004087999986950308
4874,ISM,100,1960,40,25,0.413989745007187,0.03551165595892991,0.0018007000035140663
4875,DI,100,1960,40,26,4.910897820974406e-15,1.5543122344752192e-15,0.0010289000056218356
4876,WMI,100,1960,40,26,4.855638999270843e-15,1.2212453270876722e-15,0.00041489998693577945
4877,ISM,100,1960,40,26,0.413989745007187,0.03551165595892991,0.0008573000086471438
4878,DI,100,1960,40,27,4.910897820974406e-15,1.5543122344752192e-15,0.0008864999981597066
4879,WMI,100,1960,40,27,4.855638999270843e-15,1.2212453270876722e-15,0.0004649000184144825
4880,ISM,100,1960,40,27,0.413989745007187,0.03551165595892991,0.001986999996006489
4881,DI,100,1960,40,28,4.910897820974406e-15,1.5543122344752192e-15,0.0010113999887835234
4882,WMI,100,1960,40,28,4.855638999270843e-15,1.2212453270876722e-15,0.0003462000167928636
4883,ISM,100,1960,40,28,0.413989745007187,0.03551165595892991,0.0012758999946527183
4884,DI,100,1960,40,29,4.910897820974406e-15,1.5543122344752192e-15,0.00092299998505041
4885,WMI,100,1960,40,29,4.855638999270843e-15,1.2212453270876722e-15,0.00034589998540468514
4886,ISM,100,1960,40,29,0.413989745007187,0.03551165595892991,0.001799999998183921
4887,DI,100,1960,40,30,4.910897820974406e-15,1.5543122344752192e-15,0.0008873000042513013
4888,WMI,100,1960,40,30,4.855638999270843e-15,1.2212453270876722e-15,0.0003623999946285039
4889,ISM,100,1960,40,30,0.413989745007187,0.03551165595892991,0.000821099994936958
4890,DI,100,1960,40,31,4.910897820974406e-15,1.5543122344752192e-15,0.0009547999943606555
4891,WMI,100,1960,40,31,4.855638999270843e-15,1.2212453270876722e-15,0.00040309998439624906
4892,ISM,100,1960,40,31,0.413989745007187,0.03551165595892991,0.0015357999945990741
4893,DI,100,1960,40,32,4.910897820974406e-15,1.5543122344752192e-15,0.0008819999929983169
4894,WMI,100,1960,40,32,4.855638999270843e-15,1.2212453270876722e-15,0.00045009999303147197
4895,ISM,100,1960,40,32,0.413989745007187,0.03551165595892991,0.0016991000156849623
4896,DI,100,1960,40,33,4.910897820974406e-15,1.5543122344752192e-15,0.0008721000049263239
4897,WMI,100,1960,40,33,4.855638999270843e-15,1.2212453270876722e-15,0.00028989999555051327
4898,ISM,100,1960,40,33,0.413989745007187,0.03551165595892991,0.0008402000239584595
4899,DI,100,1960,40,34,4.910897820974406e-15,1.5543122344752192e-15,0.0009225000103469938
4900,WMI,100,1960,40,34,4.855638999270843e-15,1.2212453270876722e-15,0.00044040000648237765
4901,ISM,100,1960,40,34,0.413989745007187,0.03551165595892991,0.0016416999860666692
4902,DI,100,1960,40,35,4.910897820974406e-15,1.5543122344752192e-15,0.0009033999813254923
4903,WMI,100,1960,40,35,4.855638999270843e-15,1.2212453270876722e-15,0.00044430000707507133
4904,ISM,100,1960,40,35,0.413989745007187,0.03551165595892991,0.0017003999964799732
4905,DI,100,1960,40,36,4.910897820974406e-15,1.5543122344752192e-15,0.0009491999808233231
4906,WMI,100,1960,40,36,4.855638999270843e-15,1.2212453270876722e-15,0.00045779999345541
4907,ISM,100,1960,40,36,0.413989745007187,0.03551165595892991,0.0018152999982703477
4908,DI,100,1960,40,37,4.910897820974406e-15,1.5543122344752192e-15,0.0009262000094167888
4909,WMI,100,1960,40,37,4.855638999270843e-15,1.2212453270876722e-15,0.00036399997770786285
4910,ISM,100,1960,40,37,0.413989745007187,0.03551165595892991,0.0009982999763451517
4911,DI,100,1960,40,38,4.910897820974406e-15,1.5543122344752192e-15,0.0008800999785307795
4912,WMI,100,1960,40,38,4.855638999270843e-15,1.2212453270876722e-15,0.00033459998667240143
4913,ISM,100,1960,40,38,0.413989745007187,0.03551165595892991,0.0008744000224396586
4914,DI,100,1960,40,39,4.910897820974406e-15,1.5543122344752192e-15,0.0009788000024855137
4915,WMI,100,1960,40,39,4.855638999270843e-15,1.2212453270876722e-15,0.0002955000090878457
4916,ISM,100,1960,40,39,0.413989745007187,0.03551165595892991,0.0008636999991722405
4917,DI,100,1960,40,40,4.910897820974406e-15,1.5543122344752192e-15,0.0010023000068031251
4918,WMI,100,1960,40,40,4.855638999270843e-15,1.2212453270876722e-15,0.0004484000091906637
4919,ISM,100,1960,40,40,0.413989745007187,0.03551165595892991,0.001830199995310977
4920,DI,100,1960,40,41,4.910897820974406e-15,1.5543122344752192e-15,0.0009982999763451517
4921,WMI,100,1960,40,41,4.855638999270843e-15,1.2212453270876722e-15,0.0004454999871086329
4922,ISM,100,1960,40,41,0.413989745007187,0.03551165595892991,0.0008864999981597066
4923,DI,100,1960,40,42,4.910897820974406e-15,1.5543122344752192e-15,0.0009278999932575971
4924,WMI,100,1960,40,42,4.855638999270843e-15,1.2212453270876722e-15,0.00037059999885968864
4925,ISM,100,1960,40,42,0.413989745007187,0.03551165595892991,0.0016939000051934272
4926,DI,100,1960,40,43,4.910897820974406e-15,1.5543122344752192e-15,0.0008662000182084739
4927,WMI,100,1960,40,43,4.855638999270843e-15,1.2212453270876722e-15,0.0003105000068899244
4928,ISM,100,1960,40,43,0.413989745007187,0.03551165595892991,0.001828699983889237
4929,DI,100,1960,40,44,4.910897820974406e-15,1.5543122344752192e-15,0.0009215000027325004
4930,WMI,100,1960,40,44,4.855638999270843e-15,1.2212453270876722e-15,0.00027799999224953353
4931,ISM,100,1960,40,44,0.413989745007187,0.03551165595892991,0.0007956000044941902
4932,DI,100,1960,40,45,4.910897820974406e-15,1.5543122344752192e-15,0.000979800010100007
4933,WMI,100,1960,40,45,4.855638999270843e-15,1.2212453270876722e-15,0.0005135000101290643
4934,ISM,100,1960,40,45,0.413989745007187,0.03551165595892991,0.0007943999953567982
4935,DI,100,1960,40,46,4.910897820974406e-15,1.5543122344752192e-15,0.000809600023785606
4936,WMI,100,1960,40,46,4.855638999270843e-15,1.2212453270876722e-15,0.00038570002652704716
4937,ISM,100,1960,40,46,0.413989745007187,0.03551165595892991,0.0017324999789707363
4938,DI,100,1960,40,47,4.910897820974406e-15,1.5543122344752192e-15,0.0008405999979004264
4939,WMI,100,1960,40,47,4.855638999270843e-15,1.2212453270876722e-15,0.0004243000003043562
4940,ISM,100,1960,40,47,0.413989745007187,0.03551165595892991,0.0017155999958049506
4941,DI,100,1960,40,48,4.910897820974406e-15,1.5543122344752192e-15,0.0008726000087335706
4942,WMI,100,1960,40,48,4.855638999270843e-15,1.2212453270876722e-15,0.0004098000063095242
4943,ISM,100,1960,40,48,0.413989745007187,0.03551165595892991,0.0008303999784402549
4944,DI,100,1960,40,49,4.910897820974406e-15,1.5543122344752192e-15,0.0009398999973200262
4945,WMI,100,1960,40,49,4.855638999270843e-15,1.2212453270876722e-15,0.0003176000027451664
4946,ISM,100,1960,40,49,0.413989745007187,0.03551165595892991,0.0008006999851204455
4947,DI,100,1960,40,50,4.910897820974406e-15,1.5543122344752192e-15,0.0010055000020656735
4948,WMI,100,1960,40,50,4.855638999270843e-15,1.2212453270876722e-15,0.0005484000139404088
4949,ISM,100,1960,40,50,0.413989745007187,0.03551165595892991,0.0017128999752458185
4950,DI,100,1960,40,51,4.910897820974406e-15,1.5543122344752192e-15,0.000840199994854629
4951,WMI,100,1960,40,51,4.855638999270843e-15,1.2212453270876722e-15,0.00030869999318383634
4952,ISM,100,1960,40,51,0.413989745007187,0.03551165595892991,0.0012320000096224248
4953,DI,100,1960,40,52,4.910897820974406e-15,1.5543122344752192e-15,0.000985999999102205
4954,WMI,100,1960,40,52,4.855638999270843e-15,1.2212453270876722e-15,0.00036070001078769565
4955,ISM,100,1960,40,52,0.413989745007187,0.03551165595892991,0.0009948999795597047
4956,DI,100,1960,40,53,4.910897820974406e-15,1.5543122344752192e-15,0.0008944000001065433
4957,WMI,100,1960,40,53,4.855638999270843e-15,1.2212453270876722e-15,0.0003076000139117241
4958,ISM,100,1960,40,53,0.413989745007187,0.03551165595892991,0.0008005999843589962
4959,DI,100,1960,40,54,4.910897820974406e-15,1.5543122344752192e-15,0.0009138000023085624
4960,WMI,100,1960,40,54,4.855638999270843e-15,1.2212453270876722e-15,0.00035119999665766954
4961,ISM,100,1960,40,54,0.413989745007187,0.03551165595892991,0.0008299000037368387
4962,DI,100,1960,40,55,4.910897820974406e-15,1.5543122344752192e-15,0.0007656000088900328
4963,WMI,100,1960,40,55,4.855638999270843e-15,1.2212453270876722e-15,0.0003980000037699938
4964,ISM,100,1960,40,55,0.413989745007187,0.03551165595892991,0.001676699990639463
4965,DI,100,1960,40,56,4.910897820974406e-15,1.5543122344752192e-15,0.0008544000156689435
4966,WMI,100,1960,40,56,4.855638999270843e-15,1.2212453270876722e-15,0.00042409999878145754
4967,ISM,100,1960,40,56,0.413989745007187,0.03551165595892991,0.0007995000050868839
4968,DI,100,1960,40,57,4.910897820974406e-15,1.5543122344752192e-15,0.0008966000168584287
4969,WMI,100,1960,40,57,4.855638999270843e-15,1.2212453270876722e-15,0.00035429999115876853
4970,ISM,100,1960,40,57,0.413989745007187,0.03551165595892991,0.0007924000092316419
4971,DI,100,1960,40,58,4.910897820974406e-15,1.5543122344752192e-15,0.0008893999911379069
4972,WMI,100,1960,40,58,4.855638999270843e-15,1.2212453270876722e-15,0.00035840002237819135
4973,ISM,100,1960,40,58,0.413989745007187,0.03551165595892991,0.0007906000246293843
4974,DI,100,1960,40,59,4.910897820974406e-15,1.5543122344752192e-15,0.0008700000180397183
4975,WMI,100,1960,40,59,4.855638999270843e-15,1.2212453270876722e-15,0.0004228000179864466
4976,ISM,100,1960,40,59,0.413989745007187,0.03551165595892991,0.0022068000107537955
4977,DI,100,1960,40,60,4.910897820974406e-15,1.5543122344752192e-15,0.0011408999853301793
4978,WMI,100,1960,40,60,4.855638999270843e-15,1.2212453270876722e-15,0.00024870000197552145
4979,ISM,100,1960,40,60,0.413989745007187,0.03551165595892991,0.0007994000043254346
4980,DI,100,1960,40,61,4.910897820974406e-15,1.5543122344752192e-15,0.0006876999977976084
4981,WMI,100,1960,40,61,4.855638999270843e-15,1.2212453270876722e-15,0.00037319998955354095
4982,ISM,100,1960,40,61,0.413989745007187,0.03551165595892991,0.0017183999880217016
4983,DI,100,1960,40,62,4.910897820974406e-15,1.5543122344752192e-15,0.0007825999928172678
4984,WMI,100,1960,40,62,4.855638999270843e-15,1.2212453270876722e-15,0.0003208999987691641
4985,ISM,100,1960,40,62,0.413989745007187,0.03551165595892991,0.0015155000146478415
4986,DI,100,1960,40,63,4.910897820974406e-15,1.5543122344752192e-15,0.0006438999844249338
4987,WMI,100,1960,40,63,4.855638999270843e-15,1.2212453270876722e-15,0.00026030000299215317
4988,ISM,100,1960,40,63,0.413989745007187,0.03551165595892991,0.0010929999989457428
4989,DI,100,1960,40,64,4.910897820974406e-15,1.5543122344752192e-15,0.0005797999911010265
4990,WMI,100,1960,40,64,4.855638999270843e-15,1.2212453270876722e-15,0.00020899999071843922
4991,ISM,100,1960,40,64,0.413989745007187,0.03551165595892991,0.000891500007128343
4992,DI,100,1960,40,65,4.910897820974406e-15,1.5543122344752192e-15,0.0005323000077623874
4993,WMI,100,1960,40,65,4.855638999270843e-15,1.2212453270876722e-15,0.0002086999884340912
4994,ISM,100,1960,40,65,0.413989745007187,0.03551165595892991,0.0007920000061858445
4995,DI,100,1960,40,66,4.910897820974406e-15,1.5543122344752192e-15,0.0005203000036999583
4996,WMI,100,1960,40,66,4.855638999270843e-15,1.2212453270876722e-15,0.00019459999748505652
4997,ISM,100,1960,40,66,0.413989745007187,0.03551165595892991,0.0008020999957807362
4998,DI,100,1960,40,67,4.910897820974406e-15,1.5543122344752192e-15,0.0005233999982010573
4999,WMI,100,1960,40,67,4.855638999270843e-15,1.2212453270876722e-15,0.00023629999486729503
5000,ISM,100,1960,40,67,0.413989745007187,0.03551165595892991,0.0008006999851204455
5001,DI,100,1960,40,68,4.910897820974406e-15,1.5543122344752192e-15,0.0005400999798439443
5002,WMI,100,1960,40,68,4.855638999270843e-15,1.2212453270876722e-15,0.00022459999308921397
5003,ISM,100,1960,40,68,0.413989745007187,0.03551165595892991,0.0007925000099930912
5004,DI,100,1960,40,69,4.910897820974406e-15,1.5543122344752192e-15,0.0005462999979499727
5005,WMI,100,1960,40,69,4.855638999270843e-15,1.2212453270876722e-15,0.00020080001559108496
5006,ISM,100,1960,40,69,0.413989745007187,0.03551165595892991,0.0007965999830048531
5007,DI,100,1960,40,70,4.910897820974406e-15,1.5543122344752192e-15,0.0005166000046301633
5008,WMI,100,1960,40,70,4.855638999270843e-15,1.2212453270876722e-15,0.0002083999861497432
5009,ISM,100,1960,40,70,0.413989745007187,0.03551165595892991,0.0007978000212460756
5010,DI,100,1960,40,71,4.910897820974406e-15,1.5543122344752192e-15,0.0005294000147841871
5011,WMI,100,1960,40,71,4.855638999270843e-15,1.2212453270876722e-15,0.00021539998124353588
5012,ISM,100,1960,40,71,0.413989745007187,0.03551165595892991,0.0007944999961182475
5013,DI,100,1960,40,72,4.910897820974406e-15,1.5543122344752192e-15,0.000521400012075901
5014,WMI,100,1960,40,72,4.855638999270843e-15,1.2212453270876722e-15,0.00021529998048208654
5015,ISM,100,1960,40,72,0.413989745007187,0.03551165595892991,0.0007901000208221376
5016,DI,100,1960,40,73,4.910897820974406e-15,1.5543122344752192e-15,0.0005197999998927116
5017,WMI,100,1960,40,73,4.855638999270843e-15,1.2212453270876722e-15,0.00020629999926313758
5018,ISM,100,1960,40,73,0.413989745007187,0.03551165595892991,0.0007933999877423048
5019,DI,100,1960,40,74,4.910897820974406e-15,1.5543122344752192e-15,0.0006051999807823449
5020,WMI,100,1960,40,74,4.855638999270843e-15,1.2212453270876722e-15,0.00022489999537356198
5021,ISM,100,1960,40,74,0.413989745007187,0.03551165595892991,0.0007963000098243356
5022,DI,100,1960,40,75,4.910897820974406e-15,1.5543122344752192e-15,0.000536899984581396
5023,WMI,100,1960,40,75,4.855638999270843e-15,1.2212453270876722e-15,0.00020050001330673695
5024,ISM,100,1960,40,75,0.413989745007187,0.03551165595892991,0.0009553999989293516
5025,DI,100,1960,40,76,4.910897820974406e-15,1.5543122344752192e-15,0.0008090999908745289
5026,WMI,100,1960,40,76,4.855638999270843e-15,1.2212453270876722e-15,0.0003119000175502151
5027,ISM,100,1960,40,76,0.413989745007187,0.03551165595892991,0.0007974000182002783
5028,DI,100,1960,40,77,4.910897820974406e-15,1.5543122344752192e-15,0.0006794999935664237
5029,WMI,100,1960,40,77,4.855638999270843e-15,1.2212453270876722e-15,0.000242199981585145
5030,ISM,100,1960,40,77,0.413989745007187,0.03551165595892991,0.0009059000003617257
5031,DI,100,1960,40,78,4.910897820974406e-15,1.5543122344752192e-15,0.001055800006724894
5032,WMI,100,1960,40,78,4.855638999270843e-15,1.2212453270876722e-15,0.0006299999949987978
5033,ISM,100,1960,40,78,0.413989745007187,0.03551165595892991,0.0007940999930724502
5034,DI,100,1960,40,79,4.910897820974406e-15,1.5543122344752192e-15,0.0011303999926894903
5035,WMI,100,1960,40,79,4.855638999270843e-15,1.2212453270876722e-15,0.0005864000122528523
5036,ISM,100,1960,40,79,0.413989745007187,0.03551165595892991,0.0038847999821882695
5037,DI,100,1960,40,80,4.910897820974406e-15,1.5543122344752192e-15,0.0013829999952577055
5038,WMI,100,1960,40,80,4.855638999270843e-15,1.2212453270876722e-15,0.00020939999376423657
5039,ISM,100,1960,40,80,0.413989745007187,0.03551165595892991,0.0009178000036627054
5040,DI,100,1960,40,81,4.910897820974406e-15,1.5543122344752192e-15,0.0009110000100918114
5041,WMI,100,1960,40,81,4.855638999270843e-15,1.2212453270876722e-15,0.0004853999998886138
5042,ISM,100,1960,40,81,0.413989745007187,0.03551165595892991,0.0008481999975629151
5043,DI,100,1960,40,82,4.910897820974406e-15,1.5543122344752192e-15,0.0005735000013373792
5044,WMI,100,1960,40,82,4.855638999270843e-15,1.2212453270876722e-15,0.00021119997836649418
5045,ISM,100,1960,40,82,0.413989745007187,0.03551165595892991,0.0008002000104170293
5046,DI,100,1960,40,83,4.910897820974406e-15,1.5543122344752192e-15,0.0005330000130925328
5047,WMI,100,1960,40,83,4.855638999270843e-15,1.2212453270876722e-15,0.0002468999882694334
5048,ISM,100,1960,40,83,0.413989745007187,0.03551165595892991,0.0008416000055149198
5049,DI,100,1960,40,84,4.910897820974406e-15,1.5543122344752192e-15,0.0008375000033993274
5050,WMI,100,1960,40,84,4.855638999270843e-15,1.2212453270876722e-15,0.0004121999954804778
5051,ISM,100,1960,40,84,0.413989745007187,0.03551165595892991,0.0011063999845646322
5052,DI,100,1960,40,85,4.910897820974406e-15,1.5543122344752192e-15,0.0007890999841038138
5053,WMI,100,1960,40,85,4.855638999270843e-15,1.2212453270876722e-15,0.00031790000502951443
5054,ISM,100,1960,40,85,0.413989745007187,0.03551165595892991,0.0019648000015877187
5055,DI,100,1960,40,86,4.910897820974406e-15,1.5543122344752192e-15,0.0007425999792758375
5056,WMI,100,1960,40,86,4.855638999270843e-15,1.2212453270876722e-15,0.0003834999806713313
5057,ISM,100,1960,40,86,0.413989745007187,0.03551165595892991,0.0009839000122155994
5058,DI,100,1960,40,87,4.910897820974406e-15,1.5543122344752192e-15,0.0009648999839555472
5059,WMI,100,1960,40,87,4.855638999270843e-15,1.2212453270876722e-15,0.0005969000048935413
5060,ISM,100,1960,40,87,0.413989745007187,0.03551165595892991,0.001686899980995804
5061,DI,100,1960,40,88,4.910897820974406e-15,1.5543122344752192e-15,0.0007832999981474131
5062,WMI,100,1960,40,88,4.855638999270843e-15,1.2212453270876722e-15,0.00039400000241585076
5063,ISM,100,1960,40,88,0.413989745007187,0.03551165595892991,0.0017989999905694276
5064,DI,100,1960,40,89,4.910897820974406e-15,1.5543122344752192e-15,0.0008003999828360975
5065,WMI,100,1960,40,89,4.855638999270843e-15,1.2212453270876722e-15,0.00030350001179613173
5066,ISM,100,1960,40,89,0.413989745007187,0.03551165595892991,0.0008948000031523407
5067,DI,100,1960,40,90,4.910897820974406e-15,1.5543122344752192e-15,0.0008040999819058925
5068,WMI,100,1960,40,90,4.855638999270843e-15,1.2212453270876722e-15,0.0003896999987773597
5069,ISM,100,1960,40,90,0.413989745007187,0.03551165595892991,0.001717500010272488
5070,DI,100,1960,40,91,4.910897820974406e-15,1.5543122344752192e-15,0.0008448000007774681
5071,WMI,100,1960,40,91,4.855638999270843e-15,1.2212453270876722e-15,0.0004894000012427568
5072,ISM,100,1960,40,91,0.413989745007187,0.03551165595892991,0.0019573000026866794
5073,DI,100,1960,40,92,4.910897820974406e-15,1.5543122344752192e-15,0.0010207000013906509
5074,WMI,100,1960,40,92,4.855638999270843e-15,1.2212453270876722e-15,0.0008126999891828746
5075,ISM,100,1960,40,92,0.413989745007187,0.03551165595892991,0.0017555999802425504
5076,DI,100,1960,40,93,4.910897820974406e-15,1.5543122344752192e-15,0.0009726999851409346
5077,WMI,100,1960,40,93,4.855638999270843e-15,1.2212453270876722e-15,0.0004257999826222658
5078,ISM,100,1960,40,93,0.413989745007187,0.03551165595892991,0.001709500007564202
5079,DI,100,1960,40,94,4.910897820974406e-15,1.5543122344752192e-15,0.0009531000105198473
5080,WMI,100,1960,40,94,4.855638999270843e-15,1.2212453270876722e-15,0.000430900021456182
5081,ISM,100,1960,40,94,0.413989745007187,0.03551165595892991,0.0017441000090911984
5082,DI,100,1960,40,95,4.910897820974406e-15,1.5543122344752192e-15,0.0010083999950438738
5083,WMI,100,1960,40,95,4.855638999270843e-15,1.2212453270876722e-15,0.00042619998566806316
5084,ISM,100,1960,40,95,0.413989745007187,0.03551165595892991,0.0018972000107169151
5085,DI,100,1960,40,96,4.910897820974406e-15,1.5543122344752192e-15,0.0007840000034775585
5086,WMI,100,1960,40,96,4.855638999270843e-15,1.2212453270876722e-15,0.00033260000054724514
5087,ISM,100,1960,40,96,0.413989745007187,0.03551165595892991,0.0012910000223200768
5088,DI,100,1960,40,97,4.910897820974406e-15,1.5543122344752192e-15,0.0007916000031400472
5089,WMI,100,1960,40,97,4.855638999270843e-15,1.2212453270876722e-15,0.00033989999792538583
5090,ISM,100,1960,40,97,0.413989745007187,0.03551165595892991,0.0010953000164590776
5091,DI,100,1960,40,98,4.910897820974406e-15,1.5543122344752192e-15,0.0008042999834287912
5092,WMI,100,1960,40,98,4.855638999270843e-15,1.2212453270876722e-15,0.00028500001644715667
5093,ISM,100,1960,40,98,0.413989745007187,0.03551165595892991,0.0009295999770984054
5094,DI,100,1960,40,99,4.910897820974406e-15,1.5543122344752192e-15,0.0007415000000037253
5095,WMI,100,1960,40,99,4.855638999270843e-15,1.2212453270876722e-15,0.00027400001999922097
5096,ISM,100,1960,40,99,0.413989745007187,0.03551165595892991,0.0012303999974392354
5097,DI,100,1960,40,100,4.910897820974406e-15,1.5543122344752192e-15,0.0006394000083673745
5098,WMI,100,1960,40,100,4.855638999270843e-15,1.2212453270876722e-15,0.00023919998784549534
5099,ISM,100,1960,40,100,0.413989745007187,0.03551165595892991,0.0010840999893844128
5100,DI,100,1960,40,101,4.910897820974406e-15,1.5543122344752192e-15,0.0006362999847624451
5101,WMI,100,1960,40,101,4.855638999270843e-15,1.2212453270876722e-15,0.00023510001483373344
5102,ISM,100,1960,40,101,0.413989745007187,0.03551165595892991,0.0008873000042513013
5103,DI,100,1960,40,102,4.910897820974406e-15,1.5543122344752192e-15,0.0009580999903846532
5104,WMI,100,1960,40,102,4.855638999270843e-15,1.2212453270876722e-15,0.00025770001229830086
5105,ISM,100,1960,40,102,0.413989745007187,0.03551165595892991,0.0009136999724432826
5106,DI,100,1960,40,103,4.910897820974406e-15,1.5543122344752192e-15,0.0005425999988801777
5107,WMI,100,1960,40,103,4.855638999270843e-15,1.2212453270876722e-15,0.00020760000916197896
5108,ISM,100,1960,40,103,0.413989745007187,0.03551165595892991,0.0008501999836880714
5109,DI,100,1960,40,104,4.910897820974406e-15,1.5543122344752192e-15,0.000518300017574802
5110,WMI,100,1960,40,104,4.855638999270843e-15,1.2212453270876722e-15,0.00021299999207258224
5111,ISM,100,1960,40,104,0.413989745007187,0.03551165595892991,0.0008082000131253153
5112,DI,100,1960,40,105,4.910897820974406e-15,1.5543122344752192e-15,0.0005315000016707927
5113,WMI,100,1960,40,105,4.855638999270843e-15,1.2212453270876722e-15,0.0002004000125452876
5114,ISM,100,1960,40,105,0.413989745007187,0.03551165595892991,0.0007978000212460756
5115,DI,100,1960,40,106,4.910897820974406e-15,1.5543122344752192e-15,0.0004981000092811882
5116,WMI,100,1960,40,106,4.855638999270843e-15,1.2212453270876722e-15,0.00020450001466087997
5117,ISM,100,1960,40,106,0.413989745007187,0.03551165595892991,0.0008095999946817756
5118,DI,100,1960,40,107,4.910897820974406e-15,1.5543122344752192e-15,0.0005190999945625663
5119,WMI,100,1960,40,107,4.855638999270843e-15,1.2212453270876722e-15,0.00019880000036209822
5120,ISM,100,1960,40,107,0.413989745007187,0.03551165595892991,0.0007932999869808555
5121,DI,100,1960,40,108,4.910897820974406e-15,1.5543122344752192e-15,0.000502600014442578
5122,WMI,100,1960,40,108,4.855638999270843e-15,1.2212453270876722e-15,0.00020070001482963562
5123,ISM,100,1960,40,108,0.413989745007187,0.03551165595892991,0.0008045000140555203
5124,DI,100,1960,40,109,4.910897820974406e-15,1.5543122344752192e-15,0.0005009000014979392
5125,WMI,100,1960,40,109,4.855638999270843e-15,1.2212453270876722e-15,0.0002072000061161816
5126,ISM,100,1960,40,109,0.413989745007187,0.03551165595892991,0.0008094999939203262
5127,DI,100,1960,40,110,4.910897820974406e-15,1.5543122344752192e-15,0.001700200024060905
5128,WMI,100,1960,40,110,4.855638999270843e-15,1.2212453270876722e-15,0.0002597999991849065
5129,ISM,100,1960,40,110,0.413989745007187,0.03551165595892991,0.0009447000047657639
5130,DI,100,1960,40,111,4.910897820974406e-15,1.5543122344752192e-15,0.0005176000122446567
5131,WMI,100,1960,40,111,4.855638999270843e-15,1.2212453270876722e-15,0.00023129998589865863
5132,ISM,100,1960,40,111,0.413989745007187,0.03551165595892991,0.0007973999890964478
5133,DI,100,1960,40,112,4.910897820974406e-15,1.5543122344752192e-15,0.0006040000007487833
5134,WMI,100,1960,40,112,4.855638999270843e-15,1.2212453270876722e-15,0.00022239997633732855
5135,ISM,100,1960,40,112,0.413989745007187,0.03551165595892991,0.0007974000182002783
5136,DI,100,1960,40,113,4.910897820974406e-15,1.5543122344752192e-15,0.0005361000075936317
5137,WMI,100,1960,40,113,4.855638999270843e-15,1.2212453270876722e-15,0.0002060999977402389
5138,ISM,100,1960,40,113,0.413989745007187,0.03551165595892991,0.0007926000107545406
5139,DI,100,1960,40,114,4.910897820974406e-15,1.5543122344752192e-15,0.0004903000080958009
5140,WMI,100,1960,40,114,4.855638999270843e-15,1.2212453270876722e-15,0.00020060001406818628
5141,ISM,100,1960,40,114,0.413989745007187,0.03551165595892991,0.0007899999909568578
5142,DI,100,1960,40,115,4.910897820974406e-15,1.5543122344752192e-15,0.0005135000101290643
5143,WMI,100,1960,40,115,4.855638999270843e-15,1.2212453270876722e-15,0.00022220000391826034
5144,ISM,100,1960,40,115,0.413989745007187,0.03551165595892991,0.0008168000204022974
5145,DI,100,1960,40,116,4.910897820974406e-15,1.5543122344752192e-15,0.0005188000213820487
5146,WMI,100,1960,40,116,4.855638999270843e-15,1.2212453270876722e-15,0.00019880000036209822
5147,ISM,100,1960,40,116,0.413989745007187,0.03551165595892991,0.0007936000183690339
5148,DI,100,1960,40,117,4.910897820974406e-15,1.5543122344752192e-15,0.0005084000003989786
5149,WMI,100,1960,40,117,4.855638999270843e-15,1.2212453270876722e-15,0.00020519999088719487
5150,ISM,100,1960,40,117,0.413989745007187,0.03551165595892991,0.0007896999886725098
5151,DI,100,1960,40,118,4.910897820974406e-15,1.5543122344752192e-15,0.0005543000006582588
5152,WMI,100,1960,40,118,4.855638999270843e-15,1.2212453270876722e-15,0.00020480001694522798
5153,ISM,100,1960,40,118,0.413989745007187,0.03551165595892991,0.0009686999837867916
5154,DI,100,1960,40,119,4.910897820974406e-15,1.5543122344752192e-15,0.0007269000052474439
5155,WMI,100,1960,40,119,4.855638999270843e-15,1.2212453270876722e-15,0.0003152000135742128
5156,ISM,100,1960,40,119,0.413989745007187,0.03551165595892991,0.0008039999811444432
5157,DI,100,1960,40,120,4.910897820974406e-15,1.5543122344752192e-15,0.0007845000072848052
5158,WMI,100,1960,40,120,4.855638999270843e-15,1.2212453270876722e-15,0.0004132000030949712
5159,ISM,100,1960,40,120,0.413989745007187,0.03551165595892991,0.0009430000209249556
5160,DI,100,1960,40,121,4.910897820974406e-15,1.5543122344752192e-15,0.0007830999966245145
5161,WMI,100,1960,40,121,4.855638999270843e-15,1.2212453270876722e-15,0.0002550000208429992
5162,ISM,100,1960,40,121,0.413989745007187,0.03551165595892991,0.0007939999923110008
5163,DI,100,1960,40,122,4.910897820974406e-15,1.5543122344752192e-15,0.0009037000127136707
5164,WMI,100,1960,40,122,4.855638999270843e-15,1.2212453270876722e-15,0.00040190000436268747
5165,ISM,100,1960,40,122,0.413989745007187,0.03551165595892991,0.003211799979908392
5166,DI,100,1960,40,123,4.910897820974406e-15,1.5543122344752192e-15,0.0013633999915327877
5167,WMI,100,1960,40,123,4.855638999270843e-15,1.2212453270876722e-15,0.00046359997941181064
5168,ISM,100,1960,40,123,0.413989745007187,0.03551165595892991,0.001138299994636327
5169,DI,100,1960,40,124,4.910897820974406e-15,1.5543122344752192e-15,0.0009262999810744077
5170,WMI,100,1960,40,124,4.855638999270843e-15,1.2212453270876722e-15,0.0005818000063300133
5171,ISM,100,1960,40,124,0.413989745007187,0.03551165595892991,0.0008044999849516898
5172,DI,100,1960,40,125,4.910897820974406e-15,1.5543122344752192e-15,0.0007266000029630959
5173,WMI,100,1960,40,125,4.855638999270843e-15,1.2212453270876722e-15,0.00032830002601258457
5174,ISM,100,1960,40,125,0.413989745007187,0.03551165595892991,0.0008948000031523407
5175,DI,100,1960,40,126,4.910897820974406e-15,1.5543122344752192e-15,0.0006593000143766403
5176,WMI,100,1960,40,126,4.855638999270843e-15,1.2212453270876722e-15,0.0003628999984357506
5177,ISM,100,1960,40,126,0.413989745007187,0.03551165595892991,0.0007995999767445028
5178,DI,100,1960,40,127,4.910897820974406e-15,1.5543122344752192e-15,0.0007187000010162592
5179,WMI,100,1960,40,127,4.855638999270843e-15,1.2212453270876722e-15,0.00031159998616203666
5180,ISM,100,1960,40,127,0.413989745007187,0.03551165595892991,0.0007935999892652035
5181,DI,100,1960,40,128,4.910897820974406e-15,1.5543122344752192e-15,0.0006381999992299825
5182,WMI,100,1960,40,128,4.855638999270843e-15,1.2212453270876722e-15,0.0002896000223699957
5183,ISM,100,1960,40,128,0.413989745007187,0.03551165595892991,0.0007921000069472939
5184,DI,100,1960,40,129,4.910897820974406e-15,1.5543122344752192e-15,0.0006633000157307833
5185,WMI,100,1960,40,129,4.855638999270843e-15,1.2212453270876722e-15,0.0003312000189907849
5186,ISM,100,1960,40,129,0.413989745007187,0.03551165595892991,0.0011660000018309802
5187,DI,100,1960,40,130,4.910897820974406e-15,1.5543122344752192e-15,0.0009698999929241836
5188,WMI,100,1960,40,130,4.855638999270843e-15,1.2212453270876722e-15,0.0004157000221312046
5189,ISM,100,1960,40,130,0.413989745007187,0.03551165595892991,0.0016922999930102378
5190,DI,100,1960,40,131,4.910897820974406e-15,1.5543122344752192e-15,0.0007080000068526715
5191,WMI,100,1960,40,131,4.855638999270843e-15,1.2212453270876722e-15,0.00034970001433975995
5192,ISM,100,1960,40,131,0.413989745007187,0.03551165595892991,0.003839699988020584
5193,DI,100,1960,40,132,4.910897820974406e-15,1.5543122344752192e-15,0.0011576999968383461
5194,WMI,100,1960,40,132,4.855638999270843e-15,1.2212453270876722e-15,0.000321599974995479
5195,ISM,100,1960,40,132,0.413989745007187,0.03551165595892991,0.0016808999935165048
5196,DI,100,1960,40,133,4.910897820974406e-15,1.5543122344752192e-15,0.0009441000001970679
5197,WMI,100,1960,40,133,4.855638999270843e-15,1.2212453270876722e-15,0.00040240000816993415
5198,ISM,100,1960,40,133,0.413989745007187,0.03551165595892991,0.0009102000040002167
5199,DI,100,1960,40,134,4.910897820974406e-15,1.5543122344752192e-15,0.0012207000108901411
5200,WMI,100,1960,40,134,4.855638999270843e-15,1.2212453270876722e-15,0.0004945000109728426
5201,ISM,100,1960,40,134,0.413989745007187,0.03551165595892991,0.001937199995154515
5202,DI,100,1960,40,135,4.910897820974406e-15,1.5543122344752192e-15,0.0011288999812677503
5203,WMI,100,1960,40,135,4.855638999270843e-15,1.2212453270876722e-15,0.000499200017657131
5204,ISM,100,1960,40,135,0.413989745007187,0.03551165595892991,0.0021188000100664794
5205,DI,100,1960,40,136,4.910897820974406e-15,1.5543122344752192e-15,0.001176300022052601
5206,WMI,100,1960,40,136,4.855638999270843e-15,1.2212453270876722e-15,0.0005024999845772982
5207,ISM,100,1960,40,136,0.413989745007187,0.03551165595892991,0.00106969999615103
5208,DI,100,1960,40,137,4.910897820974406e-15,1.5543122344752192e-15,0.0008972999930847436
5209,WMI,100,1960,40,137,4.855638999270843e-15,1.2212453270876722e-15,0.00046969999675638974
5210,ISM,100,1960,40,137,0.413989745007187,0.03551165595892991,0.001068799989297986
5211,DI,100,1960,40,138,4.910897820974406e-15,1.5543122344752192e-15,0.0011203000030945987
5212,WMI,100,1960,40,138,4.855638999270843e-15,1.2212453270876722e-15,0.00046419998398050666
5213,ISM,100,1960,40,138,0.413989745007187,0.03551165595892991,0.0008482999983243644
5214,DI,100,1960,40,139,4.910897820974406e-15,1.5543122344752192e-15,0.000969600019743666
5215,WMI,100,1960,40,139,4.855638999270843e-15,1.2212453270876722e-15,0.00035730001400224864
5216,ISM,100,1960,40,139,0.413989745007187,0.03551165595892991,0.0007929000130388886
5217,DI,100,1960,40,140,4.910897820974406e-15,1.5543122344752192e-15,0.0009676000045146793
5218,WMI,100,1960,40,140,4.855638999270843e-15,1.2212453270876722e-15,0.00040439999429509044
5219,ISM,100,1960,40,140,0.413989745007187,0.03551165595892991,0.0017024999833665788
5220,DI,100,1960,40,141,4.910897820974406e-15,1.5543122344752192e-15,0.0009349999891128391
5221,WMI,100,1960,40,141,4.855638999270843e-15,1.2212453270876722e-15,0.0003674000035971403
5222,ISM,100,1960,40,141,0.413989745007187,0.03551165595892991,0.0016906000091694295
5223,DI,100,1960,40,142,4.910897820974406e-15,1.5543122344752192e-15,0.0010486000101082027
5224,WMI,100,1960,40,142,4.855638999270843e-15,1.2212453270876722e-15,0.0003254000039305538
5225,ISM,100,1960,40,142,0.413989745007187,0.03551165595892991,0.0008704999927431345
5226,DI,100,1960,40,143,4.910897820974406e-15,1.5543122344752192e-15,0.0010068000119645149
5227,WMI,100,1960,40,143,4.855638999270843e-15,1.2212453270876722e-15,0.00048080002306960523
5228,ISM,100,1960,40,143,0.413989745007187,0.03551165595892991,0.0016717000107746571
5229,DI,100,1960,40,144,4.910897820974406e-15,1.5543122344752192e-15,0.0009401999996043742
5230,WMI,100,1960,40,144,4.855638999270843e-15,1.2212453270876722e-15,0.0004947000124957412
5231,ISM,100,1960,40,144,0.413989745007187,0.03551165595892991,0.001668699987931177
5232,DI,100,1960,40,145,4.910897820974406e-15,1.5543122344752192e-15,0.0011139999842271209
5233,WMI,100,1960,40,145,4.855638999270843e-15,1.2212453270876722e-15,0.000451600004453212
5234,ISM,100,1960,40,145,0.413989745007187,0.03551165595892991,0.0009962000185623765
5235,DI,100,1960,40,146,4.910897820974406e-15,1.5543122344752192e-15,0.0009721999813336879
5236,WMI,100,1960,40,146,4.855638999270843e-15,1.2212453270876722e-15,0.0003338000096846372
5237,ISM,100,1960,40,146,0.413989745007187,0.03551165595892991,0.000901999999769032
5238,DI,100,1960,40,147,4.910897820974406e-15,1.5543122344752192e-15,0.0009714999760035425
5239,WMI,100,1960,40,147,4.855638999270843e-15,1.2212453270876722e-15,0.00044329999946057796
5240,ISM,100,1960,40,147,0.413989745007187,0.03551165595892991,0.0012589000107254833
5241,DI,100,1960,40,148,4.910897820974406e-15,1.5543122344752192e-15,0.0009438999986741692
5242,WMI,100,1960,40,148,4.855638999270843e-15,1.2212453270876722e-15,0.00046129999100230634
5243,ISM,100,1960,40,148,0.413989745007187,0.03551165595892991,0.002050400013104081
5244,DI,100,1960,40,149,4.910897820974406e-15,1.5543122344752192e-15,0.0009426000178791583
5245,WMI,100,1960,40,149,4.855638999270843e-15,1.2212453270876722e-15,0.00047810000251047313
5246,ISM,100,1960,40,149,0.413989745007187,0.03551165595892991,0.0012926999770570546
5247,DI,100,1960,40,150,4.910897820974406e-15,1.5543122344752192e-15,0.0008996000105980784
5248,WMI,100,1960,40,150,4.855638999270843e-15,1.2212453270876722e-15,0.0003324999997857958
5249,ISM,100,1960,40,150,0.413989745007187,0.03551165595892991,0.0008959999831859022
5250,DI,100,1960,40,151,4.910897820974406e-15,1.5543122344752192e-15,0.0008462999830953777
5251,WMI,100,1960,40,151,4.855638999270843e-15,1.2212453270876722e-15,0.00033599999733269215
5252,ISM,100,1960,40,151,0.413989745007187,0.03551165595892991,0.0008032000041566789
5253,DI,100,1960,40,152,4.910897820974406e-15,1.5543122344752192e-15,0.000904799991985783
5254,WMI,100,1960,40,152,4.855638999270843e-15,1.2212453270876722e-15,0.00029479997465386987
5255,ISM,100,1960,40,152,0.413989745007187,0.03551165595892991,0.0007699000125285238
5256,DI,100,1960,40,153,4.910897820974406e-15,1.5543122344752192e-15,0.0008533000072930008
5257,WMI,100,1960,40,153,4.855638999270843e-15,1.2212453270876722e-15,0.0004197999951429665
5258,ISM,100,1960,40,153,0.413989745007187,0.03551165595892991,0.0016066000098362565
5259,DI,100,1960,40,154,4.910897820974406e-15,1.5543122344752192e-15,0.0009172999998554587
5260,WMI,100,1960,40,154,4.855638999270843e-15,1.2212453270876722e-15,0.00033680000342428684
5261,ISM,100,1960,40,154,0.413989745007187,0.03551165595892991,0.0007746999908704311
5262,DI,100,1960,40,155,4.910897820974406e-15,1.5543122344752192e-15,0.0007144999981392175
5263,WMI,100,1960,40,155,4.855638999270843e-15,1.2212453270876722e-15,0.0003628999984357506
5264,ISM,100,1960,40,155,0.413989745007187,0.03551165595892991,0.0014081999834161252
5265,DI,100,1960,40,156,4.910897820974406e-15,1.5543122344752192e-15,0.0008022999973036349
5266,WMI,100,1960,40,156,4.855638999270843e-15,1.2212453270876722e-15,0.0003665999975055456
5267,ISM,100,1960,40,156,0.413989745007187,0.03551165595892991,0.0016217000083997846
5268,DI,100,1960,40,157,4.910897820974406e-15,1.5543122344752192e-15,0.0007486999966204166
5269,WMI,100,1960,40,157,4.855638999270843e-15,1.2212453270876722e-15,0.0003488000074867159
5270,ISM,100,1960,40,157,0.413989745007187,0.03551165595892991,0.0016146000125445426
5271,DI,100,1960,40,158,4.910897820974406e-15,1.5543122344752192e-15,0.0007694000087212771
5272,WMI,100,1960,40,158,4.855638999270843e-15,1.2212453270876722e-15,0.00040809999336488545
5273,ISM,100,1960,40,158,0.413989745007187,0.03551165595892991,0.0016149999864865094
5274,DI,100,1960,40,159,4.910897820974406e-15,1.5543122344752192e-15,0.0008080000116024166
5275,WMI,100,1960,40,159,4.855638999270843e-15,1.2212453270876722e-15,0.0003876000118907541
5276,ISM,100,1960,40,159,0.413989745007187,0.03551165595892991,0.0016406999784521759
5277,DI,100,1960,40,160,4.910897820974406e-15,1.5543122344752192e-15,0.0008555999957025051
5278,WMI,100,1960,40,160,4.855638999270843e-15,1.2212453270876722e-15,0.0003969999961555004
5279,ISM,100,1960,40,160,0.413989745007187,0.03551165595892991,0.0015316000208258629
5280,DI,100,1960,40,161,4.910897820974406e-15,1.5543122344752192e-15,0.0008730000117793679
5281,WMI,100,1960,40,161,4.855638999270843e-15,1.2212453270876722e-15,0.00033090001670643687
5282,ISM,100,1960,40,161,0.413989745007187,0.03551165595892991,0.0011641000164672732
5283,DI,100,1960,40,162,4.910897820974406e-15,1.5543122344752192e-15,0.0008724000072106719
5284,WMI,100,1960,40,162,4.855638999270843e-15,1.2212453270876722e-15,0.00033650000113993883
5285,ISM,100,1960,40,162,0.413989745007187,0.03551165595892991,0.001254500006325543
5286,DI,100,1960,40,163,4.910897820974406e-15,1.5543122344752192e-15,0.000810900004580617
5287,WMI,100,1960,40,163,4.855638999270843e-15,1.2212453270876722e-15,0.00034309999318793416
5288,ISM,100,1960,40,163,0.413989745007187,0.03551165595892991,0.0018209000118076801
5289,DI,100,1960,40,164,4.910897820974406e-15,1.5543122344752192e-15,0.0007363999902736396
5290,WMI,100,1960,40,164,4.855638999270843e-15,1.2212453270876722e-15,0.00028249999741092324
5291,ISM,100,1960,40,164,0.413989745007187,0.03551165595892991,0.0010772999958135188
5292,DI,100,1960,40,165,4.910897820974406e-15,1.5543122344752192e-15,0.0006847000040579587
5293,WMI,100,1960,40,165,4.855638999270843e-15,1.2212453270876722e-15,0.0002381000085733831
5294,ISM,100,1960,40,165,0.413989745007187,0.03551165595892991,0.0008913999772630632
5295,DI,100,1960,40,166,4.910897820974406e-15,1.5543122344752192e-15,0.0006329999887384474
5296,WMI,100,1960,40,166,4.855638999270843e-15,1.2212453270876722e-15,0.0002747000253293663
5297,ISM,100,1960,40,166,0.413989745007187,0.03551165595892991,0.0007824999920558184
5298,DI,100,1960,40,167,4.910897820974406e-15,1.5543122344752192e-15,0.0006484999903477728
5299,WMI,100,1960,40,167,4.855638999270843e-15,1.2212453270876722e-15,0.00026500000967644155
5300,ISM,100,1960,40,167,0.413989745007187,0.03551165595892991,0.0011653999972622842
5301,DI,100,1960,40,168,4.910897820974406e-15,1.5543122344752192e-15,0.0006170999840833247
5302,WMI,100,1960,40,168,4.855638999270843e-15,1.2212453270876722e-15,0.00023529998725280166
5303,ISM,100,1960,40,168,0.413989745007187,0.03551165595892991,0.0009849999914877117
5304,DI,100,1960,40,169,4.910897820974406e-15,1.5543122344752192e-15,0.0005708000098820776
5305,WMI,100,1960,40,169,4.855638999270843e-15,1.2212453270876722e-15,0.0002128999913111329
5306,ISM,100,1960,40,169,0.413989745007187,0.03551165595892991,0.0008053999918047339
5307,DI,100,1960,40,170,4.910897820974406e-15,1.5543122344752192e-15,0.0006067999929655343
5308,WMI,100,1960,40,170,4.855638999270843e-15,1.2212453270876722e-15,0.00032660001306794584
5309,ISM,100,1960,40,170,0.413989745007187,0.03551165595892991,0.001212700008181855
5310,DI,100,1960,40,171,4.910897820974406e-15,1.5543122344752192e-15,0.0007286999898497015
5311,WMI,100,1960,40,171,4.855638999270843e-15,1.2212453270876722e-15,0.00032729998929426074
5312,ISM,100,1960,40,171,0.413989745007187,0.03551165595892991,0.0017121999990195036
5313,DI,100,1960,40,172,4.910897820974406e-15,1.5543122344752192e-15,0.0007267000037245452
5314,WMI,100,1960,40,172,4.855638999270843e-15,1.2212453270876722e-15,0.0003569000109564513
5315,ISM,100,1960,40,172,0.413989745007187,0.03551165595892991,0.0018179999897256494
5316,DI,100,1960,40,173,4.910897820974406e-15,1.5543122344752192e-15,0.0008148999768309295
5317,WMI,100,1960,40,173,4.855638999270843e-15,1.2212453270876722e-15,0.00036440000985749066
5318,ISM,100,1960,40,173,0.413989745007187,0.03551165595892991,0.001702100009424612
5319,DI,100,1960,40,174,4.910897820974406e-15,1.5543122344752192e-15,0.0008782999939285219
5320,WMI,100,1960,40,174,4.855638999270843e-15,1.2212453270876722e-15,0.00034270001924596727
5321,ISM,100,1960,40,174,0.413989745007187,0.03551165595892991,0.0011905999854207039
5322,DI,100,1960,40,175,4.910897820974406e-15,1.5543122344752192e-15,0.0007981000235304236
5323,WMI,100,1960,40,175,4.855638999270843e-15,1.2212453270876722e-15,0.00036139998701401055
5324,ISM,100,1960,40,175,0.413989745007187,0.03551165595892991,0.0011958999966736883
5325,DI,100,1960,40,176,4.910897820974406e-15,1.5543122344752192e-15,0.0008164000173565
5326,WMI,100,1960,40,176,4.855638999270843e-15,1.2212453270876722e-15,0.0003197000187356025
5327,ISM,100,1960,40,176,0.413989745007187,0.03551165595892991,0.00109200002043508
5328,DI,100,1960,40,177,4.910897820974406e-15,1.5543122344752192e-15,0.0007269000052474439
5329,WMI,100,1960,40,177,4.855638999270843e-15,1.2212453270876722e-15,0.0003209999995306134
5330,ISM,100,1960,40,177,0.413989745007187,0.03551165595892991,0.0010479000047780573
5331,DI,100,1960,40,178,4.910897820974406e-15,1.5543122344752192e-15,0.000731200008885935
5332,WMI,100,1960,40,178,4.855638999270843e-15,1.2212453270876722e-15,0.0003291000030003488
5333,ISM,100,1960,40,178,0.413989745007187,0.03551165595892991,0.001653299987083301
5334,DI,100,1960,40,179,4.910897820974406e-15,1.5543122344752192e-15,0.000750300008803606
5335,WMI,100,1960,40,179,4.855638999270843e-15,1.2212453270876722e-15,0.0003410999779589474
5336,ISM,100,1960,40,179,0.413989745007187,0.03551165595892991,0.0016359000001102686
5337,DI,100,1960,40,180,4.910897820974406e-15,1.5543122344752192e-15,0.0008261000039055943
5338,WMI,100,1960,40,180,4.855638999270843e-15,1.2212453270876722e-15,0.00032789999386295676
5339,ISM,100,1960,40,180,0.413989745007187,0.03551165595892991,0.0010960999934468418
5340,DI,100,1960,40,181,4.910897820974406e-15,1.5543122344752192e-15,0.0007913000008556992
5341,WMI,100,1960,40,181,4.855638999270843e-15,1.2212453270876722e-15,0.0003065000055357814
5342,ISM,100,1960,40,181,0.413989745007187,0.03551165595892991,0.0009808000177145004
5343,DI,100,1960,40,182,4.910897820974406e-15,1.5543122344752192e-15,0.0006736999785061926
5344,WMI,100,1960,40,182,4.855638999270843e-15,1.2212453270876722e-15,0.0002792000013869256
5345,ISM,100,1960,40,182,0.413989745007187,0.03551165595892991,0.0011061000113841146
5346,DI,100,1960,40,183,4.910897820974406e-15,1.5543122344752192e-15,0.0008106999739538878
5347,WMI,100,1960,40,183,4.855638999270843e-15,1.2212453270876722e-15,0.00032530000316910446
5348,ISM,100,1960,40,183,0.413989745007187,0.03551165595892991,0.001126800023484975
5349,DI,100,1960,40,184,4.910897820974406e-15,1.5543122344752192e-15,0.0007686000026296824
5350,WMI,100,1960,40,184,4.855638999270843e-15,1.2212453270876722e-15,0.0003071000101044774
5351,ISM,100,1960,40,184,0.413989745007187,0.03551165595892991,0.0016120999935083091
5352,DI,100,1960,40,185,4.910897820974406e-15,1.5543122344752192e-15,0.0007073000015225261
5353,WMI,100,1960,40,185,4.855638999270843e-15,1.2212453270876722e-15,0.0003409000055398792
5354,ISM,100,1960,40,185,0.413989745007187,0.03551165595892991,0.0016450000111944973
5355,DI,100,1960,40,186,4.910897820974406e-15,1.5543122344752192e-15,0.0007968000136315823
5356,WMI,100,1960,40,186,4.855638999270843e-15,1.2212453270876722e-15,0.0003792999777942896
5357,ISM,100,1960,40,186,0.413989745007187,0.03551165595892991,0.0010377999860793352
5358,DI,100,1960,40,187,4.910897820974406e-15,1.5543122344752192e-15,0.0007347000064328313
5359,WMI,100,1960,40,187,4.855638999270843e-15,1.2212453270876722e-15,0.0003226000117138028
5360,ISM,100,1960,40,187,0.413989745007187,0.03551165595892991,0.0009129999962169677
5361,DI,100,1960,40,188,4.910897820974406e-15,1.5543122344752192e-15,0.0008390000148210675
5362,WMI,100,1960,40,188,4.855638999270843e-15,1.2212453270876722e-15,0.00034160001087002456
5363,ISM,100,1960,40,188,0.413989745007187,0.03551165595892991,0.0010975999757647514
5364,DI,100,1960,40,189,4.910897820974406e-15,1.5543122344752192e-15,0.0006858000124339014
5365,WMI,100,1960,40,189,4.855638999270843e-15,1.2212453270876722e-15,0.0001996000064536929
5366,ISM,100,1960,40,189,0.413989745007187,0.03551165595892991,0.0007783000182826072
5367,DI,100,1960,40,190,4.910897820974406e-15,1.5543122344752192e-15,0.0005918999959249049
5368,WMI,100,1960,40,190,4.855638999270843e-15,1.2212453270876722e-15,0.0002841999812517315
5369,ISM,100,1960,40,190,0.413989745007187,0.03551165595892991,0.0012336999934632331
5370,DI,100,1960,40,191,4.910897820974406e-15,1.5543122344752192e-15,0.000606999994488433
5371,WMI,100,1960,40,191,4.855638999270843e-15,1.2212453270876722e-15,0.00026369999977760017
5372,ISM,100,1960,40,191,0.413989745007187,0.03551165595892991,0.0007724000024609268
5373,DI,100,1960,40,192,4.910897820974406e-15,1.5543122344752192e-15,0.000592199998209253
5374,WMI,100,1960,40,192,4.855638999270843e-15,1.2212453270876722e-15,0.00021989998640492558
5375,ISM,100,1960,40,192,0.413989745007187,0.03551165595892991,0.0007712000224273652
5376,DI,100,1960,40,193,4.910897820974406e-15,1.5543122344752192e-15,0.0006224999960977584
5377,WMI,100,1960,40,193,4.855638999270843e-15,1.2212453270876722e-15,0.00026290002278983593
5378,ISM,100,1960,40,193,0.413989745007187,0.03551165595892991,0.0007719999994151294
5379,DI,100,1960,40,194,4.910897820974406e-15,1.5543122344752192e-15,0.0006048999784979969
5380,WMI,100,1960,40,194,4.855638999270843e-15,1.2212453270876722e-15,0.00027829999453388155
5381,ISM,100,1960,40,194,0.413989745007187,0.03551165595892991,0.0007693000079598278
5382,DI,100,1960,40,195,4.910897820974406e-15,1.5543122344752192e-15,0.0005868000152986497
5383,WMI,100,1960,40,195,4.855638999270843e-15,1.2212453270876722e-15,0.0002481000265106559
5384,ISM,100,1960,40,195,0.413989745007187,0.03551165595892991,0.0010440000041853637
5385,DI,100,1960,40,196,4.910897820974406e-15,1.5543122344752192e-15,0.0006315999780781567
5386,WMI,100,1960,40,196,4.855638999270843e-15,1.2212453270876722e-15,0.0002770000137388706
5387,ISM,100,1960,40,196,0.413989745007187,0.03551165595892991,0.0007754999969620258
5388,DI,100,1960,40,197,4.910897820974406e-15,1.5543122344752192e-15,0.0006388000037986785
5389,WMI,100,1960,40,197,4.855638999270843e-15,1.2212453270876722e-15,0.0002567000046838075
5390,ISM,100,1960,40,197,0.413989745007187,0.03551165595892991,0.001045099983457476
5391,DI,100,1960,40,198,4.910897820974406e-15,1.5543122344752192e-15,0.0005907999875489622
5392,WMI,100,1960,40,198,4.855638999270843e-15,1.2212453270876722e-15,0.0002232000115327537
5393,ISM,100,1960,40,198,0.413989745007187,0.03551165595892991,0.0008580000139772892
5394,DI,100,1960,40,199,4.910897820974406e-15,1.5543122344752192e-15,0.0005417000211309642
5395,WMI,100,1960,40,199,4.855638999270843e-15,1.2212453270876722e-15,0.00021189998369663954
5396,ISM,100,1960,40,199,0.413989745007187,0.03551165595892991,0.0007737000123597682
5397,DI,100,1960,40,200,4.910897820974406e-15,1.5543122344752192e-15,0.0004995999915990978
5398,WMI,100,1960,40,200,4.855638999270843e-15,1.2212453270876722e-15,0.0001996000064536929
5399,ISM,100,1960,40,200,0.413989745007187,0.03551165595892991,0.0007757999992463738
5400,DI,100,1950,50,1,5.352677558880345e-15,1.9984014443252818e-15,0.0007312999805435538
5401,WMI,100,1950,50,1,5.2906511874721385e-15,1.5543122344752192e-15,0.0005020000098738819
5402,ISM,100,1950,50,1,0.49400999238193044,0.04968295071873685,0.002004699985263869
5403,DI,100,1950,50,2,5.352677558880345e-15,1.9984014443252818e-15,0.0007207999879028648
5404,WMI,100,1950,50,2,5.2906511874721385e-15,1.5543122344752192e-15,0.0005504000000655651
5405,ISM,100,1950,50,2,0.49400999238193044,0.04968295071873685,0.000984499987680465
5406,DI,100,1950,50,3,5.352677558880345e-15,1.9984014443252818e-15,0.0008612000092398375
5407,WMI,100,1950,50,3,5.2906511874721385e-15,1.5543122344752192e-15,0.0005735000013373792
5408,ISM,100,1950,50,3,0.49400999238193044,0.04968295071873685,0.0010178000084124506
5409,DI,100,1950,50,4,5.352677558880345e-15,1.9984014443252818e-15,0.0007277000113390386
5410,WMI,100,1950,50,4,5.2906511874721385e-15,1.5543122344752192e-15,0.00048710001283325255
5411,ISM,100,1950,50,4,0.49400999238193044,0.04968295071873685,0.0010620000248309225
5412,DI,100,1950,50,5,5.352677558880345e-15,1.9984014443252818e-15,0.0007215000223368406
5413,WMI,100,1950,50,5,5.2906511874721385e-15,1.5543122344752192e-15,0.0004123999970033765
5414,ISM,100,1950,50,5,0.49400999238193044,0.04968295071873685,0.0010485000093467534
5415,DI,100,1950,50,6,5.352677558880345e-15,1.9984014443252818e-15,0.0006575000006705523
5416,WMI,100,1950,50,6,5.2906511874721385e-15,1.5543122344752192e-15,0.0004552000027615577
5417,ISM,100,1950,50,6,0.49400999238193044,0.04968295071873685,0.0010439000034239143
5418,DI,100,1950,50,7,5.352677558880345e-15,1.9984014443252818e-15,0.0007226000016089529
5419,WMI,100,1950,50,7,5.2906511874721385e-15,1.5543122344752192e-15,0.0004976000054739416
5420,ISM,100,1950,50,7,0.49400999238193044,0.04968295071873685,0.0018983000190928578
5421,DI,100,1950,50,8,5.352677558880345e-15,1.9984014443252818e-15,0.0007492000004276633
5422,WMI,100,1950,50,8,5.2906511874721385e-15,1.5543122344752192e-15,0.00036940001882612705
5423,ISM,100,1950,50,8,0.49400999238193044,0.04968295071873685,0.0014999000122770667
5424,DI,100,1950,50,9,5.352677558880345e-15,1.9984014443252818e-15,0.0010049999982584268
5425,WMI,100,1950,50,9,5.2906511874721385e-15,1.5543122344752192e-15,0.0004825000069104135
5426,ISM,100,1950,50,9,0.49400999238193044,0.04968295071873685,0.0009821999992709607
5427,DI,100,1950,50,10,5.352677558880345e-15,1.9984014443252818e-15,0.0007593999907840043
5428,WMI,100,1950,50,10,5.2906511874721385e-15,1.5543122344752192e-15,0.0005065000150352716
5429,ISM,100,1950,50,10,0.49400999238193044,0.04968295071873685,0.000977999996393919
5430,DI,100,1950,50,11,5.352677558880345e-15,1.9984014443252818e-15,0.0008267999801319093
5431,WMI,100,1950,50,11,5.2906511874721385e-15,1.5543122344752192e-15,0.0005048000020906329
5432,ISM,100,1950,50,11,0.49400999238193044,0.04968295071873685,0.0009680999792180955
5433,DI,100,1950,50,12,5.352677558880345e-15,1.9984014443252818e-15,0.0008440000237897038
5434,WMI,100,1950,50,12,5.2906511874721385e-15,1.5543122344752192e-15,0.00044529998558573425
5435,ISM,100,1950,50,12,0.49400999238193044,0.04968295071873685,0.002004500012844801
5436,DI,100,1950,50,13,5.352677558880345e-15,1.9984014443252818e-15,0.0008184000034816563
5437,WMI,100,1950,50,13,5.2906511874721385e-15,1.5543122344752192e-15,0.0005183999892324209
5438,ISM,100,1950,50,13,0.49400999238193044,0.04968295071873685,0.002071700000669807
5439,DI,100,1950,50,14,5.352677558880345e-15,1.9984014443252818e-15,0.000981699995463714
5440,WMI,100,1950,50,14,5.2906511874721385e-15,1.5543122344752192e-15,0.0003825000021606684
5441,ISM,100,1950,50,14,0.49400999238193044,0.04968295071873685,0.0016149000148288906
5442,DI,100,1950,50,15,5.352677558880345e-15,1.9984014443252818e-15,0.0006430000066757202
5443,WMI,100,1950,50,15,5.2906511874721385e-15,1.5543122344752192e-15,0.00034890000824816525
5444,ISM,100,1950,50,15,0.49400999238193044,0.04968295071873685,0.0009759000095073134
5445,DI,100,1950,50,16,5.352677558880345e-15,1.9984014443252818e-15,0.0005677000153809786
5446,WMI,100,1950,50,16,5.2906511874721385e-15,1.5543122344752192e-15,0.00031040000612847507
5447,ISM,100,1950,50,16,0.49400999238193044,0.04968295071873685,0.0009731999889481813
5448,DI,100,1950,50,17,5.352677558880345e-15,1.9984014443252818e-15,0.000593400007346645
5449,WMI,100,1950,50,17,5.2906511874721385e-15,1.5543122344752192e-15,0.0003361999988555908
5450,ISM,100,1950,50,17,0.49400999238193044,0.04968295071873685,0.0009763000125531107
5451,DI,100,1950,50,18,5.352677558880345e-15,1.9984014443252818e-15,0.0006271000020205975
5452,WMI,100,1950,50,18,5.2906511874721385e-15,1.5543122344752192e-15,0.0003775999939534813
5453,ISM,100,1950,50,18,0.49400999238193044,0.04968295071873685,0.0012318000080995262
5454,DI,100,1950,50,19,5.352677558880345e-15,1.9984014443252818e-15,0.0005701000045519322
5455,WMI,100,1950,50,19,5.2906511874721385e-15,1.5543122344752192e-15,0.00037850000080652535
5456,ISM,100,1950,50,19,0.49400999238193044,0.04968295071873685,0.001153699995484203
5457,DI,100,1950,50,20,5.352677558880345e-15,1.9984014443252818e-15,0.0009245999972335994
5458,WMI,100,1950,50,20,5.2906511874721385e-15,1.5543122344752192e-15,0.000833700003568083
5459,ISM,100,1950,50,20,0.49400999238193044,0.04968295071873685,0.004461000004084781
5460,DI,100,1950,50,21,5.352677558880345e-15,1.9984014443252818e-15,0.0012343999987933785
5461,WMI,100,1950,50,21,5.2906511874721385e-15,1.5543122344752192e-15,0.0008938999962992966
5462,ISM,100,1950,50,21,0.49400999238193044,0.04968295071873685,0.000968400010606274
5463,DI,100,1950,50,22,5.352677558880345e-15,1.9984014443252818e-15,0.0007812000112608075
5464,WMI,100,1950,50,22,5.2906511874721385e-15,1.5543122344752192e-15,0.00042879997636191547
5465,ISM,100,1950,50,22,0.49400999238193044,0.04968295071873685,0.0009738999942783266
5466,DI,100,1950,50,23,5.352677558880345e-15,1.9984014443252818e-15,0.0008148000051733106
5467,WMI,100,1950,50,23,5.2906511874721385e-15,1.5543122344752192e-15,0.00039679999463260174
5468,ISM,100,1950,50,23,0.49400999238193044,0.04968295071873685,0.0009809999901335686
5469,DI,100,1950,50,24,5.352677558880345e-15,1.9984014443252818e-15,0.0012715000193566084
5470,WMI,100,1950,50,24,5.2906511874721385e-15,1.5543122344752192e-15,0.0008782999939285219
5471,ISM,100,1950,50,24,0.49400999238193044,0.04968295071873685,0.002081799990264699
5472,DI,100,1950,50,25,5.352677558880345e-15,1.9984014443252818e-15,0.0009549999958835542
5473,WMI,100,1950,50,25,5.2906511874721385e-15,1.5543122344752192e-15,0.0010263000149279833
5474,ISM,100,1950,50,25,0.49400999238193044,0.04968295071873685,0.0009820999985095114
5475,DI,100,1950,50,26,5.352677558880345e-15,1.9984014443252818e-15,0.000852599972859025
5476,WMI,100,1950,50,26,5.2906511874721385e-15,1.5543122344752192e-15,0.0006404999876394868
5477,ISM,100,1950,50,26,0.49400999238193044,0.04968295071873685,0.003234200004953891
5478,DI,100,1950,50,27,5.352677558880345e-15,1.9984014443252818e-15,0.0013821999891661108
5479,WMI,100,1950,50,27,5.2906511874721385e-15,1.5543122344752192e-15,0.0005643999902531505
5480,ISM,100,1950,50,27,0.49400999238193044,0.04968295071873685,0.000973699992755428
5481,DI,100,1950,50,28,5.352677558880345e-15,1.9984014443252818e-15,0.0008526000019628555
5482,WMI,100,1950,50,28,5.2906511874721385e-15,1.5543122344752192e-15,0.0005219999875407666
5483,ISM,100,1950,50,28,0.49400999238193044,0.04968295071873685,0.001984300004551187
5484,DI,100,1950,50,29,5.352677558880345e-15,1.9984014443252818e-15,0.0007979999936651438
5485,WMI,100,1950,50,29,5.2906511874721385e-15,1.5543122344752192e-15,0.00044800000614486635
5486,ISM,100,1950,50,29,0.49400999238193044,0.04968295071873685,0.0013842000043950975
5487,DI,100,1950,50,30,5.352677558880345e-15,1.9984014443252818e-15,0.0008044999849516898
5488,WMI,100,1950,50,30,5.2906511874721385e-15,1.5543122344752192e-15,0.00043399998685345054
5489,ISM,100,1950,50,30,0.49400999238193044,0.04968295071873685,0.0011301999911665916
5490,DI,100,1950,50,31,5.352677558880345e-15,1.9984014443252818e-15,0.0011368999839760363
5491,WMI,100,1950,50,31,5.2906511874721385e-15,1.5543122344752192e-15,0.0005140999855939299
5492,ISM,100,1950,50,31,0.49400999238193044,0.04968295071873685,0.00163720001000911
5493,DI,100,1950,50,32,5.352677558880345e-15,1.9984014443252818e-15,0.0008125999884214252
5494,WMI,100,1950,50,32,5.2906511874721385e-15,1.5543122344752192e-15,0.0005036999937146902
5495,ISM,100,1950,50,32,0.49400999238193044,0.04968295071873685,0.0020148000039625913
5496,DI,100,1950,50,33,5.352677558880345e-15,1.9984014443252818e-15,0.0008546999888494611
5497,WMI,100,1950,50,33,5.2906511874721385e-15,1.5543122344752192e-15,0.000544899987289682
5498,ISM,100,1950,50,33,0.49400999238193044,0.04968295071873685,0.0013070999993942678
5499,DI,100,1950,50,34,5.352677558880345e-15,1.9984014443252818e-15,0.0008530000050086528
5500,WMI,100,1950,50,34,5.2906511874721385e-15,1.5543122344752192e-15,0.0009278999932575971
5501,ISM,100,1950,50,34,0.49400999238193044,0.04968295071873685,0.0020339000038802624
5502,DI,100,1950,50,35,5.352677558880345e-15,1.9984014443252818e-15,0.0009422000148333609
5503,WMI,100,1950,50,35,5.2906511874721385e-15,1.5543122344752192e-15,0.000510300014866516
5504,ISM,100,1950,50,35,0.49400999238193044,0.04968295071873685,0.0011959999974351376
5505,DI,100,1950,50,36,5.352677558880345e-15,1.9984014443252818e-15,0.0009862000006251037
5506,WMI,100,1950,50,36,5.2906511874721385e-15,1.5543122344752192e-15,0.000520800007507205
5507,ISM,100,1950,50,36,0.49400999238193044,0.04968295071873685,0.0015592999989166856
5508,DI,100,1950,50,37,5.352677558880345e-15,1.9984014443252818e-15,0.0009741999965626746
5509,WMI,100,1950,50,37,5.2906511874721385e-15,1.5543122344752192e-15,0.0004557000065688044
5510,ISM,100,1950,50,37,0.49400999238193044,0.04968295071873685,0.0012260999938007444
5511,DI,100,1950,50,38,5.352677558880345e-15,1.9984014443252818e-15,0.0008111000061035156
5512,WMI,100,1950,50,38,5.2906511874721385e-15,1.5543122344752192e-15,0.000514600018505007
5513,ISM,100,1950,50,38,0.49400999238193044,0.04968295071873685,0.0020229000074323267
5514,DI,100,1950,50,39,5.352677558880345e-15,1.9984014443252818e-15,0.0010111999872606248
5515,WMI,100,1950,50,39,5.2906511874721385e-15,1.5543122344752192e-15,0.0005497999954968691
5516,ISM,100,1950,50,39,0.49400999238193044,0.04968295071873685,0.0020512999908532947
5517,DI,100,1950,50,40,5.352677558880345e-15,1.9984014443252818e-15,0.0010124999971594661
5518,WMI,100,1950,50,40,5.2906511874721385e-15,1.5543122344752192e-15,0.0005496999947354198
5519,ISM,100,1950,50,40,0.49400999238193044,0.04968295071873685,0.0015256000042427331
5520,DI,100,1950,50,41,5.352677558880345e-15,1.9984014443252818e-15,0.0010329000069759786
5521,WMI,100,1950,50,41,5.2906511874721385e-15,1.5543122344752192e-15,0.0006397999823093414
5522,ISM,100,1950,50,41,0.49400999238193044,0.04968295071873685,0.0013685000012628734
5523,DI,100,1950,50,42,5.352677558880345e-15,1.9984014443252818e-15,0.0009701000235509127
5524,WMI,100,1950,50,42,5.2906511874721385e-15,1.5543122344752192e-15,0.0005009000014979392
5525,ISM,100,1950,50,42,0.49400999238193044,0.04968295071873685,0.002046900015557185
5526,DI,100,1950,50,43,5.352677558880345e-15,1.9984014443252818e-15,0.0009671000007074326
5527,WMI,100,1950,50,43,5.2906511874721385e-15,1.5543122344752192e-15,0.0006511000101454556
5528,ISM,100,1950,50,43,0.49400999238193044,0.04968295071873685,0.0012885000032838434
5529,DI,100,1950,50,44,5.352677558880345e-15,1.9984014443252818e-15,0.0007343999750446528
5530,WMI,100,1950,50,44,5.2906511874721385e-15,1.5543122344752192e-15,0.00045870000030845404
5531,ISM,100,1950,50,44,0.49400999238193044,0.04968295071873685,0.001574499998241663
5532,DI,100,1950,50,45,5.352677558880345e-15,1.9984014443252818e-15,0.0008844999829307199
5533,WMI,100,1950,50,45,5.2906511874721385e-15,1.5543122344752192e-15,0.00045849999878555536
5534,ISM,100,1950,50,45,0.49400999238193044,0.04968295071873685,0.0012513000110629946
5535,DI,100,1950,50,46,5.352677558880345e-15,1.9984014443252818e-15,0.000899500009836629
5536,WMI,100,1950,50,46,5.2906511874721385e-15,1.5543122344752192e-15,0.00043489999370649457
5537,ISM,100,1950,50,46,0.49400999238193044,0.04968295071873685,0.0011722000199370086
5538,DI,100,1950,50,47,5.352677558880345e-15,1.9984014443252818e-15,0.0008658999868202955
5539,WMI,100,1950,50,47,5.2906511874721385e-15,1.5543122344752192e-15,0.00043299997923895717
5540,ISM,100,1950,50,47,0.49400999238193044,0.04968295071873685,0.0009947000071406364
5541,DI,100,1950,50,48,5.352677558880345e-15,1.9984014443252818e-15,0.0008348000119440258
5542,WMI,100,1950,50,48,5.2906511874721385e-15,1.5543122344752192e-15,0.00039480000850744545
5543,ISM,100,1950,50,48,0.49400999238193044,0.04968295071873685,0.00111420001485385
5544,DI,100,1950,50,49,5.352677558880345e-15,1.9984014443252818e-15,0.0008597000269219279
5545,WMI,100,1950,50,49,5.2906511874721385e-15,1.5543122344752192e-15,0.00046060001477599144
5546,ISM,100,1950,50,49,0.49400999238193044,0.04968295071873685,0.0009685999830253422
5547,DI,100,1950,50,50,5.352677558880345e-15,1.9984014443252818e-15,0.0008565000025555491
5548,WMI,100,1950,50,50,5.2906511874721385e-15,1.5543122344752192e-15,0.0003960999893024564
5549,ISM,100,1950,50,50,0.49400999238193044,0.04968295071873685,0.0009755999781191349
5550,DI,100,1950,50,51,5.352677558880345e-15,1.9984014443252818e-15,0.0008379000064451247
5551,WMI,100,1950,50,51,5.2906511874721385e-15,1.5543122344752192e-15,0.0004050999996252358
5552,ISM,100,1950,50,51,0.49400999238193044,0.04968295071873685,0.001987099996767938
5553,DI,100,1950,50,52,5.352677558880345e-15,1.9984014443252818e-15,0.0008424000116065145
5554,WMI,100,1950,50,52,5.2906511874721385e-15,1.5543122344752192e-15,0.0005138999840710312
5555,ISM,100,1950,50,52,0.49400999238193044,0.04968295071873685,0.001976800005650148
5556,DI,100,1950,50,53,5.352677558880345e-15,1.9984014443252818e-15,0.0008055999933276325
5557,WMI,100,1950,50,53,5.2906511874721385e-15,1.5543122344752192e-15,0.0004278999986127019
5558,ISM,100,1950,50,53,0.49400999238193044,0.04968295071873685,0.0009716000058688223
5559,DI,100,1950,50,54,5.352677558880345e-15,1.9984014443252818e-15,0.0005901999829802662
5560,WMI,100,1950,50,54,5.2906511874721385e-15,1.5543122344752192e-15,0.00045190000673756003
5561,ISM,100,1950,50,54,0.49400999238193044,0.04968295071873685,0.0017638999852351844
5562,DI,100,1950,50,55,5.352677558880345e-15,1.9984014443252818e-15,0.0006882000016048551
5563,WMI,100,1950,50,55,5.2906511874721385e-15,1.5543122344752192e-15,0.0002997000119648874
5564,ISM,100,1950,50,55,0.49400999238193044,0.04968295071873685,0.000970900000538677
5565,DI,100,1950,50,56,5.352677558880345e-15,1.9984014443252818e-15,0.0005647000216413289
5566,WMI,100,1950,50,56,5.2906511874721385e-15,1.5543122344752192e-15,0.0003212000010535121
5567,ISM,100,1950,50,56,0.49400999238193044,0.04968295071873685,0.001145999995060265
5568,DI,100,1950,50,57,5.352677558880345e-15,1.9984014443252818e-15,0.0006374999938998371
5569,WMI,100,1950,50,57,5.2906511874721385e-15,1.5543122344752192e-15,0.00036460001138038933
5570,ISM,100,1950,50,57,0.49400999238193044,0.04968295071873685,0.0009758999804034829
5571,DI,100,1950,50,58,5.352677558880345e-15,1.9984014443252818e-15,0.0006001000001560897
5572,WMI,100,1950,50,58,5.2906511874721385e-15,1.5543122344752192e-15,0.0003630999999586493
5573,ISM,100,1950,50,58,0.49400999238193044,0.04968295071873685,0.0009904000035021454
5574,DI,100,1950,50,59,5.352677558880345e-15,1.9984014443252818e-15,0.000618099991697818
5575,WMI,100,1950,50,59,5.2906511874721385e-15,1.5543122344752192e-15,0.00030559999868273735
5576,ISM,100,1950,50,59,0.49400999238193044,0.04968295071873685,0.0011036999931093305
5577,DI,100,1950,50,60,5.352677558880345e-15,1.9984014443252818e-15,0.0008282999915536493
5578,WMI,100,1950,50,60,5.2906511874721385e-15,1.5543122344752192e-15,0.00031900001340545714
5579,ISM,100,1950,50,60,0.49400999238193044,0.04968295071873685,0.0009834999800659716
5580,DI,100,1950,50,61,5.352677558880345e-15,1.9984014443252818e-15,0.0008157000120263547
5581,WMI,100,1950,50,61,5.2906511874721385e-15,1.5543122344752192e-15,0.0004098000063095242
5582,ISM,100,1950,50,61,0.49400999238193044,0.04968295071873685,0.0009717000066302717
5583,DI,100,1950,50,62,5.352677558880345e-15,1.9984014443252818e-15,0.0007886000094003975
5584,WMI,100,1950,50,62,5.2906511874721385e-15,1.5543122344752192e-15,0.0004295000107958913
5585,ISM,100,1950,50,62,0.49400999238193044,0.04968295071873685,0.0009647999831940979
5586,DI,100,1950,50,63,5.352677558880345e-15,1.9984014443252818e-15,0.0007746000192128122
5587,WMI,100,1950,50,63,5.2906511874721385e-15,1.5543122344752192e-15,0.0004687000182457268
5588,ISM,100,1950,50,63,0.49400999238193044,0.04968295071873685,0.002000899985432625
5589,DI,100,1950,50,64,5.352677558880345e-15,1.9984014443252818e-15,0.0007852000126149505
5590,WMI,100,1950,50,64,5.2906511874721385e-15,1.5543122344752192e-15,0.00044460000935941935
5591,ISM,100,1950,50,64,0.49400999238193044,0.04968295071873685,0.000978600000962615
5592,DI,100,1950,50,65,5.352677558880345e-15,1.9984014443252818e-15,0.0010359000007156283
5593,WMI,100,1950,50,65,5.2906511874721385e-15,1.5543122344752192e-15,0.00044929998693987727
5594,ISM,100,1950,50,65,0.49400999238193044,0.04968295071873685,0.0020121000125072896
5595,DI,100,1950,50,66,5.352677558880345e-15,1.9984014443252818e-15,0.0007425000076182187
5596,WMI,100,1950,50,66,5.2906511874721385e-15,1.5543122344752192e-15,0.00042119997669942677
5597,ISM,100,1950,50,66,0.49400999238193044,0.04968295071873685,0.0010264000156894326
5598,DI,100,1950,50,67,5.352677558880345e-15,1.9984014443252818e-15,0.0007501999789383262
5599,WMI,100,1950,50,67,5.2906511874721385e-15,1.5543122344752192e-15,0.00041710000368766487
5600,ISM,100,1950,50,67,0.49400999238193044,0.04968295071873685,0.000966899999184534
5601,DI,100,1950,50,68,5.352677558880345e-15,1.9984014443252818e-15,0.0007892999856267124
5602,WMI,100,1950,50,68,5.2906511874721385e-15,1.5543122344752192e-15,0.00046820001443848014
5603,ISM,100,1950,50,68,0.49400999238193044,0.04968295071873685,0.0019932000141125172
5604,DI,100,1950,50,69,5.352677558880345e-15,1.9984014443252818e-15,0.0008046000148169696
5605,WMI,100,1950,50,69,5.2906511874721385e-15,1.5543122344752192e-15,0.0003896999987773597
5606,ISM,100,1950,50,69,0.49400999238193044,0.04968295071873685,0.0009677999769337475
5607,DI,100,1950,50,70,5.352677558880345e-15,1.9984014443252818e-15,0.0007611000037286431
5608,WMI,100,1950,50,70,5.2906511874721385e-15,1.5543122344752192e-15,0.0005293999856803566
5609,ISM,100,1950,50,70,0.49400999238193044,0.04968295071873685,0.0009728000150062144
5610,DI,100,1950,50,71,5.352677558880345e-15,1.9984014443252818e-15,0.000810900004580617
5611,WMI,100,1950,50,71,5.2906511874721385e-15,1.5543122344752192e-15,0.00042409999878145754
5612,ISM,100,1950,50,71,0.49400999238193044,0.04968295071873685,0.001117999985581264
5613,DI,100,1950,50,72,5.352677558880345e-15,1.9984014443252818e-15,0.0006573999999091029
5614,WMI,100,1950,50,72,5.2906511874721385e-15,1.5543122344752192e-15,0.0003856999974232167
5615,ISM,100,1950,50,72,0.49400999238193044,0.04968295071873685,0.0009821999992709607
5616,DI,100,1950,50,73,5.352677558880345e-15,1.9984014443252818e-15,0.0007013000140432268
5617,WMI,100,1950,50,73,5.2906511874721385e-15,1.5543122344752192e-15,0.00032500000088475645
5618,ISM,100,1950,50,73,0.49400999238193044,0.04968295071873685,0.000979500007815659
5619,DI,100,1950,50,74,5.352677558880345e-15,1.9984014443252818e-15,0.0006491999956779182
5620,WMI,100,1950,50,74,5.2906511874721385e-15,1.5543122344752192e-15,0.00034420000156387687
5621,ISM,100,1950,50,74,0.49400999238193044,0.04968295071873685,0.0009733999904710799
5622,DI,100,1950,50,75,5.352677558880345e-15,1.9984014443252818e-15,0.0005538999976124614
5623,WMI,100,1950,50,75,5.2906511874721385e-15,1.5543122344752192e-15,0.00033829998574219644
5624,ISM,100,1950,50,75,0.49400999238193044,0.04968295071873685,0.0009730999881867319
5625,DI,100,1950,50,76,5.352677558880345e-15,1.9984014443252818e-15,0.0006511999818030745
5626,WMI,100,1950,50,76,5.2906511874721385e-15,1.5543122344752192e-15,0.0003169999981764704
5627,ISM,100,1950,50,76,0.49400999238193044,0.04968295071873685,0.0009690999868325889
5628,DI,100,1950,50,77,5.352677558880345e-15,1.9984014443252818e-15,0.0005979000125080347
5629,WMI,100,1950,50,77,5.2906511874721385e-15,1.5543122344752192e-15,0.0003420999855734408
5630,ISM,100,1950,50,77,0.49400999238193044,0.04968295071873685,0.0009682000090833753
5631,DI,100,1950,50,78,5.352677558880345e-15,1.9984014443252818e-15,0.0006090000097174197
5632,WMI,100,1950,50,78,5.2906511874721385e-15,1.5543122344752192e-15,0.00033840001560747623
5633,ISM,100,1950,50,78,0.49400999238193044,0.04968295071873685,0.0010803000186569989
5634,DI,100,1950,50,79,5.352677558880345e-15,1.9984014443252818e-15,0.000597700010985136
5635,WMI,100,1950,50,79,5.2906511874721385e-15,1.5543122344752192e-15,0.00033489998895674944
5636,ISM,100,1950,50,79,0.49400999238193044,0.04968295071873685,0.0012305999989621341
5637,DI,100,1950,50,80,5.352677558880345e-15,1.9984014443252818e-15,0.0006392999785020947
5638,WMI,100,1950,50,80,5.2906511874721385e-15,1.5543122344752192e-15,0.0003446000046096742
5639,ISM,100,1950,50,80,0.49400999238193044,0.04968295071873685,0.0009769999887794256
5640,DI,100,1950,50,81,5.352677558880345e-15,1.9984014443252818e-15,0.0009510999952908605
5641,WMI,100,1950,50,81,5.2906511874721385e-15,1.5543122344752192e-15,0.000460599985672161
5642,ISM,100,1950,50,81,0.49400999238193044,0.04968295071873685,0.0010008999961428344
5643,DI,100,1950,50,82,5.352677558880345e-15,1.9984014443252818e-15,0.0006576000014320016
5644,WMI,100,1950,50,82,5.2906511874721385e-15,1.5543122344752192e-15,0.0003479000006336719
5645,ISM,100,1950,50,82,0.49400999238193044,0.04968295071873685,0.0010300999856553972
5646,DI,100,1950,50,83,5.352677558880345e-15,1.9984014443252818e-15,0.0007189000025391579
5647,WMI,100,1950,50,83,5.2906511874721385e-15,1.5543122344752192e-15,0.0005246000073384494
5648,ISM,100,1950,50,83,0.49400999238193044,0.04968295071873685,0.0015783999988343567
5649,DI,100,1950,50,84,5.352677558880345e-15,1.9984014443252818e-15,0.0008505999867338687
5650,WMI,100,1950,50,84,5.2906511874721385e-15,1.5543122344752192e-15,0.0004870999837294221
5651,ISM,100,1950,50,84,0.49400999238193044,0.04968295071873685,0.0010023000068031251
5652,DI,100,1950,50,85,5.352677558880345e-15,1.9984014443252818e-15,0.0008948000031523407
5653,WMI,100,1950,50,85,5.2906511874721385e-15,1.5543122344752192e-15,0.0003659999929368496
5654,ISM,100,1950,50,85,0.49400999238193044,0.04968295071873685,0.0009871000074781477
5655,DI,100,1950,50,86,5.352677558880345e-15,1.9984014443252818e-15,0.0009811999916564673
5656,WMI,100,1950,50,86,5.2906511874721385e-15,1.5543122344752192e-15,0.0004622999986167997
5657,ISM,100,1950,50,86,0.49400999238193044,0.04968295071873685,0.0019751999934669584
5658,DI,100,1950,50,87,5.352677558880345e-15,1.9984014443252818e-15,0.0007817999867256731
5659,WMI,100,1950,50,87,5.2906511874721385e-15,1.5543122344752192e-15,0.0004492000152822584
5660,ISM,100,1950,50,87,0.49400999238193044,0.04968295071873685,0.000978600000962615
5661,DI,100,1950,50,88,5.352677558880345e-15,1.9984014443252818e-15,0.0007352999818976969
5662,WMI,100,1950,50,88,5.2906511874721385e-15,1.5543122344752192e-15,0.0005916999944020063
5663,ISM,100,1950,50,88,0.49400999238193044,0.04968295071873685,0.0014167999906931072
5664,DI,100,1950,50,89,5.352677558880345e-15,1.9984014443252818e-15,0.0007430000114254653
5665,WMI,100,1950,50,89,5.2906511874721385e-15,1.5543122344752192e-15,0.00046770001063123345
5666,ISM,100,1950,50,89,0.49400999238193044,0.04968295071873685,0.0009797000093385577
5667,DI,100,1950,50,90,5.352677558880345e-15,1.9984014443252818e-15,0.0008606000046711415
5668,WMI,100,1950,50,90,5.2906511874721385e-15,1.5543122344752192e-15,0.0004942000086884946
5669,ISM,100,1950,50,90,0.49400999238193044,0.04968295071873685,0.0020129000185988843
5670,DI,100,1950,50,91,5.352677558880345e-15,1.9984014443252818e-15,0.0007860000187065452
5671,WMI,100,1950,50,91,5.2906511874721385e-15,1.5543122344752192e-15,0.0005074999935459346
5672,ISM,100,1950,50,91,0.49400999238193044,0.04968295071873685,0.0020101999980397522
5673,DI,100,1950,50,92,5.352677558880345e-15,1.9984014443252818e-15,0.0007776000129524618
5674,WMI,100,1950,50,92,5.2906511874721385e-15,1.5543122344752192e-15,0.0004924999957438558
5675,ISM,100,1950,50,92,0.49400999238193044,0.04968295071873685,0.0021431000204756856
5676,DI,100,1950,50,93,5.352677558880345e-15,1.9984014443252818e-15,0.0008559999987483025
5677,WMI,100,1950,50,93,5.2906511874721385e-15,1.5543122344752192e-15,0.0005502999993041158
5678,ISM,100,1950,50,93,0.49400999238193044,0.04968295071873685,0.0022625999990850687
5679,DI,100,1950,50,94,5.352677558880345e-15,1.9984014443252818e-15,0.000996799994027242
5680,WMI,100,1950,50,94,5.2906511874721385e-15,1.5543122344752192e-15,0.0005994999955873936
5681,ISM,100,1950,50,94,0.49400999238193044,0.04968295071873685,0.0011638000141829252
5682,DI,100,1950,50,95,5.352677558880345e-15,1.9984014443252818e-15,0.0009862000006251037
5683,WMI,100,1950,50,95,5.2906511874721385e-15,1.5543122344752192e-15,0.0004304999893065542
5684,ISM,100,1950,50,95,0.49400999238193044,0.04968295071873685,0.0009913000103551894
5685,DI,100,1950,50,96,5.352677558880345e-15,1.9984014443252818e-15,0.0008695000142324716
5686,WMI,100,1950,50,96,5.2906511874721385e-15,1.5543122344752192e-15,0.00045900000259280205
5687,ISM,100,1950,50,96,0.49400999238193044,0.04968295071873685,0.0020591999928001314
5688,DI,100,1950,50,97,5.352677558880345e-15,1.9984014443252818e-15,0.0010862999770324677
5689,WMI,100,1950,50,97,5.2906511874721385e-15,1.5543122344752192e-15,0.0006283000111579895
5690,ISM,100,1950,50,97,0.49400999238193044,0.04968295071873685,0.002029499999480322
5691,DI,100,1950,50,98,5.352677558880345e-15,1.9984014443252818e-15,0.000888100010342896
5692,WMI,100,1950,50,98,5.2906511874721385e-15,1.5543122344752192e-15,0.0005994999955873936
5693,ISM,100,1950,50,98,0.49400999238193044,0.04968295071873685,0.0020383000082802027
5694,DI,100,1950,50,99,5.352677558880345e-15,1.9984014443252818e-15,0.0009538999875076115
5695,WMI,100,1950,50,99,5.2906511874721385e-15,1.5543122344752192e-15,0.00050380002357997
5696,ISM,100,1950,50,99,0.49400999238193044,0.04968295071873685,0.0012306999997235835
5697,DI,100,1950,50,100,5.352677558880345e-15,1.9984014443252818e-15,0.0008811999869067222
5698,WMI,100,1950,50,100,5.2906511874721385e-15,1.5543122344752192e-15,0.0005147999909240752
5699,ISM,100,1950,50,100,0.49400999238193044,0.04968295071873685,0.001857499999459833
5700,DI,100,1950,50,101,5.352677558880345e-15,1.9984014443252818e-15,0.0008509999897796661
5701,WMI,100,1950,50,101,5.2906511874721385e-15,1.5543122344752192e-15,0.00043899999582208693
5702,ISM,100,1950,50,101,0.49400999238193044,0.04968295071873685,0.0012003000010736287
5703,DI,100,1950,50,102,5.352677558880345e-15,1.9984014443252818e-15,0.0008514999935869128
5704,WMI,100,1950,50,102,5.2906511874721385e-15,1.5543122344752192e-15,0.0005422999965958297
5705,ISM,100,1950,50,102,0.49400999238193044,0.04968295071873685,0.001997400016989559
5706,DI,100,1950,50,103,5.352677558880345e-15,1.9984014443252818e-15,0.0010520999785512686
5707,WMI,100,1950,50,103,5.2906511874721385e-15,1.5543122344752192e-15,0.0005550000059884042
5708,ISM,100,1950,50,103,0.49400999238193044,0.04968295071873685,0.0020284999918658286
5709,DI,100,1950,50,104,5.352677558880345e-15,1.9984014443252818e-15,0.00091559998691082
5710,WMI,100,1950,50,104,5.2906511874721385e-15,1.5543122344752192e-15,0.0005876999930478632
5711,ISM,100,1950,50,104,0.49400999238193044,0.04968295071873685,0.0020029000006616116
5712,DI,100,1950,50,105,5.352677558880345e-15,1.9984014443252818e-15,0.0009289000008720905
5713,WMI,100,1950,50,105,5.2906511874721385e-15,1.5543122344752192e-15,0.0005654999986290932
5714,ISM,100,1950,50,105,0.49400999238193044,0.04968295071873685,0.0015933999966364354
5715,DI,100,1950,50,106,5.352677558880345e-15,1.9984014443252818e-15,0.0009979000024031848
5716,WMI,100,1950,50,106,5.2906511874721385e-15,1.5543122344752192e-15,0.0005238000012468547
5717,ISM,100,1950,50,106,0.49400999238193044,0.04968295071873685,0.0013170999882277101
5718,DI,100,1950,50,107,5.352677558880345e-15,1.9984014443252818e-15,0.0009698999929241836
5719,WMI,100,1950,50,107,5.2906511874721385e-15,1.5543122344752192e-15,0.00047790000098757446
5720,ISM,100,1950,50,107,0.49400999238193044,0.04968295071873685,0.00239129998954013
5721,DI,100,1950,50,108,5.352677558880345e-15,1.9984014443252818e-15,0.0010101000079885125
5722,WMI,100,1950,50,108,5.2906511874721385e-15,1.5543122344752192e-15,0.0006148999964352697
5723,ISM,100,1950,50,108,0.49400999238193044,0.04968295071873685,0.0020022999960929155
5724,DI,100,1950,50,109,5.352677558880345e-15,1.9984014443252818e-15,0.0010403999767731875
5725,WMI,100,1950,50,109,5.2906511874721385e-15,1.5543122344752192e-15,0.0005842999962624162
5726,ISM,100,1950,50,109,0.49400999238193044,0.04968295071873685,0.0020419999782461673
5727,DI,100,1950,50,110,5.352677558880345e-15,1.9984014443252818e-15,0.0009417000110261142
5728,WMI,100,1950,50,110,5.2906511874721385e-15,1.5543122344752192e-15,0.00047500000800937414
5729,ISM,100,1950,50,110,0.49400999238193044,0.04968295071873685,0.002277799998410046
5730,DI,100,1950,50,111,5.352677558880345e-15,1.9984014443252818e-15,0.0009696999914012849
5731,WMI,100,1950,50,111,5.2906511874721385e-15,1.5543122344752192e-15,0.0007131999882403761
5732,ISM,100,1950,50,111,0.49400999238193044,0.04968295071873685,0.0020560999982990324
5733,DI,100,1950,50,112,5.352677558880345e-15,1.9984014443252818e-15,0.0010053000005427748
5734,WMI,100,1950,50,112,5.2906511874721385e-15,1.5543122344752192e-15,0.0006064999906811863
5735,ISM,100,1950,50,112,0.49400999238193044,0.04968295071873685,0.0019743999873753637
5736,DI,100,1950,50,113,5.352677558880345e-15,1.9984014443252818e-15,0.0010986999841406941
5737,WMI,100,1950,50,113,5.2906511874721385e-15,1.5543122344752192e-15,0.0006145999941509217
5738,ISM,100,1950,50,113,0.49400999238193044,0.04968295071873685,0.002034499979345128
5739,DI,100,1950,50,114,5.352677558880345e-15,1.9984014443252818e-15,0.0011756000167224556
5740,WMI,100,1950,50,114,5.2906511874721385e-15,1.5543122344752192e-15,0.0006422000005841255
5741,ISM,100,1950,50,114,0.49400999238193044,0.04968295071873685,0.0019305000023450702
5742,DI,100,1950,50,115,5.352677558880345e-15,1.9984014443252818e-15,0.0010156000207643956
5743,WMI,100,1950,50,115,5.2906511874721385e-15,1.5543122344752192e-15,0.0007704000163357705
5744,ISM,100,1950,50,115,0.49400999238193044,0.04968295071873685,0.0024919999996200204
5745,DI,100,1950,50,116,5.352677558880345e-15,1.9984014443252818e-15,0.0011368999839760363
5746,WMI,100,1950,50,116,5.2906511874721385e-15,1.5543122344752192e-15,0.0005568999913521111
5747,ISM,100,1950,50,116,0.49400999238193044,0.04968295071873685,0.0017899999802466482
5748,DI,100,1950,50,117,5.352677558880345e-15,1.9984014443252818e-15,0.0008539000118616968
5749,WMI,100,1950,50,117,5.2906511874721385e-15,1.5543122344752192e-15,0.0005141000146977603
5750,ISM,100,1950,50,117,0.49400999238193044,0.04968295071873685,0.0018500000005587935
5751,DI,100,1950,50,118,5.352677558880345e-15,1.9984014443252818e-15,0.000819200009573251
5752,WMI,100,1950,50,118,5.2906511874721385e-15,1.5543122344752192e-15,0.0004282000008970499
5753,ISM,100,1950,50,118,0.49400999238193044,0.04968295071873685,0.0013964000099804252
5754,DI,100,1950,50,119,5.352677558880345e-15,1.9984014443252818e-15,0.0008363000233657658
5755,WMI,100,1950,50,119,5.2906511874721385e-15,1.5543122344752192e-15,0.00045590000809170306
5756,ISM,100,1950,50,119,0.49400999238193044,0.04968295071873685,0.0011365999816916883
5757,DI,100,1950,50,120,5.352677558880345e-15,1.9984014443252818e-15,0.0007506999827455729
5758,WMI,100,1950,50,120,5.2906511874721385e-15,1.5543122344752192e-15,0.00048019998939707875
5759,ISM,100,1950,50,120,0.49400999238193044,0.04968295071873685,0.0015625999949406832
5760,DI,100,1950,50,121,5.352677558880345e-15,1.9984014443252818e-15,0.0007645000005140901
5761,WMI,100,1950,50,121,5.2906511874721385e-15,1.5543122344752192e-15,0.0003848000196740031
5762,ISM,100,1950,50,121,0.49400999238193044,0.04968295071873685,0.0011778000043705106
5763,DI,100,1950,50,122,5.352677558880345e-15,1.9984014443252818e-15,0.0006356999801937491
5764,WMI,100,1950,50,122,5.2906511874721385e-15,1.5543122344752192e-15,0.0003380000125616789
5765,ISM,100,1950,50,122,0.49400999238193044,0.04968295071873685,0.001109000004362315
5766,DI,100,1950,50,123,5.352677558880345e-15,1.9984014443252818e-15,0.0005966000026091933
5767,WMI,100,1950,50,123,5.2906511874721385e-15,1.5543122344752192e-15,0.0003431999939493835
5768,ISM,100,1950,50,123,0.49400999238193044,0.04968295071873685,0.0009413000079803169
5769,DI,100,1950,50,124,5.352677558880345e-15,1.9984014443252818e-15,0.0006061000167392194
5770,WMI,100,1950,50,124,5.2906511874721385e-15,1.5543122344752192e-15,0.00028539999038912356
5771,ISM,100,1950,50,124,0.49400999238193044,0.04968295071873685,0.0010043000220321119
5772,DI,100,1950,50,125,5.352677558880345e-15,1.9984014443252818e-15,0.0005373999883886427
5773,WMI,100,1950,50,125,5.2906511874721385e-15,1.5543122344752192e-15,0.00029749999521300197
5774,ISM,100,1950,50,125,0.49400999238193044,0.04968295071873685,0.0009458000131417066
5775,DI,100,1950,50,126,5.352677558880345e-15,1.9984014443252818e-15,0.0008014999912120402
5776,WMI,100,1950,50,126,5.2906511874721385e-15,1.5543122344752192e-15,0.0003539999888744205
5777,ISM,100,1950,50,126,0.49400999238193044,0.04968295071873685,0.0013986999983899295
5778,DI,100,1950,50,127,5.352677558880345e-15,1.9984014443252818e-15,0.0006104999920353293
5779,WMI,100,1950,50,127,5.2906511874721385e-15,1.5543122344752192e-15,0.00032950000604614615
5780,ISM,100,1950,50,127,0.49400999238193044,0.04968295071873685,0.0009710000013001263
5781,DI,100,1950,50,128,5.352677558880345e-15,1.9984014443252818e-15,0.0005374000174924731
5782,WMI,100,1950,50,128,5.2906511874721385e-15,1.5543122344752192e-15,0.0003142999776173383
5783,ISM,100,1950,50,128,0.49400999238193044,0.04968295071873685,0.0009523000044282526
5784,DI,100,1950,50,129,5.352677558880345e-15,1.9984014443252818e-15,0.0005632999818772078
5785,WMI,100,1950,50,129,5.2906511874721385e-15,1.5543122344752192e-15,0.0002887000155169517
5786,ISM,100,1950,50,129,0.49400999238193044,0.04968295071873685,0.0009523000044282526
5787,DI,100,1950,50,130,5.352677558880345e-15,1.9984014443252818e-15,0.0005187000206205994
5788,WMI,100,1950,50,130,5.2906511874721385e-15,1.5543122344752192e-15,0.0002838000073097646
5789,ISM,100,1950,50,130,0.49400999238193044,0.04968295071873685,0.0009561000042594969
5790,DI,100,1950,50,131,5.352677558880345e-15,1.9984014443252818e-15,0.0005188000213820487
5791,WMI,100,1950,50,131,5.2906511874721385e-15,1.5543122344752192e-15,0.0003108000091742724
5792,ISM,100,1950,50,131,0.49400999238193044,0.04968295071873685,0.0009422999864909798
5793,DI,100,1950,50,132,5.352677558880345e-15,1.9984014443252818e-15,0.0005064999859314412
5794,WMI,100,1950,50,132,5.2906511874721385e-15,1.5543122344752192e-15,0.00028509998810477555
5795,ISM,100,1950,50,132,0.49400999238193044,0.04968295071873685,0.0009445000032428652
5796,DI,100,1950,50,133,5.352677558880345e-15,1.9984014443252818e-15,0.00048710001283325255
5797,WMI,100,1950,50,133,5.2906511874721385e-15,1.5543122344752192e-15,0.00025260000256821513
5798,ISM,100,1950,50,133,0.49400999238193044,0.04968295071873685,0.0013880999758839607
5799,DI,100,1950,50,134,5.352677558880345e-15,1.9984014443252818e-15,0.000519599998369813
5800,WMI,100,1950,50,134,5.2906511874721385e-15,1.5543122344752192e-15,0.000288800016278401
5801,ISM,100,1950,50,134,0.49400999238193044,0.04968295071873685,0.0010613000195007771
5802,DI,100,1950,50,135,5.352677558880345e-15,1.9984014443252818e-15,0.0004950000147800893
5803,WMI,100,1950,50,135,5.2906511874721385e-15,1.5543122344752192e-15,0.00028979999478906393
5804,ISM,100,1950,50,135,0.49400999238193044,0.04968295071873685,0.0009509999945294112
5805,DI,100,1950,50,136,5.352677558880345e-15,1.9984014443252818e-15,0.000507500022649765
5806,WMI,100,1950,50,136,5.2906511874721385e-15,1.5543122344752192e-15,0.00029180001001805067
5807,ISM,100,1950,50,136,0.49400999238193044,0.04968295071873685,0.000976799987256527
5808,DI,100,1950,50,137,5.352677558880345e-15,1.9984014443252818e-15,0.0005034000205341727
5809,WMI,100,1950,50,137,5.2906511874721385e-15,1.5543122344752192e-15,0.00028029998065903783
5810,ISM,100,1950,50,137,0.49400999238193044,0.04968295071873685,0.0009391000203322619
5811,DI,100,1950,50,138,5.352677558880345e-15,1.9984014443252818e-15,0.000510000012582168
5812,WMI,100,1950,50,138,5.2906511874721385e-15,1.5543122344752192e-15,0.0002623999898787588
5813,ISM,100,1950,50,138,0.49400999238193044,0.04968295071873685,0.0009545999928377569
5814,DI,100,1950,50,139,5.352677558880345e-15,1.9984014443252818e-15,0.000520200002938509
5815,WMI,100,1950,50,139,5.2906511874721385e-15,1.5543122344752192e-15,0.00028080001357011497
5816,ISM,100,1950,50,139,0.49400999238193044,0.04968295071873685,0.0009387999889440835
5817,DI,100,1950,50,140,5.352677558880345e-15,1.9984014443252818e-15,0.0005194999976083636
5818,WMI,100,1950,50,140,5.2906511874721385e-15,1.5543122344752192e-15,0.0002772999869193882
5819,ISM,100,1950,50,140,0.49400999238193044,0.04968295071873685,0.0009413000079803169
5820,DI,100,1950,50,141,5.352677558880345e-15,1.9984014443252818e-15,0.00044669999624602497
5821,WMI,100,1950,50,141,5.2906511874721385e-15,1.5543122344752192e-15,0.0004639000107999891
5822,ISM,100,1950,50,141,0.49400999238193044,0.04968295071873685,0.0010514000023249537
5823,DI,100,1950,50,142,5.352677558880345e-15,1.9984014443252818e-15,0.0005364999815355986
5824,WMI,100,1950,50,142,5.2906511874721385e-15,1.5543122344752192e-15,0.0002722000062931329
5825,ISM,100,1950,50,142,0.49400999238193044,0.04968295071873685,0.0009716000058688223
5826,DI,100,1950,50,143,5.352677558880345e-15,1.9984014443252818e-15,0.0005189999938011169
5827,WMI,100,1950,50,143,5.2906511874721385e-15,1.5543122344752192e-15,0.00032179997651837766
5828,ISM,100,1950,50,143,0.49400999238193044,0.04968295071873685,0.0009542999905534089
5829,DI,100,1950,50,144,5.352677558880345e-15,1.9984014443252818e-15,0.000527299998793751
5830,WMI,100,1950,50,144,5.2906511874721385e-15,1.5543122344752192e-15,0.00029039999935775995
5831,ISM,100,1950,50,144,0.49400999238193044,0.04968295071873685,0.0009559000027365983
5832,DI,100,1950,50,145,5.352677558880345e-15,1.9984014443252818e-15,0.0005357000045478344
5833,WMI,100,1950,50,145,5.2906511874721385e-15,1.5543122344752192e-15,0.000277700019069016
5834,ISM,100,1950,50,145,0.49400999238193044,0.04968295071873685,0.0009404000011272728
5835,DI,100,1950,50,146,5.352677558880345e-15,1.9984014443252818e-15,0.000536599982297048
5836,WMI,100,1950,50,146,5.2906511874721385e-15,1.5543122344752192e-15,0.00026630001957528293
5837,ISM,100,1950,50,146,0.49400999238193044,0.04968295071873685,0.0009406000026501715
5838,DI,100,1950,50,147,5.352677558880345e-15,1.9984014443252818e-15,0.00048010001773945987
5839,WMI,100,1950,50,147,5.2906511874721385e-15,1.5543122344752192e-15,0.0003034000110346824
5840,ISM,100,1950,50,147,0.49400999238193044,0.04968295071873685,0.0009582999919075519
5841,DI,100,1950,50,148,5.352677558880345e-15,1.9984014443252818e-15,0.0005028000159654766
5842,WMI,100,1950,50,148,5.2906511874721385e-15,1.5543122344752192e-15,0.00031930001568980515
5843,ISM,100,1950,50,148,0.49400999238193044,0.04968295071873685,0.0010409999813418835
5844,DI,100,1950,50,149,5.352677558880345e-15,1.9984014443252818e-15,0.0005360000068321824
5845,WMI,100,1950,50,149,5.2906511874721385e-15,1.5543122344752192e-15,0.00029940000968053937
5846,ISM,100,1950,50,149,0.49400999238193044,0.04968295071873685,0.0009515999990981072
5847,DI,100,1950,50,150,5.352677558880345e-15,1.9984014443252818e-15,0.0005437000072561204
5848,WMI,100,1950,50,150,5.2906511874721385e-15,1.5543122344752192e-15,0.0002849999873433262
5849,ISM,100,1950,50,150,0.49400999238193044,0.04968295071873685,0.0009553999989293516
5850,DI,100,1950,50,151,5.352677558880345e-15,1.9984014443252818e-15,0.0004922999942209572
5851,WMI,100,1950,50,151,5.2906511874721385e-15,1.5543122344752192e-15,0.00029120000544935465
5852,ISM,100,1950,50,151,0.49400999238193044,0.04968295071873685,0.0009747000003699213
5853,DI,100,1950,50,152,5.352677558880345e-15,1.9984014443252818e-15,0.0005253000126685947
5854,WMI,100,1950,50,152,5.2906511874721385e-15,1.5543122344752192e-15,0.00029379999614320695
5855,ISM,100,1950,50,152,0.49400999238193044,0.04968295071873685,0.0009441000001970679
5856,DI,100,1950,50,153,5.352677558880345e-15,1.9984014443252818e-15,0.0005257000157143921
5857,WMI,100,1950,50,153,5.2906511874721385e-15,1.5543122344752192e-15,0.0002798000059556216
5858,ISM,100,1950,50,153,0.49400999238193044,0.04968295071873685,0.0009419000125490129
5859,DI,100,1950,50,154,5.352677558880345e-15,1.9984014443252818e-15,0.0005111000209581107
5860,WMI,100,1950,50,154,5.2906511874721385e-15,1.5543122344752192e-15,0.00028929999098181725
5861,ISM,100,1950,50,154,0.49400999238193044,0.04968295071873685,0.0009732000180520117
5862,DI,100,1950,50,155,5.352677558880345e-15,1.9984014443252818e-15,0.0005108999903313816
5863,WMI,100,1950,50,155,5.2906511874721385e-15,1.5543122344752192e-15,0.0002841999812517315
5864,ISM,100,1950,50,155,0.49400999238193044,0.04968295071873685,0.0022643999836873263
5865,DI,100,1950,50,156,5.352677558880345e-15,1.9984014443252818e-15,0.0005262000195216388
5866,WMI,100,1950,50,156,5.2906511874721385e-15,1.5543122344752192e-15,0.00028440001187846065
5867,ISM,100,1950,50,156,0.49400999238193044,0.04968295071873685,0.0009948000079020858
5868,DI,100,1950,50,157,5.352677558880345e-15,1.9984014443252818e-15,0.0005243000050541013
5869,WMI,100,1950,50,157,5.2906511874721385e-15,1.5543122344752192e-15,0.00028360000578686595
5870,ISM,100,1950,50,157,0.49400999238193044,0.04968295071873685,0.0009749999735504389
5871,DI,100,1950,50,158,5.352677558880345e-15,1.9984014443252818e-15,0.0004979999794159085
5872,WMI,100,1950,50,158,5.2906511874721385e-15,1.5543122344752192e-15,0.0002767000114545226
5873,ISM,100,1950,50,158,0.49400999238193044,0.04968295071873685,0.0009825000015553087
5874,DI,100,1950,50,159,5.352677558880345e-15,1.9984014443252818e-15,0.0005018999800086021
5875,WMI,100,1950,50,159,5.2906511874721385e-15,1.5543122344752192e-15,0.00029850000282749534
5876,ISM,100,1950,50,159,0.49400999238193044,0.04968295071873685,0.0009605999803170562
5877,DI,100,1950,50,160,5.352677558880345e-15,1.9984014443252818e-15,0.0004991000168956816
5878,WMI,100,1950,50,160,5.2906511874721385e-15,1.5543122344752192e-15,0.00027129999944008887
5879,ISM,100,1950,50,160,0.49400999238193044,0.04968295071873685,0.0009645999816711992
5880,DI,100,1950,50,161,5.352677558880345e-15,1.9984014443252818e-15,0.0005246999789960682
5881,WMI,100,1950,50,161,5.2906511874721385e-15,1.5543122344752192e-15,0.00028500001644715667
5882,ISM,100,1950,50,161,0.49400999238193044,0.04968295071873685,0.0009624999947845936
5883,DI,100,1950,50,162,5.352677558880345e-15,1.9984014443252818e-15,0.0005078999965917319
5884,WMI,100,1950,50,162,5.2906511874721385e-15,1.5543122344752192e-15,0.0002767999831121415
5885,ISM,100,1950,50,162,0.49400999238193044,0.04968295071873685,0.0011143999872729182
5886,DI,100,1950,50,163,5.352677558880345e-15,1.9984014443252818e-15,0.0006340999971143901
5887,WMI,100,1950,50,163,5.2906511874721385e-15,1.5543122344752192e-15,0.00037289998726919293
5888,ISM,100,1950,50,163,0.49400999238193044,0.04968295071873685,0.0010231999913230538
5889,DI,100,1950,50,164,5.352677558880345e-15,1.9984014443252818e-15,0.0006419999990612268
5890,WMI,100,1950,50,164,5.2906511874721385e-15,1.5543122344752192e-15,0.00034440000308677554
5891,ISM,100,1950,50,164,0.49400999238193044,0.04968295071873685,0.0010153999901376665
5892,DI,100,1950,50,165,5.352677558880345e-15,1.9984014443252818e-15,0.0005963000003248453
5893,WMI,100,1950,50,165,5.2906511874721385e-15,1.5543122344752192e-15,0.0003418999840505421
5894,ISM,100,1950,50,165,0.49400999238193044,0.04968295071873685,0.000973699992755428
5895,DI,100,1950,50,166,5.352677558880345e-15,1.9984014443252818e-15,0.0008544999873265624
5896,WMI,100,1950,50,166,5.2906511874721385e-15,1.5543122344752192e-15,0.000610699993558228
5897,ISM,100,1950,50,166,0.49400999238193044,0.04968295071873685,0.0010313000238966197
5898,DI,100,1950,50,167,5.352677558880345e-15,1.9984014443252818e-15,0.0007775000121910125
5899,WMI,100,1950,50,167,5.2906511874721385e-15,1.5543122344752192e-15,0.0003265999839641154
5900,ISM,100,1950,50,167,0.49400999238193044,0.04968295071873685,0.0009619999909773469
5901,DI,100,1950,50,168,5.352677558880345e-15,1.9984014443252818e-15,0.000988499989034608
5902,WMI,100,1950,50,168,5.2906511874721385e-15,1.5543122344752192e-15,0.0004910000134259462
5903,ISM,100,1950,50,168,0.49400999238193044,0.04968295071873685,0.0020426999835763127
5904,DI,100,1950,50,169,5.352677558880345e-15,1.9984014443252818e-15,0.0009441000001970679
5905,WMI,100,1950,50,169,5.2906511874721385e-15,1.5543122344752192e-15,0.0005659999733325094
5906,ISM,100,1950,50,169,0.49400999238193044,0.04968295071873685,0.0016122999950312078
5907,DI,100,1950,50,170,5.352677558880345e-15,1.9984014443252818e-15,0.0007179999956861138
5908,WMI,100,1950,50,170,5.2906511874721385e-15,1.5543122344752192e-15,0.00039770000148564577
5909,ISM,100,1950,50,170,0.49400999238193044,0.04968295071873685,0.0010207000013906509
5910,DI,100,1950,50,171,5.352677558880345e-15,1.9984014443252818e-15,0.0012073999969288707
5911,WMI,100,1950,50,171,5.2906511874721385e-15,1.5543122344752192e-15,0.0004387000226415694
5912,ISM,100,1950,50,171,0.49400999238193044,0.04968295071873685,0.002019900013692677
5913,DI,100,1950,50,172,5.352677558880345e-15,1.9984014443252818e-15,0.0007030999986454844
5914,WMI,100,1950,50,172,5.2906511874721385e-15,1.5543122344752192e-15,0.00042669998947530985
5915,ISM,100,1950,50,172,0.49400999238193044,0.04968295071873685,0.0021200999908614904
5916,DI,100,1950,50,173,5.352677558880345e-15,1.9984014443252818e-15,0.0006633999873884022
5917,WMI,100,1950,50,173,5.2906511874721385e-15,1.5543122344752192e-15,0.00031549998675473034
5918,ISM,100,1950,50,173,0.49400999238193044,0.04968295071873685,0.0012169000110588968
5919,DI,100,1950,50,174,5.352677558880345e-15,1.9984014443252818e-15,0.0007809999806340784
5920,WMI,100,1950,50,174,5.2906511874721385e-15,1.5543122344752192e-15,0.0004006999952252954
5921,ISM,100,1950,50,174,0.49400999238193044,0.04968295071873685,0.0014082999841775745
5922,DI,100,1950,50,175,5.352677558880345e-15,1.9984014443252818e-15,0.0006722999969497323
5923,WMI,100,1950,50,175,5.2906511874721385e-15,1.5543122344752192e-15,0.00047130000893957913
5924,ISM,100,1950,50,175,0.49400999238193044,0.04968295071873685,0.001955399988219142
5925,DI,100,1950,50,176,5.352677558880345e-15,1.9984014443252818e-15,0.0013177999935578555
5926,WMI,100,1950,50,176,5.2906511874721385e-15,1.5543122344752192e-15,0.0011924999998882413
5927,ISM,100,1950,50,176,0.49400999238193044,0.04968295071873685,0.0014507000159937888
5928,DI,100,1950,50,177,5.352677558880345e-15,1.9984014443252818e-15,0.0011320000048726797
5929,WMI,100,1950,50,177,5.2906511874721385e-15,1.5543122344752192e-15,0.0006450999935623258
5930,ISM,100,1950,50,177,0.49400999238193044,0.04968295071873685,0.0013217999949119985
5931,DI,100,1950,50,178,5.352677558880345e-15,1.9984014443252818e-15,0.0010886999953072518
5932,WMI,100,1950,50,178,5.2906511874721385e-15,1.5543122344752192e-15,0.0008196000126190484
5933,ISM,100,1950,50,178,0.49400999238193044,0.04968295071873685,0.0010335000115446746
5934,DI,100,1950,50,179,5.352677558880345e-15,1.9984014443252818e-15,0.0009148999815806746
5935,WMI,100,1950,50,179,5.2906511874721385e-15,1.5543122344752192e-15,0.0004304999893065542
5936,ISM,100,1950,50,179,0.49400999238193044,0.04968295071873685,0.0010175000061281025
5937,DI,100,1950,50,180,5.352677558880345e-15,1.9984014443252818e-15,0.0012361000117380172
5938,WMI,100,1950,50,180,5.2906511874721385e-15,1.5543122344752192e-15,0.0007077000045683235
5939,ISM,100,1950,50,180,0.49400999238193044,0.04968295071873685,0.00104750000173226
5940,DI,100,1950,50,181,5.352677558880345e-15,1.9984014443252818e-15,0.0012501000019256026
5941,WMI,100,1950,50,181,5.2906511874721385e-15,1.5543122344752192e-15,0.0004230999911669642
5942,ISM,100,1950,50,181,0.49400999238193044,0.04968295071873685,0.0010169000015594065
5943,DI,100,1950,50,182,5.352677558880345e-15,1.9984014443252818e-15,0.0012522000179160386
5944,WMI,100,1950,50,182,5.2906511874721385e-15,1.5543122344752192e-15,0.0008712999988347292
5945,ISM,100,1950,50,182,0.49400999238193044,0.04968295071873685,0.004106399981537834
5946,DI,100,1950,50,183,5.352677558880345e-15,1.9984014443252818e-15,0.0010929999989457428
5947,WMI,100,1950,50,183,5.2906511874721385e-15,1.5543122344752192e-15,0.0006207000114955008
5948,ISM,100,1950,50,183,0.49400999238193044,0.04968295071873685,0.001129699987359345
5949,DI,100,1950,50,184,5.352677558880345e-15,1.9984014443252818e-15,0.0008821999945212156
5950,WMI,100,1950,50,184,5.2906511874721385e-15,1.5543122344752192e-15,0.000590600015129894
5951,ISM,100,1950,50,184,0.49400999238193044,0.04968295071873685,0.0024148999946191907
5952,DI,100,1950,50,185,5.352677558880345e-15,1.9984014443252818e-15,0.0009959000162780285
5953,WMI,100,1950,50,185,5.2906511874721385e-15,1.5543122344752192e-15,0.00047810000251047313
5954,ISM,100,1950,50,185,0.49400999238193044,0.04968295071873685,0.001112099998863414
5955,DI,100,1950,50,186,5.352677558880345e-15,1.9984014443252818e-15,0.0008765999809838831
5956,WMI,100,1950,50,186,5.2906511874721385e-15,1.5543122344752192e-15,0.0005445000133477151
5957,ISM,100,1950,50,186,0.49400999238193044,0.04968295071873685,0.002951200003735721
5958,DI,100,1950,50,187,5.352677558880345e-15,1.9984014443252818e-15,0.001417800027411431
5959,WMI,100,1950,50,187,5.2906511874721385e-15,1.5543122344752192e-15,0.0005505000008270144
5960,ISM,100,1950,50,187,0.49400999238193044,0.04968295071873685,0.0012140999897383153
5961,DI,100,1950,50,188,5.352677558880345e-15,1.9984014443252818e-15,0.0008573999803047627
5962,WMI,100,1950,50,188,5.2906511874721385e-15,1.5543122344752192e-15,0.0004130000015720725
5963,ISM,100,1950,50,188,0.49400999238193044,0.04968295071873685,0.0010115999903064221
5964,DI,100,1950,50,189,5.352677558880345e-15,1.9984014443252818e-15,0.000990300002740696
5965,WMI,100,1950,50,189,5.2906511874721385e-15,1.5543122344752192e-15,0.00048299998161382973
5966,ISM,100,1950,50,189,0.49400999238193044,0.04968295071873685,0.002820699999574572
5967,DI,100,1950,50,190,5.352677558880345e-15,1.9984014443252818e-15,0.0011513000063132495
5968,WMI,100,1950,50,190,5.2906511874721385e-15,1.5543122344752192e-15,0.00046919999294914305
5969,ISM,100,1950,50,190,0.49400999238193044,0.04968295071873685,0.0011326000094413757
5970,DI,100,1950,50,191,5.352677558880345e-15,1.9984014443252818e-15,0.0008585999894421548
5971,WMI,100,1950,50,191,5.2906511874721385e-15,1.5543122344752192e-15,0.00046430001384578645
5972,ISM,100,1950,50,191,0.49400999238193044,0.04968295071873685,0.001003599987598136
5973,DI,100,1950,50,192,5.352677558880345e-15,1.9984014443252818e-15,0.0008795000030659139
5974,WMI,100,1950,50,192,5.2906511874721385e-15,1.5543122344752192e-15,0.0005419999943114817
5975,ISM,100,1950,50,192,0.49400999238193044,0.04968295071873685,0.0019462999771349132
5976,DI,100,1950,50,193,5.352677558880345e-15,1.9984014443252818e-15,0.0009318000229541212
5977,WMI,100,1950,50,193,5.2906511874721385e-15,1.5543122344752192e-15,0.0006342999986372888
5978,ISM,100,1950,50,193,0.49400999238193044,0.04968295071873685,0.0009458000131417066
5979,DI,100,1950,50,194,5.352677558880345e-15,1.9984014443252818e-15,0.001042899995809421
5980,WMI,100,1950,50,194,5.2906511874721385e-15,1.5543122344752192e-15,0.0005953999934718013
5981,ISM,100,1950,50,194,0.49400999238193044,0.04968295071873685,0.004071000003023073
5982,DI,100,1950,50,195,5.352677558880345e-15,1.9984014443252818e-15,0.0011748999822884798
5983,WMI,100,1950,50,195,5.2906511874721385e-15,1.5543122344752192e-15,0.0007768000068608671
5984,ISM,100,1950,50,195,0.49400999238193044,0.04968295071873685,0.001175700017483905
5985,DI,100,1950,50,196,5.352677558880345e-15,1.9984014443252818e-15,0.0010494999878574163
5986,WMI,100,1950,50,196,5.2906511874721385e-15,1.5543122344752192e-15,0.0007596999930683523
5987,ISM,100,1950,50,196,0.49400999238193044,0.04968295071873685,0.0019258999964222312
5988,DI,100,1950,50,197,5.352677558880345e-15,1.9984014443252818e-15,0.0011562000145204365
5989,WMI,100,1950,50,197,5.2906511874721385e-15,1.5543122344752192e-15,0.0008062999986577779
5990,ISM,100,1950,50,197,0.49400999238193044,0.04968295071873685,0.0012626000097952783
5991,DI,100,1950,50,198,5.352677558880345e-15,1.9984014443252818e-15,0.0009953000117093325
5992,WMI,100,1950,50,198,5.2906511874721385e-15,1.5543122344752192e-15,0.0007817000150680542
5993,ISM,100,1950,50,198,0.49400999238193044,0.04968295071873685,0.0028688999882433563
5994,DI,100,1950,50,199,5.352677558880345e-15,1.9984014443252818e-15,0.0012140000180806965
5995,WMI,100,1950,50,199,5.2906511874721385e-15,1.5543122344752192e-15,0.0006797999958507717
5996,ISM,100,1950,50,199,0.49400999238193044,0.04968295071873685,0.001767199981259182
5997,DI,100,1950,50,200,5.352677558880345e-15,1.9984014443252818e-15,0.0009648000122979283
5998,WMI,100,1950,50,200,5.2906511874721385e-15,1.5543122344752192e-15,0.0006476000125985593
5999,ISM,100,1950,50,200,0.49400999238193044,0.04968295071873685,0.0012624000082723796
6000,DI,100,1900,100,1,5.0601383245003794e-15,1.5543122344752192e-15,0.0007006000087130815
6001,WMI,100,1900,100,1,5.1974915770437505e-15,1.7763568394002505e-15,0.0008744999940972775
6002,ISM,100,1900,100,1,0.8187157061813755,0.08392323696356252,0.0020348000107333064
6003,DI,100,1900,100,2,5.0601383245003794e-15,1.5543122344752192e-15,0.0006027999916113913
6004,WMI,100,1900,100,2,5.1974915770437505e-15,1.7763568394002505e-15,0.0008736000163480639
6005,ISM,100,1900,100,2,0.8187157061813755,0.08392323696356252,0.004440499993506819
6006,DI,100,1900,100,3,5.0601383245003794e-15,1.5543122344752192e-15,0.0007602999976370484
6007,WMI,100,1900,100,3,5.1974915770437505e-15,1.7763568394002505e-15,0.0007705999887548387
6008,ISM,100,1900,100,3,0.8187157061813755,0.08392323696356252,0.0020469999872148037
6009,DI,100,1900,100,4,5.0601383245003794e-15,1.5543122344752192e-15,0.000526099989656359
6010,WMI,100,1900,100,4,5.1974915770437505e-15,1.7763568394002505e-15,0.000745400000596419
6011,ISM,100,1900,100,4,0.8187157061813755,0.08392323696356252,0.0019463000062387437
6012,DI,100,1900,100,5,5.0601383245003794e-15,1.5543122344752192e-15,0.0005181000160519034
6013,WMI,100,1900,100,5,5.1974915770437505e-15,1.7763568394002505e-15,0.0007207000162452459
6014,ISM,100,1900,100,5,0.8187157061813755,0.08392323696356252,0.0019204000127501786
6015,DI,100,1900,100,6,5.0601383245003794e-15,1.5543122344752192e-15,0.0005044999998062849
6016,WMI,100,1900,100,6,5.1974915770437505e-15,1.7763568394002505e-15,0.0006750999891664833
6017,ISM,100,1900,100,6,0.8187157061813755,0.08392323696356252,0.00189200000022538
6018,DI,100,1900,100,7,5.0601383245003794e-15,1.5543122344752192e-15,0.0005336000176612288
6019,WMI,100,1900,100,7,5.1974915770437505e-15,1.7763568394002505e-15,0.0006938999867998064
6020,ISM,100,1900,100,7,0.8187157061813755,0.08392323696356252,0.0019243000133428723
6021,DI,100,1900,100,8,5.0601383245003794e-15,1.5543122344752192e-15,0.0005113999941386282
6022,WMI,100,1900,100,8,5.1974915770437505e-15,1.7763568394002505e-15,0.0006860000139568001
6023,ISM,100,1900,100,8,0.8187157061813755,0.08392323696356252,0.002250699995784089
6024,DI,100,1900,100,9,5.0601383245003794e-15,1.5543122344752192e-15,0.0005439000087790191
6025,WMI,100,1900,100,9,5.1974915770437505e-15,1.7763568394002505e-15,0.0007078000053297728
6026,ISM,100,1900,100,9,0.8187157061813755,0.08392323696356252,0.0019428000086918473
6027,DI,100,1900,100,10,5.0601383245003794e-15,1.5543122344752192e-15,0.0005098000110592693
6028,WMI,100,1900,100,10,5.1974915770437505e-15,1.7763568394002505e-15,0.0006853000086266547
6029,ISM,100,1900,100,10,0.8187157061813755,0.08392323696356252,0.0019078000041190535
6030,DI,100,1900,100,11,5.0601383245003794e-15,1.5543122344752192e-15,0.0005469000025186688
6031,WMI,100,1900,100,11,5.1974915770437505e-15,1.7763568394002505e-15,0.0006678999925497919
6032,ISM,100,1900,100,11,0.8187157061813755,0.08392323696356252,0.0019224999996367842
6033,DI,100,1900,100,12,5.0601383245003794e-15,1.5543122344752192e-15,0.0004870000120718032
6034,WMI,100,1900,100,12,5.1974915770437505e-15,1.7763568394002505e-15,0.0006960000027902424
6035,ISM,100,1900,100,12,0.8187157061813755,0.08392323696356252,0.0018958000000566244
6036,DI,100,1900,100,13,5.0601383245003794e-15,1.5543122344752192e-15,0.000520200002938509
6037,WMI,100,1900,100,13,5.1974915770437505e-15,1.7763568394002505e-15,0.0025406999920960516
6038,ISM,100,1900,100,13,0.8187157061813755,0.08392323696356252,0.0025099999911617488
6039,DI,100,1900,100,14,5.0601383245003794e-15,1.5543122344752192e-15,0.0006046999769750983
6040,WMI,100,1900,100,14,5.1974915770437505e-15,1.7763568394002505e-15,0.0007282000151462853
6041,ISM,100,1900,100,14,0.8187157061813755,0.08392323696356252,0.0019078000041190535
6042,DI,100,1900,100,15,5.0601383245003794e-15,1.5543122344752192e-15,0.0005188000213820487
6043,WMI,100,1900,100,15,5.1974915770437505e-15,1.7763568394002505e-15,0.000743200012948364
6044,ISM,100,1900,100,15,0.8187157061813755,0.08392323696356252,0.0019382000027690083
6045,DI,100,1900,100,16,5.0601383245003794e-15,1.5543122344752192e-15,0.000679599994327873
6046,WMI,100,1900,100,16,5.1974915770437505e-15,1.7763568394002505e-15,0.000822600006358698
6047,ISM,100,1900,100,16,0.8187157061813755,0.08392323696356252,0.0026376000023446977
6048,DI,100,1900,100,17,5.0601383245003794e-15,1.5543122344752192e-15,0.0006394000083673745
6049,WMI,100,1900,100,17,5.1974915770437505e-15,1.7763568394002505e-15,0.0011037999938707799
6050,ISM,100,1900,100,17,0.8187157061813755,0.08392323696356252,0.00934449999476783
6051,DI,100,1900,100,18,5.0601383245003794e-15,1.5543122344752192e-15,0.000993099994957447
6052,WMI,100,1900,100,18,5.1974915770437505e-15,1.7763568394002505e-15,0.0010141999810002744
6053,ISM,100,1900,100,18,0.8187157061813755,0.08392323696356252,0.0035850999993272126
6054,DI,100,1900,100,19,5.0601383245003794e-15,1.5543122344752192e-15,0.0013045000087004155
6055,WMI,100,1900,100,19,5.1974915770437505e-15,1.7763568394002505e-15,0.001515499985544011
6056,ISM,100,1900,100,19,0.8187157061813755,0.08392323696356252,0.002903299988247454
6057,DI,100,1900,100,20,5.0601383245003794e-15,1.5543122344752192e-15,0.0008760000055190176
6058,WMI,100,1900,100,20,5.1974915770437505e-15,1.7763568394002505e-15,0.0010799000156112015
6059,ISM,100,1900,100,20,0.8187157061813755,0.08392323696356252,0.002350700000533834
6060,DI,100,1900,100,21,5.0601383245003794e-15,1.5543122344752192e-15,0.0009544000204186887
6061,WMI,100,1900,100,21,5.1974915770437505e-15,1.7763568394002505e-15,0.001050899998517707
6062,ISM,100,1900,100,21,0.8187157061813755,0.08392323696356252,0.0026547000161372125
6063,DI,100,1900,100,22,5.0601383245003794e-15,1.5543122344752192e-15,0.0008464999846182764
6064,WMI,100,1900,100,22,5.1974915770437505e-15,1.7763568394002505e-15,0.0014586000179406255
6065,ISM,100,1900,100,22,0.8187157061813755,0.08392323696356252,0.0019583000103011727
6066,DI,100,1900,100,23,5.0601383245003794e-15,1.5543122344752192e-15,0.0009082000178750604
6067,WMI,100,1900,100,23,5.1974915770437505e-15,1.7763568394002505e-15,0.0009763000125531107
6068,ISM,100,1900,100,23,0.8187157061813755,0.08392323696356252,0.0019228000019211322
6069,DI,100,1900,100,24,5.0601383245003794e-15,1.5543122344752192e-15,0.0008291999984066933
6070,WMI,100,1900,100,24,5.1974915770437505e-15,1.7763568394002505e-15,0.00104599999031052
6071,ISM,100,1900,100,24,0.8187157061813755,0.08392323696356252,0.0018934999825432897
6072,DI,100,1900,100,25,5.0601383245003794e-15,1.5543122344752192e-15,0.0009560000034980476
6073,WMI,100,1900,100,25,5.1974915770437505e-15,1.7763568394002505e-15,0.0010311999940313399
6074,ISM,100,1900,100,25,0.8187157061813755,0.08392323696356252,0.003950800019083545
6075,DI,100,1900,100,26,5.0601383245003794e-15,1.5543122344752192e-15,0.0009215000027325004
6076,WMI,100,1900,100,26,5.1974915770437505e-15,1.7763568394002505e-15,0.0013258999970275909
6077,ISM,100,1900,100,26,0.8187157061813755,0.08392323696356252,0.001950100006069988
6078,DI,100,1900,100,27,5.0601383245003794e-15,1.5543122344752192e-15,0.0009077999857254326
6079,WMI,100,1900,100,27,5.1974915770437505e-15,1.7763568394002505e-15,0.0012786000152118504
6080,ISM,100,1900,100,27,0.8187157061813755,0.08392323696356252,0.002095199975883588
6081,DI,100,1900,100,28,5.0601383245003794e-15,1.5543122344752192e-15,0.0011109999904874712
6082,WMI,100,1900,100,28,5.1974915770437505e-15,1.7763568394002505e-15,0.0011340999917592853
6083,ISM,100,1900,100,28,0.8187157061813755,0.08392323696356252,0.0019108999986201525
6084,DI,100,1900,100,29,5.0601383245003794e-15,1.5543122344752192e-15,0.0009153000137303025
6085,WMI,100,1900,100,29,5.1974915770437505e-15,1.7763568394002505e-15,0.0010700999991968274
6086,ISM,100,1900,100,29,0.8187157061813755,0.08392323696356252,0.0035703999747056514
6087,DI,100,1900,100,30,5.0601383245003794e-15,1.5543122344752192e-15,0.0008936999947763979
6088,WMI,100,1900,100,30,5.1974915770437505e-15,1.7763568394002505e-15,0.0011730999976862222
6089,ISM,100,1900,100,30,0.8187157061813755,0.08392323696356252,0.00189939999836497
6090,DI,100,1900,100,31,5.0601383245003794e-15,1.5543122344752192e-15,0.0007171999895945191
6091,WMI,100,1900,100,31,5.1974915770437505e-15,1.7763568394002505e-15,0.0010299999848939478
6092,ISM,100,1900,100,31,0.8187157061813755,0.08392323696356252,0.0030583000043407083
6093,DI,100,1900,100,32,5.0601383245003794e-15,1.5543122344752192e-15,0.0008818999922368675
6094,WMI,100,1900,100,32,5.1974915770437505e-15,1.7763568394002505e-15,0.0009508999937679619
6095,ISM,100,1900,100,32,0.8187157061813755,0.08392323696356252,0.004051600000821054
6096,DI,100,1900,100,33,5.0601383245003794e-15,1.5543122344752192e-15,0.0008660999883431941
6097,WMI,100,1900,100,33,5.1974915770437505e-15,1.7763568394002505e-15,0.0010904000082518905
6098,ISM,100,1900,100,33,0.8187157061813755,0.08392323696356252,0.0021317999926395714
6099,DI,100,1900,100,34,5.0601383245003794e-15,1.5543122344752192e-15,0.000828799995360896
6100,WMI,100,1900,100,34,5.1974915770437505e-15,1.7763568394002505e-15,0.0009483000030741096
6101,ISM,100,1900,100,34,0.8187157061813755,0.08392323696356252,0.0026357000169809908
6102,DI,100,1900,100,35,5.0601383245003794e-15,1.5543122344752192e-15,0.0006952999974600971
6103,WMI,100,1900,100,35,5.1974915770437505e-15,1.7763568394002505e-15,0.000811800011433661
6104,ISM,100,1900,100,35,0.8187157061813755,0.08392323696356252,0.0024770000018179417
6105,DI,100,1900,100,36,5.0601383245003794e-15,1.5543122344752192e-15,0.0005409000150393695
6106,WMI,100,1900,100,36,5.1974915770437505e-15,1.7763568394002505e-15,0.0006948999944142997
6107,ISM,100,1900,100,36,0.8187157061813755,0.08392323696356252,0.0018912999948952347
6108,DI,100,1900,100,37,5.0601383245003794e-15,1.5543122344752192e-15,0.0005495999939739704
6109,WMI,100,1900,100,37,5.1974915770437505e-15,1.7763568394002505e-15,0.0008674999990034848
6110,ISM,100,1900,100,37,0.8187157061813755,0.08392323696356252,0.0019224999996367842
6111,DI,100,1900,100,38,5.0601383245003794e-15,1.5543122344752192e-15,0.0005680999893229455
6112,WMI,100,1900,100,38,5.1974915770437505e-15,1.7763568394002505e-15,0.0008236000139731914
6113,ISM,100,1900,100,38,0.8187157061813755,0.08392323696356252,0.0022526000102516264
6114,DI,100,1900,100,39,5.0601383245003794e-15,1.5543122344752192e-15,0.0005745000089518726
6115,WMI,100,1900,100,39,5.1974915770437505e-15,1.7763568394002505e-15,0.0007245000160764903
6116,ISM,100,1900,100,39,0.8187157061813755,0.08392323696356252,0.0019175999914295971
6117,DI,100,1900,100,40,5.0601383245003794e-15,1.5543122344752192e-15,0.0005246000073384494
6118,WMI,100,1900,100,40,5.1974915770437505e-15,1.7763568394002505e-15,0.0006672999879810959
6119,ISM,100,1900,100,40,0.8187157061813755,0.08392323696356252,0.001903099997434765
6120,DI,100,1900,100,41,5.0601383245003794e-15,1.5543122344752192e-15,0.0004833999846596271
6121,WMI,100,1900,100,41,5.1974915770437505e-15,1.7763568394002505e-15,0.0007279000128619373
6122,ISM,100,1900,100,41,0.8187157061813755,0.08392323696356252,0.002071399998385459
6123,DI,100,1900,100,42,5.0601383245003794e-15,1.5543122344752192e-15,0.000534699996933341
6124,WMI,100,1900,100,42,5.1974915770437505e-15,1.7763568394002505e-15,0.0006970999820623547
6125,ISM,100,1900,100,42,0.8187157061813755,0.08392323696356252,0.0018933000101242214
6126,DI,100,1900,100,43,5.0601383245003794e-15,1.5543122344752192e-15,0.0005004999984521419
6127,WMI,100,1900,100,43,5.1974915770437505e-15,1.7763568394002505e-15,0.0006732000038027763
6128,ISM,100,1900,100,43,0.8187157061813755,0.08392323696356252,0.0019280999840702862
6129,DI,100,1900,100,44,5.0601383245003794e-15,1.5543122344752192e-15,0.000555399979930371
6130,WMI,100,1900,100,44,5.1974915770437505e-15,1.7763568394002505e-15,0.0006920000014360994
6131,ISM,100,1900,100,44,0.8187157061813755,0.08392323696356252,0.0020081999828107655
6132,DI,100,1900,100,45,5.0601383245003794e-15,1.5543122344752192e-15,0.0005245999782346189
6133,WMI,100,1900,100,45,5.1974915770437505e-15,1.7763568394002505e-15,0.0007877000025473535
6134,ISM,100,1900,100,45,0.8187157061813755,0.08392323696356252,0.0021326999994926155
6135,DI,100,1900,100,46,5.0601383245003794e-15,1.5543122344752192e-15,0.000513400009367615
6136,WMI,100,1900,100,46,5.1974915770437505e-15,1.7763568394002505e-15,0.0007956000044941902
6137,ISM,100,1900,100,46,0.8187157061813755,0.08392323696356252,0.001982799993129447
6138,DI,100,1900,100,47,5.0601383245003794e-15,1.5543122344752192e-15,0.0004845999937970191
6139,WMI,100,1900,100,47,5.1974915770437505e-15,1.7763568394002505e-15,0.00069629997597076
6140,ISM,100,1900,100,47,0.8187157061813755,0.08392323696356252,0.001985200011404231
6141,DI,100,1900,100,48,5.0601383245003794e-15,1.5543122344752192e-15,0.0005933000065851957
6142,WMI,100,1900,100,48,5.1974915770437505e-15,1.7763568394002505e-15,0.000986600003670901
6143,ISM,100,1900,100,48,0.8187157061813755,0.08392323696356252,0.0019039000035263598
6144,DI,100,1900,100,49,5.0601383245003794e-15,1.5543122344752192e-15,0.0005026999861001968
6145,WMI,100,1900,100,49,5.1974915770437505e-15,1.7763568394002505e-15,0.0007747000199742615
6146,ISM,100,1900,100,49,0.8187157061813755,0.08392323696356252,0.0021018999977968633
6147,DI,100,1900,100,50,5.0601383245003794e-15,1.5543122344752192e-15,0.0005284000071696937
6148,WMI,100,1900,100,50,5.1974915770437505e-15,1.7763568394002505e-15,0.0007865000225137919
6149,ISM,100,1900,100,50,0.8187157061813755,0.08392323696356252,0.0019571000011637807
6150,DI,100,1900,100,51,5.0601383245003794e-15,1.5543122344752192e-15,0.0005326000100467354
6151,WMI,100,1900,100,51,5.1974915770437505e-15,1.7763568394002505e-15,0.0007359000155702233
6152,DI,100,1900,100,52,5.0601383245003794e-15,1.5543122344752192e-15,0.0005450999888125807
6153,WMI,100,1900,100,52,5.1974915770437505e-15,1.7763568394002505e-15,0.0007480999920517206
6154,DI,100,1900,100,53,5.0601383245003794e-15,1.5543122344752192e-15,0.0005188999930396676
6155,WMI,100,1900,100,53,5.1974915770437505e-15,1.7763568394002505e-15,0.000742000003810972
6156,DI,100,1900,100,54,5.0601383245003794e-15,1.5543122344752192e-15,0.0006474000110756606
6157,WMI,100,1900,100,54,5.1974915770437505e-15,1.7763568394002505e-15,0.0007808000082150102
6158,DI,100,1900,100,55,5.0601383245003794e-15,1.5543122344752192e-15,0.0005105999880470335
6159,WMI,100,1900,100,55,5.1974915770437505e-15,1.7763568394002505e-15,0.000763899995945394
6160,DI,100,1900,100,56,5.0601383245003794e-15,1.5543122344752192e-15,0.0005278000026009977
6161,WMI,100,1900,100,56,5.1974915770437505e-15,1.7763568394002505e-15,0.0007486999966204166
6162,DI,100,1900,100,57,5.0601383245003794e-15,1.5543122344752192e-15,0.0005475000070873648
6163,WMI,100,1900,100,57,5.1974915770437505e-15,1.7763568394002505e-15,0.0007576000061817467
6164,DI,100,1900,100,58,5.0601383245003794e-15,1.5543122344752192e-15,0.000586900016060099
6165,WMI,100,1900,100,58,5.1974915770437505e-15,1.7763568394002505e-15,0.0007038999756332487
6166,DI,100,1900,100,59,5.0601383245003794e-15,1.5543122344752192e-15,0.0005444999842438847
6167,WMI,100,1900,100,59,5.1974915770437505e-15,1.7763568394002505e-15,0.0008475999929942191
6168,DI,100,1900,100,60,5.0601383245003794e-15,1.5543122344752192e-15,0.0005317999748513103
6169,WMI,100,1900,100,60,5.1974915770437505e-15,1.7763568394002505e-15,0.0007344000041484833
6170,DI,100,1900,100,61,5.0601383245003794e-15,1.5543122344752192e-15,0.0005265000218059868
6171,WMI,100,1900,100,61,5.1974915770437505e-15,1.7763568394002505e-15,0.0007605999999213964
6172,DI,100,1900,100,62,5.0601383245003794e-15,1.5543122344752192e-15,0.0005243000050541013
6173,WMI,100,1900,100,62,5.1974915770437505e-15,1.7763568394002505e-15,0.0007182999979704618
6174,DI,100,1900,100,63,5.0601383245003794e-15,1.5543122344752192e-15,0.0005022000113967806
6175,WMI,100,1900,100,63,5.1974915770437505e-15,1.7763568394002505e-15,0.0007214999932330102
6176,DI,100,1900,100,64,5.0601383245003794e-15,1.5543122344752192e-15,0.0005241999751888216
6177,WMI,100,1900,100,64,5.1974915770437505e-15,1.7763568394002505e-15,0.0007362999895121902
6178,DI,100,1900,100,65,5.0601383245003794e-15,1.5543122344752192e-15,0.000448200007667765
6179,WMI,100,1900,100,65,5.1974915770437505e-15,1.7763568394002505e-15,0.000843899993924424
6180,DI,100,1900,100,66,5.0601383245003794e-15,1.5543122344752192e-15,0.0005289999826345593
6181,WMI,100,1900,100,66,5.1974915770437505e-15,1.7763568394002505e-15,0.0007730000070296228
6182,DI,100,1900,100,67,5.0601383245003794e-15,1.5543122344752192e-15,0.0005210000090301037
6183,WMI,100,1900,100,67,5.1974915770437505e-15,1.7763568394002505e-15,0.0007401999901048839
6184,DI,100,1900,100,68,5.0601383245003794e-15,1.5543122344752192e-15,0.0005523999861907214
6185,WMI,100,1900,100,68,5.1974915770437505e-15,1.7763568394002505e-15,0.0007416000007651746
6186,DI,100,1900,100,69,5.0601383245003794e-15,1.5543122344752192e-15,0.0005294000147841871
6187,WMI,100,1900,100,69,5.1974915770437505e-15,1.7763568394002505e-15,0.0008003000111784786
6188,DI,100,1900,100,70,5.0601383245003794e-15,1.5543122344752192e-15,0.0005429000011645257
6189,WMI,100,1900,100,70,5.1974915770437505e-15,1.7763568394002505e-15,0.0007145999989006668
6190,DI,100,1900,100,71,5.0601383245003794e-15,1.5543122344752192e-15,0.0005606000195257366
6191,WMI,100,1900,100,71,5.1974915770437505e-15,1.7763568394002505e-15,0.0007600999961141497
6192,DI,100,1900,100,72,5.0601383245003794e-15,1.5543122344752192e-15,0.0004962999955751002
6193,WMI,100,1900,100,72,5.1974915770437505e-15,1.7763568394002505e-15,0.000801300018792972
6194,DI,100,1900,100,73,5.0601383245003794e-15,1.5543122344752192e-15,0.0005911999905947596
6195,WMI,100,1900,100,73,5.1974915770437505e-15,1.7763568394002505e-15,0.0007307999767363071
6196,DI,100,1900,100,74,5.0601383245003794e-15,1.5543122344752192e-15,0.0005206000059843063
6197,WMI,100,1900,100,74,5.1974915770437505e-15,1.7763568394002505e-15,0.0007483999943360686
6198,DI,100,1900,100,75,5.0601383245003794e-15,1.5543122344752192e-15,0.0005187000206205994
6199,WMI,100,1900,100,75,5.1974915770437505e-15,1.7763568394002505e-15,0.0007915000023785979
6200,DI,100,1900,100,76,5.0601383245003794e-15,1.5543122344752192e-15,0.0005329000123310834
6201,WMI,100,1900,100,76,5.1974915770437505e-15,1.7763568394002505e-15,0.0007089999853633344
6202,DI,100,1900,100,77,5.0601383245003794e-15,1.5543122344752192e-15,0.0005241000035312027
6203,WMI,100,1900,100,77,5.1974915770437505e-15,1.7763568394002505e-15,0.0007681999995838851
6204,DI,100,1900,100,78,5.0601383245003794e-15,1.5543122344752192e-15,0.0005299000185914338
6205,WMI,100,1900,100,78,5.1974915770437505e-15,1.7763568394002505e-15,0.0007329999934881926
6206,DI,100,1900,100,79,5.0601383245003794e-15,1.5543122344752192e-15,0.0005371000152081251
6207,WMI,100,1900,100,79,5.1974915770437505e-15,1.7763568394002505e-15,0.0007329000218305737
6208,DI,100,1900,100,80,5.0601383245003794e-15,1.5543122344752192e-15,0.0004919000202789903
6209,WMI,100,1900,100,80,5.1974915770437505e-15,1.7763568394002505e-15,0.004442499979631975
6210,DI,100,1900,100,81,5.0601383245003794e-15,1.5543122344752192e-15,0.0005654999986290932
6211,WMI,100,1900,100,81,5.1974915770437505e-15,1.7763568394002505e-15,0.0007823999912943691
6212,DI,100,1900,100,82,5.0601383245003794e-15,1.5543122344752192e-15,0.0005150999932084233
6213,WMI,100,1900,100,82,5.1974915770437505e-15,1.7763568394002505e-15,0.0007767000060994178
6214,DI,100,1900,100,83,5.0601383245003794e-15,1.5543122344752192e-15,0.0005157999985385686
6215,WMI,100,1900,100,83,5.1974915770437505e-15,1.7763568394002505e-15,0.0011771999998018146
6216,DI,100,1900,100,84,5.0601383245003794e-15,1.5543122344752192e-15,0.0005592999805230647
6217,WMI,100,1900,100,84,5.1974915770437505e-15,1.7763568394002505e-15,0.0007948999991640449
6218,DI,100,1900,100,85,5.0601383245003794e-15,1.5543122344752192e-15,0.0005434000049717724
6219,WMI,100,1900,100,85,5.1974915770437505e-15,1.7763568394002505e-15,0.0007799000013619661
6220,DI,100,1900,100,86,5.0601383245003794e-15,1.5543122344752192e-15,0.0005807999987155199
6221,WMI,100,1900,100,86,5.1974915770437505e-15,1.7763568394002505e-15,0.0007499000057578087
6222,DI,100,1900,100,87,5.0601383245003794e-15,1.5543122344752192e-15,0.000531600002432242
6223,WMI,100,1900,100,87,5.1974915770437505e-15,1.7763568394002505e-15,0.0008417000062763691
6224,DI,100,1900,100,88,5.0601383245003794e-15,1.5543122344752192e-15,0.0005118999979458749
6225,WMI,100,1900,100,88,5.1974915770437505e-15,1.7763568394002505e-15,0.0008092000207398087
6226,DI,100,1900,100,89,5.0601383245003794e-15,1.5543122344752192e-15,0.0005050999752711505
6227,WMI,100,1900,100,89,5.1974915770437505e-15,1.7763568394002505e-15,0.0007738999847788364
6228,DI,100,1900,100,90,5.0601383245003794e-15,1.5543122344752192e-15,0.0004949999856762588
6229,WMI,100,1900,100,90,5.1974915770437505e-15,1.7763568394002505e-15,0.0007721000001765788
6230,DI,100,1900,100,91,5.0601383245003794e-15,1.5543122344752192e-15,0.0004941000079270452
6231,WMI,100,1900,100,91,5.1974915770437505e-15,1.7763568394002505e-15,0.0007252999930642545
6232,DI,100,1900,100,92,5.0601383245003794e-15,1.5543122344752192e-15,0.0005525999877136201
6233,WMI,100,1900,100,92,5.1974915770437505e-15,1.7763568394002505e-15,0.0007021999917924404
6234,DI,100,1900,100,93,5.0601383245003794e-15,1.5543122344752192e-15,0.0005531999922823161
6235,WMI,100,1900,100,93,5.1974915770437505e-15,1.7763568394002505e-15,0.0006850000063423067
6236,DI,100,1900,100,94,5.0601383245003794e-15,1.5543122344752192e-15,0.0005295000155456364
6237,WMI,100,1900,100,94,5.1974915770437505e-15,1.7763568394002505e-15,0.000770999991800636
6238,DI,100,1900,100,95,5.0601383245003794e-15,1.5543122344752192e-15,0.0004944999818690121
6239,WMI,100,1900,100,95,5.1974915770437505e-15,1.7763568394002505e-15,0.0006945000204723328
6240,DI,100,1900,100,96,5.0601383245003794e-15,1.5543122344752192e-15,0.0005952999927103519
6241,WMI,100,1900,100,96,5.1974915770437505e-15,1.7763568394002505e-15,0.0006964000058360398
6242,DI,100,1900,100,97,5.0601383245003794e-15,1.5543122344752192e-15,0.0004940999788232148
6243,WMI,100,1900,100,97,5.1974915770437505e-15,1.7763568394002505e-15,0.0006705999840050936
6244,DI,100,1900,100,98,5.0601383245003794e-15,1.5543122344752192e-15,0.0006201000069268048
6245,WMI,100,1900,100,98,5.1974915770437505e-15,1.7763568394002505e-15,0.0007681999995838851
6246,DI,100,1900,100,99,5.0601383245003794e-15,1.5543122344752192e-15,0.0005350999999791384
6247,WMI,100,1900,100,99,5.1974915770437505e-15,1.7763568394002505e-15,0.0007357999857049435
6248,DI,100,1900,100,100,5.0601383245003794e-15,1.5543122344752192e-15,0.0005458999949041754
6249,WMI,100,1900,100,100,5.1974915770437505e-15,1.7763568394002505e-15,0.0007041000062599778
6250,DI,100,1900,100,101,5.0601383245003794e-15,1.5543122344752192e-15,0.0005400000081863254
6251,WMI,100,1900,100,101,5.1974915770437505e-15,1.7763568394002505e-15,0.0007180000247899443
6252,DI,100,1900,100,102,5.0601383245003794e-15,1.5543122344752192e-15,0.0005569999921135604
6253,WMI,100,1900,100,102,5.1974915770437505e-15,1.7763568394002505e-15,0.0006901000160723925
6254,DI,100,1900,100,103,5.0601383245003794e-15,1.5543122344752192e-15,0.0005766999965999275
6255,WMI,100,1900,100,103,5.1974915770437505e-15,1.7763568394002505e-15,0.00066380001953803
6256,DI,100,1900,100,104,5.0601383245003794e-15,1.5543122344752192e-15,0.0004903000080958009
6257,WMI,100,1900,100,104,5.1974915770437505e-15,1.7763568394002505e-15,0.0007225000008475035
6258,DI,100,1900,100,105,5.0601383245003794e-15,1.5543122344752192e-15,0.0005167000053916126
6259,WMI,100,1900,100,105,5.1974915770437505e-15,1.7763568394002505e-15,0.0007618999807164073
6260,DI,100,1900,100,106,5.0601383245003794e-15,1.5543122344752192e-15,0.000582600012421608
6261,WMI,100,1900,100,106,5.1974915770437505e-15,1.7763568394002505e-15,0.0007364999910350889
6262,DI,100,1900,100,107,5.0601383245003794e-15,1.5543122344752192e-15,0.0005053000058978796
6263,WMI,100,1900,100,107,5.1974915770437505e-15,1.7763568394002505e-15,0.0007485999958589673
6264,DI,100,1900,100,108,5.0601383245003794e-15,1.5543122344752192e-15,0.0005967000033706427
6265,WMI,100,1900,100,108,5.1974915770437505e-15,1.7763568394002505e-15,0.000751299987314269
6266,DI,100,1900,100,109,5.0601383245003794e-15,1.5543122344752192e-15,0.0005284000071696937
6267,WMI,100,1900,100,109,5.1974915770437505e-15,1.7763568394002505e-15,0.0006780000112485141
6268,DI,100,1900,100,110,5.0601383245003794e-15,1.5543122344752192e-15,0.0005361000075936317
6269,WMI,100,1900,100,110,5.1974915770437505e-15,1.7763568394002505e-15,0.0007063999946694821
6270,DI,100,1900,100,111,5.0601383245003794e-15,1.5543122344752192e-15,0.0005459999956656247
6271,WMI,100,1900,100,111,5.1974915770437505e-15,1.7763568394002505e-15,0.000724400015315041
6272,DI,100,1900,100,112,5.0601383245003794e-15,1.5543122344752192e-15,0.000513100007083267
6273,WMI,100,1900,100,112,5.1974915770437505e-15,1.7763568394002505e-15,0.0006412000220734626
6274,DI,100,1900,100,113,5.0601383245003794e-15,1.5543122344752192e-15,0.00046820001443848014
6275,WMI,100,1900,100,113,5.1974915770437505e-15,1.7763568394002505e-15,0.0006844000017736107
6276,DI,100,1900,100,114,5.0601383245003794e-15,1.5543122344752192e-15,0.0004807999939657748
6277,WMI,100,1900,100,114,5.1974915770437505e-15,1.7763568394002505e-15,0.0006825999880675226
6278,DI,100,1900,100,115,5.0601383245003794e-15,1.5543122344752192e-15,0.0004902999789919704
6279,WMI,100,1900,100,115,5.1974915770437505e-15,1.7763568394002505e-15,0.000651500013191253
6280,DI,100,1900,100,116,5.0601383245003794e-15,1.5543122344752192e-15,0.0004963999963365495
6281,WMI,100,1900,100,116,5.1974915770437505e-15,1.7763568394002505e-15,0.001141099986853078
6282,DI,100,1900,100,117,5.0601383245003794e-15,1.5543122344752192e-15,0.0008379000064451247
6283,WMI,100,1900,100,117,5.1974915770437505e-15,1.7763568394002505e-15,0.0013309999776538461
6284,DI,100,1900,100,118,5.0601383245003794e-15,1.5543122344752192e-15,0.0007067999977152795
6285,WMI,100,1900,100,118,5.1974915770437505e-15,1.7763568394002505e-15,0.001284700003452599
6286,DI,100,1900,100,119,5.0601383245003794e-15,1.5543122344752192e-15,0.0008580000139772892
6287,WMI,100,1900,100,119,5.1974915770437505e-15,1.7763568394002505e-15,0.0008311000128742307
6288,DI,100,1900,100,120,5.0601383245003794e-15,1.5543122344752192e-15,0.0006761000258848071
6289,WMI,100,1900,100,120,5.1974915770437505e-15,1.7763568394002505e-15,0.0007367999933194369
6290,DI,100,1900,100,121,5.0601383245003794e-15,1.5543122344752192e-15,0.0006403000152204186
6291,WMI,100,1900,100,121,5.1974915770437505e-15,1.7763568394002505e-15,0.0007233000069390982
6292,DI,100,1900,100,122,5.0601383245003794e-15,1.5543122344752192e-15,0.0006542000046465546
6293,WMI,100,1900,100,122,5.1974915770437505e-15,1.7763568394002505e-15,0.000683899997966364
6294,DI,100,1900,100,123,5.0601383245003794e-15,1.5543122344752192e-15,0.0005505000008270144
6295,WMI,100,1900,100,123,5.1974915770437505e-15,1.7763568394002505e-15,0.0008868000004440546
6296,DI,100,1900,100,124,5.0601383245003794e-15,1.5543122344752192e-15,0.0005371000152081251
6297,WMI,100,1900,100,124,5.1974915770437505e-15,1.7763568394002505e-15,0.0006839000270701945
6298,DI,100,1900,100,125,5.0601383245003794e-15,1.5543122344752192e-15,0.0005730999982915819
6299,WMI,100,1900,100,125,5.1974915770437505e-15,1.7763568394002505e-15,0.0009145999792963266
6300,DI,100,1900,100,126,5.0601383245003794e-15,1.5543122344752192e-15,0.0007483999943360686
6301,WMI,100,1900,100,126,5.1974915770437505e-15,1.7763568394002505e-15,0.0008311000128742307
6302,DI,100,1900,100,127,5.0601383245003794e-15,1.5543122344752192e-15,0.000526699994225055
6303,WMI,100,1900,100,127,5.1974915770437505e-15,1.7763568394002505e-15,0.0007107999990694225
6304,DI,100,1900,100,128,5.0601383245003794e-15,1.5543122344752192e-15,0.0005157999985385686
6305,WMI,100,1900,100,128,5.1974915770437505e-15,1.7763568394002505e-15,0.0007838000019546598
6306,DI,100,1900,100,129,5.0601383245003794e-15,1.5543122344752192e-15,0.0006588999822270125
6307,WMI,100,1900,100,129,5.1974915770437505e-15,1.7763568394002505e-15,0.0007795999990776181
6308,DI,100,1900,100,130,5.0601383245003794e-15,1.5543122344752192e-15,0.0006391000060830265
6309,WMI,100,1900,100,130,5.1974915770437505e-15,1.7763568394002505e-15,0.0007298999989870936
6310,DI,100,1900,100,131,5.0601383245003794e-15,1.5543122344752192e-15,0.0006438999844249338
6311,WMI,100,1900,100,131,5.1974915770437505e-15,1.7763568394002505e-15,0.0007704999879933894
6312,DI,100,1900,100,132,5.0601383245003794e-15,1.5543122344752192e-15,0.0006862999871373177
6313,WMI,100,1900,100,132,5.1974915770437505e-15,1.7763568394002505e-15,0.0007596999930683523
6314,DI,100,1900,100,133,5.0601383245003794e-15,1.5543122344752192e-15,0.0005574000242631882
6315,WMI,100,1900,100,133,5.1974915770437505e-15,1.7763568394002505e-15,0.0007867999956943095
6316,DI,100,1900,100,134,5.0601383245003794e-15,1.5543122344752192e-15,0.0005790999857708812
6317,WMI,100,1900,100,134,5.1974915770437505e-15,1.7763568394002505e-15,0.0008828999998513609
6318,DI,100,1900,100,135,5.0601383245003794e-15,1.5543122344752192e-15,0.0005739000043831766
6319,WMI,100,1900,100,135,5.1974915770437505e-15,1.7763568394002505e-15,0.0006764000281691551
6320,DI,100,1900,100,136,5.0601383245003794e-15,1.5543122344752192e-15,0.0006503000040538609
6321,WMI,100,1900,100,136,5.1974915770437505e-15,1.7763568394002505e-15,0.0012360000109765679
6322,DI,100,1900,100,137,5.0601383245003794e-15,1.5543122344752192e-15,0.0006434000097215176
6323,WMI,100,1900,100,137,5.1974915770437505e-15,1.7763568394002505e-15,0.0010995999909937382
6324,DI,100,1900,100,138,5.0601383245003794e-15,1.5543122344752192e-15,0.0006800999981351197
6325,WMI,100,1900,100,138,5.1974915770437505e-15,1.7763568394002505e-15,0.0011946999875362962
6326,DI,100,1900,100,139,5.0601383245003794e-15,1.5543122344752192e-15,0.0010987999849021435
6327,WMI,100,1900,100,139,5.1974915770437505e-15,1.7763568394002505e-15,0.0010150999878533185
6328,DI,100,1900,100,140,5.0601383245003794e-15,1.5543122344752192e-15,0.0006960000027902424
6329,WMI,100,1900,100,140,5.1974915770437505e-15,1.7763568394002505e-15,0.0008923000132199377
6330,DI,100,1900,100,141,5.0601383245003794e-15,1.5543122344752192e-15,0.0006953999982215464
6331,WMI,100,1900,100,141,5.1974915770437505e-15,1.7763568394002505e-15,0.0008525000012014061
6332,DI,100,1900,100,142,5.0601383245003794e-15,1.5543122344752192e-15,0.0007134000188671052
6333,WMI,100,1900,100,142,5.1974915770437505e-15,1.7763568394002505e-15,0.0008601000008638948
6334,DI,100,1900,100,143,5.0601383245003794e-15,1.5543122344752192e-15,0.0006225999968592077
6335,WMI,100,1900,100,143,5.1974915770437505e-15,1.7763568394002505e-15,0.0008656999852973968
6336,DI,100,1900,100,144,5.0601383245003794e-15,1.5543122344752192e-15,0.0007056999893393368
6337,WMI,100,1900,100,144,5.1974915770437505e-15,1.7763568394002505e-15,0.0010182999831158668
6338,DI,100,1900,100,145,5.0601383245003794e-15,1.5543122344752192e-15,0.0006307000003289431
6339,WMI,100,1900,100,145,5.1974915770437505e-15,1.7763568394002505e-15,0.0008277999877464026
6340,DI,100,1900,100,146,5.0601383245003794e-15,1.5543122344752192e-15,0.0006141999911051244
6341,WMI,100,1900,100,146,5.1974915770437505e-15,1.7763568394002505e-15,0.000756499997805804
6342,DI,100,1900,100,147,5.0601383245003794e-15,1.5543122344752192e-15,0.0007151999743655324
6343,WMI,100,1900,100,147,5.1974915770437505e-15,1.7763568394002505e-15,0.0007926000107545406
6344,DI,100,1900,100,148,5.0601383245003794e-15,1.5543122344752192e-15,0.0006188999977894127
6345,WMI,100,1900,100,148,5.1974915770437505e-15,1.7763568394002505e-15,0.0008862999966368079
6346,DI,100,1900,100,149,5.0601383245003794e-15,1.5543122344752192e-15,0.0006178000185173005
6347,WMI,100,1900,100,149,5.1974915770437505e-15,1.7763568394002505e-15,0.0008372999727725983
6348,DI,100,1900,100,150,5.0601383245003794e-15,1.5543122344752192e-15,0.0007416000007651746
6349,WMI,100,1900,100,150,5.1974915770437505e-15,1.7763568394002505e-15,0.0008114999800454825
6350,DI,100,1900,100,151,5.0601383245003794e-15,1.5543122344752192e-15,0.0006042999739293009
6351,WMI,100,1900,100,151,5.1974915770437505e-15,1.7763568394002505e-15,0.0008182000019587576
6352,DI,100,1900,100,152,5.0601383245003794e-15,1.5543122344752192e-15,0.0006215999892447144
6353,WMI,100,1900,100,152,5.1974915770437505e-15,1.7763568394002505e-15,0.0008113999792840332
6354,DI,100,1900,100,153,5.0601383245003794e-15,1.5543122344752192e-15,0.0007193000055849552
6355,WMI,100,1900,100,153,5.1974915770437505e-15,1.7763568394002505e-15,0.000753700005589053
6356,DI,100,1900,100,154,5.0601383245003794e-15,1.5543122344752192e-15,0.000813600025139749
6357,WMI,100,1900,100,154,5.1974915770437505e-15,1.7763568394002505e-15,0.0010144999832846224
6358,DI,100,1900,100,155,5.0601383245003794e-15,1.5543122344752192e-15,0.0006419999990612268
6359,WMI,100,1900,100,155,5.1974915770437505e-15,1.7763568394002505e-15,0.0009002999868243933
6360,DI,100,1900,100,156,5.0601383245003794e-15,1.5543122344752192e-15,0.0006247000128496438
6361,WMI,100,1900,100,156,5.1974915770437505e-15,1.7763568394002505e-15,0.0009624999947845936
6362,DI,100,1900,100,157,5.0601383245003794e-15,1.5543122344752192e-15,0.0007197999802883714
6363,WMI,100,1900,100,157,5.1974915770437505e-15,1.7763568394002505e-15,0.0009185999806504697
6364,DI,100,1900,100,158,5.0601383245003794e-15,1.5543122344752192e-15,0.0006262999959290028
6365,WMI,100,1900,100,158,5.1974915770437505e-15,1.7763568394002505e-15,0.0008621999877505004
6366,DI,100,1900,100,159,5.0601383245003794e-15,1.5543122344752192e-15,0.0007799000013619661
6367,WMI,100,1900,100,159,5.1974915770437505e-15,1.7763568394002505e-15,0.0009168999968096614
6368,DI,100,1900,100,160,5.0601383245003794e-15,1.5543122344752192e-15,0.000627699977485463
6369,WMI,100,1900,100,160,5.1974915770437505e-15,1.7763568394002505e-15,0.0008600000001024455
6370,DI,100,1900,100,161,5.0601383245003794e-15,1.5543122344752192e-15,0.0007095000182744116
6371,WMI,100,1900,100,161,5.1974915770437505e-15,1.7763568394002505e-15,0.0010882000206038356
6372,DI,100,1900,100,162,5.0601383245003794e-15,1.5543122344752192e-15,0.0006276000058278441
6373,WMI,100,1900,100,162,5.1974915770437505e-15,1.7763568394002505e-15,0.0012319000088609755
6374,DI,100,1900,100,163,5.0601383245003794e-15,1.5543122344752192e-15,0.0006749000167474151
6375,WMI,100,1900,100,163,5.1974915770437505e-15,1.7763568394002505e-15,0.0008981999999377877
6376,DI,100,1900,100,164,5.0601383245003794e-15,1.5543122344752192e-15,0.0007213999924715608
6377,WMI,100,1900,100,164,5.1974915770437505e-15,1.7763568394002505e-15,0.0008381000079680234
6378,DI,100,1900,100,165,5.0601383245003794e-15,1.5543122344752192e-15,0.0006345000001601875
6379,WMI,100,1900,100,165,5.1974915770437505e-15,1.7763568394002505e-15,0.0008376000041607767
6380,DI,100,1900,100,166,5.0601383245003794e-15,1.5543122344752192e-15,0.0007159000087995082
6381,WMI,100,1900,100,166,5.1974915770437505e-15,1.7763568394002505e-15,0.000833099998999387
6382,DI,100,1900,100,167,5.0601383245003794e-15,1.5543122344752192e-15,0.0006405000167433172
6383,WMI,100,1900,100,167,5.1974915770437505e-15,1.7763568394002505e-15,0.0008865999989211559
6384,DI,100,1900,100,168,5.0601383245003794e-15,1.5543122344752192e-15,0.0007243000145535916
6385,WMI,100,1900,100,168,5.1974915770437505e-15,1.7763568394002505e-15,0.0008544999873265624
6386,DI,100,1900,100,169,5.0601383245003794e-15,1.5543122344752192e-15,0.0007473999867215753
6387,WMI,100,1900,100,169,5.1974915770437505e-15,1.7763568394002505e-15,0.000886200024979189
6388,DI,100,1900,100,170,5.0601383245003794e-15,1.5543122344752192e-15,0.0005842999962624162
6389,WMI,100,1900,100,170,5.1974915770437505e-15,1.7763568394002505e-15,0.0009209999989252537
6390,DI,100,1900,100,171,5.0601383245003794e-15,1.5543122344752192e-15,0.0006192000000737607
6391,WMI,100,1900,100,171,5.1974915770437505e-15,1.7763568394002505e-15,0.0008546999888494611
6392,DI,100,1900,100,172,5.0601383245003794e-15,1.5543122344752192e-15,0.0005926000012550503
6393,WMI,100,1900,100,172,5.1974915770437505e-15,1.7763568394002505e-15,0.0008394999895244837
6394,DI,100,1900,100,173,5.0601383245003794e-15,1.5543122344752192e-15,0.0007392999832518399
6395,WMI,100,1900,100,173,5.1974915770437505e-15,1.7763568394002505e-15,0.0008696000149939209
6396,DI,100,1900,100,174,5.0601383245003794e-15,1.5543122344752192e-15,0.0007235999801196158
6397,WMI,100,1900,100,174,5.1974915770437505e-15,1.7763568394002505e-15,0.0008670000243000686
6398,DI,100,1900,100,175,5.0601383245003794e-15,1.5543122344752192e-15,0.0007180999964475632
6399,WMI,100,1900,100,175,5.1974915770437505e-15,1.7763568394002505e-15,0.0007946999976411462
6400,DI,100,1900,100,176,5.0601383245003794e-15,1.5543122344752192e-15,0.0006996000010985881
6401,WMI,100,1900,100,176,5.1974915770437505e-15,1.7763568394002505e-15,0.0008157000120263547
6402,DI,100,1900,100,177,5.0601383245003794e-15,1.5543122344752192e-15,0.0007342000026255846
6403,WMI,100,1900,100,177,5.1974915770437505e-15,1.7763568394002505e-15,0.000819800014141947
6404,DI,100,1900,100,178,5.0601383245003794e-15,1.5543122344752192e-15,0.0006513000116683543
6405,WMI,100,1900,100,178,5.1974915770437505e-15,1.7763568394002505e-15,0.0008753000001888722
6406,DI,100,1900,100,179,5.0601383245003794e-15,1.5543122344752192e-15,0.0007377000001724809
6407,WMI,100,1900,100,179,5.1974915770437505e-15,1.7763568394002505e-15,0.0008345999813172966
6408,DI,100,1900,100,180,5.0601383245003794e-15,1.5543122344752192e-15,0.0006205000099726021
6409,WMI,100,1900,100,180,5.1974915770437505e-15,1.7763568394002505e-15,0.000828799995360896
6410,DI,100,1900,100,181,5.0601383245003794e-15,1.5543122344752192e-15,0.0005985000170767307
6411,WMI,100,1900,100,181,5.1974915770437505e-15,1.7763568394002505e-15,0.0008813999884296209
6412,DI,100,1900,100,182,5.0601383245003794e-15,1.5543122344752192e-15,0.0007971999875735492
6413,WMI,100,1900,100,182,5.1974915770437505e-15,1.7763568394002505e-15,0.0008185000042431056
6414,DI,100,1900,100,183,5.0601383245003794e-15,1.5543122344752192e-15,0.0006542999763041735
6415,WMI,100,1900,100,183,5.1974915770437505e-15,1.7763568394002505e-15,0.0009233000164385885
6416,DI,100,1900,100,184,5.0601383245003794e-15,1.5543122344752192e-15,0.000846699986141175
6417,WMI,100,1900,100,184,5.1974915770437505e-15,1.7763568394002505e-15,0.0008845000120345503
6418,DI,100,1900,100,185,5.0601383245003794e-15,1.5543122344752192e-15,0.0006933000113349408
6419,WMI,100,1900,100,185,5.1974915770437505e-15,1.7763568394002505e-15,0.0008547999896109104
6420,DI,100,1900,100,186,5.0601383245003794e-15,1.5543122344752192e-15,0.0007146999996621162
6421,WMI,100,1900,100,186,5.1974915770437505e-15,1.7763568394002505e-15,0.0009175000013783574
6422,DI,100,1900,100,187,5.0601383245003794e-15,1.5543122344752192e-15,0.000599899998633191
6423,WMI,100,1900,100,187,5.1974915770437505e-15,1.7763568394002505e-15,0.000824799994006753
6424,DI,100,1900,100,188,5.0601383245003794e-15,1.5543122344752192e-15,0.0005814000032842159
6425,WMI,100,1900,100,188,5.1974915770437505e-15,1.7763568394002505e-15,0.001076499989721924
6426,DI,100,1900,100,189,5.0601383245003794e-15,1.5543122344752192e-15,0.0006370999908540398
6427,WMI,100,1900,100,189,5.1974915770437505e-15,1.7763568394002505e-15,0.0013735999818891287
6428,DI,100,1900,100,190,5.0601383245003794e-15,1.5543122344752192e-15,0.0007055999885778874
6429,WMI,100,1900,100,190,5.1974915770437505e-15,1.7763568394002505e-15,0.000984100013738498
6430,DI,100,1900,100,191,5.0601383245003794e-15,1.5543122344752192e-15,0.0006385000015143305
6431,WMI,100,1900,100,191,5.1974915770437505e-15,1.7763568394002505e-15,0.0008547999896109104
6432,DI,100,1900,100,192,5.0601383245003794e-15,1.5543122344752192e-15,0.0007002000056672841
6433,WMI,100,1900,100,192,5.1974915770437505e-15,1.7763568394002505e-15,0.0008980999991763383
6434,DI,100,1900,100,193,5.0601383245003794e-15,1.5543122344752192e-15,0.0006417999975383282
6435,WMI,100,1900,100,193,5.1974915770437505e-15,1.7763568394002505e-15,0.0009427000186406076
6436,DI,100,1900,100,194,5.0601383245003794e-15,1.5543122344752192e-15,0.0008194000110961497
6437,WMI,100,1900,100,194,5.1974915770437505e-15,1.7763568394002505e-15,0.0010269000194966793
6438,DI,100,1900,100,195,5.0601383245003794e-15,1.5543122344752192e-15,0.0009799000108614564
6439,WMI,100,1900,100,195,5.1974915770437505e-15,1.7763568394002505e-15,0.0008604000031482428
6440,DI,100,1900,100,196,5.0601383245003794e-15,1.5543122344752192e-15,0.0007448999967891723
6441,WMI,100,1900,100,196,5.1974915770437505e-15,1.7763568394002505e-15,0.0008770999847911298
6442,DI,100,1900,100,197,5.0601383245003794e-15,1.5543122344752192e-15,0.0007384000055026263
6443,WMI,100,1900,100,197,5.1974915770437505e-15,1.7763568394002505e-15,0.0009027000050991774
6444,DI,100,1900,100,198,5.0601383245003794e-15,1.5543122344752192e-15,0.0009910000080708414
6445,WMI,100,1900,100,198,5.1974915770437505e-15,1.7763568394002505e-15,0.0010933000012300909
6446,DI,100,1900,100,199,5.0601383245003794e-15,1.5543122344752192e-15,0.0007416000007651746
6447,WMI,100,1900,100,199,5.1974915770437505e-15,1.7763568394002505e-15,0.0008405999979004264
6448,DI,100,1900,100,200,5.0601383245003794e-15,1.5543122344752192e-15,0.0008340000058524311
6449,WMI,100,1900,100,200,5.1974915770437505e-15,1.7763568394002505e-15,0.0008771999855525792
6450,DI,100,1800,200,1,4.8734565248909865e-15,1.5543122344752192e-15,0.0008194000110961497
6451,WMI,100,1800,200,1,5.052788860985605e-15,1.3322676295501878e-15,0.003970899997511879
6452,ISM,100,1800,200,1,1.4829526193001434,0.1540431076422648,0.0037265999999362975
6453,DI,100,1800,200,2,4.8734565248909865e-15,1.5543122344752192e-15,0.0009935999987646937
6454,WMI,100,1800,200,2,5.052788860985605e-15,1.3322676295501878e-15,0.004471799999009818
6455,ISM,100,1800,200,2,1.4829526193001434,0.1540431076422648,0.005560700024943799
6456,DI,100,1800,200,3,4.8734565248909865e-15,1.5543122344752192e-15,0.0008840999798849225
6457,WMI,100,1800,200,3,5.052788860985605e-15,1.3322676295501878e-15,0.006802899995818734
6458,ISM,100,1800,200,3,1.4829526193001434,0.1540431076422648,0.003710499993758276
6459,DI,100,1800,200,4,4.8734565248909865e-15,1.5543122344752192e-15,0.0010902000067289919
6460,WMI,100,1800,200,4,5.052788860985605e-15,1.3322676295501878e-15,0.0035334999847691506
6461,ISM,100,1800,200,4,1.4829526193001434,0.1540431076422648,0.0037016000133007765
6462,DI,100,1800,200,5,4.8734565248909865e-15,1.5543122344752192e-15,0.0010497000184841454
6463,WMI,100,1800,200,5,5.052788860985605e-15,1.3322676295501878e-15,0.003987100004451349
6464,ISM,100,1800,200,5,1.4829526193001434,0.1540431076422648,0.0074760999996215105
6465,DI,100,1800,200,6,4.8734565248909865e-15,1.5543122344752192e-15,0.0010608000156935304
6466,WMI,100,1800,200,6,5.052788860985605e-15,1.3322676295501878e-15,0.0042511999781709164
6467,ISM,100,1800,200,6,1.4829526193001434,0.1540431076422648,0.0037966000090818852
6468,DI,100,1800,200,7,4.8734565248909865e-15,1.5543122344752192e-15,0.0009445000032428652
6469,WMI,100,1800,200,7,5.052788860985605e-15,1.3322676295501878e-15,0.0035352999984752387
6470,ISM,100,1800,200,7,1.4829526193001434,0.1540431076422648,0.00753239999176003
6471,DI,100,1800,200,8,4.8734565248909865e-15,1.5543122344752192e-15,0.0009245999972335994
6472,WMI,100,1800,200,8,5.052788860985605e-15,1.3322676295501878e-15,0.00414999999338761
6473,ISM,100,1800,200,8,1.4829526193001434,0.1540431076422648,0.003785299981245771
6474,DI,100,1800,200,9,4.8734565248909865e-15,1.5543122344752192e-15,0.0010625999711919576
6475,WMI,100,1800,200,9,5.052788860985605e-15,1.3322676295501878e-15,0.004050999996252358
6476,ISM,100,1800,200,9,1.4829526193001434,0.1540431076422648,0.006773199973395094
6477,DI,100,1800,200,10,4.8734565248909865e-15,1.5543122344752192e-15,0.0008406999986618757
6478,WMI,100,1800,200,10,5.052788860985605e-15,1.3322676295501878e-15,0.0029824000084772706
6479,ISM,100,1800,200,10,1.4829526193001434,0.1540431076422648,0.00720059999730438
6480,DI,100,1800,200,11,4.8734565248909865e-15,1.5543122344752192e-15,0.0008038000087253749
6481,WMI,100,1800,200,11,5.052788860985605e-15,1.3322676295501878e-15,0.0033195000141859055
6482,ISM,100,1800,200,11,1.4829526193001434,0.1540431076422648,0.0076237999892327935
6483,DI,100,1800,200,12,4.8734565248909865e-15,1.5543122344752192e-15,0.0012252999877091497
6484,WMI,100,1800,200,12,5.052788860985605e-15,1.3322676295501878e-15,0.0048433000047225505
6485,ISM,100,1800,200,12,1.4829526193001434,0.1540431076422648,0.006291400000918657
6486,DI,100,1800,200,13,4.8734565248909865e-15,1.5543122344752192e-15,0.0007759000000078231
6487,WMI,100,1800,200,13,5.052788860985605e-15,1.3322676295501878e-15,0.020020600000862032
6488,ISM,100,1800,200,13,1.4829526193001434,0.1540431076422648,0.0038135999930091202
6489,DI,100,1800,200,14,4.8734565248909865e-15,1.5543122344752192e-15,0.0006345000001601875
6490,WMI,100,1800,200,14,5.052788860985605e-15,1.3322676295501878e-15,0.0027399999962653965
6491,ISM,100,1800,200,14,1.4829526193001434,0.1540431076422648,0.003903600008925423
6492,DI,100,1800,200,15,4.8734565248909865e-15,1.5543122344752192e-15,0.0004997999931219965
6493,WMI,100,1800,200,15,5.052788860985605e-15,1.3322676295501878e-15,0.008864600007655099
6494,ISM,100,1800,200,15,1.4829526193001434,0.1540431076422648,0.003788200003327802
6495,DI,100,1800,200,16,4.8734565248909865e-15,1.5543122344752192e-15,0.0005842999962624162
6496,WMI,100,1800,200,16,5.052788860985605e-15,1.3322676295501878e-15,0.0027154000126756728
6497,ISM,100,1800,200,16,1.4829526193001434,0.1540431076422648,0.0038632999930996448
6498,DI,100,1800,200,17,4.8734565248909865e-15,1.5543122344752192e-15,0.0006429000059142709
6499,WMI,100,1800,200,17,5.052788860985605e-15,1.3322676295501878e-15,0.0027131999959237874
6500,ISM,100,1800,200,17,1.4829526193001434,0.1540431076422648,0.003783699998166412
6501,DI,100,1800,200,18,4.8734565248909865e-15,1.5543122344752192e-15,0.0006401000136975199
6502,WMI,100,1800,200,18,5.052788860985605e-15,1.3322676295501878e-15,0.002730800013523549
6503,ISM,100,1800,200,18,1.4829526193001434,0.1540431076422648,0.0037866999919060618
6504,DI,100,1800,200,19,4.8734565248909865e-15,1.5543122344752192e-15,0.0005714000144507736
6505,WMI,100,1800,200,19,5.052788860985605e-15,1.3322676295501878e-15,0.002749600011156872
6506,ISM,100,1800,200,19,1.4829526193001434,0.1540431076422648,0.0037955000007059425
6507,DI,100,1800,200,20,4.8734565248909865e-15,1.5543122344752192e-15,0.0005845999985467643
6508,WMI,100,1800,200,20,5.052788860985605e-15,1.3322676295501878e-15,0.0025628999865148216
6509,ISM,100,1800,200,20,1.4829526193001434,0.1540431076422648,0.0037751000199932605
6510,DI,100,1800,200,21,4.8734565248909865e-15,1.5543122344752192e-15,0.0005651000246871263
6511,WMI,100,1800,200,21,5.052788860985605e-15,1.3322676295501878e-15,0.002789399994071573
6512,ISM,100,1800,200,21,1.4829526193001434,0.1540431076422648,0.0037973000144120306
6513,DI,100,1800,200,22,4.8734565248909865e-15,1.5543122344752192e-15,0.0006049999792594463
6514,WMI,100,1800,200,22,5.052788860985605e-15,1.3322676295501878e-15,0.0028660999960266054
6515,ISM,100,1800,200,22,1.4829526193001434,0.1540431076422648,0.003786499990383163
6516,DI,100,1800,200,23,4.8734565248909865e-15,1.5543122344752192e-15,0.000596199999563396
6517,WMI,100,1800,200,23,5.052788860985605e-15,1.3322676295501878e-15,0.0036540000000968575
6518,ISM,100,1800,200,23,1.4829526193001434,0.1540431076422648,0.003851300018141046
6519,DI,100,1800,200,24,4.8734565248909865e-15,1.5543122344752192e-15,0.0006025000184308738
6520,WMI,100,1800,200,24,5.052788860985605e-15,1.3322676295501878e-15,0.002698900003451854
6521,ISM,100,1800,200,24,1.4829526193001434,0.1540431076422648,0.003780500002903864
6522,DI,100,1800,200,25,4.8734565248909865e-15,1.5543122344752192e-15,0.0005719999899156392
6523,WMI,100,1800,200,25,5.052788860985605e-15,1.3322676295501878e-15,0.002502600022125989
6524,ISM,100,1800,200,25,1.4829526193001434,0.1540431076422648,0.0042400000093039125
6525,DI,100,1800,200,26,4.8734565248909865e-15,1.5543122344752192e-15,0.0006412999937310815
6526,WMI,100,1800,200,26,5.052788860985605e-15,1.3322676295501878e-15,0.0027402999985497445
6527,ISM,100,1800,200,26,1.4829526193001434,0.1540431076422648,0.00381220001145266
6528,DI,100,1800,200,27,4.8734565248909865e-15,1.5543122344752192e-15,0.0008923999848775566
6529,WMI,100,1800,200,27,5.052788860985605e-15,1.3322676295501878e-15,0.003560800018021837
6530,ISM,100,1800,200,27,1.4829526193001434,0.1540431076422648,0.0037816000112798065
6531,DI,100,1800,200,28,4.8734565248909865e-15,1.5543122344752192e-15,0.0010285000025760382
6532,WMI,100,1800,200,28,5.052788860985605e-15,1.3322676295501878e-15,0.0038970999885350466
6533,ISM,100,1800,200,28,1.4829526193001434,0.1540431076422648,0.01462060000631027
6534,DI,100,1800,200,29,4.8734565248909865e-15,1.5543122344752192e-15,0.0013380000018514693
6535,WMI,100,1800,200,29,5.052788860985605e-15,1.3322676295501878e-15,0.0036526000185403973
6536,ISM,100,1800,200,29,1.4829526193001434,0.1540431076422648,0.0038944000261835754
6537,DI,100,1800,200,30,4.8734565248909865e-15,1.5543122344752192e-15,0.0009931999957188964
6538,WMI,100,1800,200,30,5.052788860985605e-15,1.3322676295501878e-15,0.0037914999993517995
6539,ISM,100,1800,200,30,1.4829526193001434,0.1540431076422648,0.005318300012731925
6540,DI,100,1800,200,31,4.8734565248909865e-15,1.5543122344752192e-15,0.0010880999907385558
6541,WMI,100,1800,200,31,5.052788860985605e-15,1.3322676295501878e-15,0.003507799992803484
6542,ISM,100,1800,200,31,1.4829526193001434,0.1540431076422648,0.007846799999242648
6543,DI,100,1800,200,32,4.8734565248909865e-15,1.5543122344752192e-15,0.0013842000043950975
6544,WMI,100,1800,200,32,5.052788860985605e-15,1.3322676295501878e-15,0.0036819000088144094
6545,ISM,100,1800,200,32,1.4829526193001434,0.1540431076422648,0.008016300009330735
6546,DI,100,1800,200,33,4.8734565248909865e-15,1.5543122344752192e-15,0.0012085000053048134
6547,WMI,100,1800,200,33,5.052788860985605e-15,1.3322676295501878e-15,0.0050645000010263175
6548,ISM,100,1800,200,33,1.4829526193001434,0.1540431076422648,0.007946400000946596
6549,DI,100,1800,200,34,4.8734565248909865e-15,1.5543122344752192e-15,0.0012178999895695597
6550,WMI,100,1800,200,34,5.052788860985605e-15,1.3322676295501878e-15,0.005094199994346127
6551,ISM,100,1800,200,34,1.4829526193001434,0.1540431076422648,0.007851900008972734
6552,DI,100,1800,200,35,4.8734565248909865e-15,1.5543122344752192e-15,0.001504999992903322
6553,WMI,100,1800,200,35,5.052788860985605e-15,1.3322676295501878e-15,0.006142199999885634
6554,ISM,100,1800,200,35,1.4829526193001434,0.1540431076422648,0.007766500028083101
6555,DI,100,1800,200,36,4.8734565248909865e-15,1.5543122344752192e-15,0.0011492000194266438
6556,WMI,100,1800,200,36,5.052788860985605e-15,1.3322676295501878e-15,0.004787299985764548
6557,ISM,100,1800,200,36,1.4829526193001434,0.1540431076422648,0.003840700024738908
6558,DI,100,1800,200,37,4.8734565248909865e-15,1.5543122344752192e-15,0.0010131000017281622
6559,WMI,100,1800,200,37,5.052788860985605e-15,1.3322676295501878e-15,0.004418399999849498
6560,ISM,100,1800,200,37,1.4829526193001434,0.1540431076422648,0.0037970999837853014
6561,DI,100,1800,200,38,4.8734565248909865e-15,1.5543122344752192e-15,0.000936599972192198
6562,WMI,100,1800,200,38,5.052788860985605e-15,1.3322676295501878e-15,0.005361700023058802
6563,ISM,100,1800,200,38,1.4829526193001434,0.1540431076422648,0.0037800999998580664
6564,DI,100,1800,200,39,4.8734565248909865e-15,1.5543122344752192e-15,0.001018800016026944
6565,WMI,100,1800,200,39,5.052788860985605e-15,1.3322676295501878e-15,0.00400330001139082
6566,ISM,100,1800,200,39,1.4829526193001434,0.1540431076422648,0.003783399995882064
6567,DI,100,1800,200,40,4.8734565248909865e-15,1.5543122344752192e-15,0.0011940999829676002
6568,WMI,100,1800,200,40,5.052788860985605e-15,1.3322676295501878e-15,0.0037364000163506716
6569,ISM,100,1800,200,40,1.4829526193001434,0.1540431076422648,0.0038046000117901713
6570,DI,100,1800,200,41,4.8734565248909865e-15,1.5543122344752192e-15,0.0007131000165827572
6571,WMI,100,1800,200,41,5.052788860985605e-15,1.3322676295501878e-15,0.0039530000067316
6572,ISM,100,1800,200,41,1.4829526193001434,0.1540431076422648,0.00624200000311248
6573,DI,100,1800,200,42,4.8734565248909865e-15,1.5543122344752192e-15,0.0009346999868284911
6574,WMI,100,1800,200,42,5.052788860985605e-15,1.3322676295501878e-15,0.003205299988621846
6575,ISM,100,1800,200,42,1.4829526193001434,0.1540431076422648,0.00790589998359792
6576,DI,100,1800,200,43,4.8734565248909865e-15,1.5543122344752192e-15,0.001048400008585304
6577,WMI,100,1800,200,43,5.052788860985605e-15,1.3322676295501878e-15,0.003825799998594448
6578,ISM,100,1800,200,43,1.4829526193001434,0.1540431076422648,0.0052479999721981585
6579,DI,100,1800,200,44,4.8734565248909865e-15,1.5543122344752192e-15,0.0009409000049345195
6580,WMI,100,1800,200,44,5.052788860985605e-15,1.3322676295501878e-15,0.0038034000026527792
6581,ISM,100,1800,200,44,1.4829526193001434,0.1540431076422648,0.007810100010829046
6582,DI,100,1800,200,45,4.8734565248909865e-15,1.5543122344752192e-15,0.0011664000048767775
6583,WMI,100,1800,200,45,5.052788860985605e-15,1.3322676295501878e-15,0.003979300003265962
6584,ISM,100,1800,200,45,1.4829526193001434,0.1540431076422648,0.005621999996947125
6585,DI,100,1800,200,46,4.8734565248909865e-15,1.5543122344752192e-15,0.0010443000064697117
6586,WMI,100,1800,200,46,5.052788860985605e-15,1.3322676295501878e-15,0.004565500013995916
6587,ISM,100,1800,200,46,1.4829526193001434,0.1540431076422648,0.003768900001887232
6588,DI,100,1800,200,47,4.8734565248909865e-15,1.5543122344752192e-15,0.0009754000057000667
6589,WMI,100,1800,200,47,5.052788860985605e-15,1.3322676295501878e-15,0.004606500006048009
6590,ISM,100,1800,200,47,1.4829526193001434,0.1540431076422648,0.00399440000182949
6591,DI,100,1800,200,48,4.8734565248909865e-15,1.5543122344752192e-15,0.0008920000109355897
6592,WMI,100,1800,200,48,5.052788860985605e-15,1.3322676295501878e-15,0.003921700001228601
6593,ISM,100,1800,200,48,1.4829526193001434,0.1540431076422648,0.003697200008900836
6594,DI,100,1800,200,49,4.8734565248909865e-15,1.5543122344752192e-15,0.0008144000021275133
6595,WMI,100,1800,200,49,5.052788860985605e-15,1.3322676295501878e-15,0.005091700004413724
6596,ISM,100,1800,200,49,1.4829526193001434,0.1540431076422648,0.003729799995198846
6597,DI,100,1800,200,50,4.8734565248909865e-15,1.5543122344752192e-15,0.0008717000018805265
6598,WMI,100,1800,200,50,5.052788860985605e-15,1.3322676295501878e-15,0.0038198999827727675
6599,ISM,100,1800,200,50,1.4829526193001434,0.1540431076422648,0.0052349999896250665
6600,DI,100,1800,200,51,4.8734565248909865e-15,1.5543122344752192e-15,0.0014230000087991357
6601,WMI,100,1800,200,51,5.052788860985605e-15,1.3322676295501878e-15,0.003971799975261092
6602,DI,100,1800,200,52,4.8734565248909865e-15,1.5543122344752192e-15,0.0009651000145822763
6603,WMI,100,1800,200,52,5.052788860985605e-15,1.3322676295501878e-15,0.0034848999930545688
6604,DI,100,1800,200,53,4.8734565248909865e-15,1.5543122344752192e-15,0.0008951000054366887
6605,WMI,100,1800,200,53,5.052788860985605e-15,1.3322676295501878e-15,0.0035903000098187476
6606,DI,100,1800,200,54,4.8734565248909865e-15,1.5543122344752192e-15,0.0009929000225383788
6607,WMI,100,1800,200,54,5.052788860985605e-15,1.3322676295501878e-15,0.002981300000101328
6608,DI,100,1800,200,55,4.8734565248909865e-15,1.5543122344752192e-15,0.0007260999991558492
6609,WMI,100,1800,200,55,5.052788860985605e-15,1.3322676295501878e-15,0.0027897999971173704
6610,DI,100,1800,200,56,4.8734565248909865e-15,1.5543122344752192e-15,0.0007698000117670745
6611,WMI,100,1800,200,56,5.052788860985605e-15,1.3322676295501878e-15,0.0027270000136923045
6612,DI,100,1800,200,57,4.8734565248909865e-15,1.5543122344752192e-15,0.0007221999985631555
6613,WMI,100,1800,200,57,5.052788860985605e-15,1.3322676295501878e-15,0.0032983999990392476
6614,DI,100,1800,200,58,4.8734565248909865e-15,1.5543122344752192e-15,0.0009611999848857522
6615,WMI,100,1800,200,58,5.052788860985605e-15,1.3322676295501878e-15,0.0028868999797850847
6616,DI,100,1800,200,59,4.8734565248909865e-15,1.5543122344752192e-15,0.000680500001180917
6617,WMI,100,1800,200,59,5.052788860985605e-15,1.3322676295501878e-15,0.002844899980118498
6618,DI,100,1800,200,60,4.8734565248909865e-15,1.5543122344752192e-15,0.000694399990607053
6619,WMI,100,1800,200,60,5.052788860985605e-15,1.3322676295501878e-15,0.0027796000067610294
6620,DI,100,1800,200,61,4.8734565248909865e-15,1.5543122344752192e-15,0.0006951999966986477
6621,WMI,100,1800,200,61,5.052788860985605e-15,1.3322676295501878e-15,0.002753300010226667
6622,DI,100,1800,200,62,4.8734565248909865e-15,1.5543122344752192e-15,0.0008092000207398087
6623,WMI,100,1800,200,62,5.052788860985605e-15,1.3322676295501878e-15,0.004667200002586469
6624,DI,100,1800,200,63,4.8734565248909865e-15,1.5543122344752192e-15,0.0007228000031318516
6625,WMI,100,1800,200,63,5.052788860985605e-15,1.3322676295501878e-15,0.00280620000557974
6626,DI,100,1800,200,64,4.8734565248909865e-15,1.5543122344752192e-15,0.000687299994751811
6627,WMI,100,1800,200,64,5.052788860985605e-15,1.3322676295501878e-15,0.0027165999927092344
6628,DI,100,1800,200,65,4.8734565248909865e-15,1.5543122344752192e-15,0.0008666999929118901
6629,WMI,100,1800,200,65,5.052788860985605e-15,1.3322676295501878e-15,0.0033956000115722418
6630,DI,100,1800,200,66,4.8734565248909865e-15,1.5543122344752192e-15,0.0006807000027038157
6631,WMI,100,1800,200,66,5.052788860985605e-15,1.3322676295501878e-15,0.002664700004970655
6632,DI,100,1800,200,67,4.8734565248909865e-15,1.5543122344752192e-15,0.0006884999747853726
6633,WMI,100,1800,200,67,5.052788860985605e-15,1.3322676295501878e-15,0.0026356999878771603
6634,DI,100,1800,200,68,4.8734565248909865e-15,1.5543122344752192e-15,0.0007236000092234462
6635,WMI,100,1800,200,68,5.052788860985605e-15,1.3322676295501878e-15,0.002794600004563108
6636,DI,100,1800,200,69,4.8734565248909865e-15,1.5543122344752192e-15,0.0006749000167474151
6637,WMI,100,1800,200,69,5.052788860985605e-15,1.3322676295501878e-15,0.003039500006707385
6638,DI,100,1800,200,70,4.8734565248909865e-15,1.5543122344752192e-15,0.0008840999798849225
6639,WMI,100,1800,200,70,5.052788860985605e-15,1.3322676295501878e-15,0.002732799999648705
6640,DI,100,1800,200,71,4.8734565248909865e-15,1.5543122344752192e-15,0.0006707999855279922
6641,WMI,100,1800,200,71,5.052788860985605e-15,1.3322676295501878e-15,0.0027135999989695847
6642,DI,100,1800,200,72,4.8734565248909865e-15,1.5543122344752192e-15,0.0006664000102318823
6643,WMI,100,1800,200,72,5.052788860985605e-15,1.3322676295501878e-15,0.0026953000051435083
6644,DI,100,1800,200,73,4.8734565248909865e-15,1.5543122344752192e-15,0.0007081000076141208
6645,WMI,100,1800,200,73,5.052788860985605e-15,1.3322676295501878e-15,0.0033084000169765204
6646,DI,100,1800,200,74,4.8734565248909865e-15,1.5543122344752192e-15,0.0008657999860588461
6647,WMI,100,1800,200,74,5.052788860985605e-15,1.3322676295501878e-15,0.0027860999980475754
6648,DI,100,1800,200,75,4.8734565248909865e-15,1.5543122344752192e-15,0.0008794000023044646
6649,WMI,100,1800,200,75,5.052788860985605e-15,1.3322676295501878e-15,0.002906200010329485
6650,DI,100,1800,200,76,4.8734565248909865e-15,1.5543122344752192e-15,0.0006926000060047954
6651,WMI,100,1800,200,76,5.052788860985605e-15,1.3322676295501878e-15,0.002754399989498779
6652,DI,100,1800,200,77,4.8734565248909865e-15,1.5543122344752192e-15,0.0006830999918747693
6653,WMI,100,1800,200,77,5.052788860985605e-15,1.3322676295501878e-15,0.003303700010292232
6654,DI,100,1800,200,78,4.8734565248909865e-15,1.5543122344752192e-15,0.0009021000005304813
6655,WMI,100,1800,200,78,5.052788860985605e-15,1.3322676295501878e-15,0.002810699981637299
6656,DI,100,1800,200,79,4.8734565248909865e-15,1.5543122344752192e-15,0.0007258999976329505
6657,WMI,100,1800,200,79,5.052788860985605e-15,1.3322676295501878e-15,0.002789099991787225
6658,DI,100,1800,200,80,4.8734565248909865e-15,1.5543122344752192e-15,0.0006634999881498516
6659,WMI,100,1800,200,80,5.052788860985605e-15,1.3322676295501878e-15,0.0027597000007517636
6660,DI,100,1800,200,81,4.8734565248909865e-15,1.5543122344752192e-15,0.0006877999985590577
6661,WMI,100,1800,200,81,5.052788860985605e-15,1.3322676295501878e-15,0.00322689997847192
6662,DI,100,1800,200,82,4.8734565248909865e-15,1.5543122344752192e-15,0.0007530000002589077
6663,WMI,100,1800,200,82,5.052788860985605e-15,1.3322676295501878e-15,0.0031689000024925917
6664,DI,100,1800,200,83,4.8734565248909865e-15,1.5543122344752192e-15,0.0009111000108532608
6665,WMI,100,1800,200,83,5.052788860985605e-15,1.3322676295501878e-15,0.0028380000148899853
6666,DI,100,1800,200,84,4.8734565248909865e-15,1.5543122344752192e-15,0.0008510000188834965
6667,WMI,100,1800,200,84,5.052788860985605e-15,1.3322676295501878e-15,0.0031863999902270734
6668,DI,100,1800,200,85,4.8734565248909865e-15,1.5543122344752192e-15,0.0007258999976329505
6669,WMI,100,1800,200,85,5.052788860985605e-15,1.3322676295501878e-15,0.0028186000126879662
6670,DI,100,1800,200,86,4.8734565248909865e-15,1.5543122344752192e-15,0.0007827000226825476
6671,WMI,100,1800,200,86,5.052788860985605e-15,1.3322676295501878e-15,0.0032663000165484846
6672,DI,100,1800,200,87,4.8734565248909865e-15,1.5543122344752192e-15,0.0008978999976534396
6673,WMI,100,1800,200,87,5.052788860985605e-15,1.3322676295501878e-15,0.002920099999755621
6674,DI,100,1800,200,88,4.8734565248909865e-15,1.5543122344752192e-15,0.0008366999973077327
6675,WMI,100,1800,200,88,5.052788860985605e-15,1.3322676295501878e-15,0.0028199999942444265
6676,DI,100,1800,200,89,4.8734565248909865e-15,1.5543122344752192e-15,0.0007273999799508601
6677,WMI,100,1800,200,89,5.052788860985605e-15,1.3322676295501878e-15,0.0028483000060077757
6678,DI,100,1800,200,90,4.8734565248909865e-15,1.5543122344752192e-15,0.0007153000042308122
6679,WMI,100,1800,200,90,5.052788860985605e-15,1.3322676295501878e-15,0.003170800016960129
6680,DI,100,1800,200,91,4.8734565248909865e-15,1.5543122344752192e-15,0.0008944000001065433
6681,WMI,100,1800,200,91,5.052788860985605e-15,1.3322676295501878e-15,0.0028731000202242285
6682,DI,100,1800,200,92,4.8734565248909865e-15,1.5543122344752192e-15,0.0007135999912861735
6683,WMI,100,1800,200,92,5.052788860985605e-15,1.3322676295501878e-15,0.002907799993408844
6684,DI,100,1800,200,93,4.8734565248909865e-15,1.5543122344752192e-15,0.0006898000137880445
6685,WMI,100,1800,200,93,5.052788860985605e-15,1.3322676295501878e-15,0.0028009999950882047
6686,DI,100,1800,200,94,4.8734565248909865e-15,1.5543122344752192e-15,0.0008298000029753894
6687,WMI,100,1800,200,94,5.052788860985605e-15,1.3322676295501878e-15,0.003149600001052022
6688,DI,100,1800,200,95,4.8734565248909865e-15,1.5543122344752192e-15,0.0007222999993246049
6689,WMI,100,1800,200,95,5.052788860985605e-15,1.3322676295501878e-15,0.0027522000018507242
6690,DI,100,1800,200,96,4.8734565248909865e-15,1.5543122344752192e-15,0.0006888000061735511
6691,WMI,100,1800,200,96,5.052788860985605e-15,1.3322676295501878e-15,0.0027657999889925122
6692,DI,100,1800,200,97,4.8734565248909865e-15,1.5543122344752192e-15,0.0006929000082891434
6693,WMI,100,1800,200,97,5.052788860985605e-15,1.3322676295501878e-15,0.0028719999827444553
6694,DI,100,1800,200,98,4.8734565248909865e-15,1.5543122344752192e-15,0.0007313000096473843
6695,WMI,100,1800,200,98,5.052788860985605e-15,1.3322676295501878e-15,0.0032412000000476837
6696,DI,100,1800,200,99,4.8734565248909865e-15,1.5543122344752192e-15,0.0008565000025555491
6697,WMI,100,1800,200,99,5.052788860985605e-15,1.3322676295501878e-15,0.002904399996623397
6698,DI,100,1800,200,100,4.8734565248909865e-15,1.5543122344752192e-15,0.000827899988507852
6699,WMI,100,1800,200,100,5.052788860985605e-15,1.3322676295501878e-15,0.0031916000007186085
6700,DI,100,1800,200,101,4.8734565248909865e-15,1.5543122344752192e-15,0.0007103999960236251
6701,WMI,100,1800,200,101,5.052788860985605e-15,1.3322676295501878e-15,0.002832099999068305
6702,DI,100,1800,200,102,4.8734565248909865e-15,1.5543122344752192e-15,0.0006790000188630074
6703,WMI,100,1800,200,102,5.052788860985605e-15,1.3322676295501878e-15,0.00308169997879304
6704,DI,100,1800,200,103,4.8734565248909865e-15,1.5543122344752192e-15,0.0007259999983943999
6705,WMI,100,1800,200,103,5.052788860985605e-15,1.3322676295501878e-15,0.0027581000176724046
6706,DI,100,1800,200,104,4.8734565248909865e-15,1.5543122344752192e-15,0.0008070000039879233
6707,WMI,100,1800,200,104,5.052788860985605e-15,1.3322676295501878e-15,0.0029547000012826174
6708,DI,100,1800,200,105,4.8734565248909865e-15,1.5543122344752192e-15,0.0007218999962788075
6709,WMI,100,1800,200,105,5.052788860985605e-15,1.3322676295501878e-15,0.002879200008464977
6710,DI,100,1800,200,106,4.8734565248909865e-15,1.5543122344752192e-15,0.0008543999865651131
6711,WMI,100,1800,200,106,5.052788860985605e-15,1.3322676295501878e-15,0.0029892000020481646
6712,DI,100,1800,200,107,4.8734565248909865e-15,1.5543122344752192e-15,0.0009151000122074038
6713,WMI,100,1800,200,107,5.052788860985605e-15,1.3322676295501878e-15,0.0030135999841149896
6714,DI,100,1800,200,108,4.8734565248909865e-15,1.5543122344752192e-15,0.0008104000007733703
6715,WMI,100,1800,200,108,5.052788860985605e-15,1.3322676295501878e-15,0.002885900001274422
6716,DI,100,1800,200,109,4.8734565248909865e-15,1.5543122344752192e-15,0.000818600005004555
6717,WMI,100,1800,200,109,5.052788860985605e-15,1.3322676295501878e-15,0.002898200007621199
6718,DI,100,1800,200,110,4.8734565248909865e-15,1.5543122344752192e-15,0.0007056999893393368
6719,WMI,100,1800,200,110,5.052788860985605e-15,1.3322676295501878e-15,0.0031205999839585274
6720,DI,100,1800,200,111,4.8734565248909865e-15,1.5543122344752192e-15,0.000997399998595938
6721,WMI,100,1800,200,111,5.052788860985605e-15,1.3322676295501878e-15,0.0030229999974835664
6722,DI,100,1800,200,112,4.8734565248909865e-15,1.5543122344752192e-15,0.0008841999806463718
6723,WMI,100,1800,200,112,5.052788860985605e-15,1.3322676295501878e-15,0.0029743000050075352
6724,DI,100,1800,200,113,4.8734565248909865e-15,1.5543122344752192e-15,0.0007125999836716801
6725,WMI,100,1800,200,113,5.052788860985605e-15,1.3322676295501878e-15,0.0029891000012867153
6726,DI,100,1800,200,114,4.8734565248909865e-15,1.5543122344752192e-15,0.0008658999868202955
6727,WMI,100,1800,200,114,5.052788860985605e-15,1.3322676295501878e-15,0.0031310000049415976
6728,DI,100,1800,200,115,4.8734565248909865e-15,1.5543122344752192e-15,0.0008980999991763383
6729,WMI,100,1800,200,115,5.052788860985605e-15,1.3322676295501878e-15,0.005702199996449053
6730,DI,100,1800,200,116,4.8734565248909865e-15,1.5543122344752192e-15,0.0009357999952044338
6731,WMI,100,1800,200,116,5.052788860985605e-15,1.3322676295501878e-15,0.0027812999906018376
6732,DI,100,1800,200,117,4.8734565248909865e-15,1.5543122344752192e-15,0.0007249999907799065
6733,WMI,100,1800,200,117,5.052788860985605e-15,1.3322676295501878e-15,0.002774900000076741
6734,DI,100,1800,200,118,4.8734565248909865e-15,1.5543122344752192e-15,0.0007108999998308718
6735,WMI,100,1800,200,118,5.052788860985605e-15,1.3322676295501878e-15,0.003258400014601648
6736,DI,100,1800,200,119,4.8734565248909865e-15,1.5543122344752192e-15,0.0009038000134751201
6737,WMI,100,1800,200,119,5.052788860985605e-15,1.3322676295501878e-15,0.0029018999775871634
6738,DI,100,1800,200,120,4.8734565248909865e-15,1.5543122344752192e-15,0.0007138999935705215
6739,WMI,100,1800,200,120,5.052788860985605e-15,1.3322676295501878e-15,0.002858500025467947
6740,DI,100,1800,200,121,4.8734565248909865e-15,1.5543122344752192e-15,0.0007308000058401376
6741,WMI,100,1800,200,121,5.052788860985605e-15,1.3322676295501878e-15,0.00282990001142025
6742,DI,100,1800,200,122,4.8734565248909865e-15,1.5543122344752192e-15,0.0007337999995797873
6743,WMI,100,1800,200,122,5.052788860985605e-15,1.3322676295501878e-15,0.002876400016248226
6744,DI,100,1800,200,123,4.8734565248909865e-15,1.5543122344752192e-15,0.0008748999971430749
6745,WMI,100,1800,200,123,5.052788860985605e-15,1.3322676295501878e-15,0.002894099976401776
6746,DI,100,1800,200,124,4.8734565248909865e-15,1.5543122344752192e-15,0.0007359000155702233
6747,WMI,100,1800,200,124,5.052788860985605e-15,1.3322676295501878e-15,0.002907499991124496
6748,DI,100,1800,200,125,4.8734565248909865e-15,1.5543122344752192e-15,0.0006848999764770269
6749,WMI,100,1800,200,125,5.052788860985605e-15,1.3322676295501878e-15,0.0027538999856915325
6750,DI,100,1800,200,126,4.8734565248909865e-15,1.5543122344752192e-15,0.0008852999890223145
6751,WMI,100,1800,200,126,5.052788860985605e-15,1.3322676295501878e-15,0.0034004999906755984
6752,DI,100,1800,200,127,4.8734565248909865e-15,1.5543122344752192e-15,0.0009215000027325004
6753,WMI,100,1800,200,127,5.052788860985605e-15,1.3322676295501878e-15,0.002935800002887845
6754,DI,100,1800,200,128,4.8734565248909865e-15,1.5543122344752192e-15,0.0008475999929942191
6755,WMI,100,1800,200,128,5.052788860985605e-15,1.3322676295501878e-15,0.0028110000130254775
6756,DI,100,1800,200,129,4.8734565248909865e-15,1.5543122344752192e-15,0.000742900010664016
6757,WMI,100,1800,200,129,5.052788860985605e-15,1.3322676295501878e-15,0.0027713000017683953
6758,DI,100,1800,200,130,4.8734565248909865e-15,1.5543122344752192e-15,0.000683899997966364
6759,WMI,100,1800,200,130,5.052788860985605e-15,1.3322676295501878e-15,0.003116900013992563
6760,DI,100,1800,200,131,4.8734565248909865e-15,1.5543122344752192e-15,0.0008570000063627958
6761,WMI,100,1800,200,131,5.052788860985605e-15,1.3322676295501878e-15,0.0028609000146389008
6762,DI,100,1800,200,132,4.8734565248909865e-15,1.5543122344752192e-15,0.0007158999796956778
6763,WMI,100,1800,200,132,5.052788860985605e-15,1.3322676295501878e-15,0.0027911000070162117
6764,DI,100,1800,200,133,4.8734565248909865e-15,1.5543122344752192e-15,0.0008475999929942191
6765,WMI,100,1800,200,133,5.052788860985605e-15,1.3322676295501878e-15,0.0027934999961871654
6766,DI,100,1800,200,134,4.8734565248909865e-15,1.5543122344752192e-15,0.0007293999951798469
6767,WMI,100,1800,200,134,5.052788860985605e-15,1.3322676295501878e-15,0.003035599977010861
6768,DI,100,1800,200,135,4.8734565248909865e-15,1.5543122344752192e-15,0.0006619000050704926
6769,WMI,100,1800,200,135,5.052788860985605e-15,1.3322676295501878e-15,0.0029320000030566007
6770,DI,100,1800,200,136,4.8734565248909865e-15,1.5543122344752192e-15,0.0007210999901872128
6771,WMI,100,1800,200,136,5.052788860985605e-15,1.3322676295501878e-15,0.00291140002082102
6772,DI,100,1800,200,137,4.8734565248909865e-15,1.5543122344752192e-15,0.0008622000168543309
6773,WMI,100,1800,200,137,5.052788860985605e-15,1.3322676295501878e-15,0.0028492999845184386
6774,DI,100,1800,200,138,4.8734565248909865e-15,1.5543122344752192e-15,0.0007149000011850148
6775,WMI,100,1800,200,138,5.052788860985605e-15,1.3322676295501878e-15,0.003056799992918968
6776,DI,100,1800,200,139,4.8734565248909865e-15,1.5543122344752192e-15,0.0007371000247076154
6777,WMI,100,1800,200,139,5.052788860985605e-15,1.3322676295501878e-15,0.002975899988086894
6778,DI,100,1800,200,140,4.8734565248909865e-15,1.5543122344752192e-15,0.0007010000117588788
6779,WMI,100,1800,200,140,5.052788860985605e-15,1.3322676295501878e-15,0.0028685000143013895
6780,DI,100,1800,200,141,4.8734565248909865e-15,1.5543122344752192e-15,0.000694099988322705
6781,WMI,100,1800,200,141,5.052788860985605e-15,1.3322676295501878e-15,0.0030875999946147203
6782,DI,100,1800,200,142,4.8734565248909865e-15,1.5543122344752192e-15,0.0008578000124543905
6783,WMI,100,1800,200,142,5.052788860985605e-15,1.3322676295501878e-15,0.0029674999823328108
6784,DI,100,1800,200,143,4.8734565248909865e-15,1.5543122344752192e-15,0.0008726000087335706
6785,WMI,100,1800,200,143,5.052788860985605e-15,1.3322676295501878e-15,0.0035789000103250146
6786,DI,100,1800,200,144,4.8734565248909865e-15,1.5543122344752192e-15,0.0007106999983079731
6787,WMI,100,1800,200,144,5.052788860985605e-15,1.3322676295501878e-15,0.0029144000145606697
6788,DI,100,1800,200,145,4.8734565248909865e-15,1.5543122344752192e-15,0.0009085000201594085
6789,WMI,100,1800,200,145,5.052788860985605e-15,1.3322676295501878e-15,0.003017800016095862
6790,DI,100,1800,200,146,4.8734565248909865e-15,1.5543122344752192e-15,0.0007138999935705215
6791,WMI,100,1800,200,146,5.052788860985605e-15,1.3322676295501878e-15,0.0034263000125065446
6792,DI,100,1800,200,147,4.8734565248909865e-15,1.5543122344752192e-15,0.000912199990125373
6793,WMI,100,1800,200,147,5.052788860985605e-15,1.3322676295501878e-15,0.0030778000073041767
6794,DI,100,1800,200,148,4.8734565248909865e-15,1.5543122344752192e-15,0.0007967000128701329
6795,WMI,100,1800,200,148,5.052788860985605e-15,1.3322676295501878e-15,0.0030658000032417476
6796,DI,100,1800,200,149,4.8734565248909865e-15,1.5543122344752192e-15,0.0007402999908663332
6797,WMI,100,1800,200,149,5.052788860985605e-15,1.3322676295501878e-15,0.002916700002970174
6798,DI,100,1800,200,150,4.8734565248909865e-15,1.5543122344752192e-15,0.0008882999827619642
6799,WMI,100,1800,200,150,5.052788860985605e-15,1.3322676295501878e-15,0.0031598000205121934
6800,DI,100,1800,200,151,4.8734565248909865e-15,1.5543122344752192e-15,0.0010055000020656735
6801,WMI,100,1800,200,151,5.052788860985605e-15,1.3322676295501878e-15,0.0034269999887328595
6802,DI,100,1800,200,152,4.8734565248909865e-15,1.5543122344752192e-15,0.0009316999930888414
6803,WMI,100,1800,200,152,5.052788860985605e-15,1.3322676295501878e-15,0.0031069999968167394
6804,DI,100,1800,200,153,4.8734565248909865e-15,1.5543122344752192e-15,0.0007378999725915492
6805,WMI,100,1800,200,153,5.052788860985605e-15,1.3322676295501878e-15,0.0030001999984961003
6806,DI,100,1800,200,154,4.8734565248909865e-15,1.5543122344752192e-15,0.0007323000172618777
6807,WMI,100,1800,200,154,5.052788860985605e-15,1.3322676295501878e-15,0.004497599991736934
6808,DI,100,1800,200,155,4.8734565248909865e-15,1.5543122344752192e-15,0.0012389000039547682
6809,WMI,100,1800,200,155,5.052788860985605e-15,1.3322676295501878e-15,0.003532000002451241
6810,DI,100,1800,200,156,4.8734565248909865e-15,1.5543122344752192e-15,0.0016165999986696988
6811,WMI,100,1800,200,156,5.052788860985605e-15,1.3322676295501878e-15,0.0031032999977469444
6812,DI,100,1800,200,157,4.8734565248909865e-15,1.5543122344752192e-15,0.0009423000155948102
6813,WMI,100,1800,200,157,5.052788860985605e-15,1.3322676295501878e-15,0.0032296999997925013
6814,DI,100,1800,200,158,4.8734565248909865e-15,1.5543122344752192e-15,0.0009405000018887222
6815,WMI,100,1800,200,158,5.052788860985605e-15,1.3322676295501878e-15,0.00297209998825565
6816,DI,100,1800,200,159,4.8734565248909865e-15,1.5543122344752192e-15,0.0007310999790206552
6817,WMI,100,1800,200,159,5.052788860985605e-15,1.3322676295501878e-15,0.0030232999997679144
6818,DI,100,1800,200,160,4.8734565248909865e-15,1.5543122344752192e-15,0.000760499999159947
6819,WMI,100,1800,200,160,5.052788860985605e-15,1.3322676295501878e-15,0.003290799999376759
6820,DI,100,1800,200,161,4.8734565248909865e-15,1.5543122344752192e-15,0.0007587999862153083
6821,WMI,100,1800,200,161,5.052788860985605e-15,1.3322676295501878e-15,0.0031627999851480126
6822,DI,100,1800,200,162,4.8734565248909865e-15,1.5543122344752192e-15,0.0007536000048276037
6823,WMI,100,1800,200,162,5.052788860985605e-15,1.3322676295501878e-15,0.003187199996318668
6824,DI,100,1800,200,163,4.8734565248909865e-15,1.5543122344752192e-15,0.0009123999916482717
6825,WMI,100,1800,200,163,5.052788860985605e-15,1.3322676295501878e-15,0.003269200009526685
6826,DI,100,1800,200,164,4.8734565248909865e-15,1.5543122344752192e-15,0.0007914000016171485
6827,WMI,100,1800,200,164,5.052788860985605e-15,1.3322676295501878e-15,0.0033798000076785684
6828,DI,100,1800,200,165,4.8734565248909865e-15,1.5543122344752192e-15,0.0009650999854784459
6829,WMI,100,1800,200,165,5.052788860985605e-15,1.3322676295501878e-15,0.0033802999823819846
6830,DI,100,1800,200,166,4.8734565248909865e-15,1.5543122344752192e-15,0.0009689000144135207
6831,WMI,100,1800,200,166,5.052788860985605e-15,1.3322676295501878e-15,0.0029242000018712133
6832,DI,100,1800,200,167,4.8734565248909865e-15,1.5543122344752192e-15,0.0007191000040620565
6833,WMI,100,1800,200,167,5.052788860985605e-15,1.3322676295501878e-15,0.0075594999943859875
6834,DI,100,1800,200,168,4.8734565248909865e-15,1.5543122344752192e-15,0.0008030000026337802
6835,WMI,100,1800,200,168,5.052788860985605e-15,1.3322676295501878e-15,0.003573900001356378
6836,DI,100,1800,200,169,4.8734565248909865e-15,1.5543122344752192e-15,0.0007559999939985573
6837,WMI,100,1800,200,169,5.052788860985605e-15,1.3322676295501878e-15,0.0028433999978005886
6838,DI,100,1800,200,170,4.8734565248909865e-15,1.5543122344752192e-15,0.0007108999998308718
6839,WMI,100,1800,200,170,5.052788860985605e-15,1.3322676295501878e-15,0.002801399998134002
6840,DI,100,1800,200,171,4.8734565248909865e-15,1.5543122344752192e-15,0.0006927000067662448
6841,WMI,100,1800,200,171,5.052788860985605e-15,1.3322676295501878e-15,0.002860700013116002
6842,DI,100,1800,200,172,4.8734565248909865e-15,1.5543122344752192e-15,0.0008541000133845955
6843,WMI,100,1800,200,172,5.052788860985605e-15,1.3322676295501878e-15,0.0031519000185653567
6844,DI,100,1800,200,173,4.8734565248909865e-15,1.5543122344752192e-15,0.0009141000045929104
6845,WMI,100,1800,200,173,5.052788860985605e-15,1.3322676295501878e-15,0.0028700999973807484
6846,DI,100,1800,200,174,4.8734565248909865e-15,1.5543122344752192e-15,0.0008738999895285815
6847,WMI,100,1800,200,174,5.052788860985605e-15,1.3322676295501878e-15,0.002949600020656362
6848,DI,100,1800,200,175,4.8734565248909865e-15,1.5543122344752192e-15,0.0008832000021357089
6849,WMI,100,1800,200,175,5.052788860985605e-15,1.3322676295501878e-15,0.002809300000080839
6850,DI,100,1800,200,176,4.8734565248909865e-15,1.5543122344752192e-15,0.0006910999945830554
6851,WMI,100,1800,200,176,5.052788860985605e-15,1.3322676295501878e-15,0.0031796999974176288
6852,DI,100,1800,200,177,4.8734565248909865e-15,1.5543122344752192e-15,0.0008273999847006053
6853,WMI,100,1800,200,177,5.052788860985605e-15,1.3322676295501878e-15,0.0034921999904327095
6854,DI,100,1800,200,178,4.8734565248909865e-15,1.5543122344752192e-15,0.0009417000110261142
6855,WMI,100,1800,200,178,5.052788860985605e-15,1.3322676295501878e-15,0.0030129999795462936
6856,DI,100,1800,200,179,4.8734565248909865e-15,1.5543122344752192e-15,0.000886500027263537
6857,WMI,100,1800,200,179,5.052788860985605e-15,1.3322676295501878e-15,0.0028205999988131225
6858,DI,100,1800,200,180,4.8734565248909865e-15,1.5543122344752192e-15,0.0007676999957766384
6859,WMI,100,1800,200,180,5.052788860985605e-15,1.3322676295501878e-15,0.0033353999897371978
6860,DI,100,1800,200,181,4.8734565248909865e-15,1.5543122344752192e-15,0.0007876000017859042
6861,WMI,100,1800,200,181,5.052788860985605e-15,1.3322676295501878e-15,0.0032939999946393073
6862,DI,100,1800,200,182,4.8734565248909865e-15,1.5543122344752192e-15,0.0008439999946858734
6863,WMI,100,1800,200,182,5.052788860985605e-15,1.3322676295501878e-15,0.0031623000104445964
6864,DI,100,1800,200,183,4.8734565248909865e-15,1.5543122344752192e-15,0.0009334000060334802
6865,WMI,100,1800,200,183,5.052788860985605e-15,1.3322676295501878e-15,0.0031331999925896525
6866,DI,100,1800,200,184,4.8734565248909865e-15,1.5543122344752192e-15,0.0010201999975834042
6867,WMI,100,1800,200,184,5.052788860985605e-15,1.3322676295501878e-15,0.003271800000220537
6868,DI,100,1800,200,185,4.8734565248909865e-15,1.5543122344752192e-15,0.0008296000014524907
6869,WMI,100,1800,200,185,5.052788860985605e-15,1.3322676295501878e-15,0.0030758999928366393
6870,DI,100,1800,200,186,4.8734565248909865e-15,1.5543122344752192e-15,0.0007738999847788364
6871,WMI,100,1800,200,186,5.052788860985605e-15,1.3322676295501878e-15,0.0030544000037480146
6872,DI,100,1800,200,187,4.8734565248909865e-15,1.5543122344752192e-15,0.0009119000169448555
6873,WMI,100,1800,200,187,5.052788860985605e-15,1.3322676295501878e-15,0.0029747999797109514
6874,DI,100,1800,200,188,4.8734565248909865e-15,1.5543122344752192e-15,0.0009947000071406364
6875,WMI,100,1800,200,188,5.052788860985605e-15,1.3322676295501878e-15,0.0034512999991420656
6876,DI,100,1800,200,189,4.8734565248909865e-15,1.5543122344752192e-15,0.0009064999758265913
6877,WMI,100,1800,200,189,5.052788860985605e-15,1.3322676295501878e-15,0.002981499972520396
6878,DI,100,1800,200,190,4.8734565248909865e-15,1.5543122344752192e-15,0.0008990999776870012
6879,WMI,100,1800,200,190,5.052788860985605e-15,1.3322676295501878e-15,0.0030750000150874257
6880,DI,100,1800,200,191,4.8734565248909865e-15,1.5543122344752192e-15,0.0009399999980814755
6881,WMI,100,1800,200,191,5.052788860985605e-15,1.3322676295501878e-15,0.003044300014153123
6882,DI,100,1800,200,192,4.8734565248909865e-15,1.5543122344752192e-15,0.0008517999958712608
6883,WMI,100,1800,200,192,5.052788860985605e-15,1.3322676295501878e-15,0.0032847000111360103
6884,DI,100,1800,200,193,4.8734565248909865e-15,1.5543122344752192e-15,0.0007825999928172678
6885,WMI,100,1800,200,193,5.052788860985605e-15,1.3322676295501878e-15,0.0032042000093497336
6886,DI,100,1800,200,194,4.8734565248909865e-15,1.5543122344752192e-15,0.0009184999798890203
6887,WMI,100,1800,200,194,5.052788860985605e-15,1.3322676295501878e-15,0.0030240000050980598
6888,DI,100,1800,200,195,4.8734565248909865e-15,1.5543122344752192e-15,0.0009305999847128987
6889,WMI,100,1800,200,195,5.052788860985605e-15,1.3322676295501878e-15,0.003359899972565472
6890,DI,100,1800,200,196,4.8734565248909865e-15,1.5543122344752192e-15,0.0008230000094044954
6891,WMI,100,1800,200,196,5.052788860985605e-15,1.3322676295501878e-15,0.003028100007213652
6892,DI,100,1800,200,197,4.8734565248909865e-15,1.5543122344752192e-15,0.0009204000234603882
6893,WMI,100,1800,200,197,5.052788860985605e-15,1.3322676295501878e-15,0.002898699982324615
6894,DI,100,1800,200,198,4.8734565248909865e-15,1.5543122344752192e-15,0.0007610000029671937
6895,WMI,100,1800,200,198,5.052788860985605e-15,1.3322676295501878e-15,0.0029929999727755785
6896,DI,100,1800,200,199,4.8734565248909865e-15,1.5543122344752192e-15,0.000747200014302507
6897,WMI,100,1800,200,199,5.052788860985605e-15,1.3322676295501878e-15,0.0032881000079214573
6898,DI,100,1800,200,200,4.8734565248909865e-15,1.5543122344752192e-15,0.0008267000084742904
6899,WMI,100,1800,200,200,5.052788860985605e-15,1.3322676295501878e-15,0.0029184000159148127
6900,DI,100,1700,300,1,5.205894801864442e-15,1.9984014443252818e-15,0.0010332000092603266
6901,WMI,100,1700,300,1,5.360208409143132e-15,1.5543122344752192e-15,0.00969860001350753
6902,ISM,100,1700,300,1,2.2270373882595615,0.2378389085298016,0.006457599985878915
6903,DI,100,1700,300,2,5.205894801864442e-15,1.9984014443252818e-15,0.0006892000092193484
6904,WMI,100,1700,300,2,5.360208409143132e-15,1.5543122344752192e-15,0.008180900011211634
6905,ISM,100,1700,300,2,2.2270373882595615,0.2378389085298016,0.00677100001485087
6906,DI,100,1700,300,3,5.205894801864442e-15,1.9984014443252818e-15,0.001029300008667633
6907,WMI,100,1700,300,3,5.360208409143132e-15,1.5543122344752192e-15,0.015992100001312792
6908,ISM,100,1700,300,3,2.2270373882595615,0.2378389085298016,0.009348599996883422
6909,DI,100,1700,300,4,5.205894801864442e-15,1.9984014443252818e-15,0.0009504000190645456
6910,WMI,100,1700,300,4,5.360208409143132e-15,1.5543122344752192e-15,0.027466900006402284
6911,ISM,100,1700,300,4,2.2270373882595615,0.2378389085298016,0.008989499998278916
6912,DI,100,1700,300,5,5.205894801864442e-15,1.9984014443252818e-15,0.0014486000000033528
6913,WMI,100,1700,300,5,5.360208409143132e-15,1.5543122344752192e-15,0.010075600002892315
6914,ISM,100,1700,300,5,2.2270373882595615,0.2378389085298016,0.0066525999864097685
6915,DI,100,1700,300,6,5.205894801864442e-15,1.9984014443252818e-15,0.0007774000114295632
6916,WMI,100,1700,300,6,5.360208409143132e-15,1.5543122344752192e-15,0.006753499998012558
6917,ISM,100,1700,300,6,2.2270373882595615,0.2378389085298016,0.006881699984660372
6918,DI,100,1700,300,7,5.205894801864442e-15,1.9984014443252818e-15,0.0007534999749623239
6919,WMI,100,1700,300,7,5.360208409143132e-15,1.5543122344752192e-15,0.00839490001089871
6920,ISM,100,1700,300,7,2.2270373882595615,0.2378389085298016,0.006911899981787428
6921,DI,100,1700,300,8,5.205894801864442e-15,1.9984014443252818e-15,0.001017499977024272
6922,WMI,100,1700,300,8,5.360208409143132e-15,1.5543122344752192e-15,0.007942700001876801
6923,ISM,100,1700,300,8,2.2270373882595615,0.2378389085298016,0.0070582999906037
6924,DI,100,1700,300,9,5.205894801864442e-15,1.9984014443252818e-15,0.0010005999938584864
6925,WMI,100,1700,300,9,5.360208409143132e-15,1.5543122344752192e-15,0.007706600008532405
6926,ISM,100,1700,300,9,2.2270373882595615,0.2378389085298016,0.006905399990500882
6927,DI,100,1700,300,10,5.205894801864442e-15,1.9984014443252818e-15,0.0007721000001765788
6928,WMI,100,1700,300,10,5.360208409143132e-15,1.5543122344752192e-15,0.007507099973736331
6929,ISM,100,1700,300,10,2.2270373882595615,0.2378389085298016,0.006590600009076297
6930,DI,100,1700,300,11,5.205894801864442e-15,1.9984014443252818e-15,0.0007627999875694513
6931,WMI,100,1700,300,11,5.360208409143132e-15,1.5543122344752192e-15,0.00705239997478202
6932,ISM,100,1700,300,11,2.2270373882595615,0.2378389085298016,0.0071666000003460795
6933,DI,100,1700,300,12,5.205894801864442e-15,1.9984014443252818e-15,0.000983200006885454
6934,WMI,100,1700,300,12,5.360208409143132e-15,1.5543122344752192e-15,0.0075523999985307455
6935,ISM,100,1700,300,12,2.2270373882595615,0.2378389085298016,0.006675899989204481
6936,DI,100,1700,300,13,5.205894801864442e-15,1.9984014443252818e-15,0.00098230000003241
6937,WMI,100,1700,300,13,5.360208409143132e-15,1.5543122344752192e-15,0.006981999991694465
6938,ISM,100,1700,300,13,2.2270373882595615,0.2378389085298016,0.007351100008236244
6939,DI,100,1700,300,14,5.205894801864442e-15,1.9984014443252818e-15,0.0007467000104952604
6940,WMI,100,1700,300,14,5.360208409143132e-15,1.5543122344752192e-15,0.007006100000580773
6941,ISM,100,1700,300,14,2.2270373882595615,0.2378389085298016,0.006846100004622713
6942,DI,100,1700,300,15,5.205894801864442e-15,1.9984014443252818e-15,0.0007790999952703714
6943,WMI,100,1700,300,15,5.360208409143132e-15,1.5543122344752192e-15,0.007607399980770424
6944,ISM,100,1700,300,15,2.2270373882595615,0.2378389085298016,0.007564500003354624
6945,DI,100,1700,300,16,5.205894801864442e-15,1.9984014443252818e-15,0.0007759000000078231
6946,WMI,100,1700,300,16,5.360208409143132e-15,1.5543122344752192e-15,0.008087900001555681
6947,ISM,100,1700,300,16,2.2270373882595615,0.2378389085298016,0.006408900022506714
6948,DI,100,1700,300,17,5.205894801864442e-15,1.9984014443252818e-15,0.0007756999984849244
6949,WMI,100,1700,300,17,5.360208409143132e-15,1.5543122344752192e-15,0.008887300005881116
6950,ISM,100,1700,300,17,2.2270373882595615,0.2378389085298016,0.006964000000152737
6951,DI,100,1700,300,18,5.205894801864442e-15,1.9984014443252818e-15,0.0008243000193033367
6952,WMI,100,1700,300,18,5.360208409143132e-15,1.5543122344752192e-15,0.007181900000432506
6953,ISM,100,1700,300,18,2.2270373882595615,0.2378389085298016,0.006540600006701425
6954,DI,100,1700,300,19,5.205894801864442e-15,1.9984014443252818e-15,0.0009422000148333609
6955,WMI,100,1700,300,19,5.360208409143132e-15,1.5543122344752192e-15,0.007280399993760511
6956,ISM,100,1700,300,19,2.2270373882595615,0.2378389085298016,0.006400000012945384
6957,DI,100,1700,300,20,5.205894801864442e-15,1.9984014443252818e-15,0.0010025000083260238
6958,WMI,100,1700,300,20,5.360208409143132e-15,1.5543122344752192e-15,0.00781560002360493
6959,ISM,100,1700,300,20,2.2270373882595615,0.2378389085298016,0.006487299979198724
6960,DI,100,1700,300,21,5.205894801864442e-15,1.9984014443252818e-15,0.0006297999934758991
6961,WMI,100,1700,300,21,5.360208409143132e-15,1.5543122344752192e-15,0.007492300006560981
6962,ISM,100,1700,300,21,2.2270373882595615,0.2378389085298016,0.006383400002960116
6963,DI,100,1700,300,22,5.205894801864442e-15,1.9984014443252818e-15,0.000672800000756979
6964,WMI,100,1700,300,22,5.360208409143132e-15,1.5543122344752192e-15,0.007749400014290586
6965,ISM,100,1700,300,22,2.2270373882595615,0.2378389085298016,0.006401099992217496
6966,DI,100,1700,300,23,5.205894801864442e-15,1.9984014443252818e-15,0.000763899995945394
6967,WMI,100,1700,300,23,5.360208409143132e-15,1.5543122344752192e-15,0.008309099997859448
6968,ISM,100,1700,300,23,2.2270373882595615,0.2378389085298016,0.0064990000100806355
6969,DI,100,1700,300,24,5.205894801864442e-15,1.9984014443252818e-15,0.0009325999999418855
6970,WMI,100,1700,300,24,5.360208409143132e-15,1.5543122344752192e-15,0.008393900003284216
6971,ISM,100,1700,300,24,2.2270373882595615,0.2378389085298016,0.006597900006454438
6972,DI,100,1700,300,25,5.205894801864442e-15,1.9984014443252818e-15,0.0008393999887630343
6973,WMI,100,1700,300,25,5.360208409143132e-15,1.5543122344752192e-15,0.010825300007127225
6974,ISM,100,1700,300,25,2.2270373882595615,0.2378389085298016,0.006915500009199604
6975,DI,100,1700,300,26,5.205894801864442e-15,1.9984014443252818e-15,0.0008150000066962093
6976,WMI,100,1700,300,26,5.360208409143132e-15,1.5543122344752192e-15,0.008569300000090152
6977,ISM,100,1700,300,26,2.2270373882595615,0.2378389085298016,0.007362400006968528
6978,DI,100,1700,300,27,5.205894801864442e-15,1.9984014443252818e-15,0.0009606000094208866
6979,WMI,100,1700,300,27,5.360208409143132e-15,1.5543122344752192e-15,0.009527899994282052
6980,ISM,100,1700,300,27,2.2270373882595615,0.2378389085298016,0.009453500009840354
6981,DI,100,1700,300,28,5.205894801864442e-15,1.9984014443252818e-15,0.0010578000219538808
6982,WMI,100,1700,300,28,5.360208409143132e-15,1.5543122344752192e-15,0.009559700003592297
6983,ISM,100,1700,300,28,2.2270373882595615,0.2378389085298016,0.006523199990624562
6984,DI,100,1700,300,29,5.205894801864442e-15,1.9984014443252818e-15,0.0009154999861493707
6985,WMI,100,1700,300,29,5.360208409143132e-15,1.5543122344752192e-15,0.008629599993582815
6986,ISM,100,1700,300,29,2.2270373882595615,0.2378389085298016,0.013451299979351461
6987,DI,100,1700,300,30,5.205894801864442e-15,1.9984014443252818e-15,0.001514299976406619
6988,WMI,100,1700,300,30,5.360208409143132e-15,1.5543122344752192e-15,0.010745499981567264
6989,ISM,100,1700,300,30,2.2270373882595615,0.2378389085298016,0.011128899990580976
6990,DI,100,1700,300,31,5.205894801864442e-15,1.9984014443252818e-15,0.001354500011075288
6991,WMI,100,1700,300,31,5.360208409143132e-15,1.5543122344752192e-15,0.011303299979772419
6992,ISM,100,1700,300,31,2.2270373882595615,0.2378389085298016,0.013623700011521578
6993,DI,100,1700,300,32,5.205894801864442e-15,1.9984014443252818e-15,0.0015866000030655414
6994,WMI,100,1700,300,32,5.360208409143132e-15,1.5543122344752192e-15,0.013330999994650483
6995,ISM,100,1700,300,32,2.2270373882595615,0.2378389085298016,0.013137200003257021
6996,DI,100,1700,300,33,5.205894801864442e-15,1.9984014443252818e-15,0.0015390999906230718
6997,WMI,100,1700,300,33,5.360208409143132e-15,1.5543122344752192e-15,0.015272499993443489
6998,ISM,100,1700,300,33,2.2270373882595615,0.2378389085298016,0.013530500000342727
6999,DI,100,1700,300,34,5.205894801864442e-15,1.9984014443252818e-15,0.0018242000078316778
7000,WMI,100,1700,300,34,5.360208409143132e-15,1.5543122344752192e-15,0.014046700001927093
7001,ISM,100,1700,300,34,2.2270373882595615,0.2378389085298016,0.013704599987249821
7002,DI,100,1700,300,35,5.205894801864442e-15,1.9984014443252818e-15,0.001759499980835244
7003,WMI,100,1700,300,35,5.360208409143132e-15,1.5543122344752192e-15,0.016141700005391613
7004,ISM,100,1700,300,35,2.2270373882595615,0.2378389085298016,0.009780199994565919
7005,DI,100,1700,300,36,5.205894801864442e-15,1.9984014443252818e-15,0.0014187000051606447
7006,WMI,100,1700,300,36,5.360208409143132e-15,1.5543122344752192e-15,0.012363500020001084
7007,ISM,100,1700,300,36,2.2270373882595615,0.2378389085298016,0.012865600001532584
7008,DI,100,1700,300,37,5.205894801864442e-15,1.9984014443252818e-15,0.001902799995150417
7009,WMI,100,1700,300,37,5.360208409143132e-15,1.5543122344752192e-15,0.01381449998007156
7010,ISM,100,1700,300,37,2.2270373882595615,0.2378389085298016,0.013053499977104366
7011,DI,100,1700,300,38,5.205894801864442e-15,1.9984014443252818e-15,0.0017477000073995441
7012,WMI,100,1700,300,38,5.360208409143132e-15,1.5543122344752192e-15,0.016041700000641868
7013,ISM,100,1700,300,38,2.2270373882595615,0.2378389085298016,0.013129800005117431
7014,DI,100,1700,300,39,5.205894801864442e-15,1.9984014443252818e-15,0.001739700004691258
7015,WMI,100,1700,300,39,5.360208409143132e-15,1.5543122344752192e-15,0.013438699999824166
7016,ISM,100,1700,300,39,2.2270373882595615,0.2378389085298016,0.012374100013403222
7017,DI,100,1700,300,40,5.205894801864442e-15,1.9984014443252818e-15,0.0017097000090871006
7018,WMI,100,1700,300,40,5.360208409143132e-15,1.5543122344752192e-15,0.012240500014740974
7019,ISM,100,1700,300,40,2.2270373882595615,0.2378389085298016,0.013145000004442409
7020,DI,100,1700,300,41,5.205894801864442e-15,1.9984014443252818e-15,0.002018099999986589
7021,WMI,100,1700,300,41,5.360208409143132e-15,1.5543122344752192e-15,0.0133536999928765
7022,ISM,100,1700,300,41,2.2270373882595615,0.2378389085298016,0.007129899982828647
7023,DI,100,1700,300,42,5.205894801864442e-15,1.9984014443252818e-15,0.0011104999866802245
7024,WMI,100,1700,300,42,5.360208409143132e-15,1.5543122344752192e-15,0.011102999997092411
7025,ISM,100,1700,300,42,2.2270373882595615,0.2378389085298016,0.013613699993584305
7026,DI,100,1700,300,43,5.205894801864442e-15,1.9984014443252818e-15,0.0014571999781765044
7027,WMI,100,1700,300,43,5.360208409143132e-15,1.5543122344752192e-15,0.010094700002809986
7028,ISM,100,1700,300,43,2.2270373882595615,0.2378389085298016,0.012801699980627745
7029,DI,100,1700,300,44,5.205894801864442e-15,1.9984014443252818e-15,0.0015850999916438013
7030,WMI,100,1700,300,44,5.360208409143132e-15,1.5543122344752192e-15,0.01242469999124296
7031,ISM,100,1700,300,44,2.2270373882595615,0.2378389085298016,0.008592900005169213
7032,DI,100,1700,300,45,5.205894801864442e-15,1.9984014443252818e-15,0.0012551999825518578
7033,WMI,100,1700,300,45,5.360208409143132e-15,1.5543122344752192e-15,0.009753300022566691
7034,ISM,100,1700,300,45,2.2270373882595615,0.2378389085298016,0.0062052999855950475
7035,DI,100,1700,300,46,5.205894801864442e-15,1.9984014443252818e-15,0.0010844999924302101
7036,WMI,100,1700,300,46,5.360208409143132e-15,1.5543122344752192e-15,0.009603100013919175
7037,ISM,100,1700,300,46,2.2270373882595615,0.2378389085298016,0.01275059999898076
7038,DI,100,1700,300,47,5.205894801864442e-15,1.9984014443252818e-15,0.001464799977838993
7039,WMI,100,1700,300,47,5.360208409143132e-15,1.5543122344752192e-15,0.011229600000660866
7040,ISM,100,1700,300,47,2.2270373882595615,0.2378389085298016,0.008781100012129173
7041,DI,100,1700,300,48,5.205894801864442e-15,1.9984014443252818e-15,0.001054299995303154
7042,WMI,100,1700,300,48,5.360208409143132e-15,1.5543122344752192e-15,0.008770900021772832
7043,ISM,100,1700,300,48,2.2270373882595615,0.2378389085298016,0.007018999982392415
7044,DI,100,1700,300,49,5.205894801864442e-15,1.9984014443252818e-15,0.0011741999769583344
7045,WMI,100,1700,300,49,5.360208409143132e-15,1.5543122344752192e-15,0.009286200016504154
7046,ISM,100,1700,300,49,2.2270373882595615,0.2378389085298016,0.006458999996539205
7047,DI,100,1700,300,50,5.205894801864442e-15,1.9984014443252818e-15,0.0010850999969989061
7048,WMI,100,1700,300,50,5.360208409143132e-15,1.5543122344752192e-15,0.008504600002197549
7049,ISM,100,1700,300,50,2.2270373882595615,0.2378389085298016,0.01230919998488389
7050,DI,100,1700,300,51,5.205894801864442e-15,1.9984014443252818e-15,0.0013713999942410737
7051,WMI,100,1700,300,51,5.360208409143132e-15,1.5543122344752192e-15,0.010547299985773861
7052,DI,100,1700,300,52,5.205894801864442e-15,1.9984014443252818e-15,0.0010215000074822456
7053,WMI,100,1700,300,52,5.360208409143132e-15,1.5543122344752192e-15,0.008689099980983883
7054,DI,100,1700,300,53,5.205894801864442e-15,1.9984014443252818e-15,0.0009243000240530819
7055,WMI,100,1700,300,53,5.360208409143132e-15,1.5543122344752192e-15,0.007956399989780039
7056,DI,100,1700,300,54,5.205894801864442e-15,1.9984014443252818e-15,0.0011476000072434545
7057,WMI,100,1700,300,54,5.360208409143132e-15,1.5543122344752192e-15,0.009601400000974536
7058,DI,100,1700,300,55,5.205894801864442e-15,1.9984014443252818e-15,0.0009064000041689724
7059,WMI,100,1700,300,55,5.360208409143132e-15,1.5543122344752192e-15,0.010038100008387119
7060,DI,100,1700,300,56,5.205894801864442e-15,1.9984014443252818e-15,0.0010944999812636524
7061,WMI,100,1700,300,56,5.360208409143132e-15,1.5543122344752192e-15,0.007918499992229044
7062,DI,100,1700,300,57,5.205894801864442e-15,1.9984014443252818e-15,0.0009152000129688531
7063,WMI,100,1700,300,57,5.360208409143132e-15,1.5543122344752192e-15,0.008354299992788583
7064,DI,100,1700,300,58,5.205894801864442e-15,1.9984014443252818e-15,0.0009646000107750297
7065,WMI,100,1700,300,58,5.360208409143132e-15,1.5543122344752192e-15,0.009533600008580834
7066,DI,100,1700,300,59,5.205894801864442e-15,1.9984014443252818e-15,0.0010728000197559595
7067,WMI,100,1700,300,59,5.360208409143132e-15,1.5543122344752192e-15,0.0080110999988392
7068,DI,100,1700,300,60,5.205894801864442e-15,1.9984014443252818e-15,0.0008725000079721212
7069,WMI,100,1700,300,60,5.360208409143132e-15,1.5543122344752192e-15,0.00807469998835586
7070,DI,100,1700,300,61,5.205894801864442e-15,1.9984014443252818e-15,0.0009110000100918114
7071,WMI,100,1700,300,61,5.360208409143132e-15,1.5543122344752192e-15,0.008011900004930794
7072,DI,100,1700,300,62,5.205894801864442e-15,1.9984014443252818e-15,0.0010152000177185982
7073,WMI,100,1700,300,62,5.360208409143132e-15,1.5543122344752192e-15,0.00832820002688095
7074,DI,100,1700,300,63,5.205894801864442e-15,1.9984014443252818e-15,0.0009225000103469938
7075,WMI,100,1700,300,63,5.360208409143132e-15,1.5543122344752192e-15,0.008552000013878569
7076,DI,100,1700,300,64,5.205894801864442e-15,1.9984014443252818e-15,0.0009930000232998282
7077,WMI,100,1700,300,64,5.360208409143132e-15,1.5543122344752192e-15,0.008226500009186566
7078,DI,100,1700,300,65,5.205894801864442e-15,1.9984014443252818e-15,0.0010368000075686723
7079,WMI,100,1700,300,65,5.360208409143132e-15,1.5543122344752192e-15,0.007879499986302108
7080,DI,100,1700,300,66,5.205894801864442e-15,1.9984014443252818e-15,0.0010780000011436641
7081,WMI,100,1700,300,66,5.360208409143132e-15,1.5543122344752192e-15,0.008156600000802428
7082,DI,100,1700,300,67,5.205894801864442e-15,1.9984014443252818e-15,0.0008788999984972179
7083,WMI,100,1700,300,67,5.360208409143132e-15,1.5543122344752192e-15,0.007946900004753843
7084,DI,100,1700,300,68,5.205894801864442e-15,1.9984014443252818e-15,0.0008925999864004552
7085,WMI,100,1700,300,68,5.360208409143132e-15,1.5543122344752192e-15,0.007937399990623817
7086,DI,100,1700,300,69,5.205894801864442e-15,1.9984014443252818e-15,0.0009424000163562596
7087,WMI,100,1700,300,69,5.360208409143132e-15,1.5543122344752192e-15,0.008286900003440678
7088,DI,100,1700,300,70,5.205894801864442e-15,1.9984014443252818e-15,0.0010949999850708991
7089,WMI,100,1700,300,70,5.360208409143132e-15,1.5543122344752192e-15,0.009002900013001636
7090,DI,100,1700,300,71,5.205894801864442e-15,1.9984014443252818e-15,0.0011526999878697097
7091,WMI,100,1700,300,71,5.360208409143132e-15,1.5543122344752192e-15,0.01341159999719821
7092,DI,100,1700,300,72,5.205894801864442e-15,1.9984014443252818e-15,0.0009750000026542693
7093,WMI,100,1700,300,72,5.360208409143132e-15,1.5543122344752192e-15,0.008138300006976351
7094,DI,100,1700,300,73,5.205894801864442e-15,1.9984014443252818e-15,0.0009602000063750893
7095,WMI,100,1700,300,73,5.360208409143132e-15,1.5543122344752192e-15,0.008416399999987334
7096,DI,100,1700,300,74,5.205894801864442e-15,1.9984014443252818e-15,0.0008870000019669533
7097,WMI,100,1700,300,74,5.360208409143132e-15,1.5543122344752192e-15,0.008480899996357039
7098,DI,100,1700,300,75,5.205894801864442e-15,1.9984014443252818e-15,0.000906300003407523
7099,WMI,100,1700,300,75,5.360208409143132e-15,1.5543122344752192e-15,0.008265499986009672
7100,DI,100,1700,300,76,5.205894801864442e-15,1.9984014443252818e-15,0.0010766000195872039
7101,WMI,100,1700,300,76,5.360208409143132e-15,1.5543122344752192e-15,0.008082799991825595
7102,DI,100,1700,300,77,5.205894801864442e-15,1.9984014443252818e-15,0.0010246999736409634
7103,WMI,100,1700,300,77,5.360208409143132e-15,1.5543122344752192e-15,0.007903400022769347
7104,DI,100,1700,300,78,5.205894801864442e-15,1.9984014443252818e-15,0.0011107000173069537
7105,WMI,100,1700,300,78,5.360208409143132e-15,1.5543122344752192e-15,0.007840200007194653
7106,DI,100,1700,300,79,5.205894801864442e-15,1.9984014443252818e-15,0.000910999980987981
7107,WMI,100,1700,300,79,5.360208409143132e-15,1.5543122344752192e-15,0.007988199999090284
7108,DI,100,1700,300,80,5.205894801864442e-15,1.9984014443252818e-15,0.001102500013075769
7109,WMI,100,1700,300,80,5.360208409143132e-15,1.5543122344752192e-15,0.007625400001415983
7110,DI,100,1700,300,81,5.205894801864442e-15,1.9984014443252818e-15,0.0008564000017940998
7111,WMI,100,1700,300,81,5.360208409143132e-15,1.5543122344752192e-15,0.008153000002494082
7112,DI,100,1700,300,82,5.205894801864442e-15,1.9984014443252818e-15,0.0009022000012919307
7113,WMI,100,1700,300,82,5.360208409143132e-15,1.5543122344752192e-15,0.007604699989315122
7114,DI,100,1700,300,83,5.205894801864442e-15,1.9984014443252818e-15,0.001076799992006272
7115,WMI,100,1700,300,83,5.360208409143132e-15,1.5543122344752192e-15,0.008227699989220127
7116,DI,100,1700,300,84,5.205894801864442e-15,1.9984014443252818e-15,0.0010951999865937978
7117,WMI,100,1700,300,84,5.360208409143132e-15,1.5543122344752192e-15,0.007612899993546307
7118,DI,100,1700,300,85,5.205894801864442e-15,1.9984014443252818e-15,0.0008420000085607171
7119,WMI,100,1700,300,85,5.360208409143132e-15,1.5543122344752192e-15,0.007853799994336441
7120,DI,100,1700,300,86,5.205894801864442e-15,1.9984014443252818e-15,0.000833099998999387
7121,WMI,100,1700,300,86,5.360208409143132e-15,1.5543122344752192e-15,0.008240299997851253
7122,DI,100,1700,300,87,5.205894801864442e-15,1.9984014443252818e-15,0.0009738000226207078
7123,WMI,100,1700,300,87,5.360208409143132e-15,1.5543122344752192e-15,0.007754499994916841
7124,DI,100,1700,300,88,5.205894801864442e-15,1.9984014443252818e-15,0.0008850999874994159
7125,WMI,100,1700,300,88,5.360208409143132e-15,1.5543122344752192e-15,0.007921899989014491
7126,DI,100,1700,300,89,5.205894801864442e-15,1.9984014443252818e-15,0.001039800001308322
7127,WMI,100,1700,300,89,5.360208409143132e-15,1.5543122344752192e-15,0.007741300010820851
7128,DI,100,1700,300,90,5.205894801864442e-15,1.9984014443252818e-15,0.0010568000143393874
7129,WMI,100,1700,300,90,5.360208409143132e-15,1.5543122344752192e-15,0.008075799996731803
7130,DI,100,1700,300,91,5.205894801864442e-15,1.9984014443252818e-15,0.0008573999803047627
7131,WMI,100,1700,300,91,5.360208409143132e-15,1.5543122344752192e-15,0.0073308999999426305
7132,DI,100,1700,300,92,5.205894801864442e-15,1.9984014443252818e-15,0.0011285000073257834
7133,WMI,100,1700,300,92,5.360208409143132e-15,1.5543122344752192e-15,0.008131299982778728
7134,DI,100,1700,300,93,5.205894801864442e-15,1.9984014443252818e-15,0.000993399997241795
7135,WMI,100,1700,300,93,5.360208409143132e-15,1.5543122344752192e-15,0.00801260001026094
7136,DI,100,1700,300,94,5.205894801864442e-15,1.9984014443252818e-15,0.0008696999866515398
7137,WMI,100,1700,300,94,5.360208409143132e-15,1.5543122344752192e-15,0.007650500017916784
7138,DI,100,1700,300,95,5.205894801864442e-15,1.9984014443252818e-15,0.0008276000153273344
7139,WMI,100,1700,300,95,5.360208409143132e-15,1.5543122344752192e-15,0.007684800017159432
7140,DI,100,1700,300,96,5.205894801864442e-15,1.9984014443252818e-15,0.001055500004440546
7141,WMI,100,1700,300,96,5.360208409143132e-15,1.5543122344752192e-15,0.007623399986186996
7142,DI,100,1700,300,97,5.205894801864442e-15,1.9984014443252818e-15,0.0008643000037409365
7143,WMI,100,1700,300,97,5.360208409143132e-15,1.5543122344752192e-15,0.00796070002252236
7144,DI,100,1700,300,98,5.205894801864442e-15,1.9984014443252818e-15,0.0008177999989129603
7145,WMI,100,1700,300,98,5.360208409143132e-15,1.5543122344752192e-15,0.015079399978276342
7146,DI,100,1700,300,99,5.205894801864442e-15,1.9984014443252818e-15,0.001573599991388619
7147,WMI,100,1700,300,99,5.360208409143132e-15,1.5543122344752192e-15,0.007751600001938641
7148,DI,100,1700,300,100,5.205894801864442e-15,1.9984014443252818e-15,0.001250800007255748
7149,WMI,100,1700,300,100,5.360208409143132e-15,1.5543122344752192e-15,0.009684100019512698
7150,DI,100,1700,300,101,5.205894801864442e-15,1.9984014443252818e-15,0.0011186999909114093
7151,WMI,100,1700,300,101,5.360208409143132e-15,1.5543122344752192e-15,0.00869859999511391
7152,DI,100,1700,300,102,5.205894801864442e-15,1.9984014443252818e-15,0.0010234999936074018
7153,WMI,100,1700,300,102,5.360208409143132e-15,1.5543122344752192e-15,0.008024700015084818
7154,DI,100,1700,300,103,5.205894801864442e-15,1.9984014443252818e-15,0.0011729999969247729
7155,WMI,100,1700,300,103,5.360208409143132e-15,1.5543122344752192e-15,0.007372599997324869
7156,DI,100,1700,300,104,5.205894801864442e-15,1.9984014443252818e-15,0.000839599990285933
7157,WMI,100,1700,300,104,5.360208409143132e-15,1.5543122344752192e-15,0.007600999990245327
7158,DI,100,1700,300,105,5.205894801864442e-15,1.9984014443252818e-15,0.0008017999934963882
7159,WMI,100,1700,300,105,5.360208409143132e-15,1.5543122344752192e-15,0.007790399977238849
7160,DI,100,1700,300,106,5.205894801864442e-15,1.9984014443252818e-15,0.0008875999774318188
7161,WMI,100,1700,300,106,5.360208409143132e-15,1.5543122344752192e-15,0.0081044000107795
7162,DI,100,1700,300,107,5.205894801864442e-15,1.9984014443252818e-15,0.0010586999997030944
7163,WMI,100,1700,300,107,5.360208409143132e-15,1.5543122344752192e-15,0.00783619997673668
7164,DI,100,1700,300,108,5.205894801864442e-15,1.9984014443252818e-15,0.0010823000047821552
7165,WMI,100,1700,300,108,5.360208409143132e-15,1.5543122344752192e-15,0.00840059999609366
7166,DI,100,1700,300,109,5.205894801864442e-15,1.9984014443252818e-15,0.0010728000197559595
7167,WMI,100,1700,300,109,5.360208409143132e-15,1.5543122344752192e-15,0.007852900016587228
7168,DI,100,1700,300,110,5.205894801864442e-15,1.9984014443252818e-15,0.0008177999989129603
7169,WMI,100,1700,300,110,5.360208409143132e-15,1.5543122344752192e-15,0.007731600024271756
7170,DI,100,1700,300,111,5.205894801864442e-15,1.9984014443252818e-15,0.0010579000227153301
7171,WMI,100,1700,300,111,5.360208409143132e-15,1.5543122344752192e-15,0.008092800009762868
7172,DI,100,1700,300,112,5.205894801864442e-15,1.9984014443252818e-15,0.0009500000160187483
7173,WMI,100,1700,300,112,5.360208409143132e-15,1.5543122344752192e-15,0.008251699997344986
7174,DI,100,1700,300,113,5.205894801864442e-15,1.9984014443252818e-15,0.0008525000012014061
7175,WMI,100,1700,300,113,5.360208409143132e-15,1.5543122344752192e-15,0.0083059000025969
7176,DI,100,1700,300,114,5.205894801864442e-15,1.9984014443252818e-15,0.0010958999919239432
7177,WMI,100,1700,300,114,5.360208409143132e-15,1.5543122344752192e-15,0.007731499994406477
7178,DI,100,1700,300,115,5.205894801864442e-15,1.9984014443252818e-15,0.0008274999854620546
7179,WMI,100,1700,300,115,5.360208409143132e-15,1.5543122344752192e-15,0.0081666000187397
7180,DI,100,1700,300,116,5.205894801864442e-15,1.9984014443252818e-15,0.0008031000033952296
7181,WMI,100,1700,300,116,5.360208409143132e-15,1.5543122344752192e-15,0.007520100014517084
7182,DI,100,1700,300,117,5.205894801864442e-15,1.9984014443252818e-15,0.0009018999990075827
7183,WMI,100,1700,300,117,5.360208409143132e-15,1.5543122344752192e-15,0.007873399998061359
7184,DI,100,1700,300,118,5.205894801864442e-15,1.9984014443252818e-15,0.0010392999975010753
7185,WMI,100,1700,300,118,5.360208409143132e-15,1.5543122344752192e-15,0.008780800009844825
7186,DI,100,1700,300,119,5.205894801864442e-15,1.9984014443252818e-15,0.0011371999862603843
7187,WMI,100,1700,300,119,5.360208409143132e-15,1.5543122344752192e-15,0.009048900014022365
7188,DI,100,1700,300,120,5.205894801864442e-15,1.9984014443252818e-15,0.0028535000164993107
7189,WMI,100,1700,300,120,5.360208409143132e-15,1.5543122344752192e-15,0.010253499989630654
7190,DI,100,1700,300,121,5.205894801864442e-15,1.9984014443252818e-15,0.0010708999761845917
7191,WMI,100,1700,300,121,5.360208409143132e-15,1.5543122344752192e-15,0.0095222000090871
7192,DI,100,1700,300,122,5.205894801864442e-15,1.9984014443252818e-15,0.0010406000073999166
7193,WMI,100,1700,300,122,5.360208409143132e-15,1.5543122344752192e-15,0.008553499996196479
7194,DI,100,1700,300,123,5.205894801864442e-15,1.9984014443252818e-15,0.0008703999919816852
7195,WMI,100,1700,300,123,5.360208409143132e-15,1.5543122344752192e-15,0.007586699997773394
7196,DI,100,1700,300,124,5.205894801864442e-15,1.9984014443252818e-15,0.0009684999822638929
7197,WMI,100,1700,300,124,5.360208409143132e-15,1.5543122344752192e-15,0.008175900002242997
7198,DI,100,1700,300,125,5.205894801864442e-15,1.9984014443252818e-15,0.0011001999955624342
7199,WMI,100,1700,300,125,5.360208409143132e-15,1.5543122344752192e-15,0.008180700009688735
7200,DI,100,1700,300,126,5.205894801864442e-15,1.9984014443252818e-15,0.0009349999891128391
7201,WMI,100,1700,300,126,5.360208409143132e-15,1.5543122344752192e-15,0.008149200002662838
7202,DI,100,1700,300,127,5.205894801864442e-15,1.9984014443252818e-15,0.0008653999830130488
7203,WMI,100,1700,300,127,5.360208409143132e-15,1.5543122344752192e-15,0.008711300004506484
7204,DI,100,1700,300,128,5.205894801864442e-15,1.9984014443252818e-15,0.0011118999973405153
7205,WMI,100,1700,300,128,5.360208409143132e-15,1.5543122344752192e-15,0.00823459998355247
7206,DI,100,1700,300,129,5.205894801864442e-15,1.9984014443252818e-15,0.001160499989055097
7207,WMI,100,1700,300,129,5.360208409143132e-15,1.5543122344752192e-15,0.008405600005062297
7208,DI,100,1700,300,130,5.205894801864442e-15,1.9984014443252818e-15,0.0009625999955460429
7209,WMI,100,1700,300,130,5.360208409143132e-15,1.5543122344752192e-15,0.008100500010186806
7210,DI,100,1700,300,131,5.205894801864442e-15,1.9984014443252818e-15,0.0009505999914836138
7211,WMI,100,1700,300,131,5.360208409143132e-15,1.5543122344752192e-15,0.008207900013076141
7212,DI,100,1700,300,132,5.205894801864442e-15,1.9984014443252818e-15,0.0010469999979250133
7213,WMI,100,1700,300,132,5.360208409143132e-15,1.5543122344752192e-15,0.007657400012249127
7214,DI,100,1700,300,133,5.205894801864442e-15,1.9984014443252818e-15,0.0011074999929405749
7215,WMI,100,1700,300,133,5.360208409143132e-15,1.5543122344752192e-15,0.0076320999942254275
7216,DI,100,1700,300,134,5.205894801864442e-15,1.9984014443252818e-15,0.000994600006379187
7217,WMI,100,1700,300,134,5.360208409143132e-15,1.5543122344752192e-15,0.008483500016154721
7218,DI,100,1700,300,135,5.205894801864442e-15,1.9984014443252818e-15,0.0011019999801646918
7219,WMI,100,1700,300,135,5.360208409143132e-15,1.5543122344752192e-15,0.008466900006169453
7220,DI,100,1700,300,136,5.205894801864442e-15,1.9984014443252818e-15,0.0008980999991763383
7221,WMI,100,1700,300,136,5.360208409143132e-15,1.5543122344752192e-15,0.008543300005840138
7222,DI,100,1700,300,137,5.205894801864442e-15,1.9984014443252818e-15,0.0008384999819099903
7223,WMI,100,1700,300,137,5.360208409143132e-15,1.5543122344752192e-15,0.008052100019995123
7224,DI,100,1700,300,138,5.205894801864442e-15,1.9984014443252818e-15,0.0010397000005468726
7225,WMI,100,1700,300,138,5.360208409143132e-15,1.5543122344752192e-15,0.00808520001010038
7226,DI,100,1700,300,139,5.205894801864442e-15,1.9984014443252818e-15,0.0011572999937925488
7227,WMI,100,1700,300,139,5.360208409143132e-15,1.5543122344752192e-15,0.008547100005671382
7228,DI,100,1700,300,140,5.205894801864442e-15,1.9984014443252818e-15,0.0008933999924920499
7229,WMI,100,1700,300,140,5.360208409143132e-15,1.5543122344752192e-15,0.008308599994052202
7230,DI,100,1700,300,141,5.205894801864442e-15,1.9984014443252818e-15,0.0009640000062063336
7231,WMI,100,1700,300,141,5.360208409143132e-15,1.5543122344752192e-15,0.009056300012161955
7232,DI,100,1700,300,142,5.205894801864442e-15,1.9984014443252818e-15,0.0011255999852437526
7233,WMI,100,1700,300,142,5.360208409143132e-15,1.5543122344752192e-15,0.008377499994821846
7234,DI,100,1700,300,143,5.205894801864442e-15,1.9984014443252818e-15,0.0010918000189121813
7235,WMI,100,1700,300,143,5.360208409143132e-15,1.5543122344752192e-15,0.008256800007075071
7236,DI,100,1700,300,144,5.205894801864442e-15,1.9984014443252818e-15,0.0009916000126395375
7237,WMI,100,1700,300,144,5.360208409143132e-15,1.5543122344752192e-15,0.00837550000869669
7238,DI,100,1700,300,145,5.205894801864442e-15,1.9984014443252818e-15,0.0008966999885160476
7239,WMI,100,1700,300,145,5.360208409143132e-15,1.5543122344752192e-15,0.00828510001883842
7240,DI,100,1700,300,146,5.205894801864442e-15,1.9984014443252818e-15,0.0011531999916769564
7241,WMI,100,1700,300,146,5.360208409143132e-15,1.5543122344752192e-15,0.008465199993224815
7242,DI,100,1700,300,147,5.205894801864442e-15,1.9984014443252818e-15,0.0011009000008925796
7243,WMI,100,1700,300,147,5.360208409143132e-15,1.5543122344752192e-15,0.009274400013964623
7244,DI,100,1700,300,148,5.205894801864442e-15,1.9984014443252818e-15,0.001215800002682954
7245,WMI,100,1700,300,148,5.360208409143132e-15,1.5543122344752192e-15,0.008727700012968853
7246,DI,100,1700,300,149,5.205894801864442e-15,1.9984014443252818e-15,0.0011251000105403364
7247,WMI,100,1700,300,149,5.360208409143132e-15,1.5543122344752192e-15,0.008531500003300607
7248,DI,100,1700,300,150,5.205894801864442e-15,1.9984014443252818e-15,0.001263400015886873
7249,WMI,100,1700,300,150,5.360208409143132e-15,1.5543122344752192e-15,0.008825299999443814
7250,DI,100,1700,300,151,5.205894801864442e-15,1.9984014443252818e-15,0.0011576999968383461
7251,WMI,100,1700,300,151,5.360208409143132e-15,1.5543122344752192e-15,0.007893000001786277
7252,DI,100,1700,300,152,5.205894801864442e-15,1.9984014443252818e-15,0.0009103000047616661
7253,WMI,100,1700,300,152,5.360208409143132e-15,1.5543122344752192e-15,0.00848819999373518
7254,DI,100,1700,300,153,5.205894801864442e-15,1.9984014443252818e-15,0.0009660000214353204
7255,WMI,100,1700,300,153,5.360208409143132e-15,1.5543122344752192e-15,0.008602999994764104
7256,DI,100,1700,300,154,5.205894801864442e-15,1.9984014443252818e-15,0.0008504000143148005
7257,WMI,100,1700,300,154,5.360208409143132e-15,1.5543122344752192e-15,0.008274199994048104
7258,DI,100,1700,300,155,5.205894801864442e-15,1.9984014443252818e-15,0.001272300025448203
7259,WMI,100,1700,300,155,5.360208409143132e-15,1.5543122344752192e-15,0.009335099981399253
7260,DI,100,1700,300,156,5.205894801864442e-15,1.9984014443252818e-15,0.0009438999986741692
7261,WMI,100,1700,300,156,5.360208409143132e-15,1.5543122344752192e-15,0.008392199990339577
7262,DI,100,1700,300,157,5.205894801864442e-15,1.9984014443252818e-15,0.0010121999948751181
7263,WMI,100,1700,300,157,5.360208409143132e-15,1.5543122344752192e-15,0.00810879998607561
7264,DI,100,1700,300,158,5.205894801864442e-15,1.9984014443252818e-15,0.001236199983395636
7265,WMI,100,1700,300,158,5.360208409143132e-15,1.5543122344752192e-15,0.00860960001591593
7266,DI,100,1700,300,159,5.205894801864442e-15,1.9984014443252818e-15,0.000960700010182336
7267,WMI,100,1700,300,159,5.360208409143132e-15,1.5543122344752192e-15,0.008127199980663136
7268,DI,100,1700,300,160,5.205894801864442e-15,1.9984014443252818e-15,0.0011824999819509685
7269,WMI,100,1700,300,160,5.360208409143132e-15,1.5543122344752192e-15,0.008915599988540635
7270,DI,100,1700,300,161,5.205894801864442e-15,1.9984014443252818e-15,0.0010421000188216567
7271,WMI,100,1700,300,161,5.360208409143132e-15,1.5543122344752192e-15,0.008583699993323535
7272,DI,100,1700,300,162,5.205894801864442e-15,1.9984014443252818e-15,0.0012131000112276524
7273,WMI,100,1700,300,162,5.360208409143132e-15,1.5543122344752192e-15,0.009049099986441433
7274,DI,100,1700,300,163,5.205894801864442e-15,1.9984014443252818e-15,0.001006999984383583
7275,WMI,100,1700,300,163,5.360208409143132e-15,1.5543122344752192e-15,0.008689500013133511
7276,DI,100,1700,300,164,5.205894801864442e-15,1.9984014443252818e-15,0.0012673000164795667
7277,WMI,100,1700,300,164,5.360208409143132e-15,1.5543122344752192e-15,0.008733399998163804
7278,DI,100,1700,300,165,5.205894801864442e-15,1.9984014443252818e-15,0.0011243000044487417
7279,WMI,100,1700,300,165,5.360208409143132e-15,1.5543122344752192e-15,0.008210500003769994
7280,DI,100,1700,300,166,5.205894801864442e-15,1.9984014443252818e-15,0.0011181999871041626
7281,WMI,100,1700,300,166,5.360208409143132e-15,1.5543122344752192e-15,0.008480200020130724
7282,DI,100,1700,300,167,5.205894801864442e-15,1.9984014443252818e-15,0.0009923000179696828
7283,WMI,100,1700,300,167,5.360208409143132e-15,1.5543122344752192e-15,0.01765789999626577
7284,DI,100,1700,300,168,5.205894801864442e-15,1.9984014443252818e-15,0.001148799987277016
7285,WMI,100,1700,300,168,5.360208409143132e-15,1.5543122344752192e-15,0.00876959998277016
7286,DI,100,1700,300,169,5.205894801864442e-15,1.9984014443252818e-15,0.0011915999930351973
7287,WMI,100,1700,300,169,5.360208409143132e-15,1.5543122344752192e-15,0.007986300013726577
7288,DI,100,1700,300,170,5.205894801864442e-15,1.9984014443252818e-15,0.0009539999882690609
7289,WMI,100,1700,300,170,5.360208409143132e-15,1.5543122344752192e-15,0.00861399999121204
7290,DI,100,1700,300,171,5.205894801864442e-15,1.9984014443252818e-15,0.0008468999876640737
7291,WMI,100,1700,300,171,5.360208409143132e-15,1.5543122344752192e-15,0.008074499986832961
7292,DI,100,1700,300,172,5.205894801864442e-15,1.9984014443252818e-15,0.0010810999956447631
7293,WMI,100,1700,300,172,5.360208409143132e-15,1.5543122344752192e-15,0.008300900022732094
7294,DI,100,1700,300,173,5.205894801864442e-15,1.9984014443252818e-15,0.0010145999840460718
7295,WMI,100,1700,300,173,5.360208409143132e-15,1.5543122344752192e-15,0.00833539999439381
7296,DI,100,1700,300,174,5.205894801864442e-15,1.9984014443252818e-15,0.0010996000200975686
7297,WMI,100,1700,300,174,5.360208409143132e-15,1.5543122344752192e-15,0.008276499982457608
7298,DI,100,1700,300,175,5.205894801864442e-15,1.9984014443252818e-15,0.0011483000125735998
7299,WMI,100,1700,300,175,5.360208409143132e-15,1.5543122344752192e-15,0.008511499996529892
7300,DI,100,1700,300,176,5.205894801864442e-15,1.9984014443252818e-15,0.0008796000038273633
7301,WMI,100,1700,300,176,5.360208409143132e-15,1.5543122344752192e-15,0.007912299974123016
7302,DI,100,1700,300,177,5.205894801864442e-15,1.9984014443252818e-15,0.0011652999965008348
7303,WMI,100,1700,300,177,5.360208409143132e-15,1.5543122344752192e-15,0.008159499993780628
7304,DI,100,1700,300,178,5.205894801864442e-15,1.9984014443252818e-15,0.001207799999974668
7305,WMI,100,1700,300,178,5.360208409143132e-15,1.5543122344752192e-15,0.008783099998254329
7306,DI,100,1700,300,179,5.205894801864442e-15,1.9984014443252818e-15,0.0010874000145122409
7307,WMI,100,1700,300,179,5.360208409143132e-15,1.5543122344752192e-15,0.008039600012125447
7308,DI,100,1700,300,180,5.205894801864442e-15,1.9984014443252818e-15,0.0011550000053830445
7309,WMI,100,1700,300,180,5.360208409143132e-15,1.5543122344752192e-15,0.008654400007799268
7310,DI,100,1700,300,181,5.205894801864442e-15,1.9984014443252818e-15,0.0009544999920763075
7311,WMI,100,1700,300,181,5.360208409143132e-15,1.5543122344752192e-15,0.008618099993327633
7312,DI,100,1700,300,182,5.205894801864442e-15,1.9984014443252818e-15,0.001201399980345741
7313,WMI,100,1700,300,182,5.360208409143132e-15,1.5543122344752192e-15,0.010051999997813255
7314,DI,100,1700,300,183,5.205894801864442e-15,1.9984014443252818e-15,0.0012454000243451446
7315,WMI,100,1700,300,183,5.360208409143132e-15,1.5543122344752192e-15,0.010956699989037588
7316,DI,100,1700,300,184,5.205894801864442e-15,1.9984014443252818e-15,0.0011610999936237931
7317,WMI,100,1700,300,184,5.360208409143132e-15,1.5543122344752192e-15,0.009337399998912588
7318,DI,100,1700,300,185,5.205894801864442e-15,1.9984014443252818e-15,0.0010888999968301505
7319,WMI,100,1700,300,185,5.360208409143132e-15,1.5543122344752192e-15,0.008297099993797019
7320,DI,100,1700,300,186,5.205894801864442e-15,1.9984014443252818e-15,0.001363799994578585
7321,WMI,100,1700,300,186,5.360208409143132e-15,1.5543122344752192e-15,0.009050199994817376
7322,DI,100,1700,300,187,5.205894801864442e-15,1.9984014443252818e-15,0.0008536999812349677
7323,WMI,100,1700,300,187,5.360208409143132e-15,1.5543122344752192e-15,0.008610699995188043
7324,DI,100,1700,300,188,5.205894801864442e-15,1.9984014443252818e-15,0.000888100010342896
7325,WMI,100,1700,300,188,5.360208409143132e-15,1.5543122344752192e-15,0.008992799994302914
7326,DI,100,1700,300,189,5.205894801864442e-15,1.9984014443252818e-15,0.0012148000241722912
7327,WMI,100,1700,300,189,5.360208409143132e-15,1.5543122344752192e-15,0.009392699983436614
7328,DI,100,1700,300,190,5.205894801864442e-15,1.9984014443252818e-15,0.0008642999746371061
7329,WMI,100,1700,300,190,5.360208409143132e-15,1.5543122344752192e-15,0.008492100023431703
7330,DI,100,1700,300,191,5.205894801864442e-15,1.9984014443252818e-15,0.0010899000044446439
7331,WMI,100,1700,300,191,5.360208409143132e-15,1.5543122344752192e-15,0.008205899997847155
7332,DI,100,1700,300,192,5.205894801864442e-15,1.9984014443252818e-15,0.0009519000013824552
7333,WMI,100,1700,300,192,5.360208409143132e-15,1.5543122344752192e-15,0.009076000016648322
7334,DI,100,1700,300,193,5.205894801864442e-15,1.9984014443252818e-15,0.0011103999859187752
7335,WMI,100,1700,300,193,5.360208409143132e-15,1.5543122344752192e-15,0.00841120001859963
7336,DI,100,1700,300,194,5.205894801864442e-15,1.9984014443252818e-15,0.0012403999862726778
7337,WMI,100,1700,300,194,5.360208409143132e-15,1.5543122344752192e-15,0.00861409999197349
7338,DI,100,1700,300,195,5.205894801864442e-15,1.9984014443252818e-15,0.0011252000113017857
7339,WMI,100,1700,300,195,5.360208409143132e-15,1.5543122344752192e-15,0.008421200007433072
7340,DI,100,1700,300,196,5.205894801864442e-15,1.9984014443252818e-15,0.0011654999980237335
7341,WMI,100,1700,300,196,5.360208409143132e-15,1.5543122344752192e-15,0.008712400012882426
7342,DI,100,1700,300,197,5.205894801864442e-15,1.9984014443252818e-15,0.0010646000155247748
7343,WMI,100,1700,300,197,5.360208409143132e-15,1.5543122344752192e-15,0.009536500001559034
7344,DI,100,1700,300,198,5.205894801864442e-15,1.9984014443252818e-15,0.0011402000091038644
7345,WMI,100,1700,300,198,5.360208409143132e-15,1.5543122344752192e-15,0.00873570001567714
7346,DI,100,1700,300,199,5.205894801864442e-15,1.9984014443252818e-15,0.000877300015417859
7347,WMI,100,1700,300,199,5.360208409143132e-15,1.5543122344752192e-15,0.008080799976596609
7348,DI,100,1700,300,200,5.205894801864442e-15,1.9984014443252818e-15,0.0011701000039465725
7349,WMI,100,1700,300,200,5.360208409143132e-15,1.5543122344752192e-15,0.008528800011845306
7350,DI,100,1600,400,1,5.440337408304612e-15,1.9984014443252818e-15,0.002225700009148568
7351,WMI,100,1600,400,1,5.262328837065968e-15,1.5543122344752192e-15,0.01721160000306554
7352,ISM,100,1600,400,1,3.083263127286767,0.35776646772583653,0.011791800003265962
7353,DI,100,1600,400,2,5.440337408304612e-15,1.9984014443252818e-15,0.001117300009354949
7354,WMI,100,1600,400,2,5.262328837065968e-15,1.5543122344752192e-15,0.011804100009612739
7355,ISM,100,1600,400,2,3.083263127286767,0.35776646772583653,0.009217299986630678
7356,DI,100,1600,400,3,5.440337408304612e-15,1.9984014443252818e-15,0.0008219000010285527
7357,WMI,100,1600,400,3,5.262328837065968e-15,1.5543122344752192e-15,0.012386999995214865
7358,ISM,100,1600,400,3,3.083263127286767,0.35776646772583653,0.013281399995321408
7359,DI,100,1600,400,4,5.440337408304612e-15,1.9984014443252818e-15,0.001277699979254976
7360,WMI,100,1600,400,4,5.262328837065968e-15,1.5543122344752192e-15,0.015272599994204938
7361,ISM,100,1600,400,4,3.083263127286767,0.35776646772583653,0.00986600000760518
7362,DI,100,1600,400,5,5.440337408304612e-15,1.9984014443252818e-15,0.0012274000036995858
7363,WMI,100,1600,400,5,5.262328837065968e-15,1.5543122344752192e-15,0.013063800026429817
7364,ISM,100,1600,400,5,3.083263127286767,0.35776646772583653,0.009603099984815344
7365,DI,100,1600,400,6,5.440337408304612e-15,1.9984014443252818e-15,0.0020732000120915473
7366,WMI,100,1600,400,6,5.262328837065968e-15,1.5543122344752192e-15,0.013625499996123835
7367,ISM,100,1600,400,6,3.083263127286767,0.35776646772583653,0.014225899998564273
7368,DI,100,1600,400,7,5.440337408304612e-15,1.9984014443252818e-15,0.0014688000082969666
7369,WMI,100,1600,400,7,5.262328837065968e-15,1.5543122344752192e-15,0.01331960002426058
7370,ISM,100,1600,400,7,3.083263127286767,0.35776646772583653,0.018051499995635822
7371,DI,100,1600,400,8,5.440337408304612e-15,1.9984014443252818e-15,0.0015087000210769475
7372,WMI,100,1600,400,8,5.262328837065968e-15,1.5543122344752192e-15,0.013708899990888312
7373,ISM,100,1600,400,8,3.083263127286767,0.35776646772583653,0.008991500013507903
7374,DI,100,1600,400,9,5.440337408304612e-15,1.9984014443252818e-15,0.0011969000042881817
7375,WMI,100,1600,400,9,5.262328837065968e-15,1.5543122344752192e-15,0.012207299994770437
7376,ISM,100,1600,400,9,3.083263127286767,0.35776646772583653,0.009587300010025501
7377,DI,100,1600,400,10,5.440337408304612e-15,1.9984014443252818e-15,0.001520699996035546
7378,WMI,100,1600,400,10,5.262328837065968e-15,1.5543122344752192e-15,0.014071299985516816
7379,ISM,100,1600,400,10,3.083263127286767,0.35776646772583653,0.009740300010889769
7380,DI,100,1600,400,11,5.440337408304612e-15,1.9984014443252818e-15,0.0014331999991554767
7381,WMI,100,1600,400,11,5.262328837065968e-15,1.5543122344752192e-15,0.01161720001255162
7382,ISM,100,1600,400,11,3.083263127286767,0.35776646772583653,0.01706669997656718
7383,DI,100,1600,400,12,5.440337408304612e-15,1.9984014443252818e-15,0.0016807000210974365
7384,WMI,100,1600,400,12,5.262328837065968e-15,1.5543122344752192e-15,0.013547100010327995
7385,ISM,100,1600,400,12,3.083263127286767,0.35776646772583653,0.0093607000017073
7386,DI,100,1600,400,13,5.440337408304612e-15,1.9984014443252818e-15,0.0013629000168293715
7387,WMI,100,1600,400,13,5.262328837065968e-15,1.5543122344752192e-15,0.013297099998453632
7388,ISM,100,1600,400,13,3.083263127286767,0.35776646772583653,0.01790210002218373
7389,DI,100,1600,400,14,5.440337408304612e-15,1.9984014443252818e-15,0.0014070000033825636
7390,WMI,100,1600,400,14,5.262328837065968e-15,1.5543122344752192e-15,0.01643379998859018
7391,ISM,100,1600,400,14,3.083263127286767,0.35776646772583653,0.019154999987222254
7392,DI,100,1600,400,15,5.440337408304612e-15,1.9984014443252818e-15,0.0015903000021353364
7393,WMI,100,1600,400,15,5.262328837065968e-15,1.5543122344752192e-15,0.014417900005355477
7394,ISM,100,1600,400,15,3.083263127286767,0.35776646772583653,0.009372200001962483
7395,DI,100,1600,400,16,5.440337408304612e-15,1.9984014443252818e-15,0.001140199980000034
7396,WMI,100,1600,400,16,5.262328837065968e-15,1.5543122344752192e-15,0.010668200004147366
7397,ISM,100,1600,400,16,3.083263127286767,0.35776646772583653,0.008950199990067631
7398,DI,100,1600,400,17,5.440337408304612e-15,1.9984014443252818e-15,0.0009714000043459237
7399,WMI,100,1600,400,17,5.262328837065968e-15,1.5543122344752192e-15,0.013006699999095872
7400,ISM,100,1600,400,17,3.083263127286767,0.35776646772583653,0.010933400015346706
7401,DI,100,1600,400,18,5.440337408304612e-15,1.9984014443252818e-15,0.00118530000327155
7402,WMI,100,1600,400,18,5.262328837065968e-15,1.5543122344752192e-15,0.011079999996582046
7403,ISM,100,1600,400,18,3.083263127286767,0.35776646772583653,0.009845100023085251
7404,DI,100,1600,400,19,5.440337408304612e-15,1.9984014443252818e-15,0.0012852999789174646
7405,WMI,100,1600,400,19,5.262328837065968e-15,1.5543122344752192e-15,0.0111505999811925
7406,ISM,100,1600,400,19,3.083263127286767,0.35776646772583653,0.009130599995842203
7407,DI,100,1600,400,20,5.440337408304612e-15,1.9984014443252818e-15,0.0011104000150226057
7408,WMI,100,1600,400,20,5.262328837065968e-15,1.5543122344752192e-15,0.009555600001476705
7409,ISM,100,1600,400,20,3.083263127286767,0.35776646772583653,0.011088200000813231
7410,DI,100,1600,400,21,5.440337408304612e-15,1.9984014443252818e-15,0.0013231000048108399
7411,WMI,100,1600,400,21,5.262328837065968e-15,1.5543122344752192e-15,0.013405900012003258
7412,ISM,100,1600,400,21,3.083263127286767,0.35776646772583653,0.01336849998915568
7413,DI,100,1600,400,22,5.440337408304612e-15,1.9984014443252818e-15,0.0016374999831896275
7414,WMI,100,1600,400,22,5.262328837065968e-15,1.5543122344752192e-15,0.014903900009812787
7415,ISM,100,1600,400,22,3.083263127286767,0.35776646772583653,0.018745600013062358
7416,DI,100,1600,400,23,5.440337408304612e-15,1.9984014443252818e-15,0.0017445000121369958
7417,WMI,100,1600,400,23,5.262328837065968e-15,1.5543122344752192e-15,0.021032600023318082
7418,ISM,100,1600,400,23,3.083263127286767,0.35776646772583653,0.00914440001361072
7419,DI,100,1600,400,24,5.440337408304612e-15,1.9984014443252818e-15,0.0014716000005137175
7420,WMI,100,1600,400,24,5.262328837065968e-15,1.5543122344752192e-15,0.014593300002161413
7421,ISM,100,1600,400,24,3.083263127286767,0.35776646772583653,0.020057600020663813
7422,DI,100,1600,400,25,5.440337408304612e-15,1.9984014443252818e-15,0.0023193000233732164
7423,WMI,100,1600,400,25,5.262328837065968e-15,1.5543122344752192e-15,0.01616560001275502
7424,ISM,100,1600,400,25,3.083263127286767,0.35776646772583653,0.022590499982470647
7425,DI,100,1600,400,26,5.440337408304612e-15,1.9984014443252818e-15,0.0020730000105686486
7426,WMI,100,1600,400,26,5.262328837065968e-15,1.5543122344752192e-15,0.016360300011001527
7427,ISM,100,1600,400,26,3.083263127286767,0.35776646772583653,0.008704200008651242
7428,DI,100,1600,400,27,5.440337408304612e-15,1.9984014443252818e-15,0.0011808999988716096
7429,WMI,100,1600,400,27,5.262328837065968e-15,1.5543122344752192e-15,0.01397890000953339
7430,ISM,100,1600,400,27,3.083263127286767,0.35776646772583653,0.014593600004445761
7431,DI,100,1600,400,28,5.440337408304612e-15,1.9984014443252818e-15,0.0015497999847866595
7432,WMI,100,1600,400,28,5.262328837065968e-15,1.5543122344752192e-15,0.01349589999881573
7433,ISM,100,1600,400,28,3.083263127286767,0.35776646772583653,0.010375499987276271
7434,DI,100,1600,400,29,5.440337408304612e-15,1.9984014443252818e-15,0.0013552999880630523
7435,WMI,100,1600,400,29,5.262328837065968e-15,1.5543122344752192e-15,0.010772000008728355
7436,ISM,100,1600,400,29,3.083263127286767,0.35776646772583653,0.0191214999940712
7437,DI,100,1600,400,30,5.440337408304612e-15,1.9984014443252818e-15,0.0018834999937098473
7438,WMI,100,1600,400,30,5.262328837065968e-15,1.5543122344752192e-15,0.013640599994687364
7439,ISM,100,1600,400,30,3.083263127286767,0.35776646772583653,0.011767899995902553
7440,DI,100,1600,400,31,5.440337408304612e-15,1.9984014443252818e-15,0.0015392999921459705
7441,WMI,100,1600,400,31,5.262328837065968e-15,1.5543122344752192e-15,0.013577300007455051
7442,ISM,100,1600,400,31,3.083263127286767,0.35776646772583653,0.009342000004835427
7443,DI,100,1600,400,32,5.440337408304612e-15,1.9984014443252818e-15,0.0014104000001680106
7444,WMI,100,1600,400,32,5.262328837065968e-15,1.5543122344752192e-15,0.012244400015333667
7445,ISM,100,1600,400,32,3.083263127286767,0.35776646772583653,0.015851100004510954
7446,DI,100,1600,400,33,5.440337408304612e-15,1.9984014443252818e-15,0.0014057999942451715
7447,WMI,100,1600,400,33,5.262328837065968e-15,1.5543122344752192e-15,0.013605899992398918
7448,ISM,100,1600,400,33,3.083263127286767,0.35776646772583653,0.019026399997528642
7449,DI,100,1600,400,34,5.440337408304612e-15,1.9984014443252818e-15,0.0017723999917507172
7450,WMI,100,1600,400,34,5.262328837065968e-15,1.5543122344752192e-15,0.014698799990583211
7451,ISM,100,1600,400,34,3.083263127286767,0.35776646772583653,0.017728200007695705
7452,DI,100,1600,400,35,5.440337408304612e-15,1.9984014443252818e-15,0.0017585000023245811
7453,WMI,100,1600,400,35,5.262328837065968e-15,1.5543122344752192e-15,0.019531600002665073
7454,ISM,100,1600,400,35,3.083263127286767,0.35776646772583653,0.009760999993886799
7455,DI,100,1600,400,36,5.440337408304612e-15,1.9984014443252818e-15,0.0010146000131499022
7456,WMI,100,1600,400,36,5.262328837065968e-15,1.5543122344752192e-15,0.011691599996993318
7457,ISM,100,1600,400,36,3.083263127286767,0.35776646772583653,0.009321399993496016
7458,DI,100,1600,400,37,5.440337408304612e-15,1.9984014443252818e-15,0.0012303999974392354
7459,WMI,100,1600,400,37,5.262328837065968e-15,1.5543122344752192e-15,0.011936199996853247
7460,ISM,100,1600,400,37,3.083263127286767,0.35776646772583653,0.01558639999711886
7461,DI,100,1600,400,38,5.440337408304612e-15,1.9984014443252818e-15,0.0014583000156562775
7462,WMI,100,1600,400,38,5.262328837065968e-15,1.5543122344752192e-15,0.016107700008433312
7463,ISM,100,1600,400,38,3.083263127286767,0.35776646772583653,0.02374420000705868
7464,DI,100,1600,400,39,5.440337408304612e-15,1.9984014443252818e-15,0.0015297000063583255
7465,WMI,100,1600,400,39,5.262328837065968e-15,1.5543122344752192e-15,0.012196800002129748
7466,ISM,100,1600,400,39,3.083263127286767,0.35776646772583653,0.013554900011513382
7467,DI,100,1600,400,40,5.440337408304612e-15,1.9984014443252818e-15,0.0014515999937430024
7468,WMI,100,1600,400,40,5.262328837065968e-15,1.5543122344752192e-15,0.012318599998252466
7469,ISM,100,1600,400,40,3.083263127286767,0.35776646772583653,0.017219699977431446
7470,DI,100,1600,400,41,5.440337408304612e-15,1.9984014443252818e-15,0.0015996999864000827
7471,WMI,100,1600,400,41,5.262328837065968e-15,1.5543122344752192e-15,0.014899800007697195
7472,ISM,100,1600,400,41,3.083263127286767,0.35776646772583653,0.01587969998945482
7473,DI,100,1600,400,42,5.440337408304612e-15,1.9984014443252818e-15,0.00187419998110272
7474,WMI,100,1600,400,42,5.262328837065968e-15,1.5543122344752192e-15,0.01754820000496693
7475,ISM,100,1600,400,42,3.083263127286767,0.35776646772583653,0.00968380001722835
7476,DI,100,1600,400,43,5.440337408304612e-15,1.9984014443252818e-15,0.0020164999878033996
7477,WMI,100,1600,400,43,5.262328837065968e-15,1.5543122344752192e-15,0.01359810002031736
7478,ISM,100,1600,400,43,3.083263127286767,0.35776646772583653,0.008379399980185553
7479,DI,100,1600,400,44,5.440337408304612e-15,1.9984014443252818e-15,0.0011823999811895192
7480,WMI,100,1600,400,44,5.262328837065968e-15,1.5543122344752192e-15,0.013848200003849342
7481,ISM,100,1600,400,44,3.083263127286767,0.35776646772583653,0.01785800000652671
7482,DI,100,1600,400,45,5.440337408304612e-15,1.9984014443252818e-15,0.0015287999995052814
7483,WMI,100,1600,400,45,5.262328837065968e-15,1.5543122344752192e-15,0.014300200011348352
7484,ISM,100,1600,400,45,3.083263127286767,0.35776646772583653,0.016926999989664182
7485,DI,100,1600,400,46,5.440337408304612e-15,1.9984014443252818e-15,0.001984200003789738
7486,WMI,100,1600,400,46,5.262328837065968e-15,1.5543122344752192e-15,0.01677340001333505
7487,ISM,100,1600,400,46,3.083263127286767,0.35776646772583653,0.016171200026292354
7488,DI,100,1600,400,47,5.440337408304612e-15,1.9984014443252818e-15,0.001601299998583272
7489,WMI,100,1600,400,47,5.262328837065968e-15,1.5543122344752192e-15,0.012745500018354505
7490,ISM,100,1600,400,47,3.083263127286767,0.35776646772583653,0.010342499997932464
7491,DI,100,1600,400,48,5.440337408304612e-15,1.9984014443252818e-15,0.0016340000147465616
7492,WMI,100,1600,400,48,5.262328837065968e-15,1.5543122344752192e-15,0.01138180002453737
7493,ISM,100,1600,400,48,3.083263127286767,0.35776646772583653,0.008072299999184906
7494,DI,100,1600,400,49,5.440337408304612e-15,1.9984014443252818e-15,0.00118530000327155
7495,WMI,100,1600,400,49,5.262328837065968e-15,1.5543122344752192e-15,0.011097999988123775
7496,ISM,100,1600,400,49,3.083263127286767,0.35776646772583653,0.008009899989701807
7497,DI,100,1600,400,50,5.440337408304612e-15,1.9984014443252818e-15,0.0011625999759417027
7498,WMI,100,1600,400,50,5.262328837065968e-15,1.5543122344752192e-15,0.011154300009366125
7499,ISM,100,1600,400,50,3.083263127286767,0.35776646772583653,0.008054600009927526
7500,DI,100,1600,400,51,5.440337408304612e-15,1.9984014443252818e-15,0.0010642999841365963
7501,WMI,100,1600,400,51,5.262328837065968e-15,1.5543122344752192e-15,0.011776800005463883
7502,DI,100,1600,400,52,5.440337408304612e-15,1.9984014443252818e-15,0.0013276999816298485
7503,WMI,100,1600,400,52,5.262328837065968e-15,1.5543122344752192e-15,0.011371600005077198
7504,DI,100,1600,400,53,5.440337408304612e-15,1.9984014443252818e-15,0.0009092999971471727
7505,WMI,100,1600,400,53,5.262328837065968e-15,1.5543122344752192e-15,0.010832800006028265
7506,DI,100,1600,400,54,5.440337408304612e-15,1.9984014443252818e-15,0.0010511000000406057
7507,WMI,100,1600,400,54,5.262328837065968e-15,1.5543122344752192e-15,0.010479599994141608
7508,DI,100,1600,400,55,5.440337408304612e-15,1.9984014443252818e-15,0.0008610000077169389
7509,WMI,100,1600,400,55,5.262328837065968e-15,1.5543122344752192e-15,0.010238499991828576
7510,DI,100,1600,400,56,5.440337408304612e-15,1.9984014443252818e-15,0.0009626999963074923
7511,WMI,100,1600,400,56,5.262328837065968e-15,1.5543122344752192e-15,0.0100467000156641
7512,DI,100,1600,400,57,5.440337408304612e-15,1.9984014443252818e-15,0.0008549999911338091
7513,WMI,100,1600,400,57,5.262328837065968e-15,1.5543122344752192e-15,0.010812499996973202
7514,DI,100,1600,400,58,5.440337408304612e-15,1.9984014443252818e-15,0.0007333999965339899
7515,WMI,100,1600,400,58,5.262328837065968e-15,1.5543122344752192e-15,0.010862299997825176
7516,DI,100,1600,400,59,5.440337408304612e-15,1.9984014443252818e-15,0.0013854999851901084
7517,WMI,100,1600,400,59,5.262328837065968e-15,1.5543122344752192e-15,0.009858100005658343
7518,DI,100,1600,400,60,5.440337408304612e-15,1.9984014443252818e-15,0.0009234999888576567
7519,WMI,100,1600,400,60,5.262328837065968e-15,1.5543122344752192e-15,0.009824199980357662
7520,DI,100,1600,400,61,5.440337408304612e-15,1.9984014443252818e-15,0.00104010000359267
7521,WMI,100,1600,400,61,5.262328837065968e-15,1.5543122344752192e-15,0.011268700007349253
7522,DI,100,1600,400,62,5.440337408304612e-15,1.9984014443252818e-15,0.0010353999969083816
7523,WMI,100,1600,400,62,5.262328837065968e-15,1.5543122344752192e-15,0.010233699984382838
7524,DI,100,1600,400,63,5.440337408304612e-15,1.9984014443252818e-15,0.0008143999730236828
7525,WMI,100,1600,400,63,5.262328837065968e-15,1.5543122344752192e-15,0.009736900014104322
7526,DI,100,1600,400,64,5.440337408304612e-15,1.9984014443252818e-15,0.0010922000219579786
7527,WMI,100,1600,400,64,5.262328837065968e-15,1.5543122344752192e-15,0.010116899997228757
7528,DI,100,1600,400,65,5.440337408304612e-15,1.9984014443252818e-15,0.0008471999899484217
7529,WMI,100,1600,400,65,5.262328837065968e-15,1.5543122344752192e-15,0.00923490000423044
7530,DI,100,1600,400,66,5.440337408304612e-15,1.9984014443252818e-15,0.0010188999876845628
7531,WMI,100,1600,400,66,5.262328837065968e-15,1.5543122344752192e-15,0.01072970000677742
7532,DI,100,1600,400,67,5.440337408304612e-15,1.9984014443252818e-15,0.0010395999997854233
7533,WMI,100,1600,400,67,5.262328837065968e-15,1.5543122344752192e-15,0.010001400019973516
7534,DI,100,1600,400,68,5.440337408304612e-15,1.9984014443252818e-15,0.0007995999767445028
7535,WMI,100,1600,400,68,5.262328837065968e-15,1.5543122344752192e-15,0.010716000018874183
7536,DI,100,1600,400,69,5.440337408304612e-15,1.9984014443252818e-15,0.0010516000038478523
7537,WMI,100,1600,400,69,5.262328837065968e-15,1.5543122344752192e-15,0.009643299999879673
7538,DI,100,1600,400,70,5.440337408304612e-15,1.9984014443252818e-15,0.0008111000061035156
7539,WMI,100,1600,400,70,5.262328837065968e-15,1.5543122344752192e-15,0.013553500000853091
7540,DI,100,1600,400,71,5.440337408304612e-15,1.9984014443252818e-15,0.0008585000177845359
7541,WMI,100,1600,400,71,5.262328837065968e-15,1.5543122344752192e-15,0.00958020001417026
7542,DI,100,1600,400,72,5.440337408304612e-15,1.9984014443252818e-15,0.0008344000088982284
7543,WMI,100,1600,400,72,5.262328837065968e-15,1.5543122344752192e-15,0.009356700000353158
7544,DI,100,1600,400,73,5.440337408304612e-15,1.9984014443252818e-15,0.001217999990331009
7545,WMI,100,1600,400,73,5.262328837065968e-15,1.5543122344752192e-15,0.009575100004440174
7546,DI,100,1600,400,74,5.440337408304612e-15,1.9984014443252818e-15,0.0009103000047616661
7547,WMI,100,1600,400,74,5.262328837065968e-15,1.5543122344752192e-15,0.009993800020311028
7548,DI,100,1600,400,75,5.440337408304612e-15,1.9984014443252818e-15,0.0008512999920640141
7549,WMI,100,1600,400,75,5.262328837065968e-15,1.5543122344752192e-15,0.010064100002637133
7550,DI,100,1600,400,76,5.440337408304612e-15,1.9984014443252818e-15,0.0008407999994233251
7551,WMI,100,1600,400,76,5.262328837065968e-15,1.5543122344752192e-15,0.009831299976212904
7552,DI,100,1600,400,77,5.440337408304612e-15,1.9984014443252818e-15,0.0011468000011518598
7553,WMI,100,1600,400,77,5.262328837065968e-15,1.5543122344752192e-15,0.010699600010411814
7554,DI,100,1600,400,78,5.440337408304612e-15,1.9984014443252818e-15,0.0008614000107627362
7555,WMI,100,1600,400,78,5.262328837065968e-15,1.5543122344752192e-15,0.010575899999821559
7556,DI,100,1600,400,79,5.440337408304612e-15,1.9984014443252818e-15,0.0010689000191632658
7557,WMI,100,1600,400,79,5.262328837065968e-15,1.5543122344752192e-15,0.009695900022052228
7558,DI,100,1600,400,80,5.440337408304612e-15,1.9984014443252818e-15,0.0009873000090010464
7559,WMI,100,1600,400,80,5.262328837065968e-15,1.5543122344752192e-15,0.010209499974735081
7560,DI,100,1600,400,81,5.440337408304612e-15,1.9984014443252818e-15,0.0011149000201839954
7561,WMI,100,1600,400,81,5.262328837065968e-15,1.5543122344752192e-15,0.010170199995627627
7562,DI,100,1600,400,82,5.440337408304612e-15,1.9984014443252818e-15,0.0010658999963197857
7563,WMI,100,1600,400,82,5.262328837065968e-15,1.5543122344752192e-15,0.010015300009399652
7564,DI,100,1600,400,83,5.440337408304612e-15,1.9984014443252818e-15,0.0009465999901294708
7565,WMI,100,1600,400,83,5.262328837065968e-15,1.5543122344752192e-15,0.009851999988313764
7566,DI,100,1600,400,84,5.440337408304612e-15,1.9984014443252818e-15,0.0011823000095319003
7567,WMI,100,1600,400,84,5.262328837065968e-15,1.5543122344752192e-15,0.01011210001888685
7568,DI,100,1600,400,85,5.440337408304612e-15,1.9984014443252818e-15,0.0009025000035762787
7569,WMI,100,1600,400,85,5.262328837065968e-15,1.5543122344752192e-15,0.010206200007814914
7570,DI,100,1600,400,86,5.440337408304612e-15,1.9984014443252818e-15,0.0010568999859970063
7571,WMI,100,1600,400,86,5.262328837065968e-15,1.5543122344752192e-15,0.010432500013848767
7572,DI,100,1600,400,87,5.440337408304612e-15,1.9984014443252818e-15,0.0010433999996166676
7573,WMI,100,1600,400,87,5.262328837065968e-15,1.5543122344752192e-15,0.010942900000372902
7574,DI,100,1600,400,88,5.440337408304612e-15,1.9984014443252818e-15,0.0008662999898660928
7575,WMI,100,1600,400,88,5.262328837065968e-15,1.5543122344752192e-15,0.009893700014799833
7576,DI,100,1600,400,89,5.440337408304612e-15,1.9984014443252818e-15,0.0011061000113841146
7577,WMI,100,1600,400,89,5.262328837065968e-15,1.5543122344752192e-15,0.014095199992880225
7578,DI,100,1600,400,90,5.440337408304612e-15,1.9984014443252818e-15,0.0008671999967191368
7579,WMI,100,1600,400,90,5.262328837065968e-15,1.5543122344752192e-15,0.010144200001377612
7580,DI,100,1600,400,91,5.440337408304612e-15,1.9984014443252818e-15,0.0009389999904669821
7581,WMI,100,1600,400,91,5.262328837065968e-15,1.5543122344752192e-15,0.009779199986951426
7582,DI,100,1600,400,92,5.440337408304612e-15,1.9984014443252818e-15,0.0008726999803911895
7583,WMI,100,1600,400,92,5.262328837065968e-15,1.5543122344752192e-15,0.010561200004303828
7584,DI,100,1600,400,93,5.440337408304612e-15,1.9984014443252818e-15,0.0008691000111866742
7585,WMI,100,1600,400,93,5.262328837065968e-15,1.5543122344752192e-15,0.01016370000434108
7586,DI,100,1600,400,94,5.440337408304612e-15,1.9984014443252818e-15,0.0008565000025555491
7587,WMI,100,1600,400,94,5.262328837065968e-15,1.5543122344752192e-15,0.010367699986090884
7588,DI,100,1600,400,95,5.440337408304612e-15,1.9984014443252818e-15,0.0010147999855689704
7589,WMI,100,1600,400,95,5.262328837065968e-15,1.5543122344752192e-15,0.010871000005863607
7590,DI,100,1600,400,96,5.440337408304612e-15,1.9984014443252818e-15,0.0010705000022426248
7591,WMI,100,1600,400,96,5.262328837065968e-15,1.5543122344752192e-15,0.012128100002883002
7592,DI,100,1600,400,97,5.440337408304612e-15,1.9984014443252818e-15,0.0008499000105075538
7593,WMI,100,1600,400,97,5.262328837065968e-15,1.5543122344752192e-15,0.010140900005353615
7594,DI,100,1600,400,98,5.440337408304612e-15,1.9984014443252818e-15,0.0010981000086758286
7595,WMI,100,1600,400,98,5.262328837065968e-15,1.5543122344752192e-15,0.010029800003394485
7596,DI,100,1600,400,99,5.440337408304612e-15,1.9984014443252818e-15,0.0009150999831035733
7597,WMI,100,1600,400,99,5.262328837065968e-15,1.5543122344752192e-15,0.010614600003464147
7598,DI,100,1600,400,100,5.440337408304612e-15,1.9984014443252818e-15,0.0008221000025514513
7599,WMI,100,1600,400,100,5.262328837065968e-15,1.5543122344752192e-15,0.0164902999822516
7600,DI,100,1600,400,101,5.440337408304612e-15,1.9984014443252818e-15,0.0020961999834980816
7601,WMI,100,1600,400,101,5.262328837065968e-15,1.5543122344752192e-15,0.01030009999522008
7602,DI,100,1600,400,102,5.440337408304612e-15,1.9984014443252818e-15,0.0011491999903228134
7603,WMI,100,1600,400,102,5.262328837065968e-15,1.5543122344752192e-15,0.010436099983053282
7604,DI,100,1600,400,103,5.440337408304612e-15,1.9984014443252818e-15,0.0014642000023741275
7605,WMI,100,1600,400,103,5.262328837065968e-15,1.5543122344752192e-15,0.010624000016832724
7606,DI,100,1600,400,104,5.440337408304612e-15,1.9984014443252818e-15,0.0012135999859310687
7607,WMI,100,1600,400,104,5.262328837065968e-15,1.5543122344752192e-15,0.010793699999339879
7608,DI,100,1600,400,105,5.440337408304612e-15,1.9984014443252818e-15,0.0010195999930147082
7609,WMI,100,1600,400,105,5.262328837065968e-15,1.5543122344752192e-15,0.010253499989630654
7610,DI,100,1600,400,106,5.440337408304612e-15,1.9984014443252818e-15,0.0010646999871823937
7611,WMI,100,1600,400,106,5.262328837065968e-15,1.5543122344752192e-15,0.013792399986414239
7612,DI,100,1600,400,107,5.440337408304612e-15,1.9984014443252818e-15,0.0009611999848857522
7613,WMI,100,1600,400,107,5.262328837065968e-15,1.5543122344752192e-15,0.01039189999573864
7614,DI,100,1600,400,108,5.440337408304612e-15,1.9984014443252818e-15,0.0010933000012300909
7615,WMI,100,1600,400,108,5.262328837065968e-15,1.5543122344752192e-15,0.009833700023591518
7616,DI,100,1600,400,109,5.440337408304612e-15,1.9984014443252818e-15,0.0010267999896313995
7617,WMI,100,1600,400,109,5.262328837065968e-15,1.5543122344752192e-15,0.009951300016837195
7618,DI,100,1600,400,110,5.440337408304612e-15,1.9984014443252818e-15,0.0009226000111084431
7619,WMI,100,1600,400,110,5.262328837065968e-15,1.5543122344752192e-15,0.011055500013753772
7620,DI,100,1600,400,111,5.440337408304612e-15,1.9984014443252818e-15,0.0009204999951180071
7621,WMI,100,1600,400,111,5.262328837065968e-15,1.5543122344752192e-15,0.01035489997593686
7622,DI,100,1600,400,112,5.440337408304612e-15,1.9984014443252818e-15,0.0009930000232998282
7623,WMI,100,1600,400,112,5.262328837065968e-15,1.5543122344752192e-15,0.010131400020327419
7624,DI,100,1600,400,113,5.440337408304612e-15,1.9984014443252818e-15,0.0008871000027284026
7625,WMI,100,1600,400,113,5.262328837065968e-15,1.5543122344752192e-15,0.010980299994116649
7626,DI,100,1600,400,114,5.440337408304612e-15,1.9984014443252818e-15,0.0013344000035431236
7627,WMI,100,1600,400,114,5.262328837065968e-15,1.5543122344752192e-15,0.010532100015552714
7628,DI,100,1600,400,115,5.440337408304612e-15,1.9984014443252818e-15,0.0010990999871864915
7629,WMI,100,1600,400,115,5.262328837065968e-15,1.5543122344752192e-15,0.011163199989823624
7630,DI,100,1600,400,116,5.440337408304612e-15,1.9984014443252818e-15,0.0009334000060334802
7631,WMI,100,1600,400,116,5.262328837065968e-15,1.5543122344752192e-15,0.010051599994767457
7632,DI,100,1600,400,117,5.440337408304612e-15,1.9984014443252818e-15,0.0011270999966654927
7633,WMI,100,1600,400,117,5.262328837065968e-15,1.5543122344752192e-15,0.010684499982744455
7634,DI,100,1600,400,118,5.440337408304612e-15,1.9984014443252818e-15,0.0009346000151708722
7635,WMI,100,1600,400,118,5.262328837065968e-15,1.5543122344752192e-15,0.010328499978641048
7636,DI,100,1600,400,119,5.440337408304612e-15,1.9984014443252818e-15,0.0014318000175990164
7637,WMI,100,1600,400,119,5.262328837065968e-15,1.5543122344752192e-15,0.011099600000306964
7638,DI,100,1600,400,120,5.440337408304612e-15,1.9984014443252818e-15,0.0012357999803498387
7639,WMI,100,1600,400,120,5.262328837065968e-15,1.5543122344752192e-15,0.010555199987720698
7640,DI,100,1600,400,121,5.440337408304612e-15,1.9984014443252818e-15,0.0012122999760322273
7641,WMI,100,1600,400,121,5.262328837065968e-15,1.5543122344752192e-15,0.010389300005044788
7642,DI,100,1600,400,122,5.440337408304612e-15,1.9984014443252818e-15,0.0011756999883800745
7643,WMI,100,1600,400,122,5.262328837065968e-15,1.5543122344752192e-15,0.01116689998889342
7644,DI,100,1600,400,123,5.440337408304612e-15,1.9984014443252818e-15,0.0012372999917715788
7645,WMI,100,1600,400,123,5.262328837065968e-15,1.5543122344752192e-15,0.010800199990626425
7646,DI,100,1600,400,124,5.440337408304612e-15,1.9984014443252818e-15,0.001200400001835078
7647,WMI,100,1600,400,124,5.262328837065968e-15,1.5543122344752192e-15,0.0108157999929972
7648,DI,100,1600,400,125,5.440337408304612e-15,1.9984014443252818e-15,0.001185900007840246
7649,WMI,100,1600,400,125,5.262328837065968e-15,1.5543122344752192e-15,0.010848000005353242
7650,DI,100,1600,400,126,5.440337408304612e-15,1.9984014443252818e-15,0.0009446000040043145
7651,WMI,100,1600,400,126,5.262328837065968e-15,1.5543122344752192e-15,0.0104527999938
7652,DI,100,1600,400,127,5.440337408304612e-15,1.9984014443252818e-15,0.0011379000206943601
7653,WMI,100,1600,400,127,5.262328837065968e-15,1.5543122344752192e-15,0.010406999994302168
7654,DI,100,1600,400,128,5.440337408304612e-15,1.9984014443252818e-15,0.0011212000099476427
7655,WMI,100,1600,400,128,5.262328837065968e-15,1.5543122344752192e-15,0.00998889998300001
7656,DI,100,1600,400,129,5.440337408304612e-15,1.9984014443252818e-15,0.0011464999988675117
7657,WMI,100,1600,400,129,5.262328837065968e-15,1.5543122344752192e-15,0.010408100002678111
7658,DI,100,1600,400,130,5.440337408304612e-15,1.9984014443252818e-15,0.0011713999847415835
7659,WMI,100,1600,400,130,5.262328837065968e-15,1.5543122344752192e-15,0.010445499996421859
7660,DI,100,1600,400,131,5.440337408304612e-15,1.9984014443252818e-15,0.0009335000067949295
7661,WMI,100,1600,400,131,5.262328837065968e-15,1.5543122344752192e-15,0.011006000015186146
7662,DI,100,1600,400,132,5.440337408304612e-15,1.9984014443252818e-15,0.0010729999921750277
7663,WMI,100,1600,400,132,5.262328837065968e-15,1.5543122344752192e-15,0.010843099997146055
7664,DI,100,1600,400,133,5.440337408304612e-15,1.9984014443252818e-15,0.0009839000122155994
7665,WMI,100,1600,400,133,5.262328837065968e-15,1.5543122344752192e-15,0.011127800011308864
7666,DI,100,1600,400,134,5.440337408304612e-15,1.9984014443252818e-15,0.0012054000108037144
7667,WMI,100,1600,400,134,5.262328837065968e-15,1.5543122344752192e-15,0.011631800007307902
7668,DI,100,1600,400,135,5.440337408304612e-15,1.9984014443252818e-15,0.0010135000047739595
7669,WMI,100,1600,400,135,5.262328837065968e-15,1.5543122344752192e-15,0.011399599985452369
7670,DI,100,1600,400,136,5.440337408304612e-15,1.9984014443252818e-15,0.0009991999831981957
7671,WMI,100,1600,400,136,5.262328837065968e-15,1.5543122344752192e-15,0.010937000013655052
7672,DI,100,1600,400,137,5.440337408304612e-15,1.9984014443252818e-15,0.0009523000044282526
7673,WMI,100,1600,400,137,5.262328837065968e-15,1.5543122344752192e-15,0.010500399977900088
7674,DI,100,1600,400,138,5.440337408304612e-15,1.9984014443252818e-15,0.0009803000139072537
7675,WMI,100,1600,400,138,5.262328837065968e-15,1.5543122344752192e-15,0.020186099980492145
7676,DI,100,1600,400,139,5.440337408304612e-15,1.9984014443252818e-15,0.001086999982362613
7677,WMI,100,1600,400,139,5.262328837065968e-15,1.5543122344752192e-15,0.01179360001697205
7678,DI,100,1600,400,140,5.440337408304612e-15,1.9984014443252818e-15,0.0010843999916687608
7679,WMI,100,1600,400,140,5.262328837065968e-15,1.5543122344752192e-15,0.013680599979124963
7680,DI,100,1600,400,141,5.440337408304612e-15,1.9984014443252818e-15,0.0011938000097870827
7681,WMI,100,1600,400,141,5.262328837065968e-15,1.5543122344752192e-15,0.010679200000595301
7682,DI,100,1600,400,142,5.440337408304612e-15,1.9984014443252818e-15,0.0010142000101041049
7683,WMI,100,1600,400,142,5.262328837065968e-15,1.5543122344752192e-15,0.01132989997859113
7684,DI,100,1600,400,143,5.440337408304612e-15,1.9984014443252818e-15,0.0010095000034198165
7685,WMI,100,1600,400,143,5.262328837065968e-15,1.5543122344752192e-15,0.010975899989716709
7686,DI,100,1600,400,144,5.440337408304612e-15,1.9984014443252818e-15,0.001069099991582334
7687,WMI,100,1600,400,144,5.262328837065968e-15,1.5543122344752192e-15,0.011220400017919019
7688,DI,100,1600,400,145,5.440337408304612e-15,1.9984014443252818e-15,0.00098230000003241
7689,WMI,100,1600,400,145,5.262328837065968e-15,1.5543122344752192e-15,0.010838700021849945
7690,DI,100,1600,400,146,5.440337408304612e-15,1.9984014443252818e-15,0.001243700011400506
7691,WMI,100,1600,400,146,5.262328837065968e-15,1.5543122344752192e-15,0.010797599999932572
7692,DI,100,1600,400,147,5.440337408304612e-15,1.9984014443252818e-15,0.0009728999866638333
7693,WMI,100,1600,400,147,5.262328837065968e-15,1.5543122344752192e-15,0.010901300003752112
7694,DI,100,1600,400,148,5.440337408304612e-15,1.9984014443252818e-15,0.0013730000064242631
7695,WMI,100,1600,400,148,5.262328837065968e-15,1.5543122344752192e-15,0.010506999999051914
7696,DI,100,1600,400,149,5.440337408304612e-15,1.9984014443252818e-15,0.0010805999918375164
7697,WMI,100,1600,400,149,5.262328837065968e-15,1.5543122344752192e-15,0.010693800024455413
7698,DI,100,1600,400,150,5.440337408304612e-15,1.9984014443252818e-15,0.0010071000142488629
7699,WMI,100,1600,400,150,5.262328837065968e-15,1.5543122344752192e-15,0.01090760002261959
7700,DI,100,1600,400,151,5.440337408304612e-15,1.9984014443252818e-15,0.00127420001081191
7701,WMI,100,1600,400,151,5.262328837065968e-15,1.5543122344752192e-15,0.011739500012481585
7702,DI,100,1600,400,152,5.440337408304612e-15,1.9984014443252818e-15,0.0012974000128451735
7703,WMI,100,1600,400,152,5.262328837065968e-15,1.5543122344752192e-15,0.011398200003895909
7704,DI,100,1600,400,153,5.440337408304612e-15,1.9984014443252818e-15,0.0009766999864950776
7705,WMI,100,1600,400,153,5.262328837065968e-15,1.5543122344752192e-15,0.01095189998159185
7706,DI,100,1600,400,154,5.440337408304612e-15,1.9984014443252818e-15,0.0013608000008389354
7707,WMI,100,1600,400,154,5.262328837065968e-15,1.5543122344752192e-15,0.011722999974153936
7708,DI,100,1600,400,155,5.440337408304612e-15,1.9984014443252818e-15,0.0010098000057041645
7709,WMI,100,1600,400,155,5.262328837065968e-15,1.5543122344752192e-15,0.010566300014033914
7710,DI,100,1600,400,156,5.440337408304612e-15,1.9984014443252818e-15,0.0011541999992914498
7711,WMI,100,1600,400,156,5.262328837065968e-15,1.5543122344752192e-15,0.014597200002754107
7712,DI,100,1600,400,157,5.440337408304612e-15,1.9984014443252818e-15,0.0010012999991886318
7713,WMI,100,1600,400,157,5.262328837065968e-15,1.5543122344752192e-15,0.010966300003929064
7714,DI,100,1600,400,158,5.440337408304612e-15,1.9984014443252818e-15,0.0009338000090792775
7715,WMI,100,1600,400,158,5.262328837065968e-15,1.5543122344752192e-15,0.010786700004246086
7716,DI,100,1600,400,159,5.440337408304612e-15,1.9984014443252818e-15,0.001180999999633059
7717,WMI,100,1600,400,159,5.262328837065968e-15,1.5543122344752192e-15,0.011155800020787865
7718,DI,100,1600,400,160,5.440337408304612e-15,1.9984014443252818e-15,0.0010217000090051442
7719,WMI,100,1600,400,160,5.262328837065968e-15,1.5543122344752192e-15,0.011211100005311891
7720,DI,100,1600,400,161,5.440337408304612e-15,1.9984014443252818e-15,0.0010341000161133707
7721,WMI,100,1600,400,161,5.262328837065968e-15,1.5543122344752192e-15,0.010933000012300909
7722,DI,100,1600,400,162,5.440337408304612e-15,1.9984014443252818e-15,0.0012314999767113477
7723,WMI,100,1600,400,162,5.262328837065968e-15,1.5543122344752192e-15,0.01127049999195151
7724,DI,100,1600,400,163,5.440337408304612e-15,1.9984014443252818e-15,0.0013090000138618052
7725,WMI,100,1600,400,163,5.262328837065968e-15,1.5543122344752192e-15,0.010929399984888732
7726,DI,100,1600,400,164,5.440337408304612e-15,1.9984014443252818e-15,0.0014019000227563083
7727,WMI,100,1600,400,164,5.262328837065968e-15,1.5543122344752192e-15,0.010752500005764887
7728,DI,100,1600,400,165,5.440337408304612e-15,1.9984014443252818e-15,0.001320000010309741
7729,WMI,100,1600,400,165,5.262328837065968e-15,1.5543122344752192e-15,0.011235799989663064
7730,DI,100,1600,400,166,5.440337408304612e-15,1.9984014443252818e-15,0.0014666999923065305
7731,WMI,100,1600,400,166,5.262328837065968e-15,1.5543122344752192e-15,0.01122330001089722
7732,DI,100,1600,400,167,5.440337408304612e-15,1.9984014443252818e-15,0.0009913000103551894
7733,WMI,100,1600,400,167,5.262328837065968e-15,1.5543122344752192e-15,0.011533099983353168
7734,DI,100,1600,400,168,5.440337408304612e-15,1.9984014443252818e-15,0.0014282999909482896
7735,WMI,100,1600,400,168,5.262328837065968e-15,1.5543122344752192e-15,0.010627999989083037
7736,DI,100,1600,400,169,5.440337408304612e-15,1.9984014443252818e-15,0.0013968999846838415
7737,WMI,100,1600,400,169,5.262328837065968e-15,1.5543122344752192e-15,0.010952900018310174
7738,DI,100,1600,400,170,5.440337408304612e-15,1.9984014443252818e-15,0.0011039000237360597
7739,WMI,100,1600,400,170,5.262328837065968e-15,1.5543122344752192e-15,0.01071209998917766
7740,DI,100,1600,400,171,5.440337408304612e-15,1.9984014443252818e-15,0.0013242999848444015
7741,WMI,100,1600,400,171,5.262328837065968e-15,1.5543122344752192e-15,0.011303399980533868
7742,DI,100,1600,400,172,5.440337408304612e-15,1.9984014443252818e-15,0.0012275000044610351
7743,WMI,100,1600,400,172,5.262328837065968e-15,1.5543122344752192e-15,0.010827999998582527
7744,DI,100,1600,400,173,5.440337408304612e-15,1.9984014443252818e-15,0.00104010000359267
7745,WMI,100,1600,400,173,5.262328837065968e-15,1.5543122344752192e-15,0.01212979998672381
7746,DI,100,1600,400,174,5.440337408304612e-15,1.9984014443252818e-15,0.0009948999795597047
7747,WMI,100,1600,400,174,5.262328837065968e-15,1.5543122344752192e-15,0.011342100013280287
7748,DI,100,1600,400,175,5.440337408304612e-15,1.9984014443252818e-15,0.0010026000090874732
7749,WMI,100,1600,400,175,5.262328837065968e-15,1.5543122344752192e-15,0.011656800023047253
7750,DI,100,1600,400,176,5.440337408304612e-15,1.9984014443252818e-15,0.001001099997665733
7751,WMI,100,1600,400,176,5.262328837065968e-15,1.5543122344752192e-15,0.015997899987269193
7752,DI,100,1600,400,177,5.440337408304612e-15,1.9984014443252818e-15,0.0013636999938171357
7753,WMI,100,1600,400,177,5.262328837065968e-15,1.5543122344752192e-15,0.013313500006916001
7754,DI,100,1600,400,178,5.440337408304612e-15,1.9984014443252818e-15,0.0009686000121291727
7755,WMI,100,1600,400,178,5.262328837065968e-15,1.5543122344752192e-15,0.010785000020405278
7756,DI,100,1600,400,179,5.440337408304612e-15,1.9984014443252818e-15,0.0010051999997813255
7757,WMI,100,1600,400,179,5.262328837065968e-15,1.5543122344752192e-15,0.010364399990066886
7758,DI,100,1600,400,180,5.440337408304612e-15,1.9984014443252818e-15,0.001189900009194389
7759,WMI,100,1600,400,180,5.262328837065968e-15,1.5543122344752192e-15,0.010698099998990074
7760,DI,100,1600,400,181,5.440337408304612e-15,1.9984014443252818e-15,0.0012219000200275332
7761,WMI,100,1600,400,181,5.262328837065968e-15,1.5543122344752192e-15,0.011149700003443286
7762,DI,100,1600,400,182,5.440337408304612e-15,1.9984014443252818e-15,0.0009584999934304506
7763,WMI,100,1600,400,182,5.262328837065968e-15,1.5543122344752192e-15,0.011164900002768263
7764,DI,100,1600,400,183,5.440337408304612e-15,1.9984014443252818e-15,0.0009317999938502908
7765,WMI,100,1600,400,183,5.262328837065968e-15,1.5543122344752192e-15,0.011128200014354661
7766,DI,100,1600,400,184,5.440337408304612e-15,1.9984014443252818e-15,0.0010504999954719096
7767,WMI,100,1600,400,184,5.262328837065968e-15,1.5543122344752192e-15,0.01077709998935461
7768,DI,100,1600,400,185,5.440337408304612e-15,1.9984014443252818e-15,0.0012650999997276813
7769,WMI,100,1600,400,185,5.262328837065968e-15,1.5543122344752192e-15,0.011097399983555079
7770,DI,100,1600,400,186,5.440337408304612e-15,1.9984014443252818e-15,0.0012143999920226634
7771,WMI,100,1600,400,186,5.262328837065968e-15,1.5543122344752192e-15,0.011206700000911951
7772,DI,100,1600,400,187,5.440337408304612e-15,1.9984014443252818e-15,0.0009399999980814755
7773,WMI,100,1600,400,187,5.262328837065968e-15,1.5543122344752192e-15,0.011589700006879866
7774,DI,100,1600,400,188,5.440337408304612e-15,1.9984014443252818e-15,0.0009618999902158976
7775,WMI,100,1600,400,188,5.262328837065968e-15,1.5543122344752192e-15,0.010901500005275011
7776,DI,100,1600,400,189,5.440337408304612e-15,1.9984014443252818e-15,0.001073399995220825
7777,WMI,100,1600,400,189,5.262328837065968e-15,1.5543122344752192e-15,0.011072900000726804
7778,DI,100,1600,400,190,5.440337408304612e-15,1.9984014443252818e-15,0.0013715999957639724
7779,WMI,100,1600,400,190,5.262328837065968e-15,1.5543122344752192e-15,0.011117199988802895
7780,DI,100,1600,400,191,5.440337408304612e-15,1.9984014443252818e-15,0.0011953000212088227
7781,WMI,100,1600,400,191,5.262328837065968e-15,1.5543122344752192e-15,0.01116829999955371
7782,DI,100,1600,400,192,5.440337408304612e-15,1.9984014443252818e-15,0.001209300011396408
7783,WMI,100,1600,400,192,5.262328837065968e-15,1.5543122344752192e-15,0.011482199974125251
7784,DI,100,1600,400,193,5.440337408304612e-15,1.9984014443252818e-15,0.0010127999994438142
7785,WMI,100,1600,400,193,5.262328837065968e-15,1.5543122344752192e-15,0.010965999972540885
7786,DI,100,1600,400,194,5.440337408304612e-15,1.9984014443252818e-15,0.0009938000002875924
7787,WMI,100,1600,400,194,5.262328837065968e-15,1.5543122344752192e-15,0.010722600010922179
7788,DI,100,1600,400,195,5.440337408304612e-15,1.9984014443252818e-15,0.0009526000067126006
7789,WMI,100,1600,400,195,5.262328837065968e-15,1.5543122344752192e-15,0.011041900026611984
7790,DI,100,1600,400,196,5.440337408304612e-15,1.9984014443252818e-15,0.0010359000007156283
7791,WMI,100,1600,400,196,5.262328837065968e-15,1.5543122344752192e-15,0.01124980000895448
7792,DI,100,1600,400,197,5.440337408304612e-15,1.9984014443252818e-15,0.0010201999975834042
7793,WMI,100,1600,400,197,5.262328837065968e-15,1.5543122344752192e-15,0.011032899987185374
7794,DI,100,1600,400,198,5.440337408304612e-15,1.9984014443252818e-15,0.0012443999876268208
7795,WMI,100,1600,400,198,5.262328837065968e-15,1.5543122344752192e-15,0.012216300005093217
7796,DI,100,1600,400,199,5.440337408304612e-15,1.9984014443252818e-15,0.0009876000112853944
7797,WMI,100,1600,400,199,5.262328837065968e-15,1.5543122344752192e-15,0.01126759999897331
7798,DI,100,1600,400,200,5.440337408304612e-15,1.9984014443252818e-15,0.0009626999963074923
7799,WMI,100,1600,400,200,5.262328837065968e-15,1.5543122344752192e-15,0.011199200002010912
7800,DI,100,1500,500,1,5.616514966070218e-15,1.9984014443252818e-15,0.0019725000020116568
7801,WMI,100,1500,500,1,5.1671037152694055e-15,1.5543122344752192e-15,0.026943800010485575
7802,ISM,100,1500,500,1,4.0432834997171465,0.4432148428750866,0.015236899984302
7803,DI,100,1500,500,2,5.616514966070218e-15,1.9984014443252818e-15,0.001552300003822893
7804,WMI,100,1500,500,2,5.1671037152694055e-15,1.5543122344752192e-15,0.01867710001533851
7805,ISM,100,1500,500,2,4.0432834997171465,0.4432148428750866,0.015170300001045689
7806,DI,100,1500,500,3,5.616514966070218e-15,1.9984014443252818e-15,0.0013953000016044825
7807,WMI,100,1500,500,3,5.1671037152694055e-15,1.5543122344752192e-15,0.015120399999432266
7808,ISM,100,1500,500,3,4.0432834997171465,0.4432148428750866,0.014643400005297735
7809,DI,100,1500,500,4,5.616514966070218e-15,1.9984014443252818e-15,0.0015375000075437129
7810,WMI,100,1500,500,4,5.1671037152694055e-15,1.5543122344752192e-15,0.01793470000848174
7811,ISM,100,1500,500,4,4.0432834997171465,0.4432148428750866,0.017797700013034046
7812,DI,100,1500,500,5,5.616514966070218e-15,1.9984014443252818e-15,0.0016002999909687787
7813,WMI,100,1500,500,5,5.1671037152694055e-15,1.5543122344752192e-15,0.01850209999247454
7814,ISM,100,1500,500,5,4.0432834997171465,0.4432148428750866,0.023235400003613904
7815,DI,100,1500,500,6,5.616514966070218e-15,1.9984014443252818e-15,0.0015133999986574054
7816,WMI,100,1500,500,6,5.1671037152694055e-15,1.5543122344752192e-15,0.01782649999950081
7817,ISM,100,1500,500,6,4.0432834997171465,0.4432148428750866,0.025795299996389076
7818,DI,100,1500,500,7,5.616514966070218e-15,1.9984014443252818e-15,0.0019213999912608415
7819,WMI,100,1500,500,7,5.1671037152694055e-15,1.5543122344752192e-15,0.0196830999921076
7820,ISM,100,1500,500,7,4.0432834997171465,0.4432148428750866,0.011881099984748289
7821,DI,100,1500,500,8,5.616514966070218e-15,1.9984014443252818e-15,0.001158999977633357
7822,WMI,100,1500,500,8,5.1671037152694055e-15,1.5543122344752192e-15,0.016734300006646663
7823,ISM,100,1500,500,8,4.0432834997171465,0.4432148428750866,0.021745899983216077
7824,DI,100,1500,500,9,5.616514966070218e-15,1.9984014443252818e-15,0.0014574000088032335
7825,WMI,100,1500,500,9,5.1671037152694055e-15,1.5543122344752192e-15,0.01571849998435937
7826,ISM,100,1500,500,9,4.0432834997171465,0.4432148428750866,0.011819799983641133
7827,DI,100,1500,500,10,5.616514966070218e-15,1.9984014443252818e-15,0.0009541999897919595
7828,WMI,100,1500,500,10,5.1671037152694055e-15,1.5543122344752192e-15,0.015003299980890006
7829,ISM,100,1500,500,10,4.0432834997171465,0.4432148428750866,0.012176899996120483
7830,DI,100,1500,500,11,5.616514966070218e-15,1.9984014443252818e-15,0.0008870000019669533
7831,WMI,100,1500,500,11,5.1671037152694055e-15,1.5543122344752192e-15,0.01680760001181625
7832,ISM,100,1500,500,11,4.0432834997171465,0.4432148428750866,0.011608700006036088
7833,DI,100,1500,500,12,5.616514966070218e-15,1.9984014443252818e-15,0.0009251000010408461
7834,WMI,100,1500,500,12,5.1671037152694055e-15,1.5543122344752192e-15,0.017624300002353266
7835,ISM,100,1500,500,12,4.0432834997171465,0.4432148428750866,0.011381499993149191
7836,DI,100,1500,500,13,5.616514966070218e-15,1.9984014443252818e-15,0.001649200014071539
7837,WMI,100,1500,500,13,5.1671037152694055e-15,1.5543122344752192e-15,0.01698810001835227
7838,ISM,100,1500,500,13,4.0432834997171465,0.4432148428750866,0.011807100003352389
7839,DI,100,1500,500,14,5.616514966070218e-15,1.9984014443252818e-15,0.0014313999854493886
7840,WMI,100,1500,500,14,5.1671037152694055e-15,1.5543122344752192e-15,0.01542799998424016
7841,ISM,100,1500,500,14,4.0432834997171465,0.4432148428750866,0.023630899988347664
7842,DI,100,1500,500,15,5.616514966070218e-15,1.9984014443252818e-15,0.0018838999967556447
7843,WMI,100,1500,500,15,5.1671037152694055e-15,1.5543122344752192e-15,0.020040599978528917
7844,ISM,100,1500,500,15,4.0432834997171465,0.4432148428750866,0.02242240001214668
7845,DI,100,1500,500,16,5.616514966070218e-15,1.9984014443252818e-15,0.002490399987436831
7846,WMI,100,1500,500,16,5.1671037152694055e-15,1.5543122344752192e-15,0.020800600002985448
7847,ISM,100,1500,500,16,4.0432834997171465,0.4432148428750866,0.014544200006639585
7848,DI,100,1500,500,17,5.616514966070218e-15,1.9984014443252818e-15,0.0011070999898947775
7849,WMI,100,1500,500,17,5.1671037152694055e-15,1.5543122344752192e-15,0.018097099993610755
7850,ISM,100,1500,500,17,4.0432834997171465,0.4432148428750866,0.016031299979658797
7851,DI,100,1500,500,18,5.616514966070218e-15,1.9984014443252818e-15,0.0015566999791190028
7852,WMI,100,1500,500,18,5.1671037152694055e-15,1.5543122344752192e-15,0.017363400023896247
7853,ISM,100,1500,500,18,4.0432834997171465,0.4432148428750866,0.019125599996186793
7854,DI,100,1500,500,19,5.616514966070218e-15,1.9984014443252818e-15,0.0019306000031065196
7855,WMI,100,1500,500,19,5.1671037152694055e-15,1.5543122344752192e-15,0.019279200001619756
7856,ISM,100,1500,500,19,4.0432834997171465,0.4432148428750866,0.012692499993136153
7857,DI,100,1500,500,20,5.616514966070218e-15,1.9984014443252818e-15,0.0014192000089678913
7858,WMI,100,1500,500,20,5.1671037152694055e-15,1.5543122344752192e-15,0.01677899999776855
7859,ISM,100,1500,500,20,4.0432834997171465,0.4432148428750866,0.011022599996067584
7860,DI,100,1500,500,21,5.616514966070218e-15,1.9984014443252818e-15,0.0011486000148579478
7861,WMI,100,1500,500,21,5.1671037152694055e-15,1.5543122344752192e-15,0.017528099997434765
7862,ISM,100,1500,500,21,4.0432834997171465,0.4432148428750866,0.011387200007447973
7863,DI,100,1500,500,22,5.616514966070218e-15,1.9984014443252818e-15,0.001743700006045401
7864,WMI,100,1500,500,22,5.1671037152694055e-15,1.5543122344752192e-15,0.01821350000682287
7865,ISM,100,1500,500,22,4.0432834997171465,0.4432148428750866,0.01128979999339208
7866,DI,100,1500,500,23,5.616514966070218e-15,1.9984014443252818e-15,0.0018400000117253512
7867,WMI,100,1500,500,23,5.1671037152694055e-15,1.5543122344752192e-15,0.017517600004794076
7868,ISM,100,1500,500,23,4.0432834997171465,0.4432148428750866,0.01079359999857843
7869,DI,100,1500,500,24,5.616514966070218e-15,1.9984014443252818e-15,0.0013817000144626945
7870,WMI,100,1500,500,24,5.1671037152694055e-15,1.5543122344752192e-15,0.017242400004761294
7871,ISM,100,1500,500,24,4.0432834997171465,0.4432148428750866,0.011861399980261922
7872,DI,100,1500,500,25,5.616514966070218e-15,1.9984014443252818e-15,0.0013842000043950975
7873,WMI,100,1500,500,25,5.1671037152694055e-15,1.5543122344752192e-15,0.01850949999061413
7874,ISM,100,1500,500,25,4.0432834997171465,0.4432148428750866,0.010822499985806644
7875,DI,100,1500,500,26,5.616514966070218e-15,1.9984014443252818e-15,0.0014670999953523278
7876,WMI,100,1500,500,26,5.1671037152694055e-15,1.5543122344752192e-15,0.015963599988026544
7877,ISM,100,1500,500,26,4.0432834997171465,0.4432148428750866,0.014154300006339327
7878,DI,100,1500,500,27,5.616514966070218e-15,1.9984014443252818e-15,0.0016222000122070312
7879,WMI,100,1500,500,27,5.1671037152694055e-15,1.5543122344752192e-15,0.01646230000187643
7880,ISM,100,1500,500,27,4.0432834997171465,0.4432148428750866,0.021521199989365414
7881,DI,100,1500,500,28,5.616514966070218e-15,1.9984014443252818e-15,0.0018001999997068197
7882,WMI,100,1500,500,28,5.1671037152694055e-15,1.5543122344752192e-15,0.020638999994844198
7883,ISM,100,1500,500,28,4.0432834997171465,0.4432148428750866,0.01794970000628382
7884,DI,100,1500,500,29,5.616514966070218e-15,1.9984014443252818e-15,0.001376499974867329
7885,WMI,100,1500,500,29,5.1671037152694055e-15,1.5543122344752192e-15,0.017240399989532307
7886,ISM,100,1500,500,29,4.0432834997171465,0.4432148428750866,0.018135599995730445
7887,DI,100,1500,500,30,5.616514966070218e-15,1.9984014443252818e-15,0.0016203999985009432
7888,WMI,100,1500,500,30,5.1671037152694055e-15,1.5543122344752192e-15,0.020475400000577793
7889,ISM,100,1500,500,30,4.0432834997171465,0.4432148428750866,0.023743700003251433
7890,DI,100,1500,500,31,5.616514966070218e-15,1.9984014443252818e-15,0.001958100008778274
7891,WMI,100,1500,500,31,5.1671037152694055e-15,1.5543122344752192e-15,0.024115100008202717
7892,ISM,100,1500,500,31,4.0432834997171465,0.4432148428750866,0.0198417000065092
7893,DI,100,1500,500,32,5.616514966070218e-15,1.9984014443252818e-15,0.0017963999998755753
7894,WMI,100,1500,500,32,5.1671037152694055e-15,1.5543122344752192e-15,0.018709099997067824
7895,ISM,100,1500,500,32,4.0432834997171465,0.4432148428750866,0.015198599983705208
7896,DI,100,1500,500,33,5.616514966070218e-15,1.9984014443252818e-15,0.0012162000057287514
7897,WMI,100,1500,500,33,5.1671037152694055e-15,1.5543122344752192e-15,0.017946899984963238
7898,ISM,100,1500,500,33,4.0432834997171465,0.4432148428750866,0.023578000022098422
7899,DI,100,1500,500,34,5.616514966070218e-15,1.9984014443252818e-15,0.0017524999857414514
7900,WMI,100,1500,500,34,5.1671037152694055e-15,1.5543122344752192e-15,0.018104799994034693
7901,ISM,100,1500,500,34,4.0432834997171465,0.4432148428750866,0.012475299998186529
7902,DI,100,1500,500,35,5.616514966070218e-15,1.9984014443252818e-15,0.0014136999961920083
7903,WMI,100,1500,500,35,5.1671037152694055e-15,1.5543122344752192e-15,0.01669639997999184
7904,ISM,100,1500,500,35,4.0432834997171465,0.4432148428750866,0.014181399979861453
7905,DI,100,1500,500,36,5.616514966070218e-15,1.9984014443252818e-15,0.0012523999903351068
7906,WMI,100,1500,500,36,5.1671037152694055e-15,1.5543122344752192e-15,0.013803300011204556
7907,ISM,100,1500,500,36,4.0432834997171465,0.4432148428750866,0.010665300011169165
7908,DI,100,1500,500,37,5.616514966070218e-15,1.9984014443252818e-15,0.0014616000116802752
7909,WMI,100,1500,500,37,5.1671037152694055e-15,1.5543122344752192e-15,0.015875999990385026
7910,ISM,100,1500,500,37,4.0432834997171465,0.4432148428750866,0.010690499999327585
7911,DI,100,1500,500,38,5.616514966070218e-15,1.9984014443252818e-15,0.001177600002847612
7912,WMI,100,1500,500,38,5.1671037152694055e-15,1.5543122344752192e-15,0.01380549999885261
7913,ISM,100,1500,500,38,4.0432834997171465,0.4432148428750866,0.012922099995194003
7914,DI,100,1500,500,39,5.616514966070218e-15,1.9984014443252818e-15,0.001030800020089373
7915,WMI,100,1500,500,39,5.1671037152694055e-15,1.5543122344752192e-15,0.014603699994040653
7916,ISM,100,1500,500,39,4.0432834997171465,0.4432148428750866,0.0105831999971997
7917,DI,100,1500,500,40,5.616514966070218e-15,1.9984014443252818e-15,0.0010262999858241528
7918,WMI,100,1500,500,40,5.1671037152694055e-15,1.5543122344752192e-15,0.014448000001721084
7919,ISM,100,1500,500,40,4.0432834997171465,0.4432148428750866,0.010538300004554912
7920,DI,100,1500,500,41,5.616514966070218e-15,1.9984014443252818e-15,0.0011799999920185655
7921,WMI,100,1500,500,41,5.1671037152694055e-15,1.5543122344752192e-15,0.014550599997164682
7922,ISM,100,1500,500,41,4.0432834997171465,0.4432148428750866,0.018204800027888268
7923,DI,100,1500,500,42,5.616514966070218e-15,1.9984014443252818e-15,0.0016434999997727573
7924,WMI,100,1500,500,42,5.1671037152694055e-15,1.5543122344752192e-15,0.017702999990433455
7925,ISM,100,1500,500,42,4.0432834997171465,0.4432148428750866,0.022233600000618026
7926,DI,100,1500,500,43,5.616514966070218e-15,1.9984014443252818e-15,0.00160749998758547
7927,WMI,100,1500,500,43,5.1671037152694055e-15,1.5543122344752192e-15,0.01970249999430962
7928,ISM,100,1500,500,43,4.0432834997171465,0.4432148428750866,0.018162299995310605
7929,DI,100,1500,500,44,5.616514966070218e-15,1.9984014443252818e-15,0.0018989999953191727
7930,WMI,100,1500,500,44,5.1671037152694055e-15,1.5543122344752192e-15,0.01709899998968467
7931,ISM,100,1500,500,44,4.0432834997171465,0.4432148428750866,0.010180599987506866
7932,DI,100,1500,500,45,5.616514966070218e-15,1.9984014443252818e-15,0.0010916999890469015
7933,WMI,100,1500,500,45,5.1671037152694055e-15,1.5543122344752192e-15,0.017317899997578934
7934,ISM,100,1500,500,45,4.0432834997171465,0.4432148428750866,0.011629300017375499
7935,DI,100,1500,500,46,5.616514966070218e-15,1.9984014443252818e-15,0.000965300016105175
7936,WMI,100,1500,500,46,5.1671037152694055e-15,1.5543122344752192e-15,0.021516399981919676
7937,ISM,100,1500,500,46,4.0432834997171465,0.4432148428750866,0.014009900012752041
7938,DI,100,1500,500,47,5.616514966070218e-15,1.9984014443252818e-15,0.002733700006501749
7939,WMI,100,1500,500,47,5.1671037152694055e-15,1.5543122344752192e-15,0.01800889999140054
7940,ISM,100,1500,500,47,4.0432834997171465,0.4432148428750866,0.010486399987712502
7941,DI,100,1500,500,48,5.616514966070218e-15,1.9984014443252818e-15,0.0013535000034607947
7942,WMI,100,1500,500,48,5.1671037152694055e-15,1.5543122344752192e-15,0.01843860000371933
7943,ISM,100,1500,500,48,4.0432834997171465,0.4432148428750866,0.010573900013696402
7944,DI,100,1500,500,49,5.616514966070218e-15,1.9984014443252818e-15,0.0018351000035181642
7945,WMI,100,1500,500,49,5.1671037152694055e-15,1.5543122344752192e-15,0.016978700004983693
7946,ISM,100,1500,500,49,4.0432834997171465,0.4432148428750866,0.027920399996219203
7947,DI,100,1500,500,50,5.616514966070218e-15,1.9984014443252818e-15,0.0017534000216983259
7948,WMI,100,1500,500,50,5.1671037152694055e-15,1.5543122344752192e-15,0.033924799994565547
7949,ISM,100,1500,500,50,4.0432834997171465,0.4432148428750866,0.011359199997968972
7950,DI,100,1500,500,51,5.616514966070218e-15,1.9984014443252818e-15,0.0008817999914754182
7951,WMI,100,1500,500,51,5.1671037152694055e-15,1.5543122344752192e-15,0.01934539998183027
7952,DI,100,1500,500,52,5.616514966070218e-15,1.9984014443252818e-15,0.001115400023991242
7953,WMI,100,1500,500,52,5.1671037152694055e-15,1.5543122344752192e-15,0.013503599999239668
7954,DI,100,1500,500,53,5.616514966070218e-15,1.9984014443252818e-15,0.0008907000010367483
7955,WMI,100,1500,500,53,5.1671037152694055e-15,1.5543122344752192e-15,0.013353299989830703
7956,DI,100,1500,500,54,5.616514966070218e-15,1.9984014443252818e-15,0.000914999982342124
7957,WMI,100,1500,500,54,5.1671037152694055e-15,1.5543122344752192e-15,0.013611000002129003
7958,DI,100,1500,500,55,5.616514966070218e-15,1.9984014443252818e-15,0.0012604999938048422
7959,WMI,100,1500,500,55,5.1671037152694055e-15,1.5543122344752192e-15,0.014285000012023374
7960,DI,100,1500,500,56,5.616514966070218e-15,1.9984014443252818e-15,0.0011249999806750566
7961,WMI,100,1500,500,56,5.1671037152694055e-15,1.5543122344752192e-15,0.013171800004784018
7962,DI,100,1500,500,57,5.616514966070218e-15,1.9984014443252818e-15,0.0010088999988511205
7963,WMI,100,1500,500,57,5.1671037152694055e-15,1.5543122344752192e-15,0.01333449999219738
7964,DI,100,1500,500,58,5.616514966070218e-15,1.9984014443252818e-15,0.0007824999920558184
7965,WMI,100,1500,500,58,5.1671037152694055e-15,1.5543122344752192e-15,0.013383600016823038
7966,DI,100,1500,500,59,5.616514966070218e-15,1.9984014443252818e-15,0.0007372000254690647
7967,WMI,100,1500,500,59,5.1671037152694055e-15,1.5543122344752192e-15,0.01294779998715967
7968,DI,100,1500,500,60,5.616514966070218e-15,1.9984014443252818e-15,0.0007355999841820449
7969,WMI,100,1500,500,60,5.1671037152694055e-15,1.5543122344752192e-15,0.013064300001133233
7970,DI,100,1500,500,61,5.616514966070218e-15,1.9984014443252818e-15,0.0007516999903600663
7971,WMI,100,1500,500,61,5.1671037152694055e-15,1.5543122344752192e-15,0.015354300005128607
7972,DI,100,1500,500,62,5.616514966070218e-15,1.9984014443252818e-15,0.0008025999995879829
7973,WMI,100,1500,500,62,5.1671037152694055e-15,1.5543122344752192e-15,0.014794699993217364
7974,DI,100,1500,500,63,5.616514966070218e-15,1.9984014443252818e-15,0.0011180999863427132
7975,WMI,100,1500,500,63,5.1671037152694055e-15,1.5543122344752192e-15,0.014769200002774596
7976,DI,100,1500,500,64,5.616514966070218e-15,1.9984014443252818e-15,0.0009528000082354993
7977,WMI,100,1500,500,64,5.1671037152694055e-15,1.5543122344752192e-15,0.014549999992595986
7978,DI,100,1500,500,65,5.616514966070218e-15,1.9984014443252818e-15,0.0011489000171422958
7979,WMI,100,1500,500,65,5.1671037152694055e-15,1.5543122344752192e-15,0.013985800003865734
7980,DI,100,1500,500,66,5.616514966070218e-15,1.9984014443252818e-15,0.001312199980020523
7981,WMI,100,1500,500,66,5.1671037152694055e-15,1.5543122344752192e-15,0.0135434000112582
7982,DI,100,1500,500,67,5.616514966070218e-15,1.9984014443252818e-15,0.0009232000156771392
7983,WMI,100,1500,500,67,5.1671037152694055e-15,1.5543122344752192e-15,0.014726900000823662
7984,DI,100,1500,500,68,5.616514966070218e-15,1.9984014443252818e-15,0.0009432999941054732
7985,WMI,100,1500,500,68,5.1671037152694055e-15,1.5543122344752192e-15,0.015323899977374822
7986,DI,100,1500,500,69,5.616514966070218e-15,1.9984014443252818e-15,0.0012790999899152666
7987,WMI,100,1500,500,69,5.1671037152694055e-15,1.5543122344752192e-15,0.016563899989705533
7988,DI,100,1500,500,70,5.616514966070218e-15,1.9984014443252818e-15,0.0016089999990072101
7989,WMI,100,1500,500,70,5.1671037152694055e-15,1.5543122344752192e-15,0.013788100011879578
7990,DI,100,1500,500,71,5.616514966070218e-15,1.9984014443252818e-15,0.0009760000102687627
7991,WMI,100,1500,500,71,5.1671037152694055e-15,1.5543122344752192e-15,0.01299210000433959
7992,DI,100,1500,500,72,5.616514966070218e-15,1.9984014443252818e-15,0.001051500003086403
7993,WMI,100,1500,500,72,5.1671037152694055e-15,1.5543122344752192e-15,0.013204899994889274
7994,DI,100,1500,500,73,5.616514966070218e-15,1.9984014443252818e-15,0.0012703999818768352
7995,WMI,100,1500,500,73,5.1671037152694055e-15,1.5543122344752192e-15,0.01306329999351874
7996,DI,100,1500,500,74,5.616514966070218e-15,1.9984014443252818e-15,0.0009238999919034541
7997,WMI,100,1500,500,74,5.1671037152694055e-15,1.5543122344752192e-15,0.013943199999630451
7998,DI,100,1500,500,75,5.616514966070218e-15,1.9984014443252818e-15,0.0013638999953400344
7999,WMI,100,1500,500,75,5.1671037152694055e-15,1.5543122344752192e-15,0.015456900000572205
8000,DI,100,1500,500,76,5.616514966070218e-15,1.9984014443252818e-15,0.0013902000209782273
8001,WMI,100,1500,500,76,5.1671037152694055e-15,1.5543122344752192e-15,0.01669760001823306
8002,DI,100,1500,500,77,5.616514966070218e-15,1.9984014443252818e-15,0.0010389999952167273
8003,WMI,100,1500,500,77,5.1671037152694055e-15,1.5543122344752192e-15,0.016825600003357977
8004,DI,100,1500,500,78,5.616514966070218e-15,1.9984014443252818e-15,0.0011654999980237335
8005,WMI,100,1500,500,78,5.1671037152694055e-15,1.5543122344752192e-15,0.014131700008874759
8006,DI,100,1500,500,79,5.616514966070218e-15,1.9984014443252818e-15,0.0009984000062104315
8007,WMI,100,1500,500,79,5.1671037152694055e-15,1.5543122344752192e-15,0.014047300006495789
8008,DI,100,1500,500,80,5.616514966070218e-15,1.9984014443252818e-15,0.0009729000157676637
8009,WMI,100,1500,500,80,5.1671037152694055e-15,1.5543122344752192e-15,0.013279500009957701
8010,DI,100,1500,500,81,5.616514966070218e-15,1.9984014443252818e-15,0.0013340000004973263
8011,WMI,100,1500,500,81,5.1671037152694055e-15,1.5543122344752192e-15,0.014570700004696846
8012,DI,100,1500,500,82,5.616514966070218e-15,1.9984014443252818e-15,0.0010448999819345772
8013,WMI,100,1500,500,82,5.1671037152694055e-15,1.5543122344752192e-15,0.01370189999579452
8014,DI,100,1500,500,83,5.616514966070218e-15,1.9984014443252818e-15,0.0010448999819345772
8015,WMI,100,1500,500,83,5.1671037152694055e-15,1.5543122344752192e-15,0.01414340001065284
8016,DI,100,1500,500,84,5.616514966070218e-15,1.9984014443252818e-15,0.001428600022336468
8017,WMI,100,1500,500,84,5.1671037152694055e-15,1.5543122344752192e-15,0.01552419998915866
8018,DI,100,1500,500,85,5.616514966070218e-15,1.9984014443252818e-15,0.0012371000193525106
8019,WMI,100,1500,500,85,5.1671037152694055e-15,1.5543122344752192e-15,0.014874600019538775
8020,DI,100,1500,500,86,5.616514966070218e-15,1.9984014443252818e-15,0.001356399996438995
8021,WMI,100,1500,500,86,5.1671037152694055e-15,1.5543122344752192e-15,0.014550100022461265
8022,DI,100,1500,500,87,5.616514966070218e-15,1.9984014443252818e-15,0.0012974999845027924
8023,WMI,100,1500,500,87,5.1671037152694055e-15,1.5543122344752192e-15,0.015667400002712384
8024,DI,100,1500,500,88,5.616514966070218e-15,1.9984014443252818e-15,0.0010264999873470515
8025,WMI,100,1500,500,88,5.1671037152694055e-15,1.5543122344752192e-15,0.013592399976914749
8026,DI,100,1500,500,89,5.616514966070218e-15,1.9984014443252818e-15,0.0013383999757934362
8027,WMI,100,1500,500,89,5.1671037152694055e-15,1.5543122344752192e-15,0.013688699982594699
8028,DI,100,1500,500,90,5.616514966070218e-15,1.9984014443252818e-15,0.0013996000052429736
8029,WMI,100,1500,500,90,5.1671037152694055e-15,1.5543122344752192e-15,0.014825999998720363
8030,DI,100,1500,500,91,5.616514966070218e-15,1.9984014443252818e-15,0.0013214000209700316
8031,WMI,100,1500,500,91,5.1671037152694055e-15,1.5543122344752192e-15,0.013471500016748905
8032,DI,100,1500,500,92,5.616514966070218e-15,1.9984014443252818e-15,0.0014026999997440726
8033,WMI,100,1500,500,92,5.1671037152694055e-15,1.5543122344752192e-15,0.014118699997197837
8034,DI,100,1500,500,93,5.616514966070218e-15,1.9984014443252818e-15,0.0013253999932203442
8035,WMI,100,1500,500,93,5.1671037152694055e-15,1.5543122344752192e-15,0.013779400003841147
8036,DI,100,1500,500,94,5.616514966070218e-15,1.9984014443252818e-15,0.0010138000070583075
8037,WMI,100,1500,500,94,5.1671037152694055e-15,1.5543122344752192e-15,0.014543699973728508
8038,DI,100,1500,500,95,5.616514966070218e-15,1.9984014443252818e-15,0.0011408999853301793
8039,WMI,100,1500,500,95,5.1671037152694055e-15,1.5543122344752192e-15,0.015225900016957894
8040,DI,100,1500,500,96,5.616514966070218e-15,1.9984014443252818e-15,0.0013304000021889806
8041,WMI,100,1500,500,96,5.1671037152694055e-15,1.5543122344752192e-15,0.015557899983832613
8042,DI,100,1500,500,97,5.616514966070218e-15,1.9984014443252818e-15,0.0010824000055436045
8043,WMI,100,1500,500,97,5.1671037152694055e-15,1.5543122344752192e-15,0.014577299996744841
8044,DI,100,1500,500,98,5.616514966070218e-15,1.9984014443252818e-15,0.0011381999938748777
8045,WMI,100,1500,500,98,5.1671037152694055e-15,1.5543122344752192e-15,0.014834200002951548
8046,DI,100,1500,500,99,5.616514966070218e-15,1.9984014443252818e-15,0.0014545000158250332
8047,WMI,100,1500,500,99,5.1671037152694055e-15,1.5543122344752192e-15,0.015038800018373877
8048,DI,100,1500,500,100,5.616514966070218e-15,1.9984014443252818e-15,0.0013559999933931977
8049,WMI,100,1500,500,100,5.1671037152694055e-15,1.5543122344752192e-15,0.014557400019839406
8050,DI,100,1500,500,101,5.616514966070218e-15,1.9984014443252818e-15,0.001363199990009889
8051,WMI,100,1500,500,101,5.1671037152694055e-15,1.5543122344752192e-15,0.014446899993345141
8052,DI,100,1500,500,102,5.616514966070218e-15,1.9984014443252818e-15,0.0010825000063050538
8053,WMI,100,1500,500,102,5.1671037152694055e-15,1.5543122344752192e-15,0.013527500006603077
8054,DI,100,1500,500,103,5.616514966070218e-15,1.9984014443252818e-15,0.0010098999773617834
8055,WMI,100,1500,500,103,5.1671037152694055e-15,1.5543122344752192e-15,0.013721900002565235
8056,DI,100,1500,500,104,5.616514966070218e-15,1.9984014443252818e-15,0.0010835000139195472
8057,WMI,100,1500,500,104,5.1671037152694055e-15,1.5543122344752192e-15,0.014486500003840774
8058,DI,100,1500,500,105,5.616514966070218e-15,1.9984014443252818e-15,0.001443799992557615
8059,WMI,100,1500,500,105,5.1671037152694055e-15,1.5543122344752192e-15,0.013929099979577586
8060,DI,100,1500,500,106,5.616514966070218e-15,1.9984014443252818e-15,0.0014201999874785542
8061,WMI,100,1500,500,106,5.1671037152694055e-15,1.5543122344752192e-15,0.013753100007306784
8062,DI,100,1500,500,107,5.616514966070218e-15,1.9984014443252818e-15,0.0011943999852519482
8063,WMI,100,1500,500,107,5.1671037152694055e-15,1.5543122344752192e-15,0.014385399990715086
8064,DI,100,1500,500,108,5.616514966070218e-15,1.9984014443252818e-15,0.0009877999837044626
8065,WMI,100,1500,500,108,5.1671037152694055e-15,1.5543122344752192e-15,0.014441999985137954
8066,DI,100,1500,500,109,5.616514966070218e-15,1.9984014443252818e-15,0.001526599982753396
8067,WMI,100,1500,500,109,5.1671037152694055e-15,1.5543122344752192e-15,0.015098299976671115
8068,DI,100,1500,500,110,5.616514966070218e-15,1.9984014443252818e-15,0.0011206000053789467
8069,WMI,100,1500,500,110,5.1671037152694055e-15,1.5543122344752192e-15,0.01447239998378791
8070,DI,100,1500,500,111,5.616514966070218e-15,1.9984014443252818e-15,0.001531199988676235
8071,WMI,100,1500,500,111,5.1671037152694055e-15,1.5543122344752192e-15,0.014822199998889118
8072,DI,100,1500,500,112,5.616514966070218e-15,1.9984014443252818e-15,0.0011331000132486224
8073,WMI,100,1500,500,112,5.1671037152694055e-15,1.5543122344752192e-15,0.01475979998940602
8074,DI,100,1500,500,113,5.616514966070218e-15,1.9984014443252818e-15,0.0015577999874949455
8075,WMI,100,1500,500,113,5.1671037152694055e-15,1.5543122344752192e-15,0.014732200012076646
8076,DI,100,1500,500,114,5.616514966070218e-15,1.9984014443252818e-15,0.0012483999889809638
8077,WMI,100,1500,500,114,5.1671037152694055e-15,1.5543122344752192e-15,0.015391900000395253
8078,DI,100,1500,500,115,5.616514966070218e-15,1.9984014443252818e-15,0.0011003999970853329
8079,WMI,100,1500,500,115,5.1671037152694055e-15,1.5543122344752192e-15,0.01510779999080114
8080,DI,100,1500,500,116,5.616514966070218e-15,1.9984014443252818e-15,0.0010684000153560191
8081,WMI,100,1500,500,116,5.1671037152694055e-15,1.5543122344752192e-15,0.014894000021740794
8082,DI,100,1500,500,117,5.616514966070218e-15,1.9984014443252818e-15,0.0010446000087540597
8083,WMI,100,1500,500,117,5.1671037152694055e-15,1.5543122344752192e-15,0.015297199977794662
8084,DI,100,1500,500,118,5.616514966070218e-15,1.9984014443252818e-15,0.0010873000137507915
8085,WMI,100,1500,500,118,5.1671037152694055e-15,1.5543122344752192e-15,0.015124999976251274
8086,DI,100,1500,500,119,5.616514966070218e-15,1.9984014443252818e-15,0.0011449999874457717
8087,WMI,100,1500,500,119,5.1671037152694055e-15,1.5543122344752192e-15,0.014600700000301003
8088,DI,100,1500,500,120,5.616514966070218e-15,1.9984014443252818e-15,0.0010399000020697713
8089,WMI,100,1500,500,120,5.1671037152694055e-15,1.5543122344752192e-15,0.015083100006449968
8090,DI,100,1500,500,121,5.616514966070218e-15,1.9984014443252818e-15,0.0017578999977558851
8091,WMI,100,1500,500,121,5.1671037152694055e-15,1.5543122344752192e-15,0.01497010001912713
8092,DI,100,1500,500,122,5.616514966070218e-15,1.9984014443252818e-15,0.001336600020295009
8093,WMI,100,1500,500,122,5.1671037152694055e-15,1.5543122344752192e-15,0.014919200009899214
8094,DI,100,1500,500,123,5.616514966070218e-15,1.9984014443252818e-15,0.0010562000097706914
8095,WMI,100,1500,500,123,5.1671037152694055e-15,1.5543122344752192e-15,0.018970000004628673
8096,DI,100,1500,500,124,5.616514966070218e-15,1.9984014443252818e-15,0.0013087000115774572
8097,WMI,100,1500,500,124,5.1671037152694055e-15,1.5543122344752192e-15,0.015015800017863512
8098,DI,100,1500,500,125,5.616514966070218e-15,1.9984014443252818e-15,0.001436999998986721
8099,WMI,100,1500,500,125,5.1671037152694055e-15,1.5543122344752192e-15,0.01437299998360686
8100,DI,100,1500,500,126,5.616514966070218e-15,1.9984014443252818e-15,0.001341299997875467
8101,WMI,100,1500,500,126,5.1671037152694055e-15,1.5543122344752192e-15,0.015489200013689697
8102,DI,100,1500,500,127,5.616514966070218e-15,1.9984014443252818e-15,0.0010886999953072518
8103,WMI,100,1500,500,127,5.1671037152694055e-15,1.5543122344752192e-15,0.015612899995176122
8104,DI,100,1500,500,128,5.616514966070218e-15,1.9984014443252818e-15,0.001116400002501905
8105,WMI,100,1500,500,128,5.1671037152694055e-15,1.5543122344752192e-15,0.015805000002728775
8106,DI,100,1500,500,129,5.616514966070218e-15,1.9984014443252818e-15,0.0016960000211838633
8107,WMI,100,1500,500,129,5.1671037152694055e-15,1.5543122344752192e-15,0.015709699975559488
8108,DI,100,1500,500,130,5.616514966070218e-15,1.9984014443252818e-15,0.001519799989182502
8109,WMI,100,1500,500,130,5.1671037152694055e-15,1.5543122344752192e-15,0.015280599996913224
8110,DI,100,1500,500,131,5.616514966070218e-15,1.9984014443252818e-15,0.0014220000011846423
8111,WMI,100,1500,500,131,5.1671037152694055e-15,1.5543122344752192e-15,0.014555699977790937
8112,DI,100,1500,500,132,5.616514966070218e-15,1.9984014443252818e-15,0.0010955999896395952
8113,WMI,100,1500,500,132,5.1671037152694055e-15,1.5543122344752192e-15,0.01467830000910908
8114,DI,100,1500,500,133,5.616514966070218e-15,1.9984014443252818e-15,0.0010436000011395663
8115,WMI,100,1500,500,133,5.1671037152694055e-15,1.5543122344752192e-15,0.013971100008348003
8116,DI,100,1500,500,134,5.616514966070218e-15,1.9984014443252818e-15,0.0010694999946281314
8117,WMI,100,1500,500,134,5.1671037152694055e-15,1.5543122344752192e-15,0.014578600006643683
8118,DI,100,1500,500,135,5.616514966070218e-15,1.9984014443252818e-15,0.0010506999969948083
8119,WMI,100,1500,500,135,5.1671037152694055e-15,1.5543122344752192e-15,0.014052599988644943
8120,DI,100,1500,500,136,5.616514966070218e-15,1.9984014443252818e-15,0.001211800001328811
8121,WMI,100,1500,500,136,5.1671037152694055e-15,1.5543122344752192e-15,0.01427970000077039
8122,DI,100,1500,500,137,5.616514966070218e-15,1.9984014443252818e-15,0.00146229998790659
8123,WMI,100,1500,500,137,5.1671037152694055e-15,1.5543122344752192e-15,0.013834999990649521
8124,DI,100,1500,500,138,5.616514966070218e-15,1.9984014443252818e-15,0.0010608000156935304
8125,WMI,100,1500,500,138,5.1671037152694055e-15,1.5543122344752192e-15,0.014469000016106293
8126,DI,100,1500,500,139,5.616514966070218e-15,1.9984014443252818e-15,0.0010813999979291111
8127,WMI,100,1500,500,139,5.1671037152694055e-15,1.5543122344752192e-15,0.016516400006366894
8128,DI,100,1500,500,140,5.616514966070218e-15,1.9984014443252818e-15,0.0010266999888699502
8129,WMI,100,1500,500,140,5.1671037152694055e-15,1.5543122344752192e-15,0.016069699981017038
8130,DI,100,1500,500,141,5.616514966070218e-15,1.9984014443252818e-15,0.0011052000045310706
8131,WMI,100,1500,500,141,5.1671037152694055e-15,1.5543122344752192e-15,0.014395700010936707
8132,DI,100,1500,500,142,5.616514966070218e-15,1.9984014443252818e-15,0.0010381000174675137
8133,WMI,100,1500,500,142,5.1671037152694055e-15,1.5543122344752192e-15,0.014046500000404194
8134,DI,100,1500,500,143,5.616514966070218e-15,1.9984014443252818e-15,0.001531900023110211
8135,WMI,100,1500,500,143,5.1671037152694055e-15,1.5543122344752192e-15,0.01658039999892935
8136,DI,100,1500,500,144,5.616514966070218e-15,1.9984014443252818e-15,0.0012793999921996146
8137,WMI,100,1500,500,144,5.1671037152694055e-15,1.5543122344752192e-15,0.014675900019938126
8138,DI,100,1500,500,145,5.616514966070218e-15,1.9984014443252818e-15,0.0010976999765262008
8139,WMI,100,1500,500,145,5.1671037152694055e-15,1.5543122344752192e-15,0.014172399998642504
8140,DI,100,1500,500,146,5.616514966070218e-15,1.9984014443252818e-15,0.0010741000005509704
8141,WMI,100,1500,500,146,5.1671037152694055e-15,1.5543122344752192e-15,0.014504499995382503
8142,DI,100,1500,500,147,5.616514966070218e-15,1.9984014443252818e-15,0.001059200003510341
8143,WMI,100,1500,500,147,5.1671037152694055e-15,1.5543122344752192e-15,0.014520099997753277
8144,DI,100,1500,500,148,5.616514966070218e-15,1.9984014443252818e-15,0.00111119999201037
8145,WMI,100,1500,500,148,5.1671037152694055e-15,1.5543122344752192e-15,0.015853899996727705
8146,DI,100,1500,500,149,5.616514966070218e-15,1.9984014443252818e-15,0.0010677999816834927
8147,WMI,100,1500,500,149,5.1671037152694055e-15,1.5543122344752192e-15,0.015185600001132116
8148,DI,100,1500,500,150,5.616514966070218e-15,1.9984014443252818e-15,0.001070600003004074
8149,WMI,100,1500,500,150,5.1671037152694055e-15,1.5543122344752192e-15,0.01480870001250878
8150,DI,100,1500,500,151,5.616514966070218e-15,1.9984014443252818e-15,0.0010511000000406057
8151,WMI,100,1500,500,151,5.1671037152694055e-15,1.5543122344752192e-15,0.016005199984647334
8152,DI,100,1500,500,152,5.616514966070218e-15,1.9984014443252818e-15,0.0010537999914959073
8153,WMI,100,1500,500,152,5.1671037152694055e-15,1.5543122344752192e-15,0.015380400000140071
8154,DI,100,1500,500,153,5.616514966070218e-15,1.9984014443252818e-15,0.0010584999981801957
8155,WMI,100,1500,500,153,5.1671037152694055e-15,1.5543122344752192e-15,0.014359499997226521
8156,DI,100,1500,500,154,5.616514966070218e-15,1.9984014443252818e-15,0.0013498000043909997
8157,WMI,100,1500,500,154,5.1671037152694055e-15,1.5543122344752192e-15,0.015125100006116554
8158,DI,100,1500,500,155,5.616514966070218e-15,1.9984014443252818e-15,0.00164309999672696
8159,WMI,100,1500,500,155,5.1671037152694055e-15,1.5543122344752192e-15,0.014464100007899106
8160,DI,100,1500,500,156,5.616514966070218e-15,1.9984014443252818e-15,0.0010891999991144985
8161,WMI,100,1500,500,156,5.1671037152694055e-15,1.5543122344752192e-15,0.014786300016567111
8162,DI,100,1500,500,157,5.616514966070218e-15,1.9984014443252818e-15,0.0010611999896354973
8163,WMI,100,1500,500,157,5.1671037152694055e-15,1.5543122344752192e-15,0.015474200015887618
8164,DI,100,1500,500,158,5.616514966070218e-15,1.9984014443252818e-15,0.0013491999998223037
8165,WMI,100,1500,500,158,5.1671037152694055e-15,1.5543122344752192e-15,0.016140299994731322
8166,DI,100,1500,500,159,5.616514966070218e-15,1.9984014443252818e-15,0.0013818000152241439
8167,WMI,100,1500,500,159,5.1671037152694055e-15,1.5543122344752192e-15,0.015982600016286597
8168,DI,100,1500,500,160,5.616514966070218e-15,1.9984014443252818e-15,0.0012184999941382557
8169,WMI,100,1500,500,160,5.1671037152694055e-15,1.5543122344752192e-15,0.01592110001365654
8170,DI,100,1500,500,161,5.616514966070218e-15,1.9984014443252818e-15,0.0015383000136353076
8171,WMI,100,1500,500,161,5.1671037152694055e-15,1.5543122344752192e-15,0.014329799974802881
8172,DI,100,1500,500,162,5.616514966070218e-15,1.9984014443252818e-15,0.001159599982202053
8173,WMI,100,1500,500,162,5.1671037152694055e-15,1.5543122344752192e-15,0.014597000001231208
8174,DI,100,1500,500,163,5.616514966070218e-15,1.9984014443252818e-15,0.0010999999940395355
8175,WMI,100,1500,500,163,5.1671037152694055e-15,1.5543122344752192e-15,0.014535099995555356
8176,DI,100,1500,500,164,5.616514966070218e-15,1.9984014443252818e-15,0.0013792999961879104
8177,WMI,100,1500,500,164,5.1671037152694055e-15,1.5543122344752192e-15,0.015544299996690825
8178,DI,100,1500,500,165,5.616514966070218e-15,1.9984014443252818e-15,0.001565899990964681
8179,WMI,100,1500,500,165,5.1671037152694055e-15,1.5543122344752192e-15,0.014632999984314665
8180,DI,100,1500,500,166,5.616514966070218e-15,1.9984014443252818e-15,0.0012170000118203461
8181,WMI,100,1500,500,166,5.1671037152694055e-15,1.5543122344752192e-15,0.014290899998741224
8182,DI,100,1500,500,167,5.616514966070218e-15,1.9984014443252818e-15,0.0014190000074449927
8183,WMI,100,1500,500,167,5.1671037152694055e-15,1.5543122344752192e-15,0.014366100018378347
8184,DI,100,1500,500,168,5.616514966070218e-15,1.9984014443252818e-15,0.001122599991504103
8185,WMI,100,1500,500,168,5.1671037152694055e-15,1.5543122344752192e-15,0.014097800012677908
8186,DI,100,1500,500,169,5.616514966070218e-15,1.9984014443252818e-15,0.0013407999940682203
8187,WMI,100,1500,500,169,5.1671037152694055e-15,1.5543122344752192e-15,0.01434350002091378
8188,DI,100,1500,500,170,5.616514966070218e-15,1.9984014443252818e-15,0.0011823000095319003
8189,WMI,100,1500,500,170,5.1671037152694055e-15,1.5543122344752192e-15,0.014305199991213158
8190,DI,100,1500,500,171,5.616514966070218e-15,1.9984014443252818e-15,0.0012855000095441937
8191,WMI,100,1500,500,171,5.1671037152694055e-15,1.5543122344752192e-15,0.015395800000987947
8192,DI,100,1500,500,172,5.616514966070218e-15,1.9984014443252818e-15,0.0016302000149153173
8193,WMI,100,1500,500,172,5.1671037152694055e-15,1.5543122344752192e-15,0.014891200000420213
8194,DI,100,1500,500,173,5.616514966070218e-15,1.9984014443252818e-15,0.0015659999917261302
8195,WMI,100,1500,500,173,5.1671037152694055e-15,1.5543122344752192e-15,0.014844499994069338
8196,DI,100,1500,500,174,5.616514966070218e-15,1.9984014443252818e-15,0.001558799995109439
8197,WMI,100,1500,500,174,5.1671037152694055e-15,1.5543122344752192e-15,0.014588899997761473
8198,DI,100,1500,500,175,5.616514966070218e-15,1.9984014443252818e-15,0.0013535999751184136
8199,WMI,100,1500,500,175,5.1671037152694055e-15,1.5543122344752192e-15,0.01496129998122342
8200,DI,100,1500,500,176,5.616514966070218e-15,1.9984014443252818e-15,0.0010685999877750874
8201,WMI,100,1500,500,176,5.1671037152694055e-15,1.5543122344752192e-15,0.01436849997844547
8202,DI,100,1500,500,177,5.616514966070218e-15,1.9984014443252818e-15,0.001059899979736656
8203,WMI,100,1500,500,177,5.1671037152694055e-15,1.5543122344752192e-15,0.014309599995613098
8204,DI,100,1500,500,178,5.616514966070218e-15,1.9984014443252818e-15,0.001342500007012859
8205,WMI,100,1500,500,178,5.1671037152694055e-15,1.5543122344752192e-15,0.014615599997341633
8206,DI,100,1500,500,179,5.616514966070218e-15,1.9984014443252818e-15,0.0010153999901376665
8207,WMI,100,1500,500,179,5.1671037152694055e-15,1.5543122344752192e-15,0.015371899993624538
8208,DI,100,1500,500,180,5.616514966070218e-15,1.9984014443252818e-15,0.0011254999844823033
8209,WMI,100,1500,500,180,5.1671037152694055e-15,1.5543122344752192e-15,0.014628400007495657
8210,DI,100,1500,500,181,5.616514966070218e-15,1.9984014443252818e-15,0.0011480000102892518
8211,WMI,100,1500,500,181,5.1671037152694055e-15,1.5543122344752192e-15,0.014559400005964562
8212,DI,100,1500,500,182,5.616514966070218e-15,1.9984014443252818e-15,0.0010350000229664147
8213,WMI,100,1500,500,182,5.1671037152694055e-15,1.5543122344752192e-15,0.014813899993896484
8214,DI,100,1500,500,183,5.616514966070218e-15,1.9984014443252818e-15,0.0010882999922614545
8215,WMI,100,1500,500,183,5.1671037152694055e-15,1.5543122344752192e-15,0.014580999995814636
8216,DI,100,1500,500,184,5.616514966070218e-15,1.9984014443252818e-15,0.0010759000142570585
8217,WMI,100,1500,500,184,5.1671037152694055e-15,1.5543122344752192e-15,0.015075799979967996
8218,DI,100,1500,500,185,5.616514966070218e-15,1.9984014443252818e-15,0.0010782000026665628
8219,WMI,100,1500,500,185,5.1671037152694055e-15,1.5543122344752192e-15,0.015355499985162169
8220,DI,100,1500,500,186,5.616514966070218e-15,1.9984014443252818e-15,0.0010381999891251326
8221,WMI,100,1500,500,186,5.1671037152694055e-15,1.5543122344752192e-15,0.014636300009442493
8222,DI,100,1500,500,187,5.616514966070218e-15,1.9984014443252818e-15,0.0011962999997194856
8223,WMI,100,1500,500,187,5.1671037152694055e-15,1.5543122344752192e-15,0.017464399978052825
8224,DI,100,1500,500,188,5.616514966070218e-15,1.9984014443252818e-15,0.0016124999965541065
8225,WMI,100,1500,500,188,5.1671037152694055e-15,1.5543122344752192e-15,0.016119199979584664
8226,DI,100,1500,500,189,5.616514966070218e-15,1.9984014443252818e-15,0.0011133999796584249
8227,WMI,100,1500,500,189,5.1671037152694055e-15,1.5543122344752192e-15,0.014412400021683425
8228,DI,100,1500,500,190,5.616514966070218e-15,1.9984014443252818e-15,0.0010486999817658216
8229,WMI,100,1500,500,190,5.1671037152694055e-15,1.5543122344752192e-15,0.015344200015533715
8230,DI,100,1500,500,191,5.616514966070218e-15,1.9984014443252818e-15,0.001077399996574968
8231,WMI,100,1500,500,191,5.1671037152694055e-15,1.5543122344752192e-15,0.01507219998165965
8232,DI,100,1500,500,192,5.616514966070218e-15,1.9984014443252818e-15,0.0010967999987769872
8233,WMI,100,1500,500,192,5.1671037152694055e-15,1.5543122344752192e-15,0.014682100008940324
8234,DI,100,1500,500,193,5.616514966070218e-15,1.9984014443252818e-15,0.0010710999777074903
8235,WMI,100,1500,500,193,5.1671037152694055e-15,1.5543122344752192e-15,0.014985799993155524
8236,DI,100,1500,500,194,5.616514966070218e-15,1.9984014443252818e-15,0.0015026000037323684
8237,WMI,100,1500,500,194,5.1671037152694055e-15,1.5543122344752192e-15,0.014527499995892867
8238,DI,100,1500,500,195,5.616514966070218e-15,1.9984014443252818e-15,0.0013828999944962561
8239,WMI,100,1500,500,195,5.1671037152694055e-15,1.5543122344752192e-15,0.015782600006787106
8240,DI,100,1500,500,196,5.616514966070218e-15,1.9984014443252818e-15,0.0011044999992009252
8241,WMI,100,1500,500,196,5.1671037152694055e-15,1.5543122344752192e-15,0.015464199997950345
8242,DI,100,1500,500,197,5.616514966070218e-15,1.9984014443252818e-15,0.0011067000159528106
8243,WMI,100,1500,500,197,5.1671037152694055e-15,1.5543122344752192e-15,0.015288199996575713
8244,DI,100,1500,500,198,5.616514966070218e-15,1.9984014443252818e-15,0.0013738999841734767
8245,WMI,100,1500,500,198,5.1671037152694055e-15,1.5543122344752192e-15,0.015098500007297844
8246,DI,100,1500,500,199,5.616514966070218e-15,1.9984014443252818e-15,0.001136799983214587
8247,WMI,100,1500,500,199,5.1671037152694055e-15,1.5543122344752192e-15,0.01488580001750961
8248,DI,100,1500,500,200,5.616514966070218e-15,1.9984014443252818e-15,0.0011246000067330897
8249,WMI,100,1500,500,200,5.1671037152694055e-15,1.5543122344752192e-15,0.015827299997908995
8250,DI,100,1250,750,1,5.450822735289704e-15,1.9984014443252818e-15,0.0013657000090461224
8251,WMI,100,1250,750,1,5.915696431591208e-15,1.9984014443252818e-15,0.04014359999564476
8252,ISM,100,1250,750,1,7.219734298120477,0.8212102037051521,0.019392199988942593
8253,DI,100,1250,750,2,5.450822735289704e-15,1.9984014443252818e-15,0.0017819000058807433
8254,WMI,100,1250,750,2,5.915696431591208e-15,1.9984014443252818e-15,0.03556879999814555
8255,ISM,100,1250,750,2,7.219734298120477,0.8212102037051521,0.02110250000259839
8256,DI,100,1250,750,3,5.450822735289704e-15,1.9984014443252818e-15,0.0017183999880217016
8257,WMI,100,1250,750,3,5.915696431591208e-15,1.9984014443252818e-15,0.03546089999144897
8258,ISM,100,1250,750,3,7.219734298120477,0.8212102037051521,0.028806399990571663
8259,DI,100,1250,750,4,5.450822735289704e-15,1.9984014443252818e-15,0.0020530000037979335
8260,WMI,100,1250,750,4,5.915696431591208e-15,1.9984014443252818e-15,0.043540799990296364
8261,ISM,100,1250,750,4,7.219734298120477,0.8212102037051521,0.01841180000337772
8262,DI,100,1250,750,5,5.450822735289704e-15,1.9984014443252818e-15,0.0026550999900791794
8263,WMI,100,1250,750,5,5.915696431591208e-15,1.9984014443252818e-15,0.034327799978200346
8264,ISM,100,1250,750,5,7.219734298120477,0.8212102037051521,0.032196099986322224
8265,DI,100,1250,750,6,5.450822735289704e-15,1.9984014443252818e-15,0.0012943999900016934
8266,WMI,100,1250,750,6,5.915696431591208e-15,1.9984014443252818e-15,0.08478520001517609
8267,ISM,100,1250,750,6,7.219734298120477,0.8212102037051521,0.018183100008172914
8268,DI,100,1250,750,7,5.450822735289704e-15,1.9984014443252818e-15,0.001197000005049631
8269,WMI,100,1250,750,7,5.915696431591208e-15,1.9984014443252818e-15,0.032899899990297854
8270,ISM,100,1250,750,7,7.219734298120477,0.8212102037051521,0.01841049999347888
8271,DI,100,1250,750,8,5.450822735289704e-15,1.9984014443252818e-15,0.0020582000142894685
8272,WMI,100,1250,750,8,5.915696431591208e-15,1.9984014443252818e-15,0.031606300006387755
8273,ISM,100,1250,750,8,7.219734298120477,0.8212102037051521,0.01850659999763593
8274,DI,100,1250,750,9,5.450822735289704e-15,1.9984014443252818e-15,0.0017136000096797943
8275,WMI,100,1250,750,9,5.915696431591208e-15,1.9984014443252818e-15,0.031310099991969764
8276,ISM,100,1250,750,9,7.219734298120477,0.8212102037051521,0.019189999991795048
8277,DI,100,1250,750,10,5.450822735289704e-15,1.9984014443252818e-15,0.0017154999950435013
8278,WMI,100,1250,750,10,5.915696431591208e-15,1.9984014443252818e-15,0.03232440000283532
8279,ISM,100,1250,750,10,7.219734298120477,0.8212102037051521,0.019822700007352978
8280,DI,100,1250,750,11,5.450822735289704e-15,1.9984014443252818e-15,0.0014307000092230737
8281,WMI,100,1250,750,11,5.915696431591208e-15,1.9984014443252818e-15,0.03501749999122694
8282,ISM,100,1250,750,11,7.219734298120477,0.8212102037051521,0.029684999986784533
8283,DI,100,1250,750,12,5.450822735289704e-15,1.9984014443252818e-15,0.0014620000147260725
8284,WMI,100,1250,750,12,5.915696431591208e-15,1.9984014443252818e-15,0.030116100009763613
8285,ISM,100,1250,750,12,7.219734298120477,0.8212102037051521,0.01786969997920096
8286,DI,100,1250,750,13,5.450822735289704e-15,1.9984014443252818e-15,0.0028061000048182905
8287,WMI,100,1250,750,13,5.915696431591208e-15,1.9984014443252818e-15,0.031776799994986504
8288,ISM,100,1250,750,13,7.219734298120477,0.8212102037051521,0.018513500021072105
8289,DI,100,1250,750,14,5.450822735289704e-15,1.9984014443252818e-15,0.0021536999847739935
8290,WMI,100,1250,750,14,5.915696431591208e-15,1.9984014443252818e-15,0.03864189999876544
8291,ISM,100,1250,750,14,7.219734298120477,0.8212102037051521,0.01719250000314787
8292,DI,100,1250,750,15,5.450822735289704e-15,1.9984014443252818e-15,0.0014949000033084303
8293,WMI,100,1250,750,15,5.915696431591208e-15,1.9984014443252818e-15,0.032452299987198785
8294,ISM,100,1250,750,15,7.219734298120477,0.8212102037051521,0.022214900003746152
8295,DI,100,1250,750,16,5.450822735289704e-15,1.9984014443252818e-15,0.0016956999897956848
8296,WMI,100,1250,750,16,5.915696431591208e-15,1.9984014443252818e-15,0.03614240000024438
8297,ISM,100,1250,750,16,7.219734298120477,0.8212102037051521,0.039831799978856
8298,DI,100,1250,750,17,5.450822735289704e-15,1.9984014443252818e-15,0.00226990002556704
8299,WMI,100,1250,750,17,5.915696431591208e-15,1.9984014443252818e-15,0.042712199996458367
8300,ISM,100,1250,750,17,7.219734298120477,0.8212102037051521,0.030348800006322563
8301,DI,100,1250,750,18,5.450822735289704e-15,1.9984014443252818e-15,0.0020831000001635402
8302,WMI,100,1250,750,18,5.915696431591208e-15,1.9984014443252818e-15,0.037282300007063895
8303,ISM,100,1250,750,18,7.219734298120477,0.8212102037051521,0.01892010000301525
8304,DI,100,1250,750,19,5.450822735289704e-15,1.9984014443252818e-15,0.0014587000187020749
8305,WMI,100,1250,750,19,5.915696431591208e-15,1.9984014443252818e-15,0.03538650000700727
8306,ISM,100,1250,750,19,7.219734298120477,0.8212102037051521,0.02484060000278987
8307,DI,100,1250,750,20,5.450822735289704e-15,1.9984014443252818e-15,0.0018389000033494085
8308,WMI,100,1250,750,20,5.915696431591208e-15,1.9984014443252818e-15,0.029298000008566305
8309,ISM,100,1250,750,20,7.219734298120477,0.8212102037051521,0.01696890001767315
8310,DI,100,1250,750,21,5.450822735289704e-15,1.9984014443252818e-15,0.0017791000136639923
8311,WMI,100,1250,750,21,5.915696431591208e-15,1.9984014443252818e-15,0.03214339999249205
8312,ISM,100,1250,750,21,7.219734298120477,0.8212102037051521,0.027982700004940853
8313,DI,100,1250,750,22,5.450822735289704e-15,1.9984014443252818e-15,0.0017740000039339066
8314,WMI,100,1250,750,22,5.915696431591208e-15,1.9984014443252818e-15,0.04419339998275973
8315,ISM,100,1250,750,22,7.219734298120477,0.8212102037051521,0.01723679999122396
8316,DI,100,1250,750,23,5.450822735289704e-15,1.9984014443252818e-15,0.0009214000019710511
8317,WMI,100,1250,750,23,5.915696431591208e-15,1.9984014443252818e-15,0.10112680000020191
8318,ISM,100,1250,750,23,7.219734298120477,0.8212102037051521,0.020443699992028996
8319,DI,100,1250,750,24,5.450822735289704e-15,1.9984014443252818e-15,0.0011829000141005963
8320,WMI,100,1250,750,24,5.915696431591208e-15,1.9984014443252818e-15,0.031400499981828034
8321,ISM,100,1250,750,24,7.219734298120477,0.8212102037051521,0.016436600009910762
8322,DI,100,1250,750,25,5.450822735289704e-15,1.9984014443252818e-15,0.0017300000181421638
8323,WMI,100,1250,750,25,5.915696431591208e-15,1.9984014443252818e-15,0.03130480000982061
8324,ISM,100,1250,750,25,7.219734298120477,0.8212102037051521,0.017462699994212016
8325,DI,100,1250,750,26,5.450822735289704e-15,1.9984014443252818e-15,0.0010562000097706914
8326,WMI,100,1250,750,26,5.915696431591208e-15,1.9984014443252818e-15,0.0308589999913238
8327,ISM,100,1250,750,26,7.219734298120477,0.8212102037051521,0.01854679998359643
8328,DI,100,1250,750,27,5.450822735289704e-15,1.9984014443252818e-15,0.0009854999952949584
8329,WMI,100,1250,750,27,5.915696431591208e-15,1.9984014443252818e-15,0.03589939998346381
8330,ISM,100,1250,750,27,7.219734298120477,0.8212102037051521,0.02096630001324229
8331,DI,100,1250,750,28,5.450822735289704e-15,1.9984014443252818e-15,0.0025129000132437795
8332,WMI,100,1250,750,28,5.915696431591208e-15,1.9984014443252818e-15,0.034314499993342906
8333,ISM,100,1250,750,28,7.219734298120477,0.8212102037051521,0.0267607000132557
8334,DI,100,1250,750,29,5.450822735289704e-15,1.9984014443252818e-15,0.0016087999974843115
8335,WMI,100,1250,750,29,5.915696431591208e-15,1.9984014443252818e-15,0.03673079999862239
8336,ISM,100,1250,750,29,7.219734298120477,0.8212102037051521,0.02196760001243092
8337,DI,100,1250,750,30,5.450822735289704e-15,1.9984014443252818e-15,0.001292100001592189
8338,WMI,100,1250,750,30,5.915696431591208e-15,1.9984014443252818e-15,0.031784199993126094
8339,ISM,100,1250,750,30,7.219734298120477,0.8212102037051521,0.020197900012135506
8340,DI,100,1250,750,31,5.450822735289704e-15,1.9984014443252818e-15,0.0017494999920018017
8341,WMI,100,1250,750,31,5.915696431591208e-15,1.9984014443252818e-15,0.03237429997534491
8342,ISM,100,1250,750,31,7.219734298120477,0.8212102037051521,0.016407799994340166
8343,DI,100,1250,750,32,5.450822735289704e-15,1.9984014443252818e-15,0.002158399991458282
8344,WMI,100,1250,750,32,5.915696431591208e-15,1.9984014443252818e-15,0.03173419999075122
8345,ISM,100,1250,750,32,7.219734298120477,0.8212102037051521,0.01648869999917224
8346,DI,100,1250,750,33,5.450822735289704e-15,1.9984014443252818e-15,0.0017232000245712698
8347,WMI,100,1250,750,33,5.915696431591208e-15,1.9984014443252818e-15,0.035117899999022484
8348,ISM,100,1250,750,33,7.219734298120477,0.8212102037051521,0.03275380001286976
8349,DI,100,1250,750,34,5.450822735289704e-15,1.9984014443252818e-15,0.001369300007354468
8350,WMI,100,1250,750,34,5.915696431591208e-15,1.9984014443252818e-15,0.032763299997895956
8351,ISM,100,1250,750,34,7.219734298120477,0.8212102037051521,0.02133960000355728
8352,DI,100,1250,750,35,5.450822735289704e-15,1.9984014443252818e-15,0.0012866000179201365
8353,WMI,100,1250,750,35,5.915696431591208e-15,1.9984014443252818e-15,0.03254790001665242
8354,ISM,100,1250,750,35,7.219734298120477,0.8212102037051521,0.018145899986848235
8355,DI,100,1250,750,36,5.450822735289704e-15,1.9984014443252818e-15,0.0024653000000398606
8356,WMI,100,1250,750,36,5.915696431591208e-15,1.9984014443252818e-15,0.03000110000721179
8357,ISM,100,1250,750,36,7.219734298120477,0.8212102037051521,0.033944399998290464
8358,DI,100,1250,750,37,5.450822735289704e-15,1.9984014443252818e-15,0.002119500015396625
8359,WMI,100,1250,750,37,5.915696431591208e-15,1.9984014443252818e-15,0.03568169998470694
8360,ISM,100,1250,750,37,7.219734298120477,0.8212102037051521,0.01883440001984127
8361,DI,100,1250,750,38,5.450822735289704e-15,1.9984014443252818e-15,0.001735400001052767
8362,WMI,100,1250,750,38,5.915696431591208e-15,1.9984014443252818e-15,0.035612600011518225
8363,ISM,100,1250,750,38,7.219734298120477,0.8212102037051521,0.01778049999848008
8364,DI,100,1250,750,39,5.450822735289704e-15,1.9984014443252818e-15,0.0014825999969616532
8365,WMI,100,1250,750,39,5.915696431591208e-15,1.9984014443252818e-15,0.031205100007355213
8366,ISM,100,1250,750,39,7.219734298120477,0.8212102037051521,0.02586460000020452
8367,DI,100,1250,750,40,5.450822735289704e-15,1.9984014443252818e-15,0.001594500005012378
8368,WMI,100,1250,750,40,5.915696431591208e-15,1.9984014443252818e-15,0.034043599996948615
8369,ISM,100,1250,750,40,7.219734298120477,0.8212102037051521,0.01682240000809543
8370,DI,100,1250,750,41,5.450822735289704e-15,1.9984014443252818e-15,0.0011134000087622553
8371,WMI,100,1250,750,41,5.915696431591208e-15,1.9984014443252818e-15,0.029800699994666502
8372,ISM,100,1250,750,41,7.219734298120477,0.8212102037051521,0.017538599990075454
8373,DI,100,1250,750,42,5.450822735289704e-15,1.9984014443252818e-15,0.0015007999900262803
8374,WMI,100,1250,750,42,5.915696431591208e-15,1.9984014443252818e-15,0.03328590001910925
8375,ISM,100,1250,750,42,7.219734298120477,0.8212102037051521,0.021607200003927574
8376,DI,100,1250,750,43,5.450822735289704e-15,1.9984014443252818e-15,0.0012981999898329377
8377,WMI,100,1250,750,43,5.915696431591208e-15,1.9984014443252818e-15,0.034977200004504994
8378,ISM,100,1250,750,43,7.219734298120477,0.8212102037051521,0.02019720000680536
8379,DI,100,1250,750,44,5.450822735289704e-15,1.9984014443252818e-15,0.0022708000033162534
8380,WMI,100,1250,750,44,5.915696431591208e-15,1.9984014443252818e-15,0.036992000008467585
8381,ISM,100,1250,750,44,7.219734298120477,0.8212102037051521,0.026737299980595708
8382,DI,100,1250,750,45,5.450822735289704e-15,1.9984014443252818e-15,0.0017835999897215515
8383,WMI,100,1250,750,45,5.915696431591208e-15,1.9984014443252818e-15,0.03531649999786168
8384,ISM,100,1250,750,45,7.219734298120477,0.8212102037051521,0.01900129998102784
8385,DI,100,1250,750,46,5.450822735289704e-15,1.9984014443252818e-15,0.0013697000104002655
8386,WMI,100,1250,750,46,5.915696431591208e-15,1.9984014443252818e-15,0.034957700001541525
8387,ISM,100,1250,750,46,7.219734298120477,0.8212102037051521,0.018224500003270805
8388,DI,100,1250,750,47,5.450822735289704e-15,1.9984014443252818e-15,0.0013843000051565468
8389,WMI,100,1250,750,47,5.915696431591208e-15,1.9984014443252818e-15,0.03519840000080876
8390,ISM,100,1250,750,47,7.219734298120477,0.8212102037051521,0.017710700019961223
8391,DI,100,1250,750,48,5.450822735289704e-15,1.9984014443252818e-15,0.001337200024863705
8392,WMI,100,1250,750,48,5.915696431591208e-15,1.9984014443252818e-15,0.029543899989221245
8393,ISM,100,1250,750,48,7.219734298120477,0.8212102037051521,0.01744130000588484
8394,DI,100,1250,750,49,5.450822735289704e-15,1.9984014443252818e-15,0.001594500005012378
8395,WMI,100,1250,750,49,5.915696431591208e-15,1.9984014443252818e-15,0.03027799999108538
8396,ISM,100,1250,750,49,7.219734298120477,0.8212102037051521,0.016808299988042563
8397,DI,100,1250,750,50,5.450822735289704e-15,1.9984014443252818e-15,0.0017127000028267503
8398,WMI,100,1250,750,50,5.915696431591208e-15,1.9984014443252818e-15,0.034501500020269305
8399,ISM,100,1250,750,50,7.219734298120477,0.8212102037051521,0.01706809998722747
8400,DI,100,1250,750,51,5.450822735289704e-15,1.9984014443252818e-15,0.0012221000215504318
8401,WMI,100,1250,750,51,5.915696431591208e-15,1.9984014443252818e-15,0.0313800000003539
8402,DI,100,1250,750,52,5.450822735289704e-15,1.9984014443252818e-15,0.0009633000008761883
8403,WMI,100,1250,750,52,5.915696431591208e-15,1.9984014443252818e-15,0.028714299987768754
8404,DI,100,1250,750,53,5.450822735289704e-15,1.9984014443252818e-15,0.0013534999743569642
8405,WMI,100,1250,750,53,5.915696431591208e-15,1.9984014443252818e-15,0.027152399998158216
8406,DI,100,1250,750,54,5.450822735289704e-15,1.9984014443252818e-15,0.00101039998116903
8407,WMI,100,1250,750,54,5.915696431591208e-15,1.9984014443252818e-15,0.03473300000769086
8408,DI,100,1250,750,55,5.450822735289704e-15,1.9984014443252818e-15,0.001160199986770749
8409,WMI,100,1250,750,55,5.915696431591208e-15,1.9984014443252818e-15,0.029488100000889972
8410,DI,100,1250,750,56,5.450822735289704e-15,1.9984014443252818e-15,0.0010746000043582171
8411,WMI,100,1250,750,56,5.915696431591208e-15,1.9984014443252818e-15,0.03169479998177849
8412,DI,100,1250,750,57,5.450822735289704e-15,1.9984014443252818e-15,0.001885899982880801
8413,WMI,100,1250,750,57,5.915696431591208e-15,1.9984014443252818e-15,0.027692199975717813
8414,DI,100,1250,750,58,5.450822735289704e-15,1.9984014443252818e-15,0.0010668000031728297
8415,WMI,100,1250,750,58,5.915696431591208e-15,1.9984014443252818e-15,0.0288111999980174
8416,DI,100,1250,750,59,5.450822735289704e-15,1.9984014443252818e-15,0.0010864000068977475
8417,WMI,100,1250,750,59,5.915696431591208e-15,1.9984014443252818e-15,0.028054800000973046
8418,DI,100,1250,750,60,5.450822735289704e-15,1.9984014443252818e-15,0.0010984000109601766
8419,WMI,100,1250,750,60,5.915696431591208e-15,1.9984014443252818e-15,0.028967399994144216
8420,DI,100,1250,750,61,5.450822735289704e-15,1.9984014443252818e-15,0.0010888999968301505
8421,WMI,100,1250,750,61,5.915696431591208e-15,1.9984014443252818e-15,0.02750749999540858
8422,DI,100,1250,750,62,5.450822735289704e-15,1.9984014443252818e-15,0.0011128000041935593
8423,WMI,100,1250,750,62,5.915696431591208e-15,1.9984014443252818e-15,0.027775299997301772
8424,DI,100,1250,750,63,5.450822735289704e-15,1.9984014443252818e-15,0.0011919999960809946
8425,WMI,100,1250,750,63,5.915696431591208e-15,1.9984014443252818e-15,0.028969000006327406
8426,DI,100,1250,750,64,5.450822735289704e-15,1.9984014443252818e-15,0.0012715000193566084
8427,WMI,100,1250,750,64,5.915696431591208e-15,1.9984014443252818e-15,0.029432400013320148
8428,DI,100,1250,750,65,5.450822735289704e-15,1.9984014443252818e-15,0.001723699999274686
8429,WMI,100,1250,750,65,5.915696431591208e-15,1.9984014443252818e-15,0.028145299991592765
8430,DI,100,1250,750,66,5.450822735289704e-15,1.9984014443252818e-15,0.0010784000041894615
8431,WMI,100,1250,750,66,5.915696431591208e-15,1.9984014443252818e-15,0.028031400026520714
8432,DI,100,1250,750,67,5.450822735289704e-15,1.9984014443252818e-15,0.0010661999986041337
8433,WMI,100,1250,750,67,5.915696431591208e-15,1.9984014443252818e-15,0.028625000006286427
8434,DI,100,1250,750,68,5.450822735289704e-15,1.9984014443252818e-15,0.0011195999977644533
8435,WMI,100,1250,750,68,5.915696431591208e-15,1.9984014443252818e-15,0.029764899984002113
8436,DI,100,1250,750,69,5.450822735289704e-15,1.9984014443252818e-15,0.001589899999089539
8437,WMI,100,1250,750,69,5.915696431591208e-15,1.9984014443252818e-15,0.02944370001205243
8438,DI,100,1250,750,70,5.450822735289704e-15,1.9984014443252818e-15,0.001556600007461384
8439,WMI,100,1250,750,70,5.915696431591208e-15,1.9984014443252818e-15,0.032942499994533136
8440,DI,100,1250,750,71,5.450822735289704e-15,1.9984014443252818e-15,0.001126299990573898
8441,WMI,100,1250,750,71,5.915696431591208e-15,1.9984014443252818e-15,0.03064869999070652
8442,DI,100,1250,750,72,5.450822735289704e-15,1.9984014443252818e-15,0.0011371000146027654
8443,WMI,100,1250,750,72,5.915696431591208e-15,1.9984014443252818e-15,0.029929499985883012
8444,DI,100,1250,750,73,5.450822735289704e-15,1.9984014443252818e-15,0.00150830001803115
8445,WMI,100,1250,750,73,5.915696431591208e-15,1.9984014443252818e-15,0.03020530001958832
8446,DI,100,1250,750,74,5.450822735289704e-15,1.9984014443252818e-15,0.0011223000183235854
8447,WMI,100,1250,750,74,5.915696431591208e-15,1.9984014443252818e-15,0.029840100003639236
8448,DI,100,1250,750,75,5.450822735289704e-15,1.9984014443252818e-15,0.0011440000089351088
8449,WMI,100,1250,750,75,5.915696431591208e-15,1.9984014443252818e-15,0.03138300002319738
8450,DI,100,1250,750,76,5.450822735289704e-15,1.9984014443252818e-15,0.0015147999802138656
8451,WMI,100,1250,750,76,5.915696431591208e-15,1.9984014443252818e-15,0.031764900020789355
8452,DI,100,1250,750,77,5.450822735289704e-15,1.9984014443252818e-15,0.0011446999851614237
8453,WMI,100,1250,750,77,5.915696431591208e-15,1.9984014443252818e-15,0.028939900017576292
8454,DI,100,1250,750,78,5.450822735289704e-15,1.9984014443252818e-15,0.001167299982625991
8455,WMI,100,1250,750,78,5.915696431591208e-15,1.9984014443252818e-15,0.029338099993765354
8456,DI,100,1250,750,79,5.450822735289704e-15,1.9984014443252818e-15,0.0011158999986946583
8457,WMI,100,1250,750,79,5.915696431591208e-15,1.9984014443252818e-15,0.028993799991440028
8458,DI,100,1250,750,80,5.450822735289704e-15,1.9984014443252818e-15,0.0011653999972622842
8459,WMI,100,1250,750,80,5.915696431591208e-15,1.9984014443252818e-15,0.030835599987767637
8460,DI,100,1250,750,81,5.450822735289704e-15,1.9984014443252818e-15,0.0015167999954428524
8461,WMI,100,1250,750,81,5.915696431591208e-15,1.9984014443252818e-15,0.03027639997890219
8462,DI,100,1250,750,82,5.450822735289704e-15,1.9984014443252818e-15,0.0015107000072021037
8463,WMI,100,1250,750,82,5.915696431591208e-15,1.9984014443252818e-15,0.02971370000159368
8464,DI,100,1250,750,83,5.450822735289704e-15,1.9984014443252818e-15,0.0015272000164259225
8465,WMI,100,1250,750,83,5.915696431591208e-15,1.9984014443252818e-15,0.03168450001976453
8466,DI,100,1250,750,84,5.450822735289704e-15,1.9984014443252818e-15,0.0015221000066958368
8467,WMI,100,1250,750,84,5.915696431591208e-15,1.9984014443252818e-15,0.031449000001885
8468,DI,100,1250,750,85,5.450822735289704e-15,1.9984014443252818e-15,0.0011583000014070421
8469,WMI,100,1250,750,85,5.915696431591208e-15,1.9984014443252818e-15,0.03524130000732839
8470,DI,100,1250,750,86,5.450822735289704e-15,1.9984014443252818e-15,0.0016013999993447214
8471,WMI,100,1250,750,86,5.915696431591208e-15,1.9984014443252818e-15,0.03014340001391247
8472,DI,100,1250,750,87,5.450822735289704e-15,1.9984014443252818e-15,0.0016066000098362565
8473,WMI,100,1250,750,87,5.915696431591208e-15,1.9984014443252818e-15,0.027868199977092445
8474,DI,100,1250,750,88,5.450822735289704e-15,1.9984014443252818e-15,0.0011537999962456524
8475,WMI,100,1250,750,88,5.915696431591208e-15,1.9984014443252818e-15,0.029821000003721565
8476,DI,100,1250,750,89,5.450822735289704e-15,1.9984014443252818e-15,0.0011630999797489494
8477,WMI,100,1250,750,89,5.915696431591208e-15,1.9984014443252818e-15,0.028654800000367686
8478,DI,100,1250,750,90,5.450822735289704e-15,1.9984014443252818e-15,0.001328000013018027
8479,WMI,100,1250,750,90,5.915696431591208e-15,1.9984014443252818e-15,0.0295312000089325
8480,DI,100,1250,750,91,5.450822735289704e-15,1.9984014443252818e-15,0.0011860999802593142
8481,WMI,100,1250,750,91,5.915696431591208e-15,1.9984014443252818e-15,0.029157299984944984
8482,DI,100,1250,750,92,5.450822735289704e-15,1.9984014443252818e-15,0.0011669000086840242
8483,WMI,100,1250,750,92,5.915696431591208e-15,1.9984014443252818e-15,0.029681299987714738
8484,DI,100,1250,750,93,5.450822735289704e-15,1.9984014443252818e-15,0.0011543000000528991
8485,WMI,100,1250,750,93,5.915696431591208e-15,1.9984014443252818e-15,0.029463000013493
8486,DI,100,1250,750,94,5.450822735289704e-15,1.9984014443252818e-15,0.00155570000060834
8487,WMI,100,1250,750,94,5.915696431591208e-15,1.9984014443252818e-15,0.031033300008857623
8488,DI,100,1250,750,95,5.450822735289704e-15,1.9984014443252818e-15,0.0011905999854207039
8489,WMI,100,1250,750,95,5.915696431591208e-15,1.9984014443252818e-15,0.03246459999354556
8490,DI,100,1250,750,96,5.450822735289704e-15,1.9984014443252818e-15,0.001212700008181855
8491,WMI,100,1250,750,96,5.915696431591208e-15,1.9984014443252818e-15,0.03229600001941435
8492,DI,100,1250,750,97,5.450822735289704e-15,1.9984014443252818e-15,0.0015267999842762947
8493,WMI,100,1250,750,97,5.915696431591208e-15,1.9984014443252818e-15,0.029963499982841313
8494,DI,100,1250,750,98,5.450822735289704e-15,1.9984014443252818e-15,0.0019028999959118664
8495,WMI,100,1250,750,98,5.915696431591208e-15,1.9984014443252818e-15,0.031641999987186864
8496,DI,100,1250,750,99,5.450822735289704e-15,1.9984014443252818e-15,0.0012897999840788543
8497,WMI,100,1250,750,99,5.915696431591208e-15,1.9984014443252818e-15,0.03157270001247525
8498,DI,100,1250,750,100,5.450822735289704e-15,1.9984014443252818e-15,0.0012395000085234642
8499,WMI,100,1250,750,100,5.915696431591208e-15,1.9984014443252818e-15,0.03274759999476373
8500,DI,100,1250,750,101,5.450822735289704e-15,1.9984014443252818e-15,0.0012747999862767756
8501,WMI,100,1250,750,101,5.915696431591208e-15,1.9984014443252818e-15,0.03047520000836812
8502,DI,100,1250,750,102,5.450822735289704e-15,1.9984014443252818e-15,0.0012992999982088804
8503,WMI,100,1250,750,102,5.915696431591208e-15,1.9984014443252818e-15,0.028940899996086955
8504,DI,100,1250,750,103,5.450822735289704e-15,1.9984014443252818e-15,0.0012330000172369182
8505,WMI,100,1250,750,103,5.915696431591208e-15,1.9984014443252818e-15,0.031271599989850074
8506,DI,100,1250,750,104,5.450822735289704e-15,1.9984014443252818e-15,0.001305399986449629
8507,WMI,100,1250,750,104,5.915696431591208e-15,1.9984014443252818e-15,0.03024720001849346
8508,DI,100,1250,750,105,5.450822735289704e-15,1.9984014443252818e-15,0.0013527000264730304
8509,WMI,100,1250,750,105,5.915696431591208e-15,1.9984014443252818e-15,0.02937119998387061
8510,DI,100,1250,750,106,5.450822735289704e-15,1.9984014443252818e-15,0.0012144999927841127
8511,WMI,100,1250,750,106,5.915696431591208e-15,1.9984014443252818e-15,0.03204220000770874
8512,DI,100,1250,750,107,5.450822735289704e-15,1.9984014443252818e-15,0.001334200002020225
8513,WMI,100,1250,750,107,5.915696431591208e-15,1.9984014443252818e-15,0.030823000008240342
8514,DI,100,1250,750,108,5.450822735289704e-15,1.9984014443252818e-15,0.0012282000097911805
8515,WMI,100,1250,750,108,5.915696431591208e-15,1.9984014443252818e-15,0.030517100007273257
8516,DI,100,1250,750,109,5.450822735289704e-15,1.9984014443252818e-15,0.0012863999872934073
8517,WMI,100,1250,750,109,5.915696431591208e-15,1.9984014443252818e-15,0.030896500014932826
8518,DI,100,1250,750,110,5.450822735289704e-15,1.9984014443252818e-15,0.0016208000015467405
8519,WMI,100,1250,750,110,5.915696431591208e-15,1.9984014443252818e-15,0.030023700004676357
8520,DI,100,1250,750,111,5.450822735289704e-15,1.9984014443252818e-15,0.0016251999768428504
8521,WMI,100,1250,750,111,5.915696431591208e-15,1.9984014443252818e-15,0.033806399995228276
8522,DI,100,1250,750,112,5.450822735289704e-15,1.9984014443252818e-15,0.0012906000192742795
8523,WMI,100,1250,750,112,5.915696431591208e-15,1.9984014443252818e-15,0.03126459999475628
8524,DI,100,1250,750,113,5.450822735289704e-15,1.9984014443252818e-15,0.001220100006321445
8525,WMI,100,1250,750,113,5.915696431591208e-15,1.9984014443252818e-15,0.030494900012854487
8526,DI,100,1250,750,114,5.450822735289704e-15,1.9984014443252818e-15,0.0012934000114910305
8527,WMI,100,1250,750,114,5.915696431591208e-15,1.9984014443252818e-15,0.031858300004387274
8528,DI,100,1250,750,115,5.450822735289704e-15,1.9984014443252818e-15,0.0017017000063788146
8529,WMI,100,1250,750,115,5.915696431591208e-15,1.9984014443252818e-15,0.032243599998764694
8530,DI,100,1250,750,116,5.450822735289704e-15,1.9984014443252818e-15,0.0024231999996118248
8531,WMI,100,1250,750,116,5.915696431591208e-15,1.9984014443252818e-15,0.030812399985734373
8532,DI,100,1250,750,117,5.450822735289704e-15,1.9984014443252818e-15,0.0013445000222418457
8533,WMI,100,1250,750,117,5.915696431591208e-15,1.9984014443252818e-15,0.030397000024095178
8534,DI,100,1250,750,118,5.450822735289704e-15,1.9984014443252818e-15,0.0013167999859433621
8535,WMI,100,1250,750,118,5.915696431591208e-15,1.9984014443252818e-15,0.03019530000165105
8536,DI,100,1250,750,119,5.450822735289704e-15,1.9984014443252818e-15,0.0012765999999828637
8537,WMI,100,1250,750,119,5.915696431591208e-15,1.9984014443252818e-15,0.030348400003276765
8538,DI,100,1250,750,120,5.450822735289704e-15,1.9984014443252818e-15,0.0013028000248596072
8539,WMI,100,1250,750,120,5.915696431591208e-15,1.9984014443252818e-15,0.030808999988948926
8540,DI,100,1250,750,121,5.450822735289704e-15,1.9984014443252818e-15,0.0013629000168293715
8541,WMI,100,1250,750,121,5.915696431591208e-15,1.9984014443252818e-15,0.031388299976242706
8542,DI,100,1250,750,122,5.450822735289704e-15,1.9984014443252818e-15,0.0013119000068400055
8543,WMI,100,1250,750,122,5.915696431591208e-15,1.9984014443252818e-15,0.031189699977403507
8544,DI,100,1250,750,123,5.450822735289704e-15,1.9984014443252818e-15,0.0012774999777320772
8545,WMI,100,1250,750,123,5.915696431591208e-15,1.9984014443252818e-15,0.030286299996078014
8546,DI,100,1250,750,124,5.450822735289704e-15,1.9984014443252818e-15,0.0012986000219825655
8547,WMI,100,1250,750,124,5.915696431591208e-15,1.9984014443252818e-15,0.03180699999211356
8548,DI,100,1250,750,125,5.450822735289704e-15,1.9984014443252818e-15,0.0012698999780695885
8549,WMI,100,1250,750,125,5.915696431591208e-15,1.9984014443252818e-15,0.031102300010388717
8550,DI,100,1250,750,126,5.450822735289704e-15,1.9984014443252818e-15,0.0013423000054899603
8551,WMI,100,1250,750,126,5.915696431591208e-15,1.9984014443252818e-15,0.032081899989861995
8552,DI,100,1250,750,127,5.450822735289704e-15,1.9984014443252818e-15,0.0013982999953441322
8553,WMI,100,1250,750,127,5.915696431591208e-15,1.9984014443252818e-15,0.031769399996846914
8554,DI,100,1250,750,128,5.450822735289704e-15,1.9984014443252818e-15,0.0013888999819755554
8555,WMI,100,1250,750,128,5.915696431591208e-15,1.9984014443252818e-15,0.03103660000488162
8556,DI,100,1250,750,129,5.450822735289704e-15,1.9984014443252818e-15,0.0017515999788884073
8557,WMI,100,1250,750,129,5.915696431591208e-15,1.9984014443252818e-15,0.03109760000370443
8558,DI,100,1250,750,130,5.450822735289704e-15,1.9984014443252818e-15,0.0013069999986328185
8559,WMI,100,1250,750,130,5.915696431591208e-15,1.9984014443252818e-15,0.032104000012623146
8560,DI,100,1250,750,131,5.450822735289704e-15,1.9984014443252818e-15,0.0017140000127255917
8561,WMI,100,1250,750,131,5.915696431591208e-15,1.9984014443252818e-15,0.03110029999515973
8562,DI,100,1250,750,132,5.450822735289704e-15,1.9984014443252818e-15,0.001305699988733977
8563,WMI,100,1250,750,132,5.915696431591208e-15,1.9984014443252818e-15,0.030484999995678663
8564,DI,100,1250,750,133,5.450822735289704e-15,1.9984014443252818e-15,0.0017493000195827335
8565,WMI,100,1250,750,133,5.915696431591208e-15,1.9984014443252818e-15,0.03127029997995123
8566,DI,100,1250,750,134,5.450822735289704e-15,1.9984014443252818e-15,0.001671100006205961
8567,WMI,100,1250,750,134,5.915696431591208e-15,1.9984014443252818e-15,0.03231720000621863
8568,DI,100,1250,750,135,5.450822735289704e-15,1.9984014443252818e-15,0.0016898000030778348
8569,WMI,100,1250,750,135,5.915696431591208e-15,1.9984014443252818e-15,0.031381200009491295
8570,DI,100,1250,750,136,5.450822735289704e-15,1.9984014443252818e-15,0.0013050000125076622
8571,WMI,100,1250,750,136,5.915696431591208e-15,1.9984014443252818e-15,0.03187570002046414
8572,DI,100,1250,750,137,5.450822735289704e-15,1.9984014443252818e-15,0.00130229999194853
8573,WMI,100,1250,750,137,5.915696431591208e-15,1.9984014443252818e-15,0.030438799993135035
8574,DI,100,1250,750,138,5.450822735289704e-15,1.9984014443252818e-15,0.001282899989746511
8575,WMI,100,1250,750,138,5.915696431591208e-15,1.9984014443252818e-15,0.03319419999024831
8576,DI,100,1250,750,139,5.450822735289704e-15,1.9984014443252818e-15,0.0013299999991431832
8577,WMI,100,1250,750,139,5.915696431591208e-15,1.9984014443252818e-15,0.03095970000140369
8578,DI,100,1250,750,140,5.450822735289704e-15,1.9984014443252818e-15,0.0017755000153556466
8579,WMI,100,1250,750,140,5.915696431591208e-15,1.9984014443252818e-15,0.03212680001161061
8580,DI,100,1250,750,141,5.450822735289704e-15,1.9984014443252818e-15,0.0013786000199615955
8581,WMI,100,1250,750,141,5.915696431591208e-15,1.9984014443252818e-15,0.03256309998687357
8582,DI,100,1250,750,142,5.450822735289704e-15,1.9984014443252818e-15,0.0013435999862849712
8583,WMI,100,1250,750,142,5.915696431591208e-15,1.9984014443252818e-15,0.03183520000311546
8584,DI,100,1250,750,143,5.450822735289704e-15,1.9984014443252818e-15,0.00135119998594746
8585,WMI,100,1250,750,143,5.915696431591208e-15,1.9984014443252818e-15,0.03366640000604093
8586,DI,100,1250,750,144,5.450822735289704e-15,1.9984014443252818e-15,0.001808300003176555
8587,WMI,100,1250,750,144,5.915696431591208e-15,1.9984014443252818e-15,0.03389220000826754
8588,DI,100,1250,750,145,5.450822735289704e-15,1.9984014443252818e-15,0.0013173000188544393
8589,WMI,100,1250,750,145,5.915696431591208e-15,1.9984014443252818e-15,0.03194370001438074
8590,DI,100,1250,750,146,5.450822735289704e-15,1.9984014443252818e-15,0.0016986999835353345
8591,WMI,100,1250,750,146,5.915696431591208e-15,1.9984014443252818e-15,0.030917100026272237
8592,DI,100,1250,750,147,5.450822735289704e-15,1.9984014443252818e-15,0.0013781000161543489
8593,WMI,100,1250,750,147,5.915696431591208e-15,1.9984014443252818e-15,0.03199560000211932
8594,DI,100,1250,750,148,5.450822735289704e-15,1.9984014443252818e-15,0.0013649000029545277
8595,WMI,100,1250,750,148,5.915696431591208e-15,1.9984014443252818e-15,0.032945700018899515
8596,DI,100,1250,750,149,5.450822735289704e-15,1.9984014443252818e-15,0.001448099996196106
8597,WMI,100,1250,750,149,5.915696431591208e-15,1.9984014443252818e-15,0.032876300014322624
8598,DI,100,1250,750,150,5.450822735289704e-15,1.9984014443252818e-15,0.00181350001366809
8599,WMI,100,1250,750,150,5.915696431591208e-15,1.9984014443252818e-15,0.03355649998411536
8600,DI,100,1250,750,151,5.450822735289704e-15,1.9984014443252818e-15,0.0013843000051565468
8601,WMI,100,1250,750,151,5.915696431591208e-15,1.9984014443252818e-15,0.032120500021846965
8602,DI,100,1250,750,152,5.450822735289704e-15,1.9984014443252818e-15,0.0014037999790161848
8603,WMI,100,1250,750,152,5.915696431591208e-15,1.9984014443252818e-15,0.03310689999489114
8604,DI,100,1250,750,153,5.450822735289704e-15,1.9984014443252818e-15,0.0013678000250365585
8605,WMI,100,1250,750,153,5.915696431591208e-15,1.9984014443252818e-15,0.0326028999988921
8606,DI,100,1250,750,154,5.450822735289704e-15,1.9984014443252818e-15,0.0014106000016909093
8607,WMI,100,1250,750,154,5.915696431591208e-15,1.9984014443252818e-15,0.03183049999643117
8608,DI,100,1250,750,155,5.450822735289704e-15,1.9984014443252818e-15,0.001783300016541034
8609,WMI,100,1250,750,155,5.915696431591208e-15,1.9984014443252818e-15,0.03355100000044331
8610,DI,100,1250,750,156,5.450822735289704e-15,1.9984014443252818e-15,0.0017374999879393727
8611,WMI,100,1250,750,156,5.915696431591208e-15,1.9984014443252818e-15,0.03281330000027083
8612,DI,100,1250,750,157,5.450822735289704e-15,1.9984014443252818e-15,0.0014063999988138676
8613,WMI,100,1250,750,157,5.915696431591208e-15,1.9984014443252818e-15,0.03356619999976829
8614,DI,100,1250,750,158,5.450822735289704e-15,1.9984014443252818e-15,0.0013490999990608543
8615,WMI,100,1250,750,158,5.915696431591208e-15,1.9984014443252818e-15,0.0348091000050772
8616,DI,100,1250,750,159,5.450822735289704e-15,1.9984014443252818e-15,0.0013376999995671213
8617,WMI,100,1250,750,159,5.915696431591208e-15,1.9984014443252818e-15,0.03292739999596961
8618,DI,100,1250,750,160,5.450822735289704e-15,1.9984014443252818e-15,0.0013236000086180866
8619,WMI,100,1250,750,160,5.915696431591208e-15,1.9984014443252818e-15,0.03215330000966787
8620,DI,100,1250,750,161,5.450822735289704e-15,1.9984014443252818e-15,0.0013686000020243227
8621,WMI,100,1250,750,161,5.915696431591208e-15,1.9984014443252818e-15,0.03471399997943081
8622,DI,100,1250,750,162,5.450822735289704e-15,1.9984014443252818e-15,0.0017186999903060496
8623,WMI,100,1250,750,162,5.915696431591208e-15,1.9984014443252818e-15,0.03341789997648448
8624,DI,100,1250,750,163,5.450822735289704e-15,1.9984014443252818e-15,0.0015328000008594245
8625,WMI,100,1250,750,163,5.915696431591208e-15,1.9984014443252818e-15,0.0319675000209827
8626,DI,100,1250,750,164,5.450822735289704e-15,1.9984014443252818e-15,0.0015265000110957772
8627,WMI,100,1250,750,164,5.915696431591208e-15,1.9984014443252818e-15,0.033424199995351955
8628,DI,100,1250,750,165,5.450822735289704e-15,1.9984014443252818e-15,0.0015087000210769475
8629,WMI,100,1250,750,165,5.915696431591208e-15,1.9984014443252818e-15,0.03437149999081157
8630,DI,100,1250,750,166,5.450822735289704e-15,1.9984014443252818e-15,0.0014304000069387257
8631,WMI,100,1250,750,166,5.915696431591208e-15,1.9984014443252818e-15,0.03358250000746921
8632,DI,100,1250,750,167,5.450822735289704e-15,1.9984014443252818e-15,0.0014264999772422016
8633,WMI,100,1250,750,167,5.915696431591208e-15,1.9984014443252818e-15,0.03302800000528805
8634,DI,100,1250,750,168,5.450822735289704e-15,1.9984014443252818e-15,0.0013655999791808426
8635,WMI,100,1250,750,168,5.915696431591208e-15,1.9984014443252818e-15,0.032289499999023974
8636,DI,100,1250,750,169,5.450822735289704e-15,1.9984014443252818e-15,0.001973299978999421
8637,WMI,100,1250,750,169,5.915696431591208e-15,1.9984014443252818e-15,0.03259359998628497
8638,DI,100,1250,750,170,5.450822735289704e-15,1.9984014443252818e-15,0.0014670999953523278
8639,WMI,100,1250,750,170,5.915696431591208e-15,1.9984014443252818e-15,0.03244569999515079
8640,DI,100,1250,750,171,5.450822735289704e-15,1.9984014443252818e-15,0.0013826999929733574
8641,WMI,100,1250,750,171,5.915696431591208e-15,1.9984014443252818e-15,0.03393040000810288
8642,DI,100,1250,750,172,5.450822735289704e-15,1.9984014443252818e-15,0.0017448999860789627
8643,WMI,100,1250,750,172,5.915696431591208e-15,1.9984014443252818e-15,0.03295400002389215
8644,DI,100,1250,750,173,5.450822735289704e-15,1.9984014443252818e-15,0.001865100028226152
8645,WMI,100,1250,750,173,5.915696431591208e-15,1.9984014443252818e-15,0.03184829998645
8646,DI,100,1250,750,174,5.450822735289704e-15,1.9984014443252818e-15,0.0013119999784976244
8647,WMI,100,1250,750,174,5.915696431591208e-15,1.9984014443252818e-15,0.032648099993821234
8648,DI,100,1250,750,175,5.450822735289704e-15,1.9984014443252818e-15,0.001452099997550249
8649,WMI,100,1250,750,175,5.915696431591208e-15,1.9984014443252818e-15,0.03313490000437014
8650,DI,100,1250,750,176,5.450822735289704e-15,1.9984014443252818e-15,0.0017483000119682401
8651,WMI,100,1250,750,176,5.915696431591208e-15,1.9984014443252818e-15,0.03267479999340139
8652,DI,100,1250,750,177,5.450822735289704e-15,1.9984014443252818e-15,0.0013901999918743968
8653,WMI,100,1250,750,177,5.915696431591208e-15,1.9984014443252818e-15,0.03289449997828342
8654,DI,100,1250,750,178,5.450822735289704e-15,1.9984014443252818e-15,0.0021095000265631825
8655,WMI,100,1250,750,178,5.915696431591208e-15,1.9984014443252818e-15,0.033428700000513345
8656,DI,100,1250,750,179,5.450822735289704e-15,1.9984014443252818e-15,0.0014481000252999365
8657,WMI,100,1250,750,179,5.915696431591208e-15,1.9984014443252818e-15,0.032428800011985004
8658,DI,100,1250,750,180,5.450822735289704e-15,1.9984014443252818e-15,0.0013785000192001462
8659,WMI,100,1250,750,180,5.915696431591208e-15,1.9984014443252818e-15,0.033320000016829
8660,DI,100,1250,750,181,5.450822735289704e-15,1.9984014443252818e-15,0.0015450000064447522
8661,WMI,100,1250,750,181,5.915696431591208e-15,1.9984014443252818e-15,0.03206080000381917
8662,DI,100,1250,750,182,5.450822735289704e-15,1.9984014443252818e-15,0.001418800005922094
8663,WMI,100,1250,750,182,5.915696431591208e-15,1.9984014443252818e-15,0.032058399985544384
8664,DI,100,1250,750,183,5.450822735289704e-15,1.9984014443252818e-15,0.0016315000248141587
8665,WMI,100,1250,750,183,5.915696431591208e-15,1.9984014443252818e-15,0.0319230999739375
8666,DI,100,1250,750,184,5.450822735289704e-15,1.9984014443252818e-15,0.0014647000061813742
8667,WMI,100,1250,750,184,5.915696431591208e-15,1.9984014443252818e-15,0.03409790000296198
8668,DI,100,1250,750,185,5.450822735289704e-15,1.9984014443252818e-15,0.0013763999741058797
8669,WMI,100,1250,750,185,5.915696431591208e-15,1.9984014443252818e-15,0.032751699996879324
8670,DI,100,1250,750,186,5.450822735289704e-15,1.9984014443252818e-15,0.001348000019788742
8671,WMI,100,1250,750,186,5.915696431591208e-15,1.9984014443252818e-15,0.032145699980901554
8672,DI,100,1250,750,187,5.450822735289704e-15,1.9984014443252818e-15,0.0018404000147711486
8673,WMI,100,1250,750,187,5.915696431591208e-15,1.9984014443252818e-15,0.03245189998415299
8674,DI,100,1250,750,188,5.450822735289704e-15,1.9984014443252818e-15,0.001375799998641014
8675,WMI,100,1250,750,188,5.915696431591208e-15,1.9984014443252818e-15,0.03260720000253059
8676,DI,100,1250,750,189,5.450822735289704e-15,1.9984014443252818e-15,0.0014161000144667923
8677,WMI,100,1250,750,189,5.915696431591208e-15,1.9984014443252818e-15,0.0314574999792967
8678,DI,100,1250,750,190,5.450822735289704e-15,1.9984014443252818e-15,0.0014617000124417245
8679,WMI,100,1250,750,190,5.915696431591208e-15,1.9984014443252818e-15,0.03405859999475069
8680,DI,100,1250,750,191,5.450822735289704e-15,1.9984014443252818e-15,0.0013669999898411334
8681,WMI,100,1250,750,191,5.915696431591208e-15,1.9984014443252818e-15,0.03263940001488663
8682,DI,100,1250,750,192,5.450822735289704e-15,1.9984014443252818e-15,0.0013706999889109284
8683,WMI,100,1250,750,192,5.915696431591208e-15,1.9984014443252818e-15,0.031527899991488084
8684,DI,100,1250,750,193,5.450822735289704e-15,1.9984014443252818e-15,0.0014434000186156482
8685,WMI,100,1250,750,193,5.915696431591208e-15,1.9984014443252818e-15,0.0319073999999091
8686,DI,100,1250,750,194,5.450822735289704e-15,1.9984014443252818e-15,0.001977100007934496
8687,WMI,100,1250,750,194,5.915696431591208e-15,1.9984014443252818e-15,0.03329630001098849
8688,DI,100,1250,750,195,5.450822735289704e-15,1.9984014443252818e-15,0.0018792999908328056
8689,WMI,100,1250,750,195,5.915696431591208e-15,1.9984014443252818e-15,0.033047799981432036
8690,DI,100,1250,750,196,5.450822735289704e-15,1.9984014443252818e-15,0.0013427000085357577
8691,WMI,100,1250,750,196,5.915696431591208e-15,1.9984014443252818e-15,0.03298479999648407
8692,DI,100,1250,750,197,5.450822735289704e-15,1.9984014443252818e-15,0.0013688000035472214
8693,WMI,100,1250,750,197,5.915696431591208e-15,1.9984014443252818e-15,0.03137489999062382
8694,DI,100,1250,750,198,5.450822735289704e-15,1.9984014443252818e-15,0.0013611000031232834
8695,WMI,100,1250,750,198,5.915696431591208e-15,1.9984014443252818e-15,0.032572099997196347
8696,DI,100,1250,750,199,5.450822735289704e-15,1.9984014443252818e-15,0.002004500012844801
8697,WMI,100,1250,750,199,5.915696431591208e-15,1.9984014443252818e-15,0.033117599989054725
8698,DI,100,1250,750,200,5.450822735289704e-15,1.9984014443252818e-15,0.001363799994578585
8699,WMI,100,1250,750,200,5.915696431591208e-15,1.9984014443252818e-15,0.03383219998795539
8700,DI,100,1000,1000,1,5.38552868713111e-15,1.9984014443252818e-15,0.0021741999953519553
8701,WMI,100,1000,1000,1,6.487154638399224e-15,1.7763568394002505e-15,0.06992529999115504
8702,ISM,100,1000,1000,1,12.263184477389503,1.3407624574132617,0.03159400000004098
8703,DI,100,1000,1000,2,5.38552868713111e-15,1.9984014443252818e-15,0.0021621999912895262
8704,WMI,100,1000,1000,2,6.487154638399224e-15,1.7763568394002505e-15,0.06430829997407272
8705,ISM,100,1000,1000,2,12.263184477389503,1.3407624574132617,0.040979299985338
8706,DI,100,1000,1000,3,5.38552868713111e-15,1.9984014443252818e-15,0.0024154999991878867
8707,WMI,100,1000,1000,3,6.487154638399224e-15,1.7763568394002505e-15,0.06671069998992607
8708,ISM,100,1000,1000,3,12.263184477389503,1.3407624574132617,0.027757200004998595
8709,DI,100,1000,1000,4,5.38552868713111e-15,1.9984014443252818e-15,0.0027358000224921852
8710,WMI,100,1000,1000,4,6.487154638399224e-15,1.7763568394002505e-15,0.06107569998130202
8711,ISM,100,1000,1000,4,12.263184477389503,1.3407624574132617,0.03174059998127632
8712,DI,100,1000,1000,5,5.38552868713111e-15,1.9984014443252818e-15,0.0016940000059548765
8713,WMI,100,1000,1000,5,6.487154638399224e-15,1.7763568394002505e-15,0.07415240001864731
8714,ISM,100,1000,1000,5,12.263184477389503,1.3407624574132617,0.02724349999334663
8715,DI,100,1000,1000,6,5.38552868713111e-15,1.9984014443252818e-15,0.0023462999961338937
8716,WMI,100,1000,1000,6,6.487154638399224e-15,1.7763568394002505e-15,0.063710100017488
8717,ISM,100,1000,1000,6,12.263184477389503,1.3407624574132617,0.02645569999003783
8718,DI,100,1000,1000,7,5.38552868713111e-15,1.9984014443252818e-15,0.003029000014066696
8719,WMI,100,1000,1000,7,6.487154638399224e-15,1.7763568394002505e-15,0.06108519999543205
8720,ISM,100,1000,1000,7,12.263184477389503,1.3407624574132617,0.028891800000565127
8721,DI,100,1000,1000,8,5.38552868713111e-15,1.9984014443252818e-15,0.0016100999782793224
8722,WMI,100,1000,1000,8,6.487154638399224e-15,1.7763568394002505e-15,0.05826669998350553
8723,ISM,100,1000,1000,8,12.263184477389503,1.3407624574132617,0.02743320001172833
8724,DI,100,1000,1000,9,5.38552868713111e-15,1.9984014443252818e-15,0.0015263999812304974
8725,WMI,100,1000,1000,9,6.487154638399224e-15,1.7763568394002505e-15,0.06582020001951605
8726,ISM,100,1000,1000,9,12.263184477389503,1.3407624574132617,0.031653799989726394
8727,DI,100,1000,1000,10,5.38552868713111e-15,1.9984014443252818e-15,0.0018330000166315585
8728,WMI,100,1000,1000,10,6.487154638399224e-15,1.7763568394002505e-15,0.05703850000281818
8729,ISM,100,1000,1000,10,12.263184477389503,1.3407624574132617,0.03235980001045391
8730,DI,100,1000,1000,11,5.38552868713111e-15,1.9984014443252818e-15,0.0016028000100050122
8731,WMI,100,1000,1000,11,6.487154638399224e-15,1.7763568394002505e-15,0.05642379997880198
8732,ISM,100,1000,1000,11,12.263184477389503,1.3407624574132617,0.027888999989954755
8733,DI,100,1000,1000,12,5.38552868713111e-15,1.9984014443252818e-15,0.001988000003620982
8734,WMI,100,1000,1000,12,6.487154638399224e-15,1.7763568394002505e-15,0.0584705000219401
8735,ISM,100,1000,1000,12,12.263184477389503,1.3407624574132617,0.027204700018046424
8736,DI,100,1000,1000,13,5.38552868713111e-15,1.9984014443252818e-15,0.0015270000149030238
8737,WMI,100,1000,1000,13,6.487154638399224e-15,1.7763568394002505e-15,0.058226099994499236
8738,ISM,100,1000,1000,13,12.263184477389503,1.3407624574132617,0.030415100016398355
8739,DI,100,1000,1000,14,5.38552868713111e-15,1.9984014443252818e-15,0.0018032999942079186
8740,WMI,100,1000,1000,14,6.487154638399224e-15,1.7763568394002505e-15,0.062081400013994426
8741,ISM,100,1000,1000,14,12.263184477389503,1.3407624574132617,0.026036600000225008
8742,DI,100,1000,1000,15,5.38552868713111e-15,1.9984014443252818e-15,0.002284299989696592
8743,WMI,100,1000,1000,15,6.487154638399224e-15,1.7763568394002505e-15,0.0647647000150755
8744,ISM,100,1000,1000,15,12.263184477389503,1.3407624574132617,0.028217399987624958
8745,DI,100,1000,1000,16,5.38552868713111e-15,1.9984014443252818e-15,0.002393400005530566
8746,WMI,100,1000,1000,16,6.487154638399224e-15,1.7763568394002505e-15,0.06111139999120496
8747,ISM,100,1000,1000,16,12.263184477389503,1.3407624574132617,0.031990100018447265
8748,DI,100,1000,1000,17,5.38552868713111e-15,1.9984014443252818e-15,0.0032229000062216073
8749,WMI,100,1000,1000,17,6.487154638399224e-15,1.7763568394002505e-15,0.06462099999771453
8750,ISM,100,1000,1000,17,12.263184477389503,1.3407624574132617,0.026027999992948025
8751,DI,100,1000,1000,18,5.38552868713111e-15,1.9984014443252818e-15,0.002717700001085177
8752,WMI,100,1000,1000,18,6.487154638399224e-15,1.7763568394002505e-15,0.05906409997260198
8753,ISM,100,1000,1000,18,12.263184477389503,1.3407624574132617,0.02821699998457916
8754,DI,100,1000,1000,19,5.38552868713111e-15,1.9984014443252818e-15,0.0026483999972697347
8755,WMI,100,1000,1000,19,6.487154638399224e-15,1.7763568394002505e-15,0.059575999999651685
8756,ISM,100,1000,1000,19,12.263184477389503,1.3407624574132617,0.029364199988776818
8757,DI,100,1000,1000,20,5.38552868713111e-15,1.9984014443252818e-15,0.0017257999861612916
8758,WMI,100,1000,1000,20,6.487154638399224e-15,1.7763568394002505e-15,0.05898449997766875
8759,ISM,100,1000,1000,20,12.263184477389503,1.3407624574132617,0.02613230000133626
8760,DI,100,1000,1000,21,5.38552868713111e-15,1.9984014443252818e-15,0.002287500014062971
8761,WMI,100,1000,1000,21,6.487154638399224e-15,1.7763568394002505e-15,0.056188899994594976
8762,ISM,100,1000,1000,21,12.263184477389503,1.3407624574132617,0.03171969999675639
8763,DI,100,1000,1000,22,5.38552868713111e-15,1.9984014443252818e-15,0.0016899000038392842
8764,WMI,100,1000,1000,22,6.487154638399224e-15,1.7763568394002505e-15,0.05729620001511648
8765,ISM,100,1000,1000,22,12.263184477389503,1.3407624574132617,0.025996799988206476
8766,DI,100,1000,1000,23,5.38552868713111e-15,1.9984014443252818e-15,0.001749599992763251
8767,WMI,100,1000,1000,23,6.487154638399224e-15,1.7763568394002505e-15,0.059112399991136044
8768,ISM,100,1000,1000,23,12.263184477389503,1.3407624574132617,0.025758300005691126
8769,DI,100,1000,1000,24,5.38552868713111e-15,1.9984014443252818e-15,0.0023824000090826303
8770,WMI,100,1000,1000,24,6.487154638399224e-15,1.7763568394002505e-15,0.060968800011323765
8771,ISM,100,1000,1000,24,12.263184477389503,1.3407624574132617,0.02600499999243766
8772,DI,100,1000,1000,25,5.38552868713111e-15,1.9984014443252818e-15,0.0029298999870661646
8773,WMI,100,1000,1000,25,6.487154638399224e-15,1.7763568394002505e-15,0.11624240002129227
8774,ISM,100,1000,1000,25,12.263184477389503,1.3407624574132617,0.02582020001136698
8775,DI,100,1000,1000,26,5.38552868713111e-15,1.9984014443252818e-15,0.0011750000121537596
8776,WMI,100,1000,1000,26,6.487154638399224e-15,1.7763568394002505e-15,0.05835770000703633
8777,ISM,100,1000,1000,26,12.263184477389503,1.3407624574132617,0.026872200018260628
8778,DI,100,1000,1000,27,5.38552868713111e-15,1.9984014443252818e-15,0.001881500007584691
8779,WMI,100,1000,1000,27,6.487154638399224e-15,1.7763568394002505e-15,0.05851470000925474
8780,ISM,100,1000,1000,27,12.263184477389503,1.3407624574132617,0.02759789998526685
8781,DI,100,1000,1000,28,5.38552868713111e-15,1.9984014443252818e-15,0.0012389000039547682
8782,WMI,100,1000,1000,28,6.487154638399224e-15,1.7763568394002505e-15,0.05369090000749566
8783,ISM,100,1000,1000,28,12.263184477389503,1.3407624574132617,0.032323399995220825
8784,DI,100,1000,1000,29,5.38552868713111e-15,1.9984014443252818e-15,0.001403700007358566
8785,WMI,100,1000,1000,29,6.487154638399224e-15,1.7763568394002505e-15,0.0496988000231795
8786,ISM,100,1000,1000,29,12.263184477389503,1.3407624574132617,0.02131730000837706
8787,DI,100,1000,1000,30,5.38552868713111e-15,1.9984014443252818e-15,0.0012566999939735979
8788,WMI,100,1000,1000,30,6.487154638399224e-15,1.7763568394002505e-15,0.050725100009003654
8789,ISM,100,1000,1000,30,12.263184477389503,1.3407624574132617,0.026982599985785782
8790,DI,100,1000,1000,31,5.38552868713111e-15,1.9984014443252818e-15,0.002894000004744157
8791,WMI,100,1000,1000,31,6.487154638399224e-15,1.7763568394002505e-15,0.05035060000955127
8792,ISM,100,1000,1000,31,12.263184477389503,1.3407624574132617,0.023170500004198402
8793,DI,100,1000,1000,32,5.38552868713111e-15,1.9984014443252818e-15,0.002440299984300509
8794,WMI,100,1000,1000,32,6.487154638399224e-15,1.7763568394002505e-15,0.05301140001392923
8795,ISM,100,1000,1000,32,12.263184477389503,1.3407624574132617,0.02330839997739531
8796,DI,100,1000,1000,33,5.38552868713111e-15,1.9984014443252818e-15,0.0014405000256374478
8797,WMI,100,1000,1000,33,6.487154638399224e-15,1.7763568394002505e-15,0.05068839999148622
8798,ISM,100,1000,1000,33,12.263184477389503,1.3407624574132617,0.022471800009952858
8799,DI,100,1000,1000,34,5.38552868713111e-15,1.9984014443252818e-15,0.0012584999785758555
8800,WMI,100,1000,1000,34,6.487154638399224e-15,1.7763568394002505e-15,0.04867629997897893
8801,ISM,100,1000,1000,34,12.263184477389503,1.3407624574132617,0.023673799994867295
8802,DI,100,1000,1000,35,5.38552868713111e-15,1.9984014443252818e-15,0.0014607000048272312
8803,WMI,100,1000,1000,35,6.487154638399224e-15,1.7763568394002505e-15,0.055661700025666505
8804,ISM,100,1000,1000,35,12.263184477389503,1.3407624574132617,0.023485799989430234
8805,DI,100,1000,1000,36,5.38552868713111e-15,1.9984014443252818e-15,0.0013513999874703586
8806,WMI,100,1000,1000,36,6.487154638399224e-15,1.7763568394002505e-15,0.05793629999971017
8807,ISM,100,1000,1000,36,12.263184477389503,1.3407624574132617,0.028598699980648234
8808,DI,100,1000,1000,37,5.38552868713111e-15,1.9984014443252818e-15,0.0027354999911040068
8809,WMI,100,1000,1000,37,6.487154638399224e-15,1.7763568394002505e-15,0.05657800001790747
8810,ISM,100,1000,1000,37,12.263184477389503,1.3407624574132617,0.023735700000543147
8811,DI,100,1000,1000,38,5.38552868713111e-15,1.9984014443252818e-15,0.0020938999950885773
8812,WMI,100,1000,1000,38,6.487154638399224e-15,1.7763568394002505e-15,0.060368899983586743
8813,ISM,100,1000,1000,38,12.263184477389503,1.3407624574132617,0.02253240000572987
8814,DI,100,1000,1000,39,5.38552868713111e-15,1.9984014443252818e-15,0.00148610002361238
8815,WMI,100,1000,1000,39,6.487154638399224e-15,1.7763568394002505e-15,0.058045800018589944
8816,ISM,100,1000,1000,39,12.263184477389503,1.3407624574132617,0.022177099977852777
8817,DI,100,1000,1000,40,5.38552868713111e-15,1.9984014443252818e-15,0.0027058999985456467
8818,WMI,100,1000,1000,40,6.487154638399224e-15,1.7763568394002505e-15,0.05716719999327324
8819,ISM,100,1000,1000,40,12.263184477389503,1.3407624574132617,0.024352800013730302
8820,DI,100,1000,1000,41,5.38552868713111e-15,1.9984014443252818e-15,0.0016121999942697585
8821,WMI,100,1000,1000,41,6.487154638399224e-15,1.7763568394002505e-15,0.05489190001389943
8822,ISM,100,1000,1000,41,12.263184477389503,1.3407624574132617,0.02236329999868758
8823,DI,100,1000,1000,42,5.38552868713111e-15,1.9984014443252818e-15,0.001873500004876405
8824,WMI,100,1000,1000,42,6.487154638399224e-15,1.7763568394002505e-15,0.055451399995945394
8825,ISM,100,1000,1000,42,12.263184477389503,1.3407624574132617,0.029423900006804615
8826,DI,100,1000,1000,43,5.38552868713111e-15,1.9984014443252818e-15,0.001333899999735877
8827,WMI,100,1000,1000,43,6.487154638399224e-15,1.7763568394002505e-15,0.05501149999327026
8828,ISM,100,1000,1000,43,12.263184477389503,1.3407624574132617,0.02372800000011921
8829,DI,100,1000,1000,44,5.38552868713111e-15,1.9984014443252818e-15,0.0014594999956898391
8830,WMI,100,1000,1000,44,6.487154638399224e-15,1.7763568394002505e-15,0.05606580001767725
8831,ISM,100,1000,1000,44,12.263184477389503,1.3407624574132617,0.024325899983523414
8832,DI,100,1000,1000,45,5.38552868713111e-15,1.9984014443252818e-15,0.001379300025291741
8833,WMI,100,1000,1000,45,6.487154638399224e-15,1.7763568394002505e-15,0.05396430002292618
8834,ISM,100,1000,1000,45,12.263184477389503,1.3407624574132617,0.024679699999978766
8835,DI,100,1000,1000,46,5.38552868713111e-15,1.9984014443252818e-15,0.0020751999982167035
8836,WMI,100,1000,1000,46,6.487154638399224e-15,1.7763568394002505e-15,0.05744969999068417
8837,ISM,100,1000,1000,46,12.263184477389503,1.3407624574132617,0.02325540001038462
8838,DI,100,1000,1000,47,5.38552868713111e-15,1.9984014443252818e-15,0.0013254999939817935
8839,WMI,100,1000,1000,47,6.487154638399224e-15,1.7763568394002505e-15,0.05232300001080148
8840,ISM,100,1000,1000,47,12.263184477389503,1.3407624574132617,0.023121200007153675
8841,DI,100,1000,1000,48,5.38552868713111e-15,1.9984014443252818e-15,0.0017407999839633703
8842,WMI,100,1000,1000,48,6.487154638399224e-15,1.7763568394002505e-15,0.05688070002361201
8843,ISM,100,1000,1000,48,12.263184477389503,1.3407624574132617,0.030056499992497265
8844,DI,100,1000,1000,49,5.38552868713111e-15,1.9984014443252818e-15,0.0013976999907754362
8845,WMI,100,1000,1000,49,6.487154638399224e-15,1.7763568394002505e-15,0.061220500007038936
8846,ISM,100,1000,1000,49,12.263184477389503,1.3407624574132617,0.022965199983445928
8847,DI,100,1000,1000,50,5.38552868713111e-15,1.9984014443252818e-15,0.0019422000041231513
8848,WMI,100,1000,1000,50,6.487154638399224e-15,1.7763568394002505e-15,0.059256000007735565
8849,ISM,100,1000,1000,50,12.263184477389503,1.3407624574132617,0.022135600011097267
8850,DI,100,1000,1000,51,5.38552868713111e-15,1.9984014443252818e-15,0.0015870000061113387
8851,WMI,100,1000,1000,51,6.487154638399224e-15,1.7763568394002505e-15,0.05555310001363978
8852,DI,100,1000,1000,52,5.38552868713111e-15,1.9984014443252818e-15,0.0012104999914299697
8853,WMI,100,1000,1000,52,6.487154638399224e-15,1.7763568394002505e-15,0.050874800013843924
8854,DI,100,1000,1000,53,5.38552868713111e-15,1.9984014443252818e-15,0.0012509000080171973
8855,WMI,100,1000,1000,53,6.487154638399224e-15,1.7763568394002505e-15,0.0472035999991931
8856,DI,100,1000,1000,54,5.38552868713111e-15,1.9984014443252818e-15,0.0012707999849226326
8857,WMI,100,1000,1000,54,6.487154638399224e-15,1.7763568394002505e-15,0.04845409997506067
8858,DI,100,1000,1000,55,5.38552868713111e-15,1.9984014443252818e-15,0.001652399980230257
8859,WMI,100,1000,1000,55,6.487154638399224e-15,1.7763568394002505e-15,0.04964869999093935
8860,DI,100,1000,1000,56,5.38552868713111e-15,1.9984014443252818e-15,0.001219500001752749
8861,WMI,100,1000,1000,56,6.487154638399224e-15,1.7763568394002505e-15,0.051083700003800914
8862,DI,100,1000,1000,57,5.38552868713111e-15,1.9984014443252818e-15,0.0023945000139065087
8863,WMI,100,1000,1000,57,6.487154638399224e-15,1.7763568394002505e-15,0.05525809997925535
8864,DI,100,1000,1000,58,5.38552868713111e-15,1.9984014443252818e-15,0.001284700003452599
8865,WMI,100,1000,1000,58,6.487154638399224e-15,1.7763568394002505e-15,0.04746509998221882
8866,DI,100,1000,1000,59,5.38552868713111e-15,1.9984014443252818e-15,0.0018798999954015017
8867,WMI,100,1000,1000,59,6.487154638399224e-15,1.7763568394002505e-15,0.048898099979851395
8868,DI,100,1000,1000,60,5.38552868713111e-15,1.9984014443252818e-15,0.0012731000024359673
8869,WMI,100,1000,1000,60,6.487154638399224e-15,1.7763568394002505e-15,0.04793110000900924
8870,DI,100,1000,1000,61,5.38552868713111e-15,1.9984014443252818e-15,0.0017096999799832702
8871,WMI,100,1000,1000,61,6.487154638399224e-15,1.7763568394002505e-15,0.046289199992315844
8872,DI,100,1000,1000,62,5.38552868713111e-15,1.9984014443252818e-15,0.0013301999715622514
8873,WMI,100,1000,1000,62,6.487154638399224e-15,1.7763568394002505e-15,0.04711020001559518
8874,DI,100,1000,1000,63,5.38552868713111e-15,1.9984014443252818e-15,0.0014670999953523278
8875,WMI,100,1000,1000,63,6.487154638399224e-15,1.7763568394002505e-15,0.05031109999981709
8876,DI,100,1000,1000,64,5.38552868713111e-15,1.9984014443252818e-15,0.0013635999930556864
8877,WMI,100,1000,1000,64,6.487154638399224e-15,1.7763568394002505e-15,0.04910799997742288
8878,DI,100,1000,1000,65,5.38552868713111e-15,1.9984014443252818e-15,0.001361999980872497
8879,WMI,100,1000,1000,65,6.487154638399224e-15,1.7763568394002505e-15,0.047946900012902915
8880,DI,100,1000,1000,66,5.38552868713111e-15,1.9984014443252818e-15,0.0013495000021066517
8881,WMI,100,1000,1000,66,6.487154638399224e-15,1.7763568394002505e-15,0.05446039998787455
8882,DI,100,1000,1000,67,5.38552868713111e-15,1.9984014443252818e-15,0.001335700013441965
8883,WMI,100,1000,1000,67,6.487154638399224e-15,1.7763568394002505e-15,0.050874499982455745
8884,DI,100,1000,1000,68,5.38552868713111e-15,1.9984014443252818e-15,0.001501899998402223
8885,WMI,100,1000,1000,68,6.487154638399224e-15,1.7763568394002505e-15,0.0518119000189472
8886,DI,100,1000,1000,69,5.38552868713111e-15,1.9984014443252818e-15,0.0014776999887544662
8887,WMI,100,1000,1000,69,6.487154638399224e-15,1.7763568394002505e-15,0.05361639999318868
8888,DI,100,1000,1000,70,5.38552868713111e-15,1.9984014443252818e-15,0.0014303999778348953
8889,WMI,100,1000,1000,70,6.487154638399224e-15,1.7763568394002505e-15,0.05266250000568107
8890,DI,100,1000,1000,71,5.38552868713111e-15,1.9984014443252818e-15,0.0019200000097043812
8891,WMI,100,1000,1000,71,6.487154638399224e-15,1.7763568394002505e-15,0.05619439997826703
8892,DI,100,1000,1000,72,5.38552868713111e-15,1.9984014443252818e-15,0.001588000013725832
8893,WMI,100,1000,1000,72,6.487154638399224e-15,1.7763568394002505e-15,0.05539969998062588
8894,DI,100,1000,1000,73,5.38552868713111e-15,1.9984014443252818e-15,0.0019004000059794635
8895,WMI,100,1000,1000,73,6.487154638399224e-15,1.7763568394002505e-15,0.053999399999156594
8896,DI,100,1000,1000,74,5.38552868713111e-15,1.9984014443252818e-15,0.001981400011572987
8897,WMI,100,1000,1000,74,6.487154638399224e-15,1.7763568394002505e-15,0.05508940000436269
8898,DI,100,1000,1000,75,5.38552868713111e-15,1.9984014443252818e-15,0.0015522000030614436
8899,WMI,100,1000,1000,75,6.487154638399224e-15,1.7763568394002505e-15,0.0565457999764476
8900,DI,100,1000,1000,76,5.38552868713111e-15,1.9984014443252818e-15,0.0015602999774273485
8901,WMI,100,1000,1000,76,6.487154638399224e-15,1.7763568394002505e-15,0.054285199992591515
8902,DI,100,1000,1000,77,5.38552868713111e-15,1.9984014443252818e-15,0.0014990000054240227
8903,WMI,100,1000,1000,77,6.487154638399224e-15,1.7763568394002505e-15,0.05416849997709505
8904,DI,100,1000,1000,78,5.38552868713111e-15,1.9984014443252818e-15,0.0015610999835189432
8905,WMI,100,1000,1000,78,6.487154638399224e-15,1.7763568394002505e-15,0.05635090000578202
8906,DI,100,1000,1000,79,5.38552868713111e-15,1.9984014443252818e-15,0.001583100005518645
8907,WMI,100,1000,1000,79,6.487154638399224e-15,1.7763568394002505e-15,0.05594999997993
8908,DI,100,1000,1000,80,5.38552868713111e-15,1.9984014443252818e-15,0.0020687000069301575
8909,WMI,100,1000,1000,80,6.487154638399224e-15,1.7763568394002505e-15,0.05959590000566095
8910,DI,100,1000,1000,81,5.38552868713111e-15,1.9984014443252818e-15,0.0015702000237070024
8911,WMI,100,1000,1000,81,6.487154638399224e-15,1.7763568394002505e-15,0.06098760000895709
8912,DI,100,1000,1000,82,5.38552868713111e-15,1.9984014443252818e-15,0.0019643999985419214
8913,WMI,100,1000,1000,82,6.487154638399224e-15,1.7763568394002505e-15,0.0643053000094369
8914,DI,100,1000,1000,83,5.38552868713111e-15,1.9984014443252818e-15,0.0018799000245053321
8915,WMI,100,1000,1000,83,6.487154638399224e-15,1.7763568394002505e-15,0.05978129999130033
8916,DI,100,1000,1000,84,5.38552868713111e-15,1.9984014443252818e-15,0.0017019000079017133
8917,WMI,100,1000,1000,84,6.487154638399224e-15,1.7763568394002505e-15,0.0573467000212986
8918,DI,100,1000,1000,85,5.38552868713111e-15,1.9984014443252818e-15,0.0023098000092431903
8919,WMI,100,1000,1000,85,6.487154638399224e-15,1.7763568394002505e-15,0.06123899997328408
8920,DI,100,1000,1000,86,5.38552868713111e-15,1.9984014443252818e-15,0.002282700006617233
8921,WMI,100,1000,1000,86,6.487154638399224e-15,1.7763568394002505e-15,0.06030440001632087
8922,DI,100,1000,1000,87,5.38552868713111e-15,1.9984014443252818e-15,0.002310000010766089
8923,WMI,100,1000,1000,87,6.487154638399224e-15,1.7763568394002505e-15,0.060219000006327406
8924,DI,100,1000,1000,88,5.38552868713111e-15,1.9984014443252818e-15,0.001788599998690188
8925,WMI,100,1000,1000,88,6.487154638399224e-15,1.7763568394002505e-15,0.06052930001169443
8926,DI,100,1000,1000,89,5.38552868713111e-15,1.9984014443252818e-15,0.0016957999905571342
8927,WMI,100,1000,1000,89,6.487154638399224e-15,1.7763568394002505e-15,0.059503500000573695
8928,DI,100,1000,1000,90,5.38552868713111e-15,1.9984014443252818e-15,0.0017006999987643212
8929,WMI,100,1000,1000,90,6.487154638399224e-15,1.7763568394002505e-15,0.06307229999219999
8930,DI,100,1000,1000,91,5.38552868713111e-15,1.9984014443252818e-15,0.0017477000073995441
8931,WMI,100,1000,1000,91,6.487154638399224e-15,1.7763568394002505e-15,0.05952690000412986
8932,DI,100,1000,1000,92,5.38552868713111e-15,1.9984014443252818e-15,0.0017393000016454607
8933,WMI,100,1000,1000,92,6.487154638399224e-15,1.7763568394002505e-15,0.06085800001164898
8934,DI,100,1000,1000,93,5.38552868713111e-15,1.9984014443252818e-15,0.0017345999949611723
8935,WMI,100,1000,1000,93,6.487154638399224e-15,1.7763568394002505e-15,0.06137569999555126
8936,DI,100,1000,1000,94,5.38552868713111e-15,1.9984014443252818e-15,0.001786700013326481
8937,WMI,100,1000,1000,94,6.487154638399224e-15,1.7763568394002505e-15,0.05885500001022592
8938,DI,100,1000,1000,95,5.38552868713111e-15,1.9984014443252818e-15,0.0023526000150013715
8939,WMI,100,1000,1000,95,6.487154638399224e-15,1.7763568394002505e-15,0.06244390000938438
8940,DI,100,1000,1000,96,5.38552868713111e-15,1.9984014443252818e-15,0.0018207999819424003
8941,WMI,100,1000,1000,96,6.487154638399224e-15,1.7763568394002505e-15,0.061340800020843744
8942,DI,100,1000,1000,97,5.38552868713111e-15,1.9984014443252818e-15,0.0017364999803248793
8943,WMI,100,1000,1000,97,6.487154638399224e-15,1.7763568394002505e-15,0.061067799979355186
8944,DI,100,1000,1000,98,5.38552868713111e-15,1.9984014443252818e-15,0.0017017000063788146
8945,WMI,100,1000,1000,98,6.487154638399224e-15,1.7763568394002505e-15,0.060031000000890344
8946,DI,100,1000,1000,99,5.38552868713111e-15,1.9984014443252818e-15,0.0021852999925613403
8947,WMI,100,1000,1000,99,6.487154638399224e-15,1.7763568394002505e-15,0.062229800008935854
8948,DI,100,1000,1000,100,5.38552868713111e-15,1.9984014443252818e-15,0.0018382999987807125
8949,WMI,100,1000,1000,100,6.487154638399224e-15,1.7763568394002505e-15,0.0754439000156708
8950,DI,100,1000,1000,101,5.38552868713111e-15,1.9984014443252818e-15,0.002564199996413663
8951,WMI,100,1000,1000,101,6.487154638399224e-15,1.7763568394002505e-15,0.06331460000365041
8952,DI,100,1000,1000,102,5.38552868713111e-15,1.9984014443252818e-15,0.0017144999874290079
8953,WMI,100,1000,1000,102,6.487154638399224e-15,1.7763568394002505e-15,0.05935500000487082
8954,DI,100,1000,1000,103,5.38552868713111e-15,1.9984014443252818e-15,0.0021610999829135835
8955,WMI,100,1000,1000,103,6.487154638399224e-15,1.7763568394002505e-15,0.06418369998573326
8956,DI,100,1000,1000,104,5.38552868713111e-15,1.9984014443252818e-15,0.001969200005987659
8957,WMI,100,1000,1000,104,6.487154638399224e-15,1.7763568394002505e-15,0.0636538999970071
8958,DI,100,1000,1000,105,5.38552868713111e-15,1.9984014443252818e-15,0.0023289999808184803
8959,WMI,100,1000,1000,105,6.487154638399224e-15,1.7763568394002505e-15,0.066255200013984
8960,DI,100,1000,1000,106,5.38552868713111e-15,1.9984014443252818e-15,0.0018257999909110367
8961,WMI,100,1000,1000,106,6.487154638399224e-15,1.7763568394002505e-15,0.06280710001010448
8962,DI,100,1000,1000,107,5.38552868713111e-15,1.9984014443252818e-15,0.001819700002670288
8963,WMI,100,1000,1000,107,6.487154638399224e-15,1.7763568394002505e-15,0.06365690001985058
8964,DI,100,1000,1000,108,5.38552868713111e-15,1.9984014443252818e-15,0.0018182999920099974
8965,WMI,100,1000,1000,108,6.487154638399224e-15,1.7763568394002505e-15,0.06192790000932291
8966,DI,100,1000,1000,109,5.38552868713111e-15,1.9984014443252818e-15,0.0023682000173721462
8967,WMI,100,1000,1000,109,6.487154638399224e-15,1.7763568394002505e-15,0.06105280001065694
8968,DI,100,1000,1000,110,5.38552868713111e-15,1.9984014443252818e-15,0.001893599983304739
8969,WMI,100,1000,1000,110,6.487154638399224e-15,1.7763568394002505e-15,0.06286470001214184
8970,DI,100,1000,1000,111,5.38552868713111e-15,1.9984014443252818e-15,0.0019044000073336065
8971,WMI,100,1000,1000,111,6.487154638399224e-15,1.7763568394002505e-15,0.06220939999911934
8972,DI,100,1000,1000,112,5.38552868713111e-15,1.9984014443252818e-15,0.0019296999962534755
8973,WMI,100,1000,1000,112,6.487154638399224e-15,1.7763568394002505e-15,0.0660302999895066
8974,DI,100,1000,1000,113,5.38552868713111e-15,1.9984014443252818e-15,0.0018609999970067292
8975,WMI,100,1000,1000,113,6.487154638399224e-15,1.7763568394002505e-15,0.0650659000093583
8976,DI,100,1000,1000,114,5.38552868713111e-15,1.9984014443252818e-15,0.0018103000184055418
8977,WMI,100,1000,1000,114,6.487154638399224e-15,1.7763568394002505e-15,0.06200499998521991
8978,DI,100,1000,1000,115,5.38552868713111e-15,1.9984014443252818e-15,0.002358900004765019
8979,WMI,100,1000,1000,115,6.487154638399224e-15,1.7763568394002505e-15,0.06301709997933358
8980,DI,100,1000,1000,116,5.38552868713111e-15,1.9984014443252818e-15,0.001890799991087988
8981,WMI,100,1000,1000,116,6.487154638399224e-15,1.7763568394002505e-15,0.06208999999216758
8982,DI,100,1000,1000,117,5.38552868713111e-15,1.9984014443252818e-15,0.0022484999790322036
8983,WMI,100,1000,1000,117,6.487154638399224e-15,1.7763568394002505e-15,0.062276899989228696
8984,DI,100,1000,1000,118,5.38552868713111e-15,1.9984014443252818e-15,0.0018268999992869794
8985,WMI,100,1000,1000,118,6.487154638399224e-15,1.7763568394002505e-15,0.06421390001196414
8986,DI,100,1000,1000,119,5.38552868713111e-15,1.9984014443252818e-15,0.001853800000390038
8987,WMI,100,1000,1000,119,6.487154638399224e-15,1.7763568394002505e-15,0.06361340000876226
8988,DI,100,1000,1000,120,5.38552868713111e-15,1.9984014443252818e-15,0.002746099984506145
8989,WMI,100,1000,1000,120,6.487154638399224e-15,1.7763568394002505e-15,0.06655899999896064
8990,DI,100,1000,1000,121,5.38552868713111e-15,1.9984014443252818e-15,0.0018476999830454588
8991,WMI,100,1000,1000,121,6.487154638399224e-15,1.7763568394002505e-15,0.06394069999805652
8992,DI,100,1000,1000,122,5.38552868713111e-15,1.9984014443252818e-15,0.0023555999796371907
8993,WMI,100,1000,1000,122,6.487154638399224e-15,1.7763568394002505e-15,0.06314700000802986
8994,DI,100,1000,1000,123,5.38552868713111e-15,1.9984014443252818e-15,0.0022601000091526657
8995,WMI,100,1000,1000,123,6.487154638399224e-15,1.7763568394002505e-15,0.0645389000128489
8996,DI,100,1000,1000,124,5.38552868713111e-15,1.9984014443252818e-15,0.0018180000188294798
8997,WMI,100,1000,1000,124,6.487154638399224e-15,1.7763568394002505e-15,0.0657890000147745
8998,DI,100,1000,1000,125,5.38552868713111e-15,1.9984014443252818e-15,0.002343600004678592
8999,WMI,100,1000,1000,125,6.487154638399224e-15,1.7763568394002505e-15,0.06162910000421107
9000,DI,100,1000,1000,126,5.38552868713111e-15,1.9984014443252818e-15,0.0026886999839916825
9001,WMI,100,1000,1000,126,6.487154638399224e-15,1.7763568394002505e-15,0.06355249998159707
9002,DI,100,1000,1000,127,5.38552868713111e-15,1.9984014443252818e-15,0.0022560000070370734
9003,WMI,100,1000,1000,127,6.487154638399224e-15,1.7763568394002505e-15,0.07072089999564923
9004,DI,100,1000,1000,128,5.38552868713111e-15,1.9984014443252818e-15,0.0019085999811068177
9005,WMI,100,1000,1000,128,6.487154638399224e-15,1.7763568394002505e-15,0.06361650000326335
9006,DI,100,1000,1000,129,5.38552868713111e-15,1.9984014443252818e-15,0.0018641999922692776
9007,WMI,100,1000,1000,129,6.487154638399224e-15,1.7763568394002505e-15,0.06655899999896064
9008,DI,100,1000,1000,130,5.38552868713111e-15,1.9984014443252818e-15,0.0017863999819383025
9009,WMI,100,1000,1000,130,6.487154638399224e-15,1.7763568394002505e-15,0.06859479998820461
9010,DI,100,1000,1000,131,5.38552868713111e-15,1.9984014443252818e-15,0.0024178999883588403
9011,WMI,100,1000,1000,131,6.487154638399224e-15,1.7763568394002505e-15,0.0679330000129994
9012,DI,100,1000,1000,132,5.38552868713111e-15,1.9984014443252818e-15,0.002588100003777072
9013,WMI,100,1000,1000,132,6.487154638399224e-15,1.7763568394002505e-15,0.06829399999696761
9014,DI,100,1000,1000,133,5.38552868713111e-15,1.9984014443252818e-15,0.00245649999123998
9015,WMI,100,1000,1000,133,6.487154638399224e-15,1.7763568394002505e-15,0.06643320000148378
9016,DI,100,1000,1000,134,5.38552868713111e-15,1.9984014443252818e-15,0.0023707000073045492
9017,WMI,100,1000,1000,134,6.487154638399224e-15,1.7763568394002505e-15,0.06864549999590963
9018,DI,100,1000,1000,135,5.38552868713111e-15,1.9984014443252818e-15,0.0019417000003159046
9019,WMI,100,1000,1000,135,6.487154638399224e-15,1.7763568394002505e-15,0.06359090001205914
9020,DI,100,1000,1000,136,5.38552868713111e-15,1.9984014443252818e-15,0.0020037000067532063
9021,WMI,100,1000,1000,136,6.487154638399224e-15,1.7763568394002505e-15,0.06208559998776764
9022,DI,100,1000,1000,137,5.38552868713111e-15,1.9984014443252818e-15,0.002370100002735853
9023,WMI,100,1000,1000,137,6.487154638399224e-15,1.7763568394002505e-15,0.06301189999794587
9024,DI,100,1000,1000,138,5.38552868713111e-15,1.9984014443252818e-15,0.0017651999951340258
9025,WMI,100,1000,1000,138,6.487154638399224e-15,1.7763568394002505e-15,0.06267559999832883
9026,DI,100,1000,1000,139,5.38552868713111e-15,1.9984014443252818e-15,0.0018216999887954444
9027,WMI,100,1000,1000,139,6.487154638399224e-15,1.7763568394002505e-15,0.06116199999814853
9028,DI,100,1000,1000,140,5.38552868713111e-15,1.9984014443252818e-15,0.0017877999925985932
9029,WMI,100,1000,1000,140,6.487154638399224e-15,1.7763568394002505e-15,0.0628327000013087
9030,DI,100,1000,1000,141,5.38552868713111e-15,1.9984014443252818e-15,0.0017783000075723976
9031,WMI,100,1000,1000,141,6.487154638399224e-15,1.7763568394002505e-15,0.061645800014957786
9032,DI,100,1000,1000,142,5.38552868713111e-15,1.9984014443252818e-15,0.0016861000040080398
9033,WMI,100,1000,1000,142,6.487154638399224e-15,1.7763568394002505e-15,0.06064979999791831
9034,DI,100,1000,1000,143,5.38552868713111e-15,1.9984014443252818e-15,0.001733200013404712
9035,WMI,100,1000,1000,143,6.487154638399224e-15,1.7763568394002505e-15,0.06140310000046156
9036,DI,100,1000,1000,144,5.38552868713111e-15,1.9984014443252818e-15,0.002279699983773753
9037,WMI,100,1000,1000,144,6.487154638399224e-15,1.7763568394002505e-15,0.06406879998394288
9038,DI,100,1000,1000,145,5.38552868713111e-15,1.9984014443252818e-15,0.0017750999832060188
9039,WMI,100,1000,1000,145,6.487154638399224e-15,1.7763568394002505e-15,0.06070409997482784
9040,DI,100,1000,1000,146,5.38552868713111e-15,1.9984014443252818e-15,0.0017080999969039112
9041,WMI,100,1000,1000,146,6.487154638399224e-15,1.7763568394002505e-15,0.06150290000368841
9042,DI,100,1000,1000,147,5.38552868713111e-15,1.9984014443252818e-15,0.0017727999947965145
9043,WMI,100,1000,1000,147,6.487154638399224e-15,1.7763568394002505e-15,0.06259549999958836
9044,DI,100,1000,1000,148,5.38552868713111e-15,1.9984014443252818e-15,0.001734499994199723
9045,WMI,100,1000,1000,148,6.487154638399224e-15,1.7763568394002505e-15,0.05653699999675155
9046,DI,100,1000,1000,149,5.38552868713111e-15,1.9984014443252818e-15,0.0017957999953068793
9047,WMI,100,1000,1000,149,6.487154638399224e-15,1.7763568394002505e-15,0.06040769998799078
9048,DI,100,1000,1000,150,5.38552868713111e-15,1.9984014443252818e-15,0.001758899976266548
9049,WMI,100,1000,1000,150,6.487154638399224e-15,1.7763568394002505e-15,0.05906519998097792
9050,DI,100,1000,1000,151,5.38552868713111e-15,1.9984014443252818e-15,0.0023511000035796314
9051,WMI,100,1000,1000,151,6.487154638399224e-15,1.7763568394002505e-15,0.05919930001255125
9052,DI,100,1000,1000,152,5.38552868713111e-15,1.9984014443252818e-15,0.0017445000121369958
9053,WMI,100,1000,1000,152,6.487154638399224e-15,1.7763568394002505e-15,0.05735029999050312
9054,DI,100,1000,1000,153,5.38552868713111e-15,1.9984014443252818e-15,0.0021283999958541244
9055,WMI,100,1000,1000,153,6.487154638399224e-15,1.7763568394002505e-15,0.05845469998894259
9056,DI,100,1000,1000,154,5.38552868713111e-15,1.9984014443252818e-15,0.0018209000118076801
9057,WMI,100,1000,1000,154,6.487154638399224e-15,1.7763568394002505e-15,0.06171209999592975
9058,DI,100,1000,1000,155,5.38552868713111e-15,1.9984014443252818e-15,0.0016749000060372055
9059,WMI,100,1000,1000,155,6.487154638399224e-15,1.7763568394002505e-15,0.06186329998308793
9060,DI,100,1000,1000,156,5.38552868713111e-15,1.9984014443252818e-15,0.0024640999909024686
9061,WMI,100,1000,1000,156,6.487154638399224e-15,1.7763568394002505e-15,0.06930559998727404
9062,DI,100,1000,1000,157,5.38552868713111e-15,1.9984014443252818e-15,0.002257400017697364
9063,WMI,100,1000,1000,157,6.487154638399224e-15,1.7763568394002505e-15,0.06847619998734444
9064,DI,100,1000,1000,158,5.38552868713111e-15,1.9984014443252818e-15,0.0024031999928411096
9065,WMI,100,1000,1000,158,6.487154638399224e-15,1.7763568394002505e-15,0.06614129999070428
9066,DI,100,1000,1000,159,5.38552868713111e-15,1.9984014443252818e-15,0.0015893999952822924
9067,WMI,100,1000,1000,159,6.487154638399224e-15,1.7763568394002505e-15,0.05907859999570064
9068,DI,100,1000,1000,160,5.38552868713111e-15,1.9984014443252818e-15,0.0016285000019706786
9069,WMI,100,1000,1000,160,6.487154638399224e-15,1.7763568394002505e-15,0.059518500027479604
9070,DI,100,1000,1000,161,5.38552868713111e-15,1.9984014443252818e-15,0.0017040999955497682
9071,WMI,100,1000,1000,161,6.487154638399224e-15,1.7763568394002505e-15,0.05814139998983592
9072,DI,100,1000,1000,162,5.38552868713111e-15,1.9984014443252818e-15,0.001567100000102073
9073,WMI,100,1000,1000,162,6.487154638399224e-15,1.7763568394002505e-15,0.059176200011279434
9074,DI,100,1000,1000,163,5.38552868713111e-15,1.9984014443252818e-15,0.001470700022764504
9075,WMI,100,1000,1000,163,6.487154638399224e-15,1.7763568394002505e-15,0.059219000017037615
9076,DI,100,1000,1000,164,5.38552868713111e-15,1.9984014443252818e-15,0.0015198999899439514
9077,WMI,100,1000,1000,164,6.487154638399224e-15,1.7763568394002505e-15,0.061014699982479215
9078,DI,100,1000,1000,165,5.38552868713111e-15,1.9984014443252818e-15,0.0015252000011969358
9079,WMI,100,1000,1000,165,6.487154638399224e-15,1.7763568394002505e-15,0.05725549999624491
9080,DI,100,1000,1000,166,5.38552868713111e-15,1.9984014443252818e-15,0.0015827000024728477
9081,WMI,100,1000,1000,166,6.487154638399224e-15,1.7763568394002505e-15,0.05850690000806935
9082,DI,100,1000,1000,167,5.38552868713111e-15,1.9984014443252818e-15,0.0017659000004641712
9083,WMI,100,1000,1000,167,6.487154638399224e-15,1.7763568394002505e-15,0.05942969999159686
9084,DI,100,1000,1000,168,5.38552868713111e-15,1.9984014443252818e-15,0.0016204999992623925
9085,WMI,100,1000,1000,168,6.487154638399224e-15,1.7763568394002505e-15,0.05647900002077222
9086,DI,100,1000,1000,169,5.38552868713111e-15,1.9984014443252818e-15,0.0015608000103384256
9087,WMI,100,1000,1000,169,6.487154638399224e-15,1.7763568394002505e-15,0.05789490000461228
9088,DI,100,1000,1000,170,5.38552868713111e-15,1.9984014443252818e-15,0.0015137000009417534
9089,WMI,100,1000,1000,170,6.487154638399224e-15,1.7763568394002505e-15,0.055889699986437336
9090,DI,100,1000,1000,171,5.38552868713111e-15,1.9984014443252818e-15,0.001548600004753098
9091,WMI,100,1000,1000,171,6.487154638399224e-15,1.7763568394002505e-15,0.05770710000069812
9092,DI,100,1000,1000,172,5.38552868713111e-15,1.9984014443252818e-15,0.0015645000094082206
9093,WMI,100,1000,1000,172,6.487154638399224e-15,1.7763568394002505e-15,0.05789970001205802
9094,DI,100,1000,1000,173,5.38552868713111e-15,1.9984014443252818e-15,0.0015201000205706805
9095,WMI,100,1000,1000,173,6.487154638399224e-15,1.7763568394002505e-15,0.0568994999921415
9096,DI,100,1000,1000,174,5.38552868713111e-15,1.9984014443252818e-15,0.0014838000060990453
9097,WMI,100,1000,1000,174,6.487154638399224e-15,1.7763568394002505e-15,0.05767760000890121
9098,DI,100,1000,1000,175,5.38552868713111e-15,1.9984014443252818e-15,0.001509599998826161
9099,WMI,100,1000,1000,175,6.487154638399224e-15,1.7763568394002505e-15,0.055700299999443814
9100,DI,100,1000,1000,176,5.38552868713111e-15,1.9984014443252818e-15,0.0015869000053498894
9101,WMI,100,1000,1000,176,6.487154638399224e-15,1.7763568394002505e-15,0.0586460999911651
9102,DI,100,1000,1000,177,5.38552868713111e-15,1.9984014443252818e-15,0.0014577999827452004
9103,WMI,100,1000,1000,177,6.487154638399224e-15,1.7763568394002505e-15,0.05593020000378601
9104,DI,100,1000,1000,178,5.38552868713111e-15,1.9984014443252818e-15,0.0015370000037364662
9105,WMI,100,1000,1000,178,6.487154638399224e-15,1.7763568394002505e-15,0.05736460001207888
9106,DI,100,1000,1000,179,5.38552868713111e-15,1.9984014443252818e-15,0.0014771000132896006
9107,WMI,100,1000,1000,179,6.487154638399224e-15,1.7763568394002505e-15,0.056180300016421825
9108,DI,100,1000,1000,180,5.38552868713111e-15,1.9984014443252818e-15,0.0015312000177800655
9109,WMI,100,1000,1000,180,6.487154638399224e-15,1.7763568394002505e-15,0.060957100009545684
9110,DI,100,1000,1000,181,5.38552868713111e-15,1.9984014443252818e-15,0.002363399980822578
9111,WMI,100,1000,1000,181,6.487154638399224e-15,1.7763568394002505e-15,0.06479780000518076
9112,DI,100,1000,1000,182,5.38552868713111e-15,1.9984014443252818e-15,0.0023261999886017293
9113,WMI,100,1000,1000,182,6.487154638399224e-15,1.7763568394002505e-15,0.06918189997668378
9114,DI,100,1000,1000,183,5.38552868713111e-15,1.9984014443252818e-15,0.0023723999911453575
9115,WMI,100,1000,1000,183,6.487154638399224e-15,1.7763568394002505e-15,0.06526429997757077
9116,DI,100,1000,1000,184,5.38552868713111e-15,1.9984014443252818e-15,0.002427900006296113
9117,WMI,100,1000,1000,184,6.487154638399224e-15,1.7763568394002505e-15,0.06575439998414367
9118,DI,100,1000,1000,185,5.38552868713111e-15,1.9984014443252818e-15,0.0022914999863132834
9119,WMI,100,1000,1000,185,6.487154638399224e-15,1.7763568394002505e-15,0.06839560001390055
9120,DI,100,1000,1000,186,5.38552868713111e-15,1.9984014443252818e-15,0.0023407999833580106
9121,WMI,100,1000,1000,186,6.487154638399224e-15,1.7763568394002505e-15,0.06760370000847615
9122,DI,100,1000,1000,187,5.38552868713111e-15,1.9984014443252818e-15,0.0022678000095766038
9123,WMI,100,1000,1000,187,6.487154638399224e-15,1.7763568394002505e-15,0.06399250001413748
9124,DI,100,1000,1000,188,5.38552868713111e-15,1.9984014443252818e-15,0.001497299992479384
9125,WMI,100,1000,1000,188,6.487154638399224e-15,1.7763568394002505e-15,0.05825639999238774
9126,DI,100,1000,1000,189,5.38552868713111e-15,1.9984014443252818e-15,0.0014665999915450811
9127,WMI,100,1000,1000,189,6.487154638399224e-15,1.7763568394002505e-15,0.05592280000564642
9128,DI,100,1000,1000,190,5.38552868713111e-15,1.9984014443252818e-15,0.0014415999758057296
9129,WMI,100,1000,1000,190,6.487154638399224e-15,1.7763568394002505e-15,0.05548040001303889
9130,DI,100,1000,1000,191,5.38552868713111e-15,1.9984014443252818e-15,0.0014631000231020153
9131,WMI,100,1000,1000,191,6.487154638399224e-15,1.7763568394002505e-15,0.05533010000362992
9132,DI,100,1000,1000,192,5.38552868713111e-15,1.9984014443252818e-15,0.0015328000008594245
9133,WMI,100,1000,1000,192,6.487154638399224e-15,1.7763568394002505e-15,0.05638120000367053
9134,DI,100,1000,1000,193,5.38552868713111e-15,1.9984014443252818e-15,0.0014586999895982444
9135,WMI,100,1000,1000,193,6.487154638399224e-15,1.7763568394002505e-15,0.05591860000276938
9136,DI,100,1000,1000,194,5.38552868713111e-15,1.9984014443252818e-15,0.0014063999988138676
9137,WMI,100,1000,1000,194,6.487154638399224e-15,1.7763568394002505e-15,0.05693469999823719
9138,DI,100,1000,1000,195,5.38552868713111e-15,1.9984014443252818e-15,0.001570199994603172
9139,WMI,100,1000,1000,195,6.487154638399224e-15,1.7763568394002505e-15,0.060579900018638
9140,DI,100,1000,1000,196,5.38552868713111e-15,1.9984014443252818e-15,0.0017860000079963356
9141,WMI,100,1000,1000,196,6.487154638399224e-15,1.7763568394002505e-15,0.057645599998068064
9142,DI,100,1000,1000,197,5.38552868713111e-15,1.9984014443252818e-15,0.0015397999959532171
9143,WMI,100,1000,1000,197,6.487154638399224e-15,1.7763568394002505e-15,0.056427799980156124
9144,DI,100,1000,1000,198,5.38552868713111e-15,1.9984014443252818e-15,0.0015044999890960753
9145,WMI,100,1000,1000,198,6.487154638399224e-15,1.7763568394002505e-15,0.05514389998279512
9146,DI,100,1000,1000,199,5.38552868713111e-15,1.9984014443252818e-15,0.0015745999990031123
9147,WMI,100,1000,1000,199,6.487154638399224e-15,1.7763568394002505e-15,0.05680350001784973
9148,DI,100,1000,1000,200,5.38552868713111e-15,1.9984014443252818e-15,0.0014965000154916197
9149,WMI,100,1000,1000,200,6.487154638399224e-15,1.7763568394002505e-15,0.05670139999710955
