,method,s,N,k,iter,error,diff_max,time
0,DI,250,1999,1,1,9.74176363279568e-15,1.887379141862766e-15,0.00443150001228787
1,WMI,250,1999,1,1,1.0233141964032023e-14,1.9984014443252818e-15,0.0005220999883022159
2,ISM,250,1999,1,1,1.0241755427331446e-14,1.9984014443252818e-15,0.00037349999183788896
3,DI,250,1999,1,2,9.74176363279568e-15,1.887379141862766e-15,0.004273900005500764
4,WMI,250,1999,1,2,1.0233141964032023e-14,1.9984014443252818e-15,0.00032789999386295676
5,ISM,250,1999,1,2,1.0241755427331446e-14,1.9984014443252818e-15,0.0001451000280212611
6,DI,250,1999,1,3,9.74176363279568e-15,1.887379141862766e-15,0.00390839998726733
7,WMI,250,1999,1,3,1.0233141964032023e-14,1.9984014443252818e-15,0.0004434999718796462
8,ISM,250,1999,1,3,1.0241755427331446e-14,1.9984014443252818e-15,0.00030280000646598637
9,DI,250,1999,1,4,9.74176363279568e-15,1.887379141862766e-15,0.0046276999928522855
10,WMI,250,1999,1,4,1.0233141964032023e-14,1.9984014443252818e-15,0.0005018000083509833
11,ISM,250,1999,1,4,1.0241755427331446e-14,1.9984014443252818e-15,0.0006648999988101423
12,DI,250,1999,1,5,9.74176363279568e-15,1.887379141862766e-15,0.004595199978211895
13,WMI,250,1999,1,5,1.0233141964032023e-14,1.9984014443252818e-15,0.0004927999980282038
14,ISM,250,1999,1,5,1.0241755427331446e-14,1.9984014443252818e-15,0.0004661999992094934
15,DI,250,1999,1,6,9.74176363279568e-15,1.887379141862766e-15,0.004339100007200614
16,WMI,250,1999,1,6,1.0233141964032023e-14,1.9984014443252818e-15,0.00017630000365898013
17,ISM,250,1999,1,6,1.0241755427331446e-14,1.9984014443252818e-15,0.0002859000233002007
18,DI,250,1999,1,7,9.74176363279568e-15,1.887379141862766e-15,0.004516399989370257
19,WMI,250,1999,1,7,1.0233141964032023e-14,1.9984014443252818e-15,0.0005012000037822872
20,ISM,250,1999,1,7,1.0241755427331446e-14,1.9984014443252818e-15,0.0002945000014733523
21,DI,250,1999,1,8,9.74176363279568e-15,1.887379141862766e-15,0.004253999999491498
22,WMI,250,1999,1,8,1.0233141964032023e-14,1.9984014443252818e-15,0.0003234999894630164
23,ISM,250,1999,1,8,1.0241755427331446e-14,1.9984014443252818e-15,0.00020799998310394585
24,DI,250,1999,1,9,9.74176363279568e-15,1.887379141862766e-15,0.004268799995770678
25,WMI,250,1999,1,9,1.0233141964032023e-14,1.9984014443252818e-15,0.00043509999522939324
26,ISM,250,1999,1,9,1.0241755427331446e-14,1.9984014443252818e-15,0.00029200001154094934
27,DI,250,1999,1,10,9.74176363279568e-15,1.887379141862766e-15,0.003739699983270839
28,WMI,250,1999,1,10,1.0233141964032023e-14,1.9984014443252818e-15,0.00044260002323426306
29,ISM,250,1999,1,10,1.0241755427331446e-14,1.9984014443252818e-15,0.00014960000407882035
30,DI,250,1999,1,11,9.74176363279568e-15,1.887379141862766e-15,0.0037969000113662332
31,WMI,250,1999,1,11,1.0233141964032023e-14,1.9984014443252818e-15,0.0001579000090714544
32,ISM,250,1999,1,11,1.0241755427331446e-14,1.9984014443252818e-15,0.0004923000233247876
33,DI,250,1999,1,12,9.74176363279568e-15,1.887379141862766e-15,0.0041606000158935785
34,WMI,250,1999,1,12,1.0233141964032023e-14,1.9984014443252818e-15,0.00035390001721680164
35,ISM,250,1999,1,12,1.0241755427331446e-14,1.9984014443252818e-15,0.0005048000020906329
36,DI,250,1999,1,13,9.74176363279568e-15,1.887379141862766e-15,0.003407199983485043
37,WMI,250,1999,1,13,1.0233141964032023e-14,1.9984014443252818e-15,0.0002919000107795
38,ISM,250,1999,1,13,1.0241755427331446e-14,1.9984014443252818e-15,0.00019489999976940453
39,DI,250,1999,1,14,9.74176363279568e-15,1.887379141862766e-15,0.0036345999978948385
40,WMI,250,1999,1,14,1.0233141964032023e-14,1.9984014443252818e-15,0.0005100999842397869
41,ISM,250,1999,1,14,1.0241755427331446e-14,1.9984014443252818e-15,0.00015279999934136868
42,DI,250,1999,1,15,9.74176363279568e-15,1.887379141862766e-15,0.0036717999901156873
43,WMI,250,1999,1,15,1.0233141964032023e-14,1.9984014443252818e-15,0.0002974000235553831
44,ISM,250,1999,1,15,1.0241755427331446e-14,1.9984014443252818e-15,0.00014560000272467732
45,DI,250,1999,1,16,9.74176363279568e-15,1.887379141862766e-15,0.0033164999913424253
46,WMI,250,1999,1,16,1.0233141964032023e-14,1.9984014443252818e-15,0.0004321000014897436
47,ISM,250,1999,1,16,1.0241755427331446e-14,1.9984014443252818e-15,0.00014600000577047467
48,DI,250,1999,1,17,9.74176363279568e-15,1.887379141862766e-15,0.0036706999817397445
49,WMI,250,1999,1,17,1.0233141964032023e-14,1.9984014443252818e-15,0.0003552999987732619
50,ISM,250,1999,1,17,1.0241755427331446e-14,1.9984014443252818e-15,0.0001388999808114022
51,DI,250,1999,1,18,9.74176363279568e-15,1.887379141862766e-15,0.003481299994746223
52,WMI,250,1999,1,18,1.0233141964032023e-14,1.9984014443252818e-15,0.00017400001524947584
53,ISM,250,1999,1,18,1.0241755427331446e-14,1.9984014443252818e-15,0.000505700008943677
54,DI,250,1999,1,19,9.74176363279568e-15,1.887379141862766e-15,0.0034468999947421253
55,WMI,250,1999,1,19,1.0233141964032023e-14,1.9984014443252818e-15,0.0003622000222094357
56,ISM,250,1999,1,19,1.0241755427331446e-14,1.9984014443252818e-15,0.0003449000068940222
57,DI,250,1999,1,20,9.74176363279568e-15,1.887379141862766e-15,0.0036607999936677516
58,WMI,250,1999,1,20,1.0233141964032023e-14,1.9984014443252818e-15,0.0002033999771811068
59,ISM,250,1999,1,20,1.0241755427331446e-14,1.9984014443252818e-15,0.00014220000593923032
60,DI,250,1999,1,21,9.74176363279568e-15,1.887379141862766e-15,0.0036087000044062734
61,WMI,250,1999,1,21,1.0233141964032023e-14,1.9984014443252818e-15,0.00041459998465143144
62,ISM,250,1999,1,21,1.0241755427331446e-14,1.9984014443252818e-15,0.00014509999891743064
63,DI,250,1999,1,22,9.74176363279568e-15,1.887379141862766e-15,0.0038423999794758856
64,WMI,250,1999,1,22,1.0233141964032023e-14,1.9984014443252818e-15,0.00030980000155977905
65,ISM,250,1999,1,22,1.0241755427331446e-14,1.9984014443252818e-15,0.00015490001533180475
66,DI,250,1999,1,23,9.74176363279568e-15,1.887379141862766e-15,0.003534100018441677
67,WMI,250,1999,1,23,1.0233141964032023e-14,1.9984014443252818e-15,0.0003611999854911119
68,ISM,250,1999,1,23,1.0241755427331446e-14,1.9984014443252818e-15,0.000291600008495152
69,DI,250,1999,1,24,9.74176363279568e-15,1.887379141862766e-15,0.00386399999842979
70,WMI,250,1999,1,24,1.0233141964032023e-14,1.9984014443252818e-15,0.0003572999848984182
71,ISM,250,1999,1,24,1.0241755427331446e-14,1.9984014443252818e-15,0.0001432000135537237
72,DI,250,1999,1,25,9.74176363279568e-15,1.887379141862766e-15,0.0036449000181164593
73,WMI,250,1999,1,25,1.0233141964032023e-14,1.9984014443252818e-15,0.0002992999798152596
74,ISM,250,1999,1,25,1.0241755427331446e-14,1.9984014443252818e-15,0.00033799998345784843
75,DI,250,1999,1,26,9.74176363279568e-15,1.887379141862766e-15,0.003655300009995699
76,WMI,250,1999,1,26,1.0233141964032023e-14,1.9984014443252818e-15,0.0008633999968878925
77,ISM,250,1999,1,26,1.0241755427331446e-14,1.9984014443252818e-15,0.0010144999832846224
78,DI,250,1999,1,27,9.74176363279568e-15,1.887379141862766e-15,0.004361700004665181
79,WMI,250,1999,1,27,1.0233141964032023e-14,1.9984014443252818e-15,0.0003100000030826777
80,ISM,250,1999,1,27,1.0241755427331446e-14,1.9984014443252818e-15,0.0004967999993823469
81,DI,250,1999,1,28,9.74176363279568e-15,1.887379141862766e-15,0.0046861000009812415
82,WMI,250,1999,1,28,1.0233141964032023e-14,1.9984014443252818e-15,0.0005320999771356583
83,ISM,250,1999,1,28,1.0241755427331446e-14,1.9984014443252818e-15,0.00031949998810887337
84,DI,250,1999,1,29,9.74176363279568e-15,1.887379141862766e-15,0.004778900009114295
85,WMI,250,1999,1,29,1.0233141964032023e-14,1.9984014443252818e-15,0.00031060000765137374
86,ISM,250,1999,1,29,1.0241755427331446e-14,1.9984014443252818e-15,0.00021319999359548092
87,DI,250,1999,1,30,9.74176363279568e-15,1.887379141862766e-15,0.0035232999944128096
88,WMI,250,1999,1,30,1.0233141964032023e-14,1.9984014443252818e-15,0.0005119999987073243
89,ISM,250,1999,1,30,1.0241755427331446e-14,1.9984014443252818e-15,0.00014709998504258692
90,DI,250,1999,1,31,9.74176363279568e-15,1.887379141862766e-15,0.0043957000016234815
91,WMI,250,1999,1,31,1.0233141964032023e-14,1.9984014443252818e-15,0.0005421999958343804
92,ISM,250,1999,1,31,1.0241755427331446e-14,1.9984014443252818e-15,0.00029570001061074436
93,DI,250,1999,1,32,9.74176363279568e-15,1.887379141862766e-15,0.004023400018922985
94,WMI,250,1999,1,32,1.0233141964032023e-14,1.9984014443252818e-15,0.00021410000044852495
95,ISM,250,1999,1,32,1.0241755427331446e-14,1.9984014443252818e-15,0.0005144999886397272
96,DI,250,1999,1,33,9.74176363279568e-15,1.887379141862766e-15,0.004443700017873198
97,WMI,250,1999,1,33,1.0233141964032023e-14,1.9984014443252818e-15,0.0005368000129237771
98,ISM,250,1999,1,33,1.0241755427331446e-14,1.9984014443252818e-15,0.000517400010721758
99,DI,250,1999,1,34,9.74176363279568e-15,1.887379141862766e-15,0.004002700006822124
100,WMI,250,1999,1,34,1.0233141964032023e-14,1.9984014443252818e-15,0.00030899999546818435
101,ISM,250,1999,1,34,1.0241755427331446e-14,1.9984014443252818e-15,0.000298700004350394
102,DI,250,1999,1,35,9.74176363279568e-15,1.887379141862766e-15,0.004444400023203343
103,WMI,250,1999,1,35,1.0233141964032023e-14,1.9984014443252818e-15,0.0005742000066675246
104,ISM,250,1999,1,35,1.0241755427331446e-14,1.9984014443252818e-15,0.0002936999953817576
105,DI,250,1999,1,36,9.74176363279568e-15,1.887379141862766e-15,0.004473900015000254
106,WMI,250,1999,1,36,1.0233141964032023e-14,1.9984014443252818e-15,0.0001618000096641481
107,ISM,250,1999,1,36,1.0241755427331446e-14,1.9984014443252818e-15,0.00030479999259114265
108,DI,250,1999,1,37,9.74176363279568e-15,1.887379141862766e-15,0.00379879999672994
109,WMI,250,1999,1,37,1.0233141964032023e-14,1.9984014443252818e-15,0.0006032000237610191
110,ISM,250,1999,1,37,1.0241755427331446e-14,1.9984014443252818e-15,0.0002948000037577003
111,DI,250,1999,1,38,9.74176363279568e-15,1.887379141862766e-15,0.004877200000919402
112,WMI,250,1999,1,38,1.0233141964032023e-14,1.9984014443252818e-15,0.0004372000112198293
113,ISM,250,1999,1,38,1.0241755427331446e-14,1.9984014443252818e-15,0.0002786999975796789
114,DI,250,1999,1,39,9.74176363279568e-15,1.887379141862766e-15,0.004210499988403171
115,WMI,250,1999,1,39,1.0233141964032023e-14,1.9984014443252818e-15,0.0001598999951966107
116,ISM,250,1999,1,39,1.0241755427331446e-14,1.9984014443252818e-15,0.0006352000054903328
117,DI,250,1999,1,40,9.74176363279568e-15,1.887379141862766e-15,0.003785599983530119
118,WMI,250,1999,1,40,1.0233141964032023e-14,1.9984014443252818e-15,0.0005184000183362514
119,ISM,250,1999,1,40,1.0241755427331446e-14,1.9984014443252818e-15,0.0003456000122241676
120,DI,250,1999,1,41,9.74176363279568e-15,1.887379141862766e-15,0.003833100025076419
121,WMI,250,1999,1,41,1.0233141964032023e-14,1.9984014443252818e-15,0.00026279999292455614
122,ISM,250,1999,1,41,1.0241755427331446e-14,1.9984014443252818e-15,0.0001466000103391707
123,DI,250,1999,1,42,9.74176363279568e-15,1.887379141862766e-15,0.004103800019947812
124,WMI,250,1999,1,42,1.0233141964032023e-14,1.9984014443252818e-15,0.000510600017150864
125,ISM,250,1999,1,42,1.0241755427331446e-14,1.9984014443252818e-15,0.0002683999773580581
126,DI,250,1999,1,43,9.74176363279568e-15,1.887379141862766e-15,0.004873199999565259
127,WMI,250,1999,1,43,1.0233141964032023e-14,1.9984014443252818e-15,0.00018270002328790724
128,ISM,250,1999,1,43,1.0241755427331446e-14,1.9984014443252818e-15,0.0001542000100016594
129,DI,250,1999,1,44,9.74176363279568e-15,1.887379141862766e-15,0.003683399991132319
130,WMI,250,1999,1,44,1.0233141964032023e-14,1.9984014443252818e-15,0.0005126999749336392
131,ISM,250,1999,1,44,1.0241755427331446e-14,1.9984014443252818e-15,0.0002825999981723726
132,DI,250,1999,1,45,9.74176363279568e-15,1.887379141862766e-15,0.004419699980644509
133,WMI,250,1999,1,45,1.0233141964032023e-14,1.9984014443252818e-15,0.0005172000091988593
134,ISM,250,1999,1,45,1.0241755427331446e-14,1.9984014443252818e-15,0.00028070001280866563
135,DI,250,1999,1,46,9.74176363279568e-15,1.887379141862766e-15,0.003867299994453788
136,WMI,250,1999,1,46,1.0233141964032023e-14,1.9984014443252818e-15,0.00016220001270994544
137,ISM,250,1999,1,46,1.0241755427331446e-14,1.9984014443252818e-15,0.000519299996085465
138,DI,250,1999,1,47,9.74176363279568e-15,1.887379141862766e-15,0.003832599992165342
139,WMI,250,1999,1,47,1.0233141964032023e-14,1.9984014443252818e-15,0.0003411000070627779
140,ISM,250,1999,1,47,1.0241755427331446e-14,1.9984014443252818e-15,0.00032479999936185777
141,DI,250,1999,1,48,9.74176363279568e-15,1.887379141862766e-15,0.004196599998977035
142,WMI,250,1999,1,48,1.0233141964032023e-14,1.9984014443252818e-15,0.0001550000160932541
143,ISM,250,1999,1,48,1.0241755427331446e-14,1.9984014443252818e-15,0.00014319998444989324
144,DI,250,1999,1,49,9.74176363279568e-15,1.887379141862766e-15,0.004125700012082234
145,WMI,250,1999,1,49,1.0233141964032023e-14,1.9984014443252818e-15,0.0005105999880470335
146,ISM,250,1999,1,49,1.0241755427331446e-14,1.9984014443252818e-15,0.0002820999943651259
147,DI,250,1999,1,50,9.74176363279568e-15,1.887379141862766e-15,0.004131199995754287
148,WMI,250,1999,1,50,1.0233141964032023e-14,1.9984014443252818e-15,0.00029919997905381024
149,ISM,250,1999,1,50,1.0241755427331446e-14,1.9984014443252818e-15,0.000287600007141009
150,DI,250,1999,1,51,9.74176363279568e-15,1.887379141862766e-15,0.0036026999878231436
151,WMI,250,1999,1,51,1.0233141964032023e-14,1.9984014443252818e-15,0.0004398000019136816
152,ISM,250,1999,1,51,1.0241755427331446e-14,1.9984014443252818e-15,0.0002674999996088445
153,DI,250,1999,1,52,9.74176363279568e-15,1.887379141862766e-15,0.004572600009851158
154,WMI,250,1999,1,52,1.0233141964032023e-14,1.9984014443252818e-15,0.0005671000108122826
155,ISM,250,1999,1,52,1.0241755427331446e-14,1.9984014443252818e-15,0.00027650000993162394
156,DI,250,1999,1,53,9.74176363279568e-15,1.887379141862766e-15,0.003966100019169971
157,WMI,250,1999,1,53,1.0233141964032023e-14,1.9984014443252818e-15,0.0003296000068075955
158,ISM,250,1999,1,53,1.0241755427331446e-14,1.9984014443252818e-15,0.0004969000001437962
159,DI,250,1999,1,54,9.74176363279568e-15,1.887379141862766e-15,0.0040988999826367944
160,WMI,250,1999,1,54,1.0233141964032023e-14,1.9984014443252818e-15,0.0005189999938011169
161,ISM,250,1999,1,54,1.0241755427331446e-14,1.9984014443252818e-15,0.0006053000106476247
162,DI,250,1999,1,55,9.74176363279568e-15,1.887379141862766e-15,0.0037412999954540282
163,WMI,250,1999,1,55,1.0233141964032023e-14,1.9984014443252818e-15,0.0001416000013705343
164,ISM,250,1999,1,55,1.0241755427331446e-14,1.9984014443252818e-15,0.00025610000011511147
165,DI,250,1999,1,56,9.74176363279568e-15,1.887379141862766e-15,0.0038349999813362956
166,WMI,250,1999,1,56,1.0233141964032023e-14,1.9984014443252818e-15,0.0005726000235881656
167,ISM,250,1999,1,56,1.0241755427331446e-14,1.9984014443252818e-15,0.00027409999165683985
168,DI,250,1999,1,57,9.74176363279568e-15,1.887379141862766e-15,0.0038967000145930797
169,WMI,250,1999,1,57,1.0233141964032023e-14,1.9984014443252818e-15,0.00028899998869746923
170,ISM,250,1999,1,57,1.0241755427331446e-14,1.9984014443252818e-15,0.00027210000553168356
171,DI,250,1999,1,58,9.74176363279568e-15,1.887379141862766e-15,0.003609800012782216
172,WMI,250,1999,1,58,1.0233141964032023e-14,1.9984014443252818e-15,0.0004945000109728426
173,ISM,250,1999,1,58,1.0241755427331446e-14,1.9984014443252818e-15,0.0002660000172909349
174,DI,250,1999,1,59,9.74176363279568e-15,1.887379141862766e-15,0.004853399994317442
175,WMI,250,1999,1,59,1.0233141964032023e-14,1.9984014443252818e-15,0.0005044999998062849
176,ISM,250,1999,1,59,1.0241755427331446e-14,1.9984014443252818e-15,0.00028539999038912356
177,DI,250,1999,1,60,9.74176363279568e-15,1.887379141862766e-15,0.0038111000030767173
178,WMI,250,1999,1,60,1.0233141964032023e-14,1.9984014443252818e-15,0.00047450000420212746
179,ISM,250,1999,1,60,1.0241755427331446e-14,1.9984014443252818e-15,0.0004967999993823469
180,DI,250,1999,1,61,9.74176363279568e-15,1.887379141862766e-15,0.004375500022433698
181,WMI,250,1999,1,61,1.0233141964032023e-14,1.9984014443252818e-15,0.0003471999953035265
182,ISM,250,1999,1,61,1.0241755427331446e-14,1.9984014443252818e-15,0.0003234999894630164
183,DI,250,1999,1,62,9.74176363279568e-15,1.887379141862766e-15,0.004550999990897253
184,WMI,250,1999,1,62,1.0233141964032023e-14,1.9984014443252818e-15,0.00013839997700415552
185,ISM,250,1999,1,62,1.0241755427331446e-14,1.9984014443252818e-15,0.0002643000043462962
186,DI,250,1999,1,63,9.74176363279568e-15,1.887379141862766e-15,0.004565699986414984
187,WMI,250,1999,1,63,1.0233141964032023e-14,1.9984014443252818e-15,0.0003392999933566898
188,ISM,250,1999,1,63,1.0241755427331446e-14,1.9984014443252818e-15,0.00015029998030513525
189,DI,250,1999,1,64,9.74176363279568e-15,1.887379141862766e-15,0.005541999998968095
190,WMI,250,1999,1,64,1.0233141964032023e-14,1.9984014443252818e-15,0.0003085000207647681
191,ISM,250,1999,1,64,1.0241755427331446e-14,1.9984014443252818e-15,0.0002786999975796789
192,DI,250,1999,1,65,9.74176363279568e-15,1.887379141862766e-15,0.0043009000073652714
193,WMI,250,1999,1,65,1.0233141964032023e-14,1.9984014443252818e-15,0.00046969999675638974
194,ISM,250,1999,1,65,1.0241755427331446e-14,1.9984014443252818e-15,0.00027879999834112823
195,DI,250,1999,1,66,9.74176363279568e-15,1.887379141862766e-15,0.004858800006331876
196,WMI,250,1999,1,66,1.0233141964032023e-14,1.9984014443252818e-15,0.0005833000177517533
197,ISM,250,1999,1,66,1.0241755427331446e-14,1.9984014443252818e-15,0.00028819998260587454
198,DI,250,1999,1,67,9.74176363279568e-15,1.887379141862766e-15,0.00436190000618808
199,WMI,250,1999,1,67,1.0233141964032023e-14,1.9984014443252818e-15,0.0004631999763660133
200,ISM,250,1999,1,67,1.0241755427331446e-14,1.9984014443252818e-15,0.00045020002289675176
201,DI,250,1999,1,68,9.74176363279568e-15,1.887379141862766e-15,0.004529099998762831
202,WMI,250,1999,1,68,1.0233141964032023e-14,1.9984014443252818e-15,0.0005001999961677939
203,ISM,250,1999,1,68,1.0241755427331446e-14,1.9984014443252818e-15,0.0004884999943897128
204,DI,250,1999,1,69,9.74176363279568e-15,1.887379141862766e-15,0.004491600004257634
205,WMI,250,1999,1,69,1.0233141964032023e-14,1.9984014443252818e-15,0.0003026999766007066
206,ISM,250,1999,1,69,1.0241755427331446e-14,1.9984014443252818e-15,0.00027210000553168356
207,DI,250,1999,1,70,9.74176363279568e-15,1.887379141862766e-15,0.005055099987657741
208,WMI,250,1999,1,70,1.0233141964032023e-14,1.9984014443252818e-15,0.0004999999946448952
209,ISM,250,1999,1,70,1.0241755427331446e-14,1.9984014443252818e-15,0.00030139999580569565
210,DI,250,1999,1,71,9.74176363279568e-15,1.887379141862766e-15,0.005023400008212775
211,WMI,250,1999,1,71,1.0233141964032023e-14,1.9984014443252818e-15,0.0002902999985963106
212,ISM,250,1999,1,71,1.0241755427331446e-14,1.9984014443252818e-15,0.0002768999838735908
213,DI,250,1999,1,72,9.74176363279568e-15,1.887379141862766e-15,0.005391999991843477
214,WMI,250,1999,1,72,1.0233141964032023e-14,1.9984014443252818e-15,0.0006753999914508313
215,ISM,250,1999,1,72,1.0241755427331446e-14,1.9984014443252818e-15,0.0002646000066306442
216,DI,250,1999,1,73,9.74176363279568e-15,1.887379141862766e-15,0.005256000004010275
217,WMI,250,1999,1,73,1.0233141964032023e-14,1.9984014443252818e-15,0.0005716000159736723
218,ISM,250,1999,1,73,1.0241755427331446e-14,1.9984014443252818e-15,0.0002938999969046563
219,DI,250,1999,1,74,9.74176363279568e-15,1.887379141862766e-15,0.005390700011048466
220,WMI,250,1999,1,74,1.0233141964032023e-14,1.9984014443252818e-15,0.00018350000027567148
221,ISM,250,1999,1,74,1.0241755427331446e-14,1.9984014443252818e-15,0.0005426999996416271
222,DI,250,1999,1,75,9.74176363279568e-15,1.887379141862766e-15,0.004044399975100532
223,WMI,250,1999,1,75,1.0233141964032023e-14,1.9984014443252818e-15,0.0006117000011727214
224,ISM,250,1999,1,75,1.0241755427331446e-14,1.9984014443252818e-15,0.0006434000097215176
225,DI,250,1999,1,76,9.74176363279568e-15,1.887379141862766e-15,0.005038399976911023
226,WMI,250,1999,1,76,1.0233141964032023e-14,1.9984014443252818e-15,0.0003029000072274357
227,ISM,250,1999,1,76,1.0241755427331446e-14,1.9984014443252818e-15,0.00025839998852461576
228,DI,250,1999,1,77,9.74176363279568e-15,1.887379141862766e-15,0.00466259999666363
229,WMI,250,1999,1,77,1.0233141964032023e-14,1.9984014443252818e-15,0.00035180000122636557
230,ISM,250,1999,1,77,1.0241755427331446e-14,1.9984014443252818e-15,0.0001351000100839883
231,DI,250,1999,1,78,9.74176363279568e-15,1.887379141862766e-15,0.004238599998643622
232,WMI,250,1999,1,78,1.0233141964032023e-14,1.9984014443252818e-15,0.00014799999189563096
233,ISM,250,1999,1,78,1.0241755427331446e-14,1.9984014443252818e-15,0.00012530002277344465
234,DI,250,1999,1,79,9.74176363279568e-15,1.887379141862766e-15,0.004090499976882711
235,WMI,250,1999,1,79,1.0233141964032023e-14,1.9984014443252818e-15,0.00043879999429918826
236,ISM,250,1999,1,79,1.0241755427331446e-14,1.9984014443252818e-15,0.00026279999292455614
237,DI,250,1999,1,80,9.74176363279568e-15,1.887379141862766e-15,0.004007799987448379
238,WMI,250,1999,1,80,1.0233141964032023e-14,1.9984014443252818e-15,0.0002924999862443656
239,ISM,250,1999,1,80,1.0241755427331446e-14,1.9984014443252818e-15,0.00012879999121651053
240,DI,250,1999,1,81,9.74176363279568e-15,1.887379141862766e-15,0.003734799975063652
241,WMI,250,1999,1,81,1.0233141964032023e-14,1.9984014443252818e-15,0.0001516000193078071
242,ISM,250,1999,1,81,1.0241755427331446e-14,1.9984014443252818e-15,0.00045750002027489245
243,DI,250,1999,1,82,9.74176363279568e-15,1.887379141862766e-15,0.003553100017597899
244,WMI,250,1999,1,82,1.0233141964032023e-14,1.9984014443252818e-15,0.00048180000158026814
245,ISM,250,1999,1,82,1.0241755427331446e-14,1.9984014443252818e-15,0.00044510001316666603
246,DI,250,1999,1,83,9.74176363279568e-15,1.887379141862766e-15,0.004068400012329221
247,WMI,250,1999,1,83,1.0233141964032023e-14,1.9984014443252818e-15,0.00015430001076310873
248,ISM,250,1999,1,83,1.0241755427331446e-14,1.9984014443252818e-15,0.00012929999502375722
249,DI,250,1999,1,84,9.74176363279568e-15,1.887379141862766e-15,0.0039416000072378665
250,WMI,250,1999,1,84,1.0233141964032023e-14,1.9984014443252818e-15,0.00047369999811053276
251,ISM,250,1999,1,84,1.0241755427331446e-14,1.9984014443252818e-15,0.00013780000153928995
252,DI,250,1999,1,85,9.74176363279568e-15,1.887379141862766e-15,0.003934300009859726
253,WMI,250,1999,1,85,1.0233141964032023e-14,1.9984014443252818e-15,0.0003493999829515815
254,ISM,250,1999,1,85,1.0241755427331446e-14,1.9984014443252818e-15,0.0001419000036548823
255,DI,250,1999,1,86,9.74176363279568e-15,1.887379141862766e-15,0.00324469999759458
256,WMI,250,1999,1,86,1.0233141964032023e-14,1.9984014443252818e-15,0.00028789998032152653
257,ISM,250,1999,1,86,1.0241755427331446e-14,1.9984014443252818e-15,0.00024629998370073736
258,DI,250,1999,1,87,9.74176363279568e-15,1.887379141862766e-15,0.0032103999983519316
259,WMI,250,1999,1,87,1.0233141964032023e-14,1.9984014443252818e-15,0.0002700999903026968
260,ISM,250,1999,1,87,1.0241755427331446e-14,1.9984014443252818e-15,0.0001306000049225986
261,DI,250,1999,1,88,9.74176363279568e-15,1.887379141862766e-15,0.0033285999961663038
262,WMI,250,1999,1,88,1.0233141964032023e-14,1.9984014443252818e-15,0.00014109999756328762
263,ISM,250,1999,1,88,1.0241755427331446e-14,1.9984014443252818e-15,0.0004603999841492623
264,DI,250,1999,1,89,9.74176363279568e-15,1.887379141862766e-15,0.003639600006863475
265,WMI,250,1999,1,89,1.0233141964032023e-14,1.9984014443252818e-15,0.00030239997431635857
266,ISM,250,1999,1,89,1.0241755427331446e-14,1.9984014443252818e-15,0.000454399996669963
267,DI,250,1999,1,90,9.74176363279568e-15,1.887379141862766e-15,0.0033912999788299203
268,WMI,250,1999,1,90,1.0233141964032023e-14,1.9984014443252818e-15,0.00014479999663308263
269,ISM,250,1999,1,90,1.0241755427331446e-14,1.9984014443252818e-15,0.00015480001457035542
270,DI,250,1999,1,91,9.74176363279568e-15,1.887379141862766e-15,0.00359139998909086
271,WMI,250,1999,1,91,1.0233141964032023e-14,1.9984014443252818e-15,0.00034020000020973384
272,ISM,250,1999,1,91,1.0241755427331446e-14,1.9984014443252818e-15,0.0003726000140886754
273,DI,250,1999,1,92,9.74176363279568e-15,1.887379141862766e-15,0.003680200024973601
274,WMI,250,1999,1,92,1.0233141964032023e-14,1.9984014443252818e-15,0.0001416000013705343
275,ISM,250,1999,1,92,1.0241755427331446e-14,1.9984014443252818e-15,0.0001373999984934926
276,DI,250,1999,1,93,9.74176363279568e-15,1.887379141862766e-15,0.003139599983114749
277,WMI,250,1999,1,93,1.0233141964032023e-14,1.9984014443252818e-15,0.0003281000244896859
278,ISM,250,1999,1,93,1.0241755427331446e-14,1.9984014443252818e-15,0.0002567000046838075
279,DI,250,1999,1,94,9.74176363279568e-15,1.887379141862766e-15,0.00399890000699088
280,WMI,250,1999,1,94,1.0233141964032023e-14,1.9984014443252818e-15,0.00031319999834522605
281,ISM,250,1999,1,94,1.0241755427331446e-14,1.9984014443252818e-15,0.00025610000011511147
282,DI,250,1999,1,95,9.74176363279568e-15,1.887379141862766e-15,0.003349200007505715
283,WMI,250,1999,1,95,1.0233141964032023e-14,1.9984014443252818e-15,0.00028360000578686595
284,ISM,250,1999,1,95,1.0241755427331446e-14,1.9984014443252818e-15,0.0005237000004854053
285,DI,250,1999,1,96,9.74176363279568e-15,1.887379141862766e-15,0.0037309000035747886
286,WMI,250,1999,1,96,1.0233141964032023e-14,1.9984014443252818e-15,0.00044520001392811537
287,ISM,250,1999,1,96,1.0241755427331446e-14,1.9984014443252818e-15,0.0004264999879524112
288,DI,250,1999,1,97,9.74176363279568e-15,1.887379141862766e-15,0.0034004999906755984
289,WMI,250,1999,1,97,1.0233141964032023e-14,1.9984014443252818e-15,0.00014620000729337335
290,ISM,250,1999,1,97,1.0241755427331446e-14,1.9984014443252818e-15,0.00012840001727454364
291,DI,250,1999,1,98,9.74176363279568e-15,1.887379141862766e-15,0.003985799994552508
292,WMI,250,1999,1,98,1.0233141964032023e-14,1.9984014443252818e-15,0.00034840000444091856
293,ISM,250,1999,1,98,1.0241755427331446e-14,1.9984014443252818e-15,0.0002525000018067658
294,DI,250,1999,1,99,9.74176363279568e-15,1.887379141862766e-15,0.004025199974421412
295,WMI,250,1999,1,99,1.0233141964032023e-14,1.9984014443252818e-15,0.00017559999832883477
296,ISM,250,1999,1,99,1.0241755427331446e-14,1.9984014443252818e-15,0.00026780000189319253
297,DI,250,1999,1,100,9.74176363279568e-15,1.887379141862766e-15,0.00323880001087673
298,WMI,250,1999,1,100,1.0233141964032023e-14,1.9984014443252818e-15,0.0005009000014979392
299,ISM,250,1999,1,100,1.0241755427331446e-14,1.9984014443252818e-15,0.00013440000475384295
300,DI,250,1999,1,101,9.74176363279568e-15,1.887379141862766e-15,0.003758400009246543
301,WMI,250,1999,1,101,1.0233141964032023e-14,1.9984014443252818e-15,0.0003532000118866563
302,ISM,250,1999,1,101,1.0241755427331446e-14,1.9984014443252818e-15,0.00012389998300932348
303,DI,250,1999,1,102,9.74176363279568e-15,1.887379141862766e-15,0.0036724999954458326
304,WMI,250,1999,1,102,1.0233141964032023e-14,1.9984014443252818e-15,0.00015010000788606703
305,ISM,250,1999,1,102,1.0241755427331446e-14,1.9984014443252818e-15,0.00034630001755431294
306,DI,250,1999,1,103,9.74176363279568e-15,1.887379141862766e-15,0.003568800020730123
307,WMI,250,1999,1,103,1.0233141964032023e-14,1.9984014443252818e-15,0.00046579999616369605
308,ISM,250,1999,1,103,1.0241755427331446e-14,1.9984014443252818e-15,0.0005191999953240156
309,DI,250,1999,1,104,9.74176363279568e-15,1.887379141862766e-15,0.0032479999936185777
310,WMI,250,1999,1,104,1.0233141964032023e-14,1.9984014443252818e-15,0.00028490001568570733
311,ISM,250,1999,1,104,1.0241755427331446e-14,1.9984014443252818e-15,0.00025680000544525683
312,DI,250,1999,1,105,9.74176363279568e-15,1.887379141862766e-15,0.00420029999804683
313,WMI,250,1999,1,105,1.0233141964032023e-14,1.9984014443252818e-15,0.00031599999056197703
314,ISM,250,1999,1,105,1.0241755427331446e-14,1.9984014443252818e-15,0.00013689999468624592
315,DI,250,1999,1,106,9.74176363279568e-15,1.887379141862766e-15,0.004189200000837445
316,WMI,250,1999,1,106,1.0233141964032023e-14,1.9984014443252818e-15,0.00030980000155977905
317,ISM,250,1999,1,106,1.0241755427331446e-14,1.9984014443252818e-15,0.00026300002355128527
318,DI,250,1999,1,107,9.74176363279568e-15,1.887379141862766e-15,0.0038007000111974776
319,WMI,250,1999,1,107,1.0233141964032023e-14,1.9984014443252818e-15,0.0003096000000368804
320,ISM,250,1999,1,107,1.0241755427331446e-14,1.9984014443252818e-15,0.00012799998512491584
321,DI,250,1999,1,108,9.74176363279568e-15,1.887379141862766e-15,0.0038053999887779355
322,WMI,250,1999,1,108,1.0233141964032023e-14,1.9984014443252818e-15,0.0003677000058814883
323,ISM,250,1999,1,108,1.0241755427331446e-14,1.9984014443252818e-15,0.00015540001913905144
324,DI,250,1999,1,109,9.74176363279568e-15,1.887379141862766e-15,0.003812699986156076
325,WMI,250,1999,1,109,1.0233141964032023e-14,1.9984014443252818e-15,0.00014820002252236009
326,ISM,250,1999,1,109,1.0241755427331446e-14,1.9984014443252818e-15,0.000308899994706735
327,DI,250,1999,1,110,9.74176363279568e-15,1.887379141862766e-15,0.0034435999987181276
328,WMI,250,1999,1,110,1.0233141964032023e-14,1.9984014443252818e-15,0.0003301000106148422
329,ISM,250,1999,1,110,1.0241755427331446e-14,1.9984014443252818e-15,0.0004655000229831785
330,DI,250,1999,1,111,9.74176363279568e-15,1.887379141862766e-15,0.003633599990280345
331,WMI,250,1999,1,111,1.0233141964032023e-14,1.9984014443252818e-15,0.00014980000560171902
332,ISM,250,1999,1,111,1.0241755427331446e-14,1.9984014443252818e-15,0.00025729998014867306
333,DI,250,1999,1,112,9.74176363279568e-15,1.887379141862766e-15,0.003511999995680526
334,WMI,250,1999,1,112,1.0233141964032023e-14,1.9984014443252818e-15,0.0003034999826923013
335,ISM,250,1999,1,112,1.0241755427331446e-14,1.9984014443252818e-15,0.0001280000142287463
336,DI,250,1999,1,113,9.74176363279568e-15,1.887379141862766e-15,0.0036712999863084406
337,WMI,250,1999,1,113,1.0233141964032023e-14,1.9984014443252818e-15,0.00031400000443682075
338,ISM,250,1999,1,113,1.0241755427331446e-14,1.9984014443252818e-15,0.00014009998994879425
339,DI,250,1999,1,114,9.74176363279568e-15,1.887379141862766e-15,0.003245900006731972
340,WMI,250,1999,1,114,1.0233141964032023e-14,1.9984014443252818e-15,0.00029769999673590064
341,ISM,250,1999,1,114,1.0241755427331446e-14,1.9984014443252818e-15,0.00012729997979477048
342,DI,250,1999,1,115,9.74176363279568e-15,1.887379141862766e-15,0.0035259999858681113
343,WMI,250,1999,1,115,1.0233141964032023e-14,1.9984014443252818e-15,0.0003090999962296337
344,ISM,250,1999,1,115,1.0241755427331446e-14,1.9984014443252818e-15,0.0001306000049225986
345,DI,250,1999,1,116,9.74176363279568e-15,1.887379141862766e-15,0.0034733999927993864
346,WMI,250,1999,1,116,1.0233141964032023e-14,1.9984014443252818e-15,0.00014429999282583594
347,ISM,250,1999,1,116,1.0241755427331446e-14,1.9984014443252818e-15,0.0004702000005636364
348,DI,250,1999,1,117,9.74176363279568e-15,1.887379141862766e-15,0.003951999999117106
349,WMI,250,1999,1,117,1.0233141964032023e-14,1.9984014443252818e-15,0.0006525999924633652
350,ISM,250,1999,1,117,1.0241755427331446e-14,1.9984014443252818e-15,0.0003490000090096146
351,DI,250,1999,1,118,9.74176363279568e-15,1.887379141862766e-15,0.0034152999869547784
352,WMI,250,1999,1,118,1.0233141964032023e-14,1.9984014443252818e-15,0.00014819999341852963
353,ISM,250,1999,1,118,1.0241755427331446e-14,1.9984014443252818e-15,0.0001241000136360526
354,DI,250,1999,1,119,9.74176363279568e-15,1.887379141862766e-15,0.003626199992140755
355,WMI,250,1999,1,119,1.0233141964032023e-14,1.9984014443252818e-15,0.0003030999796465039
356,ISM,250,1999,1,119,1.0241755427331446e-14,1.9984014443252818e-15,0.0002624999906402081
357,DI,250,1999,1,120,9.74176363279568e-15,1.887379141862766e-15,0.003599699994083494
358,WMI,250,1999,1,120,1.0233141964032023e-14,1.9984014443252818e-15,0.0002899999963119626
359,ISM,250,1999,1,120,1.0241755427331446e-14,1.9984014443252818e-15,0.00026909998268820345
360,DI,250,1999,1,121,9.74176363279568e-15,1.887379141862766e-15,0.0033679000043775886
361,WMI,250,1999,1,121,1.0233141964032023e-14,1.9984014443252818e-15,0.000357400014763698
362,ISM,250,1999,1,121,1.0241755427331446e-14,1.9984014443252818e-15,0.00018200001795776188
363,DI,250,1999,1,122,9.74176363279568e-15,1.887379141862766e-15,0.004014999984065071
364,WMI,250,1999,1,122,1.0233141964032023e-14,1.9984014443252818e-15,0.0003369000041857362
365,ISM,250,1999,1,122,1.0241755427331446e-14,1.9984014443252818e-15,0.00013719999697059393
366,DI,250,1999,1,123,9.74176363279568e-15,1.887379141862766e-15,0.003848299995297566
367,WMI,250,1999,1,123,1.0233141964032023e-14,1.9984014443252818e-15,0.00015739997616037726
368,ISM,250,1999,1,123,1.0241755427331446e-14,1.9984014443252818e-15,0.00033069998607970774
369,DI,250,1999,1,124,9.74176363279568e-15,1.887379141862766e-15,0.00432629999704659
370,WMI,250,1999,1,124,1.0233141964032023e-14,1.9984014443252818e-15,0.0005738000036217272
371,ISM,250,1999,1,124,1.0241755427331446e-14,1.9984014443252818e-15,0.0003299000090919435
372,DI,250,1999,1,125,9.74176363279568e-15,1.887379141862766e-15,0.003924400021787733
373,WMI,250,1999,1,125,1.0233141964032023e-14,1.9984014443252818e-15,0.00017939999816007912
374,ISM,250,1999,1,125,1.0241755427331446e-14,1.9984014443252818e-15,0.0001328999933321029
375,DI,250,1999,1,126,9.74176363279568e-15,1.887379141862766e-15,0.003960000001825392
376,WMI,250,1999,1,126,1.0233141964032023e-14,1.9984014443252818e-15,0.0004903000080958009
377,ISM,250,1999,1,126,1.0241755427331446e-14,1.9984014443252818e-15,0.0002708999963942915
378,DI,250,1999,1,127,9.74176363279568e-15,1.887379141862766e-15,0.003419699991354719
379,WMI,250,1999,1,127,1.0233141964032023e-14,1.9984014443252818e-15,0.00013910001143813133
380,ISM,250,1999,1,127,1.0241755427331446e-14,1.9984014443252818e-15,0.00012710000737570226
381,DI,250,1999,1,128,9.74176363279568e-15,1.887379141862766e-15,0.0033976999984588474
382,WMI,250,1999,1,128,1.0233141964032023e-14,1.9984014443252818e-15,0.0004820000031031668
383,ISM,250,1999,1,128,1.0241755427331446e-14,1.9984014443252818e-15,0.00013230001786723733
384,DI,250,1999,1,129,9.74176363279568e-15,1.887379141862766e-15,0.0036663999781012535
385,WMI,250,1999,1,129,1.0233141964032023e-14,1.9984014443252818e-15,0.0003687999851536006
386,ISM,250,1999,1,129,1.0241755427331446e-14,1.9984014443252818e-15,0.00025270000332966447
387,DI,250,1999,1,130,9.74176363279568e-15,1.887379141862766e-15,0.003539099998306483
388,WMI,250,1999,1,130,1.0233141964032023e-14,1.9984014443252818e-15,0.00030490002245642245
389,ISM,250,1999,1,130,1.0241755427331446e-14,1.9984014443252818e-15,0.00037709999014623463
390,DI,250,1999,1,131,9.74176363279568e-15,1.887379141862766e-15,0.003566500003216788
391,WMI,250,1999,1,131,1.0233141964032023e-14,1.9984014443252818e-15,0.0003634000022429973
392,ISM,250,1999,1,131,1.0241755427331446e-14,1.9984014443252818e-15,0.0004692000220529735
393,DI,250,1999,1,132,9.74176363279568e-15,1.887379141862766e-15,0.0035274999972898513
394,WMI,250,1999,1,132,1.0233141964032023e-14,1.9984014443252818e-15,0.00024159997701644897
395,ISM,250,1999,1,132,1.0241755427331446e-14,1.9984014443252818e-15,0.0001275000104214996
396,DI,250,1999,1,133,9.74176363279568e-15,1.887379141862766e-15,0.0035277999995741993
397,WMI,250,1999,1,133,1.0233141964032023e-14,1.9984014443252818e-15,0.0003155999875161797
398,ISM,250,1999,1,133,1.0241755427331446e-14,1.9984014443252818e-15,0.0001230000052601099
399,DI,250,1999,1,134,9.74176363279568e-15,1.887379141862766e-15,0.004264799994416535
400,WMI,250,1999,1,134,1.0233141964032023e-14,1.9984014443252818e-15,0.00015969999367371202
401,ISM,250,1999,1,134,1.0241755427331446e-14,1.9984014443252818e-15,0.00013870000839233398
402,DI,250,1999,1,135,9.74176363279568e-15,1.887379141862766e-15,0.0035764999920502305
403,WMI,250,1999,1,135,1.0233141964032023e-14,1.9984014443252818e-15,0.0003307999868411571
404,ISM,250,1999,1,135,1.0241755427331446e-14,1.9984014443252818e-15,0.000308899994706735
405,DI,250,1999,1,136,9.74176363279568e-15,1.887379141862766e-15,0.0037668000150006264
406,WMI,250,1999,1,136,1.0233141964032023e-14,1.9984014443252818e-15,0.0003656999906525016
407,ISM,250,1999,1,136,1.0241755427331446e-14,1.9984014443252818e-15,0.0001280000142287463
408,DI,250,1999,1,137,9.74176363279568e-15,1.887379141862766e-15,0.0037819000135641545
409,WMI,250,1999,1,137,1.0233141964032023e-14,1.9984014443252818e-15,0.00013960001524537802
410,ISM,250,1999,1,137,1.0241755427331446e-14,1.9984014443252818e-15,0.000308899994706735
411,DI,250,1999,1,138,9.74176363279568e-15,1.887379141862766e-15,0.0037232999748084694
412,WMI,250,1999,1,138,1.0233141964032023e-14,1.9984014443252818e-15,0.00030509999487549067
413,ISM,250,1999,1,138,1.0241755427331446e-14,1.9984014443252818e-15,0.0005075999943073839
414,DI,250,1999,1,139,9.74176363279568e-15,1.887379141862766e-15,0.0044689000060316175
415,WMI,250,1999,1,139,1.0233141964032023e-14,1.9984014443252818e-15,0.00019409999367780983
416,ISM,250,1999,1,139,1.0241755427331446e-14,1.9984014443252818e-15,0.0002565999748185277
417,DI,250,1999,1,140,9.74176363279568e-15,1.887379141862766e-15,0.004123799997614697
418,WMI,250,1999,1,140,1.0233141964032023e-14,1.9984014443252818e-15,0.00048550000065006316
419,ISM,250,1999,1,140,1.0241755427331446e-14,1.9984014443252818e-15,0.000132200017105788
420,DI,250,1999,1,141,9.74176363279568e-15,1.887379141862766e-15,0.003876500006299466
421,WMI,250,1999,1,141,1.0233141964032023e-14,1.9984014443252818e-15,0.00013569998554885387
422,ISM,250,1999,1,141,1.0241755427331446e-14,1.9984014443252818e-15,0.00024610001128166914
423,DI,250,1999,1,142,9.74176363279568e-15,1.887379141862766e-15,0.00333960002171807
424,WMI,250,1999,1,142,1.0233141964032023e-14,1.9984014443252818e-15,0.00032160000409930944
425,ISM,250,1999,1,142,1.0241755427331446e-14,1.9984014443252818e-15,0.00026550001348368824
426,DI,250,1999,1,143,9.74176363279568e-15,1.887379141862766e-15,0.003647600009571761
427,WMI,250,1999,1,143,1.0233141964032023e-14,1.9984014443252818e-15,0.0003194000164512545
428,ISM,250,1999,1,143,1.0241755427331446e-14,1.9984014443252818e-15,0.00024750002194195986
429,DI,250,1999,1,144,9.74176363279568e-15,1.887379141862766e-15,0.0034823000023607165
430,WMI,250,1999,1,144,1.0233141964032023e-14,1.9984014443252818e-15,0.00027210000553168356
431,ISM,250,1999,1,144,1.0241755427331446e-14,1.9984014443252818e-15,0.0005157999985385686
432,DI,250,1999,1,145,9.74176363279568e-15,1.887379141862766e-15,0.0038483999960590154
433,WMI,250,1999,1,145,1.0233141964032023e-14,1.9984014443252818e-15,0.00032959997770376503
434,ISM,250,1999,1,145,1.0241755427331446e-14,1.9984014443252818e-15,0.0003060000017285347
435,DI,250,1999,1,146,9.74176363279568e-15,1.887379141862766e-15,0.003663300012703985
436,WMI,250,1999,1,146,1.0233141964032023e-14,1.9984014443252818e-15,0.0002911000046879053
437,ISM,250,1999,1,146,1.0241755427331446e-14,1.9984014443252818e-15,0.00027119999867863953
438,DI,250,1999,1,147,9.74176363279568e-15,1.887379141862766e-15,0.003982700000051409
439,WMI,250,1999,1,147,1.0233141964032023e-14,1.9984014443252818e-15,0.0004808999947272241
440,ISM,250,1999,1,147,1.0241755427331446e-14,1.9984014443252818e-15,0.0001432000135537237
441,DI,250,1999,1,148,9.74176363279568e-15,1.887379141862766e-15,0.003964200004702434
442,WMI,250,1999,1,148,1.0233141964032023e-14,1.9984014443252818e-15,0.00015010000788606703
443,ISM,250,1999,1,148,1.0241755427331446e-14,1.9984014443252818e-15,0.00012599999899975955
444,DI,250,1999,1,149,9.74176363279568e-15,1.887379141862766e-15,0.003464699984760955
445,WMI,250,1999,1,149,1.0233141964032023e-14,1.9984014443252818e-15,0.00032309998641721904
446,ISM,250,1999,1,149,1.0241755427331446e-14,1.9984014443252818e-15,0.0002452000044286251
447,DI,250,1999,1,150,9.74176363279568e-15,1.887379141862766e-15,0.003862000012304634
448,WMI,250,1999,1,150,1.0233141964032023e-14,1.9984014443252818e-15,0.0005760999920312315
449,ISM,250,1999,1,150,1.0241755427331446e-14,1.9984014443252818e-15,0.00026420000358484685
450,DI,250,1999,1,151,9.74176363279568e-15,1.887379141862766e-15,0.0038210000202525407
451,WMI,250,1999,1,151,1.0233141964032023e-14,1.9984014443252818e-15,0.0001508000132162124
452,ISM,250,1999,1,151,1.0241755427331446e-14,1.9984014443252818e-15,0.00034610001603141427
453,DI,250,1999,1,152,9.74176363279568e-15,1.887379141862766e-15,0.0038252000231295824
454,WMI,250,1999,1,152,1.0233141964032023e-14,1.9984014443252818e-15,0.000534999999217689
455,ISM,250,1999,1,152,1.0241755427331446e-14,1.9984014443252818e-15,0.000309199996991083
456,DI,250,1999,1,153,9.74176363279568e-15,1.887379141862766e-15,0.0038044000102672726
457,WMI,250,1999,1,153,1.0233141964032023e-14,1.9984014443252818e-15,0.00014710001414641738
458,ISM,250,1999,1,153,1.0241755427331446e-14,1.9984014443252818e-15,0.0002513999934308231
459,DI,250,1999,1,154,9.74176363279568e-15,1.887379141862766e-15,0.0041732999961823225
460,WMI,250,1999,1,154,1.0233141964032023e-14,1.9984014443252818e-15,0.0003228000132367015
461,ISM,250,1999,1,154,1.0241755427331446e-14,1.9984014443252818e-15,0.00024599998141638935
462,DI,250,1999,1,155,9.74176363279568e-15,1.887379141862766e-15,0.0036814999766647816
463,WMI,250,1999,1,155,1.0233141964032023e-14,1.9984014443252818e-15,0.00026270002126693726
464,ISM,250,1999,1,155,1.0241755427331446e-14,1.9984014443252818e-15,0.00012480001896619797
465,DI,250,1999,1,156,9.74176363279568e-15,1.887379141862766e-15,0.0036493999941740185
466,WMI,250,1999,1,156,1.0233141964032023e-14,1.9984014443252818e-15,0.0003273000183980912
467,ISM,250,1999,1,156,1.0241755427331446e-14,1.9984014443252818e-15,0.0001233999792020768
468,DI,250,1999,1,157,9.74176363279568e-15,1.887379141862766e-15,0.0035191999922972172
469,WMI,250,1999,1,157,1.0233141964032023e-14,1.9984014443252818e-15,0.00031599999056197703
470,ISM,250,1999,1,157,1.0241755427331446e-14,1.9984014443252818e-15,0.00024530000519007444
471,DI,250,1999,1,158,9.74176363279568e-15,1.887379141862766e-15,0.003679000015836209
472,WMI,250,1999,1,158,1.0233141964032023e-14,1.9984014443252818e-15,0.00031990002025850117
473,ISM,250,1999,1,158,1.0241755427331446e-14,1.9984014443252818e-15,0.0003628999984357506
474,DI,250,1999,1,159,9.74176363279568e-15,1.887379141862766e-15,0.0034983999794349074
475,WMI,250,1999,1,159,1.0233141964032023e-14,1.9984014443252818e-15,0.00031850000959821045
476,ISM,250,1999,1,159,1.0241755427331446e-14,1.9984014443252818e-15,0.0004655999946407974
477,DI,250,1999,1,160,9.74176363279568e-15,1.887379141862766e-15,0.003932299994630739
478,WMI,250,1999,1,160,1.0233141964032023e-14,1.9984014443252818e-15,0.0001568000006955117
479,ISM,250,1999,1,160,1.0241755427331446e-14,1.9984014443252818e-15,0.00012499999138526618
480,DI,250,1999,1,161,9.74176363279568e-15,1.887379141862766e-15,0.003720699984114617
481,WMI,250,1999,1,161,1.0233141964032023e-14,1.9984014443252818e-15,0.00030899999546818435
482,ISM,250,1999,1,161,1.0241755427331446e-14,1.9984014443252818e-15,0.00024580000899732113
483,DI,250,1999,1,162,9.74176363279568e-15,1.887379141862766e-15,0.004586399998515844
484,WMI,250,1999,1,162,1.0233141964032023e-14,1.9984014443252818e-15,0.00017069999012164772
485,ISM,250,1999,1,162,1.0241755427331446e-14,1.9984014443252818e-15,0.00012820001575164497
486,DI,250,1999,1,163,9.74176363279568e-15,1.887379141862766e-15,0.0032506000134162605
487,WMI,250,1999,1,163,1.0233141964032023e-14,1.9984014443252818e-15,0.0004783000040333718
488,ISM,250,1999,1,163,1.0241755427331446e-14,1.9984014443252818e-15,0.0002570000069681555
489,DI,250,1999,1,164,9.74176363279568e-15,1.887379141862766e-15,0.0041791999829001725
490,WMI,250,1999,1,164,1.0233141964032023e-14,1.9984014443252818e-15,0.00031709999893791974
491,ISM,250,1999,1,164,1.0241755427331446e-14,1.9984014443252818e-15,0.00012469998910091817
492,DI,250,1999,1,165,9.74176363279568e-15,1.887379141862766e-15,0.003446799993980676
493,WMI,250,1999,1,165,1.0233141964032023e-14,1.9984014443252818e-15,0.00013080000644549727
494,ISM,250,1999,1,165,1.0241755427331446e-14,1.9984014443252818e-15,0.0003488000074867159
495,DI,250,1999,1,166,9.74176363279568e-15,1.887379141862766e-15,0.004323600005591288
496,WMI,250,1999,1,166,1.0233141964032023e-14,1.9984014443252818e-15,0.000535300001502037
497,ISM,250,1999,1,166,1.0241755427331446e-14,1.9984014443252818e-15,0.0003515999997034669
498,DI,250,1999,1,167,9.74176363279568e-15,1.887379141862766e-15,0.00344619998941198
499,WMI,250,1999,1,167,1.0233141964032023e-14,1.9984014443252818e-15,0.00013420000323094428
500,ISM,250,1999,1,167,1.0241755427331446e-14,1.9984014443252818e-15,0.0001218999968841672
501,DI,250,1999,1,168,9.74176363279568e-15,1.887379141862766e-15,0.004326599999330938
502,WMI,250,1999,1,168,1.0233141964032023e-14,1.9984014443252818e-15,0.00033329997677356005
503,ISM,250,1999,1,168,1.0241755427331446e-14,1.9984014443252818e-15,0.0002447000006213784
504,DI,250,1999,1,169,9.74176363279568e-15,1.887379141862766e-15,0.003977999993367121
505,WMI,250,1999,1,169,1.0233141964032023e-14,1.9984014443252818e-15,0.00016689999029040337
506,ISM,250,1999,1,169,1.0241755427331446e-14,1.9984014443252818e-15,0.0002539999841246754
507,DI,250,1999,1,170,9.74176363279568e-15,1.887379141862766e-15,0.0035512000031303614
508,WMI,250,1999,1,170,1.0233141964032023e-14,1.9984014443252818e-15,0.00035489999572746456
509,ISM,250,1999,1,170,1.0241755427331446e-14,1.9984014443252818e-15,0.00024839999969117343
510,DI,250,1999,1,171,9.74176363279568e-15,1.887379141862766e-15,0.00345660001039505
511,WMI,250,1999,1,171,1.0233141964032023e-14,1.9984014443252818e-15,0.0004933000018354505
512,ISM,250,1999,1,171,1.0241755427331446e-14,1.9984014443252818e-15,0.00027799999224953353
513,DI,250,1999,1,172,9.74176363279568e-15,1.887379141862766e-15,0.0037431000091601163
514,WMI,250,1999,1,172,1.0233141964032023e-14,1.9984014443252818e-15,0.0006225999968592077
515,ISM,250,1999,1,172,1.0241755427331446e-14,1.9984014443252818e-15,0.00031900001340545714
516,DI,250,1999,1,173,9.74176363279568e-15,1.887379141862766e-15,0.004082900006324053
517,WMI,250,1999,1,173,1.0233141964032023e-14,1.9984014443252818e-15,0.00033290000283159316
518,ISM,250,1999,1,173,1.0241755427331446e-14,1.9984014443252818e-15,0.0003530000103637576
519,DI,250,1999,1,174,9.74176363279568e-15,1.887379141862766e-15,0.0035154999932274222
520,WMI,250,1999,1,174,1.0233141964032023e-14,1.9984014443252818e-15,0.00026970001636072993
521,ISM,250,1999,1,174,1.0241755427331446e-14,1.9984014443252818e-15,0.00012569999671541154
522,DI,250,1999,1,175,9.74176363279568e-15,1.887379141862766e-15,0.004155600006924942
523,WMI,250,1999,1,175,1.0233141964032023e-14,1.9984014443252818e-15,0.00037269998574629426
524,ISM,250,1999,1,175,1.0241755427331446e-14,1.9984014443252818e-15,0.00012840001727454364
525,DI,250,1999,1,176,9.74176363279568e-15,1.887379141862766e-15,0.003567799984011799
526,WMI,250,1999,1,176,1.0233141964032023e-14,1.9984014443252818e-15,0.0002725000085774809
527,ISM,250,1999,1,176,1.0241755427331446e-14,1.9984014443252818e-15,0.0002680000034160912
528,DI,250,1999,1,177,9.74176363279568e-15,1.887379141862766e-15,0.003336399997351691
529,WMI,250,1999,1,177,1.0233141964032023e-14,1.9984014443252818e-15,0.00031740000122226775
530,ISM,250,1999,1,177,1.0241755427331446e-14,1.9984014443252818e-15,0.00011920000542886555
531,DI,250,1999,1,178,9.74176363279568e-15,1.887379141862766e-15,0.003932599996915087
532,WMI,250,1999,1,178,1.0233141964032023e-14,1.9984014443252818e-15,0.0005709000106435269
533,ISM,250,1999,1,178,1.0241755427331446e-14,1.9984014443252818e-15,0.0002660000172909349
534,DI,250,1999,1,179,9.74176363279568e-15,1.887379141862766e-15,0.004807999997865409
535,WMI,250,1999,1,179,1.0233141964032023e-14,1.9984014443252818e-15,0.0003249000001233071
536,ISM,250,1999,1,179,1.0241755427331446e-14,1.9984014443252818e-15,0.0005684999923687428
537,DI,250,1999,1,180,9.74176363279568e-15,1.887379141862766e-15,0.006062200001906604
538,WMI,250,1999,1,180,1.0233141964032023e-14,1.9984014443252818e-15,0.0008117000106722116
539,ISM,250,1999,1,180,1.0241755427331446e-14,1.9984014443252818e-15,0.0004530999867711216
540,DI,250,1999,1,181,9.74176363279568e-15,1.887379141862766e-15,0.004468400002224371
541,WMI,250,1999,1,181,1.0233141964032023e-14,1.9984014443252818e-15,0.00030059998971410096
542,ISM,250,1999,1,181,1.0241755427331446e-14,1.9984014443252818e-15,0.0002767000114545226
543,DI,250,1999,1,182,9.74176363279568e-15,1.887379141862766e-15,0.0047036999894771725
544,WMI,250,1999,1,182,1.0233141964032023e-14,1.9984014443252818e-15,0.00044520001392811537
545,ISM,250,1999,1,182,1.0241755427331446e-14,1.9984014443252818e-15,0.00033779998193494976
546,DI,250,1999,1,183,9.74176363279568e-15,1.887379141862766e-15,0.00506560000940226
547,WMI,250,1999,1,183,1.0233141964032023e-14,1.9984014443252818e-15,0.000510000012582168
548,ISM,250,1999,1,183,1.0241755427331446e-14,1.9984014443252818e-15,0.0003127999952994287
549,DI,250,1999,1,184,9.74176363279568e-15,1.887379141862766e-15,0.0045569999783765525
550,WMI,250,1999,1,184,1.0233141964032023e-14,1.9984014443252818e-15,0.0005147999909240752
551,ISM,250,1999,1,184,1.0241755427331446e-14,1.9984014443252818e-15,0.00029869997524656355
552,DI,250,1999,1,185,9.74176363279568e-15,1.887379141862766e-15,0.004059800005052239
553,WMI,250,1999,1,185,1.0233141964032023e-14,1.9984014443252818e-15,0.000446999998530373
554,ISM,250,1999,1,185,1.0241755427331446e-14,1.9984014443252818e-15,0.0002589000214356929
555,DI,250,1999,1,186,9.74176363279568e-15,1.887379141862766e-15,0.004476500005694106
556,WMI,250,1999,1,186,1.0233141964032023e-14,1.9984014443252818e-15,0.0003209999995306134
557,ISM,250,1999,1,186,1.0241755427331446e-14,1.9984014443252818e-15,0.0005185999907553196
558,DI,250,1999,1,187,9.74176363279568e-15,1.887379141862766e-15,0.004324499983340502
559,WMI,250,1999,1,187,1.0233141964032023e-14,1.9984014443252818e-15,0.0005964000010862947
560,ISM,250,1999,1,187,1.0241755427331446e-14,1.9984014443252818e-15,0.000467399979243055
561,DI,250,1999,1,188,9.74176363279568e-15,1.887379141862766e-15,0.00457079999614507
562,WMI,250,1999,1,188,1.0233141964032023e-14,1.9984014443252818e-15,0.0002852999896276742
563,ISM,250,1999,1,188,1.0241755427331446e-14,1.9984014443252818e-15,0.00027589997625909746
564,DI,250,1999,1,189,9.74176363279568e-15,1.887379141862766e-15,0.005430000019259751
565,WMI,250,1999,1,189,1.0233141964032023e-14,1.9984014443252818e-15,0.0005709999823011458
566,ISM,250,1999,1,189,1.0241755427331446e-14,1.9984014443252818e-15,0.00035650000791065395
567,DI,250,1999,1,190,9.74176363279568e-15,1.887379141862766e-15,0.006201399985002354
568,WMI,250,1999,1,190,1.0233141964032023e-14,1.9984014443252818e-15,0.0002905000001192093
569,ISM,250,1999,1,190,1.0241755427331446e-14,1.9984014443252818e-15,0.0002646000066306442
570,DI,250,1999,1,191,9.74176363279568e-15,1.887379141862766e-15,0.005306599981850013
571,WMI,250,1999,1,191,1.0233141964032023e-14,1.9984014443252818e-15,0.000621799990767613
572,ISM,250,1999,1,191,1.0241755427331446e-14,1.9984014443252818e-15,0.00023259999579750001
573,DI,250,1999,1,192,9.74176363279568e-15,1.887379141862766e-15,0.004952199989929795
574,WMI,250,1999,1,192,1.0233141964032023e-14,1.9984014443252818e-15,0.00040850002551451325
575,ISM,250,1999,1,192,1.0241755427331446e-14,1.9984014443252818e-15,0.0001618000096641481
576,DI,250,1999,1,193,9.74176363279568e-15,1.887379141862766e-15,0.004036199999973178
577,WMI,250,1999,1,193,1.0233141964032023e-14,1.9984014443252818e-15,0.000145800004247576
578,ISM,250,1999,1,193,1.0241755427331446e-14,1.9984014443252818e-15,0.00026699999580159783
579,DI,250,1999,1,194,9.74176363279568e-15,1.887379141862766e-15,0.003467700007604435
580,WMI,250,1999,1,194,1.0233141964032023e-14,1.9984014443252818e-15,0.00027320001390762627
581,ISM,250,1999,1,194,1.0241755427331446e-14,1.9984014443252818e-15,0.00032920000376179814
582,DI,250,1999,1,195,9.74176363279568e-15,1.887379141862766e-15,0.003762100008316338
583,WMI,250,1999,1,195,1.0233141964032023e-14,1.9984014443252818e-15,0.0001441999920643866
584,ISM,250,1999,1,195,1.0241755427331446e-14,1.9984014443252818e-15,0.00013240001862868667
585,DI,250,1999,1,196,9.74176363279568e-15,1.887379141862766e-15,0.003874799993354827
586,WMI,250,1999,1,196,1.0233141964032023e-14,1.9984014443252818e-15,0.0003081000177189708
587,ISM,250,1999,1,196,1.0241755427331446e-14,1.9984014443252818e-15,0.0002578000130597502
588,DI,250,1999,1,197,9.74176363279568e-15,1.887379141862766e-15,0.003693899983773008
589,WMI,250,1999,1,197,1.0233141964032023e-14,1.9984014443252818e-15,0.0001677999971434474
590,ISM,250,1999,1,197,1.0241755427331446e-14,1.9984014443252818e-15,0.00013649999164044857
591,DI,250,1999,1,198,9.74176363279568e-15,1.887379141862766e-15,0.0033648000098764896
592,WMI,250,1999,1,198,1.0233141964032023e-14,1.9984014443252818e-15,0.0002877999795600772
593,ISM,250,1999,1,198,1.0241755427331446e-14,1.9984014443252818e-15,0.00012829998740926385
594,DI,250,1999,1,199,9.74176363279568e-15,1.887379141862766e-15,0.004113900009542704
595,WMI,250,1999,1,199,1.0233141964032023e-14,1.9984014443252818e-15,0.00027749998844228685
596,ISM,250,1999,1,199,1.0241755427331446e-14,1.9984014443252818e-15,0.0002480999974068254
597,DI,250,1999,1,200,9.74176363279568e-15,1.887379141862766e-15,0.00404619998880662
598,WMI,250,1999,1,200,1.0233141964032023e-14,1.9984014443252818e-15,0.00013760000001639128
599,ISM,250,1999,1,200,1.0241755427331446e-14,1.9984014443252818e-15,0.0002725000085774809
600,DI,250,1998,2,1,9.858193311476538e-15,1.887379141862766e-15,0.004861800000071526
601,WMI,250,1998,2,1,1.014639259086938e-14,1.9984014443252818e-15,0.0002747999969869852
602,ISM,250,1998,2,1,0.1389099814027795,0.004205846667715552,0.0005046000005677342
603,DI,250,1998,2,2,9.858193311476538e-15,1.887379141862766e-15,0.004107899992959574
604,WMI,250,1998,2,2,1.014639259086938e-14,1.9984014443252818e-15,0.00016500000492669642
605,ISM,250,1998,2,2,0.1389099814027795,0.004205846667715552,0.0005103999865241349
606,DI,250,1998,2,3,9.858193311476538e-15,1.887379141862766e-15,0.0045387000136543065
607,WMI,250,1998,2,3,1.014639259086938e-14,1.9984014443252818e-15,0.00027370001771487296
608,ISM,250,1998,2,3,0.1389099814027795,0.004205846667715552,0.0006560999900102615
609,DI,250,1998,2,4,9.858193311476538e-15,1.887379141862766e-15,0.004170600004727021
610,WMI,250,1998,2,4,1.014639259086938e-14,1.9984014443252818e-15,0.00022089999401941895
611,ISM,250,1998,2,4,0.1389099814027795,0.004205846667715552,0.0005344999954104424
612,DI,250,1998,2,5,9.858193311476538e-15,1.887379141862766e-15,0.0036660000041592866
613,WMI,250,1998,2,5,1.014639259086938e-14,1.9984014443252818e-15,0.00017400001524947584
614,ISM,250,1998,2,5,0.1389099814027795,0.004205846667715552,0.00023720000172033906
615,DI,250,1998,2,6,9.858193311476538e-15,1.887379141862766e-15,0.003282799996668473
616,WMI,250,1998,2,6,1.014639259086938e-14,1.9984014443252818e-15,0.00015479998546652496
617,ISM,250,1998,2,6,0.1389099814027795,0.004205846667715552,0.00024870000197552145
618,DI,250,1998,2,7,9.858193311476538e-15,1.887379141862766e-15,0.0030965000041760504
619,WMI,250,1998,2,7,1.014639259086938e-14,1.9984014443252818e-15,0.00023979999241419137
620,ISM,250,1998,2,7,0.1389099814027795,0.004205846667715552,0.0002342999796383083
621,DI,250,1998,2,8,9.858193311476538e-15,1.887379141862766e-15,0.0032321999897249043
622,WMI,250,1998,2,8,1.014639259086938e-14,1.9984014443252818e-15,0.00013729999773204327
623,ISM,250,1998,2,8,0.1389099814027795,0.004205846667715552,0.00023380000493489206
624,DI,250,1998,2,9,9.858193311476538e-15,1.887379141862766e-15,0.003782799991313368
625,WMI,250,1998,2,9,1.014639259086938e-14,1.9984014443252818e-15,0.00015300000086426735
626,ISM,250,1998,2,9,0.1389099814027795,0.004205846667715552,0.0002376000047661364
627,DI,250,1998,2,10,9.858193311476538e-15,1.887379141862766e-15,0.003972999984398484
628,WMI,250,1998,2,10,1.014639259086938e-14,1.9984014443252818e-15,0.00016399999731220305
629,ISM,250,1998,2,10,0.1389099814027795,0.004205846667715552,0.00024210000992752612
630,DI,250,1998,2,11,9.858193311476538e-15,1.887379141862766e-15,0.003914900007657707
631,WMI,250,1998,2,11,1.014639259086938e-14,1.9984014443252818e-15,0.00015520001761615276
632,ISM,250,1998,2,11,0.1389099814027795,0.004205846667715552,0.0004988999862689525
633,DI,250,1998,2,12,9.858193311476538e-15,1.887379141862766e-15,0.0033693999866954982
634,WMI,250,1998,2,12,1.014639259086938e-14,1.9984014443252818e-15,0.0003066000062972307
635,ISM,250,1998,2,12,0.1389099814027795,0.004205846667715552,0.0008311000128742307
636,DI,250,1998,2,13,9.858193311476538e-15,1.887379141862766e-15,0.003441500011831522
637,WMI,250,1998,2,13,1.014639259086938e-14,1.9984014443252818e-15,0.00015010000788606703
638,ISM,250,1998,2,13,0.1389099814027795,0.004205846667715552,0.00024170000688172877
639,DI,250,1998,2,14,9.858193311476538e-15,1.887379141862766e-15,0.0036921999999321997
640,WMI,250,1998,2,14,1.014639259086938e-14,1.9984014443252818e-15,0.00015199999324977398
641,ISM,250,1998,2,14,0.1389099814027795,0.004205846667715552,0.0002896999940276146
642,DI,250,1998,2,15,9.858193311476538e-15,1.887379141862766e-15,0.0033608999801799655
643,WMI,250,1998,2,15,1.014639259086938e-14,1.9984014443252818e-15,0.00018619999173097312
644,ISM,250,1998,2,15,0.1389099814027795,0.004205846667715552,0.0004996999923605472
645,DI,250,1998,2,16,9.858193311476538e-15,1.887379141862766e-15,0.0033702999935485423
646,WMI,250,1998,2,16,1.014639259086938e-14,1.9984014443252818e-15,0.00024930000654421747
647,ISM,250,1998,2,16,0.1389099814027795,0.004205846667715552,0.00023930001771077514
648,DI,250,1998,2,17,9.858193311476538e-15,1.887379141862766e-15,0.003285899991169572
649,WMI,250,1998,2,17,1.014639259086938e-14,1.9984014443252818e-15,0.00012569999671541154
650,ISM,250,1998,2,17,0.1389099814027795,0.004205846667715552,0.0005102999857626855
651,DI,250,1998,2,18,9.858193311476538e-15,1.887379141862766e-15,0.0032208000193350017
652,WMI,250,1998,2,18,1.014639259086938e-14,1.9984014443252818e-15,0.0003171000280417502
653,ISM,250,1998,2,18,0.1389099814027795,0.004205846667715552,0.00023179998970590532
654,DI,250,1998,2,19,9.858193311476538e-15,1.887379141862766e-15,0.0036780000082217157
655,WMI,250,1998,2,19,1.014639259086938e-14,1.9984014443252818e-15,0.0001550000160932541
656,ISM,250,1998,2,19,0.1389099814027795,0.004205846667715552,0.00023889998556114733
657,DI,250,1998,2,20,9.858193311476538e-15,1.887379141862766e-15,0.003451099997619167
658,WMI,250,1998,2,20,1.014639259086938e-14,1.9984014443252818e-15,0.0005067000165581703
659,ISM,250,1998,2,20,0.1389099814027795,0.004205846667715552,0.00025419998564757407
660,DI,250,1998,2,21,9.858193311476538e-15,1.887379141862766e-15,0.003653799998573959
661,WMI,250,1998,2,21,1.014639259086938e-14,1.9984014443252818e-15,0.00016799999866634607
662,ISM,250,1998,2,21,0.1389099814027795,0.004205846667715552,0.0005412000173237175
663,DI,250,1998,2,22,9.858193311476538e-15,1.887379141862766e-15,0.003637899993918836
664,WMI,250,1998,2,22,1.014639259086938e-14,1.9984014443252818e-15,0.00026089997845701873
665,ISM,250,1998,2,22,0.1389099814027795,0.004205846667715552,0.0002533000078983605
666,DI,250,1998,2,23,9.858193311476538e-15,1.887379141862766e-15,0.0035766000219155103
667,WMI,250,1998,2,23,1.014639259086938e-14,1.9984014443252818e-15,0.0002744999947026372
668,ISM,250,1998,2,23,0.1389099814027795,0.004205846667715552,0.0002429999876767397
669,DI,250,1998,2,24,9.858193311476538e-15,1.887379141862766e-15,0.0035180000122636557
670,WMI,250,1998,2,24,1.014639259086938e-14,1.9984014443252818e-15,0.00023089998285286129
671,ISM,250,1998,2,24,0.1389099814027795,0.004205846667715552,0.00024090000079013407
672,DI,250,1998,2,25,9.858193311476538e-15,1.887379141862766e-15,0.003490800008876249
673,WMI,250,1998,2,25,1.014639259086938e-14,1.9984014443252818e-15,0.00045300001511350274
674,ISM,250,1998,2,25,0.1389099814027795,0.004205846667715552,0.00040669998270459473
675,DI,250,1998,2,26,9.858193311476538e-15,1.887379141862766e-15,0.003555400006007403
676,WMI,250,1998,2,26,1.014639259086938e-14,1.9984014443252818e-15,0.00025749998167157173
677,ISM,250,1998,2,26,0.1389099814027795,0.004205846667715552,0.0005033999914303422
678,DI,250,1998,2,27,9.858193311476538e-15,1.887379141862766e-15,0.003700600005686283
679,WMI,250,1998,2,27,1.014639259086938e-14,1.9984014443252818e-15,0.00015399997937493026
680,ISM,250,1998,2,27,0.1389099814027795,0.004205846667715552,0.0002541000139899552
681,DI,250,1998,2,28,9.858193311476538e-15,1.887379141862766e-15,0.003979800007073209
682,WMI,250,1998,2,28,1.014639259086938e-14,1.9984014443252818e-15,0.0002516999957151711
683,ISM,250,1998,2,28,0.1389099814027795,0.004205846667715552,0.00023549998877570033
684,DI,250,1998,2,29,9.858193311476538e-15,1.887379141862766e-15,0.0038044000102672726
685,WMI,250,1998,2,29,1.014639259086938e-14,1.9984014443252818e-15,0.000155699992319569
686,ISM,250,1998,2,29,0.1389099814027795,0.004205846667715552,0.0006208000122569501
687,DI,250,1998,2,30,9.858193311476538e-15,1.887379141862766e-15,0.004039599996758625
688,WMI,250,1998,2,30,1.014639259086938e-14,1.9984014443252818e-15,0.00027550000231713057
689,ISM,250,1998,2,30,0.1389099814027795,0.004205846667715552,0.00024750002194195986
690,DI,250,1998,2,31,9.858193311476538e-15,1.887379141862766e-15,0.00378839997574687
691,WMI,250,1998,2,31,1.014639259086938e-14,1.9984014443252818e-15,0.0005410000158008188
692,ISM,250,1998,2,31,0.1389099814027795,0.004205846667715552,0.0007430999830830842
693,DI,250,1998,2,32,9.858193311476538e-15,1.887379141862766e-15,0.003557899995939806
694,WMI,250,1998,2,32,1.014639259086938e-14,1.9984014443252818e-15,0.0002747000253293663
695,ISM,250,1998,2,32,0.1389099814027795,0.004205846667715552,0.00046109998947940767
696,DI,250,1998,2,33,9.858193311476538e-15,1.887379141862766e-15,0.0035519999801181257
697,WMI,250,1998,2,33,1.014639259086938e-14,1.9984014443252818e-15,0.00046720000682398677
698,ISM,250,1998,2,33,0.1389099814027795,0.004205846667715552,0.00041019998025149107
699,DI,250,1998,2,34,9.858193311476538e-15,1.887379141862766e-15,0.0037278000090736896
700,WMI,250,1998,2,34,1.014639259086938e-14,1.9984014443252818e-15,0.0003446000046096742
701,ISM,250,1998,2,34,0.1389099814027795,0.004205846667715552,0.0005396000051405281
702,DI,250,1998,2,35,9.858193311476538e-15,1.887379141862766e-15,0.003535700001521036
703,WMI,250,1998,2,35,1.014639259086938e-14,1.9984014443252818e-15,0.00022609997540712357
704,ISM,250,1998,2,35,0.1389099814027795,0.004205846667715552,0.00024679998750798404
705,DI,250,1998,2,36,9.858193311476538e-15,1.887379141862766e-15,0.004100599995581433
706,WMI,250,1998,2,36,1.014639259086938e-14,1.9984014443252818e-15,0.0006361000123433769
707,ISM,250,1998,2,36,0.1389099814027795,0.004205846667715552,0.0004169000021647662
708,DI,250,1998,2,37,9.858193311476538e-15,1.887379141862766e-15,0.004026199982035905
709,WMI,250,1998,2,37,1.014639259086938e-14,1.9984014443252818e-15,0.0001382000045850873
710,ISM,250,1998,2,37,0.1389099814027795,0.004205846667715552,0.0006961000035516918
711,DI,250,1998,2,38,9.858193311476538e-15,1.887379141862766e-15,0.003410400007851422
712,WMI,250,1998,2,38,1.014639259086938e-14,1.9984014443252818e-15,0.00028920001932419837
713,ISM,250,1998,2,38,0.1389099814027795,0.004205846667715552,0.0004741000011563301
714,DI,250,1998,2,39,9.858193311476538e-15,1.887379141862766e-15,0.003798699995968491
715,WMI,250,1998,2,39,1.014639259086938e-14,1.9984014443252818e-15,0.0002835999766830355
716,ISM,250,1998,2,39,0.1389099814027795,0.004205846667715552,0.0005115999956615269
717,DI,250,1998,2,40,9.858193311476538e-15,1.887379141862766e-15,0.003970499994466081
718,WMI,250,1998,2,40,1.014639259086938e-14,1.9984014443252818e-15,0.00034279999090358615
719,ISM,250,1998,2,40,0.1389099814027795,0.004205846667715552,0.0006271999736782163
720,DI,250,1998,2,41,9.858193311476538e-15,1.887379141862766e-15,0.004345299996202812
721,WMI,250,1998,2,41,1.014639259086938e-14,1.9984014443252818e-15,0.00034929998219013214
722,ISM,250,1998,2,41,0.1389099814027795,0.004205846667715552,0.00025079998886212707
723,DI,250,1998,2,42,9.858193311476538e-15,1.887379141862766e-15,0.003941500006476417
724,WMI,250,1998,2,42,1.014639259086938e-14,1.9984014443252818e-15,0.0004621999978553504
725,ISM,250,1998,2,42,0.1389099814027795,0.004205846667715552,0.00039790000300854445
726,DI,250,1998,2,43,9.858193311476538e-15,1.887379141862766e-15,0.003617200010921806
727,WMI,250,1998,2,43,1.014639259086938e-14,1.9984014443252818e-15,0.000146100006531924
728,ISM,250,1998,2,43,0.1389099814027795,0.004205846667715552,0.00023239999427460134
729,DI,250,1998,2,44,9.858193311476538e-15,1.887379141862766e-15,0.003579900017939508
730,WMI,250,1998,2,44,1.014639259086938e-14,1.9984014443252818e-15,0.0004632999771274626
731,ISM,250,1998,2,44,0.1389099814027795,0.004205846667715552,0.0003789000038523227
732,DI,250,1998,2,45,9.858193311476538e-15,1.887379141862766e-15,0.0035115999926347286
733,WMI,250,1998,2,45,1.014639259086938e-14,1.9984014443252818e-15,0.00015070001245476305
734,ISM,250,1998,2,45,0.1389099814027795,0.004205846667715552,0.00027230000705458224
735,DI,250,1998,2,46,9.858193311476538e-15,1.887379141862766e-15,0.003265300008933991
736,WMI,250,1998,2,46,1.014639259086938e-14,1.9984014443252818e-15,0.00012530002277344465
737,ISM,250,1998,2,46,0.1389099814027795,0.004205846667715552,0.0005010000022593886
738,DI,250,1998,2,47,9.858193311476538e-15,1.887379141862766e-15,0.0033165999921038747
739,WMI,250,1998,2,47,1.014639259086938e-14,1.9984014443252818e-15,0.0002874000056181103
740,ISM,250,1998,2,47,0.1389099814027795,0.004205846667715552,0.00043709998135454953
741,DI,250,1998,2,48,9.858193311476538e-15,1.887379141862766e-15,0.003277999989222735
742,WMI,250,1998,2,48,1.014639259086938e-14,1.9984014443252818e-15,0.00013440000475384295
743,ISM,250,1998,2,48,0.1389099814027795,0.004205846667715552,0.0005093000072520226
744,DI,250,1998,2,49,9.858193311476538e-15,1.887379141862766e-15,0.0038186000019777566
745,WMI,250,1998,2,49,1.014639259086938e-14,1.9984014443252818e-15,0.00026870000874623656
746,ISM,250,1998,2,49,0.1389099814027795,0.004205846667715552,0.00024759999359957874
747,DI,250,1998,2,50,9.858193311476538e-15,1.887379141862766e-15,0.003150500007905066
748,WMI,250,1998,2,50,1.014639259086938e-14,1.9984014443252818e-15,0.00042019999818876386
749,ISM,250,1998,2,50,0.1389099814027795,0.004205846667715552,0.0004068999842274934
750,DI,250,1998,2,51,9.858193311476538e-15,1.887379141862766e-15,0.0032207000185735524
751,WMI,250,1998,2,51,1.014639259086938e-14,1.9984014443252818e-15,0.00015480001457035542
752,ISM,250,1998,2,51,0.1389099814027795,0.004205846667715552,0.0002384000108577311
753,DI,250,1998,2,52,9.858193311476538e-15,1.887379141862766e-15,0.00313209998421371
754,WMI,250,1998,2,52,1.014639259086938e-14,1.9984014443252818e-15,0.0003470000228844583
755,ISM,250,1998,2,52,0.1389099814027795,0.004205846667715552,0.00040869999793358147
756,DI,250,1998,2,53,9.858193311476538e-15,1.887379141862766e-15,0.003456699982052669
757,WMI,250,1998,2,53,1.014639259086938e-14,1.9984014443252818e-15,0.00013200001558288932
758,ISM,250,1998,2,53,0.1389099814027795,0.004205846667715552,0.0005022000113967806
759,DI,250,1998,2,54,9.858193311476538e-15,1.887379141862766e-15,0.0034084000217262655
760,WMI,250,1998,2,54,1.014639259086938e-14,1.9984014443252818e-15,0.00015410000924021006
761,ISM,250,1998,2,54,0.1389099814027795,0.004205846667715552,0.0005034000205341727
762,DI,250,1998,2,55,9.858193311476538e-15,1.887379141862766e-15,0.0036533999955281615
763,WMI,250,1998,2,55,1.014639259086938e-14,1.9984014443252818e-15,0.00031880001188255847
764,ISM,250,1998,2,55,0.1389099814027795,0.004205846667715552,0.0007002000056672841
765,DI,250,1998,2,56,9.858193311476538e-15,1.887379141862766e-15,0.0034663999977055937
766,WMI,250,1998,2,56,1.014639259086938e-14,1.9984014443252818e-15,0.0002558999985922128
767,ISM,250,1998,2,56,0.1389099814027795,0.004205846667715552,0.0002776999899651855
768,DI,250,1998,2,57,9.858193311476538e-15,1.887379141862766e-15,0.0033628999954089522
769,WMI,250,1998,2,57,1.014639259086938e-14,1.9984014443252818e-15,0.0002648000081535429
770,ISM,250,1998,2,57,0.1389099814027795,0.004205846667715552,0.000756199995521456
771,DI,250,1998,2,58,9.858193311476538e-15,1.887379141862766e-15,0.003150099975755438
772,WMI,250,1998,2,58,1.014639259086938e-14,1.9984014443252818e-15,0.00014340001507662237
773,ISM,250,1998,2,58,0.1389099814027795,0.004205846667715552,0.00023450001026503742
774,DI,250,1998,2,59,9.858193311476538e-15,1.887379141862766e-15,0.0037432000099215657
775,WMI,250,1998,2,59,1.014639259086938e-14,1.9984014443252818e-15,0.00027379998937249184
776,ISM,250,1998,2,59,0.1389099814027795,0.004205846667715552,0.0006788000173401088
777,DI,250,1998,2,60,9.858193311476538e-15,1.887379141862766e-15,0.0035314999986439943
778,WMI,250,1998,2,60,1.014639259086938e-14,1.9984014443252818e-15,0.00013440000475384295
779,ISM,250,1998,2,60,0.1389099814027795,0.004205846667715552,0.0004953000170644373
780,DI,250,1998,2,61,9.858193311476538e-15,1.887379141862766e-15,0.00342700001783669
781,WMI,250,1998,2,61,1.014639259086938e-14,1.9984014443252818e-15,0.0004084999964106828
782,ISM,250,1998,2,61,0.1389099814027795,0.004205846667715552,0.0006661000079475343
783,DI,250,1998,2,62,9.858193311476538e-15,1.887379141862766e-15,0.00336770000285469
784,WMI,250,1998,2,62,1.014639259086938e-14,1.9984014443252818e-15,0.00040329998591914773
785,ISM,250,1998,2,62,0.1389099814027795,0.004205846667715552,0.0002539999841246754
786,DI,250,1998,2,63,9.858193311476538e-15,1.887379141862766e-15,0.0034158999915234745
787,WMI,250,1998,2,63,1.014639259086938e-14,1.9984014443252818e-15,0.00015010000788606703
788,ISM,250,1998,2,63,0.1389099814027795,0.004205846667715552,0.0008139999990817159
789,DI,250,1998,2,64,9.858193311476538e-15,1.887379141862766e-15,0.003327000013086945
790,WMI,250,1998,2,64,1.014639259086938e-14,1.9984014443252818e-15,0.00014829999417997897
791,ISM,250,1998,2,64,0.1389099814027795,0.004205846667715552,0.00026179998531006277
792,DI,250,1998,2,65,9.858193311476538e-15,1.887379141862766e-15,0.0033694000157993287
793,WMI,250,1998,2,65,1.014639259086938e-14,1.9984014443252818e-15,0.00013520001084543765
794,ISM,250,1998,2,65,0.1389099814027795,0.004205846667715552,0.00023259999579750001
795,DI,250,1998,2,66,9.858193311476538e-15,1.887379141862766e-15,0.003258400014601648
796,WMI,250,1998,2,66,1.014639259086938e-14,1.9984014443252818e-15,0.00046499999007210135
797,ISM,250,1998,2,66,0.1389099814027795,0.004205846667715552,0.0007282000151462853
798,DI,250,1998,2,67,9.858193311476538e-15,1.887379141862766e-15,0.003584599995519966
799,WMI,250,1998,2,67,1.014639259086938e-14,1.9984014443252818e-15,0.0003268000145908445
800,ISM,250,1998,2,67,0.1389099814027795,0.004205846667715552,0.000592199998209253
801,DI,250,1998,2,68,9.858193311476538e-15,1.887379141862766e-15,0.0034864999761339277
802,WMI,250,1998,2,68,1.014639259086938e-14,1.9984014443252818e-15,0.00015949999215081334
803,ISM,250,1998,2,68,0.1389099814027795,0.004205846667715552,0.00023099998361431062
804,DI,250,1998,2,69,9.858193311476538e-15,1.887379141862766e-15,0.0032344000064767897
805,WMI,250,1998,2,69,1.014639259086938e-14,1.9984014443252818e-15,0.000443600001744926
806,ISM,250,1998,2,69,0.1389099814027795,0.004205846667715552,0.0010046999959740788
807,DI,250,1998,2,70,9.858193311476538e-15,1.887379141862766e-15,0.0035709000076167285
808,WMI,250,1998,2,70,1.014639259086938e-14,1.9984014443252818e-15,0.0004175000067334622
809,ISM,250,1998,2,70,0.1389099814027795,0.004205846667715552,0.0005275000003166497
810,DI,250,1998,2,71,9.858193311476538e-15,1.887379141862766e-15,0.003271499997936189
811,WMI,250,1998,2,71,1.014639259086938e-14,1.9984014443252818e-15,0.00015480001457035542
812,ISM,250,1998,2,71,0.1389099814027795,0.004205846667715552,0.00032079999800771475
813,DI,250,1998,2,72,9.858193311476538e-15,1.887379141862766e-15,0.003805400017881766
814,WMI,250,1998,2,72,1.014639259086938e-14,1.9984014443252818e-15,0.0003546999942045659
815,ISM,250,1998,2,72,0.1389099814027795,0.004205846667715552,0.0007362999895121902
816,DI,250,1998,2,73,9.858193311476538e-15,1.887379141862766e-15,0.003549500019289553
817,WMI,250,1998,2,73,1.014639259086938e-14,1.9984014443252818e-15,0.0001477000187151134
818,ISM,250,1998,2,73,0.1389099814027795,0.004205846667715552,0.00026080000679939985
819,DI,250,1998,2,74,9.858193311476538e-15,1.887379141862766e-15,0.0033700999920256436
820,WMI,250,1998,2,74,1.014639259086938e-14,1.9984014443252818e-15,0.0002838000073097646
821,ISM,250,1998,2,74,0.1389099814027795,0.004205846667715552,0.0005333999870344996
822,DI,250,1998,2,75,9.858193311476538e-15,1.887379141862766e-15,0.003433399979257956
823,WMI,250,1998,2,75,1.014639259086938e-14,1.9984014443252818e-15,0.000145800004247576
824,ISM,250,1998,2,75,0.1389099814027795,0.004205846667715552,0.0005195000267121941
825,DI,250,1998,2,76,9.858193311476538e-15,1.887379141862766e-15,0.003356000001076609
826,WMI,250,1998,2,76,1.014639259086938e-14,1.9984014443252818e-15,0.000523299997439608
827,ISM,250,1998,2,76,0.1389099814027795,0.004205846667715552,0.00037960000918246806
828,DI,250,1998,2,77,9.858193311476538e-15,1.887379141862766e-15,0.003575300012016669
829,WMI,250,1998,2,77,1.014639259086938e-14,1.9984014443252818e-15,0.00018599999020807445
830,ISM,250,1998,2,77,0.1389099814027795,0.004205846667715552,0.0009333000052720308
831,DI,250,1998,2,78,9.858193311476538e-15,1.887379141862766e-15,0.0035217000113334507
832,WMI,250,1998,2,78,1.014639259086938e-14,1.9984014443252818e-15,0.00014650000957772136
833,ISM,250,1998,2,78,0.1389099814027795,0.004205846667715552,0.00025510002160444856
834,DI,250,1998,2,79,9.858193311476538e-15,1.887379141862766e-15,0.0036242999776732177
835,WMI,250,1998,2,79,1.014639259086938e-14,1.9984014443252818e-15,0.0003220000071451068
836,ISM,250,1998,2,79,0.1389099814027795,0.004205846667715552,0.00038899999344721437
837,DI,250,1998,2,80,9.858193311476538e-15,1.887379141862766e-15,0.003959099994972348
838,WMI,250,1998,2,80,1.014639259086938e-14,1.9984014443252818e-15,0.00017869999282993376
839,ISM,250,1998,2,80,0.1389099814027795,0.004205846667715552,0.0005642999894917011
840,DI,250,1998,2,81,9.858193311476538e-15,1.887379141862766e-15,0.0032894999894779176
841,WMI,250,1998,2,81,1.014639259086938e-14,1.9984014443252818e-15,0.0005592000088654459
842,ISM,250,1998,2,81,0.1389099814027795,0.004205846667715552,0.0007421999762300402
843,DI,250,1998,2,82,9.858193311476538e-15,1.887379141862766e-15,0.0032051999878603965
844,WMI,250,1998,2,82,1.014639259086938e-14,1.9984014443252818e-15,0.0002697999880183488
845,ISM,250,1998,2,82,0.1389099814027795,0.004205846667715552,0.00036109998472966254
846,DI,250,1998,2,83,9.858193311476538e-15,1.887379141862766e-15,0.003032100008567795
847,WMI,250,1998,2,83,1.014639259086938e-14,1.9984014443252818e-15,0.0003163999936077744
848,ISM,250,1998,2,83,0.1389099814027795,0.004205846667715552,0.0004023000074084848
849,DI,250,1998,2,84,9.858193311476538e-15,1.887379141862766e-15,0.0032147000019904226
850,WMI,250,1998,2,84,1.014639259086938e-14,1.9984014443252818e-15,0.00014059999375604093
851,ISM,250,1998,2,84,0.1389099814027795,0.004205846667715552,0.00044040000648237765
852,DI,250,1998,2,85,9.858193311476538e-15,1.887379141862766e-15,0.0031501000048592687
853,WMI,250,1998,2,85,1.014639259086938e-14,1.9984014443252818e-15,0.00012429998605512083
854,ISM,250,1998,2,85,0.1389099814027795,0.004205846667715552,0.0004931999719701707
855,DI,250,1998,2,86,9.858193311476538e-15,1.887379141862766e-15,0.003391199978068471
856,WMI,250,1998,2,86,1.014639259086938e-14,1.9984014443252818e-15,0.00044299999717622995
857,ISM,250,1998,2,86,0.1389099814027795,0.004205846667715552,0.0004157999937888235
858,DI,250,1998,2,87,9.858193311476538e-15,1.887379141862766e-15,0.0033497999829705805
859,WMI,250,1998,2,87,1.014639259086938e-14,1.9984014443252818e-15,0.0002468999882694334
860,ISM,250,1998,2,87,0.1389099814027795,0.004205846667715552,0.0004409999819472432
861,DI,250,1998,2,88,9.858193311476538e-15,1.887379141862766e-15,0.003039400005945936
862,WMI,250,1998,2,88,1.014639259086938e-14,1.9984014443252818e-15,0.00014170000213198364
863,ISM,250,1998,2,88,0.1389099814027795,0.004205846667715552,0.0005088000034447759
864,DI,250,1998,2,89,9.858193311476538e-15,1.887379141862766e-15,0.00323140001273714
865,WMI,250,1998,2,89,1.014639259086938e-14,1.9984014443252818e-15,0.00029090000316500664
866,ISM,250,1998,2,89,0.1389099814027795,0.004205846667715552,0.00039850000757724047
867,DI,250,1998,2,90,9.858193311476538e-15,1.887379141862766e-15,0.003181200008839369
868,WMI,250,1998,2,90,1.014639259086938e-14,1.9984014443252818e-15,0.0002406999992672354
869,ISM,250,1998,2,90,0.1389099814027795,0.004205846667715552,0.0002330999996047467
870,DI,250,1998,2,91,9.858193311476538e-15,1.887379141862766e-15,0.0036186999932397157
871,WMI,250,1998,2,91,1.014639259086938e-14,1.9984014443252818e-15,0.0004504999960772693
872,ISM,250,1998,2,91,0.1389099814027795,0.004205846667715552,0.0004160000244155526
873,DI,250,1998,2,92,9.858193311476538e-15,1.887379141862766e-15,0.003045699995709583
874,WMI,250,1998,2,92,1.014639259086938e-14,1.9984014443252818e-15,0.0002547000185586512
875,ISM,250,1998,2,92,0.1389099814027795,0.004205846667715552,0.0006361000123433769
876,DI,250,1998,2,93,9.858193311476538e-15,1.887379141862766e-15,0.003109800018137321
877,WMI,250,1998,2,93,1.014639259086938e-14,1.9984014443252818e-15,0.00014570000348612666
878,ISM,250,1998,2,93,0.1389099814027795,0.004205846667715552,0.00023990002227947116
879,DI,250,1998,2,94,9.858193311476538e-15,1.887379141862766e-15,0.003317599999718368
880,WMI,250,1998,2,94,1.014639259086938e-14,1.9984014443252818e-15,0.0003037000133190304
881,ISM,250,1998,2,94,0.1389099814027795,0.004205846667715552,0.0007111000013537705
882,DI,250,1998,2,95,9.858193311476538e-15,1.887379141862766e-15,0.0033337000058963895
883,WMI,250,1998,2,95,1.014639259086938e-14,1.9984014443252818e-15,0.00016090000281110406
884,ISM,250,1998,2,95,0.1389099814027795,0.004205846667715552,0.0006540000031236559
885,DI,250,1998,2,96,9.858193311476538e-15,1.887379141862766e-15,0.0035951999889221042
886,WMI,250,1998,2,96,1.014639259086938e-14,1.9984014443252818e-15,0.0004549000004772097
887,ISM,250,1998,2,96,0.1389099814027795,0.004205846667715552,0.0007167000148911029
888,DI,250,1998,2,97,9.858193311476538e-15,1.887379141862766e-15,0.003194599994458258
889,WMI,250,1998,2,97,1.014639259086938e-14,1.9984014443252818e-15,0.0001370999962091446
890,ISM,250,1998,2,97,0.1389099814027795,0.004205846667715552,0.000239099987084046
891,DI,250,1998,2,98,9.858193311476538e-15,1.887379141862766e-15,0.0037238999793771654
892,WMI,250,1998,2,98,1.014639259086938e-14,1.9984014443252818e-15,0.00031109998235478997
893,ISM,250,1998,2,98,0.1389099814027795,0.004205846667715552,0.0007384000055026263
894,DI,250,1998,2,99,9.858193311476538e-15,1.887379141862766e-15,0.003219799982616678
895,WMI,250,1998,2,99,1.014639259086938e-14,1.9984014443252818e-15,0.00026610001805238426
896,ISM,250,1998,2,99,0.1389099814027795,0.004205846667715552,0.00024140000459738076
897,DI,250,1998,2,100,9.858193311476538e-15,1.887379141862766e-15,0.003380699985427782
898,WMI,250,1998,2,100,1.014639259086938e-14,1.9984014443252818e-15,0.0004048999981023371
899,ISM,250,1998,2,100,0.1389099814027795,0.004205846667715552,0.00042669998947530985
900,DI,250,1998,2,101,9.858193311476538e-15,1.887379141862766e-15,0.0034324000007472932
901,WMI,250,1998,2,101,1.014639259086938e-14,1.9984014443252818e-15,0.000294700002996251
902,ISM,250,1998,2,101,0.1389099814027795,0.004205846667715552,0.0006190000276546925
903,DI,250,1998,2,102,9.858193311476538e-15,1.887379141862766e-15,0.003282100020442158
904,WMI,250,1998,2,102,1.014639259086938e-14,1.9984014443252818e-15,0.00015079998411238194
905,ISM,250,1998,2,102,0.1389099814027795,0.004205846667715552,0.0005729999975301325
906,DI,250,1998,2,103,9.858193311476538e-15,1.887379141862766e-15,0.0032715999986976385
907,WMI,250,1998,2,103,1.014639259086938e-14,1.9984014443252818e-15,0.00025320000713691115
908,ISM,250,1998,2,103,0.1389099814027795,0.004205846667715552,0.0002466999867465347
909,DI,250,1998,2,104,9.858193311476538e-15,1.887379141862766e-15,0.003434700018260628
910,WMI,250,1998,2,104,1.014639259086938e-14,1.9984014443252818e-15,0.00015339997480623424
911,ISM,250,1998,2,104,0.1389099814027795,0.004205846667715552,0.0002376000047661364
912,DI,250,1998,2,105,9.858193311476538e-15,1.887379141862766e-15,0.003565499995602295
913,WMI,250,1998,2,105,1.014639259086938e-14,1.9984014443252818e-15,0.00031629999284632504
914,ISM,250,1998,2,105,0.1389099814027795,0.004205846667715552,0.0007072000007610768
915,DI,250,1998,2,106,9.858193311476538e-15,1.887379141862766e-15,0.003595000016503036
916,WMI,250,1998,2,106,1.014639259086938e-14,1.9984014443252818e-15,0.0002674999996088445
917,ISM,250,1998,2,106,0.1389099814027795,0.004205846667715552,0.0007264000014401972
918,DI,250,1998,2,107,9.858193311476538e-15,1.887379141862766e-15,0.004041599982883781
919,WMI,250,1998,2,107,1.014639259086938e-14,1.9984014443252818e-15,0.0002620999875944108
920,ISM,250,1998,2,107,0.1389099814027795,0.004205846667715552,0.0003333000058773905
921,DI,250,1998,2,108,9.858193311476538e-15,1.887379141862766e-15,0.0032136000227183104
922,WMI,250,1998,2,108,1.014639259086938e-14,1.9984014443252818e-15,0.0001595000212546438
923,ISM,250,1998,2,108,0.1389099814027795,0.004205846667715552,0.000551999983144924
924,DI,250,1998,2,109,9.858193311476538e-15,1.887379141862766e-15,0.0031269000028260052
925,WMI,250,1998,2,109,1.014639259086938e-14,1.9984014443252818e-15,0.00013920001219958067
926,ISM,250,1998,2,109,0.1389099814027795,0.004205846667715552,0.00023979999241419137
927,DI,250,1998,2,110,9.858193311476538e-15,1.887379141862766e-15,0.003342200012411922
928,WMI,250,1998,2,110,1.014639259086938e-14,1.9984014443252818e-15,0.0002584000176284462
929,ISM,250,1998,2,110,0.1389099814027795,0.004205846667715552,0.00025189999723806977
930,DI,250,1998,2,111,9.858193311476538e-15,1.887379141862766e-15,0.004055400000652298
931,WMI,250,1998,2,111,1.014639259086938e-14,1.9984014443252818e-15,0.0004158999945502728
932,ISM,250,1998,2,111,0.1389099814027795,0.004205846667715552,0.0004075000179000199
933,DI,250,1998,2,112,9.858193311476538e-15,1.887379141862766e-15,0.0036109999928157777
934,WMI,250,1998,2,112,1.014639259086938e-14,1.9984014443252818e-15,0.00024090000079013407
935,ISM,250,1998,2,112,0.1389099814027795,0.004205846667715552,0.00026290002278983593
936,DI,250,1998,2,113,9.858193311476538e-15,1.887379141862766e-15,0.0037569999985862523
937,WMI,250,1998,2,113,1.014639259086938e-14,1.9984014443252818e-15,0.0006035000260453671
938,ISM,250,1998,2,113,0.1389099814027795,0.004205846667715552,0.0004467000253498554
939,DI,250,1998,2,114,9.858193311476538e-15,1.887379141862766e-15,0.003649499994935468
940,WMI,250,1998,2,114,1.014639259086938e-14,1.9984014443252818e-15,0.00016419999883510172
941,ISM,250,1998,2,114,0.1389099814027795,0.004205846667715552,0.00023780000628903508
942,DI,250,1998,2,115,9.858193311476538e-15,1.887379141862766e-15,0.0037604999961331487
943,WMI,250,1998,2,115,1.014639259086938e-14,1.9984014443252818e-15,0.0004788000078406185
944,ISM,250,1998,2,115,0.1389099814027795,0.004205846667715552,0.0007158000080380589
945,DI,250,1998,2,116,9.858193311476538e-15,1.887379141862766e-15,0.0036524000170174986
946,WMI,250,1998,2,116,1.014639259086938e-14,1.9984014443252818e-15,0.0001860000193119049
947,ISM,250,1998,2,116,0.1389099814027795,0.004205846667715552,0.00046320000546984375
948,DI,250,1998,2,117,9.858193311476538e-15,1.887379141862766e-15,0.004165199992712587
949,WMI,250,1998,2,117,1.014639259086938e-14,1.9984014443252818e-15,0.0002634999982547015
950,ISM,250,1998,2,117,0.1389099814027795,0.004205846667715552,0.000506300013512373
951,DI,250,1998,2,118,9.858193311476538e-15,1.887379141862766e-15,0.004466000013053417
952,WMI,250,1998,2,118,1.014639259086938e-14,1.9984014443252818e-15,0.0004605000140145421
953,ISM,250,1998,2,118,0.1389099814027795,0.004205846667715552,0.0005467000009957701
954,DI,250,1998,2,119,9.858193311476538e-15,1.887379141862766e-15,0.004052000003866851
955,WMI,250,1998,2,119,1.014639259086938e-14,1.9984014443252818e-15,0.00035439999192021787
956,ISM,250,1998,2,119,0.1389099814027795,0.004205846667715552,0.0005439000087790191
957,DI,250,1998,2,120,9.858193311476538e-15,1.887379141862766e-15,0.0043369999912101775
958,WMI,250,1998,2,120,1.014639259086938e-14,1.9984014443252818e-15,0.0004912000149488449
959,ISM,250,1998,2,120,0.1389099814027795,0.004205846667715552,0.000446999998530373
960,DI,250,1998,2,121,9.858193311476538e-15,1.887379141862766e-15,0.0036462999996729195
961,WMI,250,1998,2,121,1.014639259086938e-14,1.9984014443252818e-15,0.00017630000365898013
962,ISM,250,1998,2,121,0.1389099814027795,0.004205846667715552,0.0005413000180851668
963,DI,250,1998,2,122,9.858193311476538e-15,1.887379141862766e-15,0.003690199984703213
964,WMI,250,1998,2,122,1.014639259086938e-14,1.9984014443252818e-15,0.0004459000192582607
965,ISM,250,1998,2,122,0.1389099814027795,0.004205846667715552,0.0003850999928545207
966,DI,250,1998,2,123,9.858193311476538e-15,1.887379141862766e-15,0.0038058000209275633
967,WMI,250,1998,2,123,1.014639259086938e-14,1.9984014443252818e-15,0.0003011000226251781
968,ISM,250,1998,2,123,0.1389099814027795,0.004205846667715552,0.00025919999461621046
969,DI,250,1998,2,124,9.858193311476538e-15,1.887379141862766e-15,0.003934899985324591
970,WMI,250,1998,2,124,1.014639259086938e-14,1.9984014443252818e-15,0.0002833999751601368
971,ISM,250,1998,2,124,0.1389099814027795,0.004205846667715552,0.0003032000095117837
972,DI,250,1998,2,125,9.858193311476538e-15,1.887379141862766e-15,0.0036444000143092126
973,WMI,250,1998,2,125,1.014639259086938e-14,1.9984014443252818e-15,0.0004206000012345612
974,ISM,250,1998,2,125,0.1389099814027795,0.004205846667715552,0.00040439999429509044
975,DI,250,1998,2,126,9.858193311476538e-15,1.887379141862766e-15,0.0034789999772328883
976,WMI,250,1998,2,126,1.014639259086938e-14,1.9984014443252818e-15,0.00015639999764971435
977,ISM,250,1998,2,126,0.1389099814027795,0.004205846667715552,0.0002542999864090234
978,DI,250,1998,2,127,9.858193311476538e-15,1.887379141862766e-15,0.003641899995272979
979,WMI,250,1998,2,127,1.014639259086938e-14,1.9984014443252818e-15,0.00015120001626200974
980,ISM,250,1998,2,127,0.1389099814027795,0.004205846667715552,0.0005062000127509236
981,DI,250,1998,2,128,9.858193311476538e-15,1.887379141862766e-15,0.0036000999971292913
982,WMI,250,1998,2,128,1.014639259086938e-14,1.9984014443252818e-15,0.00048240000614896417
983,ISM,250,1998,2,128,0.1389099814027795,0.004205846667715552,0.0007020000193733722
984,DI,250,1998,2,129,9.858193311476538e-15,1.887379141862766e-15,0.003826400003163144
985,WMI,250,1998,2,129,1.014639259086938e-14,1.9984014443252818e-15,0.00021689999266527593
986,ISM,250,1998,2,129,0.1389099814027795,0.004205846667715552,0.00024320001830346882
987,DI,250,1998,2,130,9.858193311476538e-15,1.887379141862766e-15,0.003558399999747053
988,WMI,250,1998,2,130,1.014639259086938e-14,1.9984014443252818e-15,0.0002924000145867467
989,ISM,250,1998,2,130,0.1389099814027795,0.004205846667715552,0.0003868000057991594
990,DI,250,1998,2,131,9.858193311476538e-15,1.887379141862766e-15,0.003518100013025105
991,WMI,250,1998,2,131,1.014639259086938e-14,1.9984014443252818e-15,0.00016650001634843647
992,ISM,250,1998,2,131,0.1389099814027795,0.004205846667715552,0.0005170000076759607
993,DI,250,1998,2,132,9.858193311476538e-15,1.887379141862766e-15,0.0035918999928981066
994,WMI,250,1998,2,132,1.014639259086938e-14,1.9984014443252818e-15,0.00030079999123699963
995,ISM,250,1998,2,132,0.1389099814027795,0.004205846667715552,0.0005201000021770597
996,DI,250,1998,2,133,9.858193311476538e-15,1.887379141862766e-15,0.0035574999928940088
997,WMI,250,1998,2,133,1.014639259086938e-14,1.9984014443252818e-15,0.0004121999954804778
998,ISM,250,1998,2,133,0.1389099814027795,0.004205846667715552,0.0006659000064246356
999,DI,250,1998,2,134,9.858193311476538e-15,1.887379141862766e-15,0.003576999995857477
1000,WMI,250,1998,2,134,1.014639259086938e-14,1.9984014443252818e-15,0.00017660000594332814
1001,ISM,250,1998,2,134,0.1389099814027795,0.004205846667715552,0.00026470000739209354
1002,DI,250,1998,2,135,9.858193311476538e-15,1.887379141862766e-15,0.0035496999917086214
1003,WMI,250,1998,2,135,1.014639259086938e-14,1.9984014443252818e-15,0.0004785000055562705
1004,ISM,250,1998,2,135,0.1389099814027795,0.004205846667715552,0.0007510999857913703
1005,DI,250,1998,2,136,9.858193311476538e-15,1.887379141862766e-15,0.0038179999974090606
1006,WMI,250,1998,2,136,1.014639259086938e-14,1.9984014443252818e-15,0.0004592000041157007
1007,ISM,250,1998,2,136,0.1389099814027795,0.004205846667715552,0.0005525999877136201
1008,DI,250,1998,2,137,9.858193311476538e-15,1.887379141862766e-15,0.00496479999856092
1009,WMI,250,1998,2,137,1.014639259086938e-14,1.9984014443252818e-15,0.0007448999967891723
1010,ISM,250,1998,2,137,0.1389099814027795,0.004205846667715552,0.0009780999971553683
1011,DI,250,1998,2,138,9.858193311476538e-15,1.887379141862766e-15,0.004964299994753674
1012,WMI,250,1998,2,138,1.014639259086938e-14,1.9984014443252818e-15,0.00029390002600848675
1013,ISM,250,1998,2,138,0.1389099814027795,0.004205846667715552,0.0005416000203695148
1014,DI,250,1998,2,139,9.858193311476538e-15,1.887379141862766e-15,0.004193200002191588
1015,WMI,250,1998,2,139,1.014639259086938e-14,1.9984014443252818e-15,0.000395399983972311
1016,ISM,250,1998,2,139,0.1389099814027795,0.004205846667715552,0.0005781000072602183
1017,DI,250,1998,2,140,9.858193311476538e-15,1.887379141862766e-15,0.003817400021944195
1018,WMI,250,1998,2,140,1.014639259086938e-14,1.9984014443252818e-15,0.0001652000064495951
1019,ISM,250,1998,2,140,0.1389099814027795,0.004205846667715552,0.00025519999326206744
1020,DI,250,1998,2,141,9.858193311476538e-15,1.887379141862766e-15,0.003434899990679696
1021,WMI,250,1998,2,141,1.014639259086938e-14,1.9984014443252818e-15,0.00020559999393299222
1022,ISM,250,1998,2,141,0.1389099814027795,0.004205846667715552,0.0005827999848406762
1023,DI,250,1998,2,142,9.858193311476538e-15,1.887379141862766e-15,0.0034007999929599464
1024,WMI,250,1998,2,142,1.014639259086938e-14,1.9984014443252818e-15,0.00025179999647662044
1025,ISM,250,1998,2,142,0.1389099814027795,0.004205846667715552,0.00024870000197552145
1026,DI,250,1998,2,143,9.858193311476538e-15,1.887379141862766e-15,0.003556500014383346
1027,WMI,250,1998,2,143,1.014639259086938e-14,1.9984014443252818e-15,0.0001574999769218266
1028,ISM,250,1998,2,143,0.1389099814027795,0.004205846667715552,0.0002429999876767397
1029,DI,250,1998,2,144,9.858193311476538e-15,1.887379141862766e-15,0.0033210999972652644
1030,WMI,250,1998,2,144,1.014639259086938e-14,1.9984014443252818e-15,0.000298400002066046
1031,ISM,250,1998,2,144,0.1389099814027795,0.004205846667715552,0.0003921999887097627
1032,DI,250,1998,2,145,9.858193311476538e-15,1.887379141862766e-15,0.0035047999990638345
1033,WMI,250,1998,2,145,1.014639259086938e-14,1.9984014443252818e-15,0.00015740000526420772
1034,ISM,250,1998,2,145,0.1389099814027795,0.004205846667715552,0.0005326999817043543
1035,DI,250,1998,2,146,9.858193311476538e-15,1.887379141862766e-15,0.0035577999951783568
1036,WMI,250,1998,2,146,1.014639259086938e-14,1.9984014443252818e-15,0.00016609998419880867
1037,ISM,250,1998,2,146,0.1389099814027795,0.004205846667715552,0.0002462000120431185
1038,DI,250,1998,2,147,9.858193311476538e-15,1.887379141862766e-15,0.0036185000208206475
1039,WMI,250,1998,2,147,1.014639259086938e-14,1.9984014443252818e-15,0.00020429998403415084
1040,ISM,250,1998,2,147,0.1389099814027795,0.004205846667715552,0.0006234999746084213
1041,DI,250,1998,2,148,9.858193311476538e-15,1.887379141862766e-15,0.003502100007608533
1042,WMI,250,1998,2,148,1.014639259086938e-14,1.9984014443252818e-15,0.0001613000058569014
1043,ISM,250,1998,2,148,0.1389099814027795,0.004205846667715552,0.00023770000552758574
1044,DI,250,1998,2,149,9.858193311476538e-15,1.887379141862766e-15,0.0034576999896671623
1045,WMI,250,1998,2,149,1.014639259086938e-14,1.9984014443252818e-15,0.00015279999934136868
1046,ISM,250,1998,2,149,0.1389099814027795,0.004205846667715552,0.0002525000018067658
1047,DI,250,1998,2,150,9.858193311476538e-15,1.887379141862766e-15,0.003588899999158457
1048,WMI,250,1998,2,150,1.014639259086938e-14,1.9984014443252818e-15,0.000281400018138811
1049,ISM,250,1998,2,150,0.1389099814027795,0.004205846667715552,0.00048439999227412045
1050,DI,250,1998,2,151,9.858193311476538e-15,1.887379141862766e-15,0.0032125000143423676
1051,WMI,250,1998,2,151,1.014639259086938e-14,1.9984014443252818e-15,0.00013679999392479658
1052,ISM,250,1998,2,151,0.1389099814027795,0.004205846667715552,0.0005084000003989786
1053,DI,250,1998,2,152,9.858193311476538e-15,1.887379141862766e-15,0.003160099993692711
1054,WMI,250,1998,2,152,1.014639259086938e-14,1.9984014443252818e-15,0.00033370000892318785
1055,ISM,250,1998,2,152,0.1389099814027795,0.004205846667715552,0.0007625000143889338
1056,DI,250,1998,2,153,9.858193311476538e-15,1.887379141862766e-15,0.0030633999849669635
1057,WMI,250,1998,2,153,1.014639259086938e-14,1.9984014443252818e-15,0.00014340001507662237
1058,ISM,250,1998,2,153,0.1389099814027795,0.004205846667715552,0.0002398999931756407
1059,DI,250,1998,2,154,9.858193311476538e-15,1.887379141862766e-15,0.003267099993536249
1060,WMI,250,1998,2,154,1.014639259086938e-14,1.9984014443252818e-15,0.0003491000097710639
1061,ISM,250,1998,2,154,0.1389099814027795,0.004205846667715552,0.0004285000031813979
1062,DI,250,1998,2,155,9.858193311476538e-15,1.887379141862766e-15,0.0032841000065673143
1063,WMI,250,1998,2,155,1.014639259086938e-14,1.9984014443252818e-15,0.00027650000993162394
1064,ISM,250,1998,2,155,0.1389099814027795,0.004205846667715552,0.0005302000208757818
1065,DI,250,1998,2,156,9.858193311476538e-15,1.887379141862766e-15,0.003645799995865673
1066,WMI,250,1998,2,156,1.014639259086938e-14,1.9984014443252818e-15,0.00016340002184733748
1067,ISM,250,1998,2,156,0.1389099814027795,0.004205846667715552,0.0002615000121295452
1068,DI,250,1998,2,157,9.858193311476538e-15,1.887379141862766e-15,0.0035524999839253724
1069,WMI,250,1998,2,157,1.014639259086938e-14,1.9984014443252818e-15,0.0003176999744027853
1070,ISM,250,1998,2,157,0.1389099814027795,0.004205846667715552,0.00047209998592734337
1071,DI,250,1998,2,158,9.858193311476538e-15,1.887379141862766e-15,0.0037671999889425933
1072,WMI,250,1998,2,158,1.014639259086938e-14,1.9984014443252818e-15,0.00018360000103712082
1073,ISM,250,1998,2,158,0.1389099814027795,0.004205846667715552,0.00027180000324733555
1074,DI,250,1998,2,159,9.858193311476538e-15,1.887379141862766e-15,0.00347290001809597
1075,WMI,250,1998,2,159,1.014639259086938e-14,1.9984014443252818e-15,0.00031850000959821045
1076,ISM,250,1998,2,159,0.1389099814027795,0.004205846667715552,0.0004182000120636076
1077,DI,250,1998,2,160,9.858193311476538e-15,1.887379141862766e-15,0.0036293999874033034
1078,WMI,250,1998,2,160,1.014639259086938e-14,1.9984014443252818e-15,0.00030350001179613173
1079,ISM,250,1998,2,160,0.1389099814027795,0.004205846667715552,0.0005754000158049166
1080,DI,250,1998,2,161,9.858193311476538e-15,1.887379141862766e-15,0.0033786999993026257
1081,WMI,250,1998,2,161,1.014639259086938e-14,1.9984014443252818e-15,0.00035710001247934997
1082,ISM,250,1998,2,161,0.1389099814027795,0.004205846667715552,0.0004123999970033765
1083,DI,250,1998,2,162,9.858193311476538e-15,1.887379141862766e-15,0.0033014999935403466
1084,WMI,250,1998,2,162,1.014639259086938e-14,1.9984014443252818e-15,0.0001509999856352806
1085,ISM,250,1998,2,162,0.1389099814027795,0.004205846667715552,0.00028199999360367656
1086,DI,250,1998,2,163,9.858193311476538e-15,1.887379141862766e-15,0.0033149000082630664
1087,WMI,250,1998,2,163,1.014639259086938e-14,1.9984014443252818e-15,0.00029620001441799104
1088,ISM,250,1998,2,163,0.1389099814027795,0.004205846667715552,0.0002556999970693141
1089,DI,250,1998,2,164,9.858193311476538e-15,1.887379141862766e-15,0.0033109000069089234
1090,WMI,250,1998,2,164,1.014639259086938e-14,1.9984014443252818e-15,0.0006410000205505639
1091,ISM,250,1998,2,164,0.1389099814027795,0.004205846667715552,0.0006098000158090144
1092,DI,250,1998,2,165,9.858193311476538e-15,1.887379141862766e-15,0.0035343000199645758
1093,WMI,250,1998,2,165,1.014639259086938e-14,1.9984014443252818e-15,0.0001674999948590994
1094,ISM,250,1998,2,165,0.1389099814027795,0.004205846667715552,0.0002933999930974096
1095,DI,250,1998,2,166,9.858193311476538e-15,1.887379141862766e-15,0.0034556000027805567
1096,WMI,250,1998,2,166,1.014639259086938e-14,1.9984014443252818e-15,0.00024739999207668006
1097,ISM,250,1998,2,166,0.1389099814027795,0.004205846667715552,0.00043479999294504523
1098,DI,250,1998,2,167,9.858193311476538e-15,1.887379141862766e-15,0.0032298000005539507
1099,WMI,250,1998,2,167,1.014639259086938e-14,1.9984014443252818e-15,0.0004861000052187592
1100,ISM,250,1998,2,167,0.1389099814027795,0.004205846667715552,0.0005284999788273126
1101,DI,250,1998,2,168,9.858193311476538e-15,1.887379141862766e-15,0.003336699999636039
1102,WMI,250,1998,2,168,1.014639259086938e-14,1.9984014443252818e-15,0.0004048999981023371
1103,ISM,250,1998,2,168,0.1389099814027795,0.004205846667715552,0.0005111000209581107
1104,DI,250,1998,2,169,9.858193311476538e-15,1.887379141862766e-15,0.003698000014992431
1105,WMI,250,1998,2,169,1.014639259086938e-14,1.9984014443252818e-15,0.0004731999943032861
1106,ISM,250,1998,2,169,0.1389099814027795,0.004205846667715552,0.0007449999975506216
1107,DI,250,1998,2,170,9.858193311476538e-15,1.887379141862766e-15,0.0032041000085882843
1108,WMI,250,1998,2,170,1.014639259086938e-14,1.9984014443252818e-15,0.00015389997861348093
1109,ISM,250,1998,2,170,0.1389099814027795,0.004205846667715552,0.0002668999950401485
1110,DI,250,1998,2,171,9.858193311476538e-15,1.887379141862766e-15,0.0031027999939396977
1111,WMI,250,1998,2,171,1.014639259086938e-14,1.9984014443252818e-15,0.00014859999646432698
1112,ISM,250,1998,2,171,0.1389099814027795,0.004205846667715552,0.0002697999880183488
1113,DI,250,1998,2,172,9.858193311476538e-15,1.887379141862766e-15,0.003229700028896332
1114,WMI,250,1998,2,172,1.014639259086938e-14,1.9984014443252818e-15,0.00038670000503771007
1115,ISM,250,1998,2,172,0.1389099814027795,0.004205846667715552,0.0004537000204436481
1116,DI,250,1998,2,173,9.858193311476538e-15,1.887379141862766e-15,0.00328169998829253
1117,WMI,250,1998,2,173,1.014639259086938e-14,1.9984014443252818e-15,0.00026390000130049884
1118,ISM,250,1998,2,173,0.1389099814027795,0.004205846667715552,0.0005099999834783375
1119,DI,250,1998,2,174,9.858193311476538e-15,1.887379141862766e-15,0.003138200001558289
1120,WMI,250,1998,2,174,1.014639259086938e-14,1.9984014443252818e-15,0.0003212000010535121
1121,ISM,250,1998,2,174,0.1389099814027795,0.004205846667715552,0.0007051999855320901
1122,DI,250,1998,2,175,9.858193311476538e-15,1.887379141862766e-15,0.0032590999908279628
1123,WMI,250,1998,2,175,1.014639259086938e-14,1.9984014443252818e-15,0.0001564999984111637
1124,ISM,250,1998,2,175,0.1389099814027795,0.004205846667715552,0.00024850000045262277
1125,DI,250,1998,2,176,9.858193311476538e-15,1.887379141862766e-15,0.0040231999882962555
1126,WMI,250,1998,2,176,1.014639259086938e-14,1.9984014443252818e-15,0.0003242999955546111
1127,ISM,250,1998,2,176,0.1389099814027795,0.004205846667715552,0.0013394999841693789
1128,DI,250,1998,2,177,9.858193311476538e-15,1.887379141862766e-15,0.0036979999858886003
1129,WMI,250,1998,2,177,1.014639259086938e-14,1.9984014443252818e-15,0.00036279999767430127
1130,ISM,250,1998,2,177,0.1389099814027795,0.004205846667715552,0.0002552999940235168
1131,DI,250,1998,2,178,9.858193311476538e-15,1.887379141862766e-15,0.003306500002508983
1132,WMI,250,1998,2,178,1.014639259086938e-14,1.9984014443252818e-15,0.00031969998963177204
1133,ISM,250,1998,2,178,0.1389099814027795,0.004205846667715552,0.000955100025748834
1134,DI,250,1998,2,179,9.858193311476538e-15,1.887379141862766e-15,0.0033059999987017363
1135,WMI,250,1998,2,179,1.014639259086938e-14,1.9984014443252818e-15,0.000229199999012053
1136,ISM,250,1998,2,179,0.1389099814027795,0.004205846667715552,0.0006133999850135297
1137,DI,250,1998,2,180,9.858193311476538e-15,1.887379141862766e-15,0.004094900010386482
1138,WMI,250,1998,2,180,1.014639259086938e-14,1.9984014443252818e-15,0.00016510000568814576
1139,ISM,250,1998,2,180,0.1389099814027795,0.004205846667715552,0.0007590000168420374
1140,DI,250,1998,2,181,9.858193311476538e-15,1.887379141862766e-15,0.0032777999876998365
1141,WMI,250,1998,2,181,1.014639259086938e-14,1.9984014443252818e-15,0.00025450001703575253
1142,ISM,250,1998,2,181,0.1389099814027795,0.004205846667715552,0.0005547000037040561
1143,DI,250,1998,2,182,9.858193311476538e-15,1.887379141862766e-15,0.003087799996137619
1144,WMI,250,1998,2,182,1.014639259086938e-14,1.9984014443252818e-15,0.00015009997878223658
1145,ISM,250,1998,2,182,0.1389099814027795,0.004205846667715552,0.0002469999890308827
1146,DI,250,1998,2,183,9.858193311476538e-15,1.887379141862766e-15,0.003386199998203665
1147,WMI,250,1998,2,183,1.014639259086938e-14,1.9984014443252818e-15,0.0004037999897263944
1148,ISM,250,1998,2,183,0.1389099814027795,0.004205846667715552,0.0004783000040333718
1149,DI,250,1998,2,184,9.858193311476538e-15,1.887379141862766e-15,0.003403600014280528
1150,WMI,250,1998,2,184,1.014639259086938e-14,1.9984014443252818e-15,0.0001514999894425273
1151,ISM,250,1998,2,184,0.1389099814027795,0.004205846667715552,0.0009664999961387366
1152,DI,250,1998,2,185,9.858193311476538e-15,1.887379141862766e-15,0.0034302000130992383
1153,WMI,250,1998,2,185,1.014639259086938e-14,1.9984014443252818e-15,0.0001419000036548823
1154,ISM,250,1998,2,185,0.1389099814027795,0.004205846667715552,0.00024129997473210096
1155,DI,250,1998,2,186,9.858193311476538e-15,1.887379141862766e-15,0.003429200005484745
1156,WMI,250,1998,2,186,1.014639259086938e-14,1.9984014443252818e-15,0.0004067000118084252
1157,ISM,250,1998,2,186,0.1389099814027795,0.004205846667715552,0.0016437999729532748
1158,DI,250,1998,2,187,9.858193311476538e-15,1.887379141862766e-15,0.0037884000048507005
1159,WMI,250,1998,2,187,1.014639259086938e-14,1.9984014443252818e-15,0.00043990000267513096
1160,ISM,250,1998,2,187,0.1389099814027795,0.004205846667715552,0.0002618000144138932
1161,DI,250,1998,2,188,9.858193311476538e-15,1.887379141862766e-15,0.003500399994663894
1162,WMI,250,1998,2,188,1.014639259086938e-14,1.9984014443252818e-15,0.00014820002252236009
1163,ISM,250,1998,2,188,0.1389099814027795,0.004205846667715552,0.00026450000586919487
1164,DI,250,1998,2,189,9.858193311476538e-15,1.887379141862766e-15,0.0038769000093452632
1165,WMI,250,1998,2,189,1.014639259086938e-14,1.9984014443252818e-15,0.00033260000054724514
1166,ISM,250,1998,2,189,0.1389099814027795,0.004205846667715552,0.0004434000002220273
1167,DI,250,1998,2,190,9.858193311476538e-15,1.887379141862766e-15,0.003626000019721687
1168,WMI,250,1998,2,190,1.014639259086938e-14,1.9984014443252818e-15,0.00013800000306218863
1169,ISM,250,1998,2,190,0.1389099814027795,0.004205846667715552,0.00027570000384002924
1170,DI,250,1998,2,191,9.858193311476538e-15,1.887379141862766e-15,0.003765800007386133
1171,WMI,250,1998,2,191,1.014639259086938e-14,1.9984014443252818e-15,0.0003480000013951212
1172,ISM,250,1998,2,191,0.1389099814027795,0.004205846667715552,0.0004387000226415694
1173,DI,250,1998,2,192,9.858193311476538e-15,1.887379141862766e-15,0.0035850999993272126
1174,WMI,250,1998,2,192,1.014639259086938e-14,1.9984014443252818e-15,0.00016309999045915902
1175,ISM,250,1998,2,192,0.1389099814027795,0.004205846667715552,0.0002477999951224774
1176,DI,250,1998,2,193,9.858193311476538e-15,1.887379141862766e-15,0.0033897999965120107
1177,WMI,250,1998,2,193,1.014639259086938e-14,1.9984014443252818e-15,0.00035180000122636557
1178,ISM,250,1998,2,193,0.1389099814027795,0.004205846667715552,0.00044239999260753393
1179,DI,250,1998,2,194,9.858193311476538e-15,1.887379141862766e-15,0.003434100013691932
1180,WMI,250,1998,2,194,1.014639259086938e-14,1.9984014443252818e-15,0.00014080002438277006
1181,ISM,250,1998,2,194,0.1389099814027795,0.004205846667715552,0.0002728000108618289
1182,DI,250,1998,2,195,9.858193311476538e-15,1.887379141862766e-15,0.003664299991214648
1183,WMI,250,1998,2,195,1.014639259086938e-14,1.9984014443252818e-15,0.00024029999622143805
1184,ISM,250,1998,2,195,0.1389099814027795,0.004205846667715552,0.0002562000008765608
1185,DI,250,1998,2,196,9.858193311476538e-15,1.887379141862766e-15,0.0036951999936718494
1186,WMI,250,1998,2,196,1.014639259086938e-14,1.9984014443252818e-15,0.00032789999386295676
1187,ISM,250,1998,2,196,0.1389099814027795,0.004205846667715552,0.0004401999758556485
1188,DI,250,1998,2,197,9.858193311476538e-15,1.887379141862766e-15,0.003521200007526204
1189,WMI,250,1998,2,197,1.014639259086938e-14,1.9984014443252818e-15,0.00014640000881627202
1190,ISM,250,1998,2,197,0.1389099814027795,0.004205846667715552,0.0006502000032924116
1191,DI,250,1998,2,198,9.858193311476538e-15,1.887379141862766e-15,0.003327600017655641
1192,WMI,250,1998,2,198,1.014639259086938e-14,1.9984014443252818e-15,0.0005070000188425183
1193,ISM,250,1998,2,198,0.1389099814027795,0.004205846667715552,0.00044449997949413955
1194,DI,250,1998,2,199,9.858193311476538e-15,1.887379141862766e-15,0.0035659999994095415
1195,WMI,250,1998,2,199,1.014639259086938e-14,1.9984014443252818e-15,0.00017110002227127552
1196,ISM,250,1998,2,199,0.1389099814027795,0.004205846667715552,0.0005201000021770597
1197,DI,250,1998,2,200,9.858193311476538e-15,1.887379141862766e-15,0.004786900011822581
1198,WMI,250,1998,2,200,1.014639259086938e-14,1.9984014443252818e-15,0.0004778000002261251
1199,ISM,250,1998,2,200,0.1389099814027795,0.004205846667715552,0.0005030999891459942
1200,DI,250,1997,3,1,9.945823981129542e-15,1.887379141862766e-15,0.0040105000080075115
1201,WMI,250,1997,3,1,1.0166306210082644e-14,1.7763568394002505e-15,0.0006096000142861158
1202,ISM,250,1997,3,1,0.22231406050646646,0.006924617327705995,0.0009802000131458044
1203,DI,250,1997,3,2,9.945823981129542e-15,1.887379141862766e-15,0.00404040000285022
1204,WMI,250,1997,3,2,1.0166306210082644e-14,1.7763568394002505e-15,0.00019199997768737376
1205,ISM,250,1997,3,2,0.22231406050646646,0.006924617327705995,0.0007428999815601856
1206,DI,250,1997,3,3,9.945823981129542e-15,1.887379141862766e-15,0.003588299994589761
1207,WMI,250,1997,3,3,1.0166306210082644e-14,1.7763568394002505e-15,0.0004933000018354505
1208,ISM,250,1997,3,3,0.22231406050646646,0.006924617327705995,0.0005540999991353601
1209,DI,250,1997,3,4,9.945823981129542e-15,1.887379141862766e-15,0.0034707000013440847
1210,WMI,250,1997,3,4,1.0166306210082644e-14,1.7763568394002505e-15,0.00028450001263991
1211,ISM,250,1997,3,4,0.22231406050646646,0.006924617327705995,0.00048290000995621085
1212,DI,250,1997,3,5,9.945823981129542e-15,1.887379141862766e-15,0.0035693999961949885
1213,WMI,250,1997,3,5,1.0166306210082644e-14,1.7763568394002505e-15,0.00029429999995045364
1214,ISM,250,1997,3,5,0.22231406050646646,0.006924617327705995,0.0008324000227730721
1215,DI,250,1997,3,6,9.945823981129542e-15,1.887379141862766e-15,0.0035592000058386475
1216,WMI,250,1997,3,6,1.0166306210082644e-14,1.7763568394002505e-15,0.0005082999996375293
1217,ISM,250,1997,3,6,0.22231406050646646,0.006924617327705995,0.0021486000041477382
1218,DI,250,1997,3,7,9.945823981129542e-15,1.887379141862766e-15,0.00429959999746643
1219,WMI,250,1997,3,7,1.0166306210082644e-14,1.7763568394002505e-15,0.00020260000019334257
1220,ISM,250,1997,3,7,0.22231406050646646,0.006924617327705995,0.0011607000196818262
1221,DI,250,1997,3,8,9.945823981129542e-15,1.887379141862766e-15,0.0034536000166554004
1222,WMI,250,1997,3,8,1.0166306210082644e-14,1.7763568394002505e-15,0.00017729998216964304
1223,ISM,250,1997,3,8,0.22231406050646646,0.006924617327705995,0.0003960999893024564
1224,DI,250,1997,3,9,9.945823981129542e-15,1.887379141862766e-15,0.003867999999783933
1225,WMI,250,1997,3,9,1.0166306210082644e-14,1.7763568394002505e-15,0.0001714999962132424
1226,ISM,250,1997,3,9,0.22231406050646646,0.006924617327705995,0.0007738000131212175
1227,DI,250,1997,3,10,9.945823981129542e-15,1.887379141862766e-15,0.003336299996590242
1228,WMI,250,1997,3,10,1.0166306210082644e-14,1.7763568394002505e-15,0.00026970001636072993
1229,ISM,250,1997,3,10,0.22231406050646646,0.006924617327705995,0.0003617999900598079
1230,DI,250,1997,3,11,9.945823981129542e-15,1.887379141862766e-15,0.003479700011666864
1231,WMI,250,1997,3,11,1.0166306210082644e-14,1.7763568394002505e-15,0.0002919000107795
1232,ISM,250,1997,3,11,0.22231406050646646,0.006924617327705995,0.000739500013878569
1233,DI,250,1997,3,12,9.945823981129542e-15,1.887379141862766e-15,0.0034768999903462827
1234,WMI,250,1997,3,12,1.0166306210082644e-14,1.7763568394002505e-15,0.00031529998523183167
1235,ISM,250,1997,3,12,0.22231406050646646,0.006924617327705995,0.0007813999836798757
1236,DI,250,1997,3,13,9.945823981129542e-15,1.887379141862766e-15,0.0037987000250723213
1237,WMI,250,1997,3,13,1.0166306210082644e-14,1.7763568394002505e-15,0.00017850002041086555
1238,ISM,250,1997,3,13,0.22231406050646646,0.006924617327705995,0.0011458999942988157
1239,DI,250,1997,3,14,9.945823981129542e-15,1.887379141862766e-15,0.0034725999867077917
1240,WMI,250,1997,3,14,1.0166306210082644e-14,1.7763568394002505e-15,0.00035119999665766954
1241,ISM,250,1997,3,14,0.22231406050646646,0.006924617327705995,0.00037299998803064227
1242,DI,250,1997,3,15,9.945823981129542e-15,1.887379141862766e-15,0.0035117999941576272
1243,WMI,250,1997,3,15,1.0166306210082644e-14,1.7763568394002505e-15,0.00020440001389943063
1244,ISM,250,1997,3,15,0.22231406050646646,0.006924617327705995,0.0003752000047825277
1245,DI,250,1997,3,16,9.945823981129542e-15,1.887379141862766e-15,0.004041100008180365
1246,WMI,250,1997,3,16,1.0166306210082644e-14,1.7763568394002505e-15,0.0004766999918501824
1247,ISM,250,1997,3,16,0.22231406050646646,0.006924617327705995,0.0003659999929368496
1248,DI,250,1997,3,17,9.945823981129542e-15,1.887379141862766e-15,0.003533899987814948
1249,WMI,250,1997,3,17,1.0166306210082644e-14,1.7763568394002505e-15,0.00018920001457445323
1250,ISM,250,1997,3,17,0.22231406050646646,0.006924617327705995,0.0015901000006124377
1251,DI,250,1997,3,18,9.945823981129542e-15,1.887379141862766e-15,0.004126099986024201
1252,WMI,250,1997,3,18,1.0166306210082644e-14,1.7763568394002505e-15,0.0002027000009547919
1253,ISM,250,1997,3,18,0.22231406050646646,0.006924617327705995,0.00037819999852217734
1254,DI,250,1997,3,19,9.945823981129542e-15,1.887379141862766e-15,0.0037293999921530485
1255,WMI,250,1997,3,19,1.0166306210082644e-14,1.7763568394002505e-15,0.00029319999157451093
1256,ISM,250,1997,3,19,0.22231406050646646,0.006924617327705995,0.0003801999846473336
1257,DI,250,1997,3,20,9.945823981129542e-15,1.887379141862766e-15,0.0035608999896794558
1258,WMI,250,1997,3,20,1.0166306210082644e-14,1.7763568394002505e-15,0.00020150002092123032
1259,ISM,250,1997,3,20,0.22231406050646646,0.006924617327705995,0.00037379999412223697
1260,DI,250,1997,3,21,9.945823981129542e-15,1.887379141862766e-15,0.00373209998360835
1261,WMI,250,1997,3,21,1.0166306210082644e-14,1.7763568394002505e-15,0.0001812000118661672
1262,ISM,250,1997,3,21,0.22231406050646646,0.006924617327705995,0.0007872999995015562
1263,DI,250,1997,3,22,9.945823981129542e-15,1.887379141862766e-15,0.003829499997664243
1264,WMI,250,1997,3,22,1.0166306210082644e-14,1.7763568394002505e-15,0.0003318000235594809
1265,ISM,250,1997,3,22,0.22231406050646646,0.006924617327705995,0.00036619999445974827
1266,DI,250,1997,3,23,9.945823981129542e-15,1.887379141862766e-15,0.0033724000095389783
1267,WMI,250,1997,3,23,1.0166306210082644e-14,1.7763568394002505e-15,0.0001748999929986894
1268,ISM,250,1997,3,23,0.22231406050646646,0.006924617327705995,0.0003744999994523823
1269,DI,250,1997,3,24,9.945823981129542e-15,1.887379141862766e-15,0.0037139999913051724
1270,WMI,250,1997,3,24,1.0166306210082644e-14,1.7763568394002505e-15,0.00033340000663883984
1271,ISM,250,1997,3,24,0.22231406050646646,0.006924617327705995,0.0007909999985713512
1272,DI,250,1997,3,25,9.945823981129542e-15,1.887379141862766e-15,0.003472800017334521
1273,WMI,250,1997,3,25,1.0166306210082644e-14,1.7763568394002505e-15,0.00017850002041086555
1274,ISM,250,1997,3,25,0.22231406050646646,0.006924617327705995,0.000375000003259629
1275,DI,250,1997,3,26,9.945823981129542e-15,1.887379141862766e-15,0.003445099981036037
1276,WMI,250,1997,3,26,1.0166306210082644e-14,1.7763568394002505e-15,0.00030529999639838934
1277,ISM,250,1997,3,26,0.22231406050646646,0.006924617327705995,0.0008468000160064548
1278,DI,250,1997,3,27,9.945823981129542e-15,1.887379141862766e-15,0.003911700012395158
1279,WMI,250,1997,3,27,1.0166306210082644e-14,1.7763568394002505e-15,0.00018400000408291817
1280,ISM,250,1997,3,27,0.22231406050646646,0.006924617327705995,0.0007814000127837062
1281,DI,250,1997,3,28,9.945823981129542e-15,1.887379141862766e-15,0.003504599997540936
1282,WMI,250,1997,3,28,1.0166306210082644e-14,1.7763568394002505e-15,0.0003063000040128827
1283,ISM,250,1997,3,28,0.22231406050646646,0.006924617327705995,0.0003690999874379486
1284,DI,250,1997,3,29,9.945823981129542e-15,1.887379141862766e-15,0.003611099993577227
1285,WMI,250,1997,3,29,1.0166306210082644e-14,1.7763568394002505e-15,0.00017109999316744506
1286,ISM,250,1997,3,29,0.22231406050646646,0.006924617327705995,0.00036990002263337374
1287,DI,250,1997,3,30,9.945823981129542e-15,1.887379141862766e-15,0.0034457000147085637
1288,WMI,250,1997,3,30,1.0166306210082644e-14,1.7763568394002505e-15,0.00017169999773614109
1289,ISM,250,1997,3,30,0.22231406050646646,0.006924617327705995,0.0007507999835070223
1290,DI,250,1997,3,31,9.945823981129542e-15,1.887379141862766e-15,0.003448900009971112
1291,WMI,250,1997,3,31,1.0166306210082644e-14,1.7763568394002505e-15,0.00016680001863278449
1292,ISM,250,1997,3,31,0.22231406050646646,0.006924617327705995,0.00037399999564513564
1293,DI,250,1997,3,32,9.945823981129542e-15,1.887379141862766e-15,0.0033702999935485423
1294,WMI,250,1997,3,32,1.0166306210082644e-14,1.7763568394002505e-15,0.00027099999715574086
1295,ISM,250,1997,3,32,0.22231406050646646,0.006924617327705995,0.0006827000179328024
1296,DI,250,1997,3,33,9.945823981129542e-15,1.887379141862766e-15,0.0034789000055752695
1297,WMI,250,1997,3,33,1.0166306210082644e-14,1.7763568394002505e-15,0.0002618999860715121
1298,ISM,250,1997,3,33,0.22231406050646646,0.006924617327705995,0.0003966999938711524
1299,DI,250,1997,3,34,9.945823981129542e-15,1.887379141862766e-15,0.003803999978117645
1300,WMI,250,1997,3,34,1.0166306210082644e-14,1.7763568394002505e-15,0.00016980001237243414
1301,ISM,250,1997,3,34,0.22231406050646646,0.006924617327705995,0.0007227000023704022
1302,DI,250,1997,3,35,9.945823981129542e-15,1.887379141862766e-15,0.0034693999914452434
1303,WMI,250,1997,3,35,1.0166306210082644e-14,1.7763568394002505e-15,0.0002852999896276742
1304,ISM,250,1997,3,35,0.22231406050646646,0.006924617327705995,0.0003630999999586493
1305,DI,250,1997,3,36,9.945823981129542e-15,1.887379141862766e-15,0.003953200008254498
1306,WMI,250,1997,3,36,1.0166306210082644e-14,1.7763568394002505e-15,0.0002795000036712736
1307,ISM,250,1997,3,36,0.22231406050646646,0.006924617327705995,0.00037120000342838466
1308,DI,250,1997,3,37,9.945823981129542e-15,1.887379141862766e-15,0.003450199990766123
1309,WMI,250,1997,3,37,1.0166306210082644e-14,1.7763568394002505e-15,0.00027940000290982425
1310,ISM,250,1997,3,37,0.22231406050646646,0.006924617327705995,0.00039190001552924514
1311,DI,250,1997,3,38,9.945823981129542e-15,1.887379141862766e-15,0.0034053999988827854
1312,WMI,250,1997,3,38,1.0166306210082644e-14,1.7763568394002505e-15,0.00016989998403005302
1313,ISM,250,1997,3,38,0.22231406050646646,0.006924617327705995,0.00039900001138448715
1314,DI,250,1997,3,39,9.945823981129542e-15,1.887379141862766e-15,0.0036579000006895512
1315,WMI,250,1997,3,39,1.0166306210082644e-14,1.7763568394002505e-15,0.00032720001763664186
1316,ISM,250,1997,3,39,0.22231406050646646,0.006924617327705995,0.0007759000000078231
1317,DI,250,1997,3,40,9.945823981129542e-15,1.887379141862766e-15,0.003914200002327561
1318,WMI,250,1997,3,40,1.0166306210082644e-14,1.7763568394002505e-15,0.00016729999333620071
1319,ISM,250,1997,3,40,0.22231406050646646,0.006924617327705995,0.0007845000072848052
1320,DI,250,1997,3,41,9.945823981129542e-15,1.887379141862766e-15,0.003798699995968491
1321,WMI,250,1997,3,41,1.0166306210082644e-14,1.7763568394002505e-15,0.00017380001372657716
1322,ISM,250,1997,3,41,0.22231406050646646,0.006924617327705995,0.0003782999992836267
1323,DI,250,1997,3,42,9.945823981129542e-15,1.887379141862766e-15,0.003683399991132319
1324,WMI,250,1997,3,42,1.0166306210082644e-14,1.7763568394002505e-15,0.00018799997633323073
1325,ISM,250,1997,3,42,0.22231406050646646,0.006924617327705995,0.00035790001857094467
1326,DI,250,1997,3,43,9.945823981129542e-15,1.887379141862766e-15,0.0034039999882224947
1327,WMI,250,1997,3,43,1.0166306210082644e-14,1.7763568394002505e-15,0.0001714999962132424
1328,ISM,250,1997,3,43,0.22231406050646646,0.006924617327705995,0.00036050000926479697
1329,DI,250,1997,3,44,9.945823981129542e-15,1.887379141862766e-15,0.0037751999916508794
1330,WMI,250,1997,3,44,1.0166306210082644e-14,1.7763568394002505e-15,0.00034920001053251326
1331,ISM,250,1997,3,44,0.22231406050646646,0.006924617327705995,0.0008335000020451844
1332,DI,250,1997,3,45,9.945823981129542e-15,1.887379141862766e-15,0.0035405999806243926
1333,WMI,250,1997,3,45,1.0166306210082644e-14,1.7763568394002505e-15,0.0003050000232178718
1334,ISM,250,1997,3,45,0.22231406050646646,0.006924617327705995,0.0003834000090137124
1335,DI,250,1997,3,46,9.945823981129542e-15,1.887379141862766e-15,0.004031899996334687
1336,WMI,250,1997,3,46,1.0166306210082644e-14,1.7763568394002505e-15,0.0002046999870799482
1337,ISM,250,1997,3,46,0.22231406050646646,0.006924617327705995,0.000467399979243055
1338,DI,250,1997,3,47,9.945823981129542e-15,1.887379141862766e-15,0.0033168999943882227
1339,WMI,250,1997,3,47,1.0166306210082644e-14,1.7763568394002505e-15,0.00032629998167976737
1340,ISM,250,1997,3,47,0.22231406050646646,0.006924617327705995,0.000381199992261827
1341,DI,250,1997,3,48,9.945823981129542e-15,1.887379141862766e-15,0.003694199986057356
1342,WMI,250,1997,3,48,1.0166306210082644e-14,1.7763568394002505e-15,0.00029830000130459666
1343,ISM,250,1997,3,48,0.22231406050646646,0.006924617327705995,0.0007474000158254057
1344,DI,250,1997,3,49,9.945823981129542e-15,1.887379141862766e-15,0.0034445000055711716
1345,WMI,250,1997,3,49,1.0166306210082644e-14,1.7763568394002505e-15,0.0001663000148255378
1346,ISM,250,1997,3,49,0.22231406050646646,0.006924617327705995,0.0003620999923441559
1347,DI,250,1997,3,50,9.945823981129542e-15,1.887379141862766e-15,0.0035090000019408762
1348,WMI,250,1997,3,50,1.0166306210082644e-14,1.7763568394002505e-15,0.00022680000984109938
1349,ISM,250,1997,3,50,0.22231406050646646,0.006924617327705995,0.0003760000108741224
1350,DI,250,1997,3,51,9.945823981129542e-15,1.887379141862766e-15,0.003331199986860156
1351,WMI,250,1997,3,51,1.0166306210082644e-14,1.7763568394002505e-15,0.0002843000111170113
1352,ISM,250,1997,3,51,0.22231406050646646,0.006924617327705995,0.000739800016162917
1353,DI,250,1997,3,52,9.945823981129542e-15,1.887379141862766e-15,0.0034761000133585185
1354,WMI,250,1997,3,52,1.0166306210082644e-14,1.7763568394002505e-15,0.00030300000798888505
1355,ISM,250,1997,3,52,0.22231406050646646,0.006924617327705995,0.0008845000120345503
1356,DI,250,1997,3,53,9.945823981129542e-15,1.887379141862766e-15,0.004032600001664832
1357,WMI,250,1997,3,53,1.0166306210082644e-14,1.7763568394002505e-15,0.00017150002531707287
1358,ISM,250,1997,3,53,0.22231406050646646,0.006924617327705995,0.0007728000055067241
1359,DI,250,1997,3,54,9.945823981129542e-15,1.887379141862766e-15,0.004356200020993128
1360,WMI,250,1997,3,54,1.0166306210082644e-14,1.7763568394002505e-15,0.00022759998682886362
1361,ISM,250,1997,3,54,0.22231406050646646,0.006924617327705995,0.00037560000782832503
1362,DI,250,1997,3,55,9.945823981129542e-15,1.887379141862766e-15,0.003713899990543723
1363,WMI,250,1997,3,55,1.0166306210082644e-14,1.7763568394002505e-15,0.0003206999972462654
1364,ISM,250,1997,3,55,0.22231406050646646,0.006924617327705995,0.0007812999829184264
1365,DI,250,1997,3,56,9.945823981129542e-15,1.887379141862766e-15,0.0035354999999981374
1366,WMI,250,1997,3,56,1.0166306210082644e-14,1.7763568394002505e-15,0.00019880000036209822
1367,ISM,250,1997,3,56,0.22231406050646646,0.006924617327705995,0.0007689999765716493
1368,DI,250,1997,3,57,9.945823981129542e-15,1.887379141862766e-15,0.0036871000193059444
1369,WMI,250,1997,3,57,1.0166306210082644e-14,1.7763568394002505e-15,0.00028860001475550234
1370,ISM,250,1997,3,57,0.22231406050646646,0.006924617327705995,0.000375000003259629
1371,DI,250,1997,3,58,9.945823981129542e-15,1.887379141862766e-15,0.00342100000125356
1372,WMI,250,1997,3,58,1.0166306210082644e-14,1.7763568394002505e-15,0.00018870001076720655
1373,ISM,250,1997,3,58,0.22231406050646646,0.006924617327705995,0.0007562999962829053
1374,DI,250,1997,3,59,9.945823981129542e-15,1.887379141862766e-15,0.0036171999818179756
1375,WMI,250,1997,3,59,1.0166306210082644e-14,1.7763568394002505e-15,0.00017469999147579074
1376,ISM,250,1997,3,59,0.22231406050646646,0.006924617327705995,0.000361100013833493
1377,DI,250,1997,3,60,9.945823981129542e-15,1.887379141862766e-15,0.003399499983061105
1378,WMI,250,1997,3,60,1.0166306210082644e-14,1.7763568394002505e-15,0.00030559999868273735
1379,ISM,250,1997,3,60,0.22231406050646646,0.006924617327705995,0.0007814000127837062
1380,DI,250,1997,3,61,9.945823981129542e-15,1.887379141862766e-15,0.003302199998870492
1381,WMI,250,1997,3,61,1.0166306210082644e-14,1.7763568394002505e-15,0.0002800000074785203
1382,ISM,250,1997,3,61,0.22231406050646646,0.006924617327705995,0.0006084999768063426
1383,DI,250,1997,3,62,9.945823981129542e-15,1.887379141862766e-15,0.0033785000268835574
1384,WMI,250,1997,3,62,1.0166306210082644e-14,1.7763568394002505e-15,0.00015639999764971435
1385,ISM,250,1997,3,62,0.22231406050646646,0.006924617327705995,0.0007416000007651746
1386,DI,250,1997,3,63,9.945823981129542e-15,1.887379141862766e-15,0.003670700010843575
1387,WMI,250,1997,3,63,1.0166306210082644e-14,1.7763568394002505e-15,0.00017250000382773578
1388,ISM,250,1997,3,63,0.22231406050646646,0.006924617327705995,0.0007535000040661544
1389,DI,250,1997,3,64,9.945823981129542e-15,1.887379141862766e-15,0.003605899983085692
1390,WMI,250,1997,3,64,1.0166306210082644e-14,1.7763568394002505e-15,0.00016419999883510172
1391,ISM,250,1997,3,64,0.22231406050646646,0.006924617327705995,0.0010352999961469322
1392,DI,250,1997,3,65,9.945823981129542e-15,1.887379141862766e-15,0.0035365000076126307
1393,WMI,250,1997,3,65,1.0166306210082644e-14,1.7763568394002505e-15,0.0001787999935913831
1394,ISM,250,1997,3,65,0.22231406050646646,0.006924617327705995,0.0003708000003825873
1395,DI,250,1997,3,66,9.945823981129542e-15,1.887379141862766e-15,0.0036408999876584858
1396,WMI,250,1997,3,66,1.0166306210082644e-14,1.7763568394002505e-15,0.00016789999790489674
1397,ISM,250,1997,3,66,0.22231406050646646,0.006924617327705995,0.0007898000185377896
1398,DI,250,1997,3,67,9.945823981129542e-15,1.887379141862766e-15,0.0035891000006813556
1399,WMI,250,1997,3,67,1.0166306210082644e-14,1.7763568394002505e-15,0.00030869999318383634
1400,ISM,250,1997,3,67,0.22231406050646646,0.006924617327705995,0.0003648999845609069
1401,DI,250,1997,3,68,9.945823981129542e-15,1.887379141862766e-15,0.003667099983431399
1402,WMI,250,1997,3,68,1.0166306210082644e-14,1.7763568394002505e-15,0.00015919998986646533
1403,ISM,250,1997,3,68,0.22231406050646646,0.006924617327705995,0.0007710000209044665
1404,DI,250,1997,3,69,9.945823981129542e-15,1.887379141862766e-15,0.003407799988053739
1405,WMI,250,1997,3,69,1.0166306210082644e-14,1.7763568394002505e-15,0.0001561000244691968
1406,ISM,250,1997,3,69,0.22231406050646646,0.006924617327705995,0.0007436999876517802
1407,DI,250,1997,3,70,9.945823981129542e-15,1.887379141862766e-15,0.0037607999984174967
1408,WMI,250,1997,3,70,1.0166306210082644e-14,1.7763568394002505e-15,0.0002838000073097646
1409,ISM,250,1997,3,70,0.22231406050646646,0.006924617327705995,0.00077039998723194
1410,DI,250,1997,3,71,9.945823981129542e-15,1.887379141862766e-15,0.003569900000002235
1411,WMI,250,1997,3,71,1.0166306210082644e-14,1.7763568394002505e-15,0.0001750999945215881
1412,ISM,250,1997,3,71,0.22231406050646646,0.006924617327705995,0.0007365999917965382
1413,DI,250,1997,3,72,9.945823981129542e-15,1.887379141862766e-15,0.00341659999685362
1414,WMI,250,1997,3,72,1.0166306210082644e-14,1.7763568394002505e-15,0.0002646000066306442
1415,ISM,250,1997,3,72,0.22231406050646646,0.006924617327705995,0.000724700017599389
1416,DI,250,1997,3,73,9.945823981129542e-15,1.887379141862766e-15,0.003401299996767193
1417,WMI,250,1997,3,73,1.0166306210082644e-14,1.7763568394002505e-15,0.00018969998927786946
1418,ISM,250,1997,3,73,0.22231406050646646,0.006924617327705995,0.0004056000034324825
1419,DI,250,1997,3,74,9.945823981129542e-15,1.887379141862766e-15,0.0035820999764837325
1420,WMI,250,1997,3,74,1.0166306210082644e-14,1.7763568394002505e-15,0.0001680999994277954
1421,ISM,250,1997,3,74,0.22231406050646646,0.006924617327705995,0.00037269998574629426
1422,DI,250,1997,3,75,9.945823981129542e-15,1.887379141862766e-15,0.003716500010341406
1423,WMI,250,1997,3,75,1.0166306210082644e-14,1.7763568394002505e-15,0.00031109998235478997
1424,ISM,250,1997,3,75,0.22231406050646646,0.006924617327705995,0.00037170000723563135
1425,DI,250,1997,3,76,9.945823981129542e-15,1.887379141862766e-15,0.003410500008612871
1426,WMI,250,1997,3,76,1.0166306210082644e-14,1.7763568394002505e-15,0.00029129997710697353
1427,ISM,250,1997,3,76,0.22231406050646646,0.006924617327705995,0.00037560000782832503
1428,DI,250,1997,3,77,9.945823981129542e-15,1.887379141862766e-15,0.0035899000067729503
1429,WMI,250,1997,3,77,1.0166306210082644e-14,1.7763568394002505e-15,0.00029749999521300197
1430,ISM,250,1997,3,77,0.22231406050646646,0.006924617327705995,0.0003786000015679747
1431,DI,250,1997,3,78,9.945823981129542e-15,1.887379141862766e-15,0.0035358000022824854
1432,WMI,250,1997,3,78,1.0166306210082644e-14,1.7763568394002505e-15,0.0003000000142492354
1433,ISM,250,1997,3,78,0.22231406050646646,0.006924617327705995,0.00036970002111047506
1434,DI,250,1997,3,79,9.945823981129542e-15,1.887379141862766e-15,0.003704500006278977
1435,WMI,250,1997,3,79,1.0166306210082644e-14,1.7763568394002505e-15,0.00027400001999922097
1436,ISM,250,1997,3,79,0.22231406050646646,0.006924617327705995,0.0003586999955587089
1437,DI,250,1997,3,80,9.945823981129542e-15,1.887379141862766e-15,0.0034354000235907733
1438,WMI,250,1997,3,80,1.0166306210082644e-14,1.7763568394002505e-15,0.00028459998429752886
1439,ISM,250,1997,3,80,0.22231406050646646,0.006924617327705995,0.0008391000155825168
1440,DI,250,1997,3,81,9.945823981129542e-15,1.887379141862766e-15,0.003573800000594929
1441,WMI,250,1997,3,81,1.0166306210082644e-14,1.7763568394002505e-15,0.000172999978531152
1442,ISM,250,1997,3,81,0.22231406050646646,0.006924617327705995,0.0003677000058814883
1443,DI,250,1997,3,82,9.945823981129542e-15,1.887379141862766e-15,0.0037619999784510583
1444,WMI,250,1997,3,82,1.0166306210082644e-14,1.7763568394002505e-15,0.00017819998902268708
1445,ISM,250,1997,3,82,0.22231406050646646,0.006924617327705995,0.00037299998803064227
1446,DI,250,1997,3,83,9.945823981129542e-15,1.887379141862766e-15,0.0034511999983806163
1447,WMI,250,1997,3,83,1.0166306210082644e-14,1.7763568394002505e-15,0.00016840000171214342
1448,ISM,250,1997,3,83,0.22231406050646646,0.006924617327705995,0.00036349997390061617
1449,DI,250,1997,3,84,9.945823981129542e-15,1.887379141862766e-15,0.003316999995149672
1450,WMI,250,1997,3,84,1.0166306210082644e-14,1.7763568394002505e-15,0.0001626000157557428
1451,ISM,250,1997,3,84,0.22231406050646646,0.006924617327705995,0.0007519999926444143
1452,DI,250,1997,3,85,9.945823981129542e-15,1.887379141862766e-15,0.0033356999920215458
1453,WMI,250,1997,3,85,1.0166306210082644e-14,1.7763568394002505e-15,0.00015759997768327594
1454,ISM,250,1997,3,85,0.22231406050646646,0.006924617327705995,0.000364200008334592
1455,DI,250,1997,3,86,9.945823981129542e-15,1.887379141862766e-15,0.0033408000017516315
1456,WMI,250,1997,3,86,1.0166306210082644e-14,1.7763568394002505e-15,0.00016300001880154014
1457,ISM,250,1997,3,86,0.22231406050646646,0.006924617327705995,0.0007817999867256731
1458,DI,250,1997,3,87,9.945823981129542e-15,1.887379141862766e-15,0.00356919999467209
1459,WMI,250,1997,3,87,1.0166306210082644e-14,1.7763568394002505e-15,0.00016909997793845832
1460,ISM,250,1997,3,87,0.22231406050646646,0.006924617327705995,0.00036609999369829893
1461,DI,250,1997,3,88,9.945823981129542e-15,1.887379141862766e-15,0.004981799982488155
1462,WMI,250,1997,3,88,1.0166306210082644e-14,1.7763568394002505e-15,0.00031380000291392207
1463,ISM,250,1997,3,88,0.22231406050646646,0.006924617327705995,0.00037769999471493065
1464,DI,250,1997,3,89,9.945823981129542e-15,1.887379141862766e-15,0.0034460999886505306
1465,WMI,250,1997,3,89,1.0166306210082644e-14,1.7763568394002505e-15,0.0001713000237941742
1466,ISM,250,1997,3,89,0.22231406050646646,0.006924617327705995,0.00035930000012740493
1467,DI,250,1997,3,90,9.945823981129542e-15,1.887379141862766e-15,0.003670700010843575
1468,WMI,250,1997,3,90,1.0166306210082644e-14,1.7763568394002505e-15,0.00018620002083480358
1469,ISM,250,1997,3,90,0.22231406050646646,0.006924617327705995,0.000375000003259629
1470,DI,250,1997,3,91,9.945823981129542e-15,1.887379141862766e-15,0.003649499994935468
1471,WMI,250,1997,3,91,1.0166306210082644e-14,1.7763568394002505e-15,0.0001737999846227467
1472,ISM,250,1997,3,91,0.22231406050646646,0.006924617327705995,0.0003595000016503036
1473,DI,250,1997,3,92,9.945823981129542e-15,1.887379141862766e-15,0.0035222000151406974
1474,WMI,250,1997,3,92,1.0166306210082644e-14,1.7763568394002505e-15,0.0004980000085197389
1475,ISM,250,1997,3,92,0.22231406050646646,0.006924617327705995,0.0008123999868985265
1476,DI,250,1997,3,93,9.945823981129542e-15,1.887379141862766e-15,0.003902700002072379
1477,WMI,250,1997,3,93,1.0166306210082644e-14,1.7763568394002505e-15,0.0001858999894466251
1478,ISM,250,1997,3,93,0.22231406050646646,0.006924617327705995,0.000732100015738979
1479,DI,250,1997,3,94,9.945823981129542e-15,1.887379141862766e-15,0.0033798000076785684
1480,WMI,250,1997,3,94,1.0166306210082644e-14,1.7763568394002505e-15,0.000149500003317371
1481,ISM,250,1997,3,94,0.22231406050646646,0.006924617327705995,0.00041710000368766487
1482,DI,250,1997,3,95,9.945823981129542e-15,1.887379141862766e-15,0.004296500002965331
1483,WMI,250,1997,3,95,1.0166306210082644e-14,1.7763568394002505e-15,0.0001713000237941742
1484,ISM,250,1997,3,95,0.22231406050646646,0.006924617327705995,0.00035960000241175294
1485,DI,250,1997,3,96,9.945823981129542e-15,1.887379141862766e-15,0.0035244000027887523
1486,WMI,250,1997,3,96,1.0166306210082644e-14,1.7763568394002505e-15,0.00015040001017041504
1487,ISM,250,1997,3,96,0.22231406050646646,0.006924617327705995,0.000759599992306903
1488,DI,250,1997,3,97,9.945823981129542e-15,1.887379141862766e-15,0.0035528999869711697
1489,WMI,250,1997,3,97,1.0166306210082644e-14,1.7763568394002505e-15,0.00018500001169741154
1490,ISM,250,1997,3,97,0.22231406050646646,0.006924617327705995,0.000367900007404387
1491,DI,250,1997,3,98,9.945823981129542e-15,1.887379141862766e-15,0.0034229999873787165
1492,WMI,250,1997,3,98,1.0166306210082644e-14,1.7763568394002505e-15,0.0003273999900557101
1493,ISM,250,1997,3,98,0.22231406050646646,0.006924617327705995,0.0007566999993287027
1494,DI,250,1997,3,99,9.945823981129542e-15,1.887379141862766e-15,0.0033073000086005777
1495,WMI,250,1997,3,99,1.0166306210082644e-14,1.7763568394002505e-15,0.00031120001222006977
1496,ISM,250,1997,3,99,0.22231406050646646,0.006924617327705995,0.0007597000221721828
1497,DI,250,1997,3,100,9.945823981129542e-15,1.887379141862766e-15,0.0037641999952029437
1498,WMI,250,1997,3,100,1.0166306210082644e-14,1.7763568394002505e-15,0.0005122000002302229
1499,ISM,250,1997,3,100,0.22231406050646646,0.006924617327705995,0.0007699000125285238
1500,DI,250,1997,3,101,9.945823981129542e-15,1.887379141862766e-15,0.003698199987411499
1501,WMI,250,1997,3,101,1.0166306210082644e-14,1.7763568394002505e-15,0.0002874000056181103
1502,ISM,250,1997,3,101,0.22231406050646646,0.006924617327705995,0.0007549000147264451
1503,DI,250,1997,3,102,9.945823981129542e-15,1.887379141862766e-15,0.0035592999774962664
1504,WMI,250,1997,3,102,1.0166306210082644e-14,1.7763568394002505e-15,0.0001736000122036785
1505,ISM,250,1997,3,102,0.22231406050646646,0.006924617327705995,0.0003597000031732023
1506,DI,250,1997,3,103,9.945823981129542e-15,1.887379141862766e-15,0.003504299995256588
1507,WMI,250,1997,3,103,1.0166306210082644e-14,1.7763568394002505e-15,0.0003318000235594809
1508,ISM,250,1997,3,103,0.22231406050646646,0.006924617327705995,0.000770099984947592
1509,DI,250,1997,3,104,9.945823981129542e-15,1.887379141862766e-15,0.003413200000068173
1510,WMI,250,1997,3,104,1.0166306210082644e-14,1.7763568394002505e-15,0.00019809999503195286
1511,ISM,250,1997,3,104,0.22231406050646646,0.006924617327705995,0.00037379999412223697
1512,DI,250,1997,3,105,9.945823981129542e-15,1.887379141862766e-15,0.003444600006332621
1513,WMI,250,1997,3,105,1.0166306210082644e-14,1.7763568394002505e-15,0.0001626000157557428
1514,ISM,250,1997,3,105,0.22231406050646646,0.006924617327705995,0.00037269998574629426
1515,DI,250,1997,3,106,9.945823981129542e-15,1.887379141862766e-15,0.003431499993894249
1516,WMI,250,1997,3,106,1.0166306210082644e-14,1.7763568394002505e-15,0.00026500000967644155
1517,ISM,250,1997,3,106,0.22231406050646646,0.006924617327705995,0.0007276000105775893
1518,DI,250,1997,3,107,9.945823981129542e-15,1.887379141862766e-15,0.0037084999785292894
1519,WMI,250,1997,3,107,1.0166306210082644e-14,1.7763568394002505e-15,0.00027879999834112823
1520,ISM,250,1997,3,107,0.22231406050646646,0.006924617327705995,0.0007427000091411173
1521,DI,250,1997,3,108,9.945823981129542e-15,1.887379141862766e-15,0.003916699992259964
1522,WMI,250,1997,3,108,1.0166306210082644e-14,1.7763568394002505e-15,0.000302100001135841
1523,ISM,250,1997,3,108,0.22231406050646646,0.006924617327705995,0.0003730999887920916
1524,DI,250,1997,3,109,9.945823981129542e-15,1.887379141862766e-15,0.0037394000100903213
1525,WMI,250,1997,3,109,1.0166306210082644e-14,1.7763568394002505e-15,0.00028279999969527125
1526,ISM,250,1997,3,109,0.22231406050646646,0.006924617327705995,0.00036249999538995326
1527,DI,250,1997,3,110,9.945823981129542e-15,1.887379141862766e-15,0.0033956999832298607
1528,WMI,250,1997,3,110,1.0166306210082644e-14,1.7763568394002505e-15,0.00030610000248998404
1529,ISM,250,1997,3,110,0.22231406050646646,0.006924617327705995,0.0003835999814327806
1530,DI,250,1997,3,111,9.945823981129542e-15,1.887379141862766e-15,0.0034303000138606876
1531,WMI,250,1997,3,111,1.0166306210082644e-14,1.7763568394002505e-15,0.0003099000023212284
1532,ISM,250,1997,3,111,0.22231406050646646,0.006924617327705995,0.00036380000528879464
1533,DI,250,1997,3,112,9.945823981129542e-15,1.887379141862766e-15,0.003404600021895021
1534,WMI,250,1997,3,112,1.0166306210082644e-14,1.7763568394002505e-15,0.00016900000628083944
1535,ISM,250,1997,3,112,0.22231406050646646,0.006924617327705995,0.000374700000975281
1536,DI,250,1997,3,113,9.945823981129542e-15,1.887379141862766e-15,0.0032328999950550497
1537,WMI,250,1997,3,113,1.0166306210082644e-14,1.7763568394002505e-15,0.00019710001652128994
1538,ISM,250,1997,3,113,0.22231406050646646,0.006924617327705995,0.0007247999892570078
1539,DI,250,1997,3,114,9.945823981129542e-15,1.887379141862766e-15,0.003659300011349842
1540,WMI,250,1997,3,114,1.0166306210082644e-14,1.7763568394002505e-15,0.000215600011870265
1541,ISM,250,1997,3,114,0.22231406050646646,0.006924617327705995,0.000357700017048046
1542,DI,250,1997,3,115,9.945823981129542e-15,1.887379141862766e-15,0.0037770000053569674
1543,WMI,250,1997,3,115,1.0166306210082644e-14,1.7763568394002505e-15,0.0001776999852154404
1544,ISM,250,1997,3,115,0.22231406050646646,0.006924617327705995,0.00036689999978989363
1545,DI,250,1997,3,116,9.945823981129542e-15,1.887379141862766e-15,0.003402700007427484
1546,WMI,250,1997,3,116,1.0166306210082644e-14,1.7763568394002505e-15,0.00032220000866800547
1547,ISM,250,1997,3,116,0.22231406050646646,0.006924617327705995,0.0008271999831777066
1548,DI,250,1997,3,117,9.945823981129542e-15,1.887379141862766e-15,0.004080899991095066
1549,WMI,250,1997,3,117,1.0166306210082644e-14,1.7763568394002505e-15,0.00029940000968053937
1550,ISM,250,1997,3,117,0.22231406050646646,0.006924617327705995,0.000753100001020357
1551,DI,250,1997,3,118,9.945823981129542e-15,1.887379141862766e-15,0.004751699976623058
1552,WMI,250,1997,3,118,1.0166306210082644e-14,1.7763568394002505e-15,0.00036440000985749066
1553,ISM,250,1997,3,118,0.22231406050646646,0.006924617327705995,0.0008150000066962093
1554,DI,250,1997,3,119,9.945823981129542e-15,1.887379141862766e-15,0.004872299992712215
1555,WMI,250,1997,3,119,1.0166306210082644e-14,1.7763568394002505e-15,0.0003724999842233956
1556,ISM,250,1997,3,119,0.22231406050646646,0.006924617327705995,0.0008083000138867646
1557,DI,250,1997,3,120,9.945823981129542e-15,1.887379141862766e-15,0.004753499990329146
1558,WMI,250,1997,3,120,1.0166306210082644e-14,1.7763568394002505e-15,0.00029669998912140727
1559,ISM,250,1997,3,120,0.22231406050646646,0.006924617327705995,0.0007880000048317015
1560,DI,250,1997,3,121,9.945823981129542e-15,1.887379141862766e-15,0.0044858999899588525
1561,WMI,250,1997,3,121,1.0166306210082644e-14,1.7763568394002505e-15,0.0003355999942868948
1562,ISM,250,1997,3,121,0.22231406050646646,0.006924617327705995,0.0007688000041525811
1563,DI,250,1997,3,122,9.945823981129542e-15,1.887379141862766e-15,0.004709000000730157
1564,WMI,250,1997,3,122,1.0166306210082644e-14,1.7763568394002505e-15,0.000301199994282797
1565,ISM,250,1997,3,122,0.22231406050646646,0.006924617327705995,0.0007519999926444143
1566,DI,250,1997,3,123,9.945823981129542e-15,1.887379141862766e-15,0.004453100002137944
1567,WMI,250,1997,3,123,1.0166306210082644e-14,1.7763568394002505e-15,0.0003352999920025468
1568,ISM,250,1997,3,123,0.22231406050646646,0.006924617327705995,0.0008854999905452132
1569,DI,250,1997,3,124,9.945823981129542e-15,1.887379141862766e-15,0.004611199983628467
1570,WMI,250,1997,3,124,1.0166306210082644e-14,1.7763568394002505e-15,0.0002997000119648874
1571,ISM,250,1997,3,124,0.22231406050646646,0.006924617327705995,0.0007474999874830246
1572,DI,250,1997,3,125,9.945823981129542e-15,1.887379141862766e-15,0.004512399988016114
1573,WMI,250,1997,3,125,1.0166306210082644e-14,1.7763568394002505e-15,0.00040370001806877553
1574,ISM,250,1997,3,125,0.22231406050646646,0.006924617327705995,0.0009605000086594373
1575,DI,250,1997,3,126,9.945823981129542e-15,1.887379141862766e-15,0.004548400000203401
1576,WMI,250,1997,3,126,1.0166306210082644e-14,1.7763568394002505e-15,0.0003260000084992498
1577,ISM,250,1997,3,126,0.22231406050646646,0.006924617327705995,0.0007979999936651438
1578,DI,250,1997,3,127,9.945823981129542e-15,1.887379141862766e-15,0.004999400000087917
1579,WMI,250,1997,3,127,1.0166306210082644e-14,1.7763568394002505e-15,0.0002975999959744513
1580,ISM,250,1997,3,127,0.22231406050646646,0.006924617327705995,0.0007703000155743212
1581,DI,250,1997,3,128,9.945823981129542e-15,1.887379141862766e-15,0.00452340001356788
1582,WMI,250,1997,3,128,1.0166306210082644e-14,1.7763568394002505e-15,0.00028589999419637024
1583,ISM,250,1997,3,128,0.22231406050646646,0.006924617327705995,0.0007425999792758375
1584,DI,250,1997,3,129,9.945823981129542e-15,1.887379141862766e-15,0.004651700000977144
1585,WMI,250,1997,3,129,1.0166306210082644e-14,1.7763568394002505e-15,0.00028399997972883284
1586,ISM,250,1997,3,129,0.22231406050646646,0.006924617327705995,0.0007542000093962997
1587,DI,250,1997,3,130,9.945823981129542e-15,1.887379141862766e-15,0.005013099987991154
1588,WMI,250,1997,3,130,1.0166306210082644e-14,1.7763568394002505e-15,0.00032369999098591506
1589,ISM,250,1997,3,130,0.22231406050646646,0.006924617327705995,0.0008147000044118613
1590,DI,250,1997,3,131,9.945823981129542e-15,1.887379141862766e-15,0.0049455999978818
1591,WMI,250,1997,3,131,1.0166306210082644e-14,1.7763568394002505e-15,0.00032550000469200313
1592,ISM,250,1997,3,131,0.22231406050646646,0.006924617327705995,0.0008110999769996852
1593,DI,250,1997,3,132,9.945823981129542e-15,1.887379141862766e-15,0.005290100001730025
1594,WMI,250,1997,3,132,1.0166306210082644e-14,1.7763568394002505e-15,0.0003064999764319509
1595,ISM,250,1997,3,132,0.22231406050646646,0.006924617327705995,0.000745400000596419
1596,DI,250,1997,3,133,9.945823981129542e-15,1.887379141862766e-15,0.005503199994564056
1597,WMI,250,1997,3,133,1.0166306210082644e-14,1.7763568394002505e-15,0.00035000001662410796
1598,ISM,250,1997,3,133,0.22231406050646646,0.006924617327705995,0.0007402999908663332
1599,DI,250,1997,3,134,9.945823981129542e-15,1.887379141862766e-15,0.005351300002075732
1600,WMI,250,1997,3,134,1.0166306210082644e-14,1.7763568394002505e-15,0.0003358999965712428
1601,ISM,250,1997,3,134,0.22231406050646646,0.006924617327705995,0.0007932000153232366
1602,DI,250,1997,3,135,9.945823981129542e-15,1.887379141862766e-15,0.005250399990472943
1603,WMI,250,1997,3,135,1.0166306210082644e-14,1.7763568394002505e-15,0.00023399997735396028
1604,ISM,250,1997,3,135,0.22231406050646646,0.006924617327705995,0.00043810001807287335
1605,DI,250,1997,3,136,9.945823981129542e-15,1.887379141862766e-15,0.004654199990909547
1606,WMI,250,1997,3,136,1.0166306210082644e-14,1.7763568394002505e-15,0.00016580001101829112
1607,ISM,250,1997,3,136,0.22231406050646646,0.006924617327705995,0.001003599987598136
1608,DI,250,1997,3,137,9.945823981129542e-15,1.887379141862766e-15,0.004120099998544902
1609,WMI,250,1997,3,137,1.0166306210082644e-14,1.7763568394002505e-15,0.00015410000924021006
1610,ISM,250,1997,3,137,0.22231406050646646,0.006924617327705995,0.00048019998939707875
1611,DI,250,1997,3,138,9.945823981129542e-15,1.887379141862766e-15,0.0037419000000227243
1612,WMI,250,1997,3,138,1.0166306210082644e-14,1.7763568394002505e-15,0.00015999999595806003
1613,ISM,250,1997,3,138,0.22231406050646646,0.006924617327705995,0.0003429999924264848
1614,DI,250,1997,3,139,9.945823981129542e-15,1.887379141862766e-15,0.003566100000170991
1615,WMI,250,1997,3,139,1.0166306210082644e-14,1.7763568394002505e-15,0.00016309999045915902
1616,ISM,250,1997,3,139,0.22231406050646646,0.006924617327705995,0.0003515999997034669
1617,DI,250,1997,3,140,9.945823981129542e-15,1.887379141862766e-15,0.0038890000141691417
1618,WMI,250,1997,3,140,1.0166306210082644e-14,1.7763568394002505e-15,0.00016900000628083944
1619,ISM,250,1997,3,140,0.22231406050646646,0.006924617327705995,0.0007339000003412366
1620,DI,250,1997,3,141,9.945823981129542e-15,1.887379141862766e-15,0.0038295999984256923
1621,WMI,250,1997,3,141,1.0166306210082644e-14,1.7763568394002505e-15,0.00037850000080652535
1622,ISM,250,1997,3,141,0.22231406050646646,0.006924617327705995,0.0008640000014565885
1623,DI,250,1997,3,142,9.945823981129542e-15,1.887379141862766e-15,0.003581199998734519
1624,WMI,250,1997,3,142,1.0166306210082644e-14,1.7763568394002505e-15,0.00016060000052675605
1625,ISM,250,1997,3,142,0.22231406050646646,0.006924617327705995,0.0003623999946285039
1626,DI,250,1997,3,143,9.945823981129542e-15,1.887379141862766e-15,0.004071800009114668
1627,WMI,250,1997,3,143,1.0166306210082644e-14,1.7763568394002505e-15,0.00019500000053085387
1628,ISM,250,1997,3,143,0.22231406050646646,0.006924617327705995,0.00035099999513477087
1629,DI,250,1997,3,144,9.945823981129542e-15,1.887379141862766e-15,0.0036445999867282808
1630,WMI,250,1997,3,144,1.0166306210082644e-14,1.7763568394002505e-15,0.00014699998428113759
1631,ISM,250,1997,3,144,0.22231406050646646,0.006924617327705995,0.00034569998388178647
1632,DI,250,1997,3,145,9.945823981129542e-15,1.887379141862766e-15,0.003593999979784712
1633,WMI,250,1997,3,145,1.0166306210082644e-14,1.7763568394002505e-15,0.00019839999731630087
1634,ISM,250,1997,3,145,0.22231406050646646,0.006924617327705995,0.0003510999958962202
1635,DI,250,1997,3,146,9.945823981129542e-15,1.887379141862766e-15,0.0034632000024430454
1636,WMI,250,1997,3,146,1.0166306210082644e-14,1.7763568394002505e-15,0.00014379998901858926
1637,ISM,250,1997,3,146,0.22231406050646646,0.006924617327705995,0.00034849997609853745
1638,DI,250,1997,3,147,9.945823981129542e-15,1.887379141862766e-15,0.0037065999931655824
1639,WMI,250,1997,3,147,1.0166306210082644e-14,1.7763568394002505e-15,0.00029850000282749534
1640,ISM,250,1997,3,147,0.22231406050646646,0.006924617327705995,0.0003735999925993383
1641,DI,250,1997,3,148,9.945823981129542e-15,1.887379141862766e-15,0.00349960001767613
1642,WMI,250,1997,3,148,1.0166306210082644e-14,1.7763568394002505e-15,0.00030869999318383634
1643,ISM,250,1997,3,148,0.22231406050646646,0.006924617327705995,0.0003488000074867159
1644,DI,250,1997,3,149,9.945823981129542e-15,1.887379141862766e-15,0.0036025000154040754
1645,WMI,250,1997,3,149,1.0166306210082644e-14,1.7763568394002505e-15,0.000288800016278401
1646,ISM,250,1997,3,149,0.22231406050646646,0.006924617327705995,0.0007715999963693321
1647,DI,250,1997,3,150,9.945823981129542e-15,1.887379141862766e-15,0.0034357999975327402
1648,WMI,250,1997,3,150,1.0166306210082644e-14,1.7763568394002505e-15,0.00028349997592158616
1649,ISM,250,1997,3,150,0.22231406050646646,0.006924617327705995,0.00037719999090768397
1650,DI,250,1997,3,151,9.945823981129542e-15,1.887379141862766e-15,0.0036325999826658517
1651,WMI,250,1997,3,151,1.0166306210082644e-14,1.7763568394002505e-15,0.0004885999951511621
1652,ISM,250,1997,3,151,0.22231406050646646,0.006924617327705995,0.0007182999979704618
1653,DI,250,1997,3,152,9.945823981129542e-15,1.887379141862766e-15,0.0036219999892637134
1654,WMI,250,1997,3,152,1.0166306210082644e-14,1.7763568394002505e-15,0.0002727000101003796
1655,ISM,250,1997,3,152,0.22231406050646646,0.006924617327705995,0.00035620000562630594
1656,DI,250,1997,3,153,9.945823981129542e-15,1.887379141862766e-15,0.0034707000013440847
1657,WMI,250,1997,3,153,1.0166306210082644e-14,1.7763568394002505e-15,0.00018709999858401716
1658,ISM,250,1997,3,153,0.22231406050646646,0.006924617327705995,0.0007231000054161996
1659,DI,250,1997,3,154,9.945823981129542e-15,1.887379141862766e-15,0.0037118000036571175
1660,WMI,250,1997,3,154,1.0166306210082644e-14,1.7763568394002505e-15,0.0001638999965507537
1661,ISM,250,1997,3,154,0.22231406050646646,0.006924617327705995,0.0007039000047370791
1662,DI,250,1997,3,155,9.945823981129542e-15,1.887379141862766e-15,0.003671000013127923
1663,WMI,250,1997,3,155,1.0166306210082644e-14,1.7763568394002505e-15,0.00026220001745969057
1664,ISM,250,1997,3,155,0.22231406050646646,0.006924617327705995,0.00035099999513477087
1665,DI,250,1997,3,156,9.945823981129542e-15,1.887379141862766e-15,0.004147300001932308
1666,WMI,250,1997,3,156,1.0166306210082644e-14,1.7763568394002505e-15,0.00020119998953305185
1667,ISM,250,1997,3,156,0.22231406050646646,0.006924617327705995,0.0009395999950356781
1668,DI,250,1997,3,157,9.945823981129542e-15,1.887379141862766e-15,0.003976200008764863
1669,WMI,250,1997,3,157,1.0166306210082644e-14,1.7763568394002505e-15,0.00031319999834522605
1670,ISM,250,1997,3,157,0.22231406050646646,0.006924617327705995,0.0009724999836180359
1671,DI,250,1997,3,158,9.945823981129542e-15,1.887379141862766e-15,0.0041812999988906085
1672,WMI,250,1997,3,158,1.0166306210082644e-14,1.7763568394002505e-15,0.00018390000332146883
1673,ISM,250,1997,3,158,0.22231406050646646,0.006924617327705995,0.0007679999980609864
1674,DI,250,1997,3,159,9.945823981129542e-15,1.887379141862766e-15,0.003938900015782565
1675,WMI,250,1997,3,159,1.0166306210082644e-14,1.7763568394002505e-15,0.00028910001856274903
1676,ISM,250,1997,3,159,0.22231406050646646,0.006924617327705995,0.0008338000043295324
1677,DI,250,1997,3,160,9.945823981129542e-15,1.887379141862766e-15,0.004230599995935336
1678,WMI,250,1997,3,160,1.0166306210082644e-14,1.7763568394002505e-15,0.00019600000814534724
1679,ISM,250,1997,3,160,0.22231406050646646,0.006924617327705995,0.0005686999938916415
1680,DI,250,1997,3,161,9.945823981129542e-15,1.887379141862766e-15,0.0038176999951247126
1681,WMI,250,1997,3,161,1.0166306210082644e-14,1.7763568394002505e-15,0.00019340001745149493
1682,ISM,250,1997,3,161,0.22231406050646646,0.006924617327705995,0.0007658000104129314
1683,DI,250,1997,3,162,9.945823981129542e-15,1.887379141862766e-15,0.003652899991720915
1684,WMI,250,1997,3,162,1.0166306210082644e-14,1.7763568394002505e-15,0.0001832999987527728
1685,ISM,250,1997,3,162,0.22231406050646646,0.006924617327705995,0.0003559999749995768
1686,DI,250,1997,3,163,9.945823981129542e-15,1.887379141862766e-15,0.0037195000040810555
1687,WMI,250,1997,3,163,1.0166306210082644e-14,1.7763568394002505e-15,0.0004042000218760222
1688,ISM,250,1997,3,163,0.22231406050646646,0.006924617327705995,0.00035859999479725957
1689,DI,250,1997,3,164,9.945823981129542e-15,1.887379141862766e-15,0.003621899988502264
1690,WMI,250,1997,3,164,1.0166306210082644e-14,1.7763568394002505e-15,0.00034240001696161926
1691,ISM,250,1997,3,164,0.22231406050646646,0.006924617327705995,0.0007671999919693917
1692,DI,250,1997,3,165,9.945823981129542e-15,1.887379141862766e-15,0.0034605000109877437
1693,WMI,250,1997,3,165,1.0166306210082644e-14,1.7763568394002505e-15,0.0001635999942664057
1694,ISM,250,1997,3,165,0.22231406050646646,0.006924617327705995,0.0003680999798234552
1695,DI,250,1997,3,166,9.945823981129542e-15,1.887379141862766e-15,0.003340399998705834
1696,WMI,250,1997,3,166,1.0166306210082644e-14,1.7763568394002505e-15,0.00016900000628083944
1697,ISM,250,1997,3,166,0.22231406050646646,0.006924617327705995,0.0007332000241149217
1698,DI,250,1997,3,167,9.945823981129542e-15,1.887379141862766e-15,0.003592299995943904
1699,WMI,250,1997,3,167,1.0166306210082644e-14,1.7763568394002505e-15,0.00017370001296512783
1700,ISM,250,1997,3,167,0.22231406050646646,0.006924617327705995,0.0007467000104952604
1701,DI,250,1997,3,168,9.945823981129542e-15,1.887379141862766e-15,0.003492999996524304
1702,WMI,250,1997,3,168,1.0166306210082644e-14,1.7763568394002505e-15,0.0001880000054370612
1703,ISM,250,1997,3,168,0.22231406050646646,0.006924617327705995,0.0004181999829597771
1704,DI,250,1997,3,169,9.945823981129542e-15,1.887379141862766e-15,0.0034524000075180084
1705,WMI,250,1997,3,169,1.0166306210082644e-14,1.7763568394002505e-15,0.00016510000568814576
1706,ISM,250,1997,3,169,0.22231406050646646,0.006924617327705995,0.0003671000013127923
1707,DI,250,1997,3,170,9.945823981129542e-15,1.887379141862766e-15,0.003431099990848452
1708,WMI,250,1997,3,170,1.0166306210082644e-14,1.7763568394002505e-15,0.00027630000840872526
1709,ISM,250,1997,3,170,0.22231406050646646,0.006924617327705995,0.00036279999767430127
1710,DI,250,1997,3,171,9.945823981129542e-15,1.887379141862766e-15,0.003666199976578355
1711,WMI,250,1997,3,171,1.0166306210082644e-14,1.7763568394002505e-15,0.0001652000064495951
1712,ISM,250,1997,3,171,0.22231406050646646,0.006924617327705995,0.0003643000090960413
1713,DI,250,1997,3,172,9.945823981129542e-15,1.887379141862766e-15,0.003976400010287762
1714,WMI,250,1997,3,172,1.0166306210082644e-14,1.7763568394002505e-15,0.00047840000479482114
1715,ISM,250,1997,3,172,0.22231406050646646,0.006924617327705995,0.0006456999981310219
1716,DI,250,1997,3,173,9.945823981129542e-15,1.887379141862766e-15,0.004319500003475696
1717,WMI,250,1997,3,173,1.0166306210082644e-14,1.7763568394002505e-15,0.0001998000079765916
1718,ISM,250,1997,3,173,0.22231406050646646,0.006924617327705995,0.0004427999956533313
1719,DI,250,1997,3,174,9.945823981129542e-15,1.887379141862766e-15,0.004047399997944012
1720,WMI,250,1997,3,174,1.0166306210082644e-14,1.7763568394002505e-15,0.00016960001084953547
1721,ISM,250,1997,3,174,0.22231406050646646,0.006924617327705995,0.0003612999862525612
1722,DI,250,1997,3,175,9.945823981129542e-15,1.887379141862766e-15,0.003357999987201765
1723,WMI,250,1997,3,175,1.0166306210082644e-14,1.7763568394002505e-15,0.00015690000145696104
1724,ISM,250,1997,3,175,0.22231406050646646,0.006924617327705995,0.00035609997576102614
1725,DI,250,1997,3,176,9.945823981129542e-15,1.887379141862766e-15,0.0035205000021960586
1726,WMI,250,1997,3,176,1.0166306210082644e-14,1.7763568394002505e-15,0.00016349999350495636
1727,ISM,250,1997,3,176,0.22231406050646646,0.006924617327705995,0.00035860002390109
1728,DI,250,1997,3,177,9.945823981129542e-15,1.887379141862766e-15,0.004282100009731948
1729,WMI,250,1997,3,177,1.0166306210082644e-14,1.7763568394002505e-15,0.0003448000061325729
1730,ISM,250,1997,3,177,0.22231406050646646,0.006924617327705995,0.0007939999923110008
1731,DI,250,1997,3,178,9.945823981129542e-15,1.887379141862766e-15,0.003724200010765344
1732,WMI,250,1997,3,178,1.0166306210082644e-14,1.7763568394002505e-15,0.0003415999817661941
1733,ISM,250,1997,3,178,0.22231406050646646,0.006924617327705995,0.00037980001070536673
1734,DI,250,1997,3,179,9.945823981129542e-15,1.887379141862766e-15,0.004248000012012199
1735,WMI,250,1997,3,179,1.0166306210082644e-14,1.7763568394002505e-15,0.0003535999858286232
1736,ISM,250,1997,3,179,0.22231406050646646,0.006924617327705995,0.00040820002323016524
1737,DI,250,1997,3,180,9.945823981129542e-15,1.887379141862766e-15,0.004157699993811548
1738,WMI,250,1997,3,180,1.0166306210082644e-14,1.7763568394002505e-15,0.0003364000003784895
1739,ISM,250,1997,3,180,0.22231406050646646,0.006924617327705995,0.0007793999975547194
1740,DI,250,1997,3,181,9.945823981129542e-15,1.887379141862766e-15,0.0036721999931614846
1741,WMI,250,1997,3,181,1.0166306210082644e-14,1.7763568394002505e-15,0.00028649999876506627
1742,ISM,250,1997,3,181,0.22231406050646646,0.006924617327705995,0.0007400999893434346
1743,DI,250,1997,3,182,9.945823981129542e-15,1.887379141862766e-15,0.0034524000075180084
1744,WMI,250,1997,3,182,1.0166306210082644e-14,1.7763568394002505e-15,0.0001908999984152615
1745,ISM,250,1997,3,182,0.22231406050646646,0.006924617327705995,0.0007607000006828457
1746,DI,250,1997,3,183,9.945823981129542e-15,1.887379141862766e-15,0.0036675999872386456
1747,WMI,250,1997,3,183,1.0166306210082644e-14,1.7763568394002505e-15,0.00017400001524947584
1748,ISM,250,1997,3,183,0.22231406050646646,0.006924617327705995,0.0007425000076182187
1749,DI,250,1997,3,184,9.945823981129542e-15,1.887379141862766e-15,0.0033097999985329807
1750,WMI,250,1997,3,184,1.0166306210082644e-14,1.7763568394002505e-15,0.00015199999324977398
1751,ISM,250,1997,3,184,0.22231406050646646,0.006924617327705995,0.0007847000088077039
1752,DI,250,1997,3,185,9.945823981129542e-15,1.887379141862766e-15,0.0041535000200383365
1753,WMI,250,1997,3,185,1.0166306210082644e-14,1.7763568394002505e-15,0.0001723000023048371
1754,ISM,250,1997,3,185,0.22231406050646646,0.006924617327705995,0.0007343000033870339
1755,DI,250,1997,3,186,9.945823981129542e-15,1.887379141862766e-15,0.0037443000182975084
1756,WMI,250,1997,3,186,1.0166306210082644e-14,1.7763568394002505e-15,0.00014799999189563096
1757,ISM,250,1997,3,186,0.22231406050646646,0.006924617327705995,0.0007402999908663332
1758,DI,250,1997,3,187,9.945823981129542e-15,1.887379141862766e-15,0.004103699990082532
1759,WMI,250,1997,3,187,1.0166306210082644e-14,1.7763568394002505e-15,0.00017410001601092517
1760,ISM,250,1997,3,187,0.22231406050646646,0.006924617327705995,0.00037220001104287803
1761,DI,250,1997,3,188,9.945823981129542e-15,1.887379141862766e-15,0.004112499998882413
1762,WMI,250,1997,3,188,1.0166306210082644e-14,1.7763568394002505e-15,0.00021840000408701599
1763,ISM,250,1997,3,188,0.22231406050646646,0.006924617327705995,0.0003782999992836267
1764,DI,250,1997,3,189,9.945823981129542e-15,1.887379141862766e-15,0.004110100009711459
1765,WMI,250,1997,3,189,1.0166306210082644e-14,1.7763568394002505e-15,0.00044940001680515707
1766,ISM,250,1997,3,189,0.22231406050646646,0.006924617327705995,0.0005284000071696937
1767,DI,250,1997,3,190,9.945823981129542e-15,1.887379141862766e-15,0.004683599981945008
1768,WMI,250,1997,3,190,1.0166306210082644e-14,1.7763568394002505e-15,0.00030189999961294234
1769,ISM,250,1997,3,190,0.22231406050646646,0.006924617327705995,0.0007912000000942498
1770,DI,250,1997,3,191,9.945823981129542e-15,1.887379141862766e-15,0.004614600009517744
1771,WMI,250,1997,3,191,1.0166306210082644e-14,1.7763568394002505e-15,0.000285400019492954
1772,ISM,250,1997,3,191,0.22231406050646646,0.006924617327705995,0.0007823999912943691
1773,DI,250,1997,3,192,9.945823981129542e-15,1.887379141862766e-15,0.004653299984056503
1774,WMI,250,1997,3,192,1.0166306210082644e-14,1.7763568394002505e-15,0.00028130001737736166
1775,ISM,250,1997,3,192,0.22231406050646646,0.006924617327705995,0.0007283999875653535
1776,DI,250,1997,3,193,9.945823981129542e-15,1.887379141862766e-15,0.005305300001055002
1777,WMI,250,1997,3,193,1.0166306210082644e-14,1.7763568394002505e-15,0.00032259998260997236
1778,ISM,250,1997,3,193,0.22231406050646646,0.006924617327705995,0.0007270999776665121
1779,DI,250,1997,3,194,9.945823981129542e-15,1.887379141862766e-15,0.0051500999834388494
1780,WMI,250,1997,3,194,1.0166306210082644e-14,1.7763568394002505e-15,0.0002857999934349209
1781,ISM,250,1997,3,194,0.22231406050646646,0.006924617327705995,0.0007342999742832035
1782,DI,250,1997,3,195,9.945823981129542e-15,1.887379141862766e-15,0.004695400013588369
1783,WMI,250,1997,3,195,1.0166306210082644e-14,1.7763568394002505e-15,0.0002663999912329018
1784,ISM,250,1997,3,195,0.22231406050646646,0.006924617327705995,0.0005153999954927713
1785,DI,250,1997,3,196,9.945823981129542e-15,1.887379141862766e-15,0.004529099998762831
1786,WMI,250,1997,3,196,1.0166306210082644e-14,1.7763568394002505e-15,0.0004886999959126115
1787,ISM,250,1997,3,196,0.22231406050646646,0.006924617327705995,0.0007578000077046454
1788,DI,250,1997,3,197,9.945823981129542e-15,1.887379141862766e-15,0.004448499996215105
1789,WMI,250,1997,3,197,1.0166306210082644e-14,1.7763568394002505e-15,0.00027459999546408653
1790,ISM,250,1997,3,197,0.22231406050646646,0.006924617327705995,0.0007274999807123095
1791,DI,250,1997,3,198,9.945823981129542e-15,1.887379141862766e-15,0.0046168999979272485
1792,WMI,250,1997,3,198,1.0166306210082644e-14,1.7763568394002505e-15,0.00028379997820593417
1793,ISM,250,1997,3,198,0.22231406050646646,0.006924617327705995,0.0007294000242836773
1794,DI,250,1997,3,199,9.945823981129542e-15,1.887379141862766e-15,0.004110200010472909
1795,WMI,250,1997,3,199,1.0166306210082644e-14,1.7763568394002505e-15,0.0002851999888662249
1796,ISM,250,1997,3,199,0.22231406050646646,0.006924617327705995,0.0007412999984808266
1797,DI,250,1997,3,200,9.945823981129542e-15,1.887379141862766e-15,0.00393959999200888
1798,WMI,250,1997,3,200,1.0166306210082644e-14,1.7763568394002505e-15,0.00017129999469034374
1799,ISM,250,1997,3,200,0.22231406050646646,0.006924617327705995,0.0007382000039797276
1800,DI,250,1996,4,1,9.979231832039713e-15,1.9984014443252818e-15,0.004328900016844273
1801,WMI,250,1996,4,1,1.0128861796795229e-14,1.7763568394002505e-15,0.00016910000704228878
1802,ISM,250,1996,4,1,0.2661360960056744,0.00794331909023338,0.0010104999819304794
1803,DI,250,1996,4,2,9.979231832039713e-15,1.9984014443252818e-15,0.0041705000039655715
1804,WMI,250,1996,4,2,1.0128861796795229e-14,1.7763568394002505e-15,0.00045289998524822295
1805,ISM,250,1996,4,2,0.2661360960056744,0.00794331909023338,0.0004655000229831785
1806,DI,250,1996,4,3,9.979231832039713e-15,1.9984014443252818e-15,0.004514900007052347
1807,WMI,250,1996,4,3,1.0128861796795229e-14,1.7763568394002505e-15,0.0003721000102814287
1808,ISM,250,1996,4,3,0.2661360960056744,0.00794331909023338,0.0004613999917637557
1809,DI,250,1996,4,4,9.979231832039713e-15,1.9984014443252818e-15,0.004408600012538955
1810,WMI,250,1996,4,4,1.0128861796795229e-14,1.7763568394002505e-15,0.0001748999929986894
1811,ISM,250,1996,4,4,0.2661360960056744,0.00794331909023338,0.00046159999328665435
1812,DI,250,1996,4,5,9.979231832039713e-15,1.9984014443252818e-15,0.0038480999937746674
1813,WMI,250,1996,4,5,1.0128861796795229e-14,1.7763568394002505e-15,0.00014239997835829854
1814,ISM,250,1996,4,5,0.2661360960056744,0.00794331909023338,0.0004501000221353024
1815,DI,250,1996,4,6,9.979231832039713e-15,1.9984014443252818e-15,0.0037532999995164573
1816,WMI,250,1996,4,6,1.0128861796795229e-14,1.7763568394002505e-15,0.0001644000003580004
1817,ISM,250,1996,4,6,0.2661360960056744,0.00794331909023338,0.0009630000276956707
1818,DI,250,1996,4,7,9.979231832039713e-15,1.9984014443252818e-15,0.003653299994766712
1819,WMI,250,1996,4,7,1.0128861796795229e-14,1.7763568394002505e-15,0.0002628999936860055
1820,ISM,250,1996,4,7,0.2661360960056744,0.00794331909023338,0.00045750002027489245
1821,DI,250,1996,4,8,9.979231832039713e-15,1.9984014443252818e-15,0.003715099999681115
1822,WMI,250,1996,4,8,1.0128861796795229e-14,1.7763568394002505e-15,0.00019649998284876347
1823,ISM,250,1996,4,8,0.2661360960056744,0.00794331909023338,0.0011562999861780554
1824,DI,250,1996,4,9,9.979231832039713e-15,1.9984014443252818e-15,0.003434700018260628
1825,WMI,250,1996,4,9,1.0128861796795229e-14,1.7763568394002505e-15,0.00015140001778490841
1826,ISM,250,1996,4,9,0.2661360960056744,0.00794331909023338,0.0004556999774649739
1827,DI,250,1996,4,10,9.979231832039713e-15,1.9984014443252818e-15,0.00349949998781085
1828,WMI,250,1996,4,10,1.0128861796795229e-14,1.7763568394002505e-15,0.0002717000024858862
1829,ISM,250,1996,4,10,0.2661360960056744,0.00794331909023338,0.0007257000252138823
1830,DI,250,1996,4,11,9.979231832039713e-15,1.9984014443252818e-15,0.003581199998734519
1831,WMI,250,1996,4,11,1.0128861796795229e-14,1.7763568394002505e-15,0.0002666999935172498
1832,ISM,250,1996,4,11,0.2661360960056744,0.00794331909023338,0.0009699000220280141
1833,DI,250,1996,4,12,9.979231832039713e-15,1.9984014443252818e-15,0.0034620999940671027
1834,WMI,250,1996,4,12,1.0128861796795229e-14,1.7763568394002505e-15,0.0001483999949414283
1835,ISM,250,1996,4,12,0.2661360960056744,0.00794331909023338,0.00045849999878555536
1836,DI,250,1996,4,13,9.979231832039713e-15,1.9984014443252818e-15,0.0035823000071104616
1837,WMI,250,1996,4,13,1.0128861796795229e-14,1.7763568394002505e-15,0.00027540000155568123
1838,ISM,250,1996,4,13,0.2661360960056744,0.00794331909023338,0.00046499999007210135
1839,DI,250,1996,4,14,9.979231832039713e-15,1.9984014443252818e-15,0.003470800002105534
1840,WMI,250,1996,4,14,1.0128861796795229e-14,1.7763568394002505e-15,0.00014829999417997897
1841,ISM,250,1996,4,14,0.2661360960056744,0.00794331909023338,0.000454699998954311
1842,DI,250,1996,4,15,9.979231832039713e-15,1.9984014443252818e-15,0.003348900005221367
1843,WMI,250,1996,4,15,1.0128861796795229e-14,1.7763568394002505e-15,0.00015499998698942363
1844,ISM,250,1996,4,15,0.2661360960056744,0.00794331909023338,0.001679499982856214
1845,DI,250,1996,4,16,9.979231832039713e-15,1.9984014443252818e-15,0.003573299996787682
1846,WMI,250,1996,4,16,1.0128861796795229e-14,1.7763568394002505e-15,0.00014639997971244156
1847,ISM,250,1996,4,16,0.2661360960056744,0.00794331909023338,0.0004611000185832381
1848,DI,250,1996,4,17,9.979231832039713e-15,1.9984014443252818e-15,0.003673800005344674
1849,WMI,250,1996,4,17,1.0128861796795229e-14,1.7763568394002505e-15,0.00014710001414641738
1850,ISM,250,1996,4,17,0.2661360960056744,0.00794331909023338,0.00045789999421685934
1851,DI,250,1996,4,18,9.979231832039713e-15,1.9984014443252818e-15,0.0037330000195652246
1852,WMI,250,1996,4,18,1.0128861796795229e-14,1.7763568394002505e-15,0.0001550000160932541
1853,ISM,250,1996,4,18,0.2661360960056744,0.00794331909023338,0.0004613999917637557
1854,DI,250,1996,4,19,9.979231832039713e-15,1.9984014443252818e-15,0.0035579999967012554
1855,WMI,250,1996,4,19,1.0128861796795229e-14,1.7763568394002505e-15,0.00029319999157451093
1856,ISM,250,1996,4,19,0.2661360960056744,0.00794331909023338,0.00045209997915662825
1857,DI,250,1996,4,20,9.979231832039713e-15,1.9984014443252818e-15,0.0038108000007923692
1858,WMI,250,1996,4,20,1.0128861796795229e-14,1.7763568394002505e-15,0.0001728000061120838
1859,ISM,250,1996,4,20,0.2661360960056744,0.00794331909023338,0.0005709000106435269
1860,DI,250,1996,4,21,9.979231832039713e-15,1.9984014443252818e-15,0.003572899993741885
1861,WMI,250,1996,4,21,1.0128861796795229e-14,1.7763568394002505e-15,0.00026259999140165746
1862,ISM,250,1996,4,21,0.2661360960056744,0.00794331909023338,0.00047369999811053276
1863,DI,250,1996,4,22,9.979231832039713e-15,1.9984014443252818e-15,0.003465200017672032
1864,WMI,250,1996,4,22,1.0128861796795229e-14,1.7763568394002505e-15,0.00018400000408291817
1865,ISM,250,1996,4,22,0.2661360960056744,0.00794331909023338,0.0010233000211883336
1866,DI,250,1996,4,23,9.979231832039713e-15,1.9984014443252818e-15,0.003360900009283796
1867,WMI,250,1996,4,23,1.0128861796795229e-14,1.7763568394002505e-15,0.00014560000272467732
1868,ISM,250,1996,4,23,0.2661360960056744,0.00794331909023338,0.0009643000084906816
1869,DI,250,1996,4,24,9.979231832039713e-15,1.9984014443252818e-15,0.0033897999965120107
1870,WMI,250,1996,4,24,1.0128861796795229e-14,1.7763568394002505e-15,0.0001404999929945916
1871,ISM,250,1996,4,24,0.2661360960056744,0.00794331909023338,0.0004577000217977911
1872,DI,250,1996,4,25,9.979231832039713e-15,1.9984014443252818e-15,0.0034842999884858727
1873,WMI,250,1996,4,25,1.0128861796795229e-14,1.7763568394002505e-15,0.00016220001270994544
1874,ISM,250,1996,4,25,0.2661360960056744,0.00794331909023338,0.0004600000102072954
1875,DI,250,1996,4,26,9.979231832039713e-15,1.9984014443252818e-15,0.003292999987024814
1876,WMI,250,1996,4,26,1.0128861796795229e-14,1.7763568394002505e-15,0.00013909998233430088
1877,ISM,250,1996,4,26,0.2661360960056744,0.00794331909023338,0.00045190000673756003
1878,DI,250,1996,4,27,9.979231832039713e-15,1.9984014443252818e-15,0.0040231999882962555
1879,WMI,250,1996,4,27,1.0128861796795229e-14,1.7763568394002505e-15,0.0001931999868247658
1880,ISM,250,1996,4,27,0.2661360960056744,0.00794331909023338,0.0004856000014115125
1881,DI,250,1996,4,28,9.979231832039713e-15,1.9984014443252818e-15,0.003694799990626052
1882,WMI,250,1996,4,28,1.0128861796795229e-14,1.7763568394002505e-15,0.0002597999991849065
1883,ISM,250,1996,4,28,0.2661360960056744,0.00794331909023338,0.00047759999870322645
1884,DI,250,1996,4,29,9.979231832039713e-15,1.9984014443252818e-15,0.003271499997936189
1885,WMI,250,1996,4,29,1.0128861796795229e-14,1.7763568394002505e-15,0.0002781999937724322
1886,ISM,250,1996,4,29,0.2661360960056744,0.00794331909023338,0.0010030000121332705
1887,DI,250,1996,4,30,9.979231832039713e-15,1.9984014443252818e-15,0.0037139000196475536
1888,WMI,250,1996,4,30,1.0128861796795229e-14,1.7763568394002505e-15,0.0002840000088326633
1889,ISM,250,1996,4,30,0.2661360960056744,0.00794331909023338,0.0004878999898210168
1890,DI,250,1996,4,31,9.979231832039713e-15,1.9984014443252818e-15,0.0034626999986357987
1891,WMI,250,1996,4,31,1.0128861796795229e-14,1.7763568394002505e-15,0.00015469998470507562
1892,ISM,250,1996,4,31,0.2661360960056744,0.00794331909023338,0.0004702000005636364
1893,DI,250,1996,4,32,9.979231832039713e-15,1.9984014443252818e-15,0.0036709000123664737
1894,WMI,250,1996,4,32,1.0128861796795229e-14,1.7763568394002505e-15,0.0001748999929986894
1895,ISM,250,1996,4,32,0.2661360960056744,0.00794331909023338,0.0004817999724764377
1896,DI,250,1996,4,33,9.979231832039713e-15,1.9984014443252818e-15,0.0035269999934826046
1897,WMI,250,1996,4,33,1.0128861796795229e-14,1.7763568394002505e-15,0.00016489997506141663
1898,ISM,250,1996,4,33,0.2661360960056744,0.00794331909023338,0.0011839999933727086
1899,DI,250,1996,4,34,9.979231832039713e-15,1.9984014443252818e-15,0.0035650999925564975
1900,WMI,250,1996,4,34,1.0128861796795229e-14,1.7763568394002505e-15,0.0001466000103391707
1901,ISM,250,1996,4,34,0.2661360960056744,0.00794331909023338,0.00105489999987185
1902,DI,250,1996,4,35,9.979231832039713e-15,1.9984014443252818e-15,0.0036154000263195485
1903,WMI,250,1996,4,35,1.0128861796795229e-14,1.7763568394002505e-15,0.00015090001397766173
1904,ISM,250,1996,4,35,0.2661360960056744,0.00794331909023338,0.0009638999763410538
1905,DI,250,1996,4,36,9.979231832039713e-15,1.9984014443252818e-15,0.0035582999989856035
1906,WMI,250,1996,4,36,1.0128861796795229e-14,1.7763568394002505e-15,0.00028420001035556197
1907,ISM,250,1996,4,36,0.2661360960056744,0.00794331909023338,0.0008219000010285527
1908,DI,250,1996,4,37,9.979231832039713e-15,1.9984014443252818e-15,0.0036115999973844737
1909,WMI,250,1996,4,37,1.0128861796795229e-14,1.7763568394002505e-15,0.00015009997878223658
1910,ISM,250,1996,4,37,0.2661360960056744,0.00794331909023338,0.000478199974168092
1911,DI,250,1996,4,38,9.979231832039713e-15,1.9984014443252818e-15,0.0033639000030234456
1912,WMI,250,1996,4,38,1.0128861796795229e-14,1.7763568394002505e-15,0.00014390001888386905
1913,ISM,250,1996,4,38,0.2661360960056744,0.00794331909023338,0.0009633000008761883
1914,DI,250,1996,4,39,9.979231832039713e-15,1.9984014443252818e-15,0.003378199995495379
1915,WMI,250,1996,4,39,1.0128861796795229e-14,1.7763568394002505e-15,0.00028429998201318085
1916,ISM,250,1996,4,39,0.2661360960056744,0.00794331909023338,0.0010183999838773161
1917,DI,250,1996,4,40,9.979231832039713e-15,1.9984014443252818e-15,0.003539700002875179
1918,WMI,250,1996,4,40,1.0128861796795229e-14,1.7763568394002505e-15,0.00029490000451914966
1919,ISM,250,1996,4,40,0.2661360960056744,0.00794331909023338,0.0004870999837294221
1920,DI,250,1996,4,41,9.979231832039713e-15,1.9984014443252818e-15,0.0036668000102508813
1921,WMI,250,1996,4,41,1.0128861796795229e-14,1.7763568394002505e-15,0.000302400003420189
1922,ISM,250,1996,4,41,0.2661360960056744,0.00794331909023338,0.0004908000119030476
1923,DI,250,1996,4,42,9.979231832039713e-15,1.9984014443252818e-15,0.004221400013193488
1924,WMI,250,1996,4,42,1.0128861796795229e-14,1.7763568394002505e-15,0.0001576000067871064
1925,ISM,250,1996,4,42,0.2661360960056744,0.00794331909023338,0.0004726999904960394
1926,DI,250,1996,4,43,9.979231832039713e-15,1.9984014443252818e-15,0.0043217999918852
1927,WMI,250,1996,4,43,1.0128861796795229e-14,1.7763568394002505e-15,0.0001576000067871064
1928,ISM,250,1996,4,43,0.2661360960056744,0.00794331909023338,0.0011055999784730375
1929,DI,250,1996,4,44,9.979231832039713e-15,1.9984014443252818e-15,0.004080399987287819
1930,WMI,250,1996,4,44,1.0128861796795229e-14,1.7763568394002505e-15,0.0001534000039100647
1931,ISM,250,1996,4,44,0.2661360960056744,0.00794331909023338,0.0004762000171467662
1932,DI,250,1996,4,45,9.979231832039713e-15,1.9984014443252818e-15,0.003992199985077605
1933,WMI,250,1996,4,45,1.0128861796795229e-14,1.7763568394002505e-15,0.0002686000079847872
1934,ISM,250,1996,4,45,0.2661360960056744,0.00794331909023338,0.0007228000031318516
1935,DI,250,1996,4,46,9.979231832039713e-15,1.9984014443252818e-15,0.0041588000021874905
1936,WMI,250,1996,4,46,1.0128861796795229e-14,1.7763568394002505e-15,0.00016299998969770968
1937,ISM,250,1996,4,46,0.2661360960056744,0.00794331909023338,0.0010106000117957592
1938,DI,250,1996,4,47,9.979231832039713e-15,1.9984014443252818e-15,0.003998200001660734
1939,WMI,250,1996,4,47,1.0128861796795229e-14,1.7763568394002505e-15,0.00014560000272467732
1940,ISM,250,1996,4,47,0.2661360960056744,0.00794331909023338,0.000905699998838827
1941,DI,250,1996,4,48,9.979231832039713e-15,1.9984014443252818e-15,0.00414999999338761
1942,WMI,250,1996,4,48,1.0128861796795229e-14,1.7763568394002505e-15,0.00017320000915788114
1943,ISM,250,1996,4,48,0.2661360960056744,0.00794331909023338,0.001057399989804253
1944,DI,250,1996,4,49,9.979231832039713e-15,1.9984014443252818e-15,0.004030700016301125
1945,WMI,250,1996,4,49,1.0128861796795229e-14,1.7763568394002505e-15,0.00026000000070780516
1946,ISM,250,1996,4,49,0.2661360960056744,0.00794331909023338,0.0004796000139322132
1947,DI,250,1996,4,50,9.979231832039713e-15,1.9984014443252818e-15,0.004013199999462813
1948,WMI,250,1996,4,50,1.0128861796795229e-14,1.7763568394002505e-15,0.00017479999223724008
1949,ISM,250,1996,4,50,0.2661360960056744,0.00794331909023338,0.0010699000267777592
1950,DI,250,1996,4,51,9.979231832039713e-15,1.9984014443252818e-15,0.004443899990292266
1951,WMI,250,1996,4,51,1.0128861796795229e-14,1.7763568394002505e-15,0.00030339998193085194
1952,ISM,250,1996,4,51,0.2661360960056744,0.00794331909023338,0.0011468000011518598
1953,DI,250,1996,4,52,9.979231832039713e-15,1.9984014443252818e-15,0.004267700016498566
1954,WMI,250,1996,4,52,1.0128861796795229e-14,1.7763568394002505e-15,0.0001655000087339431
1955,ISM,250,1996,4,52,0.2661360960056744,0.00794331909023338,0.0010088999988511205
1956,DI,250,1996,4,53,9.979231832039713e-15,1.9984014443252818e-15,0.003971900005126372
1957,WMI,250,1996,4,53,1.0128861796795229e-14,1.7763568394002505e-15,0.00022029998945072293
1958,ISM,250,1996,4,53,0.2661360960056744,0.00794331909023338,0.0010155999916605651
1959,DI,250,1996,4,54,9.979231832039713e-15,1.9984014443252818e-15,0.0037045999779365957
1960,WMI,250,1996,4,54,1.0128861796795229e-14,1.7763568394002505e-15,0.0002625000197440386
1961,ISM,250,1996,4,54,0.2661360960056744,0.00794331909023338,0.0005049000028520823
1962,DI,250,1996,4,55,9.979231832039713e-15,1.9984014443252818e-15,0.003373299987288192
1963,WMI,250,1996,4,55,1.0128861796795229e-14,1.7763568394002505e-15,0.00016000002506189048
1964,ISM,250,1996,4,55,0.2661360960056744,0.00794331909023338,0.0005264000210445374
1965,DI,250,1996,4,56,9.979231832039713e-15,1.9984014443252818e-15,0.003963499999372289
1966,WMI,250,1996,4,56,1.0128861796795229e-14,1.7763568394002505e-15,0.00016510000568814576
1967,ISM,250,1996,4,56,0.2661360960056744,0.00794331909023338,0.000542099995072931
1968,DI,250,1996,4,57,9.979231832039713e-15,1.9984014443252818e-15,0.003844299993943423
1969,WMI,250,1996,4,57,1.0128861796795229e-14,1.7763568394002505e-15,0.0001514999894425273
1970,ISM,250,1996,4,57,0.2661360960056744,0.00794331909023338,0.001712600002065301
1971,DI,250,1996,4,58,9.979231832039713e-15,1.9984014443252818e-15,0.003721899993252009
1972,WMI,250,1996,4,58,1.0128861796795229e-14,1.7763568394002505e-15,0.0002877000079024583
1973,ISM,250,1996,4,58,0.2661360960056744,0.00794331909023338,0.000996799994027242
1974,DI,250,1996,4,59,9.979231832039713e-15,1.9984014443252818e-15,0.003811000002315268
1975,WMI,250,1996,4,59,1.0128861796795229e-14,1.7763568394002505e-15,0.00015479998546652496
1976,ISM,250,1996,4,59,0.2661360960056744,0.00794331909023338,0.0004723999882116914
1977,DI,250,1996,4,60,9.979231832039713e-15,1.9984014443252818e-15,0.003887300001224503
1978,WMI,250,1996,4,60,1.0128861796795229e-14,1.7763568394002505e-15,0.0003556000010576099
1979,ISM,250,1996,4,60,0.2661360960056744,0.00794331909023338,0.00048600000445730984
1980,DI,250,1996,4,61,9.979231832039713e-15,1.9984014443252818e-15,0.003595699992729351
1981,WMI,250,1996,4,61,1.0128861796795229e-14,1.7763568394002505e-15,0.0001542000100016594
1982,ISM,250,1996,4,61,0.2661360960056744,0.00794331909023338,0.0004665000014938414
1983,DI,250,1996,4,62,9.979231832039713e-15,1.9984014443252818e-15,0.0036552000092342496
1984,WMI,250,1996,4,62,1.0128861796795229e-14,1.7763568394002505e-15,0.0004979000077582896
1985,ISM,250,1996,4,62,0.2661360960056744,0.00794331909023338,0.0017689000233076513
1986,DI,250,1996,4,63,9.979231832039713e-15,1.9984014443252818e-15,0.00370550001389347
1987,WMI,250,1996,4,63,1.0128861796795229e-14,1.7763568394002505e-15,0.00032460002694278955
1988,ISM,250,1996,4,63,0.2661360960056744,0.00794331909023338,0.0010099000064656138
1989,DI,250,1996,4,64,9.979231832039713e-15,1.9984014443252818e-15,0.0036077999975532293
1990,WMI,250,1996,4,64,1.0128861796795229e-14,1.7763568394002505e-15,0.00032970000756904483
1991,ISM,250,1996,4,64,0.2661360960056744,0.00794331909023338,0.0008852999890223145
1992,DI,250,1996,4,65,9.979231832039713e-15,1.9984014443252818e-15,0.0034957000170834363
1993,WMI,250,1996,4,65,1.0128861796795229e-14,1.7763568394002505e-15,0.0004937000048812479
1994,ISM,250,1996,4,65,0.2661360960056744,0.00794331909023338,0.0004768999933730811
1995,DI,250,1996,4,66,9.979231832039713e-15,1.9984014443252818e-15,0.0036096999829169363
1996,WMI,250,1996,4,66,1.0128861796795229e-14,1.7763568394002505e-15,0.0004639000107999891
1997,ISM,250,1996,4,66,0.2661360960056744,0.00794331909023338,0.0011436000058893114
1998,DI,250,1996,4,67,9.979231832039713e-15,1.9984014443252818e-15,0.0035188999900128692
1999,WMI,250,1996,4,67,1.0128861796795229e-14,1.7763568394002505e-15,0.00015300000086426735
2000,ISM,250,1996,4,67,0.2661360960056744,0.00794331909023338,0.0010055000020656735
2001,DI,250,1996,4,68,9.979231832039713e-15,1.9984014443252818e-15,0.0037546000094152987
2002,WMI,250,1996,4,68,1.0128861796795229e-14,1.7763568394002505e-15,0.00019759999122470617
2003,ISM,250,1996,4,68,0.2661360960056744,0.00794331909023338,0.0009722999820951372
2004,DI,250,1996,4,69,9.979231832039713e-15,1.9984014443252818e-15,0.003526700020302087
2005,WMI,250,1996,4,69,1.0128861796795229e-14,1.7763568394002505e-15,0.0004545999981928617
2006,ISM,250,1996,4,69,0.2661360960056744,0.00794331909023338,0.0004778000002261251
2007,DI,250,1996,4,70,9.979231832039713e-15,1.9984014443252818e-15,0.0036241000052541494
2008,WMI,250,1996,4,70,1.0128861796795229e-14,1.7763568394002505e-15,0.0001503999810665846
2009,ISM,250,1996,4,70,0.2661360960056744,0.00794331909023338,0.0005184000183362514
2010,DI,250,1996,4,71,9.979231832039713e-15,1.9984014443252818e-15,0.0037358000117819756
2011,WMI,250,1996,4,71,1.0128861796795229e-14,1.7763568394002505e-15,0.00016570001025684178
2012,ISM,250,1996,4,71,0.2661360960056744,0.00794331909023338,0.0005095000087749213
2013,DI,250,1996,4,72,9.979231832039713e-15,1.9984014443252818e-15,0.003785700013395399
2014,WMI,250,1996,4,72,1.0128861796795229e-14,1.7763568394002505e-15,0.00014449999434873462
2015,ISM,250,1996,4,72,0.2661360960056744,0.00794331909023338,0.0004721999866887927
2016,DI,250,1996,4,73,9.979231832039713e-15,1.9984014443252818e-15,0.003669500001706183
2017,WMI,250,1996,4,73,1.0128861796795229e-14,1.7763568394002505e-15,0.00016750002396292984
2018,ISM,250,1996,4,73,0.2661360960056744,0.00794331909023338,0.000520800007507205
2019,DI,250,1996,4,74,9.979231832039713e-15,1.9984014443252818e-15,0.003912800020771101
2020,WMI,250,1996,4,74,1.0128861796795229e-14,1.7763568394002505e-15,0.00016390002565458417
2021,ISM,250,1996,4,74,0.2661360960056744,0.00794331909023338,0.0005037999944761395
2022,DI,250,1996,4,75,9.979231832039713e-15,1.9984014443252818e-15,0.0036887000023853034
2023,WMI,250,1996,4,75,1.0128861796795229e-14,1.7763568394002505e-15,0.0001847999810706824
2024,ISM,250,1996,4,75,0.2661360960056744,0.00794331909023338,0.0005481999833136797
2025,DI,250,1996,4,76,9.979231832039713e-15,1.9984014443252818e-15,0.003574700007447973
2026,WMI,250,1996,4,76,1.0128861796795229e-14,1.7763568394002505e-15,0.00016729999333620071
2027,ISM,250,1996,4,76,0.2661360960056744,0.00794331909023338,0.0007014999864622951
2028,DI,250,1996,4,77,9.979231832039713e-15,1.9984014443252818e-15,0.0036718999908771366
2029,WMI,250,1996,4,77,1.0128861796795229e-14,1.7763568394002505e-15,0.0001480999926570803
2030,ISM,250,1996,4,77,0.2661360960056744,0.00794331909023338,0.0004986000130884349
2031,DI,250,1996,4,78,9.979231832039713e-15,1.9984014443252818e-15,0.003761899977689609
2032,WMI,250,1996,4,78,1.0128861796795229e-14,1.7763568394002505e-15,0.00017449998995289207
2033,ISM,250,1996,4,78,0.2661360960056744,0.00794331909023338,0.000997700000880286
2034,DI,250,1996,4,79,9.979231832039713e-15,1.9984014443252818e-15,0.0035407000104896724
2035,WMI,250,1996,4,79,1.0128861796795229e-14,1.7763568394002505e-15,0.0002615000121295452
2036,ISM,250,1996,4,79,0.2661360960056744,0.00794331909023338,0.0004997999931219965
2037,DI,250,1996,4,80,9.979231832039713e-15,1.9984014443252818e-15,0.0036844999995082617
2038,WMI,250,1996,4,80,1.0128861796795229e-14,1.7763568394002505e-15,0.00016399999731220305
2039,ISM,250,1996,4,80,0.2661360960056744,0.00794331909023338,0.0010101999796461314
2040,DI,250,1996,4,81,9.979231832039713e-15,1.9984014443252818e-15,0.003961700014770031
2041,WMI,250,1996,4,81,1.0128861796795229e-14,1.7763568394002505e-15,0.0002708999963942915
2042,ISM,250,1996,4,81,0.2661360960056744,0.00794331909023338,0.00048400001833215356
2043,DI,250,1996,4,82,9.979231832039713e-15,1.9984014443252818e-15,0.00366700001177378
2044,WMI,250,1996,4,82,1.0128861796795229e-14,1.7763568394002505e-15,0.00016709999181330204
2045,ISM,250,1996,4,82,0.2661360960056744,0.00794331909023338,0.0007609000022057444
2046,DI,250,1996,4,83,9.979231832039713e-15,1.9984014443252818e-15,0.003437500010477379
2047,WMI,250,1996,4,83,1.0128861796795229e-14,1.7763568394002505e-15,0.00014330001431517303
2048,ISM,250,1996,4,83,0.2661360960056744,0.00794331909023338,0.000832799996715039
2049,DI,250,1996,4,84,9.979231832039713e-15,1.9984014443252818e-15,0.003281899989815429
2050,WMI,250,1996,4,84,1.0128861796795229e-14,1.7763568394002505e-15,0.0001480000209994614
2051,ISM,250,1996,4,84,0.2661360960056744,0.00794331909023338,0.0013173000188544393
2052,DI,250,1996,4,85,9.979231832039713e-15,1.9984014443252818e-15,0.0038096999924164265
2053,WMI,250,1996,4,85,1.0128861796795229e-14,1.7763568394002505e-15,0.00017370001296512783
2054,ISM,250,1996,4,85,0.2661360960056744,0.00794331909023338,0.0004780000017490238
2055,DI,250,1996,4,86,9.979231832039713e-15,1.9984014443252818e-15,0.003321299998788163
2056,WMI,250,1996,4,86,1.0128861796795229e-14,1.7763568394002505e-15,0.00027180000324733555
2057,ISM,250,1996,4,86,0.2661360960056744,0.00794331909023338,0.0009950000094249845
2058,DI,250,1996,4,87,9.979231832039713e-15,1.9984014443252818e-15,0.003391100006410852
2059,WMI,250,1996,4,87,1.0128861796795229e-14,1.7763568394002505e-15,0.00016399999731220305
2060,ISM,250,1996,4,87,0.2661360960056744,0.00794331909023338,0.0004797000146936625
2061,DI,250,1996,4,88,9.979231832039713e-15,1.9984014443252818e-15,0.00368920000619255
2062,WMI,250,1996,4,88,1.0128861796795229e-14,1.7763568394002505e-15,0.00016209998284466565
2063,ISM,250,1996,4,88,0.2661360960056744,0.00794331909023338,0.0004794999840669334
2064,DI,250,1996,4,89,9.979231832039713e-15,1.9984014443252818e-15,0.0036734000022988766
2065,WMI,250,1996,4,89,1.0128861796795229e-14,1.7763568394002505e-15,0.00018079997971653938
2066,ISM,250,1996,4,89,0.2661360960056744,0.00794331909023338,0.0010164999985136092
2067,DI,250,1996,4,90,9.979231832039713e-15,1.9984014443252818e-15,0.0033986999769695103
2068,WMI,250,1996,4,90,1.0128861796795229e-14,1.7763568394002505e-15,0.0003016000264324248
2069,ISM,250,1996,4,90,0.2661360960056744,0.00794331909023338,0.0011759999906644225
2070,DI,250,1996,4,91,9.979231832039713e-15,1.9984014443252818e-15,0.0033628999954089522
2071,WMI,250,1996,4,91,1.0128861796795229e-14,1.7763568394002505e-15,0.00015249999705702066
2072,ISM,250,1996,4,91,0.2661360960056744,0.00794331909023338,0.00047740002628415823
2073,DI,250,1996,4,92,9.979231832039713e-15,1.9984014443252818e-15,0.003519399993820116
2074,WMI,250,1996,4,92,1.0128861796795229e-14,1.7763568394002505e-15,0.00015800000983290374
2075,ISM,250,1996,4,92,0.2661360960056744,0.00794331909023338,0.0009962000185623765
2076,DI,250,1996,4,93,9.979231832039713e-15,1.9984014443252818e-15,0.0035395000013522804
2077,WMI,250,1996,4,93,1.0128861796795229e-14,1.7763568394002505e-15,0.00014039999223314226
2078,ISM,250,1996,4,93,0.2661360960056744,0.00794331909023338,0.00046740000834688544
2079,DI,250,1996,4,94,9.979231832039713e-15,1.9984014443252818e-15,0.0034186000120826066
2080,WMI,250,1996,4,94,1.0128861796795229e-14,1.7763568394002505e-15,0.00015469998470507562
2081,ISM,250,1996,4,94,0.2661360960056744,0.00794331909023338,0.0007587999862153083
2082,DI,250,1996,4,95,9.979231832039713e-15,1.9984014443252818e-15,0.003283700003521517
2083,WMI,250,1996,4,95,1.0128861796795229e-14,1.7763568394002505e-15,0.00014019999071024358
2084,ISM,250,1996,4,95,0.2661360960056744,0.00794331909023338,0.0005020999815315008
2085,DI,250,1996,4,96,9.979231832039713e-15,1.9984014443252818e-15,0.003308699990157038
2086,WMI,250,1996,4,96,1.0128861796795229e-14,1.7763568394002505e-15,0.00022029998945072293
2087,ISM,250,1996,4,96,0.2661360960056744,0.00794331909023338,0.0004698999982792884
2088,DI,250,1996,4,97,9.979231832039713e-15,1.9984014443252818e-15,0.003300300013506785
2089,WMI,250,1996,4,97,1.0128861796795229e-14,1.7763568394002505e-15,0.00014390001888386905
2090,ISM,250,1996,4,97,0.2661360960056744,0.00794331909023338,0.0004712000081781298
2091,DI,250,1996,4,98,9.979231832039713e-15,1.9984014443252818e-15,0.003583600017009303
2092,WMI,250,1996,4,98,1.0128861796795229e-14,1.7763568394002505e-15,0.0002682000049389899
2093,ISM,250,1996,4,98,0.2661360960056744,0.00794331909023338,0.0004891999997198582
2094,DI,250,1996,4,99,9.979231832039713e-15,1.9984014443252818e-15,0.0036908000183757395
2095,WMI,250,1996,4,99,1.0128861796795229e-14,1.7763568394002505e-15,0.00027409999165683985
2096,ISM,250,1996,4,99,0.2661360960056744,0.00794331909023338,0.00047470000572502613
2097,DI,250,1996,4,100,9.979231832039713e-15,1.9984014443252818e-15,0.0033684000081848353
2098,WMI,250,1996,4,100,1.0128861796795229e-14,1.7763568394002505e-15,0.00016060000052675605
2099,ISM,250,1996,4,100,0.2661360960056744,0.00794331909023338,0.0004759000148624182
2100,DI,250,1996,4,101,9.979231832039713e-15,1.9984014443252818e-15,0.0033024000003933907
2101,WMI,250,1996,4,101,1.0128861796795229e-14,1.7763568394002505e-15,0.00015320000238716602
2102,ISM,250,1996,4,101,0.2661360960056744,0.00794331909023338,0.00047339999582618475
2103,DI,250,1996,4,102,9.979231832039713e-15,1.9984014443252818e-15,0.0032350999827031046
2104,WMI,250,1996,4,102,1.0128861796795229e-14,1.7763568394002505e-15,0.0001621000119484961
2105,ISM,250,1996,4,102,0.2661360960056744,0.00794331909023338,0.00047130000893957913
2106,DI,250,1996,4,103,9.979231832039713e-15,1.9984014443252818e-15,0.003205299988621846
2107,WMI,250,1996,4,103,1.0128861796795229e-14,1.7763568394002505e-15,0.0001542000100016594
2108,ISM,250,1996,4,103,0.2661360960056744,0.00794331909023338,0.000460599985672161
2109,DI,250,1996,4,104,9.979231832039713e-15,1.9984014443252818e-15,0.004390699992654845
2110,WMI,250,1996,4,104,1.0128861796795229e-14,1.7763568394002505e-15,0.0002829000004567206
2111,ISM,250,1996,4,104,0.2661360960056744,0.00794331909023338,0.0004763999895658344
2112,DI,250,1996,4,105,9.979231832039713e-15,1.9984014443252818e-15,0.0036918999976478517
2113,WMI,250,1996,4,105,1.0128861796795229e-14,1.7763568394002505e-15,0.00017370001296512783
2114,ISM,250,1996,4,105,0.2661360960056744,0.00794331909023338,0.0009768000163603574
2115,DI,250,1996,4,106,9.979231832039713e-15,1.9984014443252818e-15,0.0036105999897699803
2116,WMI,250,1996,4,106,1.0128861796795229e-14,1.7763568394002505e-15,0.00017100002150982618
2117,ISM,250,1996,4,106,0.2661360960056744,0.00794331909023338,0.00047829997492954135
2118,DI,250,1996,4,107,9.979231832039713e-15,1.9984014443252818e-15,0.003854700014926493
2119,WMI,250,1996,4,107,1.0128861796795229e-14,1.7763568394002505e-15,0.00016530000721104443
2120,ISM,250,1996,4,107,0.2661360960056744,0.00794331909023338,0.0004951999871991575
2121,DI,250,1996,4,108,9.979231832039713e-15,1.9984014443252818e-15,0.003996099985670298
2122,WMI,250,1996,4,108,1.0128861796795229e-14,1.7763568394002505e-15,0.00019939997582696378
2123,ISM,250,1996,4,108,0.2661360960056744,0.00794331909023338,0.0009991000115405768
2124,DI,250,1996,4,109,9.979231832039713e-15,1.9984014443252818e-15,0.0034428000217303634
2125,WMI,250,1996,4,109,1.0128861796795229e-14,1.7763568394002505e-15,0.0001613000058569014
2126,ISM,250,1996,4,109,0.2661360960056744,0.00794331909023338,0.0010447999811731279
2127,DI,250,1996,4,110,9.979231832039713e-15,1.9984014443252818e-15,0.0035351999977137893
2128,WMI,250,1996,4,110,1.0128861796795229e-14,1.7763568394002505e-15,0.0003527000080794096
2129,ISM,250,1996,4,110,0.2661360960056744,0.00794331909023338,0.00048639997839927673
2130,DI,250,1996,4,111,9.979231832039713e-15,1.9984014443252818e-15,0.003481100022327155
2131,WMI,250,1996,4,111,1.0128861796795229e-14,1.7763568394002505e-15,0.00016120000509545207
2132,ISM,250,1996,4,111,0.2661360960056744,0.00794331909023338,0.0010147000139113516
2133,DI,250,1996,4,112,9.979231832039713e-15,1.9984014443252818e-15,0.0034878999867942184
2134,WMI,250,1996,4,112,1.0128861796795229e-14,1.7763568394002505e-15,0.00016639998648315668
2135,ISM,250,1996,4,112,0.2661360960056744,0.00794331909023338,0.0004953000170644373
2136,DI,250,1996,4,113,9.979231832039713e-15,1.9984014443252818e-15,0.0035854999732691795
2137,WMI,250,1996,4,113,1.0128861796795229e-14,1.7763568394002505e-15,0.0002930999908130616
2138,ISM,250,1996,4,113,0.2661360960056744,0.00794331909023338,0.0007434000144712627
2139,DI,250,1996,4,114,9.979231832039713e-15,1.9984014443252818e-15,0.003187899972544983
2140,WMI,250,1996,4,114,1.0128861796795229e-14,1.7763568394002505e-15,0.000285400019492954
2141,ISM,250,1996,4,114,0.2661360960056744,0.00794331909023338,0.0009673000022303313
2142,DI,250,1996,4,115,9.979231832039713e-15,1.9984014443252818e-15,0.0032931999885477126
2143,WMI,250,1996,4,115,1.0128861796795229e-14,1.7763568394002505e-15,0.0004259000124875456
2144,ISM,250,1996,4,115,0.2661360960056744,0.00794331909023338,0.0010325999755878001
2145,DI,250,1996,4,116,9.979231832039713e-15,1.9984014443252818e-15,0.0032949000014923513
2146,WMI,250,1996,4,116,1.0128861796795229e-14,1.7763568394002505e-15,0.00015769997844472528
2147,ISM,250,1996,4,116,0.2661360960056744,0.00794331909023338,0.0010051999997813255
2148,DI,250,1996,4,117,9.979231832039713e-15,1.9984014443252818e-15,0.0032224999740719795
2149,WMI,250,1996,4,117,1.0128861796795229e-14,1.7763568394002505e-15,0.00017710000975057483
2150,ISM,250,1996,4,117,0.2661360960056744,0.00794331909023338,0.0004950999864377081
2151,DI,250,1996,4,118,9.979231832039713e-15,1.9984014443252818e-15,0.0032423999800812453
2152,WMI,250,1996,4,118,1.0128861796795229e-14,1.7763568394002505e-15,0.0002714000002015382
2153,ISM,250,1996,4,118,0.2661360960056744,0.00794331909023338,0.0004760000156238675
2154,DI,250,1996,4,119,9.979231832039713e-15,1.9984014443252818e-15,0.0035854000016115606
2155,WMI,250,1996,4,119,1.0128861796795229e-14,1.7763568394002505e-15,0.00015470001380890608
2156,ISM,250,1996,4,119,0.2661360960056744,0.00794331909023338,0.00047259998973459005
2157,DI,250,1996,4,120,9.979231832039713e-15,1.9984014443252818e-15,0.0036499999987427145
2158,WMI,250,1996,4,120,1.0128861796795229e-14,1.7763568394002505e-15,0.0002945000014733523
2159,ISM,250,1996,4,120,0.2661360960056744,0.00794331909023338,0.00048110002535395324
2160,DI,250,1996,4,121,9.979231832039713e-15,1.9984014443252818e-15,0.003583699988666922
2161,WMI,250,1996,4,121,1.0128861796795229e-14,1.7763568394002505e-15,0.0003254000039305538
2162,ISM,250,1996,4,121,0.2661360960056744,0.00794331909023338,0.000503200019011274
2163,DI,250,1996,4,122,9.979231832039713e-15,1.9984014443252818e-15,0.0036404000129550695
2164,WMI,250,1996,4,122,1.0128861796795229e-14,1.7763568394002505e-15,0.00030079999123699963
2165,ISM,250,1996,4,122,0.2661360960056744,0.00794331909023338,0.0004878999898210168
2166,DI,250,1996,4,123,9.979231832039713e-15,1.9984014443252818e-15,0.0035128000017721206
2167,WMI,250,1996,4,123,1.0128861796795229e-14,1.7763568394002505e-15,0.00038320000749081373
2168,ISM,250,1996,4,123,0.2661360960056744,0.00794331909023338,0.0006222999945748597
2169,DI,250,1996,4,124,9.979231832039713e-15,1.9984014443252818e-15,0.0038258999993558973
2170,WMI,250,1996,4,124,1.0128861796795229e-14,1.7763568394002505e-15,0.0001635999942664057
2171,ISM,250,1996,4,124,0.2661360960056744,0.00794331909023338,0.00047179998364299536
2172,DI,250,1996,4,125,9.979231832039713e-15,1.9984014443252818e-15,0.003691099991556257
2173,WMI,250,1996,4,125,1.0128861796795229e-14,1.7763568394002505e-15,0.00014429999282583594
2174,ISM,250,1996,4,125,0.2661360960056744,0.00794331909023338,0.001000799995381385
2175,DI,250,1996,4,126,9.979231832039713e-15,1.9984014443252818e-15,0.003992199985077605
2176,WMI,250,1996,4,126,1.0128861796795229e-14,1.7763568394002505e-15,0.00016999998479150236
2177,ISM,250,1996,4,126,0.2661360960056744,0.00794331909023338,0.00047849997645244
2178,DI,250,1996,4,127,9.979231832039713e-15,1.9984014443252818e-15,0.003777200006879866
2179,WMI,250,1996,4,127,1.0128861796795229e-14,1.7763568394002505e-15,0.000149200001033023
2180,ISM,250,1996,4,127,0.2661360960056744,0.00794331909023338,0.00046869998914189637
2181,DI,250,1996,4,128,9.979231832039713e-15,1.9984014443252818e-15,0.003632000007200986
2182,WMI,250,1996,4,128,1.0128861796795229e-14,1.7763568394002505e-15,0.0001686000032350421
2183,ISM,250,1996,4,128,0.2661360960056744,0.00794331909023338,0.0009346000151708722
2184,DI,250,1996,4,129,9.979231832039713e-15,1.9984014443252818e-15,0.0038939999940339476
2185,WMI,250,1996,4,129,1.0128861796795229e-14,1.7763568394002505e-15,0.0002812000166159123
2186,ISM,250,1996,4,129,0.2661360960056744,0.00794331909023338,0.00048519999836571515
2187,DI,250,1996,4,130,9.979231832039713e-15,1.9984014443252818e-15,0.003888099978212267
2188,WMI,250,1996,4,130,1.0128861796795229e-14,1.7763568394002505e-15,0.0003488000074867159
2189,ISM,250,1996,4,130,0.2661360960056744,0.00794331909023338,0.0004797999863512814
2190,DI,250,1996,4,131,9.979231832039713e-15,1.9984014443252818e-15,0.003853899979731068
2191,WMI,250,1996,4,131,1.0128861796795229e-14,1.7763568394002505e-15,0.0002784999960567802
2192,ISM,250,1996,4,131,0.2661360960056744,0.00794331909023338,0.000989099993603304
2193,DI,250,1996,4,132,9.979231832039713e-15,1.9984014443252818e-15,0.003917499998351559
2194,WMI,250,1996,4,132,1.0128861796795229e-14,1.7763568394002505e-15,0.0002807999844662845
2195,ISM,250,1996,4,132,0.2661360960056744,0.00794331909023338,0.0004810999962501228
2196,DI,250,1996,4,133,9.979231832039713e-15,1.9984014443252818e-15,0.004213099979097024
2197,WMI,250,1996,4,133,1.0128861796795229e-14,1.7763568394002505e-15,0.0002908000024035573
2198,ISM,250,1996,4,133,0.2661360960056744,0.00794331909023338,0.0004844999930355698
2199,DI,250,1996,4,134,9.979231832039713e-15,1.9984014443252818e-15,0.003773899981752038
2200,WMI,250,1996,4,134,1.0128861796795229e-14,1.7763568394002505e-15,0.0001838000025600195
2201,ISM,250,1996,4,134,0.2661360960056744,0.00794331909023338,0.0004861000052187592
2202,DI,250,1996,4,135,9.979231832039713e-15,1.9984014443252818e-15,0.003834100003587082
2203,WMI,250,1996,4,135,1.0128861796795229e-14,1.7763568394002505e-15,0.000155999994603917
2204,ISM,250,1996,4,135,0.2661360960056744,0.00794331909023338,0.0004741000011563301
2205,DI,250,1996,4,136,9.979231832039713e-15,1.9984014443252818e-15,0.0037140999920666218
2206,WMI,250,1996,4,136,1.0128861796795229e-14,1.7763568394002505e-15,0.00026500000967644155
2207,ISM,250,1996,4,136,0.2661360960056744,0.00794331909023338,0.0004729999927803874
2208,DI,250,1996,4,137,9.979231832039713e-15,1.9984014443252818e-15,0.003762100008316338
2209,WMI,250,1996,4,137,1.0128861796795229e-14,1.7763568394002505e-15,0.0001571000029798597
2210,ISM,250,1996,4,137,0.2661360960056744,0.00794331909023338,0.0012243999808561057
2211,DI,250,1996,4,138,9.979231832039713e-15,1.9984014443252818e-15,0.0035940999805461615
2212,WMI,250,1996,4,138,1.0128861796795229e-14,1.7763568394002505e-15,0.00014719998580403626
2213,ISM,250,1996,4,138,0.2661360960056744,0.00794331909023338,0.0006978999881539494
2214,DI,250,1996,4,139,9.979231832039713e-15,1.9984014443252818e-15,0.003479499981040135
2215,WMI,250,1996,4,139,1.0128861796795229e-14,1.7763568394002505e-15,0.0002961999853141606
2216,ISM,250,1996,4,139,0.2661360960056744,0.00794331909023338,0.0006080000021029264
2217,DI,250,1996,4,140,9.979231832039713e-15,1.9984014443252818e-15,0.003817499993601814
2218,WMI,250,1996,4,140,1.0128861796795229e-14,1.7763568394002505e-15,0.00030839999089948833
2219,ISM,250,1996,4,140,0.2661360960056744,0.00794331909023338,0.000464599987026304
2220,DI,250,1996,4,141,9.979231832039713e-15,1.9984014443252818e-15,0.0035586000012699515
2221,WMI,250,1996,4,141,1.0128861796795229e-14,1.7763568394002505e-15,0.00023889998556114733
2222,ISM,250,1996,4,141,0.2661360960056744,0.00794331909023338,0.0004631999763660133
2223,DI,250,1996,4,142,9.979231832039713e-15,1.9984014443252818e-15,0.0038078000070527196
2224,WMI,250,1996,4,142,1.0128861796795229e-14,1.7763568394002505e-15,0.0002806000120472163
2225,ISM,250,1996,4,142,0.2661360960056744,0.00794331909023338,0.0009491999808233231
2226,DI,250,1996,4,143,9.979231832039713e-15,1.9984014443252818e-15,0.00354839998180978
2227,WMI,250,1996,4,143,1.0128861796795229e-14,1.7763568394002505e-15,0.0002986000035889447
2228,ISM,250,1996,4,143,0.2661360960056744,0.00794331909023338,0.0004655999946407974
2229,DI,250,1996,4,144,9.979231832039713e-15,1.9984014443252818e-15,0.0038930000155232847
2230,WMI,250,1996,4,144,1.0128861796795229e-14,1.7763568394002505e-15,0.00019749999046325684
2231,ISM,250,1996,4,144,0.2661360960056744,0.00794331909023338,0.0009475999977439642
2232,DI,250,1996,4,145,9.979231832039713e-15,1.9984014443252818e-15,0.0034036999859381467
2233,WMI,250,1996,4,145,1.0128861796795229e-14,1.7763568394002505e-15,0.0001647000026423484
2234,ISM,250,1996,4,145,0.2661360960056744,0.00794331909023338,0.00045870000030845404
2235,DI,250,1996,4,146,9.979231832039713e-15,1.9984014443252818e-15,0.003550800000084564
2236,WMI,250,1996,4,146,1.0128861796795229e-14,1.7763568394002505e-15,0.0002786999975796789
2237,ISM,250,1996,4,146,0.2661360960056744,0.00794331909023338,0.0004625000001396984
2238,DI,250,1996,4,147,9.979231832039713e-15,1.9984014443252818e-15,0.0034490999823901802
2239,WMI,250,1996,4,147,1.0128861796795229e-14,1.7763568394002505e-15,0.0001432000135537237
2240,ISM,250,1996,4,147,0.2661360960056744,0.00794331909023338,0.00045590000809170306
2241,DI,250,1996,4,148,9.979231832039713e-15,1.9984014443252818e-15,0.003545599989593029
2242,WMI,250,1996,4,148,1.0128861796795229e-14,1.7763568394002505e-15,0.00016560000949539244
2243,ISM,250,1996,4,148,0.2661360960056744,0.00794331909023338,0.0011882000253535807
2244,DI,250,1996,4,149,9.979231832039713e-15,1.9984014443252818e-15,0.0035346999939065427
2245,WMI,250,1996,4,149,1.0128861796795229e-14,1.7763568394002505e-15,0.0001373999984934926
2246,ISM,250,1996,4,149,0.2661360960056744,0.00794331909023338,0.00045209997915662825
2247,DI,250,1996,4,150,9.979231832039713e-15,1.9984014443252818e-15,0.0035266999911982566
2248,WMI,250,1996,4,150,1.0128861796795229e-14,1.7763568394002505e-15,0.00028670000028796494
2249,ISM,250,1996,4,150,0.2661360960056744,0.00794331909023338,0.0006512999825645238
2250,DI,250,1996,4,151,9.979231832039713e-15,1.9984014443252818e-15,0.003909300023224205
2251,WMI,250,1996,4,151,1.0128861796795229e-14,1.7763568394002505e-15,0.00018289999570697546
2252,ISM,250,1996,4,151,0.2661360960056744,0.00794331909023338,0.0009780999971553683
2253,DI,250,1996,4,152,9.979231832039713e-15,1.9984014443252818e-15,0.0036517000116873533
2254,WMI,250,1996,4,152,1.0128861796795229e-14,1.7763568394002505e-15,0.00028199999360367656
2255,ISM,250,1996,4,152,0.2661360960056744,0.00794331909023338,0.0005788000125903636
2256,DI,250,1996,4,153,9.979231832039713e-15,1.9984014443252818e-15,0.003806000022450462
2257,WMI,250,1996,4,153,1.0128861796795229e-14,1.7763568394002505e-15,0.00018319999799132347
2258,ISM,250,1996,4,153,0.2661360960056744,0.00794331909023338,0.0007434000144712627
2259,DI,250,1996,4,154,9.979231832039713e-15,1.9984014443252818e-15,0.0034687999868765473
2260,WMI,250,1996,4,154,1.0128861796795229e-14,1.7763568394002505e-15,0.00015239999629557133
2261,ISM,250,1996,4,154,0.2661360960056744,0.00794331909023338,0.0007536000048276037
2262,DI,250,1996,4,155,9.979231832039713e-15,1.9984014443252818e-15,0.0039159000152722
2263,WMI,250,1996,4,155,1.0128861796795229e-14,1.7763568394002505e-15,0.00020030001178383827
2264,ISM,250,1996,4,155,0.2661360960056744,0.00794331909023338,0.00046839998685754836
2265,DI,250,1996,4,156,9.979231832039713e-15,1.9984014443252818e-15,0.0037361000140663236
2266,WMI,250,1996,4,156,1.0128861796795229e-14,1.7763568394002505e-15,0.00018569998792372644
2267,ISM,250,1996,4,156,0.2661360960056744,0.00794331909023338,0.00046640000073239207
2268,DI,250,1996,4,157,9.979231832039713e-15,1.9984014443252818e-15,0.004723099991679192
2269,WMI,250,1996,4,157,1.0128861796795229e-14,1.7763568394002505e-15,0.0001951000012923032
2270,ISM,250,1996,4,157,0.2661360960056744,0.00794331909023338,0.0004726000188384205
2271,DI,250,1996,4,158,9.979231832039713e-15,1.9984014443252818e-15,0.0036443000135477632
2272,WMI,250,1996,4,158,1.0128861796795229e-14,1.7763568394002505e-15,0.00032079999800771475
2273,ISM,250,1996,4,158,0.2661360960056744,0.00794331909023338,0.0004913999873679131
2274,DI,250,1996,4,159,9.979231832039713e-15,1.9984014443252818e-15,0.004437900002812967
2275,WMI,250,1996,4,159,1.0128861796795229e-14,1.7763568394002505e-15,0.00030220000189729035
2276,ISM,250,1996,4,159,0.2661360960056744,0.00794331909023338,0.001053600019076839
2277,DI,250,1996,4,160,9.979231832039713e-15,1.9984014443252818e-15,0.004029599978821352
2278,WMI,250,1996,4,160,1.0128861796795229e-14,1.7763568394002505e-15,0.0001708999916445464
2279,ISM,250,1996,4,160,0.2661360960056744,0.00794331909023338,0.0010036000167019665
2280,DI,250,1996,4,161,9.979231832039713e-15,1.9984014443252818e-15,0.003871699998853728
2281,WMI,250,1996,4,161,1.0128861796795229e-14,1.7763568394002505e-15,0.00028559999191202223
2282,ISM,250,1996,4,161,0.2661360960056744,0.00794331909023338,0.0010124999971594661
2283,DI,250,1996,4,162,9.979231832039713e-15,1.9984014443252818e-15,0.0037102000205777586
2284,WMI,250,1996,4,162,1.0128861796795229e-14,1.7763568394002505e-15,0.00031099998159334064
2285,ISM,250,1996,4,162,0.2661360960056744,0.00794331909023338,0.00047920001088641584
2286,DI,250,1996,4,163,9.979231832039713e-15,1.9984014443252818e-15,0.00363729998935014
2287,WMI,250,1996,4,163,1.0128861796795229e-14,1.7763568394002505e-15,0.00028909998945891857
2288,ISM,250,1996,4,163,0.2661360960056744,0.00794331909023338,0.0007808000082150102
2289,DI,250,1996,4,164,9.979231832039713e-15,1.9984014443252818e-15,0.0037499000027310103
2290,WMI,250,1996,4,164,1.0128861796795229e-14,1.7763568394002505e-15,0.00016360002337023616
2291,ISM,250,1996,4,164,0.2661360960056744,0.00794331909023338,0.0004565000126603991
2292,DI,250,1996,4,165,9.979231832039713e-15,1.9984014443252818e-15,0.003500599996186793
2293,WMI,250,1996,4,165,1.0128861796795229e-14,1.7763568394002505e-15,0.00020220002625137568
2294,ISM,250,1996,4,165,0.2661360960056744,0.00794331909023338,0.00045819999650120735
2295,DI,250,1996,4,166,9.979231832039713e-15,1.9984014443252818e-15,0.0034656000207178295
2296,WMI,250,1996,4,166,1.0128861796795229e-14,1.7763568394002505e-15,0.0003096000000368804
2297,ISM,250,1996,4,166,0.2661360960056744,0.00794331909023338,0.00047109997831285
2298,DI,250,1996,4,167,9.979231832039713e-15,1.9984014443252818e-15,0.0035937000066041946
2299,WMI,250,1996,4,167,1.0128861796795229e-14,1.7763568394002505e-15,0.0002772000152617693
2300,ISM,250,1996,4,167,0.2661360960056744,0.00794331909023338,0.00046710000606253743
2301,DI,250,1996,4,168,9.979231832039713e-15,1.9984014443252818e-15,0.003647300007287413
2302,WMI,250,1996,4,168,1.0128861796795229e-14,1.7763568394002505e-15,0.00027119999867863953
2303,ISM,250,1996,4,168,0.2661360960056744,0.00794331909023338,0.0009623000223655254
2304,DI,250,1996,4,169,9.979231832039713e-15,1.9984014443252818e-15,0.004084099986357614
2305,WMI,250,1996,4,169,1.0128861796795229e-14,1.7763568394002505e-15,0.00016060000052675605
2306,ISM,250,1996,4,169,0.2661360960056744,0.00794331909023338,0.00046460001613013446
2307,DI,250,1996,4,170,9.979231832039713e-15,1.9984014443252818e-15,0.004131099994992837
2308,WMI,250,1996,4,170,1.0128861796795229e-14,1.7763568394002505e-15,0.00031659999513067305
2309,ISM,250,1996,4,170,0.2661360960056744,0.00794331909023338,0.0004810000245925039
2310,DI,250,1996,4,171,9.979231832039713e-15,1.9984014443252818e-15,0.0043809000053443015
2311,WMI,250,1996,4,171,1.0128861796795229e-14,1.7763568394002505e-15,0.0001388999808114022
2312,ISM,250,1996,4,171,0.2661360960056744,0.00794331909023338,0.0004549000004772097
2313,DI,250,1996,4,172,9.979231832039713e-15,1.9984014443252818e-15,0.004035399993881583
2314,WMI,250,1996,4,172,1.0128861796795229e-14,1.7763568394002505e-15,0.00017179999849759042
2315,ISM,250,1996,4,172,0.2661360960056744,0.00794331909023338,0.00047289999201893806
2316,DI,250,1996,4,173,9.979231832039713e-15,1.9984014443252818e-15,0.0038619999832008034
2317,WMI,250,1996,4,173,1.0128861796795229e-14,1.7763568394002505e-15,0.0003192999865859747
2318,ISM,250,1996,4,173,0.2661360960056744,0.00794331909023338,0.0007272000075317919
2319,DI,250,1996,4,174,9.979231832039713e-15,1.9984014443252818e-15,0.0037868999934289604
2320,WMI,250,1996,4,174,1.0128861796795229e-14,1.7763568394002505e-15,0.00032029999420046806
2321,ISM,250,1996,4,174,0.2661360960056744,0.00794331909023338,0.0004882999928668141
2322,DI,250,1996,4,175,9.979231832039713e-15,1.9984014443252818e-15,0.0033198999881278723
2323,WMI,250,1996,4,175,1.0128861796795229e-14,1.7763568394002505e-15,0.00015239999629557133
2324,ISM,250,1996,4,175,0.2661360960056744,0.00794331909023338,0.0004566999850794673
2325,DI,250,1996,4,176,9.979231832039713e-15,1.9984014443252818e-15,0.0035189999907743186
2326,WMI,250,1996,4,176,1.0128861796795229e-14,1.7763568394002505e-15,0.00016659998800605536
2327,ISM,250,1996,4,176,0.2661360960056744,0.00794331909023338,0.0009349999891128391
2328,DI,250,1996,4,177,9.979231832039713e-15,1.9984014443252818e-15,0.0031627000134903938
2329,WMI,250,1996,4,177,1.0128861796795229e-14,1.7763568394002505e-15,0.0003497999859973788
2330,ISM,250,1996,4,177,0.2661360960056744,0.00794331909023338,0.0004923999949824065
2331,DI,250,1996,4,178,9.979231832039713e-15,1.9984014443252818e-15,0.003327400016132742
2332,WMI,250,1996,4,178,1.0128861796795229e-14,1.7763568394002505e-15,0.00016859997413121164
2333,ISM,250,1996,4,178,0.2661360960056744,0.00794331909023338,0.0011027000145986676
2334,DI,250,1996,4,179,9.979231832039713e-15,1.9984014443252818e-15,0.0032353000133298337
2335,WMI,250,1996,4,179,1.0128861796795229e-14,1.7763568394002505e-15,0.00026199998683296144
2336,ISM,250,1996,4,179,0.2661360960056744,0.00794331909023338,0.0009608000109437853
2337,DI,250,1996,4,180,9.979231832039713e-15,1.9984014443252818e-15,0.003073300002142787
2338,WMI,250,1996,4,180,1.0128861796795229e-14,1.7763568394002505e-15,0.0001537999778520316
2339,ISM,250,1996,4,180,0.2661360960056744,0.00794331909023338,0.0004628000024240464
2340,DI,250,1996,4,181,9.979231832039713e-15,1.9984014443252818e-15,0.0035337999870534986
2341,WMI,250,1996,4,181,1.0128861796795229e-14,1.7763568394002505e-15,0.0002618999860715121
2342,ISM,250,1996,4,181,0.2661360960056744,0.00794331909023338,0.0004873999860137701
2343,DI,250,1996,4,182,9.979231832039713e-15,1.9984014443252818e-15,0.003131700010271743
2344,WMI,250,1996,4,182,1.0128861796795229e-14,1.7763568394002505e-15,0.00015539999003522098
2345,ISM,250,1996,4,182,0.2661360960056744,0.00794331909023338,0.00045289998524822295
2346,DI,250,1996,4,183,9.979231832039713e-15,1.9984014443252818e-15,0.0035470000002533197
2347,WMI,250,1996,4,183,1.0128861796795229e-14,1.7763568394002505e-15,0.00027910000062547624
2348,ISM,250,1996,4,183,0.2661360960056744,0.00794331909023338,0.0009545999928377569
2349,DI,250,1996,4,184,9.979231832039713e-15,1.9984014443252818e-15,0.0033027000026777387
2350,WMI,250,1996,4,184,1.0128861796795229e-14,1.7763568394002505e-15,0.00016789999790489674
2351,ISM,250,1996,4,184,0.2661360960056744,0.00794331909023338,0.0004880000196862966
2352,DI,250,1996,4,185,9.979231832039713e-15,1.9984014443252818e-15,0.0033004000142682344
2353,WMI,250,1996,4,185,1.0128861796795229e-14,1.7763568394002505e-15,0.00024080000002868474
2354,ISM,250,1996,4,185,0.2661360960056744,0.00794331909023338,0.0010198999952990562
2355,DI,250,1996,4,186,9.979231832039713e-15,1.9984014443252818e-15,0.0031734000076539814
2356,WMI,250,1996,4,186,1.0128861796795229e-14,1.7763568394002505e-15,0.00015020000864751637
2357,ISM,250,1996,4,186,0.2661360960056744,0.00794331909023338,0.0004591000033542514
2358,DI,250,1996,4,187,9.979231832039713e-15,1.9984014443252818e-15,0.0033250999986194074
2359,WMI,250,1996,4,187,1.0128861796795229e-14,1.7763568394002505e-15,0.00018549998640082777
2360,ISM,250,1996,4,187,0.2661360960056744,0.00794331909023338,0.00045059999683871865
2361,DI,250,1996,4,188,9.979231832039713e-15,1.9984014443252818e-15,0.0036594000121112913
2362,WMI,250,1996,4,188,1.0128861796795229e-14,1.7763568394002505e-15,0.00046150002162903547
2363,ISM,250,1996,4,188,0.2661360960056744,0.00794331909023338,0.0011812000011559576
2364,DI,250,1996,4,189,9.979231832039713e-15,1.9984014443252818e-15,0.0036085000028833747
2365,WMI,250,1996,4,189,1.0128861796795229e-14,1.7763568394002505e-15,0.00016679998952895403
2366,ISM,250,1996,4,189,0.2661360960056744,0.00794331909023338,0.0010241999989375472
2367,DI,250,1996,4,190,9.979231832039713e-15,1.9984014443252818e-15,0.0033119999861810356
2368,WMI,250,1996,4,190,1.0128861796795229e-14,1.7763568394002505e-15,0.00028490001568570733
2369,ISM,250,1996,4,190,0.2661360960056744,0.00794331909023338,0.0004769999941345304
2370,DI,250,1996,4,191,9.979231832039713e-15,1.9984014443252818e-15,0.003395700012333691
2371,WMI,250,1996,4,191,1.0128861796795229e-14,1.7763568394002505e-15,0.0003559000033419579
2372,ISM,250,1996,4,191,0.2661360960056744,0.00794331909023338,0.00047420000191777945
2373,DI,250,1996,4,192,9.979231832039713e-15,1.9984014443252818e-15,0.0034241999965161085
2374,WMI,250,1996,4,192,1.0128861796795229e-14,1.7763568394002505e-15,0.00032049999572336674
2375,ISM,250,1996,4,192,0.2661360960056744,0.00794331909023338,0.0004585999995470047
2376,DI,250,1996,4,193,9.979231832039713e-15,1.9984014443252818e-15,0.0030765999981667846
2377,WMI,250,1996,4,193,1.0128861796795229e-14,1.7763568394002505e-15,0.00022849999368190765
2378,ISM,250,1996,4,193,0.2661360960056744,0.00794331909023338,0.0004501999937929213
2379,DI,250,1996,4,194,9.979231832039713e-15,1.9984014443252818e-15,0.0032497000065632164
2380,WMI,250,1996,4,194,1.0128861796795229e-14,1.7763568394002505e-15,0.00029650001670233905
2381,ISM,250,1996,4,194,0.2661360960056744,0.00794331909023338,0.00047539998195134103
2382,DI,250,1996,4,195,9.979231832039713e-15,1.9984014443252818e-15,0.0032167999888770282
2383,WMI,250,1996,4,195,1.0128861796795229e-14,1.7763568394002505e-15,0.00015769997844472528
2384,ISM,250,1996,4,195,0.2661360960056744,0.00794331909023338,0.0009588999964762479
2385,DI,250,1996,4,196,9.979231832039713e-15,1.9984014443252818e-15,0.003344600001582876
2386,WMI,250,1996,4,196,1.0128861796795229e-14,1.7763568394002505e-15,0.00014670001110062003
2387,ISM,250,1996,4,196,0.2661360960056744,0.00794331909023338,0.0009802999848034233
2388,DI,250,1996,4,197,9.979231832039713e-15,1.9984014443252818e-15,0.0034558000043034554
2389,WMI,250,1996,4,197,1.0128861796795229e-14,1.7763568394002505e-15,0.0005483000131789595
2390,ISM,250,1996,4,197,0.2661360960056744,0.00794331909023338,0.0004639000107999891
2391,DI,250,1996,4,198,9.979231832039713e-15,1.9984014443252818e-15,0.00332469999557361
2392,WMI,250,1996,4,198,1.0128861796795229e-14,1.7763568394002505e-15,0.00015609999536536634
2393,ISM,250,1996,4,198,0.2661360960056744,0.00794331909023338,0.00047339999582618475
2394,DI,250,1996,4,199,9.979231832039713e-15,1.9984014443252818e-15,0.003190299990819767
2395,WMI,250,1996,4,199,1.0128861796795229e-14,1.7763568394002505e-15,0.00014150000060908496
2396,ISM,250,1996,4,199,0.2661360960056744,0.00794331909023338,0.0009567999804858118
2397,DI,250,1996,4,200,9.979231832039713e-15,1.9984014443252818e-15,0.0034023000043816864
2398,WMI,250,1996,4,200,1.0128861796795229e-14,1.7763568394002505e-15,0.0001509999856352806
2399,ISM,250,1996,4,200,0.2661360960056744,0.00794331909023338,0.0004950999864377081
2400,DI,250,1995,5,1,9.779039289632971e-15,1.887379141862766e-15,0.0036068000190425664
2401,WMI,250,1995,5,1,9.789024838177593e-15,1.7763568394002505e-15,0.00019520000205375254
2402,ISM,250,1995,5,1,0.31232796640857285,0.010675484762190601,0.0005818999779876322
2403,DI,250,1995,5,2,9.779039289632971e-15,1.887379141862766e-15,0.00419590002275072
2404,WMI,250,1995,5,2,9.789024838177593e-15,1.7763568394002505e-15,0.00036360000376589596
2405,ISM,250,1995,5,2,0.31232796640857285,0.010675484762190601,0.0005909999890718609
2406,DI,250,1995,5,3,9.779039289632971e-15,1.887379141862766e-15,0.003272199974162504
2407,WMI,250,1995,5,3,9.789024838177593e-15,1.7763568394002505e-15,0.0003479000006336719
2408,ISM,250,1995,5,3,0.31232796640857285,0.010675484762190601,0.0005748999828938395
2409,DI,250,1995,5,4,9.779039289632971e-15,1.887379141862766e-15,0.004006900009699166
2410,WMI,250,1995,5,4,9.789024838177593e-15,1.7763568394002505e-15,0.0003302000113762915
2411,ISM,250,1995,5,4,0.31232796640857285,0.010675484762190601,0.0008999999845400453
2412,DI,250,1995,5,5,9.779039289632971e-15,1.887379141862766e-15,0.004193499975372106
2413,WMI,250,1995,5,5,9.789024838177593e-15,1.7763568394002505e-15,0.0005181000160519034
2414,ISM,250,1995,5,5,0.31232796640857285,0.010675484762190601,0.0007513999880757183
2415,DI,250,1995,5,6,9.779039289632971e-15,1.887379141862766e-15,0.003257699980167672
2416,WMI,250,1995,5,6,9.789024838177593e-15,1.7763568394002505e-15,0.00017839999054558575
2417,ISM,250,1995,5,6,0.31232796640857285,0.010675484762190601,0.0005953999934718013
2418,DI,250,1995,5,7,9.779039289632971e-15,1.887379141862766e-15,0.0035090000019408762
2419,WMI,250,1995,5,7,9.789024838177593e-15,1.7763568394002505e-15,0.00032339998870156705
2420,ISM,250,1995,5,7,0.31232796640857285,0.010675484762190601,0.0017290999821852893
2421,DI,250,1995,5,8,9.779039289632971e-15,1.887379141862766e-15,0.004177499999059364
2422,WMI,250,1995,5,8,9.789024838177593e-15,1.7763568394002505e-15,0.0003793999785557389
2423,ISM,250,1995,5,8,0.31232796640857285,0.010675484762190601,0.0014584000164177269
2424,DI,250,1995,5,9,9.779039289632971e-15,1.887379141862766e-15,0.003351799998199567
2425,WMI,250,1995,5,9,9.789024838177593e-15,1.7763568394002505e-15,0.00043819998973049223
2426,ISM,250,1995,5,9,0.31232796640857285,0.010675484762190601,0.0006067000213079154
2427,DI,250,1995,5,10,9.779039289632971e-15,1.887379141862766e-15,0.00319429999217391
2428,WMI,250,1995,5,10,9.789024838177593e-15,1.7763568394002505e-15,0.0003039000148419291
2429,ISM,250,1995,5,10,0.31232796640857285,0.010675484762190601,0.0005833999894093722
2430,DI,250,1995,5,11,9.779039289632971e-15,1.887379141862766e-15,0.003296300012152642
2431,WMI,250,1995,5,11,9.789024838177593e-15,1.7763568394002505e-15,0.00020229999790899456
2432,ISM,250,1995,5,11,0.31232796640857285,0.010675484762190601,0.0009077999857254326
2433,DI,250,1995,5,12,9.779039289632971e-15,1.887379141862766e-15,0.0034222000103909522
2434,WMI,250,1995,5,12,9.789024838177593e-15,1.7763568394002505e-15,0.0002998000127263367
2435,ISM,250,1995,5,12,0.31232796640857285,0.010675484762190601,0.0005887000006623566
2436,DI,250,1995,5,13,9.779039289632971e-15,1.887379141862766e-15,0.0033340999798383564
2437,WMI,250,1995,5,13,9.789024838177593e-15,1.7763568394002505e-15,0.0003164999943692237
2438,ISM,250,1995,5,13,0.31232796640857285,0.010675484762190601,0.0005912999913562089
2439,DI,250,1995,5,14,9.779039289632971e-15,1.887379141862766e-15,0.003723600006196648
2440,WMI,250,1995,5,14,9.789024838177593e-15,1.7763568394002505e-15,0.0003311999898869544
2441,ISM,250,1995,5,14,0.31232796640857285,0.010675484762190601,0.0013703999866265804
2442,DI,250,1995,5,15,9.779039289632971e-15,1.887379141862766e-15,0.003295700007583946
2443,WMI,250,1995,5,15,9.789024838177593e-15,1.7763568394002505e-15,0.00018629999249242246
2444,ISM,250,1995,5,15,0.31232796640857285,0.010675484762190601,0.001639399997657165
2445,DI,250,1995,5,16,9.779039289632971e-15,1.887379141862766e-15,0.0032094999914988875
2446,WMI,250,1995,5,16,9.789024838177593e-15,1.7763568394002505e-15,0.00016149997827596962
2447,ISM,250,1995,5,16,0.31232796640857285,0.010675484762190601,0.0005718999891541898
2448,DI,250,1995,5,17,9.779039289632971e-15,1.887379141862766e-15,0.0035533000191207975
2449,WMI,250,1995,5,17,9.789024838177593e-15,1.7763568394002505e-15,0.00017439998919144273
2450,ISM,250,1995,5,17,0.31232796640857285,0.010675484762190601,0.0005875999922864139
2451,DI,250,1995,5,18,9.779039289632971e-15,1.887379141862766e-15,0.0031169999856501818
2452,WMI,250,1995,5,18,9.789024838177593e-15,1.7763568394002505e-15,0.00018190001719631255
2453,ISM,250,1995,5,18,0.31232796640857285,0.010675484762190601,0.0012406999885570258
2454,DI,250,1995,5,19,9.779039289632971e-15,1.887379141862766e-15,0.0033195000141859055
2455,WMI,250,1995,5,19,9.789024838177593e-15,1.7763568394002505e-15,0.00037209998117759824
2456,ISM,250,1995,5,19,0.31232796640857285,0.010675484762190601,0.0015285999979823828
2457,DI,250,1995,5,20,9.779039289632971e-15,1.887379141862766e-15,0.003971500002080575
2458,WMI,250,1995,5,20,9.789024838177593e-15,1.7763568394002505e-15,0.0003066000062972307
2459,ISM,250,1995,5,20,0.31232796640857285,0.010675484762190601,0.0007404999923892319
2460,DI,250,1995,5,21,9.779039289632971e-15,1.887379141862766e-15,0.003204199980245903
2461,WMI,250,1995,5,21,9.789024838177593e-15,1.7763568394002505e-15,0.0004914999881293625
2462,ISM,250,1995,5,21,0.31232796640857285,0.010675484762190601,0.0010618999949656427
2463,DI,250,1995,5,22,9.779039289632971e-15,1.887379141862766e-15,0.003924499993445352
2464,WMI,250,1995,5,22,9.789024838177593e-15,1.7763568394002505e-15,0.00040889999945648015
2465,ISM,250,1995,5,22,0.31232796640857285,0.010675484762190601,0.0013712999934796244
2466,DI,250,1995,5,23,9.779039289632971e-15,1.887379141862766e-15,0.003636500012362376
2467,WMI,250,1995,5,23,9.789024838177593e-15,1.7763568394002505e-15,0.00019839999731630087
2468,ISM,250,1995,5,23,0.31232796640857285,0.010675484762190601,0.0011984999873675406
2469,DI,250,1995,5,24,9.779039289632971e-15,1.887379141862766e-15,0.003429699980188161
2470,WMI,250,1995,5,24,9.789024838177593e-15,1.7763568394002505e-15,0.000159399991389364
2471,ISM,250,1995,5,24,0.31232796640857285,0.010675484762190601,0.0005883999983780086
2472,DI,250,1995,5,25,9.779039289632971e-15,1.887379141862766e-15,0.003202899999450892
2473,WMI,250,1995,5,25,9.789024838177593e-15,1.7763568394002505e-15,0.00015720000374130905
2474,ISM,250,1995,5,25,0.31232796640857285,0.010675484762190601,0.0012786000152118504
2475,DI,250,1995,5,26,9.779039289632971e-15,1.887379141862766e-15,0.0034511999983806163
2476,WMI,250,1995,5,26,9.789024838177593e-15,1.7763568394002505e-15,0.00019010002142749727
2477,ISM,250,1995,5,26,0.31232796640857285,0.010675484762190601,0.0009747000003699213
2478,DI,250,1995,5,27,9.779039289632971e-15,1.887379141862766e-15,0.0032733000116422772
2479,WMI,250,1995,5,27,9.789024838177593e-15,1.7763568394002505e-15,0.0003311999898869544
2480,ISM,250,1995,5,27,0.31232796640857285,0.010675484762190601,0.0006419999990612268
2481,DI,250,1995,5,28,9.779039289632971e-15,1.887379141862766e-15,0.003400200017495081
2482,WMI,250,1995,5,28,9.789024838177593e-15,1.7763568394002505e-15,0.00033790001180022955
2483,ISM,250,1995,5,28,0.31232796640857285,0.010675484762190601,0.0007062000222504139
2484,DI,250,1995,5,29,9.779039289632971e-15,1.887379141862766e-15,0.003623099997639656
2485,WMI,250,1995,5,29,9.789024838177593e-15,1.7763568394002505e-15,0.00045720001799054444
2486,ISM,250,1995,5,29,0.31232796640857285,0.010675484762190601,0.0007583000115118921
2487,DI,250,1995,5,30,9.779039289632971e-15,1.887379141862766e-15,0.003991900011897087
2488,WMI,250,1995,5,30,9.789024838177593e-15,1.7763568394002505e-15,0.00021630001720041037
2489,ISM,250,1995,5,30,0.31232796640857285,0.010675484762190601,0.000604200002271682
2490,DI,250,1995,5,31,9.779039289632971e-15,1.887379141862766e-15,0.003536900010658428
2491,WMI,250,1995,5,31,9.789024838177593e-15,1.7763568394002505e-15,0.0003194000164512545
2492,ISM,250,1995,5,31,0.31232796640857285,0.010675484762190601,0.0021852999925613403
2493,DI,250,1995,5,32,9.779039289632971e-15,1.887379141862766e-15,0.003765500005101785
2494,WMI,250,1995,5,32,9.789024838177593e-15,1.7763568394002505e-15,0.0004450000124052167
2495,ISM,250,1995,5,32,0.31232796640857285,0.010675484762190601,0.0014356000174302608
2496,DI,250,1995,5,33,9.779039289632971e-15,1.887379141862766e-15,0.004414399998495355
2497,WMI,250,1995,5,33,9.789024838177593e-15,1.7763568394002505e-15,0.0006407000182662159
2498,ISM,250,1995,5,33,0.31232796640857285,0.010675484762190601,0.0010860000038519502
2499,DI,250,1995,5,34,9.779039289632971e-15,1.887379141862766e-15,0.0031686000002082437
2500,WMI,250,1995,5,34,9.789024838177593e-15,1.7763568394002505e-15,0.00017079999088309705
2501,ISM,250,1995,5,34,0.31232796640857285,0.010675484762190601,0.000613199983490631
2502,DI,250,1995,5,35,9.779039289632971e-15,1.887379141862766e-15,0.0037502000050153583
2503,WMI,250,1995,5,35,9.789024838177593e-15,1.7763568394002505e-15,0.0003738999948836863
2504,ISM,250,1995,5,35,0.31232796640857285,0.010675484762190601,0.0007450000266544521
2505,DI,250,1995,5,36,9.779039289632971e-15,1.887379141862766e-15,0.004368800000520423
2506,WMI,250,1995,5,36,9.789024838177593e-15,1.7763568394002505e-15,0.0003080999886151403
2507,ISM,250,1995,5,36,0.31232796640857285,0.010675484762190601,0.0007217999955173582
2508,DI,250,1995,5,37,9.779039289632971e-15,1.887379141862766e-15,0.0032909000001382083
2509,WMI,250,1995,5,37,9.789024838177593e-15,1.7763568394002505e-15,0.00018539998563937843
2510,ISM,250,1995,5,37,0.31232796640857285,0.010675484762190601,0.0012611999991349876
2511,DI,250,1995,5,38,9.779039289632971e-15,1.887379141862766e-15,0.0032863999949768186
2512,WMI,250,1995,5,38,9.789024838177593e-15,1.7763568394002505e-15,0.00018549998640082777
2513,ISM,250,1995,5,38,0.31232796640857285,0.010675484762190601,0.0005975000094622374
2514,DI,250,1995,5,39,9.779039289632971e-15,1.887379141862766e-15,0.003725599992321804
2515,WMI,250,1995,5,39,9.789024838177593e-15,1.7763568394002505e-15,0.0003377000102773309
2516,ISM,250,1995,5,39,0.31232796640857285,0.010675484762190601,0.0007344000041484833
2517,DI,250,1995,5,40,9.779039289632971e-15,1.887379141862766e-15,0.0036619000020436943
2518,WMI,250,1995,5,40,9.789024838177593e-15,1.7763568394002505e-15,0.0003220000071451068
2519,ISM,250,1995,5,40,0.31232796640857285,0.010675484762190601,0.0015960000164341182
2520,DI,250,1995,5,41,9.779039289632971e-15,1.887379141862766e-15,0.0038702000165358186
2521,WMI,250,1995,5,41,9.789024838177593e-15,1.7763568394002505e-15,0.0001959000073838979
2522,ISM,250,1995,5,41,0.31232796640857285,0.010675484762190601,0.0005988999910186976
2523,DI,250,1995,5,42,9.779039289632971e-15,1.887379141862766e-15,0.003357500012498349
2524,WMI,250,1995,5,42,9.789024838177593e-15,1.7763568394002505e-15,0.0005720000190194696
2525,ISM,250,1995,5,42,0.31232796640857285,0.010675484762190601,0.000766699988162145
2526,DI,250,1995,5,43,9.779039289632971e-15,1.887379141862766e-15,0.003930000006221235
2527,WMI,250,1995,5,43,9.789024838177593e-15,1.7763568394002505e-15,0.00034229998709633946
2528,ISM,250,1995,5,43,0.31232796640857285,0.010675484762190601,0.0007982999959494919
2529,DI,250,1995,5,44,9.779039289632971e-15,1.887379141862766e-15,0.0032361000194214284
2530,WMI,250,1995,5,44,9.789024838177593e-15,1.7763568394002505e-15,0.0001866999955382198
2531,ISM,250,1995,5,44,0.31232796640857285,0.010675484762190601,0.0005978999834042042
2532,DI,250,1995,5,45,9.779039289632971e-15,1.887379141862766e-15,0.0035745000059250742
2533,WMI,250,1995,5,45,9.789024838177593e-15,1.7763568394002505e-15,0.00042260001646354795
2534,ISM,250,1995,5,45,0.31232796640857285,0.010675484762190601,0.0006249000143725425
2535,DI,250,1995,5,46,9.779039289632971e-15,1.887379141862766e-15,0.0036130000080447644
2536,WMI,250,1995,5,46,9.789024838177593e-15,1.7763568394002505e-15,0.0005538999976124614
2537,ISM,250,1995,5,46,0.31232796640857285,0.010675484762190601,0.0014986000023782253
2538,DI,250,1995,5,47,9.779039289632971e-15,1.887379141862766e-15,0.0036247000098228455
2539,WMI,250,1995,5,47,9.789024838177593e-15,1.7763568394002505e-15,0.00032190000638365746
2540,ISM,250,1995,5,47,0.31232796640857285,0.010675484762190601,0.0009501000167801976
2541,DI,250,1995,5,48,9.779039289632971e-15,1.887379141862766e-15,0.003322299977298826
2542,WMI,250,1995,5,48,9.789024838177593e-15,1.7763568394002505e-15,0.00017400001524947584
2543,ISM,250,1995,5,48,0.31232796640857285,0.010675484762190601,0.0005791000148747116
2544,DI,250,1995,5,49,9.779039289632971e-15,1.887379141862766e-15,0.0033943000016734004
2545,WMI,250,1995,5,49,9.789024838177593e-15,1.7763568394002505e-15,0.0005265000218059868
2546,ISM,250,1995,5,49,0.31232796640857285,0.010675484762190601,0.0007715999963693321
2547,DI,250,1995,5,50,9.779039289632971e-15,1.887379141862766e-15,0.003532900009304285
2548,WMI,250,1995,5,50,9.789024838177593e-15,1.7763568394002505e-15,0.00047279999125748873
2549,ISM,250,1995,5,50,0.31232796640857285,0.010675484762190601,0.0014565000019501895
2550,DI,250,1995,5,51,9.779039289632971e-15,1.887379141862766e-15,0.0034915999858640134
2551,WMI,250,1995,5,51,9.789024838177593e-15,1.7763568394002505e-15,0.00018289999570697546
2552,ISM,250,1995,5,51,0.31232796640857285,0.010675484762190601,0.0022524000087287277
2553,DI,250,1995,5,52,9.779039289632971e-15,1.887379141862766e-15,0.0045159000146668404
2554,WMI,250,1995,5,52,9.789024838177593e-15,1.7763568394002505e-15,0.0003893999964930117
2555,ISM,250,1995,5,52,0.31232796640857285,0.010675484762190601,0.0012503000034485012
2556,DI,250,1995,5,53,9.779039289632971e-15,1.887379141862766e-15,0.004636600002413616
2557,WMI,250,1995,5,53,9.789024838177593e-15,1.7763568394002505e-15,0.0005787000118289143
2558,ISM,250,1995,5,53,0.31232796640857285,0.010675484762190601,0.002160399977583438
2559,DI,250,1995,5,54,9.779039289632971e-15,1.887379141862766e-15,0.005572200025198981
2560,WMI,250,1995,5,54,9.789024838177593e-15,1.7763568394002505e-15,0.000585700006922707
2561,ISM,250,1995,5,54,0.31232796640857285,0.010675484762190601,0.0015833000070415437
2562,DI,250,1995,5,55,9.779039289632971e-15,1.887379141862766e-15,0.004822100017918274
2563,WMI,250,1995,5,55,9.789024838177593e-15,1.7763568394002505e-15,0.00037289998726919293
2564,ISM,250,1995,5,55,0.31232796640857285,0.010675484762190601,0.0011727999954018742
2565,DI,250,1995,5,56,9.779039289632971e-15,1.887379141862766e-15,0.004565100010950118
2566,WMI,250,1995,5,56,9.789024838177593e-15,1.7763568394002505e-15,0.0004453999863471836
2567,ISM,250,1995,5,56,0.31232796640857285,0.010675484762190601,0.001417599996784702
2568,DI,250,1995,5,57,9.779039289632971e-15,1.887379141862766e-15,0.004680999991251156
2569,WMI,250,1995,5,57,9.789024838177593e-15,1.7763568394002505e-15,0.0005564999883063138
2570,ISM,250,1995,5,57,0.31232796640857285,0.010675484762190601,0.0013307000044733286
2571,DI,250,1995,5,58,9.779039289632971e-15,1.887379141862766e-15,0.004103200015379116
2572,WMI,250,1995,5,58,9.789024838177593e-15,1.7763568394002505e-15,0.00034020000020973384
2573,ISM,250,1995,5,58,0.31232796640857285,0.010675484762190601,0.0006073999975342304
2574,DI,250,1995,5,59,9.779039289632971e-15,1.887379141862766e-15,0.003755399986403063
2575,WMI,250,1995,5,59,9.789024838177593e-15,1.7763568394002505e-15,0.00031269999453797936
2576,ISM,250,1995,5,59,0.31232796640857285,0.010675484762190601,0.0005718999891541898
2577,DI,250,1995,5,60,9.779039289632971e-15,1.887379141862766e-15,0.004183299985015765
2578,WMI,250,1995,5,60,9.789024838177593e-15,1.7763568394002505e-15,0.0003114999854005873
2579,ISM,250,1995,5,60,0.31232796640857285,0.010675484762190601,0.0014287999947555363
2580,DI,250,1995,5,61,9.779039289632971e-15,1.887379141862766e-15,0.004277000000001863
2581,WMI,250,1995,5,61,9.789024838177593e-15,1.7763568394002505e-15,0.00045530000352300704
2582,ISM,250,1995,5,61,0.31232796640857285,0.010675484762190601,0.00151119998190552
2583,DI,250,1995,5,62,9.779039289632971e-15,1.887379141862766e-15,0.00378989998716861
2584,WMI,250,1995,5,62,9.789024838177593e-15,1.7763568394002505e-15,0.0003567000094335526
2585,ISM,250,1995,5,62,0.31232796640857285,0.010675484762190601,0.0005898000090382993
2586,DI,250,1995,5,63,9.779039289632971e-15,1.887379141862766e-15,0.00444920000154525
2587,WMI,250,1995,5,63,9.789024838177593e-15,1.7763568394002505e-15,0.0004490000137593597
2588,ISM,250,1995,5,63,0.31232796640857285,0.010675484762190601,0.0009497000137344003
2589,DI,250,1995,5,64,9.779039289632971e-15,1.887379141862766e-15,0.004077000019606203
2590,WMI,250,1995,5,64,9.789024838177593e-15,1.7763568394002505e-15,0.0005619000003207475
2591,ISM,250,1995,5,64,0.31232796640857285,0.010675484762190601,0.0013000000035390258
2592,DI,250,1995,5,65,9.779039289632971e-15,1.887379141862766e-15,0.0035670999786816537
2593,WMI,250,1995,5,65,9.789024838177593e-15,1.7763568394002505e-15,0.00030670000705868006
2594,ISM,250,1995,5,65,0.31232796640857285,0.010675484762190601,0.0005764999950770289
2595,DI,250,1995,5,66,9.779039289632971e-15,1.887379141862766e-15,0.0037071999977342784
2596,WMI,250,1995,5,66,9.789024838177593e-15,1.7763568394002505e-15,0.000291000003926456
2597,ISM,250,1995,5,66,0.31232796640857285,0.010675484762190601,0.0011983999866060913
2598,DI,250,1995,5,67,9.779039289632971e-15,1.887379141862766e-15,0.003918000002158806
2599,WMI,250,1995,5,67,9.789024838177593e-15,1.7763568394002505e-15,0.0005104000156279653
2600,ISM,250,1995,5,67,0.31232796640857285,0.010675484762190601,0.0013245000154711306
2601,DI,250,1995,5,68,9.779039289632971e-15,1.887379141862766e-15,0.004065700020873919
2602,WMI,250,1995,5,68,9.789024838177593e-15,1.7763568394002505e-15,0.0008475000213366002
2603,ISM,250,1995,5,68,0.31232796640857285,0.010675484762190601,0.0011040999961551279
2604,DI,250,1995,5,69,9.779039289632971e-15,1.887379141862766e-15,0.003876500006299466
2605,WMI,250,1995,5,69,9.789024838177593e-15,1.7763568394002505e-15,0.0001686000032350421
2606,ISM,250,1995,5,69,0.31232796640857285,0.010675484762190601,0.0005696000007446855
2607,DI,250,1995,5,70,9.779039289632971e-15,1.887379141862766e-15,0.004438200005097315
2608,WMI,250,1995,5,70,9.789024838177593e-15,1.7763568394002505e-15,0.0003349999897181988
2609,ISM,250,1995,5,70,0.31232796640857285,0.010675484762190601,0.0013658000098075718
2610,DI,250,1995,5,71,9.779039289632971e-15,1.887379141862766e-15,0.004020599997602403
2611,WMI,250,1995,5,71,9.789024838177593e-15,1.7763568394002505e-15,0.0003451999800745398
2612,ISM,250,1995,5,71,0.31232796640857285,0.010675484762190601,0.0015147000085562468
2613,DI,250,1995,5,72,9.779039289632971e-15,1.887379141862766e-15,0.004035999998450279
2614,WMI,250,1995,5,72,9.789024838177593e-15,1.7763568394002505e-15,0.00034810000215657055
2615,ISM,250,1995,5,72,0.31232796640857285,0.010675484762190601,0.0006228999991435558
2616,DI,250,1995,5,73,9.779039289632971e-15,1.887379141862766e-15,0.003612000000430271
2617,WMI,250,1995,5,73,9.789024838177593e-15,1.7763568394002505e-15,0.00032049999572336674
2618,ISM,250,1995,5,73,0.31232796640857285,0.010675484762190601,0.0012291999883018434
2619,DI,250,1995,5,74,9.779039289632971e-15,1.887379141862766e-15,0.004873500001849607
2620,WMI,250,1995,5,74,9.789024838177593e-15,1.7763568394002505e-15,0.00035990000469610095
2621,ISM,250,1995,5,74,0.31232796640857285,0.010675484762190601,0.0007583000115118921
2622,DI,250,1995,5,75,9.779039289632971e-15,1.887379141862766e-15,0.004577499988954514
2623,WMI,250,1995,5,75,9.789024838177593e-15,1.7763568394002505e-15,0.0005564000166486949
2624,ISM,250,1995,5,75,0.31232796640857285,0.010675484762190601,0.001819799974327907
2625,DI,250,1995,5,76,9.779039289632971e-15,1.887379141862766e-15,0.004512300016358495
2626,WMI,250,1995,5,76,9.789024838177593e-15,1.7763568394002505e-15,0.00039999998989515007
2627,ISM,250,1995,5,76,0.31232796640857285,0.010675484762190601,0.00060450000455603
2628,DI,250,1995,5,77,9.779039289632971e-15,1.887379141862766e-15,0.004301600012695417
2629,WMI,250,1995,5,77,9.789024838177593e-15,1.7763568394002505e-15,0.0004791999817825854
2630,ISM,250,1995,5,77,0.31232796640857285,0.010675484762190601,0.001370899990433827
2631,DI,250,1995,5,78,9.779039289632971e-15,1.887379141862766e-15,0.003973900020355359
2632,WMI,250,1995,5,78,9.789024838177593e-15,1.7763568394002505e-15,0.0004994999908376485
2633,ISM,250,1995,5,78,0.31232796640857285,0.010675484762190601,0.0014543000143021345
2634,DI,250,1995,5,79,9.779039289632971e-15,1.887379141862766e-15,0.00383139998302795
2635,WMI,250,1995,5,79,9.789024838177593e-15,1.7763568394002505e-15,0.00031800000579096377
2636,ISM,250,1995,5,79,0.31232796640857285,0.010675484762190601,0.0005718999891541898
2637,DI,250,1995,5,80,9.779039289632971e-15,1.887379141862766e-15,0.0035871000145561993
2638,WMI,250,1995,5,80,9.789024838177593e-15,1.7763568394002505e-15,0.0002747999969869852
2639,ISM,250,1995,5,80,0.31232796640857285,0.010675484762190601,0.0005649000231642276
2640,DI,250,1995,5,81,9.779039289632971e-15,1.887379141862766e-15,0.0036176000139676034
2641,WMI,250,1995,5,81,9.789024838177593e-15,1.7763568394002505e-15,0.0003643000090960413
2642,ISM,250,1995,5,81,0.31232796640857285,0.010675484762190601,0.0007582000107504427
2643,DI,250,1995,5,82,9.779039289632971e-15,1.887379141862766e-15,0.0035703000030480325
2644,WMI,250,1995,5,82,9.789024838177593e-15,1.7763568394002505e-15,0.00032970000756904483
2645,ISM,250,1995,5,82,0.31232796640857285,0.010675484762190601,0.001528500026324764
2646,DI,250,1995,5,83,9.779039289632971e-15,1.887379141862766e-15,0.0035057999775744975
2647,WMI,250,1995,5,83,9.789024838177593e-15,1.7763568394002505e-15,0.00017809998826123774
2648,ISM,250,1995,5,83,0.31232796640857285,0.010675484762190601,0.0005708999815396965
2649,DI,250,1995,5,84,9.779039289632971e-15,1.887379141862766e-15,0.0031851000094320625
2650,WMI,250,1995,5,84,9.789024838177593e-15,1.7763568394002505e-15,0.0003175000019837171
2651,ISM,250,1995,5,84,0.31232796640857285,0.010675484762190601,0.0007336999988183379
2652,DI,250,1995,5,85,9.779039289632971e-15,1.887379141862766e-15,0.0037210000155027956
2653,WMI,250,1995,5,85,9.789024838177593e-15,1.7763568394002505e-15,0.0005590000073425472
2654,ISM,250,1995,5,85,0.31232796640857285,0.010675484762190601,0.0007350000087171793
2655,DI,250,1995,5,86,9.779039289632971e-15,1.887379141862766e-15,0.0033230999833904207
2656,WMI,250,1995,5,86,9.789024838177593e-15,1.7763568394002505e-15,0.0003490000090096146
2657,ISM,250,1995,5,86,0.31232796640857285,0.010675484762190601,0.0005834999901708215
2658,DI,250,1995,5,87,9.779039289632971e-15,1.887379141862766e-15,0.0035066000127699226
2659,WMI,250,1995,5,87,9.789024838177593e-15,1.7763568394002505e-15,0.00029960001120343804
2660,ISM,250,1995,5,87,0.31232796640857285,0.010675484762190601,0.0006008999771438539
2661,DI,250,1995,5,88,9.779039289632971e-15,1.887379141862766e-15,0.0035909000143874437
2662,WMI,250,1995,5,88,9.789024838177593e-15,1.7763568394002505e-15,0.0003252000024076551
2663,ISM,250,1995,5,88,0.31232796640857285,0.010675484762190601,0.0010053000005427748
2664,DI,250,1995,5,89,9.779039289632971e-15,1.887379141862766e-15,0.0036905000160913914
2665,WMI,250,1995,5,89,9.789024838177593e-15,1.7763568394002505e-15,0.0004908000119030476
2666,ISM,250,1995,5,89,0.31232796640857285,0.010675484762190601,0.0009251000010408461
2667,DI,250,1995,5,90,9.779039289632971e-15,1.887379141862766e-15,0.00329510000301525
2668,WMI,250,1995,5,90,9.789024838177593e-15,1.7763568394002505e-15,0.00016339999274350703
2669,ISM,250,1995,5,90,0.31232796640857285,0.010675484762190601,0.0005569999921135604
2670,DI,250,1995,5,91,9.779039289632971e-15,1.887379141862766e-15,0.0033060999994631857
2671,WMI,250,1995,5,91,9.789024838177593e-15,1.7763568394002505e-15,0.00036700000055134296
2672,ISM,250,1995,5,91,0.31232796640857285,0.010675484762190601,0.0025682000268716365
2673,DI,250,1995,5,92,9.779039289632971e-15,1.887379141862766e-15,0.004294699989259243
2674,WMI,250,1995,5,92,9.789024838177593e-15,1.7763568394002505e-15,0.0005632000102195889
2675,ISM,250,1995,5,92,0.31232796640857285,0.010675484762190601,0.0007631999906152487
2676,DI,250,1995,5,93,9.779039289632971e-15,1.887379141862766e-15,0.004046999994898215
2677,WMI,250,1995,5,93,9.789024838177593e-15,1.7763568394002505e-15,0.00017680000746622682
2678,ISM,250,1995,5,93,0.31232796640857285,0.010675484762190601,0.0008040999819058925
2679,DI,250,1995,5,94,9.779039289632971e-15,1.887379141862766e-15,0.0037133999867364764
2680,WMI,250,1995,5,94,9.789024838177593e-15,1.7763568394002505e-15,0.0003336000081617385
2681,ISM,250,1995,5,94,0.31232796640857285,0.010675484762190601,0.0005810000002384186
2682,DI,250,1995,5,95,9.779039289632971e-15,1.887379141862766e-15,0.004236899985698983
2683,WMI,250,1995,5,95,9.789024838177593e-15,1.7763568394002505e-15,0.0005151999939698726
2684,ISM,250,1995,5,95,0.31232796640857285,0.010675484762190601,0.0008299000037368387
2685,DI,250,1995,5,96,9.779039289632971e-15,1.887379141862766e-15,0.004140100005315617
2686,WMI,250,1995,5,96,9.789024838177593e-15,1.7763568394002505e-15,0.000580100022489205
2687,ISM,250,1995,5,96,0.31232796640857285,0.010675484762190601,0.0014792000001762062
2688,DI,250,1995,5,97,9.779039289632971e-15,1.887379141862766e-15,0.0040855999977793545
2689,WMI,250,1995,5,97,9.789024838177593e-15,1.7763568394002505e-15,0.00020549999317154288
2690,ISM,250,1995,5,97,0.31232796640857285,0.010675484762190601,0.0005692999984603375
2691,DI,250,1995,5,98,9.779039289632971e-15,1.887379141862766e-15,0.003597200004151091
2692,WMI,250,1995,5,98,9.789024838177593e-15,1.7763568394002505e-15,0.0003467000206001103
2693,ISM,250,1995,5,98,0.31232796640857285,0.010675484762190601,0.0007455000013578683
2694,DI,250,1995,5,99,9.779039289632971e-15,1.887379141862766e-15,0.00398850001511164
2695,WMI,250,1995,5,99,9.789024838177593e-15,1.7763568394002505e-15,0.0003462000167928636
2696,ISM,250,1995,5,99,0.31232796640857285,0.010675484762190601,0.0007557999924756587
2697,DI,250,1995,5,100,9.779039289632971e-15,1.887379141862766e-15,0.0038936999917495996
2698,WMI,250,1995,5,100,9.789024838177593e-15,1.7763568394002505e-15,0.0001936999906320125
2699,ISM,250,1995,5,100,0.31232796640857285,0.010675484762190601,0.0012310000020079315
2700,DI,250,1995,5,101,9.779039289632971e-15,1.887379141862766e-15,0.004461000004084781
2701,WMI,250,1995,5,101,9.789024838177593e-15,1.7763568394002505e-15,0.00038660000427626073
2702,ISM,250,1995,5,101,0.31232796640857285,0.010675484762190601,0.0005931999767199159
2703,DI,250,1995,5,102,9.779039289632971e-15,1.887379141862766e-15,0.005329600011464208
2704,WMI,250,1995,5,102,9.789024838177593e-15,1.7763568394002505e-15,0.0006741000106558204
2705,ISM,250,1995,5,102,0.31232796640857285,0.010675484762190601,0.0015882999869063497
2706,DI,250,1995,5,103,9.779039289632971e-15,1.887379141862766e-15,0.0049740000104065984
2707,WMI,250,1995,5,103,9.789024838177593e-15,1.7763568394002505e-15,0.0005374000174924731
2708,ISM,250,1995,5,103,0.31232796640857285,0.010675484762190601,0.0016667000018060207
2709,DI,250,1995,5,104,9.779039289632971e-15,1.887379141862766e-15,0.0047042999940458685
2710,WMI,250,1995,5,104,9.789024838177593e-15,1.7763568394002505e-15,0.0003701999958138913
2711,ISM,250,1995,5,104,0.31232796640857285,0.010675484762190601,0.0008821999945212156
2712,DI,250,1995,5,105,9.779039289632971e-15,1.887379141862766e-15,0.0037656999775208533
2713,WMI,250,1995,5,105,9.789024838177593e-15,1.7763568394002505e-15,0.0003896999987773597
2714,ISM,250,1995,5,105,0.31232796640857285,0.010675484762190601,0.0007746000192128122
2715,DI,250,1995,5,106,9.779039289632971e-15,1.887379141862766e-15,0.0038806000084150583
2716,WMI,250,1995,5,106,9.789024838177593e-15,1.7763568394002505e-15,0.0003446999762672931
2717,ISM,250,1995,5,106,0.31232796640857285,0.010675484762190601,0.0007523000240325928
2718,DI,250,1995,5,107,9.779039289632971e-15,1.887379141862766e-15,0.0036549000069499016
2719,WMI,250,1995,5,107,9.789024838177593e-15,1.7763568394002505e-15,0.0002997000119648874
2720,ISM,250,1995,5,107,0.31232796640857285,0.010675484762190601,0.0012122999760322273
2721,DI,250,1995,5,108,9.779039289632971e-15,1.887379141862766e-15,0.003662400005850941
2722,WMI,250,1995,5,108,9.789024838177593e-15,1.7763568394002505e-15,0.00018430000636726618
2723,ISM,250,1995,5,108,0.31232796640857285,0.010675484762190601,0.0005696000007446855
2724,DI,250,1995,5,109,9.779039289632971e-15,1.887379141862766e-15,0.004291800025384873
2725,WMI,250,1995,5,109,9.789024838177593e-15,1.7763568394002505e-15,0.0007081000076141208
2726,ISM,250,1995,5,109,0.31232796640857285,0.010675484762190601,0.001439799991203472
2727,DI,250,1995,5,110,9.779039289632971e-15,1.887379141862766e-15,0.0043710000172723085
2728,WMI,250,1995,5,110,9.789024838177593e-15,1.7763568394002505e-15,0.00054519998957403
2729,ISM,250,1995,5,110,0.31232796640857285,0.010675484762190601,0.0012848000042140484
2730,DI,250,1995,5,111,9.779039289632971e-15,1.887379141862766e-15,0.0039551999943796545
2731,WMI,250,1995,5,111,9.789024838177593e-15,1.7763568394002505e-15,0.0003473000251688063
2732,ISM,250,1995,5,111,0.31232796640857285,0.010675484762190601,0.001225699990754947
2733,DI,250,1995,5,112,9.779039289632971e-15,1.887379141862766e-15,0.003954999992856756
2734,WMI,250,1995,5,112,9.789024838177593e-15,1.7763568394002505e-15,0.0005011000030208379
2735,ISM,250,1995,5,112,0.31232796640857285,0.010675484762190601,0.0013917999749537557
2736,DI,250,1995,5,113,9.779039289632971e-15,1.887379141862766e-15,0.004137199983233586
2737,WMI,250,1995,5,113,9.789024838177593e-15,1.7763568394002505e-15,0.00041099998634308577
2738,ISM,250,1995,5,113,0.31232796640857285,0.010675484762190601,0.0014955999795347452
2739,DI,250,1995,5,114,9.779039289632971e-15,1.887379141862766e-15,0.004055700002936646
2740,WMI,250,1995,5,114,9.789024838177593e-15,1.7763568394002505e-15,0.00047580001410096884
2741,ISM,250,1995,5,114,0.31232796640857285,0.010675484762190601,0.0005749000119976699
2742,DI,250,1995,5,115,9.779039289632971e-15,1.887379141862766e-15,0.003976300009526312
2743,WMI,250,1995,5,115,9.789024838177593e-15,1.7763568394002505e-15,0.0001618000096641481
2744,ISM,250,1995,5,115,0.31232796640857285,0.010675484762190601,0.0005614999972749501
2745,DI,250,1995,5,116,9.779039289632971e-15,1.887379141862766e-15,0.004536099993856624
2746,WMI,250,1995,5,116,9.789024838177593e-15,1.7763568394002505e-15,0.0005095000087749213
2747,ISM,250,1995,5,116,0.31232796640857285,0.010675484762190601,0.0007632000197190791
2748,DI,250,1995,5,117,9.779039289632971e-15,1.887379141862766e-15,0.004414199996972457
2749,WMI,250,1995,5,117,9.789024838177593e-15,1.7763568394002505e-15,0.0005670000100508332
2750,ISM,250,1995,5,117,0.31232796640857285,0.010675484762190601,0.0009851999930106103
2751,DI,250,1995,5,118,9.779039289632971e-15,1.887379141862766e-15,0.003953500010538846
2752,WMI,250,1995,5,118,9.789024838177593e-15,1.7763568394002505e-15,0.0004112999886274338
2753,ISM,250,1995,5,118,0.31232796640857285,0.010675484762190601,0.0005600999866146594
2754,DI,250,1995,5,119,9.779039289632971e-15,1.887379141862766e-15,0.003740899992408231
2755,WMI,250,1995,5,119,9.789024838177593e-15,1.7763568394002505e-15,0.0006780000112485141
2756,ISM,250,1995,5,119,0.31232796640857285,0.010675484762190601,0.0014454000047408044
2757,DI,250,1995,5,120,9.779039289632971e-15,1.887379141862766e-15,0.004509300022618845
2758,WMI,250,1995,5,120,9.789024838177593e-15,1.7763568394002505e-15,0.0005117999971844256
2759,ISM,250,1995,5,120,0.31232796640857285,0.010675484762190601,0.0007759000000078231
2760,DI,250,1995,5,121,9.779039289632971e-15,1.887379141862766e-15,0.0038868999981787056
2761,WMI,250,1995,5,121,9.789024838177593e-15,1.7763568394002505e-15,0.00033850001636892557
2762,ISM,250,1995,5,121,0.31232796640857285,0.010675484762190601,0.0005636999849230051
2763,DI,250,1995,5,122,9.779039289632971e-15,1.887379141862766e-15,0.0038474000175483525
2764,WMI,250,1995,5,122,9.789024838177593e-15,1.7763568394002505e-15,0.00037239998346194625
2765,ISM,250,1995,5,122,0.31232796640857285,0.010675484762190601,0.0011910000175703317
2766,DI,250,1995,5,123,9.779039289632971e-15,1.887379141862766e-15,0.0045415000058710575
2767,WMI,250,1995,5,123,9.789024838177593e-15,1.7763568394002505e-15,0.0003411000070627779
2768,ISM,250,1995,5,123,0.31232796640857285,0.010675484762190601,0.0008390000148210675
2769,DI,250,1995,5,124,9.779039289632971e-15,1.887379141862766e-15,0.004371099988929927
2770,WMI,250,1995,5,124,9.789024838177593e-15,1.7763568394002505e-15,0.0003806000167969614
2771,ISM,250,1995,5,124,0.31232796640857285,0.010675484762190601,0.0009180000051856041
2772,DI,250,1995,5,125,9.779039289632971e-15,1.887379141862766e-15,0.003989000018918887
2773,WMI,250,1995,5,125,9.789024838177593e-15,1.7763568394002505e-15,0.00031659999513067305
2774,ISM,250,1995,5,125,0.31232796640857285,0.010675484762190601,0.00058970000827685
2775,DI,250,1995,5,126,9.779039289632971e-15,1.887379141862766e-15,0.0040849000215530396
2776,WMI,250,1995,5,126,9.789024838177593e-15,1.7763568394002505e-15,0.0006287999858614057
2777,ISM,250,1995,5,126,0.31232796640857285,0.010675484762190601,0.001422800007276237
2778,DI,250,1995,5,127,9.779039289632971e-15,1.887379141862766e-15,0.0042437000083737075
2779,WMI,250,1995,5,127,9.789024838177593e-15,1.7763568394002505e-15,0.00044520001392811537
2780,ISM,250,1995,5,127,0.31232796640857285,0.010675484762190601,0.0007983999967109412
2781,DI,250,1995,5,128,9.779039289632971e-15,1.887379141862766e-15,0.004125799983739853
2782,WMI,250,1995,5,128,9.789024838177593e-15,1.7763568394002505e-15,0.0003370999766048044
2783,ISM,250,1995,5,128,0.31232796640857285,0.010675484762190601,0.0005671999824699014
2784,DI,250,1995,5,129,9.779039289632971e-15,1.887379141862766e-15,0.003714000020409003
2785,WMI,250,1995,5,129,9.789024838177593e-15,1.7763568394002505e-15,0.00030010001501068473
2786,ISM,250,1995,5,129,0.31232796640857285,0.010675484762190601,0.0012125000066589564
2787,DI,250,1995,5,130,9.779039289632971e-15,1.887379141862766e-15,0.004273500002454966
2788,WMI,250,1995,5,130,9.789024838177593e-15,1.7763568394002505e-15,0.0003426999901421368
2789,ISM,250,1995,5,130,0.31232796640857285,0.010675484762190601,0.0010170000023208559
2790,DI,250,1995,5,131,9.779039289632971e-15,1.887379141862766e-15,0.004171200009295717
2791,WMI,250,1995,5,131,9.789024838177593e-15,1.7763568394002505e-15,0.0003297999792266637
2792,ISM,250,1995,5,131,0.31232796640857285,0.010675484762190601,0.0016442000051029027
2793,DI,250,1995,5,132,9.779039289632971e-15,1.887379141862766e-15,0.0038410999986808747
2794,WMI,250,1995,5,132,9.789024838177593e-15,1.7763568394002505e-15,0.0003519000019878149
2795,ISM,250,1995,5,132,0.31232796640857285,0.010675484762190601,0.0005669999809470028
2796,DI,250,1995,5,133,9.779039289632971e-15,1.887379141862766e-15,0.003981000016210601
2797,WMI,250,1995,5,133,9.789024838177593e-15,1.7763568394002505e-15,0.000534099992364645
2798,ISM,250,1995,5,133,0.31232796640857285,0.010675484762190601,0.0009074000117834657
2799,DI,250,1995,5,134,9.779039289632971e-15,1.887379141862766e-15,0.004303900001104921
2800,WMI,250,1995,5,134,9.789024838177593e-15,1.7763568394002505e-15,0.0004054000019095838
2801,ISM,250,1995,5,134,0.31232796640857285,0.010675484762190601,0.0013843000051565468
2802,DI,250,1995,5,135,9.779039289632971e-15,1.887379141862766e-15,0.0035812999994959682
2803,WMI,250,1995,5,135,9.789024838177593e-15,1.7763568394002505e-15,0.00034199998481199145
2804,ISM,250,1995,5,135,0.31232796640857285,0.010675484762190601,0.0016195999924093485
2805,DI,250,1995,5,136,9.779039289632971e-15,1.887379141862766e-15,0.00400479999370873
2806,WMI,250,1995,5,136,9.789024838177593e-15,1.7763568394002505e-15,0.00034810000215657055
2807,ISM,250,1995,5,136,0.31232796640857285,0.010675484762190601,0.001204400003189221
2808,DI,250,1995,5,137,9.779039289632971e-15,1.887379141862766e-15,0.004421799996634945
2809,WMI,250,1995,5,137,9.789024838177593e-15,1.7763568394002505e-15,0.000589400005992502
2810,ISM,250,1995,5,137,0.31232796640857285,0.010675484762190601,0.0008021999965421855
2811,DI,250,1995,5,138,9.779039289632971e-15,1.887379141862766e-15,0.004369100002804771
2812,WMI,250,1995,5,138,9.789024838177593e-15,1.7763568394002505e-15,0.0005190000229049474
2813,ISM,250,1995,5,138,0.31232796640857285,0.010675484762190601,0.001649200014071539
2814,DI,250,1995,5,139,9.779039289632971e-15,1.887379141862766e-15,0.00403589999768883
2815,WMI,250,1995,5,139,9.789024838177593e-15,1.7763568394002505e-15,0.00020750000840052962
2816,ISM,250,1995,5,139,0.31232796640857285,0.010675484762190601,0.001191799994558096
2817,DI,250,1995,5,140,9.779039289632971e-15,1.887379141862766e-15,0.00417810000362806
2818,WMI,250,1995,5,140,9.789024838177593e-15,1.7763568394002505e-15,0.0003609999839682132
2819,ISM,250,1995,5,140,0.31232796640857285,0.010675484762190601,0.0014641000016126782
2820,DI,250,1995,5,141,9.779039289632971e-15,1.887379141862766e-15,0.004459099989617243
2821,WMI,250,1995,5,141,9.789024838177593e-15,1.7763568394002505e-15,0.000680800003465265
2822,ISM,250,1995,5,141,0.31232796640857285,0.010675484762190601,0.0007291999936569482
2823,DI,250,1995,5,142,9.779039289632971e-15,1.887379141862766e-15,0.0038468999846372753
2824,WMI,250,1995,5,142,9.789024838177593e-15,1.7763568394002505e-15,0.0003328000020701438
2825,ISM,250,1995,5,142,0.31232796640857285,0.010675484762190601,0.0005481999833136797
2826,DI,250,1995,5,143,9.779039289632971e-15,1.887379141862766e-15,0.0053047999972477555
2827,WMI,250,1995,5,143,9.789024838177593e-15,1.7763568394002505e-15,0.00032309998641721904
2828,ISM,250,1995,5,143,0.31232796640857285,0.010675484762190601,0.0005525000160560012
2829,DI,250,1995,5,144,9.779039289632971e-15,1.887379141862766e-15,0.004300200002035126
2830,WMI,250,1995,5,144,9.789024838177593e-15,1.7763568394002505e-15,0.0005701000045519322
2831,ISM,250,1995,5,144,0.31232796640857285,0.010675484762190601,0.0014781999925617129
2832,DI,250,1995,5,145,9.779039289632971e-15,1.887379141862766e-15,0.004594099998939782
2833,WMI,250,1995,5,145,9.789024838177593e-15,1.7763568394002505e-15,0.0008969999908003956
2834,ISM,250,1995,5,145,0.31232796640857285,0.010675484762190601,0.000907599984202534
2835,DI,250,1995,5,146,9.779039289632971e-15,1.887379141862766e-15,0.004867299983743578
2836,WMI,250,1995,5,146,9.789024838177593e-15,1.7763568394002505e-15,0.0005013000045437366
2837,ISM,250,1995,5,146,0.31232796640857285,0.010675484762190601,0.0015989999810699373
2838,DI,250,1995,5,147,9.779039289632971e-15,1.887379141862766e-15,0.00405069999396801
2839,WMI,250,1995,5,147,9.789024838177593e-15,1.7763568394002505e-15,0.00039289999403990805
2840,ISM,250,1995,5,147,0.31232796640857285,0.010675484762190601,0.0014544999867212027
2841,DI,250,1995,5,148,9.779039289632971e-15,1.887379141862766e-15,0.00419439998222515
2842,WMI,250,1995,5,148,9.789024838177593e-15,1.7763568394002505e-15,0.0005555000097956508
2843,ISM,250,1995,5,148,0.31232796640857285,0.010675484762190601,0.0012286000128369778
2844,DI,250,1995,5,149,9.779039289632971e-15,1.887379141862766e-15,0.0036231999984011054
2845,WMI,250,1995,5,149,9.789024838177593e-15,1.7763568394002505e-15,0.00021749999723397195
2846,ISM,250,1995,5,149,0.31232796640857285,0.010675484762190601,0.0005687999946530908
2847,DI,250,1995,5,150,9.779039289632971e-15,1.887379141862766e-15,0.004199999995762482
2848,WMI,250,1995,5,150,9.789024838177593e-15,1.7763568394002505e-15,0.0003335000074002892
2849,ISM,250,1995,5,150,0.31232796640857285,0.010675484762190601,0.0006317000079434365
2850,DI,250,1995,5,151,9.779039289632971e-15,1.887379141862766e-15,0.0035054000036325306
2851,WMI,250,1995,5,151,9.789024838177593e-15,1.7763568394002505e-15,0.000305800000205636
2852,ISM,250,1995,5,151,0.31232796640857285,0.010675484762190601,0.0008139999990817159
2853,DI,250,1995,5,152,9.779039289632971e-15,1.887379141862766e-15,0.0037041000032331795
2854,WMI,250,1995,5,152,9.789024838177593e-15,1.7763568394002505e-15,0.00034139998024329543
2855,ISM,250,1995,5,152,0.31232796640857285,0.010675484762190601,0.0016644999850541353
2856,DI,250,1995,5,153,9.779039289632971e-15,1.887379141862766e-15,0.002970000001369044
2857,WMI,250,1995,5,153,9.789024838177593e-15,1.7763568394002505e-15,0.00019049999536946416
2858,ISM,250,1995,5,153,0.31232796640857285,0.010675484762190601,0.0011732999992091209
2859,DI,250,1995,5,154,9.779039289632971e-15,1.887379141862766e-15,0.003464699984760955
2860,WMI,250,1995,5,154,9.789024838177593e-15,1.7763568394002505e-15,0.0005221999890636653
2861,ISM,250,1995,5,154,0.31232796640857285,0.010675484762190601,0.0007890000124461949
2862,DI,250,1995,5,155,9.779039289632971e-15,1.887379141862766e-15,0.003983000002335757
2863,WMI,250,1995,5,155,9.789024838177593e-15,1.7763568394002505e-15,0.0008913999772630632
2864,ISM,250,1995,5,155,0.31232796640857285,0.010675484762190601,0.001368700002785772
2865,DI,250,1995,5,156,9.779039289632971e-15,1.887379141862766e-15,0.003980700013926253
2866,WMI,250,1995,5,156,9.789024838177593e-15,1.7763568394002505e-15,0.0002133999951183796
2867,ISM,250,1995,5,156,0.31232796640857285,0.010675484762190601,0.0005626999773085117
2868,DI,250,1995,5,157,9.779039289632971e-15,1.887379141862766e-15,0.0036958999990019947
2869,WMI,250,1995,5,157,9.789024838177593e-15,1.7763568394002505e-15,0.00015320000238716602
2870,ISM,250,1995,5,157,0.31232796640857285,0.010675484762190601,0.0005474999779835343
2871,DI,250,1995,5,158,9.779039289632971e-15,1.887379141862766e-15,0.0038770000101067126
2872,WMI,250,1995,5,158,9.789024838177593e-15,1.7763568394002505e-15,0.0003625999961514026
2873,ISM,250,1995,5,158,0.31232796640857285,0.010675484762190601,0.0008654999837744981
2874,DI,250,1995,5,159,9.779039289632971e-15,1.887379141862766e-15,0.004115000017918646
2875,WMI,250,1995,5,159,9.789024838177593e-15,1.7763568394002505e-15,0.00046949999523349106
2876,ISM,250,1995,5,159,0.31232796640857285,0.010675484762190601,0.0009592999995220453
2877,DI,250,1995,5,160,9.779039289632971e-15,1.887379141862766e-15,0.003642099996795878
2878,WMI,250,1995,5,160,9.789024838177593e-15,1.7763568394002505e-15,0.00017209997167810798
2879,ISM,250,1995,5,160,0.31232796640857285,0.010675484762190601,0.0005457999941427261
2880,DI,250,1995,5,161,9.779039289632971e-15,1.887379141862766e-15,0.0034020000020973384
2881,WMI,250,1995,5,161,9.789024838177593e-15,1.7763568394002505e-15,0.00044949998846277595
2882,ISM,250,1995,5,161,0.31232796640857285,0.010675484762190601,0.0013849000097252429
2883,DI,250,1995,5,162,9.779039289632971e-15,1.887379141862766e-15,0.003963800001656637
2884,WMI,250,1995,5,162,9.789024838177593e-15,1.7763568394002505e-15,0.0003035999834537506
2885,ISM,250,1995,5,162,0.31232796640857285,0.010675484762190601,0.0013543000095523894
2886,DI,250,1995,5,163,9.779039289632971e-15,1.887379141862766e-15,0.0035579999967012554
2887,WMI,250,1995,5,163,9.789024838177593e-15,1.7763568394002505e-15,0.00016580001101829112
2888,ISM,250,1995,5,163,0.31232796640857285,0.010675484762190601,0.0005803000240121037
2889,DI,250,1995,5,164,9.779039289632971e-15,1.887379141862766e-15,0.003500200022244826
2890,WMI,250,1995,5,164,9.789024838177593e-15,1.7763568394002505e-15,0.00020119998953305185
2891,ISM,250,1995,5,164,0.31232796640857285,0.010675484762190601,0.0006125000072643161
2892,DI,250,1995,5,165,9.779039289632971e-15,1.887379141862766e-15,0.003695999999763444
2893,WMI,250,1995,5,165,9.789024838177593e-15,1.7763568394002505e-15,0.0003338000096846372
2894,ISM,250,1995,5,165,0.31232796640857285,0.010675484762190601,0.0011666000063996762
2895,DI,250,1995,5,166,9.779039289632971e-15,1.887379141862766e-15,0.0037152000004425645
2896,WMI,250,1995,5,166,9.789024838177593e-15,1.7763568394002505e-15,0.0004251000063959509
2897,ISM,250,1995,5,166,0.31232796640857285,0.010675484762190601,0.0010079000203404576
2898,DI,250,1995,5,167,9.779039289632971e-15,1.887379141862766e-15,0.00359879998723045
2899,WMI,250,1995,5,167,9.789024838177593e-15,1.7763568394002505e-15,0.00016999998479150236
2900,ISM,250,1995,5,167,0.31232796640857285,0.010675484762190601,0.0005455000209622085
2901,DI,250,1995,5,168,9.779039289632971e-15,1.887379141862766e-15,0.0032770000107120723
2902,WMI,250,1995,5,168,9.789024838177593e-15,1.7763568394002505e-15,0.00035879999632015824
2903,ISM,250,1995,5,168,0.31232796640857285,0.010675484762190601,0.0006877999985590577
2904,DI,250,1995,5,169,9.779039289632971e-15,1.887379141862766e-15,0.0037071999977342784
2905,WMI,250,1995,5,169,9.789024838177593e-15,1.7763568394002505e-15,0.0003336999798193574
2906,ISM,250,1995,5,169,0.31232796640857285,0.010675484762190601,0.0009407000034116209
2907,DI,250,1995,5,170,9.779039289632971e-15,1.887379141862766e-15,0.0034463999909348786
2908,WMI,250,1995,5,170,9.789024838177593e-15,1.7763568394002505e-15,0.0004304000176489353
2909,ISM,250,1995,5,170,0.31232796640857285,0.010675484762190601,0.0006204000092111528
2910,DI,250,1995,5,171,9.779039289632971e-15,1.887379141862766e-15,0.0035602999851107597
2911,WMI,250,1995,5,171,9.789024838177593e-15,1.7763568394002505e-15,0.00015940002049319446
2912,ISM,250,1995,5,171,0.31232796640857285,0.010675484762190601,0.0005401000089477748
2913,DI,250,1995,5,172,9.779039289632971e-15,1.887379141862766e-15,0.0037810000067111105
2914,WMI,250,1995,5,172,9.789024838177593e-15,1.7763568394002505e-15,0.00046560002374462783
2915,ISM,250,1995,5,172,0.31232796640857285,0.010675484762190601,0.0007073000015225261
2916,DI,250,1995,5,173,9.779039289632971e-15,1.887379141862766e-15,0.003764100023545325
2917,WMI,250,1995,5,173,9.789024838177593e-15,1.7763568394002505e-15,0.0004628000024240464
2918,ISM,250,1995,5,173,0.31232796640857285,0.010675484762190601,0.0008572999795433134
2919,DI,250,1995,5,174,9.779039289632971e-15,1.887379141862766e-15,0.0035405000089667737
2920,WMI,250,1995,5,174,9.789024838177593e-15,1.7763568394002505e-15,0.00016419999883510172
2921,ISM,250,1995,5,174,0.31232796640857285,0.010675484762190601,0.0009800000116229057
2922,DI,250,1995,5,175,9.779039289632971e-15,1.887379141862766e-15,0.0033872999774757773
2923,WMI,250,1995,5,175,9.789024838177593e-15,1.7763568394002505e-15,0.0004636000085156411
2924,ISM,250,1995,5,175,0.31232796640857285,0.010675484762190601,0.0007419000030495226
2925,DI,250,1995,5,176,9.779039289632971e-15,1.887379141862766e-15,0.0039247999957297
2926,WMI,250,1995,5,176,9.789024838177593e-15,1.7763568394002505e-15,0.00046239999937824905
2927,ISM,250,1995,5,176,0.31232796640857285,0.010675484762190601,0.0013685000012628734
2928,DI,250,1995,5,177,9.779039289632971e-15,1.887379141862766e-15,0.004032600001664832
2929,WMI,250,1995,5,177,9.789024838177593e-15,1.7763568394002505e-15,0.00020439998479560018
2930,ISM,250,1995,5,177,0.31232796640857285,0.010675484762190601,0.0005787000118289143
2931,DI,250,1995,5,178,9.779039289632971e-15,1.887379141862766e-15,0.003281500015873462
2932,WMI,250,1995,5,178,9.789024838177593e-15,1.7763568394002505e-15,0.00014810002176091075
2933,ISM,250,1995,5,178,0.31232796640857285,0.010675484762190601,0.0007435999868903309
2934,DI,250,1995,5,179,9.779039289632971e-15,1.887379141862766e-15,0.003809799993177876
2935,WMI,250,1995,5,179,9.789024838177593e-15,1.7763568394002505e-15,0.0005381999944802374
2936,ISM,250,1995,5,179,0.31232796640857285,0.010675484762190601,0.0013685000012628734
2937,DI,250,1995,5,180,9.779039289632971e-15,1.887379141862766e-15,0.00364919999265112
2938,WMI,250,1995,5,180,9.789024838177593e-15,1.7763568394002505e-15,0.00033310000435449183
2939,ISM,250,1995,5,180,0.31232796640857285,0.010675484762190601,0.0008682999759912491
2940,DI,250,1995,5,181,9.779039289632971e-15,1.887379141862766e-15,0.0034545999951660633
2941,WMI,250,1995,5,181,9.789024838177593e-15,1.7763568394002505e-15,0.0001647000026423484
2942,ISM,250,1995,5,181,0.31232796640857285,0.010675484762190601,0.0005505000008270144
2943,DI,250,1995,5,182,9.779039289632971e-15,1.887379141862766e-15,0.003414700011489913
2944,WMI,250,1995,5,182,9.789024838177593e-15,1.7763568394002505e-15,0.000314799981424585
2945,ISM,250,1995,5,182,0.31232796640857285,0.010675484762190601,0.0013368999934755266
2946,DI,250,1995,5,183,9.779039289632971e-15,1.887379141862766e-15,0.0038508999859914184
2947,WMI,250,1995,5,183,9.789024838177593e-15,1.7763568394002505e-15,0.0003161999920848757
2948,ISM,250,1995,5,183,0.31232796640857285,0.010675484762190601,0.001400600012857467
2949,DI,250,1995,5,184,9.779039289632971e-15,1.887379141862766e-15,0.0033878000103868544
2950,WMI,250,1995,5,184,9.789024838177593e-15,1.7763568394002505e-15,0.0001613000058569014
2951,ISM,250,1995,5,184,0.31232796640857285,0.010675484762190601,0.0005505000008270144
2952,DI,250,1995,5,185,9.779039289632971e-15,1.887379141862766e-15,0.003370199992787093
2953,WMI,250,1995,5,185,9.789024838177593e-15,1.7763568394002505e-15,0.00016090000281110406
2954,ISM,250,1995,5,185,0.31232796640857285,0.010675484762190601,0.0011824999819509685
2955,DI,250,1995,5,186,9.779039289632971e-15,1.887379141862766e-15,0.004415800009155646
2956,WMI,250,1995,5,186,9.789024838177593e-15,1.7763568394002505e-15,0.0003031000087503344
2957,ISM,250,1995,5,186,0.31232796640857285,0.010675484762190601,0.00099709999631159
2958,DI,250,1995,5,187,9.779039289632971e-15,1.887379141862766e-15,0.004112200025701895
2959,WMI,250,1995,5,187,9.789024838177593e-15,1.7763568394002505e-15,0.00046449998626485467
2960,ISM,250,1995,5,187,0.31232796640857285,0.010675484762190601,0.0013638000236824155
2961,DI,250,1995,5,188,9.779039289632971e-15,1.887379141862766e-15,0.003848299995297566
2962,WMI,250,1995,5,188,9.789024838177593e-15,1.7763568394002505e-15,0.00016880000475794077
2963,ISM,250,1995,5,188,0.31232796640857285,0.010675484762190601,0.001221099984832108
2964,DI,250,1995,5,189,9.779039289632971e-15,1.887379141862766e-15,0.003559700009645894
2965,WMI,250,1995,5,189,9.789024838177593e-15,1.7763568394002505e-15,0.0005522999854292721
2966,ISM,250,1995,5,189,0.31232796640857285,0.010675484762190601,0.0007432999846059829
2967,DI,250,1995,5,190,9.779039289632971e-15,1.887379141862766e-15,0.003925600001821294
2968,WMI,250,1995,5,190,9.789024838177593e-15,1.7763568394002505e-15,0.00045930000487715006
2969,ISM,250,1995,5,190,0.31232796640857285,0.010675484762190601,0.0007100999937392771
2970,DI,250,1995,5,191,9.779039289632971e-15,1.887379141862766e-15,0.0037299999967217445
2971,WMI,250,1995,5,191,9.789024838177593e-15,1.7763568394002505e-15,0.00020169999334029853
2972,ISM,250,1995,5,191,0.31232796640857285,0.010675484762190601,0.0005665999779012054
2973,DI,250,1995,5,192,9.779039289632971e-15,1.887379141862766e-15,0.003464600013103336
2974,WMI,250,1995,5,192,9.789024838177593e-15,1.7763568394002505e-15,0.0003268999862484634
2975,ISM,250,1995,5,192,0.31232796640857285,0.010675484762190601,0.0005499999970197678
2976,DI,250,1995,5,193,9.779039289632971e-15,1.887379141862766e-15,0.004140499979257584
2977,WMI,250,1995,5,193,9.789024838177593e-15,1.7763568394002505e-15,0.0005665000062435865
2978,ISM,250,1995,5,193,0.31232796640857285,0.010675484762190601,0.0014645000046584755
2979,DI,250,1995,5,194,9.779039289632971e-15,1.887379141862766e-15,0.004641400009859353
2980,WMI,250,1995,5,194,9.789024838177593e-15,1.7763568394002505e-15,0.000842399982502684
2981,ISM,250,1995,5,194,0.31232796640857285,0.010675484762190601,0.0015499000146519393
2982,DI,250,1995,5,195,9.779039289632971e-15,1.887379141862766e-15,0.0036530999932438135
2983,WMI,250,1995,5,195,9.789024838177593e-15,1.7763568394002505e-15,0.00020169999334029853
2984,ISM,250,1995,5,195,0.31232796640857285,0.010675484762190601,0.0009938000002875924
2985,DI,250,1995,5,196,9.779039289632971e-15,1.887379141862766e-15,0.0039932000217959285
2986,WMI,250,1995,5,196,9.789024838177593e-15,1.7763568394002505e-15,0.0006276000058278441
2987,ISM,250,1995,5,196,0.31232796640857285,0.010675484762190601,0.0014060999965295196
2988,DI,250,1995,5,197,9.779039289632971e-15,1.887379141862766e-15,0.004110100009711459
2989,WMI,250,1995,5,197,9.789024838177593e-15,1.7763568394002505e-15,0.00044180001714266837
2990,ISM,250,1995,5,197,0.31232796640857285,0.010675484762190601,0.0009356999944429845
2991,DI,250,1995,5,198,9.779039289632971e-15,1.887379141862766e-15,0.003637599991634488
2992,WMI,250,1995,5,198,9.789024838177593e-15,1.7763568394002505e-15,0.00016559998039156199
2993,ISM,250,1995,5,198,0.31232796640857285,0.010675484762190601,0.0011860000086016953
2994,DI,250,1995,5,199,9.779039289632971e-15,1.887379141862766e-15,0.0033224000071641058
2995,WMI,250,1995,5,199,9.789024838177593e-15,1.7763568394002505e-15,0.00014479999663308263
2996,ISM,250,1995,5,199,0.31232796640857285,0.010675484762190601,0.0005458999949041754
2997,DI,250,1995,5,200,9.779039289632971e-15,1.887379141862766e-15,0.003524600004311651
2998,WMI,250,1995,5,200,9.789024838177593e-15,1.7763568394002505e-15,0.0005011000030208379
2999,ISM,250,1995,5,200,0.31232796640857285,0.010675484762190601,0.0007204000139608979
3000,DI,250,1990,10,1,1.001375864314669e-14,1.887379141862766e-15,0.005030200001783669
3001,WMI,250,1990,10,1,1.0406861592922867e-14,2.220446049250313e-15,0.00034389999927952886
3002,ISM,250,1990,10,1,0.45711025023523105,0.01438665653808302,0.0010805000201798975
3003,DI,250,1990,10,2,1.001375864314669e-14,1.887379141862766e-15,0.00347740002325736
3004,WMI,250,1990,10,2,1.0406861592922867e-14,2.220446049250313e-15,0.00040790002094581723
3005,ISM,250,1990,10,2,0.45711025023523105,0.01438665653808302,0.0036731000000145286
3006,DI,250,1990,10,3,1.001375864314669e-14,1.887379141862766e-15,0.0035819000040646642
3007,WMI,250,1990,10,3,1.0406861592922867e-14,2.220446049250313e-15,0.0002589999930933118
3008,ISM,250,1990,10,3,0.45711025023523105,0.01438665653808302,0.0010789000079967082
3009,DI,250,1990,10,4,1.001375864314669e-14,1.887379141862766e-15,0.008352800010470673
3010,WMI,250,1990,10,4,1.0406861592922867e-14,2.220446049250313e-15,0.0003426999901421368
3011,ISM,250,1990,10,4,0.45711025023523105,0.01438665653808302,0.0024631000123918056
3012,DI,250,1990,10,5,1.001375864314669e-14,1.887379141862766e-15,0.003861400007735938
3013,WMI,250,1990,10,5,1.0406861592922867e-14,2.220446049250313e-15,0.0004717000119853765
3014,ISM,250,1990,10,5,0.45711025023523105,0.01438665653808302,0.0010733000235632062
3015,DI,250,1990,10,6,1.001375864314669e-14,1.887379141862766e-15,0.003708099975483492
3016,WMI,250,1990,10,6,1.0406861592922867e-14,2.220446049250313e-15,0.00030410001636482775
3017,ISM,250,1990,10,6,0.45711025023523105,0.01438665653808302,0.001438800012692809
3018,DI,250,1990,10,7,1.001375864314669e-14,1.887379141862766e-15,0.003599399991799146
3019,WMI,250,1990,10,7,1.0406861592922867e-14,2.220446049250313e-15,0.0005647999932989478
3020,ISM,250,1990,10,7,0.45711025023523105,0.01438665653808302,0.0010933000012300909
3021,DI,250,1990,10,8,1.001375864314669e-14,1.887379141862766e-15,0.0036970000073779374
3022,WMI,250,1990,10,8,1.0406861592922867e-14,2.220446049250313e-15,0.0003268999862484634
3023,ISM,250,1990,10,8,0.45711025023523105,0.01438665653808302,0.0010713000083342195
3024,DI,250,1990,10,9,1.001375864314669e-14,1.887379141862766e-15,0.0038478999922517687
3025,WMI,250,1990,10,9,1.0406861592922867e-14,2.220446049250313e-15,0.00034440000308677554
3026,ISM,250,1990,10,9,0.45711025023523105,0.01438665653808302,0.0010730000212788582
3027,DI,250,1990,10,10,1.001375864314669e-14,1.887379141862766e-15,0.0036848000017926097
3028,WMI,250,1990,10,10,1.0406861592922867e-14,2.220446049250313e-15,0.0003425999893806875
3029,ISM,250,1990,10,10,0.45711025023523105,0.01438665653808302,0.0010574999905657023
3030,DI,250,1990,10,11,1.001375864314669e-14,1.887379141862766e-15,0.00441970000974834
3031,WMI,250,1990,10,11,1.0406861592922867e-14,2.220446049250313e-15,0.00043429998913779855
3032,ISM,250,1990,10,11,0.45711025023523105,0.01438665653808302,0.002253100014058873
3033,DI,250,1990,10,12,1.001375864314669e-14,1.887379141862766e-15,0.003850799985229969
3034,WMI,250,1990,10,12,1.0406861592922867e-14,2.220446049250313e-15,0.00031869998201727867
3035,ISM,250,1990,10,12,0.45711025023523105,0.01438665653808302,0.001745899993693456
3036,DI,250,1990,10,13,1.001375864314669e-14,1.887379141862766e-15,0.0032918000069912523
3037,WMI,250,1990,10,13,1.0406861592922867e-14,2.220446049250313e-15,0.0002846000134013593
3038,ISM,250,1990,10,13,0.45711025023523105,0.01438665653808302,0.0022369000071194023
3039,DI,250,1990,10,14,1.001375864314669e-14,1.887379141862766e-15,0.0033267999824602157
3040,WMI,250,1990,10,14,1.0406861592922867e-14,2.220446049250313e-15,0.00030849999166093767
3041,ISM,250,1990,10,14,0.45711025023523105,0.01438665653808302,0.001066900003934279
3042,DI,250,1990,10,15,1.001375864314669e-14,1.887379141862766e-15,0.003453299985267222
3043,WMI,250,1990,10,15,1.0406861592922867e-14,2.220446049250313e-15,0.00021119997836649418
3044,ISM,250,1990,10,15,0.45711025023523105,0.01438665653808302,0.0010645000147633255
3045,DI,250,1990,10,16,1.001375864314669e-14,1.887379141862766e-15,0.0031284000142477453
3046,WMI,250,1990,10,16,1.0406861592922867e-14,2.220446049250313e-15,0.00024190000840462744
3047,ISM,250,1990,10,16,0.45711025023523105,0.01438665653808302,0.001067899982444942
3048,DI,250,1990,10,17,1.001375864314669e-14,1.887379141862766e-15,0.0031543000077363104
3049,WMI,250,1990,10,17,1.0406861592922867e-14,2.220446049250313e-15,0.0003375000087544322
3050,ISM,250,1990,10,17,0.45711025023523105,0.01438665653808302,0.002261400019051507
3051,DI,250,1990,10,18,1.001375864314669e-14,1.887379141862766e-15,0.003086500015342608
3052,WMI,250,1990,10,18,1.0406861592922867e-14,2.220446049250313e-15,0.0004057999758515507
3053,ISM,250,1990,10,18,0.45711025023523105,0.01438665653808302,0.0023082999978214502
3054,DI,250,1990,10,19,1.001375864314669e-14,1.887379141862766e-15,0.004036700003780425
3055,WMI,250,1990,10,19,1.0406861592922867e-14,2.220446049250313e-15,0.00043909999658353627
3056,ISM,250,1990,10,19,0.45711025023523105,0.01438665653808302,0.0025305000017397106
3057,DI,250,1990,10,20,1.001375864314669e-14,1.887379141862766e-15,0.004122599988477305
3058,WMI,250,1990,10,20,1.0406861592922867e-14,2.220446049250313e-15,0.00035420001950114965
3059,ISM,250,1990,10,20,0.45711025023523105,0.01438665653808302,0.002310000010766089
3060,DI,250,1990,10,21,1.001375864314669e-14,1.887379141862766e-15,0.003775399993173778
3061,WMI,250,1990,10,21,1.0406861592922867e-14,2.220446049250313e-15,0.00043709998135454953
3062,ISM,250,1990,10,21,0.45711025023523105,0.01438665653808302,0.0014700999890919775
3063,DI,250,1990,10,22,1.001375864314669e-14,1.887379141862766e-15,0.00413809999008663
3064,WMI,250,1990,10,22,1.0406861592922867e-14,2.220446049250313e-15,0.00038300000596791506
3065,ISM,250,1990,10,22,0.45711025023523105,0.01438665653808302,0.0023372000141534954
3066,DI,250,1990,10,23,1.001375864314669e-14,1.887379141862766e-15,0.004357600002549589
3067,WMI,250,1990,10,23,1.0406861592922867e-14,2.220446049250313e-15,0.0003696000203490257
3068,ISM,250,1990,10,23,0.45711025023523105,0.01438665653808302,0.0023367999820038676
3069,DI,250,1990,10,24,1.001375864314669e-14,1.887379141862766e-15,0.004276499996194616
3070,WMI,250,1990,10,24,1.0406861592922867e-14,2.220446049250313e-15,0.0006685999978799373
3071,ISM,250,1990,10,24,0.45711025023523105,0.01438665653808302,0.0027027000032830983
3072,DI,250,1990,10,25,1.001375864314669e-14,1.887379141862766e-15,0.0045193000114522874
3073,WMI,250,1990,10,25,1.0406861592922867e-14,2.220446049250313e-15,0.00037779999547638
3074,ISM,250,1990,10,25,0.45711025023523105,0.01438665653808302,0.00252759997965768
3075,DI,250,1990,10,26,1.001375864314669e-14,1.887379141862766e-15,0.004166099999565631
3076,WMI,250,1990,10,26,1.0406861592922867e-14,2.220446049250313e-15,0.00036570001975633204
3077,ISM,250,1990,10,26,0.45711025023523105,0.01438665653808302,0.002149400010239333
3078,DI,250,1990,10,27,1.001375864314669e-14,1.887379141862766e-15,0.0044083999819122255
3079,WMI,250,1990,10,27,1.0406861592922867e-14,2.220446049250313e-15,0.000540599983651191
3080,ISM,250,1990,10,27,0.45711025023523105,0.01438665653808302,0.002153100009309128
3081,DI,250,1990,10,28,1.001375864314669e-14,1.887379141862766e-15,0.004073100019013509
3082,WMI,250,1990,10,28,1.0406861592922867e-14,2.220446049250313e-15,0.0003381999849807471
3083,ISM,250,1990,10,28,0.45711025023523105,0.01438665653808302,0.002551800018409267
3084,DI,250,1990,10,29,1.001375864314669e-14,1.887379141862766e-15,0.00428340001963079
3085,WMI,250,1990,10,29,1.0406861592922867e-14,2.220446049250313e-15,0.0003997000167146325
3086,ISM,250,1990,10,29,0.45711025023523105,0.01438665653808302,0.0021791000035591424
3087,DI,250,1990,10,30,1.001375864314669e-14,1.887379141862766e-15,0.004380099999252707
3088,WMI,250,1990,10,30,1.0406861592922867e-14,2.220446049250313e-15,0.00033909999183379114
3089,ISM,250,1990,10,30,0.45711025023523105,0.01438665653808302,0.0021155000140424818
3090,DI,250,1990,10,31,1.001375864314669e-14,1.887379141862766e-15,0.004020599997602403
3091,WMI,250,1990,10,31,1.0406861592922867e-14,2.220446049250313e-15,0.0004330000083427876
3092,ISM,250,1990,10,31,0.45711025023523105,0.01438665653808302,0.0022875999857205898
3093,DI,250,1990,10,32,1.001375864314669e-14,1.887379141862766e-15,0.0040382999868597835
3094,WMI,250,1990,10,32,1.0406861592922867e-14,2.220446049250313e-15,0.00039480000850744545
3095,ISM,250,1990,10,32,0.45711025023523105,0.01438665653808302,0.002161799988243729
3096,DI,250,1990,10,33,1.001375864314669e-14,1.887379141862766e-15,0.005465900001581758
3097,WMI,250,1990,10,33,1.0406861592922867e-14,2.220446049250313e-15,0.0004406999796628952
3098,ISM,250,1990,10,33,0.45711025023523105,0.01438665653808302,0.0021761000098194927
3099,DI,250,1990,10,34,1.001375864314669e-14,1.887379141862766e-15,0.004419100005179644
3100,WMI,250,1990,10,34,1.0406861592922867e-14,2.220446049250313e-15,0.0004749000072479248
3101,ISM,250,1990,10,34,0.45711025023523105,0.01438665653808302,0.0021192999847698957
3102,DI,250,1990,10,35,1.001375864314669e-14,1.887379141862766e-15,0.004095900018000975
3103,WMI,250,1990,10,35,1.0406861592922867e-14,2.220446049250313e-15,0.00043929999810643494
3104,ISM,250,1990,10,35,0.45711025023523105,0.01438665653808302,0.002168500010157004
3105,DI,250,1990,10,36,1.001375864314669e-14,1.887379141862766e-15,0.004241700022248551
3106,WMI,250,1990,10,36,1.0406861592922867e-14,2.220446049250313e-15,0.00034970001433975995
3107,ISM,250,1990,10,36,0.45711025023523105,0.01438665653808302,0.0022084999945946038
3108,DI,250,1990,10,37,1.001375864314669e-14,1.887379141862766e-15,0.004290499986382201
3109,WMI,250,1990,10,37,1.0406861592922867e-14,2.220446049250313e-15,0.0004560000088531524
3110,ISM,250,1990,10,37,0.45711025023523105,0.01438665653808302,0.002232299972092733
3111,DI,250,1990,10,38,1.001375864314669e-14,1.887379141862766e-15,0.004151899978751317
3112,WMI,250,1990,10,38,1.0406861592922867e-14,2.220446049250313e-15,0.00034069997491315007
3113,ISM,250,1990,10,38,0.45711025023523105,0.01438665653808302,0.0024833999923430383
3114,DI,250,1990,10,39,1.001375864314669e-14,1.887379141862766e-15,0.0042421999969519675
3115,WMI,250,1990,10,39,1.0406861592922867e-14,2.220446049250313e-15,0.00034520000917837024
3116,ISM,250,1990,10,39,0.45711025023523105,0.01438665653808302,0.002119000011589378
3117,DI,250,1990,10,40,1.001375864314669e-14,1.887379141862766e-15,0.004048900009365752
3118,WMI,250,1990,10,40,1.0406861592922867e-14,2.220446049250313e-15,0.00033170002279803157
3119,ISM,250,1990,10,40,0.45711025023523105,0.01438665653808302,0.0023486000136472285
3120,DI,250,1990,10,41,1.001375864314669e-14,1.887379141862766e-15,0.0040551999991294
3121,WMI,250,1990,10,41,1.0406861592922867e-14,2.220446049250313e-15,0.000357400014763698
3122,ISM,250,1990,10,41,0.45711025023523105,0.01438665653808302,0.0021118999866303056
3123,DI,250,1990,10,42,1.001375864314669e-14,1.887379141862766e-15,0.004500700015341863
3124,WMI,250,1990,10,42,1.0406861592922867e-14,2.220446049250313e-15,0.0003758999810088426
3125,ISM,250,1990,10,42,0.45711025023523105,0.01438665653808302,0.0021690999856218696
3126,DI,250,1990,10,43,1.001375864314669e-14,1.887379141862766e-15,0.004275399987818673
3127,WMI,250,1990,10,43,1.0406861592922867e-14,2.220446049250313e-15,0.00031120001222006977
3128,ISM,250,1990,10,43,0.45711025023523105,0.01438665653808302,0.0021757000067736953
3129,DI,250,1990,10,44,1.001375864314669e-14,1.887379141862766e-15,0.004236500011757016
3130,WMI,250,1990,10,44,1.0406861592922867e-14,2.220446049250313e-15,0.000628299982054159
3131,ISM,250,1990,10,44,0.45711025023523105,0.01438665653808302,0.002119300013873726
3132,DI,250,1990,10,45,1.001375864314669e-14,1.887379141862766e-15,0.004000199987785891
3133,WMI,250,1990,10,45,1.0406861592922867e-14,2.220446049250313e-15,0.0003336000081617385
3134,ISM,250,1990,10,45,0.45711025023523105,0.01438665653808302,0.002239900000859052
3135,DI,250,1990,10,46,1.001375864314669e-14,1.887379141862766e-15,0.004323600005591288
3136,WMI,250,1990,10,46,1.0406861592922867e-14,2.220446049250313e-15,0.00044669999624602497
3137,ISM,250,1990,10,46,0.45711025023523105,0.01438665653808302,0.0023432000016327947
3138,DI,250,1990,10,47,1.001375864314669e-14,1.887379141862766e-15,0.004053799988469109
3139,WMI,250,1990,10,47,1.0406861592922867e-14,2.220446049250313e-15,0.0005325000092852861
3140,ISM,250,1990,10,47,0.45711025023523105,0.01438665653808302,0.0022706000017933547
3141,DI,250,1990,10,48,1.001375864314669e-14,1.887379141862766e-15,0.010541099996771663
3142,WMI,250,1990,10,48,1.0406861592922867e-14,2.220446049250313e-15,0.00043459999142214656
3143,ISM,250,1990,10,48,0.45711025023523105,0.01438665653808302,0.001879999996162951
3144,DI,250,1990,10,49,1.001375864314669e-14,1.887379141862766e-15,0.004172499990090728
3145,WMI,250,1990,10,49,1.0406861592922867e-14,2.220446049250313e-15,0.0004199999966658652
3146,ISM,250,1990,10,49,0.45711025023523105,0.01438665653808302,0.0023842999944463372
3147,DI,250,1990,10,50,1.001375864314669e-14,1.887379141862766e-15,0.004130799992708489
3148,WMI,250,1990,10,50,1.0406861592922867e-14,2.220446049250313e-15,0.00038330000825226307
3149,ISM,250,1990,10,50,0.45711025023523105,0.01438665653808302,0.0012501000019256026
3150,DI,250,1990,10,51,1.001375864314669e-14,1.887379141862766e-15,0.0036413999914657325
3151,WMI,250,1990,10,51,1.0406861592922867e-14,2.220446049250313e-15,0.00039999998989515007
3152,ISM,250,1990,10,51,0.45711025023523105,0.01438665653808302,0.0010568000143393874
3153,DI,250,1990,10,52,1.001375864314669e-14,1.887379141862766e-15,0.0033350999874528497
3154,WMI,250,1990,10,52,1.0406861592922867e-14,2.220446049250313e-15,0.0003133999998681247
3155,ISM,250,1990,10,52,0.45711025023523105,0.01438665653808302,0.0010019000037573278
3156,DI,250,1990,10,53,1.001375864314669e-14,1.887379141862766e-15,0.0032692999811843038
3157,WMI,250,1990,10,53,1.0406861592922867e-14,2.220446049250313e-15,0.0002833999751601368
3158,ISM,250,1990,10,53,0.45711025023523105,0.01438665653808302,0.0010763000173028558
3159,DI,250,1990,10,54,1.001375864314669e-14,1.887379141862766e-15,0.003480999992461875
3160,WMI,250,1990,10,54,1.0406861592922867e-14,2.220446049250313e-15,0.0003257000062149018
3161,ISM,250,1990,10,54,0.45711025023523105,0.01438665653808302,0.0010100000072270632
3162,DI,250,1990,10,55,1.001375864314669e-14,1.887379141862766e-15,0.0033325999975204468
3163,WMI,250,1990,10,55,1.0406861592922867e-14,2.220446049250313e-15,0.00032890000147745013
3164,ISM,250,1990,10,55,0.45711025023523105,0.01438665653808302,0.0012350000033620745
3165,DI,250,1990,10,56,1.001375864314669e-14,1.887379141862766e-15,0.003243100014515221
3166,WMI,250,1990,10,56,1.0406861592922867e-14,2.220446049250313e-15,0.00030610000248998404
3167,ISM,250,1990,10,56,0.45711025023523105,0.01438665653808302,0.0010010000260081142
3168,DI,250,1990,10,57,1.001375864314669e-14,1.887379141862766e-15,0.0031615000043530017
3169,WMI,250,1990,10,57,1.0406861592922867e-14,2.220446049250313e-15,0.0004386999935377389
3170,ISM,250,1990,10,57,0.45711025023523105,0.01438665653808302,0.002496599976439029
3171,DI,250,1990,10,58,1.001375864314669e-14,1.887379141862766e-15,0.0036327000125311315
3172,WMI,250,1990,10,58,1.0406861592922867e-14,2.220446049250313e-15,0.00034080000477842987
3173,ISM,250,1990,10,58,0.45711025023523105,0.01438665653808302,0.0010238999966531992
3174,DI,250,1990,10,59,1.001375864314669e-14,1.887379141862766e-15,0.0033549999934621155
3175,WMI,250,1990,10,59,1.0406861592922867e-14,2.220446049250313e-15,0.0003853000234812498
3176,ISM,250,1990,10,59,0.45711025023523105,0.01438665653808302,0.001046599994879216
3177,DI,250,1990,10,60,1.001375864314669e-14,1.887379141862766e-15,0.0034912999835796654
3178,WMI,250,1990,10,60,1.0406861592922867e-14,2.220446049250313e-15,0.00031969998963177204
3179,ISM,250,1990,10,60,0.45711025023523105,0.01438665653808302,0.0010143000108655542
3180,DI,250,1990,10,61,1.001375864314669e-14,1.887379141862766e-15,0.00325510001857765
3181,WMI,250,1990,10,61,1.0406861592922867e-14,2.220446049250313e-15,0.00031629999284632504
3182,ISM,250,1990,10,61,0.45711025023523105,0.01438665653808302,0.0015214000013656914
3183,DI,250,1990,10,62,1.001375864314669e-14,1.887379141862766e-15,0.0032466999837197363
3184,WMI,250,1990,10,62,1.0406861592922867e-14,2.220446049250313e-15,0.00032800002372823656
3185,ISM,250,1990,10,62,0.45711025023523105,0.01438665653808302,0.0010031999845523387
3186,DI,250,1990,10,63,1.001375864314669e-14,1.887379141862766e-15,0.0033758000063244253
3187,WMI,250,1990,10,63,1.0406861592922867e-14,2.220446049250313e-15,0.000304899993352592
3188,ISM,250,1990,10,63,0.45711025023523105,0.01438665653808302,0.002261100016767159
3189,DI,250,1990,10,64,1.001375864314669e-14,1.887379141862766e-15,0.003393599996343255
3190,WMI,250,1990,10,64,1.0406861592922867e-14,2.220446049250313e-15,0.00036230002297088504
3191,ISM,250,1990,10,64,0.45711025023523105,0.01438665653808302,0.002405100007308647
3192,DI,250,1990,10,65,1.001375864314669e-14,1.887379141862766e-15,0.008702800027094781
3193,WMI,250,1990,10,65,1.0406861592922867e-14,2.220446049250313e-15,0.00039370000013150275
3194,ISM,250,1990,10,65,0.45711025023523105,0.01438665653808302,0.0021330000017769635
3195,DI,250,1990,10,66,1.001375864314669e-14,1.887379141862766e-15,0.003289899992523715
3196,WMI,250,1990,10,66,1.0406861592922867e-14,2.220446049250313e-15,0.00032210000790655613
3197,ISM,250,1990,10,66,0.45711025023523105,0.01438665653808302,0.001046599994879216
3198,DI,250,1990,10,67,1.001375864314669e-14,1.887379141862766e-15,0.003686499985633418
3199,WMI,250,1990,10,67,1.0406861592922867e-14,2.220446049250313e-15,0.00038139999378472567
3200,ISM,250,1990,10,67,0.45711025023523105,0.01438665653808302,0.002424400008749217
3201,DI,250,1990,10,68,1.001375864314669e-14,1.887379141862766e-15,0.004497900023125112
3202,WMI,250,1990,10,68,1.0406861592922867e-14,2.220446049250313e-15,0.00045599997974932194
3203,ISM,250,1990,10,68,0.45711025023523105,0.01438665653808302,0.0010389999952167273
3204,DI,250,1990,10,69,1.001375864314669e-14,1.887379141862766e-15,0.003418299980694428
3205,WMI,250,1990,10,69,1.0406861592922867e-14,2.220446049250313e-15,0.0003305000136606395
3206,ISM,250,1990,10,69,0.45711025023523105,0.01438665653808302,0.002293899975484237
3207,DI,250,1990,10,70,1.001375864314669e-14,1.887379141862766e-15,0.0037158999766688794
3208,WMI,250,1990,10,70,1.0406861592922867e-14,2.220446049250313e-15,0.0004270999925211072
3209,ISM,250,1990,10,70,0.45711025023523105,0.01438665653808302,0.0010220999829471111
3210,DI,250,1990,10,71,1.001375864314669e-14,1.887379141862766e-15,0.003103800001554191
3211,WMI,250,1990,10,71,1.0406861592922867e-14,2.220446049250313e-15,0.0003988000098615885
3212,ISM,250,1990,10,71,0.45711025023523105,0.01438665653808302,0.002089799992972985
3213,DI,250,1990,10,72,1.001375864314669e-14,1.887379141862766e-15,0.0032891000155359507
3214,WMI,250,1990,10,72,1.0406861592922867e-14,2.220446049250313e-15,0.0003361999988555908
3215,ISM,250,1990,10,72,0.45711025023523105,0.01438665653808302,0.0021424000151455402
3216,DI,250,1990,10,73,1.001375864314669e-14,1.887379141862766e-15,0.003614799992647022
3217,WMI,250,1990,10,73,1.0406861592922867e-14,2.220446049250313e-15,0.000294400000711903
3218,ISM,250,1990,10,73,0.45711025023523105,0.01438665653808302,0.0010030000121332705
3219,DI,250,1990,10,74,1.001375864314669e-14,1.887379141862766e-15,0.003221899998607114
3220,WMI,250,1990,10,74,1.0406861592922867e-14,2.220446049250313e-15,0.0003085000207647681
3221,ISM,250,1990,10,74,0.45711025023523105,0.01438665653808302,0.0010043000220321119
3222,DI,250,1990,10,75,1.001375864314669e-14,1.887379141862766e-15,0.0031732000061310828
3223,WMI,250,1990,10,75,1.0406861592922867e-14,2.220446049250313e-15,0.0003171999996993691
3224,ISM,250,1990,10,75,0.45711025023523105,0.01438665653808302,0.0010047999967355281
3225,DI,250,1990,10,76,1.001375864314669e-14,1.887379141862766e-15,0.003796200006036088
3226,WMI,250,1990,10,76,1.0406861592922867e-14,2.220446049250313e-15,0.0003192000149283558
3227,ISM,250,1990,10,76,0.45711025023523105,0.01438665653808302,0.0010040000197477639
3228,DI,250,1990,10,77,1.001375864314669e-14,1.887379141862766e-15,0.003016199974808842
3229,WMI,250,1990,10,77,1.0406861592922867e-14,2.220446049250313e-15,0.00033320000511594117
3230,ISM,250,1990,10,77,0.45711025023523105,0.01438665653808302,0.0021606000082101673
3231,DI,250,1990,10,78,1.001375864314669e-14,1.887379141862766e-15,0.0032007000118028373
3232,WMI,250,1990,10,78,1.0406861592922867e-14,2.220446049250313e-15,0.00032970000756904483
3233,ISM,250,1990,10,78,0.45711025023523105,0.01438665653808302,0.0010160999954678118
3234,DI,250,1990,10,79,1.001375864314669e-14,1.887379141862766e-15,0.0032315000134985894
3235,WMI,250,1990,10,79,1.0406861592922867e-14,2.220446049250313e-15,0.0003197999903932214
3236,ISM,250,1990,10,79,0.45711025023523105,0.01438665653808302,0.00206979998620227
3237,DI,250,1990,10,80,1.001375864314669e-14,1.887379141862766e-15,0.0033992000098805875
3238,WMI,250,1990,10,80,1.0406861592922867e-14,2.220446049250313e-15,0.00029200001154094934
3239,ISM,250,1990,10,80,0.45711025023523105,0.01438665653808302,0.002178500028094277
3240,DI,250,1990,10,81,1.001375864314669e-14,1.887379141862766e-15,0.00339590001385659
3241,WMI,250,1990,10,81,1.0406861592922867e-14,2.220446049250313e-15,0.0003335000074002892
3242,ISM,250,1990,10,81,0.45711025023523105,0.01438665653808302,0.0010226000158581883
3243,DI,250,1990,10,82,1.001375864314669e-14,1.887379141862766e-15,0.0032833000004757196
3244,WMI,250,1990,10,82,1.0406861592922867e-14,2.220446049250313e-15,0.000329299975419417
3245,ISM,250,1990,10,82,0.45711025023523105,0.01438665653808302,0.0010016000014729798
3246,DI,250,1990,10,83,1.001375864314669e-14,1.887379141862766e-15,0.003320699994219467
3247,WMI,250,1990,10,83,1.0406861592922867e-14,2.220446049250313e-15,0.0003546999942045659
3248,ISM,250,1990,10,83,0.45711025023523105,0.01438665653808302,0.0012503000034485012
3249,DI,250,1990,10,84,1.001375864314669e-14,1.887379141862766e-15,0.003365599986864254
3250,WMI,250,1990,10,84,1.0406861592922867e-14,2.220446049250313e-15,0.0006240999791771173
3251,ISM,250,1990,10,84,0.45711025023523105,0.01438665653808302,0.0024216999881900847
3252,DI,250,1990,10,85,1.001375864314669e-14,1.887379141862766e-15,0.0045399999944493175
3253,WMI,250,1990,10,85,1.0406861592922867e-14,2.220446049250313e-15,0.00041420001070946455
3254,ISM,250,1990,10,85,0.45711025023523105,0.01438665653808302,0.0021781999967060983
3255,DI,250,1990,10,86,1.001375864314669e-14,1.887379141862766e-15,0.003938400011975318
3256,WMI,250,1990,10,86,1.0406861592922867e-14,2.220446049250313e-15,0.000398799980757758
3257,ISM,250,1990,10,86,0.45711025023523105,0.01438665653808302,0.0023022999812383205
3258,DI,250,1990,10,87,1.001375864314669e-14,1.887379141862766e-15,0.00382249997346662
3259,WMI,250,1990,10,87,1.0406861592922867e-14,2.220446049250313e-15,0.0003328000020701438
3260,ISM,250,1990,10,87,0.45711025023523105,0.01438665653808302,0.0022182999819051474
3261,DI,250,1990,10,88,1.001375864314669e-14,1.887379141862766e-15,0.005094099993584678
3262,WMI,250,1990,10,88,1.0406861592922867e-14,2.220446049250313e-15,0.0005426999996416271
3263,ISM,250,1990,10,88,0.45711025023523105,0.01438665653808302,0.002149700012523681
3264,DI,250,1990,10,89,1.001375864314669e-14,1.887379141862766e-15,0.00436479999916628
3265,WMI,250,1990,10,89,1.0406861592922867e-14,2.220446049250313e-15,0.000384299986762926
3266,ISM,250,1990,10,89,0.45711025023523105,0.01438665653808302,0.0021201999916229397
3267,DI,250,1990,10,90,1.001375864314669e-14,1.887379141862766e-15,0.0036856999795418233
3268,WMI,250,1990,10,90,1.0406861592922867e-14,2.220446049250313e-15,0.0003986999799963087
3269,ISM,250,1990,10,90,0.45711025023523105,0.01438665653808302,0.002301700005773455
3270,DI,250,1990,10,91,1.001375864314669e-14,1.887379141862766e-15,0.004488299979129806
3271,WMI,250,1990,10,91,1.0406861592922867e-14,2.220446049250313e-15,0.0003491000097710639
3272,ISM,250,1990,10,91,0.45711025023523105,0.01438665653808302,0.002254399994853884
3273,DI,250,1990,10,92,1.001375864314669e-14,1.887379141862766e-15,0.003919800015864894
3274,WMI,250,1990,10,92,1.0406861592922867e-14,2.220446049250313e-15,0.0004515000036917627
3275,ISM,250,1990,10,92,0.45711025023523105,0.01438665653808302,0.002428100007819012
3276,DI,250,1990,10,93,1.001375864314669e-14,1.887379141862766e-15,0.004063500004122034
3277,WMI,250,1990,10,93,1.0406861592922867e-14,2.220446049250313e-15,0.0003876000118907541
3278,ISM,250,1990,10,93,0.45711025023523105,0.01438665653808302,0.0021998999873176217
3279,DI,250,1990,10,94,1.001375864314669e-14,1.887379141862766e-15,0.00407300001825206
3280,WMI,250,1990,10,94,1.0406861592922867e-14,2.220446049250313e-15,0.0003454999823588878
3281,ISM,250,1990,10,94,0.45711025023523105,0.01438665653808302,0.0021207999961916357
3282,DI,250,1990,10,95,1.001375864314669e-14,1.887379141862766e-15,0.0036543000023812056
3283,WMI,250,1990,10,95,1.0406861592922867e-14,2.220446049250313e-15,0.0003567000094335526
3284,ISM,250,1990,10,95,0.45711025023523105,0.01438665653808302,0.0024717999913264066
3285,DI,250,1990,10,96,1.001375864314669e-14,1.887379141862766e-15,0.0038449999992735684
3286,WMI,250,1990,10,96,1.0406861592922867e-14,2.220446049250313e-15,0.0003395999956410378
3287,ISM,250,1990,10,96,0.45711025023523105,0.01438665653808302,0.0021477999980561435
3288,DI,250,1990,10,97,1.001375864314669e-14,1.887379141862766e-15,0.004077199992025271
3289,WMI,250,1990,10,97,1.0406861592922867e-14,2.220446049250313e-15,0.00037150000571273267
3290,ISM,250,1990,10,97,0.45711025023523105,0.01438665653808302,0.002113199996529147
3291,DI,250,1990,10,98,1.001375864314669e-14,1.887379141862766e-15,0.0037299999967217445
3292,WMI,250,1990,10,98,1.0406861592922867e-14,2.220446049250313e-15,0.0003186000103596598
3293,ISM,250,1990,10,98,0.45711025023523105,0.01438665653808302,0.0022190000163391232
3294,DI,250,1990,10,99,1.001375864314669e-14,1.887379141862766e-15,0.004286499985028058
3295,WMI,250,1990,10,99,1.0406861592922867e-14,2.220446049250313e-15,0.0004185000143479556
3296,ISM,250,1990,10,99,0.45711025023523105,0.01438665653808302,0.0021594999998342246
3297,DI,250,1990,10,100,1.001375864314669e-14,1.887379141862766e-15,0.004424299986567348
3298,WMI,250,1990,10,100,1.0406861592922867e-14,2.220446049250313e-15,0.0004400000034365803
3299,ISM,250,1990,10,100,0.45711025023523105,0.01438665653808302,0.0025659999810159206
3300,DI,250,1990,10,101,1.001375864314669e-14,1.887379141862766e-15,0.004208400001516566
3301,WMI,250,1990,10,101,1.0406861592922867e-14,2.220446049250313e-15,0.00042719999328255653
3302,ISM,250,1990,10,101,0.45711025023523105,0.01438665653808302,0.0015241999935824424
3303,DI,250,1990,10,102,1.001375864314669e-14,1.887379141862766e-15,0.00371729998732917
3304,WMI,250,1990,10,102,1.0406861592922867e-14,2.220446049250313e-15,0.0003164999943692237
3305,ISM,250,1990,10,102,0.45711025023523105,0.01438665653808302,0.001029600010951981
3306,DI,250,1990,10,103,1.001375864314669e-14,1.887379141862766e-15,0.0033719000057317317
3307,WMI,250,1990,10,103,1.0406861592922867e-14,2.220446049250313e-15,0.0005016000068280846
3308,ISM,250,1990,10,103,0.45711025023523105,0.01438665653808302,0.0018985999922733754
3309,DI,250,1990,10,104,1.001375864314669e-14,1.887379141862766e-15,0.003700399975059554
3310,WMI,250,1990,10,104,1.0406861592922867e-14,2.220446049250313e-15,0.00042100000428035855
3311,ISM,250,1990,10,104,0.45711025023523105,0.01438665653808302,0.0021668999979738146
3312,DI,250,1990,10,105,1.001375864314669e-14,1.887379141862766e-15,0.0038480999937746674
3313,WMI,250,1990,10,105,1.0406861592922867e-14,2.220446049250313e-15,0.00037510000402107835
3314,ISM,250,1990,10,105,0.45711025023523105,0.01438665653808302,0.001018200011458248
3315,DI,250,1990,10,106,1.001375864314669e-14,1.887379141862766e-15,0.0036136000126134604
3316,WMI,250,1990,10,106,1.0406861592922867e-14,2.220446049250313e-15,0.0002902999985963106
3317,ISM,250,1990,10,106,0.45711025023523105,0.01438665653808302,0.0009987000084947795
3318,DI,250,1990,10,107,1.001375864314669e-14,1.887379141862766e-15,0.004551199992420152
3319,WMI,250,1990,10,107,1.0406861592922867e-14,2.220446049250313e-15,0.00030089999199844897
3320,ISM,250,1990,10,107,0.45711025023523105,0.01438665653808302,0.0013766999763902277
3321,DI,250,1990,10,108,1.001375864314669e-14,1.887379141862766e-15,0.003573900001356378
3322,WMI,250,1990,10,108,1.0406861592922867e-14,2.220446049250313e-15,0.00022280000848695636
3323,ISM,250,1990,10,108,0.45711025023523105,0.01438665653808302,0.0011125000019092113
3324,DI,250,1990,10,109,1.001375864314669e-14,1.887379141862766e-15,0.003112000005785376
3325,WMI,250,1990,10,109,1.0406861592922867e-14,2.220446049250313e-15,0.0002905000001192093
3326,ISM,250,1990,10,109,0.45711025023523105,0.01438665653808302,0.0010228999890387058
3327,DI,250,1990,10,110,1.001375864314669e-14,1.887379141862766e-15,0.0031214000191539526
3328,WMI,250,1990,10,110,1.0406861592922867e-14,2.220446049250313e-15,0.00020830001449212432
3329,ISM,250,1990,10,110,0.45711025023523105,0.01438665653808302,0.002096200012601912
3330,DI,250,1990,10,111,1.001375864314669e-14,1.887379141862766e-15,0.003313200024422258
3331,WMI,250,1990,10,111,1.0406861592922867e-14,2.220446049250313e-15,0.00028539999038912356
3332,ISM,250,1990,10,111,0.45711025023523105,0.01438665653808302,0.0010634000063873827
3333,DI,250,1990,10,112,1.001375864314669e-14,1.887379141862766e-15,0.0029996999946888536
3334,WMI,250,1990,10,112,1.0406861592922867e-14,2.220446049250313e-15,0.00020089998724870384
3335,ISM,250,1990,10,112,0.45711025023523105,0.01438665653808302,0.0010045999952126294
3336,DI,250,1990,10,113,1.001375864314669e-14,1.887379141862766e-15,0.0030795999919064343
3337,WMI,250,1990,10,113,1.0406861592922867e-14,2.220446049250313e-15,0.0002044999855570495
3338,ISM,250,1990,10,113,0.45711025023523105,0.01438665653808302,0.0012098000152036548
3339,DI,250,1990,10,114,1.001375864314669e-14,1.887379141862766e-15,0.002812300022924319
3340,WMI,250,1990,10,114,1.0406861592922867e-14,2.220446049250313e-15,0.00022879999596625566
3341,ISM,250,1990,10,114,0.45711025023523105,0.01438665653808302,0.0021029000054113567
3342,DI,250,1990,10,115,1.001375864314669e-14,1.887379141862766e-15,0.003105900017544627
3343,WMI,250,1990,10,115,1.0406861592922867e-14,2.220446049250313e-15,0.0002060999977402389
3344,ISM,250,1990,10,115,0.45711025023523105,0.01438665653808302,0.0009922999888658524
3345,DI,250,1990,10,116,1.001375864314669e-14,1.887379141862766e-15,0.002886300004320219
3346,WMI,250,1990,10,116,1.0406861592922867e-14,2.220446049250313e-15,0.00027269998099654913
3347,ISM,250,1990,10,116,0.45711025023523105,0.01438665653808302,0.001006099977530539
3348,DI,250,1990,10,117,1.001375864314669e-14,1.887379141862766e-15,0.0029135999793652445
3349,WMI,250,1990,10,117,1.0406861592922867e-14,2.220446049250313e-15,0.0004064000095240772
3350,ISM,250,1990,10,117,0.45711025023523105,0.01438665653808302,0.0011522999848239124
3351,DI,250,1990,10,118,1.001375864314669e-14,1.887379141862766e-15,0.0028645000129472464
3352,WMI,250,1990,10,118,1.0406861592922867e-14,2.220446049250313e-15,0.00020099998801015317
3353,ISM,250,1990,10,118,0.45711025023523105,0.01438665653808302,0.0010464999941177666
3354,DI,250,1990,10,119,1.001375864314669e-14,1.887379141862766e-15,0.00319429999217391
3355,WMI,250,1990,10,119,1.0406861592922867e-14,2.220446049250313e-15,0.0002933999930974096
3356,ISM,250,1990,10,119,0.45711025023523105,0.01438665653808302,0.0011609999928623438
3357,DI,250,1990,10,120,1.001375864314669e-14,1.887379141862766e-15,0.0029687000205740333
3358,WMI,250,1990,10,120,1.0406861592922867e-14,2.220446049250313e-15,0.0002893999917432666
3359,ISM,250,1990,10,120,0.45711025023523105,0.01438665653808302,0.001573299989104271
3360,DI,250,1990,10,121,1.001375864314669e-14,1.887379141862766e-15,0.0031716999947093427
3361,WMI,250,1990,10,121,1.0406861592922867e-14,2.220446049250313e-15,0.00020530002075247467
3362,ISM,250,1990,10,121,0.45711025023523105,0.01438665653808302,0.001045600016368553
3363,DI,250,1990,10,122,1.001375864314669e-14,1.887379141862766e-15,0.0031759999983478338
3364,WMI,250,1990,10,122,1.0406861592922867e-14,2.220446049250313e-15,0.00019299998530186713
3365,ISM,250,1990,10,122,0.45711025023523105,0.01438665653808302,0.0010349000222049654
3366,DI,250,1990,10,123,1.001375864314669e-14,1.887379141862766e-15,0.003069600003072992
3367,WMI,250,1990,10,123,1.0406861592922867e-14,2.220446049250313e-15,0.00036520001594908535
3368,ISM,250,1990,10,123,0.45711025023523105,0.01438665653808302,0.001050899998517707
3369,DI,250,1990,10,124,1.001375864314669e-14,1.887379141862766e-15,0.0030516000115312636
3370,WMI,250,1990,10,124,1.0406861592922867e-14,2.220446049250313e-15,0.0002945000014733523
3371,ISM,250,1990,10,124,0.45711025023523105,0.01438665653808302,0.0010457999887876213
3372,DI,250,1990,10,125,1.001375864314669e-14,1.887379141862766e-15,0.0030838999955449253
3373,WMI,250,1990,10,125,1.0406861592922867e-14,2.220446049250313e-15,0.00019550000433810055
3374,ISM,250,1990,10,125,0.45711025023523105,0.01438665653808302,0.0010292000079061836
3375,DI,250,1990,10,126,1.001375864314669e-14,1.887379141862766e-15,0.0029221999866422266
3376,WMI,250,1990,10,126,1.0406861592922867e-14,2.220446049250313e-15,0.0003296000068075955
3377,ISM,250,1990,10,126,0.45711025023523105,0.01438665653808302,0.0010514000023249537
3378,DI,250,1990,10,127,1.001375864314669e-14,1.887379141862766e-15,0.003008700005011633
3379,WMI,250,1990,10,127,1.0406861592922867e-14,2.220446049250313e-15,0.00030780001543462276
3380,ISM,250,1990,10,127,0.45711025023523105,0.01438665653808302,0.0010764000180643052
3381,DI,250,1990,10,128,1.001375864314669e-14,1.887379141862766e-15,0.0029541999974753708
3382,WMI,250,1990,10,128,1.0406861592922867e-14,2.220446049250313e-15,0.00020819998462684453
3383,ISM,250,1990,10,128,0.45711025023523105,0.01438665653808302,0.002130700013367459
3384,DI,250,1990,10,129,1.001375864314669e-14,1.887379141862766e-15,0.002953600022010505
3385,WMI,250,1990,10,129,1.0406861592922867e-14,2.220446049250313e-15,0.0002887000155169517
3386,ISM,250,1990,10,129,0.45711025023523105,0.01438665653808302,0.0010528000129852444
3387,DI,250,1990,10,130,1.001375864314669e-14,1.887379141862766e-15,0.003090299986070022
3388,WMI,250,1990,10,130,1.0406861592922867e-14,2.220446049250313e-15,0.0003069999802391976
3389,ISM,250,1990,10,130,0.45711025023523105,0.01438665653808302,0.0010412000119686127
3390,DI,250,1990,10,131,1.001375864314669e-14,1.887379141862766e-15,0.0031020999886095524
3391,WMI,250,1990,10,131,1.0406861592922867e-14,2.220446049250313e-15,0.00029009999707341194
3392,ISM,250,1990,10,131,0.45711025023523105,0.01438665653808302,0.001045300014084205
3393,DI,250,1990,10,132,1.001375864314669e-14,1.887379141862766e-15,0.003118499997071922
3394,WMI,250,1990,10,132,1.0406861592922867e-14,2.220446049250313e-15,0.00021800000104121864
3395,ISM,250,1990,10,132,0.45711025023523105,0.01438665653808302,0.0010575000196695328
3396,DI,250,1990,10,133,1.001375864314669e-14,1.887379141862766e-15,0.0030553999822586775
3397,WMI,250,1990,10,133,1.0406861592922867e-14,2.220446049250313e-15,0.00032209997880272567
3398,ISM,250,1990,10,133,0.45711025023523105,0.01438665653808302,0.0010473000002093613
3399,DI,250,1990,10,134,1.001375864314669e-14,1.887379141862766e-15,0.0030838000238873065
3400,WMI,250,1990,10,134,1.0406861592922867e-14,2.220446049250313e-15,0.00031400000443682075
3401,ISM,250,1990,10,134,0.45711025023523105,0.01438665653808302,0.001121399982366711
3402,DI,250,1990,10,135,1.001375864314669e-14,1.887379141862766e-15,0.003336699999636039
3403,WMI,250,1990,10,135,1.0406861592922867e-14,2.220446049250313e-15,0.00037009999505244195
3404,ISM,250,1990,10,135,0.45711025023523105,0.01438665653808302,0.0010860000038519502
3405,DI,250,1990,10,136,1.001375864314669e-14,1.887379141862766e-15,0.0031952999997884035
3406,WMI,250,1990,10,136,1.0406861592922867e-14,2.220446049250313e-15,0.00033989999792538583
3407,ISM,250,1990,10,136,0.45711025023523105,0.01438665653808302,0.001058299996657297
3408,DI,250,1990,10,137,1.001375864314669e-14,1.887379141862766e-15,0.0031077999738045037
3409,WMI,250,1990,10,137,1.0406861592922867e-14,2.220446049250313e-15,0.00019029999384656549
3410,ISM,250,1990,10,137,0.45711025023523105,0.01438665653808302,0.0013221999979577959
3411,DI,250,1990,10,138,1.001375864314669e-14,1.887379141862766e-15,0.003188100003171712
3412,WMI,250,1990,10,138,1.0406861592922867e-14,2.220446049250313e-15,0.00027810002211481333
3413,ISM,250,1990,10,138,0.45711025023523105,0.01438665653808302,0.0011051000037696213
3414,DI,250,1990,10,139,1.001375864314669e-14,1.887379141862766e-15,0.003149200027110055
3415,WMI,250,1990,10,139,1.0406861592922867e-14,2.220446049250313e-15,0.0002886999864131212
3416,ISM,250,1990,10,139,0.45711025023523105,0.01438665653808302,0.0021055999968666583
3417,DI,250,1990,10,140,1.001375864314669e-14,1.887379141862766e-15,0.005088900012196973
3418,WMI,250,1990,10,140,1.0406861592922867e-14,2.220446049250313e-15,0.0002327000256627798
3419,ISM,250,1990,10,140,0.45711025023523105,0.01438665653808302,0.0010352999961469322
3420,DI,250,1990,10,141,1.001375864314669e-14,1.887379141862766e-15,0.003251600021030754
3421,WMI,250,1990,10,141,1.0406861592922867e-14,2.220446049250313e-15,0.00024399999529123306
3422,ISM,250,1990,10,141,0.45711025023523105,0.01438665653808302,0.001847300009103492
3423,DI,250,1990,10,142,1.001375864314669e-14,1.887379141862766e-15,0.0033014000218827277
3424,WMI,250,1990,10,142,1.0406861592922867e-14,2.220446049250313e-15,0.00026369999977760017
3425,ISM,250,1990,10,142,0.45711025023523105,0.01438665653808302,0.002112299989676103
3426,DI,250,1990,10,143,1.001375864314669e-14,1.887379141862766e-15,0.0031641999958083034
3427,WMI,250,1990,10,143,1.0406861592922867e-14,2.220446049250313e-15,0.0002198000147473067
3428,ISM,250,1990,10,143,0.45711025023523105,0.01438665653808302,0.0010482000070624053
3429,DI,250,1990,10,144,1.001375864314669e-14,1.887379141862766e-15,0.0031993000011425465
3430,WMI,250,1990,10,144,1.0406861592922867e-14,2.220446049250313e-15,0.00029409999842755497
3431,ISM,250,1990,10,144,0.45711025023523105,0.01438665653808302,0.001053099986165762
3432,DI,250,1990,10,145,1.001375864314669e-14,1.887379141862766e-15,0.0029833999869879335
3433,WMI,250,1990,10,145,1.0406861592922867e-14,2.220446049250313e-15,0.0003140999760944396
3434,ISM,250,1990,10,145,0.45711025023523105,0.01438665653808302,0.0021050999930594116
3435,DI,250,1990,10,146,1.001375864314669e-14,1.887379141862766e-15,0.0031470000103581697
3436,WMI,250,1990,10,146,1.0406861592922867e-14,2.220446049250313e-15,0.0003110000106971711
3437,ISM,250,1990,10,146,0.45711025023523105,0.01438665653808302,0.0020986000017728657
3438,DI,250,1990,10,147,1.001375864314669e-14,1.887379141862766e-15,0.002972399990539998
3439,WMI,250,1990,10,147,1.0406861592922867e-14,2.220446049250313e-15,0.0002553999947849661
3440,ISM,250,1990,10,147,0.45711025023523105,0.01438665653808302,0.0021062000014353544
3441,DI,250,1990,10,148,1.001375864314669e-14,1.887379141862766e-15,0.0030755000188946724
3442,WMI,250,1990,10,148,1.0406861592922867e-14,2.220446049250313e-15,0.0003353999927639961
3443,ISM,250,1990,10,148,0.45711025023523105,0.01438665653808302,0.001051500003086403
3444,DI,250,1990,10,149,1.001375864314669e-14,1.887379141862766e-15,0.0030713000160176307
3445,WMI,250,1990,10,149,1.0406861592922867e-14,2.220446049250313e-15,0.00021550001110881567
3446,ISM,250,1990,10,149,0.45711025023523105,0.01438665653808302,0.001042899995809421
3447,DI,250,1990,10,150,1.001375864314669e-14,1.887379141862766e-15,0.003208900016034022
3448,WMI,250,1990,10,150,1.0406861592922867e-14,2.220446049250313e-15,0.00028810001094825566
3449,ISM,250,1990,10,150,0.45711025023523105,0.01438665653808302,0.0021455000096466392
3450,DI,250,1990,10,151,1.001375864314669e-14,1.887379141862766e-15,0.002958199998829514
3451,WMI,250,1990,10,151,1.0406861592922867e-14,2.220446049250313e-15,0.00032939997618086636
3452,ISM,250,1990,10,151,0.45711025023523105,0.01438665653808302,0.0010755000112112612
3453,DI,250,1990,10,152,1.001375864314669e-14,1.887379141862766e-15,0.002984999999171123
3454,WMI,250,1990,10,152,1.0406861592922867e-14,2.220446049250313e-15,0.0002835999766830355
3455,ISM,250,1990,10,152,0.45711025023523105,0.01438665653808302,0.0011009000008925796
3456,DI,250,1990,10,153,1.001375864314669e-14,1.887379141862766e-15,0.003119200002402067
3457,WMI,250,1990,10,153,1.0406861592922867e-14,2.220446049250313e-15,0.0002849999873433262
3458,ISM,250,1990,10,153,0.45711025023523105,0.01438665653808302,0.0011286000080872327
3459,DI,250,1990,10,154,1.001375864314669e-14,1.887379141862766e-15,0.0034471999970264733
3460,WMI,250,1990,10,154,1.0406861592922867e-14,2.220446049250313e-15,0.0002170999941881746
3461,ISM,250,1990,10,154,0.45711025023523105,0.01438665653808302,0.0021471999934874475
3462,DI,250,1990,10,155,1.001375864314669e-14,1.887379141862766e-15,0.0033807999861892313
3463,WMI,250,1990,10,155,1.0406861592922867e-14,2.220446049250313e-15,0.0002505999873392284
3464,ISM,250,1990,10,155,0.45711025023523105,0.01438665653808302,0.002147299994248897
3465,DI,250,1990,10,156,1.001375864314669e-14,1.887379141862766e-15,0.003561299992725253
3466,WMI,250,1990,10,156,1.0406861592922867e-14,2.220446049250313e-15,0.00021559998276643455
3467,ISM,250,1990,10,156,0.45711025023523105,0.01438665653808302,0.0010554999753367156
3468,DI,250,1990,10,157,1.001375864314669e-14,1.887379141862766e-15,0.003167000017128885
3469,WMI,250,1990,10,157,1.0406861592922867e-14,2.220446049250313e-15,0.0004208000027574599
3470,ISM,250,1990,10,157,0.45711025023523105,0.01438665653808302,0.0011811000003945082
3471,DI,250,1990,10,158,1.001375864314669e-14,1.887379141862766e-15,0.0032307000074069947
3472,WMI,250,1990,10,158,1.0406861592922867e-14,2.220446049250313e-15,0.00031110001145862043
3473,ISM,250,1990,10,158,0.45711025023523105,0.01438665653808302,0.0010711000068113208
3474,DI,250,1990,10,159,1.001375864314669e-14,1.887379141862766e-15,0.003310500003863126
3475,WMI,250,1990,10,159,1.0406861592922867e-14,2.220446049250313e-15,0.0003947000077459961
3476,ISM,250,1990,10,159,0.45711025023523105,0.01438665653808302,0.0010847999947145581
3477,DI,250,1990,10,160,1.001375864314669e-14,1.887379141862766e-15,0.003261600009864196
3478,WMI,250,1990,10,160,1.0406861592922867e-14,2.220446049250313e-15,0.00021399999968707561
3479,ISM,250,1990,10,160,0.45711025023523105,0.01438665653808302,0.0010596999782137573
3480,DI,250,1990,10,161,1.001375864314669e-14,1.887379141862766e-15,0.0031651000026613474
3481,WMI,250,1990,10,161,1.0406861592922867e-14,2.220446049250313e-15,0.00025969999842345715
3482,ISM,250,1990,10,161,0.45711025023523105,0.01438665653808302,0.0010870999831240624
3483,DI,250,1990,10,162,1.001375864314669e-14,1.887379141862766e-15,0.00334989998373203
3484,WMI,250,1990,10,162,1.0406861592922867e-14,2.220446049250313e-15,0.0004746000049635768
3485,ISM,250,1990,10,162,0.45711025023523105,0.01438665653808302,0.0010922999936155975
3486,DI,250,1990,10,163,1.001375864314669e-14,1.887379141862766e-15,0.0031977000180631876
3487,WMI,250,1990,10,163,1.0406861592922867e-14,2.220446049250313e-15,0.00021090000518597662
3488,ISM,250,1990,10,163,0.45711025023523105,0.01438665653808302,0.0010738999990280718
3489,DI,250,1990,10,164,1.001375864314669e-14,1.887379141862766e-15,0.0032142999989446253
3490,WMI,250,1990,10,164,1.0406861592922867e-14,2.220446049250313e-15,0.0004873999860137701
3491,ISM,250,1990,10,164,0.45711025023523105,0.01438665653808302,0.0012408999900799245
3492,DI,250,1990,10,165,1.001375864314669e-14,1.887379141862766e-15,0.0034937000018544495
3493,WMI,250,1990,10,165,1.0406861592922867e-14,2.220446049250313e-15,0.00045059999683871865
3494,ISM,250,1990,10,165,0.45711025023523105,0.01438665653808302,0.0025557000190019608
3495,DI,250,1990,10,166,1.001375864314669e-14,1.887379141862766e-15,0.0033401999971829355
3496,WMI,250,1990,10,166,1.0406861592922867e-14,2.220446049250313e-15,0.00022319998242892325
3497,ISM,250,1990,10,166,0.45711025023523105,0.01438665653808302,0.0010770000226330012
3498,DI,250,1990,10,167,1.001375864314669e-14,1.887379141862766e-15,0.003670799982501194
3499,WMI,250,1990,10,167,1.0406861592922867e-14,2.220446049250313e-15,0.00033179999445565045
3500,ISM,250,1990,10,167,0.45711025023523105,0.01438665653808302,0.00437809998402372
3501,DI,250,1990,10,168,1.001375864314669e-14,1.887379141862766e-15,0.004038499988382682
3502,WMI,250,1990,10,168,1.0406861592922867e-14,2.220446049250313e-15,0.000551399978576228
3503,ISM,250,1990,10,168,0.45711025023523105,0.01438665653808302,0.001427700015483424
3504,DI,250,1990,10,169,1.001375864314669e-14,1.887379141862766e-15,0.0038349000096786767
3505,WMI,250,1990,10,169,1.0406861592922867e-14,2.220446049250313e-15,0.00025450001703575253
3506,ISM,250,1990,10,169,0.45711025023523105,0.01438665653808302,0.0010742000013124198
3507,DI,250,1990,10,170,1.001375864314669e-14,1.887379141862766e-15,0.003843399987090379
3508,WMI,250,1990,10,170,1.0406861592922867e-14,2.220446049250313e-15,0.0003364000003784895
3509,ISM,250,1990,10,170,0.45711025023523105,0.01438665653808302,0.0010972000018227845
3510,DI,250,1990,10,171,1.001375864314669e-14,1.887379141862766e-15,0.0033663000212982297
3511,WMI,250,1990,10,171,1.0406861592922867e-14,2.220446049250313e-15,0.0002841999812517315
3512,ISM,250,1990,10,171,0.45711025023523105,0.01438665653808302,0.0010935000027529895
3513,DI,250,1990,10,172,1.001375864314669e-14,1.887379141862766e-15,0.0033838000090327114
3514,WMI,250,1990,10,172,1.0406861592922867e-14,2.220446049250313e-15,0.00022449999232776463
3515,ISM,250,1990,10,172,0.45711025023523105,0.01438665653808302,0.001092900027288124
3516,DI,250,1990,10,173,1.001375864314669e-14,1.887379141862766e-15,0.003370799997355789
3517,WMI,250,1990,10,173,1.0406861592922867e-14,2.220446049250313e-15,0.00040359998820349574
3518,ISM,250,1990,10,173,0.45711025023523105,0.01438665653808302,0.0010720999853219837
3519,DI,250,1990,10,174,1.001375864314669e-14,1.887379141862766e-15,0.0034722999844234437
3520,WMI,250,1990,10,174,1.0406861592922867e-14,2.220446049250313e-15,0.00023189999046735466
3521,ISM,250,1990,10,174,0.45711025023523105,0.01438665653808302,0.0022939000045880675
3522,DI,250,1990,10,175,1.001375864314669e-14,1.887379141862766e-15,0.00314099999377504
3523,WMI,250,1990,10,175,1.0406861592922867e-14,2.220446049250313e-15,0.000212200015084818
3524,ISM,250,1990,10,175,0.45711025023523105,0.01438665653808302,0.00114819998270832
3525,DI,250,1990,10,176,1.001375864314669e-14,1.887379141862766e-15,0.0033767999848350883
3526,WMI,250,1990,10,176,1.0406861592922867e-14,2.220446049250313e-15,0.00036470001214183867
3527,ISM,250,1990,10,176,0.45711025023523105,0.01438665653808302,0.0011609999928623438
3528,DI,250,1990,10,177,1.001375864314669e-14,1.887379141862766e-15,0.0034097000025212765
3529,WMI,250,1990,10,177,1.0406861592922867e-14,2.220446049250313e-15,0.0003451999800745398
3530,ISM,250,1990,10,177,0.45711025023523105,0.01438665653808302,0.0022013999987393618
3531,DI,250,1990,10,178,1.001375864314669e-14,1.887379141862766e-15,0.0030011999770067632
3532,WMI,250,1990,10,178,1.0406861592922867e-14,2.220446049250313e-15,0.0003606999816838652
3533,ISM,250,1990,10,178,0.45711025023523105,0.01438665653808302,0.0010845999931916595
3534,DI,250,1990,10,179,1.001375864314669e-14,1.887379141862766e-15,0.0030568000220227987
3535,WMI,250,1990,10,179,1.0406861592922867e-14,2.220446049250313e-15,0.00036020000698044896
3536,ISM,250,1990,10,179,0.45711025023523105,0.01438665653808302,0.0013497000036295503
3537,DI,250,1990,10,180,1.001375864314669e-14,1.887379141862766e-15,0.0037951999984215945
3538,WMI,250,1990,10,180,1.0406861592922867e-14,2.220446049250313e-15,0.000294700002996251
3539,ISM,250,1990,10,180,0.45711025023523105,0.01438665653808302,0.0010757000127341598
3540,DI,250,1990,10,181,1.001375864314669e-14,1.887379141862766e-15,0.003495999990263954
3541,WMI,250,1990,10,181,1.0406861592922867e-14,2.220446049250313e-15,0.00031889998354017735
3542,ISM,250,1990,10,181,0.45711025023523105,0.01438665653808302,0.001068799989297986
3543,DI,250,1990,10,182,1.001375864314669e-14,1.887379141862766e-15,0.0038478999922517687
3544,WMI,250,1990,10,182,1.0406861592922867e-14,2.220446049250313e-15,0.0003674000035971403
3545,ISM,250,1990,10,182,0.45711025023523105,0.01438665653808302,0.001057399989804253
3546,DI,250,1990,10,183,1.001375864314669e-14,1.887379141862766e-15,0.0036635999858845025
3547,WMI,250,1990,10,183,1.0406861592922867e-14,2.220446049250313e-15,0.00031740000122226775
3548,ISM,250,1990,10,183,0.45711025023523105,0.01438665653808302,0.0022554000024683774
3549,DI,250,1990,10,184,1.001375864314669e-14,1.887379141862766e-15,0.00377370000933297
3550,WMI,250,1990,10,184,1.0406861592922867e-14,2.220446049250313e-15,0.00036639999598264694
3551,ISM,250,1990,10,184,0.45711025023523105,0.01438665653808302,0.002958199998829514
3552,DI,250,1990,10,185,1.001375864314669e-14,1.887379141862766e-15,0.003863899997668341
3553,WMI,250,1990,10,185,1.0406861592922867e-14,2.220446049250313e-15,0.0003108000091742724
3554,ISM,250,1990,10,185,0.45711025023523105,0.01438665653808302,0.0010704000014811754
3555,DI,250,1990,10,186,1.001375864314669e-14,1.887379141862766e-15,0.003627099998993799
3556,WMI,250,1990,10,186,1.0406861592922867e-14,2.220446049250313e-15,0.00036089998320676386
3557,ISM,250,1990,10,186,0.45711025023523105,0.01438665653808302,0.0010895000013988465
3558,DI,250,1990,10,187,1.001375864314669e-14,1.887379141862766e-15,0.0039018999959807843
3559,WMI,250,1990,10,187,1.0406861592922867e-14,2.220446049250313e-15,0.0004096000047866255
3560,ISM,250,1990,10,187,0.45711025023523105,0.01438665653808302,0.002633700001752004
3561,DI,250,1990,10,188,1.001375864314669e-14,1.887379141862766e-15,0.003996999992523342
3562,WMI,250,1990,10,188,1.0406861592922867e-14,2.220446049250313e-15,0.00037230001180432737
3563,ISM,250,1990,10,188,0.45711025023523105,0.01438665653808302,0.001117600011639297
3564,DI,250,1990,10,189,1.001375864314669e-14,1.887379141862766e-15,0.0045507999893743545
3565,WMI,250,1990,10,189,1.0406861592922867e-14,2.220446049250313e-15,0.00041310000233352184
3566,ISM,250,1990,10,189,0.45711025023523105,0.01438665653808302,0.0021863000001758337
3567,DI,250,1990,10,190,1.001375864314669e-14,1.887379141862766e-15,0.004452399996807799
3568,WMI,250,1990,10,190,1.0406861592922867e-14,2.220446049250313e-15,0.00037579998024739325
3569,ISM,250,1990,10,190,0.45711025023523105,0.01438665653808302,0.002209800004493445
3570,DI,250,1990,10,191,1.001375864314669e-14,1.887379141862766e-15,0.004337899998063222
3571,WMI,250,1990,10,191,1.0406861592922867e-14,2.220446049250313e-15,0.0004626000009011477
3572,ISM,250,1990,10,191,0.45711025023523105,0.01438665653808302,0.002169400017010048
3573,DI,250,1990,10,192,1.001375864314669e-14,1.887379141862766e-15,0.00441960000898689
3574,WMI,250,1990,10,192,1.0406861592922867e-14,2.220446049250313e-15,0.0004687999899033457
3575,ISM,250,1990,10,192,0.45711025023523105,0.01438665653808302,0.0026424000097904354
3576,DI,250,1990,10,193,1.001375864314669e-14,1.887379141862766e-15,0.0043400999857112765
3577,WMI,250,1990,10,193,1.0406861592922867e-14,2.220446049250313e-15,0.00047420000191777945
3578,ISM,250,1990,10,193,0.45711025023523105,0.01438665653808302,0.002257799991639331
3579,DI,250,1990,10,194,1.001375864314669e-14,1.887379141862766e-15,0.0042579000000841916
3580,WMI,250,1990,10,194,1.0406861592922867e-14,2.220446049250313e-15,0.0004650999908335507
3581,ISM,250,1990,10,194,0.45711025023523105,0.01438665653808302,0.0021863000001758337
3582,DI,250,1990,10,195,1.001375864314669e-14,1.887379141862766e-15,0.00447890002396889
3583,WMI,250,1990,10,195,1.0406861592922867e-14,2.220446049250313e-15,0.0004774999979417771
3584,ISM,250,1990,10,195,0.45711025023523105,0.01438665653808302,0.002255600003991276
3585,DI,250,1990,10,196,1.001375864314669e-14,1.887379141862766e-15,0.004470999992918223
3586,WMI,250,1990,10,196,1.0406861592922867e-14,2.220446049250313e-15,0.00038129999302327633
3587,ISM,250,1990,10,196,0.45711025023523105,0.01438665653808302,0.002562600013334304
3588,DI,250,1990,10,197,1.001375864314669e-14,1.887379141862766e-15,0.004222399991704151
3589,WMI,250,1990,10,197,1.0406861592922867e-14,2.220446049250313e-15,0.0004545999981928617
3590,ISM,250,1990,10,197,0.45711025023523105,0.01438665653808302,0.0024686999968253076
3591,DI,250,1990,10,198,1.001375864314669e-14,1.887379141862766e-15,0.004620000021532178
3592,WMI,250,1990,10,198,1.0406861592922867e-14,2.220446049250313e-15,0.00043569999979808927
3593,ISM,250,1990,10,198,0.45711025023523105,0.01438665653808302,0.003354199987370521
3594,DI,250,1990,10,199,1.001375864314669e-14,1.887379141862766e-15,0.00441080000018701
3595,WMI,250,1990,10,199,1.0406861592922867e-14,2.220446049250313e-15,0.0005299999902490526
3596,ISM,250,1990,10,199,0.45711025023523105,0.01438665653808302,0.002424599981168285
3597,DI,250,1990,10,200,1.001375864314669e-14,1.887379141862766e-15,0.0049023000174202025
3598,WMI,250,1990,10,200,1.0406861592922867e-14,2.220446049250313e-15,0.0005407000135164708
3599,ISM,250,1990,10,200,0.45711025023523105,0.01438665653808302,0.0021754000044893473
3600,DI,250,1980,20,1,9.77066842822586e-15,1.887379141862766e-15,0.0049427999765612185
3601,WMI,250,1980,20,1,1.018318391068118e-14,2.220446049250313e-15,0.0009088000224437565
3602,ISM,250,1980,20,1,0.6956983803812784,0.023735887142078527,0.004798600013600662
3603,DI,250,1980,20,2,9.77066842822586e-15,1.887379141862766e-15,0.00478849999490194
3604,WMI,250,1980,20,2,1.018318391068118e-14,2.220446049250313e-15,0.0006886999763082713
3605,ISM,250,1980,20,2,0.6956983803812784,0.023735887142078527,0.004803100018762052
3606,DI,250,1980,20,3,9.77066842822586e-15,1.887379141862766e-15,0.004884099995251745
3607,WMI,250,1980,20,3,1.018318391068118e-14,2.220446049250313e-15,0.0005725999944843352
3608,ISM,250,1980,20,3,0.6956983803812784,0.023735887142078527,0.0023996999952942133
3609,DI,250,1980,20,4,9.77066842822586e-15,1.887379141862766e-15,0.003847500018309802
3610,WMI,250,1980,20,4,1.018318391068118e-14,2.220446049250313e-15,0.0008966000168584287
3611,ISM,250,1980,20,4,0.6956983803812784,0.023735887142078527,0.0028085999947506934
3612,DI,250,1980,20,5,9.77066842822586e-15,1.887379141862766e-15,0.0033107000053860247
3613,WMI,250,1980,20,5,1.018318391068118e-14,2.220446049250313e-15,0.0004239999980200082
3614,ISM,250,1980,20,5,0.6956983803812784,0.023735887142078527,0.0019895000150427222
3615,DI,250,1980,20,6,9.77066842822586e-15,1.887379141862766e-15,0.003119100001640618
3616,WMI,250,1980,20,6,1.018318391068118e-14,2.220446049250313e-15,0.00046579999616369605
3617,ISM,250,1980,20,6,0.6956983803812784,0.023735887142078527,0.0030931999790482223
3618,DI,250,1980,20,7,9.77066842822586e-15,1.887379141862766e-15,0.00331140001071617
3619,WMI,250,1980,20,7,1.018318391068118e-14,2.220446049250313e-15,0.00048000001697801054
3620,ISM,250,1980,20,7,0.6956983803812784,0.023735887142078527,0.0020170000207144767
3621,DI,250,1980,20,8,9.77066842822586e-15,1.887379141862766e-15,0.003082800016272813
3622,WMI,250,1980,20,8,1.018318391068118e-14,2.220446049250313e-15,0.0005099000118207186
3623,ISM,250,1980,20,8,0.6956983803812784,0.023735887142078527,0.00407729999278672
3624,DI,250,1980,20,9,9.77066842822586e-15,1.887379141862766e-15,0.0031599999929312617
3625,WMI,250,1980,20,9,1.018318391068118e-14,2.220446049250313e-15,0.0004715000104624778
3626,ISM,250,1980,20,9,0.6956983803812784,0.023735887142078527,0.0026508999872021377
3627,DI,250,1980,20,10,9.77066842822586e-15,1.887379141862766e-15,0.00273510001716204
3628,WMI,250,1980,20,10,1.018318391068118e-14,2.220446049250313e-15,0.00043509999522939324
3629,ISM,250,1980,20,10,0.6956983803812784,0.023735887142078527,0.0030451000202447176
3630,DI,250,1980,20,11,9.77066842822586e-15,1.887379141862766e-15,0.002810099977068603
3631,WMI,250,1980,20,11,1.018318391068118e-14,2.220446049250313e-15,0.0004023000074084848
3632,ISM,250,1980,20,11,0.6956983803812784,0.023735887142078527,0.0019888999813701957
3633,DI,250,1980,20,12,9.77066842822586e-15,1.887379141862766e-15,0.0029294000123627484
3634,WMI,250,1980,20,12,1.018318391068118e-14,2.220446049250313e-15,0.00039450000622309744
3635,ISM,250,1980,20,12,0.6956983803812784,0.023735887142078527,0.001975399994989857
3636,DI,250,1980,20,13,9.77066842822586e-15,1.887379141862766e-15,0.0033947000047191978
3637,WMI,250,1980,20,13,1.018318391068118e-14,2.220446049250313e-15,0.00042039999971166253
3638,ISM,250,1980,20,13,0.6956983803812784,0.023735887142078527,0.002439900010358542
3639,DI,250,1980,20,14,9.77066842822586e-15,1.887379141862766e-15,0.003008199972100556
3640,WMI,250,1980,20,14,1.018318391068118e-14,2.220446049250313e-15,0.0004639000107999891
3641,ISM,250,1980,20,14,0.6956983803812784,0.023735887142078527,0.0020481999963521957
3642,DI,250,1980,20,15,9.77066842822586e-15,1.887379141862766e-15,0.0031655000057071447
3643,WMI,250,1980,20,15,1.018318391068118e-14,2.220446049250313e-15,0.0004135000053793192
3644,ISM,250,1980,20,15,0.6956983803812784,0.023735887142078527,0.004175900015980005
3645,DI,250,1980,20,16,9.77066842822586e-15,1.887379141862766e-15,0.0030168999801389873
3646,WMI,250,1980,20,16,1.018318391068118e-14,2.220446049250313e-15,0.0007607000006828457
3647,ISM,250,1980,20,16,0.6956983803812784,0.023735887142078527,0.0043006000050809234
3648,DI,250,1980,20,17,9.77066842822586e-15,1.887379141862766e-15,0.003108000004431233
3649,WMI,250,1980,20,17,1.018318391068118e-14,2.220446049250313e-15,0.0005035999929532409
3650,ISM,250,1980,20,17,0.6956983803812784,0.023735887142078527,0.0035274999972898513
3651,DI,250,1980,20,18,9.77066842822586e-15,1.887379141862766e-15,0.003122199996141717
3652,WMI,250,1980,20,18,1.018318391068118e-14,2.220446049250313e-15,0.00041179999243468046
3653,ISM,250,1980,20,18,0.6956983803812784,0.023735887142078527,0.004133900016313419
3654,DI,250,1980,20,19,9.77066842822586e-15,1.887379141862766e-15,0.003314200002932921
3655,WMI,250,1980,20,19,1.018318391068118e-14,2.220446049250313e-15,0.000457499991171062
3656,ISM,250,1980,20,19,0.6956983803812784,0.023735887142078527,0.0020521999977063388
3657,DI,250,1980,20,20,9.77066842822586e-15,1.887379141862766e-15,0.0032494000042788684
3658,WMI,250,1980,20,20,1.018318391068118e-14,2.220446049250313e-15,0.0004182000120636076
3659,ISM,250,1980,20,20,0.6956983803812784,0.023735887142078527,0.0020472999894991517
3660,DI,250,1980,20,21,9.77066842822586e-15,1.887379141862766e-15,0.003460300009464845
3661,WMI,250,1980,20,21,1.018318391068118e-14,2.220446049250313e-15,0.000999299983959645
3662,ISM,250,1980,20,21,0.6956983803812784,0.023735887142078527,0.0020772000134456903
3663,DI,250,1980,20,22,9.77066842822586e-15,1.887379141862766e-15,0.0033814000198617578
3664,WMI,250,1980,20,22,1.018318391068118e-14,2.220446049250313e-15,0.00040660001104697585
3665,ISM,250,1980,20,22,0.6956983803812784,0.023735887142078527,0.002367999986745417
3666,DI,250,1980,20,23,9.77066842822586e-15,1.887379141862766e-15,0.0038300000014714897
3667,WMI,250,1980,20,23,1.018318391068118e-14,2.220446049250313e-15,0.00039179998566396534
3668,ISM,250,1980,20,23,0.6956983803812784,0.023735887142078527,0.002029499999480322
3669,DI,250,1980,20,24,9.77066842822586e-15,1.887379141862766e-15,0.003298800002085045
3670,WMI,250,1980,20,24,1.018318391068118e-14,2.220446049250313e-15,0.00036849998286925256
3671,ISM,250,1980,20,24,0.6956983803812784,0.023735887142078527,0.002056900004390627
3672,DI,250,1980,20,25,9.77066842822586e-15,1.887379141862766e-15,0.0036903000145684928
3673,WMI,250,1980,20,25,1.018318391068118e-14,2.220446049250313e-15,0.0004432000278029591
3674,ISM,250,1980,20,25,0.6956983803812784,0.023735887142078527,0.0022382999886758626
3675,DI,250,1980,20,26,9.77066842822586e-15,1.887379141862766e-15,0.003496999997878447
3676,WMI,250,1980,20,26,1.018318391068118e-14,2.220446049250313e-15,0.00048260000767186284
3677,ISM,250,1980,20,26,0.6956983803812784,0.023735887142078527,0.0035245000035502017
3678,DI,250,1980,20,27,9.77066842822586e-15,1.887379141862766e-15,0.0034435999987181276
3679,WMI,250,1980,20,27,1.018318391068118e-14,2.220446049250313e-15,0.0005174999823793769
3680,ISM,250,1980,20,27,0.6956983803812784,0.023735887142078527,0.004214200016576797
3681,DI,250,1980,20,28,9.77066842822586e-15,1.887379141862766e-15,0.003618499991716817
3682,WMI,250,1980,20,28,1.018318391068118e-14,2.220446049250313e-15,0.0004935000033583492
3683,ISM,250,1980,20,28,0.6956983803812784,0.023735887142078527,0.0041822999774012715
3684,DI,250,1980,20,29,9.77066842822586e-15,1.887379141862766e-15,0.003475100005744025
3685,WMI,250,1980,20,29,1.018318391068118e-14,2.220446049250313e-15,0.0011531999916769564
3686,ISM,250,1980,20,29,0.6956983803812784,0.023735887142078527,0.001994699996430427
3687,DI,250,1980,20,30,9.77066842822586e-15,1.887379141862766e-15,0.003646400000434369
3688,WMI,250,1980,20,30,1.018318391068118e-14,2.220446049250313e-15,0.00047300002188421786
3689,ISM,250,1980,20,30,0.6956983803812784,0.023735887142078527,0.0019819999870378524
3690,DI,250,1980,20,31,9.77066842822586e-15,1.887379141862766e-15,0.0037582000077236444
3691,WMI,250,1980,20,31,1.018318391068118e-14,2.220446049250313e-15,0.0004771999956574291
3692,ISM,250,1980,20,31,0.6956983803812784,0.023735887142078527,0.004157699993811548
3693,DI,250,1980,20,32,9.77066842822586e-15,1.887379141862766e-15,0.0034002999891526997
3694,WMI,250,1980,20,32,1.018318391068118e-14,2.220446049250313e-15,0.0004315999976824969
3695,ISM,250,1980,20,32,0.6956983803812784,0.023735887142078527,0.002347300003748387
3696,DI,250,1980,20,33,9.77066842822586e-15,1.887379141862766e-15,0.00325660000089556
3697,WMI,250,1980,20,33,1.018318391068118e-14,2.220446049250313e-15,0.0004882999928668141
3698,ISM,250,1980,20,33,0.6956983803812784,0.023735887142078527,0.001984900009119883
3699,DI,250,1980,20,34,9.77066842822586e-15,1.887379141862766e-15,0.0034765999880619347
3700,WMI,250,1980,20,34,1.018318391068118e-14,2.220446049250313e-15,0.00046320000546984375
3701,ISM,250,1980,20,34,0.6956983803812784,0.023735887142078527,0.0019967000116594136
3702,DI,250,1980,20,35,9.77066842822586e-15,1.887379141862766e-15,0.0035368999815545976
3703,WMI,250,1980,20,35,1.018318391068118e-14,2.220446049250313e-15,0.00051710000843741
3704,ISM,250,1980,20,35,0.6956983803812784,0.023735887142078527,0.0019997000053990632
3705,DI,250,1980,20,36,9.77066842822586e-15,1.887379141862766e-15,0.0032863999949768186
3706,WMI,250,1980,20,36,1.018318391068118e-14,2.220446049250313e-15,0.0004626000009011477
3707,ISM,250,1980,20,36,0.6956983803812784,0.023735887142078527,0.0028637000068556517
3708,DI,250,1980,20,37,9.77066842822586e-15,1.887379141862766e-15,0.003428099997108802
3709,WMI,250,1980,20,37,1.018318391068118e-14,2.220446049250313e-15,0.0004068000125698745
3710,ISM,250,1980,20,37,0.6956983803812784,0.023735887142078527,0.0019674999930430204
3711,DI,250,1980,20,38,9.77066842822586e-15,1.887379141862766e-15,0.00323729999945499
3712,WMI,250,1980,20,38,1.018318391068118e-14,2.220446049250313e-15,0.0004915000172331929
3713,ISM,250,1980,20,38,0.6956983803812784,0.023735887142078527,0.0039271000132430345
3714,DI,250,1980,20,39,9.77066842822586e-15,1.887379141862766e-15,0.0030994999979157
3715,WMI,250,1980,20,39,1.018318391068118e-14,2.220446049250313e-15,0.0004180999821983278
3716,ISM,250,1980,20,39,0.6956983803812784,0.023735887142078527,0.0028175000043120235
3717,DI,250,1980,20,40,9.77066842822586e-15,1.887379141862766e-15,0.0033118000137619674
3718,WMI,250,1980,20,40,1.018318391068118e-14,2.220446049250313e-15,0.00040259998058900237
3719,ISM,250,1980,20,40,0.6956983803812784,0.023735887142078527,0.004138599993893877
3720,DI,250,1980,20,41,9.77066842822586e-15,1.887379141862766e-15,0.003240399993956089
3721,WMI,250,1980,20,41,1.018318391068118e-14,2.220446049250313e-15,0.0004755000118166208
3722,ISM,250,1980,20,41,0.6956983803812784,0.023735887142078527,0.0029439000063575804
3723,DI,250,1980,20,42,9.77066842822586e-15,1.887379141862766e-15,0.0032063000253401697
3724,WMI,250,1980,20,42,1.018318391068118e-14,2.220446049250313e-15,0.0004755999834742397
3725,ISM,250,1980,20,42,0.6956983803812784,0.023735887142078527,0.004180800024187192
3726,DI,250,1980,20,43,9.77066842822586e-15,1.887379141862766e-15,0.003593500005081296
3727,WMI,250,1980,20,43,1.018318391068118e-14,2.220446049250313e-15,0.00046529999235644937
3728,ISM,250,1980,20,43,0.6956983803812784,0.023735887142078527,0.004152099980274215
3729,DI,250,1980,20,44,9.77066842822586e-15,1.887379141862766e-15,0.003356900007929653
3730,WMI,250,1980,20,44,1.018318391068118e-14,2.220446049250313e-15,0.00039000000106170774
3731,ISM,250,1980,20,44,0.6956983803812784,0.023735887142078527,0.0029488999862223864
3732,DI,250,1980,20,45,9.77066842822586e-15,1.887379141862766e-15,0.0031734000076539814
3733,WMI,250,1980,20,45,1.018318391068118e-14,2.220446049250313e-15,0.0004291999794077128
3734,ISM,250,1980,20,45,0.6956983803812784,0.023735887142078527,0.002310999989276752
3735,DI,250,1980,20,46,9.77066842822586e-15,1.887379141862766e-15,0.0034013000258710235
3736,WMI,250,1980,20,46,1.018318391068118e-14,2.220446049250313e-15,0.0004786999779753387
3737,ISM,250,1980,20,46,0.6956983803812784,0.023735887142078527,0.0024295999901369214
3738,DI,250,1980,20,47,9.77066842822586e-15,1.887379141862766e-15,0.0033371000026818365
3739,WMI,250,1980,20,47,1.018318391068118e-14,2.220446049250313e-15,0.0004344999906606972
3740,ISM,250,1980,20,47,0.6956983803812784,0.023735887142078527,0.004362000006949529
3741,DI,250,1980,20,48,9.77066842822586e-15,1.887379141862766e-15,0.0032053000177256763
3742,WMI,250,1980,20,48,1.018318391068118e-14,2.220446049250313e-15,0.0006070999952498823
3743,ISM,250,1980,20,48,0.6956983803812784,0.023735887142078527,0.0024176999868359417
3744,DI,250,1980,20,49,9.77066842822586e-15,1.887379141862766e-15,0.003273899987107143
3745,WMI,250,1980,20,49,1.018318391068118e-14,2.220446049250313e-15,0.0006429000059142709
3746,ISM,250,1980,20,49,0.6956983803812784,0.023735887142078527,0.003638899972429499
3747,DI,250,1980,20,50,9.77066842822586e-15,1.887379141862766e-15,0.00314400001661852
3748,WMI,250,1980,20,50,1.018318391068118e-14,2.220446049250313e-15,0.00078369997208938
3749,ISM,250,1980,20,50,0.6956983803812784,0.023735887142078527,0.002345000015338883
3750,DI,250,1980,20,51,9.77066842822586e-15,1.887379141862766e-15,0.0032430000137537718
3751,WMI,250,1980,20,51,1.018318391068118e-14,2.220446049250313e-15,0.0005117999971844256
3752,ISM,250,1980,20,51,0.6956983803812784,0.023735887142078527,0.0023997999960556626
3753,DI,250,1980,20,52,9.77066842822586e-15,1.887379141862766e-15,0.0032458000059705228
3754,WMI,250,1980,20,52,1.018318391068118e-14,2.220446049250313e-15,0.00044109998270869255
3755,ISM,250,1980,20,52,0.6956983803812784,0.023735887142078527,0.004138300020713359
3756,DI,250,1980,20,53,9.77066842822586e-15,1.887379141862766e-15,0.0032956000068224967
3757,WMI,250,1980,20,53,1.018318391068118e-14,2.220446049250313e-15,0.0004076999903190881
3758,ISM,250,1980,20,53,0.6956983803812784,0.023735887142078527,0.002783800009638071
3759,DI,250,1980,20,54,9.77066842822586e-15,1.887379141862766e-15,0.0033125999907497317
3760,WMI,250,1980,20,54,1.018318391068118e-14,2.220446049250313e-15,0.0003858999989461154
3761,ISM,250,1980,20,54,0.6956983803812784,0.023735887142078527,0.0019884999783243984
3762,DI,250,1980,20,55,9.77066842822586e-15,1.887379141862766e-15,0.003146200004266575
3763,WMI,250,1980,20,55,1.018318391068118e-14,2.220446049250313e-15,0.0006931000098120421
3764,ISM,250,1980,20,55,0.6956983803812784,0.023735887142078527,0.0020096999942325056
3765,DI,250,1980,20,56,9.77066842822586e-15,1.887379141862766e-15,0.0030952000233810395
3766,WMI,250,1980,20,56,1.018318391068118e-14,2.220446049250313e-15,0.0005536999960895628
3767,ISM,250,1980,20,56,0.6956983803812784,0.023735887142078527,0.003476300014881417
3768,DI,250,1980,20,57,9.77066842822586e-15,1.887379141862766e-15,0.003001999983098358
3769,WMI,250,1980,20,57,1.018318391068118e-14,2.220446049250313e-15,0.00043100002221763134
3770,ISM,250,1980,20,57,0.6956983803812784,0.023735887142078527,0.001987399999052286
3771,DI,250,1980,20,58,9.77066842822586e-15,1.887379141862766e-15,0.0028722999850288033
3772,WMI,250,1980,20,58,1.018318391068118e-14,2.220446049250313e-15,0.00036050000926479697
3773,ISM,250,1980,20,58,0.6956983803812784,0.023735887142078527,0.001969800010556355
3774,DI,250,1980,20,59,9.77066842822586e-15,1.887379141862766e-15,0.003274799993960187
3775,WMI,250,1980,20,59,1.018318391068118e-14,2.220446049250313e-15,0.00039480000850744545
3776,ISM,250,1980,20,59,0.6956983803812784,0.023735887142078527,0.001987299998290837
3777,DI,250,1980,20,60,9.77066842822586e-15,1.887379141862766e-15,0.003008400002727285
3778,WMI,250,1980,20,60,1.018318391068118e-14,2.220446049250313e-15,0.004585100017720833
3779,ISM,250,1980,20,60,0.6956983803812784,0.023735887142078527,0.002162699995096773
3780,DI,250,1980,20,61,9.77066842822586e-15,1.887379141862766e-15,0.005087199999252334
3781,WMI,250,1980,20,61,1.018318391068118e-14,2.220446049250313e-15,0.0006353000062517822
3782,ISM,250,1980,20,61,0.6956983803812784,0.023735887142078527,0.001983099995413795
3783,DI,250,1980,20,62,9.77066842822586e-15,1.887379141862766e-15,0.0034918999881483614
3784,WMI,250,1980,20,62,1.018318391068118e-14,2.220446049250313e-15,0.0005901999829802662
3785,ISM,250,1980,20,62,0.6956983803812784,0.023735887142078527,0.007042000012006611
3786,DI,250,1980,20,63,9.77066842822586e-15,1.887379141862766e-15,0.004033800010802224
3787,WMI,250,1980,20,63,1.018318391068118e-14,2.220446049250313e-15,0.0006201000069268048
3788,ISM,250,1980,20,63,0.6956983803812784,0.023735887142078527,0.0020108000026084483
3789,DI,250,1980,20,64,9.77066842822586e-15,1.887379141862766e-15,0.003191800002241507
3790,WMI,250,1980,20,64,1.018318391068118e-14,2.220446049250313e-15,0.0004120999947190285
3791,ISM,250,1980,20,64,0.6956983803812784,0.023735887142078527,0.0023893000034149736
3792,DI,250,1980,20,65,9.77066842822586e-15,1.887379141862766e-15,0.00347729999339208
3793,WMI,250,1980,20,65,1.018318391068118e-14,2.220446049250313e-15,0.00043730001198127866
3794,ISM,250,1980,20,65,0.6956983803812784,0.023735887142078527,0.0024040999996941537
3795,DI,250,1980,20,66,9.77066842822586e-15,1.887379141862766e-15,0.0033891999919433147
3796,WMI,250,1980,20,66,1.018318391068118e-14,2.220446049250313e-15,0.00042470000335015357
3797,ISM,250,1980,20,66,0.6956983803812784,0.023735887142078527,0.0020265000057406723
3798,DI,250,1980,20,67,9.77066842822586e-15,1.887379141862766e-15,0.003731000004336238
3799,WMI,250,1980,20,67,1.018318391068118e-14,2.220446049250313e-15,0.0005394000036176294
3800,ISM,250,1980,20,67,0.6956983803812784,0.023735887142078527,0.0020027999999001622
3801,DI,250,1980,20,68,9.77066842822586e-15,1.887379141862766e-15,0.0033716000034473836
3802,WMI,250,1980,20,68,1.018318391068118e-14,2.220446049250313e-15,0.0004973000031895936
3803,ISM,250,1980,20,68,0.6956983803812784,0.023735887142078527,0.001974499988136813
3804,DI,250,1980,20,69,9.77066842822586e-15,1.887379141862766e-15,0.003462700027739629
3805,WMI,250,1980,20,69,1.018318391068118e-14,2.220446049250313e-15,0.0004163999983575195
3806,ISM,250,1980,20,69,0.6956983803812784,0.023735887142078527,0.003992599988123402
3807,DI,250,1980,20,70,9.77066842822586e-15,1.887379141862766e-15,0.0036894999793730676
3808,WMI,250,1980,20,70,1.018318391068118e-14,2.220446049250313e-15,0.0006417999975383282
3809,ISM,250,1980,20,70,0.6956983803812784,0.023735887142078527,0.002002699999138713
3810,DI,250,1980,20,71,9.77066842822586e-15,1.887379141862766e-15,0.003531700000166893
3811,WMI,250,1980,20,71,1.018318391068118e-14,2.220446049250313e-15,0.0005932000058237463
3812,ISM,250,1980,20,71,0.6956983803812784,0.023735887142078527,0.005646100005833432
3813,DI,250,1980,20,72,9.77066842822586e-15,1.887379141862766e-15,0.003606799989938736
3814,WMI,250,1980,20,72,1.018318391068118e-14,2.220446049250313e-15,0.0005030000174883753
3815,ISM,250,1980,20,72,0.6956983803812784,0.023735887142078527,0.004225700016831979
3816,DI,250,1980,20,73,9.77066842822586e-15,1.887379141862766e-15,0.004516999993938953
3817,WMI,250,1980,20,73,1.018318391068118e-14,2.220446049250313e-15,0.0006443999882321805
3818,ISM,250,1980,20,73,0.6956983803812784,0.023735887142078527,0.004012100020190701
3819,DI,250,1980,20,74,9.77066842822586e-15,1.887379141862766e-15,0.005283300008159131
3820,WMI,250,1980,20,74,1.018318391068118e-14,2.220446049250313e-15,0.0005706000083591789
3821,ISM,250,1980,20,74,0.6956983803812784,0.023735887142078527,0.002004699985263869
3822,DI,250,1980,20,75,9.77066842822586e-15,1.887379141862766e-15,0.003673200000775978
3823,WMI,250,1980,20,75,1.018318391068118e-14,2.220446049250313e-15,0.0005520999839063734
3824,ISM,250,1980,20,75,0.6956983803812784,0.023735887142078527,0.003987500007497147
3825,DI,250,1980,20,76,9.77066842822586e-15,1.887379141862766e-15,0.0037819000135641545
3826,WMI,250,1980,20,76,1.018318391068118e-14,2.220446049250313e-15,0.0005008000007364899
3827,ISM,250,1980,20,76,0.6956983803812784,0.023735887142078527,0.004045200010295957
3828,DI,250,1980,20,77,9.77066842822586e-15,1.887379141862766e-15,0.004349399998318404
3829,WMI,250,1980,20,77,1.018318391068118e-14,2.220446049250313e-15,0.0005074999935459346
3830,ISM,250,1980,20,77,0.6956983803812784,0.023735887142078527,0.004256199987139553
3831,DI,250,1980,20,78,9.77066842822586e-15,1.887379141862766e-15,0.004534600011538714
3832,WMI,250,1980,20,78,1.018318391068118e-14,2.220446049250313e-15,0.0005638000147882849
3833,ISM,250,1980,20,78,0.6956983803812784,0.023735887142078527,0.003724899986991659
3834,DI,250,1980,20,79,9.77066842822586e-15,1.887379141862766e-15,0.004080700018675998
3835,WMI,250,1980,20,79,1.018318391068118e-14,2.220446049250313e-15,0.0005884999991394579
3836,ISM,250,1980,20,79,0.6956983803812784,0.023735887142078527,0.004165399994235486
3837,DI,250,1980,20,80,9.77066842822586e-15,1.887379141862766e-15,0.00503739999840036
3838,WMI,250,1980,20,80,1.018318391068118e-14,2.220446049250313e-15,0.0006889000069350004
3839,ISM,250,1980,20,80,0.6956983803812784,0.023735887142078527,0.00215869999374263
3840,DI,250,1980,20,81,9.77066842822586e-15,1.887379141862766e-15,0.0036902000138070434
3841,WMI,250,1980,20,81,1.018318391068118e-14,2.220446049250313e-15,0.000531300000147894
3842,ISM,250,1980,20,81,0.6956983803812784,0.023735887142078527,0.0019864000205416232
3843,DI,250,1980,20,82,9.77066842822586e-15,1.887379141862766e-15,0.004110699985176325
3844,WMI,250,1980,20,82,1.018318391068118e-14,2.220446049250313e-15,0.0006172000139486045
3845,ISM,250,1980,20,82,0.6956983803812784,0.023735887142078527,0.0019792999955825508
3846,DI,250,1980,20,83,9.77066842822586e-15,1.887379141862766e-15,0.004893200006335974
3847,WMI,250,1980,20,83,1.018318391068118e-14,2.220446049250313e-15,0.0005856000061612576
3848,ISM,250,1980,20,83,0.6956983803812784,0.023735887142078527,0.004697700001997873
3849,DI,250,1980,20,84,9.77066842822586e-15,1.887379141862766e-15,0.004271300014806911
3850,WMI,250,1980,20,84,1.018318391068118e-14,2.220446049250313e-15,0.0006018999847583473
3851,ISM,250,1980,20,84,0.6956983803812784,0.023735887142078527,0.002361000020755455
3852,DI,250,1980,20,85,9.77066842822586e-15,1.887379141862766e-15,0.00375879998318851
3853,WMI,250,1980,20,85,1.018318391068118e-14,2.220446049250313e-15,0.0005718000174965709
3854,ISM,250,1980,20,85,0.6956983803812784,0.023735887142078527,0.005889499996555969
3855,DI,250,1980,20,86,9.77066842822586e-15,1.887379141862766e-15,0.0039539999852422625
3856,WMI,250,1980,20,86,1.018318391068118e-14,2.220446049250313e-15,0.0005881999968551099
3857,ISM,250,1980,20,86,0.6956983803812784,0.023735887142078527,0.0019895000150427222
3858,DI,250,1980,20,87,9.77066842822586e-15,1.887379141862766e-15,0.0036100000143051147
3859,WMI,250,1980,20,87,1.018318391068118e-14,2.220446049250313e-15,0.0004676000098697841
3860,ISM,250,1980,20,87,0.6956983803812784,0.023735887142078527,0.0035590999759733677
3861,DI,250,1980,20,88,9.77066842822586e-15,1.887379141862766e-15,0.0041485000110697
3862,WMI,250,1980,20,88,1.018318391068118e-14,2.220446049250313e-15,0.00048660000902600586
3863,ISM,250,1980,20,88,0.6956983803812784,0.023735887142078527,0.0019352999806869775
3864,DI,250,1980,20,89,9.77066842822586e-15,1.887379141862766e-15,0.0036833000194747
3865,WMI,250,1980,20,89,1.018318391068118e-14,2.220446049250313e-15,0.00047599998652003706
3866,ISM,250,1980,20,89,0.6956983803812784,0.023735887142078527,0.006520099996123463
3867,DI,250,1980,20,90,9.77066842822586e-15,1.887379141862766e-15,0.0040899000014178455
3868,WMI,250,1980,20,90,1.018318391068118e-14,2.220446049250313e-15,0.0004960999940522015
3869,ISM,250,1980,20,90,0.6956983803812784,0.023735887142078527,0.003572999994503334
3870,DI,250,1980,20,91,9.77066842822586e-15,1.887379141862766e-15,0.0033860999974422157
3871,WMI,250,1980,20,91,1.018318391068118e-14,2.220446049250313e-15,0.0003969999961555004
3872,ISM,250,1980,20,91,0.6956983803812784,0.023735887142078527,0.00205789998290129
3873,DI,250,1980,20,92,9.77066842822586e-15,1.887379141862766e-15,0.003331799991428852
3874,WMI,250,1980,20,92,1.018318391068118e-14,2.220446049250313e-15,0.000391399982618168
3875,ISM,250,1980,20,92,0.6956983803812784,0.023735887142078527,0.0020453000033739954
3876,DI,250,1980,20,93,9.77066842822586e-15,1.887379141862766e-15,0.003216399985831231
3877,WMI,250,1980,20,93,1.018318391068118e-14,2.220446049250313e-15,0.0003865000035148114
3878,ISM,250,1980,20,93,0.6956983803812784,0.023735887142078527,0.0042545999749563634
3879,DI,250,1980,20,94,9.77066842822586e-15,1.887379141862766e-15,0.0034024999768007547
3880,WMI,250,1980,20,94,1.018318391068118e-14,2.220446049250313e-15,0.0004952999879606068
3881,ISM,250,1980,20,94,0.6956983803812784,0.023735887142078527,0.002006700000492856
3882,DI,250,1980,20,95,9.77066842822586e-15,1.887379141862766e-15,0.003411300014704466
3883,WMI,250,1980,20,95,1.018318391068118e-14,2.220446049250313e-15,0.0008430999878328294
3884,ISM,250,1980,20,95,0.6956983803812784,0.023735887142078527,0.0020309000101406127
3885,DI,250,1980,20,96,9.77066842822586e-15,1.887379141862766e-15,0.003312800021376461
3886,WMI,250,1980,20,96,1.018318391068118e-14,2.220446049250313e-15,0.0004755000118166208
3887,ISM,250,1980,20,96,0.6956983803812784,0.023735887142078527,0.001979000022402033
3888,DI,250,1980,20,97,9.77066842822586e-15,1.887379141862766e-15,0.0027911000070162117
3889,WMI,250,1980,20,97,1.018318391068118e-14,2.220446049250313e-15,0.00038759998278692365
3890,ISM,250,1980,20,97,0.6956983803812784,0.023735887142078527,0.001991099998122081
3891,DI,250,1980,20,98,9.77066842822586e-15,1.887379141862766e-15,0.00306389998877421
3892,WMI,250,1980,20,98,1.018318391068118e-14,2.220446049250313e-15,0.00046270000166259706
3893,ISM,250,1980,20,98,0.6956983803812784,0.023735887142078527,0.001988000003620982
3894,DI,250,1980,20,99,9.77066842822586e-15,1.887379141862766e-15,0.0027449999761302024
3895,WMI,250,1980,20,99,1.018318391068118e-14,2.220446049250313e-15,0.00035570000181905925
3896,ISM,250,1980,20,99,0.6956983803812784,0.023735887142078527,0.004114199982723221
3897,DI,250,1980,20,100,9.77066842822586e-15,1.887379141862766e-15,0.003152099990984425
3898,WMI,250,1980,20,100,1.018318391068118e-14,2.220446049250313e-15,0.0003589999978430569
3899,ISM,250,1980,20,100,0.6956983803812784,0.023735887142078527,0.001971200021216646
3900,DI,250,1980,20,101,9.77066842822586e-15,1.887379141862766e-15,0.002797099994495511
3901,WMI,250,1980,20,101,1.018318391068118e-14,2.220446049250313e-15,0.0004169000021647662
3902,ISM,250,1980,20,101,0.6956983803812784,0.023735887142078527,0.0019828999938908964
3903,DI,250,1980,20,102,9.77066842822586e-15,1.887379141862766e-15,0.0030761000234633684
3904,WMI,250,1980,20,102,1.018318391068118e-14,2.220446049250313e-15,0.0003693999897222966
3905,ISM,250,1980,20,102,0.6956983803812784,0.023735887142078527,0.003984699986176565
3906,DI,250,1980,20,103,9.77066842822586e-15,1.887379141862766e-15,0.0027463000151328743
3907,WMI,250,1980,20,103,1.018318391068118e-14,2.220446049250313e-15,0.0003625999961514026
3908,ISM,250,1980,20,103,0.6956983803812784,0.023735887142078527,0.0019644999993033707
3909,DI,250,1980,20,104,9.77066842822586e-15,1.887379141862766e-15,0.0029343000205699354
3910,WMI,250,1980,20,104,1.018318391068118e-14,2.220446049250313e-15,0.0004250000056345016
3911,ISM,250,1980,20,104,0.6956983803812784,0.023735887142078527,0.0019773999811150134
3912,DI,250,1980,20,105,9.77066842822586e-15,1.887379141862766e-15,0.002779200003715232
3913,WMI,250,1980,20,105,1.018318391068118e-14,2.220446049250313e-15,0.00043310000910423696
3914,ISM,250,1980,20,105,0.6956983803812784,0.023735887142078527,0.0019945999956689775
3915,DI,250,1980,20,106,9.77066842822586e-15,1.887379141862766e-15,0.00304320000577718
3916,WMI,250,1980,20,106,1.018318391068118e-14,2.220446049250313e-15,0.000377499993192032
3917,ISM,250,1980,20,106,0.6956983803812784,0.023735887142078527,0.004067599977133796
3918,DI,250,1980,20,107,9.77066842822586e-15,1.887379141862766e-15,0.002916400000685826
3919,WMI,250,1980,20,107,1.018318391068118e-14,2.220446049250313e-15,0.00043410001671873033
3920,ISM,250,1980,20,107,0.6956983803812784,0.023735887142078527,0.0020998000109102577
3921,DI,250,1980,20,108,9.77066842822586e-15,1.887379141862766e-15,0.0028885999927297235
3922,WMI,250,1980,20,108,1.018318391068118e-14,2.220446049250313e-15,0.00043230000301264226
3923,ISM,250,1980,20,108,0.6956983803812784,0.023735887142078527,0.0019841000030282885
3924,DI,250,1980,20,109,9.77066842822586e-15,1.887379141862766e-15,0.0032801000052131712
3925,WMI,250,1980,20,109,1.018318391068118e-14,2.220446049250313e-15,0.00045599997974932194
3926,ISM,250,1980,20,109,0.6956983803812784,0.023735887142078527,0.002052900003036484
3927,DI,250,1980,20,110,9.77066842822586e-15,1.887379141862766e-15,0.0030876999953761697
3928,WMI,250,1980,20,110,1.018318391068118e-14,2.220446049250313e-15,0.0005555000097956508
3929,ISM,250,1980,20,110,0.6956983803812784,0.023735887142078527,0.0020229999790899456
3930,DI,250,1980,20,111,9.77066842822586e-15,1.887379141862766e-15,0.003412899997783825
3931,WMI,250,1980,20,111,1.018318391068118e-14,2.220446049250313e-15,0.0005081999988760799
3932,ISM,250,1980,20,111,0.6956983803812784,0.023735887142078527,0.0030688999977428466
3933,DI,250,1980,20,112,9.77066842822586e-15,1.887379141862766e-15,0.003570100001525134
3934,WMI,250,1980,20,112,1.018318391068118e-14,2.220446049250313e-15,0.00043899999582208693
3935,ISM,250,1980,20,112,0.6956983803812784,0.023735887142078527,0.00396770000224933
3936,DI,250,1980,20,113,9.77066842822586e-15,1.887379141862766e-15,0.003362199990078807
3937,WMI,250,1980,20,113,1.018318391068118e-14,2.220446049250313e-15,0.0006020000146236271
3938,ISM,250,1980,20,113,0.6956983803812784,0.023735887142078527,0.002046300010988489
3939,DI,250,1980,20,114,9.77066842822586e-15,1.887379141862766e-15,0.0033805000130087137
3940,WMI,250,1980,20,114,1.018318391068118e-14,2.220446049250313e-15,0.0004341999883763492
3941,ISM,250,1980,20,114,0.6956983803812784,0.023735887142078527,0.0029220000142231584
3942,DI,250,1980,20,115,9.77066842822586e-15,1.887379141862766e-15,0.003561299992725253
3943,WMI,250,1980,20,115,1.018318391068118e-14,2.220446049250313e-15,0.00047989998711273074
3944,ISM,250,1980,20,115,0.6956983803812784,0.023735887142078527,0.00413519999710843
3945,DI,250,1980,20,116,9.77066842822586e-15,1.887379141862766e-15,0.003662100003566593
3946,WMI,250,1980,20,116,1.018318391068118e-14,2.220446049250313e-15,0.0004087999986950308
3947,ISM,250,1980,20,116,0.6956983803812784,0.023735887142078527,0.004258800006937236
3948,DI,250,1980,20,117,9.77066842822586e-15,1.887379141862766e-15,0.0034456999856047332
3949,WMI,250,1980,20,117,1.018318391068118e-14,2.220446049250313e-15,0.0005062000127509236
3950,ISM,250,1980,20,117,0.6956983803812784,0.023735887142078527,0.0031089999829418957
3951,DI,250,1980,20,118,9.77066842822586e-15,1.887379141862766e-15,0.003443399997195229
3952,WMI,250,1980,20,118,1.018318391068118e-14,2.220446049250313e-15,0.00044299999717622995
3953,ISM,250,1980,20,118,0.6956983803812784,0.023735887142078527,0.004134900023927912
3954,DI,250,1980,20,119,9.77066842822586e-15,1.887379141862766e-15,0.003672599996207282
3955,WMI,250,1980,20,119,1.018318391068118e-14,2.220446049250313e-15,0.000512500002514571
3956,ISM,250,1980,20,119,0.6956983803812784,0.023735887142078527,0.002102700003888458
3957,DI,250,1980,20,120,9.77066842822586e-15,1.887379141862766e-15,0.003602799988584593
3958,WMI,250,1980,20,120,1.018318391068118e-14,2.220446049250313e-15,0.00040610000723972917
3959,ISM,250,1980,20,120,0.6956983803812784,0.023735887142078527,0.0025314000085927546
3960,DI,250,1980,20,121,9.77066842822586e-15,1.887379141862766e-15,0.003495300014037639
3961,WMI,250,1980,20,121,1.018318391068118e-14,2.220446049250313e-15,0.0004219000111334026
3962,ISM,250,1980,20,121,0.6956983803812784,0.023735887142078527,0.004147899977397174
3963,DI,250,1980,20,122,9.77066842822586e-15,1.887379141862766e-15,0.003574400005163625
3964,WMI,250,1980,20,122,1.018318391068118e-14,2.220446049250313e-15,0.0006216999900061637
3965,ISM,250,1980,20,122,0.6956983803812784,0.023735887142078527,0.003914999979315326
3966,DI,250,1980,20,123,9.77066842822586e-15,1.887379141862766e-15,0.003286799998022616
3967,WMI,250,1980,20,123,1.018318391068118e-14,2.220446049250313e-15,0.0003971999976783991
3968,ISM,250,1980,20,123,0.6956983803812784,0.023735887142078527,0.00414399997680448
3969,DI,250,1980,20,124,9.77066842822586e-15,1.887379141862766e-15,0.0036462999996729195
3970,WMI,250,1980,20,124,1.018318391068118e-14,2.220446049250313e-15,0.0005777000042144209
3971,ISM,250,1980,20,124,0.6956983803812784,0.023735887142078527,0.004133800015551969
3972,DI,250,1980,20,125,9.77066842822586e-15,1.887379141862766e-15,0.0035017000045627356
3973,WMI,250,1980,20,125,1.018318391068118e-14,2.220446049250313e-15,0.000375300005543977
3974,ISM,250,1980,20,125,0.6956983803812784,0.023735887142078527,0.00417810000362806
3975,DI,250,1980,20,126,9.77066842822586e-15,1.887379141862766e-15,0.003696900006616488
3976,WMI,250,1980,20,126,1.018318391068118e-14,2.220446049250313e-15,0.0005249000096227974
3977,ISM,250,1980,20,126,0.6956983803812784,0.023735887142078527,0.001987099996767938
3978,DI,250,1980,20,127,9.77066842822586e-15,1.887379141862766e-15,0.0036720999924000353
3979,WMI,250,1980,20,127,1.018318391068118e-14,2.220446049250313e-15,0.00047619998804293573
3980,ISM,250,1980,20,127,0.6956983803812784,0.023735887142078527,0.0019807000062428415
3981,DI,250,1980,20,128,9.77066842822586e-15,1.887379141862766e-15,0.003753500001039356
3982,WMI,250,1980,20,128,1.018318391068118e-14,2.220446049250313e-15,0.0004788000078406185
3983,ISM,250,1980,20,128,0.6956983803812784,0.023735887142078527,0.004568900010781363
3984,DI,250,1980,20,129,9.77066842822586e-15,1.887379141862766e-15,0.0036640000180341303
3985,WMI,250,1980,20,129,1.018318391068118e-14,2.220446049250313e-15,0.0004443999787326902
3986,ISM,250,1980,20,129,0.6956983803812784,0.023735887142078527,0.002282799978274852
3987,DI,250,1980,20,130,9.77066842822586e-15,1.887379141862766e-15,0.0037828999920748174
3988,WMI,250,1980,20,130,1.018318391068118e-14,2.220446049250313e-15,0.0004785000055562705
3989,ISM,250,1980,20,130,0.6956983803812784,0.023735887142078527,0.0023087000008672476
3990,DI,250,1980,20,131,9.77066842822586e-15,1.887379141862766e-15,0.003544999985024333
3991,WMI,250,1980,20,131,1.018318391068118e-14,2.220446049250313e-15,0.00040199997602030635
3992,ISM,250,1980,20,131,0.6956983803812784,0.023735887142078527,0.0042446999868843704
3993,DI,250,1980,20,132,9.77066842822586e-15,1.887379141862766e-15,0.003621299983933568
3994,WMI,250,1980,20,132,1.018318391068118e-14,2.220446049250313e-15,0.0004684999876189977
3995,ISM,250,1980,20,132,0.6956983803812784,0.023735887142078527,0.004158099996857345
3996,DI,250,1980,20,133,9.77066842822586e-15,1.887379141862766e-15,0.0033750000002328306
3997,WMI,250,1980,20,133,1.018318391068118e-14,2.220446049250313e-15,0.0004327000060584396
3998,ISM,250,1980,20,133,0.6956983803812784,0.023735887142078527,0.002808499993989244
3999,DI,250,1980,20,134,9.77066842822586e-15,1.887379141862766e-15,0.003347499994561076
4000,WMI,250,1980,20,134,1.018318391068118e-14,2.220446049250313e-15,0.0003664999967440963
4001,ISM,250,1980,20,134,0.6956983803812784,0.023735887142078527,0.0041572000191081315
4002,DI,250,1980,20,135,9.77066842822586e-15,1.887379141862766e-15,0.003566700004739687
4003,WMI,250,1980,20,135,1.018318391068118e-14,2.220446049250313e-15,0.0004287000047042966
4004,ISM,250,1980,20,135,0.6956983803812784,0.023735887142078527,0.0027253000007476658
4005,DI,250,1980,20,136,9.77066842822586e-15,1.887379141862766e-15,0.00347590001183562
4006,WMI,250,1980,20,136,1.018318391068118e-14,2.220446049250313e-15,0.00038330000825226307
4007,ISM,250,1980,20,136,0.6956983803812784,0.023735887142078527,0.0023373000149149448
4008,DI,250,1980,20,137,9.77066842822586e-15,1.887379141862766e-15,0.0035228000197093934
4009,WMI,250,1980,20,137,1.018318391068118e-14,2.220446049250313e-15,0.00042460000258870423
4010,ISM,250,1980,20,137,0.6956983803812784,0.023735887142078527,0.0023034999903757125
4011,DI,250,1980,20,138,9.77066842822586e-15,1.887379141862766e-15,0.003216399985831231
4012,WMI,250,1980,20,138,1.018318391068118e-14,2.220446049250313e-15,0.0006274000043049455
4013,ISM,250,1980,20,138,0.6956983803812784,0.023735887142078527,0.00482999999076128
4014,DI,250,1980,20,139,9.77066842822586e-15,1.887379141862766e-15,0.0034235999919474125
4015,WMI,250,1980,20,139,1.018318391068118e-14,2.220446049250313e-15,0.0003983000060543418
4016,ISM,250,1980,20,139,0.6956983803812784,0.023735887142078527,0.004229499987559393
4017,DI,250,1980,20,140,9.77066842822586e-15,1.887379141862766e-15,0.0034445000055711716
4018,WMI,250,1980,20,140,1.018318391068118e-14,2.220446049250313e-15,0.0003733999910764396
4019,ISM,250,1980,20,140,0.6956983803812784,0.023735887142078527,0.002332800009753555
4020,DI,250,1980,20,141,9.77066842822586e-15,1.887379141862766e-15,0.003170200012391433
4021,WMI,250,1980,20,141,1.018318391068118e-14,2.220446049250313e-15,0.0005435000057332218
4022,ISM,250,1980,20,141,0.6956983803812784,0.023735887142078527,0.004341300023952499
4023,DI,250,1980,20,142,9.77066842822586e-15,1.887379141862766e-15,0.0032177999964915216
4024,WMI,250,1980,20,142,1.018318391068118e-14,2.220446049250313e-15,0.0003521000035107136
4025,ISM,250,1980,20,142,0.6956983803812784,0.023735887142078527,0.004970399982994422
4026,DI,250,1980,20,143,9.77066842822586e-15,1.887379141862766e-15,0.00368029999663122
4027,WMI,250,1980,20,143,1.018318391068118e-14,2.220446049250313e-15,0.0004823999770451337
4028,ISM,250,1980,20,143,0.6956983803812784,0.023735887142078527,0.0020071000035386533
4029,DI,250,1980,20,144,9.77066842822586e-15,1.887379141862766e-15,0.0034813999955076724
4030,WMI,250,1980,20,144,1.018318391068118e-14,2.220446049250313e-15,0.0003662999952211976
4031,ISM,250,1980,20,144,0.6956983803812784,0.023735887142078527,0.003500099992379546
4032,DI,250,1980,20,145,9.77066842822586e-15,1.887379141862766e-15,0.0034435999987181276
4033,WMI,250,1980,20,145,1.018318391068118e-14,2.220446049250313e-15,0.000603299995418638
4034,ISM,250,1980,20,145,0.6956983803812784,0.023735887142078527,0.00212459999602288
4035,DI,250,1980,20,146,9.77066842822586e-15,1.887379141862766e-15,0.0034453999833203852
4036,WMI,250,1980,20,146,1.018318391068118e-14,2.220446049250313e-15,0.0004636000085156411
4037,ISM,250,1980,20,146,0.6956983803812784,0.023735887142078527,0.0020247999927960336
4038,DI,250,1980,20,147,9.77066842822586e-15,1.887379141862766e-15,0.0034783000010065734
4039,WMI,250,1980,20,147,1.018318391068118e-14,2.220446049250313e-15,0.00042379999649710953
4040,ISM,250,1980,20,147,0.6956983803812784,0.023735887142078527,0.0020059999951627105
4041,DI,250,1980,20,148,9.77066842822586e-15,1.887379141862766e-15,0.0036536999978125095
4042,WMI,250,1980,20,148,1.018318391068118e-14,2.220446049250313e-15,0.000437700015027076
4043,ISM,250,1980,20,148,0.6956983803812784,0.023735887142078527,0.0020613000087905675
4044,DI,250,1980,20,149,9.77066842822586e-15,1.887379141862766e-15,0.0032438000198453665
4045,WMI,250,1980,20,149,1.018318391068118e-14,2.220446049250313e-15,0.00037090000114403665
4046,ISM,250,1980,20,149,0.6956983803812784,0.023735887142078527,0.001983699999982491
4047,DI,250,1980,20,150,9.77066842822586e-15,1.887379141862766e-15,0.003635400003986433
4048,WMI,250,1980,20,150,1.018318391068118e-14,2.220446049250313e-15,0.00046640000073239207
4049,ISM,250,1980,20,150,0.6956983803812784,0.023735887142078527,0.004138999996939674
4050,DI,250,1980,20,151,9.77066842822586e-15,1.887379141862766e-15,0.003420900000492111
4051,WMI,250,1980,20,151,1.018318391068118e-14,2.220446049250313e-15,0.0003567000094335526
4052,ISM,250,1980,20,151,0.6956983803812784,0.023735887142078527,0.0019891999836545438
4053,DI,250,1980,20,152,9.77066842822586e-15,1.887379141862766e-15,0.0033349000150337815
4054,WMI,250,1980,20,152,1.018318391068118e-14,2.220446049250313e-15,0.0004935000033583492
4055,ISM,250,1980,20,152,0.6956983803812784,0.023735887142078527,0.004238099994836375
4056,DI,250,1980,20,153,9.77066842822586e-15,1.887379141862766e-15,0.0037261999968905
4057,WMI,250,1980,20,153,1.018318391068118e-14,2.220446049250313e-15,0.00044109998270869255
4058,ISM,250,1980,20,153,0.6956983803812784,0.023735887142078527,0.004838499997276813
4059,DI,250,1980,20,154,9.77066842822586e-15,1.887379141862766e-15,0.0033315000182483345
4060,WMI,250,1980,20,154,1.018318391068118e-14,2.220446049250313e-15,0.00036299999919719994
4061,ISM,250,1980,20,154,0.6956983803812784,0.023735887142078527,0.0035767999943345785
4062,DI,250,1980,20,155,9.77066842822586e-15,1.887379141862766e-15,0.0035912999883294106
4063,WMI,250,1980,20,155,1.018318391068118e-14,2.220446049250313e-15,0.000371600006474182
4064,ISM,250,1980,20,155,0.6956983803812784,0.023735887142078527,0.002137400006176904
4065,DI,250,1980,20,156,9.77066842822586e-15,1.887379141862766e-15,0.003369299985934049
4066,WMI,250,1980,20,156,1.018318391068118e-14,2.220446049250313e-15,0.00043440001900307834
4067,ISM,250,1980,20,156,0.6956983803812784,0.023735887142078527,0.0042144000180996954
4068,DI,250,1980,20,157,9.77066842822586e-15,1.887379141862766e-15,0.00724060001084581
4069,WMI,250,1980,20,157,1.018318391068118e-14,2.220446049250313e-15,0.0007067000260576606
4070,ISM,250,1980,20,157,0.6956983803812784,0.023735887142078527,0.0034592000010889024
4071,DI,250,1980,20,158,9.77066842822586e-15,1.887379141862766e-15,0.003408399992622435
4072,WMI,250,1980,20,158,1.018318391068118e-14,2.220446049250313e-15,0.0004896000027656555
4073,ISM,250,1980,20,158,0.6956983803812784,0.023735887142078527,0.0021006000170018524
4074,DI,250,1980,20,159,9.77066842822586e-15,1.887379141862766e-15,0.0031806999759282917
4075,WMI,250,1980,20,159,1.018318391068118e-14,2.220446049250313e-15,0.0004193000204395503
4076,ISM,250,1980,20,159,0.6956983803812784,0.023735887142078527,0.0020324999932199717
4077,DI,250,1980,20,160,9.77066842822586e-15,1.887379141862766e-15,0.003233900002669543
4078,WMI,250,1980,20,160,1.018318391068118e-14,2.220446049250313e-15,0.0004256000102031976
4079,ISM,250,1980,20,160,0.6956983803812784,0.023735887142078527,0.0023750000109430403
4080,DI,250,1980,20,161,9.77066842822586e-15,1.887379141862766e-15,0.00302539998665452
4081,WMI,250,1980,20,161,1.018318391068118e-14,2.220446049250313e-15,0.00040240000816993415
4082,ISM,250,1980,20,161,0.6956983803812784,0.023735887142078527,0.004133499984163791
4083,DI,250,1980,20,162,9.77066842822586e-15,1.887379141862766e-15,0.0031919000030029565
4084,WMI,250,1980,20,162,1.018318391068118e-14,2.220446049250313e-15,0.0003834999806713313
4085,ISM,250,1980,20,162,0.6956983803812784,0.023735887142078527,0.002084099978674203
4086,DI,250,1980,20,163,9.77066842822586e-15,1.887379141862766e-15,0.002867800008971244
4087,WMI,250,1980,20,163,1.018318391068118e-14,2.220446049250313e-15,0.0003569999826140702
4088,ISM,250,1980,20,163,0.6956983803812784,0.023735887142078527,0.001974499988136813
4089,DI,250,1980,20,164,9.77066842822586e-15,1.887379141862766e-15,0.0030009000038262457
4090,WMI,250,1980,20,164,1.018318391068118e-14,2.220446049250313e-15,0.00048749998677521944
4091,ISM,250,1980,20,164,0.6956983803812784,0.023735887142078527,0.0023551999765913934
4092,DI,250,1980,20,165,9.77066842822586e-15,1.887379141862766e-15,0.0029480999801307917
4093,WMI,250,1980,20,165,1.018318391068118e-14,2.220446049250313e-15,0.00041009997949004173
4094,ISM,250,1980,20,165,0.6956983803812784,0.023735887142078527,0.0019908999965991825
4095,DI,250,1980,20,166,9.77066842822586e-15,1.887379141862766e-15,0.0031476999865844846
4096,WMI,250,1980,20,166,1.018318391068118e-14,2.220446049250313e-15,0.0003997999883722514
4097,ISM,250,1980,20,166,0.6956983803812784,0.023735887142078527,0.002179999981308356
4098,DI,250,1980,20,167,9.77066842822586e-15,1.887379141862766e-15,0.002986299979966134
4099,WMI,250,1980,20,167,1.018318391068118e-14,2.220446049250313e-15,0.00043020001612603664
4100,ISM,250,1980,20,167,0.6956983803812784,0.023735887142078527,0.00198679999448359
4101,DI,250,1980,20,168,9.77066842822586e-15,1.887379141862766e-15,0.003251600021030754
4102,WMI,250,1980,20,168,1.018318391068118e-14,2.220446049250313e-15,0.00042409999878145754
4103,ISM,250,1980,20,168,0.6956983803812784,0.023735887142078527,0.004175800015218556
4104,DI,250,1980,20,169,9.77066842822586e-15,1.887379141862766e-15,0.0029503000259865075
4105,WMI,250,1980,20,169,1.018318391068118e-14,2.220446049250313e-15,0.00036800000816583633
4106,ISM,250,1980,20,169,0.6956983803812784,0.023735887142078527,0.001991600001929328
4107,DI,250,1980,20,170,9.77066842822586e-15,1.887379141862766e-15,0.003411199984839186
4108,WMI,250,1980,20,170,1.018318391068118e-14,2.220446049250313e-15,0.00043280000681988895
4109,ISM,250,1980,20,170,0.6956983803812784,0.023735887142078527,0.001987700001336634
4110,DI,250,1980,20,171,9.77066842822586e-15,1.887379141862766e-15,0.0030141000170260668
4111,WMI,250,1980,20,171,1.018318391068118e-14,2.220446049250313e-15,0.00040749998879618943
4112,ISM,250,1980,20,171,0.6956983803812784,0.023735887142078527,0.0030014000076334924
4113,DI,250,1980,20,172,9.77066842822586e-15,1.887379141862766e-15,0.003706000017700717
4114,WMI,250,1980,20,172,1.018318391068118e-14,2.220446049250313e-15,0.00047649999032728374
4115,ISM,250,1980,20,172,0.6956983803812784,0.023735887142078527,0.004142899997532368
4116,DI,250,1980,20,173,9.77066842822586e-15,1.887379141862766e-15,0.0030746000120416284
4117,WMI,250,1980,20,173,1.018318391068118e-14,2.220446049250313e-15,0.0004282000008970499
4118,ISM,250,1980,20,173,0.6956983803812784,0.023735887142078527,0.0032900999940466136
4119,DI,250,1980,20,174,9.77066842822586e-15,1.887379141862766e-15,0.00309799998649396
4120,WMI,250,1980,20,174,1.018318391068118e-14,2.220446049250313e-15,0.00038499999209307134
4121,ISM,250,1980,20,174,0.6956983803812784,0.023735887142078527,0.001992099976632744
4122,DI,250,1980,20,175,9.77066842822586e-15,1.887379141862766e-15,0.003155400016112253
4123,WMI,250,1980,20,175,1.018318391068118e-14,2.220446049250313e-15,0.0007302000012714416
4124,ISM,250,1980,20,175,0.6956983803812784,0.023735887142078527,0.001999799977056682
4125,DI,250,1980,20,176,9.77066842822586e-15,1.887379141862766e-15,0.0032430999854113907
4126,WMI,250,1980,20,176,1.018318391068118e-14,2.220446049250313e-15,0.0004811999970115721
4127,ISM,250,1980,20,176,0.6956983803812784,0.023735887142078527,0.0041569000168237835
4128,DI,250,1980,20,177,9.77066842822586e-15,1.887379141862766e-15,0.003506100008962676
4129,WMI,250,1980,20,177,1.018318391068118e-14,2.220446049250313e-15,0.0004813999985344708
4130,ISM,250,1980,20,177,0.6956983803812784,0.023735887142078527,0.002111600013449788
4131,DI,250,1980,20,178,9.77066842822586e-15,1.887379141862766e-15,0.004040600004373118
4132,WMI,250,1980,20,178,1.018318391068118e-14,2.220446049250313e-15,0.0004549000004772097
4133,ISM,250,1980,20,178,0.6956983803812784,0.023735887142078527,0.002161299984436482
4134,DI,250,1980,20,179,9.77066842822586e-15,1.887379141862766e-15,0.003870999993523583
4135,WMI,250,1980,20,179,1.018318391068118e-14,2.220446049250313e-15,0.0005436000064946711
4136,ISM,250,1980,20,179,0.6956983803812784,0.023735887142078527,0.003298800002085045
4137,DI,250,1980,20,180,9.77066842822586e-15,1.887379141862766e-15,0.0032968000159598887
4138,WMI,250,1980,20,180,1.018318391068118e-14,2.220446049250313e-15,0.0011069999891333282
4139,ISM,250,1980,20,180,0.6956983803812784,0.023735887142078527,0.0020841999794356525
4140,DI,250,1980,20,181,9.77066842822586e-15,1.887379141862766e-15,0.0030772000027354807
4141,WMI,250,1980,20,181,1.018318391068118e-14,2.220446049250313e-15,0.0006844000017736107
4142,ISM,250,1980,20,181,0.6956983803812784,0.023735887142078527,0.0020151000062469393
4143,DI,250,1980,20,182,9.77066842822586e-15,1.887379141862766e-15,0.0031069999968167394
4144,WMI,250,1980,20,182,1.018318391068118e-14,2.220446049250313e-15,0.0004107000131625682
4145,ISM,250,1980,20,182,0.6956983803812784,0.023735887142078527,0.0021521000016946346
4146,DI,250,1980,20,183,9.77066842822586e-15,1.887379141862766e-15,0.0029224000172689557
4147,WMI,250,1980,20,183,1.018318391068118e-14,2.220446049250313e-15,0.0004067000118084252
4148,ISM,250,1980,20,183,0.6956983803812784,0.023735887142078527,0.002001299988478422
4149,DI,250,1980,20,184,9.77066842822586e-15,1.887379141862766e-15,0.0029847999976482242
4150,WMI,250,1980,20,184,1.018318391068118e-14,2.220446049250313e-15,0.0004006999952252954
4151,ISM,250,1980,20,184,0.6956983803812784,0.023735887142078527,0.001965500006917864
4152,DI,250,1980,20,185,9.77066842822586e-15,1.887379141862766e-15,0.0029261999879963696
4153,WMI,250,1980,20,185,1.018318391068118e-14,2.220446049250313e-15,0.00038029998540878296
4154,ISM,250,1980,20,185,0.6956983803812784,0.023735887142078527,0.00238540000282228
4155,DI,250,1980,20,186,9.77066842822586e-15,1.887379141862766e-15,0.0031521999917458743
4156,WMI,250,1980,20,186,1.018318391068118e-14,2.220446049250313e-15,0.0005403000104706734
4157,ISM,250,1980,20,186,0.6956983803812784,0.023735887142078527,0.0020570999768096954
4158,DI,250,1980,20,187,9.77066842822586e-15,1.887379141862766e-15,0.003850100009003654
4159,WMI,250,1980,20,187,1.018318391068118e-14,2.220446049250313e-15,0.00040309998439624906
4160,ISM,250,1980,20,187,0.6956983803812784,0.023735887142078527,0.0019899000180885196
4161,DI,250,1980,20,188,9.77066842822586e-15,1.887379141862766e-15,0.0029211000073701143
4162,WMI,250,1980,20,188,1.018318391068118e-14,2.220446049250313e-15,0.00037570000858977437
4163,ISM,250,1980,20,188,0.6956983803812784,0.023735887142078527,0.002259900007629767
4164,DI,250,1980,20,189,9.77066842822586e-15,1.887379141862766e-15,0.0032776000152807683
4165,WMI,250,1980,20,189,1.018318391068118e-14,2.220446049250313e-15,0.0003927999932784587
4166,ISM,250,1980,20,189,0.6956983803812784,0.023735887142078527,0.002049200003966689
4167,DI,250,1980,20,190,9.77066842822586e-15,1.887379141862766e-15,0.003015300026163459
4168,WMI,250,1980,20,190,1.018318391068118e-14,2.220446049250313e-15,0.0004293000092729926
4169,ISM,250,1980,20,190,0.6956983803812784,0.023735887142078527,0.003928099991753697
4170,DI,250,1980,20,191,9.77066842822586e-15,1.887379141862766e-15,0.0030035999952815473
4171,WMI,250,1980,20,191,1.018318391068118e-14,2.220446049250313e-15,0.0004947000124957412
4172,ISM,250,1980,20,191,0.6956983803812784,0.023735887142078527,0.00204760002088733
4173,DI,250,1980,20,192,9.77066842822586e-15,1.887379141862766e-15,0.0035433000011835247
4174,WMI,250,1980,20,192,1.018318391068118e-14,2.220446049250313e-15,0.0007401999901048839
4175,ISM,250,1980,20,192,0.6956983803812784,0.023735887142078527,0.0023025999835226685
4176,DI,250,1980,20,193,9.77066842822586e-15,1.887379141862766e-15,0.00338989999727346
4177,WMI,250,1980,20,193,1.018318391068118e-14,2.220446049250313e-15,0.0006276000058278441
4178,ISM,250,1980,20,193,0.6956983803812784,0.023735887142078527,0.0022498000180348754
4179,DI,250,1980,20,194,9.77066842822586e-15,1.887379141862766e-15,0.0035556999791879207
4180,WMI,250,1980,20,194,1.018318391068118e-14,2.220446049250313e-15,0.0006665999826509506
4181,ISM,250,1980,20,194,0.6956983803812784,0.023735887142078527,0.002154399990104139
4182,DI,250,1980,20,195,9.77066842822586e-15,1.887379141862766e-15,0.004313499986892566
4183,WMI,250,1980,20,195,1.018318391068118e-14,2.220446049250313e-15,0.00041370000690221786
4184,ISM,250,1980,20,195,0.6956983803812784,0.023735887142078527,0.0020456000056583434
4185,DI,250,1980,20,196,9.77066842822586e-15,1.887379141862766e-15,0.003483600012259558
4186,WMI,250,1980,20,196,1.018318391068118e-14,2.220446049250313e-15,0.0005513000069186091
4187,ISM,250,1980,20,196,0.6956983803812784,0.023735887142078527,0.002073499985272065
4188,DI,250,1980,20,197,9.77066842822586e-15,1.887379141862766e-15,0.003260099998442456
4189,WMI,250,1980,20,197,1.018318391068118e-14,2.220446049250313e-15,0.0004278999986127019
4190,ISM,250,1980,20,197,0.6956983803812784,0.023735887142078527,0.0033227999811060727
4191,DI,250,1980,20,198,9.77066842822586e-15,1.887379141862766e-15,0.003349800012074411
4192,WMI,250,1980,20,198,1.018318391068118e-14,2.220446049250313e-15,0.000513400009367615
4193,ISM,250,1980,20,198,0.6956983803812784,0.023735887142078527,0.004490600025746971
4194,DI,250,1980,20,199,9.77066842822586e-15,1.887379141862766e-15,0.0034583999949973077
4195,WMI,250,1980,20,199,1.018318391068118e-14,2.220446049250313e-15,0.0004995999915990978
4196,ISM,250,1980,20,199,0.6956983803812784,0.023735887142078527,0.004489100014325231
4197,DI,250,1980,20,200,9.77066842822586e-15,1.887379141862766e-15,0.003652599989436567
4198,WMI,250,1980,20,200,1.018318391068118e-14,2.220446049250313e-15,0.00040859999717213213
4199,ISM,250,1980,20,200,0.6956983803812784,0.023735887142078527,0.00204760002088733
4200,DI,250,1970,30,1,9.794542476666112e-15,1.887379141862766e-15,0.004209899983834475
4201,WMI,250,1970,30,1,1.0077478255218598e-14,1.6653345369377348e-15,0.0006645999965257943
4202,ISM,250,1970,30,1,0.8814843589709035,0.031585895071635006,0.0051632999966386706
4203,DI,250,1970,30,2,9.794542476666112e-15,1.887379141862766e-15,0.002823499991791323
4204,WMI,250,1970,30,2,1.0077478255218598e-14,1.6653345369377348e-15,0.0004932000010740012
4205,ISM,250,1970,30,2,0.8814843589709035,0.031585895071635006,0.0036994999973103404
4206,DI,250,1970,30,3,9.794542476666112e-15,1.887379141862766e-15,0.0025772000080905855
4207,WMI,250,1970,30,3,1.0077478255218598e-14,1.6653345369377348e-15,0.0007312999805435538
4208,ISM,250,1970,30,3,0.8814843589709035,0.031585895071635006,0.0033300999784842134
4209,DI,250,1970,30,4,9.794542476666112e-15,1.887379141862766e-15,0.0027236999885644764
4210,WMI,250,1970,30,4,1.0077478255218598e-14,1.6653345369377348e-15,0.00046239999937824905
4211,ISM,250,1970,30,4,0.8814843589709035,0.031585895071635006,0.003031200001714751
4212,DI,250,1970,30,5,9.794542476666112e-15,1.887379141862766e-15,0.0027193000132683665
4213,WMI,250,1970,30,5,1.0077478255218598e-14,1.6653345369377348e-15,0.0007153000042308122
4214,ISM,250,1970,30,5,0.8814843589709035,0.031585895071635006,0.003515300020808354
4215,DI,250,1970,30,6,9.794542476666112e-15,1.887379141862766e-15,0.002653700008522719
4216,WMI,250,1970,30,6,1.0077478255218598e-14,1.6653345369377348e-15,0.000753100001020357
4217,ISM,250,1970,30,6,0.8814843589709035,0.031585895071635006,0.00394699999014847
4218,DI,250,1970,30,7,9.794542476666112e-15,1.887379141862766e-15,0.0030464000010397285
4219,WMI,250,1970,30,7,1.0077478255218598e-14,1.6653345369377348e-15,0.0005829999863635749
4220,ISM,250,1970,30,7,0.8814843589709035,0.031585895071635006,0.003169300005538389
4221,DI,250,1970,30,8,9.794542476666112e-15,1.887379141862766e-15,0.0029081999964546412
4222,WMI,250,1970,30,8,1.0077478255218598e-14,1.6653345369377348e-15,0.0008572000078856945
4223,ISM,250,1970,30,8,0.8814843589709035,0.031585895071635006,0.003714199992828071
4224,DI,250,1970,30,9,9.794542476666112e-15,1.887379141862766e-15,0.003358199988724664
4225,WMI,250,1970,30,9,1.0077478255218598e-14,1.6653345369377348e-15,0.0008028000011108816
4226,ISM,250,1970,30,9,0.8814843589709035,0.031585895071635006,0.003559400007361546
4227,DI,250,1970,30,10,9.794542476666112e-15,1.887379141862766e-15,0.0038607000024057925
4228,WMI,250,1970,30,10,1.0077478255218598e-14,1.6653345369377348e-15,0.000524800008861348
4229,ISM,250,1970,30,10,0.8814843589709035,0.031585895071635006,0.006188200000906363
4230,DI,250,1970,30,11,9.794542476666112e-15,1.887379141862766e-15,0.0036025000154040754
4231,WMI,250,1970,30,11,1.0077478255218598e-14,1.6653345369377348e-15,0.0008653000113554299
4232,ISM,250,1970,30,11,0.8814843589709035,0.031585895071635006,0.0034608999849297106
4233,DI,250,1970,30,12,9.794542476666112e-15,1.887379141862766e-15,0.003368999983649701
4234,WMI,250,1970,30,12,1.0077478255218598e-14,1.6653345369377348e-15,0.0008827999990899116
4235,ISM,250,1970,30,12,0.8814843589709035,0.031585895071635006,0.003204799984814599
4236,DI,250,1970,30,13,9.794542476666112e-15,1.887379141862766e-15,0.003287100000306964
4237,WMI,250,1970,30,13,1.0077478255218598e-14,1.6653345369377348e-15,0.0005430000019259751
4238,ISM,250,1970,30,13,0.8814843589709035,0.031585895071635006,0.003187199996318668
4239,DI,250,1970,30,14,9.794542476666112e-15,1.887379141862766e-15,0.0040357999969273806
4240,WMI,250,1970,30,14,1.0077478255218598e-14,1.6653345369377348e-15,0.0005985000170767307
4241,ISM,250,1970,30,14,0.8814843589709035,0.031585895071635006,0.0030661000055260956
4242,DI,250,1970,30,15,9.794542476666112e-15,1.887379141862766e-15,0.00336169998627156
4243,WMI,250,1970,30,15,1.0077478255218598e-14,1.6653345369377348e-15,0.0007304000027943403
4244,ISM,250,1970,30,15,0.8814843589709035,0.031585895071635006,0.003612300002714619
4245,DI,250,1970,30,16,9.794542476666112e-15,1.887379141862766e-15,0.0029529999883379787
4246,WMI,250,1970,30,16,1.0077478255218598e-14,1.6653345369377348e-15,0.00048630000674165785
4247,ISM,250,1970,30,16,0.8814843589709035,0.031585895071635006,0.005145200004335493
4248,DI,250,1970,30,17,9.794542476666112e-15,1.887379141862766e-15,0.003438299987465143
4249,WMI,250,1970,30,17,1.0077478255218598e-14,1.6653345369377348e-15,0.0007030999986454844
4250,ISM,250,1970,30,17,0.8814843589709035,0.031585895071635006,0.0032417999755125493
4251,DI,250,1970,30,18,9.794542476666112e-15,1.887379141862766e-15,0.0030141999886836857
4252,WMI,250,1970,30,18,1.0077478255218598e-14,1.6653345369377348e-15,0.0009353999921586365
4253,ISM,250,1970,30,18,0.8814843589709035,0.031585895071635006,0.0033039000118151307
4254,DI,250,1970,30,19,9.794542476666112e-15,1.887379141862766e-15,0.003928699996322393
4255,WMI,250,1970,30,19,1.0077478255218598e-14,1.6653345369377348e-15,0.0004948999849148095
4256,ISM,250,1970,30,19,0.8814843589709035,0.031585895071635006,0.003162899985909462
4257,DI,250,1970,30,20,9.794542476666112e-15,1.887379141862766e-15,0.0034463999909348786
4258,WMI,250,1970,30,20,1.0077478255218598e-14,1.6653345369377348e-15,0.0005140999855939299
4259,ISM,250,1970,30,20,0.8814843589709035,0.031585895071635006,0.0034380000142846256
4260,DI,250,1970,30,21,9.794542476666112e-15,1.887379141862766e-15,0.002984699996886775
4261,WMI,250,1970,30,21,1.0077478255218598e-14,1.6653345369377348e-15,0.0006561999907717109
4262,ISM,250,1970,30,21,0.8814843589709035,0.031585895071635006,0.0033435999939683825
4263,DI,250,1970,30,22,9.794542476666112e-15,1.887379141862766e-15,0.003380600013770163
4264,WMI,250,1970,30,22,1.0077478255218598e-14,1.6653345369377348e-15,0.0005091999773867428
4265,ISM,250,1970,30,22,0.8814843589709035,0.031585895071635006,0.0030613999988418072
4266,DI,250,1970,30,23,9.794542476666112e-15,1.887379141862766e-15,0.0034653999900911003
4267,WMI,250,1970,30,23,1.0077478255218598e-14,1.6653345369377348e-15,0.0007230000046547502
4268,ISM,250,1970,30,23,0.8814843589709035,0.031585895071635006,0.0033084999886341393
4269,DI,250,1970,30,24,9.794542476666112e-15,1.887379141862766e-15,0.003259999997681007
4270,WMI,250,1970,30,24,1.0077478255218598e-14,1.6653345369377348e-15,0.0009547999943606555
4271,ISM,250,1970,30,24,0.8814843589709035,0.031585895071635006,0.00596939999377355
4272,DI,250,1970,30,25,9.794542476666112e-15,1.887379141862766e-15,0.0033281999931205064
4273,WMI,250,1970,30,25,1.0077478255218598e-14,1.6653345369377348e-15,0.0005576000257860869
4274,ISM,250,1970,30,25,0.8814843589709035,0.031585895071635006,0.00636950001353398
4275,DI,250,1970,30,26,9.794542476666112e-15,1.887379141862766e-15,0.003658799978438765
4276,WMI,250,1970,30,26,1.0077478255218598e-14,1.6653345369377348e-15,0.0005617999995592982
4277,ISM,250,1970,30,26,0.8814843589709035,0.031585895071635006,0.003067100013140589
4278,DI,250,1970,30,27,9.794542476666112e-15,1.887379141862766e-15,0.0033761999802663922
4279,WMI,250,1970,30,27,1.0077478255218598e-14,1.6653345369377348e-15,0.0006931000098120421
4280,ISM,250,1970,30,27,0.8814843589709035,0.031585895071635006,0.006376700010150671
4281,DI,250,1970,30,28,9.794542476666112e-15,1.887379141862766e-15,0.003475700010312721
4282,WMI,250,1970,30,28,1.0077478255218598e-14,1.6653345369377348e-15,0.0005907999875489622
4283,ISM,250,1970,30,28,0.8814843589709035,0.031585895071635006,0.005366700002923608
4284,DI,250,1970,30,29,9.794542476666112e-15,1.887379141862766e-15,0.003639700007624924
4285,WMI,250,1970,30,29,1.0077478255218598e-14,1.6653345369377348e-15,0.0005024999845772982
4286,ISM,250,1970,30,29,0.8814843589709035,0.031585895071635006,0.0030230999982450157
4287,DI,250,1970,30,30,9.794542476666112e-15,1.887379141862766e-15,0.0037305000005289912
4288,WMI,250,1970,30,30,1.0077478255218598e-14,1.6653345369377348e-15,0.000760199996875599
4289,ISM,250,1970,30,30,0.8814843589709035,0.031585895071635006,0.003205899993190542
4290,DI,250,1970,30,31,9.794542476666112e-15,1.887379141862766e-15,0.003761200001463294
4291,WMI,250,1970,30,31,1.0077478255218598e-14,1.6653345369377348e-15,0.0006214000168256462
4292,ISM,250,1970,30,31,0.8814843589709035,0.031585895071635006,0.00737539998954162
4293,DI,250,1970,30,32,9.794542476666112e-15,1.887379141862766e-15,0.003947299992432818
4294,WMI,250,1970,30,32,1.0077478255218598e-14,1.6653345369377348e-15,0.0006265999982133508
4295,ISM,250,1970,30,32,0.8814843589709035,0.031585895071635006,0.0031558999908156693
4296,DI,250,1970,30,33,9.794542476666112e-15,1.887379141862766e-15,0.0036056000099051744
4297,WMI,250,1970,30,33,1.0077478255218598e-14,1.6653345369377348e-15,0.0008150000066962093
4298,ISM,250,1970,30,33,0.8814843589709035,0.031585895071635006,0.00604940002085641
4299,DI,250,1970,30,34,9.794542476666112e-15,1.887379141862766e-15,0.00408469999092631
4300,WMI,250,1970,30,34,1.0077478255218598e-14,1.6653345369377348e-15,0.0005249000096227974
4301,ISM,250,1970,30,34,0.8814843589709035,0.031585895071635006,0.0030448000179603696
4302,DI,250,1970,30,35,9.794542476666112e-15,1.887379141862766e-15,0.0036179000162519515
4303,WMI,250,1970,30,35,1.0077478255218598e-14,1.6653345369377348e-15,0.0006076999998185784
4304,ISM,250,1970,30,35,0.8814843589709035,0.031585895071635006,0.003079499991144985
4305,DI,250,1970,30,36,9.794542476666112e-15,1.887379141862766e-15,0.0034804999886546284
4306,WMI,250,1970,30,36,1.0077478255218598e-14,1.6653345369377348e-15,0.0005115999956615269
4307,ISM,250,1970,30,36,0.8814843589709035,0.031585895071635006,0.007012600020971149
4308,DI,250,1970,30,37,9.794542476666112e-15,1.887379141862766e-15,0.0032942999969236553
4309,WMI,250,1970,30,37,1.0077478255218598e-14,1.6653345369377348e-15,0.0006027000199537724
4310,ISM,250,1970,30,37,0.8814843589709035,0.031585895071635006,0.003088400000706315
4311,DI,250,1970,30,38,9.794542476666112e-15,1.887379141862766e-15,0.003632300009485334
4312,WMI,250,1970,30,38,1.0077478255218598e-14,1.6653345369377348e-15,0.0006108999950811267
4313,ISM,250,1970,30,38,0.8814843589709035,0.031585895071635006,0.0030775000050198287
4314,DI,250,1970,30,39,9.794542476666112e-15,1.887379141862766e-15,0.0034678000083658844
4315,WMI,250,1970,30,39,1.0077478255218598e-14,1.6653345369377348e-15,0.0006483999895863235
4316,ISM,250,1970,30,39,0.8814843589709035,0.031585895071635006,0.0045449000026565045
4317,DI,250,1970,30,40,9.794542476666112e-15,1.887379141862766e-15,0.003477800026303157
4318,WMI,250,1970,30,40,1.0077478255218598e-14,1.6653345369377348e-15,0.0007096000190358609
4319,ISM,250,1970,30,40,0.8814843589709035,0.031585895071635006,0.0030904000159353018
4320,DI,250,1970,30,41,9.794542476666112e-15,1.887379141862766e-15,0.0033838000090327114
4321,WMI,250,1970,30,41,1.0077478255218598e-14,1.6653345369377348e-15,0.0006429000059142709
4322,ISM,250,1970,30,41,0.8814843589709035,0.031585895071635006,0.006243000010726973
4323,DI,250,1970,30,42,9.794542476666112e-15,1.887379141862766e-15,0.003634499997133389
4324,WMI,250,1970,30,42,1.0077478255218598e-14,1.6653345369377348e-15,0.0008267999801319093
4325,ISM,250,1970,30,42,0.8814843589709035,0.031585895071635006,0.0067026000178884715
4326,DI,250,1970,30,43,9.794542476666112e-15,1.887379141862766e-15,0.0037967000098433346
4327,WMI,250,1970,30,43,1.0077478255218598e-14,1.6653345369377348e-15,0.000582900014705956
4328,ISM,250,1970,30,43,0.8814843589709035,0.031585895071635006,0.0035727999929804355
4329,DI,250,1970,30,44,9.794542476666112e-15,1.887379141862766e-15,0.0035404000082053244
4330,WMI,250,1970,30,44,1.0077478255218598e-14,1.6653345369377348e-15,0.0005508000031113625
4331,ISM,250,1970,30,44,0.8814843589709035,0.031585895071635006,0.006596699997317046
4332,DI,250,1970,30,45,9.794542476666112e-15,1.887379141862766e-15,0.0038271999801509082
4333,WMI,250,1970,30,45,1.0077478255218598e-14,1.6653345369377348e-15,0.0007477999897673726
4334,ISM,250,1970,30,45,0.8814843589709035,0.031585895071635006,0.003213899995898828
4335,DI,250,1970,30,46,9.794542476666112e-15,1.887379141862766e-15,0.003718199994182214
4336,WMI,250,1970,30,46,1.0077478255218598e-14,1.6653345369377348e-15,0.0009278999932575971
4337,ISM,250,1970,30,46,0.8814843589709035,0.031585895071635006,0.003571999986888841
4338,DI,250,1970,30,47,9.794542476666112e-15,1.887379141862766e-15,0.003523699997458607
4339,WMI,250,1970,30,47,1.0077478255218598e-14,1.6653345369377348e-15,0.005921900010434911
4340,ISM,250,1970,30,47,0.8814843589709035,0.031585895071635006,0.00735910001094453
4341,DI,250,1970,30,48,9.794542476666112e-15,1.887379141862766e-15,0.004057399986777455
4342,WMI,250,1970,30,48,1.0077478255218598e-14,1.6653345369377348e-15,0.001275400019949302
4343,ISM,250,1970,30,48,0.8814843589709035,0.031585895071635006,0.0033798000076785684
4344,DI,250,1970,30,49,9.794542476666112e-15,1.887379141862766e-15,0.004675599979236722
4345,WMI,250,1970,30,49,1.0077478255218598e-14,1.6653345369377348e-15,0.0008139999990817159
4346,ISM,250,1970,30,49,0.8814843589709035,0.031585895071635006,0.00825400001485832
4347,DI,250,1970,30,50,9.794542476666112e-15,1.887379141862766e-15,0.00419879998662509
4348,WMI,250,1970,30,50,1.0077478255218598e-14,1.6653345369377348e-15,0.0006385000015143305
4349,ISM,250,1970,30,50,0.8814843589709035,0.031585895071635006,0.004248899989761412
4350,DI,250,1970,30,51,9.794542476666112e-15,1.887379141862766e-15,0.003809100016951561
4351,WMI,250,1970,30,51,1.0077478255218598e-14,1.6653345369377348e-15,0.0006633999873884022
4352,ISM,250,1970,30,51,0.8814843589709035,0.031585895071635006,0.004057799989823252
4353,DI,250,1970,30,52,9.794542476666112e-15,1.887379141862766e-15,0.003711700002895668
4354,WMI,250,1970,30,52,1.0077478255218598e-14,1.6653345369377348e-15,0.0005263000202830881
4355,ISM,250,1970,30,52,0.8814843589709035,0.031585895071635006,0.006748900021193549
4356,DI,250,1970,30,53,9.794542476666112e-15,1.887379141862766e-15,0.00447590000112541
4357,WMI,250,1970,30,53,1.0077478255218598e-14,1.6653345369377348e-15,0.0006946000212337822
4358,ISM,250,1970,30,53,0.8814843589709035,0.031585895071635006,0.0031435000128112733
4359,DI,250,1970,30,54,9.794542476666112e-15,1.887379141862766e-15,0.0040265999850817025
4360,WMI,250,1970,30,54,1.0077478255218598e-14,1.6653345369377348e-15,0.0008481999975629151
4361,ISM,250,1970,30,54,0.8814843589709035,0.031585895071635006,0.003199700004188344
4362,DI,250,1970,30,55,9.794542476666112e-15,1.887379141862766e-15,0.004150900000240654
4363,WMI,250,1970,30,55,1.0077478255218598e-14,1.6653345369377348e-15,0.0005020000098738819
4364,ISM,250,1970,30,55,0.8814843589709035,0.031585895071635006,0.006476600014138967
4365,DI,250,1970,30,56,9.794542476666112e-15,1.887379141862766e-15,0.0043710000172723085
4366,WMI,250,1970,30,56,1.0077478255218598e-14,1.6653345369377348e-15,0.0005421999958343804
4367,ISM,250,1970,30,56,0.8814843589709035,0.031585895071635006,0.0033764000108931214
4368,DI,250,1970,30,57,9.794542476666112e-15,1.887379141862766e-15,0.0041016000031959265
4369,WMI,250,1970,30,57,1.0077478255218598e-14,1.6653345369377348e-15,0.0005813999741803855
4370,ISM,250,1970,30,57,0.8814843589709035,0.031585895071635006,0.0031922000052873045
4371,DI,250,1970,30,58,9.794542476666112e-15,1.887379141862766e-15,0.004334299999754876
4372,WMI,250,1970,30,58,1.0077478255218598e-14,1.6653345369377348e-15,0.0006101000180933625
4373,ISM,250,1970,30,58,0.8814843589709035,0.031585895071635006,0.003047299978788942
4374,DI,250,1970,30,59,9.794542476666112e-15,1.887379141862766e-15,0.0038592999917455018
4375,WMI,250,1970,30,59,1.0077478255218598e-14,1.6653345369377348e-15,0.0006438000127673149
4376,ISM,250,1970,30,59,0.8814843589709035,0.031585895071635006,0.003927499987185001
4377,DI,250,1970,30,60,9.794542476666112e-15,1.887379141862766e-15,0.004236399981891736
4378,WMI,250,1970,30,60,1.0077478255218598e-14,1.6653345369377348e-15,0.0008844999829307199
4379,ISM,250,1970,30,60,0.8814843589709035,0.031585895071635006,0.007342199998674914
4380,DI,250,1970,30,61,9.794542476666112e-15,1.887379141862766e-15,0.004120700003113598
4381,WMI,250,1970,30,61,1.0077478255218598e-14,1.6653345369377348e-15,0.0005244000058155507
4382,ISM,250,1970,30,61,0.8814843589709035,0.031585895071635006,0.0033178000012412667
4383,DI,250,1970,30,62,9.794542476666112e-15,1.887379141862766e-15,0.004023100016638637
4384,WMI,250,1970,30,62,1.0077478255218598e-14,1.6653345369377348e-15,0.0005623000033665448
4385,ISM,250,1970,30,62,0.8814843589709035,0.031585895071635006,0.006163999991258606
4386,DI,250,1970,30,63,9.794542476666112e-15,1.887379141862766e-15,0.004192699998384342
4387,WMI,250,1970,30,63,1.0077478255218598e-14,1.6653345369377348e-15,0.0011245000059716403
4388,ISM,250,1970,30,63,0.8814843589709035,0.031585895071635006,0.0034836999839171767
4389,DI,250,1970,30,64,9.794542476666112e-15,1.887379141862766e-15,0.003887900005793199
4390,WMI,250,1970,30,64,1.0077478255218598e-14,1.6653345369377348e-15,0.000679599994327873
4391,ISM,250,1970,30,64,0.8814843589709035,0.031585895071635006,0.0037656999775208533
4392,DI,250,1970,30,65,9.794542476666112e-15,1.887379141862766e-15,0.004152099980274215
4393,WMI,250,1970,30,65,1.0077478255218598e-14,1.6653345369377348e-15,0.0006595999875571579
4394,ISM,250,1970,30,65,0.8814843589709035,0.031585895071635006,0.003092499973718077
4395,DI,250,1970,30,66,9.794542476666112e-15,1.887379141862766e-15,0.004108900000574067
4396,WMI,250,1970,30,66,1.0077478255218598e-14,1.6653345369377348e-15,0.0006221000221557915
4397,ISM,250,1970,30,66,0.8814843589709035,0.031585895071635006,0.0030651999986730516
4398,DI,250,1970,30,67,9.794542476666112e-15,1.887379141862766e-15,0.0034382000158075243
4399,WMI,250,1970,30,67,1.0077478255218598e-14,1.6653345369377348e-15,0.0005221999890636653
4400,ISM,250,1970,30,67,0.8814843589709035,0.031585895071635006,0.005604800011496991
4401,DI,250,1970,30,68,9.794542476666112e-15,1.887379141862766e-15,0.004139700002269819
4402,WMI,250,1970,30,68,1.0077478255218598e-14,1.6653345369377348e-15,0.0005929000035393983
4403,ISM,250,1970,30,68,0.8814843589709035,0.031585895071635006,0.0030444000149145722
4404,DI,250,1970,30,69,9.794542476666112e-15,1.887379141862766e-15,0.003751099982764572
4405,WMI,250,1970,30,69,1.0077478255218598e-14,1.6653345369377348e-15,0.0005908999883104116
4406,ISM,250,1970,30,69,0.8814843589709035,0.031585895071635006,0.0030490000208374113
4407,DI,250,1970,30,70,9.794542476666112e-15,1.887379141862766e-15,0.003461299987975508
4408,WMI,250,1970,30,70,1.0077478255218598e-14,1.6653345369377348e-15,0.000503200019011274
4409,ISM,250,1970,30,70,0.8814843589709035,0.031585895071635006,0.0033149000082630664
4410,DI,250,1970,30,71,9.794542476666112e-15,1.887379141862766e-15,0.003384699986781925
4411,WMI,250,1970,30,71,1.0077478255218598e-14,1.6653345369377348e-15,0.00048649997916072607
4412,ISM,250,1970,30,71,0.8814843589709035,0.031585895071635006,0.007237899990286678
4413,DI,250,1970,30,72,9.794542476666112e-15,1.887379141862766e-15,0.003630799998063594
4414,WMI,250,1970,30,72,1.0077478255218598e-14,1.6653345369377348e-15,0.0005652999971061945
4415,ISM,250,1970,30,72,0.8814843589709035,0.031585895071635006,0.006160699995234609
4416,DI,250,1970,30,73,9.794542476666112e-15,1.887379141862766e-15,0.0038938999932724983
4417,WMI,250,1970,30,73,1.0077478255218598e-14,1.6653345369377348e-15,0.0006212999869603664
4418,ISM,250,1970,30,73,0.8814843589709035,0.031585895071635006,0.0065593000035732985
4419,DI,250,1970,30,74,9.794542476666112e-15,1.887379141862766e-15,0.00471740000648424
4420,WMI,250,1970,30,74,1.0077478255218598e-14,1.6653345369377348e-15,0.0007971000159159303
4421,ISM,250,1970,30,74,0.8814843589709035,0.031585895071635006,0.0034672000037971884
4422,DI,250,1970,30,75,9.794542476666112e-15,1.887379141862766e-15,0.003977099986514077
4423,WMI,250,1970,30,75,1.0077478255218598e-14,1.6653345369377348e-15,0.0006409999914467335
4424,ISM,250,1970,30,75,0.8814843589709035,0.031585895071635006,0.003068699996219948
4425,DI,250,1970,30,76,9.794542476666112e-15,1.887379141862766e-15,0.0040988999826367944
4426,WMI,250,1970,30,76,1.0077478255218598e-14,1.6653345369377348e-15,0.0005649999948218465
4427,ISM,250,1970,30,76,0.8814843589709035,0.031585895071635006,0.003071100014494732
4428,DI,250,1970,30,77,9.794542476666112e-15,1.887379141862766e-15,0.004140500008361414
4429,WMI,250,1970,30,77,1.0077478255218598e-14,1.6653345369377348e-15,0.0005322000070009381
4430,ISM,250,1970,30,77,0.8814843589709035,0.031585895071635006,0.003033699991647154
4431,DI,250,1970,30,78,9.794542476666112e-15,1.887379141862766e-15,0.0037100999907124788
4432,WMI,250,1970,30,78,1.0077478255218598e-14,1.6653345369377348e-15,0.0006397000106517226
4433,ISM,250,1970,30,78,0.8814843589709035,0.031585895071635006,0.003347300022142008
4434,DI,250,1970,30,79,9.794542476666112e-15,1.887379141862766e-15,0.003696300002047792
4435,WMI,250,1970,30,79,1.0077478255218598e-14,1.6653345369377348e-15,0.0007343000033870339
4436,ISM,250,1970,30,79,0.8814843589709035,0.031585895071635006,0.0032461999799124897
4437,DI,250,1970,30,80,9.794542476666112e-15,1.887379141862766e-15,0.0033854999928735197
4438,WMI,250,1970,30,80,1.0077478255218598e-14,1.6653345369377348e-15,0.0006861000147182494
4439,ISM,250,1970,30,80,0.8814843589709035,0.031585895071635006,0.003208499983884394
4440,DI,250,1970,30,81,9.794542476666112e-15,1.887379141862766e-15,0.0035900000075343996
4441,WMI,250,1970,30,81,1.0077478255218598e-14,1.6653345369377348e-15,0.0008268999808933586
4442,ISM,250,1970,30,81,0.8814843589709035,0.031585895071635006,0.006783699995139614
4443,DI,250,1970,30,82,9.794542476666112e-15,1.887379141862766e-15,0.00414549998822622
4444,WMI,250,1970,30,82,1.0077478255218598e-14,1.6653345369377348e-15,0.0007813999836798757
4445,ISM,250,1970,30,82,0.8814843589709035,0.031585895071635006,0.0030410000181291252
4446,DI,250,1970,30,83,9.794542476666112e-15,1.887379141862766e-15,0.0038758000009693205
4447,WMI,250,1970,30,83,1.0077478255218598e-14,1.6653345369377348e-15,0.0006325000140350312
4448,ISM,250,1970,30,83,0.8814843589709035,0.031585895071635006,0.005317200004355982
4449,DI,250,1970,30,84,9.794542476666112e-15,1.887379141862766e-15,0.0031423000036738813
4450,WMI,250,1970,30,84,1.0077478255218598e-14,1.6653345369377348e-15,0.0006223000236786902
4451,ISM,250,1970,30,84,0.8814843589709035,0.031585895071635006,0.0037527000240515918
4452,DI,250,1970,30,85,9.794542476666112e-15,1.887379141862766e-15,0.0030912999936845154
4453,WMI,250,1970,30,85,1.0077478255218598e-14,1.6653345369377348e-15,0.0006580000044777989
4454,ISM,250,1970,30,85,0.8814843589709035,0.031585895071635006,0.0030734000029042363
4455,DI,250,1970,30,86,9.794542476666112e-15,1.887379141862766e-15,0.003264300001319498
4456,WMI,250,1970,30,86,1.0077478255218598e-14,1.6653345369377348e-15,0.0007207999879028648
4457,ISM,250,1970,30,86,0.8814843589709035,0.031585895071635006,0.0035051000013481826
4458,DI,250,1970,30,87,9.794542476666112e-15,1.887379141862766e-15,0.003789200010942295
4459,WMI,250,1970,30,87,1.0077478255218598e-14,1.6653345369377348e-15,0.0008066000009421259
4460,ISM,250,1970,30,87,0.8814843589709035,0.031585895071635006,0.006863199989311397
4461,DI,250,1970,30,88,9.794542476666112e-15,1.887379141862766e-15,0.0039040000119712204
4462,WMI,250,1970,30,88,1.0077478255218598e-14,1.6653345369377348e-15,0.0008416999771725386
4463,ISM,250,1970,30,88,0.8814843589709035,0.031585895071635006,0.00689990000682883
4464,DI,250,1970,30,89,9.794542476666112e-15,1.887379141862766e-15,0.005143699992913753
4465,WMI,250,1970,30,89,1.0077478255218598e-14,1.6653345369377348e-15,0.0007034000009298325
4466,ISM,250,1970,30,89,0.8814843589709035,0.031585895071635006,0.010725600004661828
4467,DI,250,1970,30,90,9.794542476666112e-15,1.887379141862766e-15,0.004895899997791275
4468,WMI,250,1970,30,90,1.0077478255218598e-14,1.6653345369377348e-15,0.0007891999848652631
4469,ISM,250,1970,30,90,0.8814843589709035,0.031585895071635006,0.006917199993040413
4470,DI,250,1970,30,91,9.794542476666112e-15,1.887379141862766e-15,0.004664599982788786
4471,WMI,250,1970,30,91,1.0077478255218598e-14,1.6653345369377348e-15,0.0007077000045683235
4472,ISM,250,1970,30,91,0.8814843589709035,0.031585895071635006,0.008433800016064197
4473,DI,250,1970,30,92,9.794542476666112e-15,1.887379141862766e-15,0.004522100003669038
4474,WMI,250,1970,30,92,1.0077478255218598e-14,1.6653345369377348e-15,0.0006966000073589385
4475,ISM,250,1970,30,92,0.8814843589709035,0.031585895071635006,0.0053081999940332025
4476,DI,250,1970,30,93,9.794542476666112e-15,1.887379141862766e-15,0.003489499998977408
4477,WMI,250,1970,30,93,1.0077478255218598e-14,1.6653345369377348e-15,0.0004686000174842775
4478,ISM,250,1970,30,93,0.8814843589709035,0.031585895071635006,0.006719199998769909
4479,DI,250,1970,30,94,9.794542476666112e-15,1.887379141862766e-15,0.0038216000248212367
4480,WMI,250,1970,30,94,1.0077478255218598e-14,1.6653345369377348e-15,0.0004675000091083348
4481,ISM,250,1970,30,94,0.8814843589709035,0.031585895071635006,0.003053099993849173
4482,DI,250,1970,30,95,9.794542476666112e-15,1.887379141862766e-15,0.003749199997400865
4483,WMI,250,1970,30,95,1.0077478255218598e-14,1.6653345369377348e-15,0.0008270000107586384
4484,ISM,250,1970,30,95,0.8814843589709035,0.031585895071635006,0.008063700021011755
4485,DI,250,1970,30,96,9.794542476666112e-15,1.887379141862766e-15,0.0035945000126957893
4486,WMI,250,1970,30,96,1.0077478255218598e-14,1.6653345369377348e-15,0.0006815999804530293
4487,ISM,250,1970,30,96,0.8814843589709035,0.031585895071635006,0.0030826000147499144
4488,DI,250,1970,30,97,9.794542476666112e-15,1.887379141862766e-15,0.003435999999055639
4489,WMI,250,1970,30,97,1.0077478255218598e-14,1.6653345369377348e-15,0.0007270000060088933
4490,ISM,250,1970,30,97,0.8814843589709035,0.031585895071635006,0.0032290000235661864
4491,DI,250,1970,30,98,9.794542476666112e-15,1.887379141862766e-15,0.004007300012744963
4492,WMI,250,1970,30,98,1.0077478255218598e-14,1.6653345369377348e-15,0.0005491999909281731
4493,ISM,250,1970,30,98,0.8814843589709035,0.031585895071635006,0.0034140000061597675
4494,DI,250,1970,30,99,9.794542476666112e-15,1.887379141862766e-15,0.004004100017482415
4495,WMI,250,1970,30,99,1.0077478255218598e-14,1.6653345369377348e-15,0.0007446999952662736
4496,ISM,250,1970,30,99,0.8814843589709035,0.031585895071635006,0.003021600015927106
4497,DI,250,1970,30,100,9.794542476666112e-15,1.887379141862766e-15,0.003673800005344674
4498,WMI,250,1970,30,100,1.0077478255218598e-14,1.6653345369377348e-15,0.0004882999928668141
4499,ISM,250,1970,30,100,0.8814843589709035,0.031585895071635006,0.005998800013912842
4500,DI,250,1970,30,101,9.794542476666112e-15,1.887379141862766e-15,0.004064899985678494
4501,WMI,250,1970,30,101,1.0077478255218598e-14,1.6653345369377348e-15,0.0006215999892447144
4502,ISM,250,1970,30,101,0.8814843589709035,0.031585895071635006,0.0033488000044599175
4503,DI,250,1970,30,102,9.794542476666112e-15,1.887379141862766e-15,0.003552999987732619
4504,WMI,250,1970,30,102,1.0077478255218598e-14,1.6653345369377348e-15,0.0005360000068321824
4505,ISM,250,1970,30,102,0.8814843589709035,0.031585895071635006,0.006441000004997477
4506,DI,250,1970,30,103,9.794542476666112e-15,1.887379141862766e-15,0.004098999983398244
4507,WMI,250,1970,30,103,1.0077478255218598e-14,1.6653345369377348e-15,0.0007930999854579568
4508,ISM,250,1970,30,103,0.8814843589709035,0.031585895071635006,0.006499500013887882
4509,DI,250,1970,30,104,9.794542476666112e-15,1.887379141862766e-15,0.0036096000112593174
4510,WMI,250,1970,30,104,1.0077478255218598e-14,1.6653345369377348e-15,0.0005145000177435577
4511,ISM,250,1970,30,104,0.8814843589709035,0.031585895071635006,0.0038640999991912395
4512,DI,250,1970,30,105,9.794542476666112e-15,1.887379141862766e-15,0.004039999999804422
4513,WMI,250,1970,30,105,1.0077478255218598e-14,1.6653345369377348e-15,0.0006398000114131719
4514,ISM,250,1970,30,105,0.8814843589709035,0.031585895071635006,0.002956300013465807
4515,DI,250,1970,30,106,9.794542476666112e-15,1.887379141862766e-15,0.004387499997392297
4516,WMI,250,1970,30,106,1.0077478255218598e-14,1.6653345369377348e-15,0.0006821000133641064
4517,ISM,250,1970,30,106,0.8814843589709035,0.031585895071635006,0.007425399991916493
4518,DI,250,1970,30,107,9.794542476666112e-15,1.887379141862766e-15,0.0036330999864730984
4519,WMI,250,1970,30,107,1.0077478255218598e-14,1.6653345369377348e-15,0.0007584999839309603
4520,ISM,250,1970,30,107,0.8814843589709035,0.031585895071635006,0.003150200005620718
4521,DI,250,1970,30,108,9.794542476666112e-15,1.887379141862766e-15,0.003960900008678436
4522,WMI,250,1970,30,108,1.0077478255218598e-14,1.6653345369377348e-15,0.0007021999917924404
4523,ISM,250,1970,30,108,0.8814843589709035,0.031585895071635006,0.003633899992564693
4524,DI,250,1970,30,109,9.794542476666112e-15,1.887379141862766e-15,0.004213900014292449
4525,WMI,250,1970,30,109,1.0077478255218598e-14,1.6653345369377348e-15,0.0006278999790083617
4526,ISM,250,1970,30,109,0.8814843589709035,0.031585895071635006,0.002965399995446205
4527,DI,250,1970,30,110,9.794542476666112e-15,1.887379141862766e-15,0.004211399995256215
4528,WMI,250,1970,30,110,1.0077478255218598e-14,1.6653345369377348e-15,0.0005486999871209264
4529,ISM,250,1970,30,110,0.8814843589709035,0.031585895071635006,0.0029454999894369394
4530,DI,250,1970,30,111,9.794542476666112e-15,1.887379141862766e-15,0.003713500016601756
4531,WMI,250,1970,30,111,1.0077478255218598e-14,1.6653345369377348e-15,0.0006223999953363091
4532,ISM,250,1970,30,111,0.8814843589709035,0.031585895071635006,0.00440179998986423
4533,DI,250,1970,30,112,9.794542476666112e-15,1.887379141862766e-15,0.003743000008398667
4534,WMI,250,1970,30,112,1.0077478255218598e-14,1.6653345369377348e-15,0.0005590000073425472
4535,ISM,250,1970,30,112,0.8814843589709035,0.031585895071635006,0.0068611000024247915
4536,DI,250,1970,30,113,9.794542476666112e-15,1.887379141862766e-15,0.003959400026360527
4537,WMI,250,1970,30,113,1.0077478255218598e-14,1.6653345369377348e-15,0.0006483000179287046
4538,ISM,250,1970,30,113,0.8814843589709035,0.031585895071635006,0.006431500019971281
4539,DI,250,1970,30,114,9.794542476666112e-15,1.887379141862766e-15,0.004136100003961474
4540,WMI,250,1970,30,114,1.0077478255218598e-14,1.6653345369377348e-15,0.000599899998633191
4541,ISM,250,1970,30,114,0.8814843589709035,0.031585895071635006,0.003017099981661886
4542,DI,250,1970,30,115,9.794542476666112e-15,1.887379141862766e-15,0.004056899982970208
4543,WMI,250,1970,30,115,1.0077478255218598e-14,1.6653345369377348e-15,0.0004887999966740608
4544,ISM,250,1970,30,115,0.8814843589709035,0.031585895071635006,0.004572500009089708
4545,DI,250,1970,30,116,9.794542476666112e-15,1.887379141862766e-15,0.004106799984583631
4546,WMI,250,1970,30,116,1.0077478255218598e-14,1.6653345369377348e-15,0.0006144999933894724
4547,ISM,250,1970,30,116,0.8814843589709035,0.031585895071635006,0.006166100007249042
4548,DI,250,1970,30,117,9.794542476666112e-15,1.887379141862766e-15,0.003909499995643273
4549,WMI,250,1970,30,117,1.0077478255218598e-14,1.6653345369377348e-15,0.0006172000139486045
4550,ISM,250,1970,30,117,0.8814843589709035,0.031585895071635006,0.009886400017421693
4551,DI,250,1970,30,118,9.794542476666112e-15,1.887379141862766e-15,0.004190800013020635
4552,WMI,250,1970,30,118,1.0077478255218598e-14,1.6653345369377348e-15,0.0008272000122815371
4553,ISM,250,1970,30,118,0.8814843589709035,0.031585895071635006,0.0031615000043530017
4554,DI,250,1970,30,119,9.794542476666112e-15,1.887379141862766e-15,0.003990199998952448
4555,WMI,250,1970,30,119,1.0077478255218598e-14,1.6653345369377348e-15,0.0008119999838527292
4556,ISM,250,1970,30,119,0.8814843589709035,0.031585895071635006,0.003079100017203018
4557,DI,250,1970,30,120,9.794542476666112e-15,1.887379141862766e-15,0.003632200008723885
4558,WMI,250,1970,30,120,1.0077478255218598e-14,1.6653345369377348e-15,0.0007701999857090414
4559,ISM,250,1970,30,120,0.8814843589709035,0.031585895071635006,0.002987499989103526
4560,DI,250,1970,30,121,9.794542476666112e-15,1.887379141862766e-15,0.0034835000114981085
4561,WMI,250,1970,30,121,1.0077478255218598e-14,1.6653345369377348e-15,0.0006573999999091029
4562,ISM,250,1970,30,121,0.8814843589709035,0.031585895071635006,0.0029605000163428485
4563,DI,250,1970,30,122,9.794542476666112e-15,1.887379141862766e-15,0.004212400002870709
4564,WMI,250,1970,30,122,1.0077478255218598e-14,1.6653345369377348e-15,0.0006167999817989767
4565,ISM,250,1970,30,122,0.8814843589709035,0.031585895071635006,0.003272100002504885
4566,DI,250,1970,30,123,9.794542476666112e-15,1.887379141862766e-15,0.0033631999976933002
4567,WMI,250,1970,30,123,1.0077478255218598e-14,1.6653345369377348e-15,0.0010305999894626439
4568,ISM,250,1970,30,123,0.8814843589709035,0.031585895071635006,0.0032525999995414168
4569,DI,250,1970,30,124,9.794542476666112e-15,1.887379141862766e-15,0.003409299999475479
4570,WMI,250,1970,30,124,1.0077478255218598e-14,1.6653345369377348e-15,0.004909000010229647
4571,ISM,250,1970,30,124,0.8814843589709035,0.031585895071635006,0.002980399993248284
4572,DI,250,1970,30,125,9.794542476666112e-15,1.887379141862766e-15,0.0037792999937664717
4573,WMI,250,1970,30,125,1.0077478255218598e-14,1.6653345369377348e-15,0.0006307000003289431
4574,ISM,250,1970,30,125,0.8814843589709035,0.031585895071635006,0.003414899983908981
4575,DI,250,1970,30,126,9.794542476666112e-15,1.887379141862766e-15,0.0036995999980717897
4576,WMI,250,1970,30,126,1.0077478255218598e-14,1.6653345369377348e-15,0.0007411999977193773
4577,ISM,250,1970,30,126,0.8814843589709035,0.031585895071635006,0.0036657999735325575
4578,DI,250,1970,30,127,9.794542476666112e-15,1.887379141862766e-15,0.0038964000123087317
4579,WMI,250,1970,30,127,1.0077478255218598e-14,1.6653345369377348e-15,0.0007412999984808266
4580,ISM,250,1970,30,127,0.8814843589709035,0.031585895071635006,0.006309999997029081
4581,DI,250,1970,30,128,9.794542476666112e-15,1.887379141862766e-15,0.003364900010637939
4582,WMI,250,1970,30,128,1.0077478255218598e-14,1.6653345369377348e-15,0.0007977999921422452
4583,ISM,250,1970,30,128,0.8814843589709035,0.031585895071635006,0.006335500016575679
4584,DI,250,1970,30,129,9.794542476666112e-15,1.887379141862766e-15,0.003611099993577227
4585,WMI,250,1970,30,129,1.0077478255218598e-14,1.6653345369377348e-15,0.000624899985268712
4586,ISM,250,1970,30,129,0.8814843589709035,0.031585895071635006,0.004272299993317574
4587,DI,250,1970,30,130,9.794542476666112e-15,1.887379141862766e-15,0.003434700018260628
4588,WMI,250,1970,30,130,1.0077478255218598e-14,1.6653345369377348e-15,0.0007335999980568886
4589,ISM,250,1970,30,130,0.8814843589709035,0.031585895071635006,0.0030919999990146607
4590,DI,250,1970,30,131,9.794542476666112e-15,1.887379141862766e-15,0.0035272999957669526
4591,WMI,250,1970,30,131,1.0077478255218598e-14,1.6653345369377348e-15,0.0005828999856021255
4592,ISM,250,1970,30,131,0.8814843589709035,0.031585895071635006,0.003008400002727285
4593,DI,250,1970,30,132,9.794542476666112e-15,1.887379141862766e-15,0.0037068999954499304
4594,WMI,250,1970,30,132,1.0077478255218598e-14,1.6653345369377348e-15,0.0006495999987237155
4595,ISM,250,1970,30,132,0.8814843589709035,0.031585895071635006,0.0033676000020932406
4596,DI,250,1970,30,133,9.794542476666112e-15,1.887379141862766e-15,0.004534900013823062
4597,WMI,250,1970,30,133,1.0077478255218598e-14,1.6653345369377348e-15,0.0006739000091329217
4598,ISM,250,1970,30,133,0.8814843589709035,0.031585895071635006,0.0048460999969393015
4599,DI,250,1970,30,134,9.794542476666112e-15,1.887379141862766e-15,0.0035370000114198774
4600,WMI,250,1970,30,134,1.0077478255218598e-14,1.6653345369377348e-15,0.0006492999964393675
4601,ISM,250,1970,30,134,0.8814843589709035,0.031585895071635006,0.003484399989247322
4602,DI,250,1970,30,135,9.794542476666112e-15,1.887379141862766e-15,0.0032703999895602465
4603,WMI,250,1970,30,135,1.0077478255218598e-14,1.6653345369377348e-15,0.0005336999893188477
4604,ISM,250,1970,30,135,0.8814843589709035,0.031585895071635006,0.006967900000745431
4605,DI,250,1970,30,136,9.794542476666112e-15,1.887379141862766e-15,0.003499300015391782
4606,WMI,250,1970,30,136,1.0077478255218598e-14,1.6653345369377348e-15,0.000517700013006106
4607,ISM,250,1970,30,136,0.8814843589709035,0.031585895071635006,0.003330100007588044
4608,DI,250,1970,30,137,9.794542476666112e-15,1.887379141862766e-15,0.003492299991194159
4609,WMI,250,1970,30,137,1.0077478255218598e-14,1.6653345369377348e-15,0.0005221000174060464
4610,ISM,250,1970,30,137,0.8814843589709035,0.031585895071635006,0.003229200025089085
4611,DI,250,1970,30,138,9.794542476666112e-15,1.887379141862766e-15,0.003329800005303696
4612,WMI,250,1970,30,138,1.0077478255218598e-14,1.6653345369377348e-15,0.0006848999764770269
4613,ISM,250,1970,30,138,0.8814843589709035,0.031585895071635006,0.006472300010500476
4614,DI,250,1970,30,139,9.794542476666112e-15,1.887379141862766e-15,0.0035407000104896724
4615,WMI,250,1970,30,139,1.0077478255218598e-14,1.6653345369377348e-15,0.0006698000070173293
4616,ISM,250,1970,30,139,0.8814843589709035,0.031585895071635006,0.0031574000022374094
4617,DI,250,1970,30,140,9.794542476666112e-15,1.887379141862766e-15,0.003479400009382516
4618,WMI,250,1970,30,140,1.0077478255218598e-14,1.6653345369377348e-15,0.00047110000741668046
4619,ISM,250,1970,30,140,0.8814843589709035,0.031585895071635006,0.006849299999885261
4620,DI,250,1970,30,141,9.794542476666112e-15,1.887379141862766e-15,0.004126200015889481
4621,WMI,250,1970,30,141,1.0077478255218598e-14,1.6653345369377348e-15,0.0008456999785266817
4622,ISM,250,1970,30,141,0.8814843589709035,0.031585895071635006,0.007738200016319752
4623,DI,250,1970,30,142,9.794542476666112e-15,1.887379141862766e-15,0.005169599986402318
4624,WMI,250,1970,30,142,1.0077478255218598e-14,1.6653345369377348e-15,0.0006968000088818371
4625,ISM,250,1970,30,142,0.8814843589709035,0.031585895071635006,0.004224200005410239
4626,DI,250,1970,30,143,9.794542476666112e-15,1.887379141862766e-15,0.0037546000094152987
4627,WMI,250,1970,30,143,1.0077478255218598e-14,1.6653345369377348e-15,0.0006356000085361302
4628,ISM,250,1970,30,143,0.8814843589709035,0.031585895071635006,0.002939800004241988
4629,DI,250,1970,30,144,9.794542476666112e-15,1.887379141862766e-15,0.0039379000081680715
4630,WMI,250,1970,30,144,1.0077478255218598e-14,1.6653345369377348e-15,0.00047500000800937414
4631,ISM,250,1970,30,144,0.8814843589709035,0.031585895071635006,0.002963700011605397
4632,DI,250,1970,30,145,9.794542476666112e-15,1.887379141862766e-15,0.003735000005690381
4633,WMI,250,1970,30,145,1.0077478255218598e-14,1.6653345369377348e-15,0.0006820000126026571
4634,ISM,250,1970,30,145,0.8814843589709035,0.031585895071635006,0.0073853000067174435
4635,DI,250,1970,30,146,9.794542476666112e-15,1.887379141862766e-15,0.00435589998960495
4636,WMI,250,1970,30,146,1.0077478255218598e-14,1.6653345369377348e-15,0.0008641000022180378
4637,ISM,250,1970,30,146,0.8814843589709035,0.031585895071635006,0.002955100004328415
4638,DI,250,1970,30,147,9.794542476666112e-15,1.887379141862766e-15,0.004004099988378584
4639,WMI,250,1970,30,147,1.0077478255218598e-14,1.6653345369377348e-15,0.0006415999960154295
4640,ISM,250,1970,30,147,0.8814843589709035,0.031585895071635006,0.004484300006879494
4641,DI,250,1970,30,148,9.794542476666112e-15,1.887379141862766e-15,0.0035303999902680516
4642,WMI,250,1970,30,148,1.0077478255218598e-14,1.6653345369377348e-15,0.0004434000002220273
4643,ISM,250,1970,30,148,0.8814843589709035,0.031585895071635006,0.004659400001401082
4644,DI,250,1970,30,149,9.794542476666112e-15,1.887379141862766e-15,0.0035527999862097204
4645,WMI,250,1970,30,149,1.0077478255218598e-14,1.6653345369377348e-15,0.00046049998491071165
4646,ISM,250,1970,30,149,0.8814843589709035,0.031585895071635006,0.00294990002294071
4647,DI,250,1970,30,150,9.794542476666112e-15,1.887379141862766e-15,0.003285999991931021
4648,WMI,250,1970,30,150,1.0077478255218598e-14,1.6653345369377348e-15,0.0007422999769914895
4649,ISM,250,1970,30,150,0.8814843589709035,0.031585895071635006,0.008715000003576279
4650,DI,250,1970,30,151,9.794542476666112e-15,1.887379141862766e-15,0.004285200004233047
4651,WMI,250,1970,30,151,1.0077478255218598e-14,1.6653345369377348e-15,0.0006840999994892627
4652,ISM,250,1970,30,151,0.8814843589709035,0.031585895071635006,0.006255899992538616
4653,DI,250,1970,30,152,9.794542476666112e-15,1.887379141862766e-15,0.004502499999944121
4654,WMI,250,1970,30,152,1.0077478255218598e-14,1.6653345369377348e-15,0.000973699992755428
4655,ISM,250,1970,30,152,0.8814843589709035,0.031585895071635006,0.006681700004264712
4656,DI,250,1970,30,153,9.794542476666112e-15,1.887379141862766e-15,0.0041480000072624534
4657,WMI,250,1970,30,153,1.0077478255218598e-14,1.6653345369377348e-15,0.0010716999822761863
4658,ISM,250,1970,30,153,0.8814843589709035,0.031585895071635006,0.006326900009298697
4659,DI,250,1970,30,154,9.794542476666112e-15,1.887379141862766e-15,0.003872000001138076
4660,WMI,250,1970,30,154,1.0077478255218598e-14,1.6653345369377348e-15,0.0007486999966204166
4661,ISM,250,1970,30,154,0.8814843589709035,0.031585895071635006,0.006640900013735518
4662,DI,250,1970,30,155,9.794542476666112e-15,1.887379141862766e-15,0.003941700007999316
4663,WMI,250,1970,30,155,1.0077478255218598e-14,1.6653345369377348e-15,0.0006107000226620585
4664,ISM,250,1970,30,155,0.8814843589709035,0.031585895071635006,0.006565699994098395
4665,DI,250,1970,30,156,9.794542476666112e-15,1.887379141862766e-15,0.004231900005834177
4666,WMI,250,1970,30,156,1.0077478255218598e-14,1.6653345369377348e-15,0.0006978999881539494
4667,ISM,250,1970,30,156,0.8814843589709035,0.031585895071635006,0.006893699988722801
4668,DI,250,1970,30,157,9.794542476666112e-15,1.887379141862766e-15,0.004004499991424382
4669,WMI,250,1970,30,157,1.0077478255218598e-14,1.6653345369377348e-15,0.000694099988322705
4670,ISM,250,1970,30,157,0.8814843589709035,0.031585895071635006,0.0066534999932628125
4671,DI,250,1970,30,158,9.794542476666112e-15,1.887379141862766e-15,0.0039987999771256
4672,WMI,250,1970,30,158,1.0077478255218598e-14,1.6653345369377348e-15,0.0007090999861247838
4673,ISM,250,1970,30,158,0.8814843589709035,0.031585895071635006,0.006317999999737367
4674,DI,250,1970,30,159,9.794542476666112e-15,1.887379141862766e-15,0.0042551999795250595
4675,WMI,250,1970,30,159,1.0077478255218598e-14,1.6653345369377348e-15,0.0007015999872237444
4676,ISM,250,1970,30,159,0.8814843589709035,0.031585895071635006,0.006503300013719127
4677,DI,250,1970,30,160,9.794542476666112e-15,1.887379141862766e-15,0.004045299981953576
4678,WMI,250,1970,30,160,1.0077478255218598e-14,1.6653345369377348e-15,0.0006876000261399895
4679,ISM,250,1970,30,160,0.8814843589709035,0.031585895071635006,0.007318799995118752
4680,DI,250,1970,30,161,9.794542476666112e-15,1.887379141862766e-15,0.005150599987246096
4681,WMI,250,1970,30,161,1.0077478255218598e-14,1.6653345369377348e-15,0.0010519999777898192
4682,ISM,250,1970,30,161,0.8814843589709035,0.031585895071635006,0.005098599998746067
4683,DI,250,1970,30,162,9.794542476666112e-15,1.887379141862766e-15,0.0037308000028133392
4684,WMI,250,1970,30,162,1.0077478255218598e-14,1.6653345369377348e-15,0.00048340001376345754
4685,ISM,250,1970,30,162,0.8814843589709035,0.031585895071635006,0.004737500014016405
4686,DI,250,1970,30,163,9.794542476666112e-15,1.887379141862766e-15,0.003623099997639656
4687,WMI,250,1970,30,163,1.0077478255218598e-14,1.6653345369377348e-15,0.0006852000078652054
4688,ISM,250,1970,30,163,0.8814843589709035,0.031585895071635006,0.0030008000030647963
4689,DI,250,1970,30,164,9.794542476666112e-15,1.887379141862766e-15,0.003872800007229671
4690,WMI,250,1970,30,164,1.0077478255218598e-14,1.6653345369377348e-15,0.0007119999791029841
4691,ISM,250,1970,30,164,0.8814843589709035,0.031585895071635006,0.007325499987928197
4692,DI,250,1970,30,165,9.794542476666112e-15,1.887379141862766e-15,0.004941599996527657
4693,WMI,250,1970,30,165,1.0077478255218598e-14,1.6653345369377348e-15,0.0007212000200524926
4694,ISM,250,1970,30,165,0.8814843589709035,0.031585895071635006,0.004348599992226809
4695,DI,250,1970,30,166,9.794542476666112e-15,1.887379141862766e-15,0.003706499992404133
4696,WMI,250,1970,30,166,1.0077478255218598e-14,1.6653345369377348e-15,0.00048180000158026814
4697,ISM,250,1970,30,166,0.8814843589709035,0.031585895071635006,0.0032454999745823443
4698,DI,250,1970,30,167,9.794542476666112e-15,1.887379141862766e-15,0.003629100014222786
4699,WMI,250,1970,30,167,1.0077478255218598e-14,1.6653345369377348e-15,0.0016199999954551458
4700,ISM,250,1970,30,167,0.8814843589709035,0.031585895071635006,0.006411800015484914
4701,DI,250,1970,30,168,9.794542476666112e-15,1.887379141862766e-15,0.0037807999760843813
4702,WMI,250,1970,30,168,1.0077478255218598e-14,1.6653345369377348e-15,0.00045059999683871865
4703,ISM,250,1970,30,168,0.8814843589709035,0.031585895071635006,0.0028633000038098544
4704,DI,250,1970,30,169,9.794542476666112e-15,1.887379141862766e-15,0.004136000003200024
4705,WMI,250,1970,30,169,1.0077478255218598e-14,1.6653345369377348e-15,0.0007496000034734607
4706,ISM,250,1970,30,169,0.8814843589709035,0.031585895071635006,0.00397520000115037
4707,DI,250,1970,30,170,9.794542476666112e-15,1.887379141862766e-15,0.0034919999889098108
4708,WMI,250,1970,30,170,1.0077478255218598e-14,1.6653345369377348e-15,0.000517700013006106
4709,ISM,250,1970,30,170,0.8814843589709035,0.031585895071635006,0.002871899981983006
4710,DI,250,1970,30,171,9.794542476666112e-15,1.887379141862766e-15,0.003503499989164993
4711,WMI,250,1970,30,171,1.0077478255218598e-14,1.6653345369377348e-15,0.0005241000035312027
4712,ISM,250,1970,30,171,0.8814843589709035,0.031585895071635006,0.0029183000151533633
4713,DI,250,1970,30,172,9.794542476666112e-15,1.887379141862766e-15,0.003434799989918247
4714,WMI,250,1970,30,172,1.0077478255218598e-14,1.6653345369377348e-15,0.0005876999930478632
4715,ISM,250,1970,30,172,0.8814843589709035,0.031585895071635006,0.0030006000015418977
4716,DI,250,1970,30,173,9.794542476666112e-15,1.887379141862766e-15,0.003996199986431748
4717,WMI,250,1970,30,173,1.0077478255218598e-14,1.6653345369377348e-15,0.0006376999954227358
4718,ISM,250,1970,30,173,0.8814843589709035,0.031585895071635006,0.002889600000344217
4719,DI,250,1970,30,174,9.794542476666112e-15,1.887379141862766e-15,0.003350899991346523
4720,WMI,250,1970,30,174,1.0077478255218598e-14,1.6653345369377348e-15,0.0006166000093799084
4721,ISM,250,1970,30,174,0.8814843589709035,0.031585895071635006,0.006436199997551739
4722,DI,250,1970,30,175,9.794542476666112e-15,1.887379141862766e-15,0.0035433000011835247
4723,WMI,250,1970,30,175,1.0077478255218598e-14,1.6653345369377348e-15,0.0005039999959990382
4724,ISM,250,1970,30,175,0.8814843589709035,0.031585895071635006,0.003295700007583946
4725,DI,250,1970,30,176,9.794542476666112e-15,1.887379141862766e-15,0.003729299991391599
4726,WMI,250,1970,30,176,1.0077478255218598e-14,1.6653345369377348e-15,0.0006368999893311411
4727,ISM,250,1970,30,176,0.8814843589709035,0.031585895071635006,0.0028606000123545527
4728,DI,250,1970,30,177,9.794542476666112e-15,1.887379141862766e-15,0.0033921000140253454
4729,WMI,250,1970,30,177,1.0077478255218598e-14,1.6653345369377348e-15,0.0005124000017531216
4730,ISM,250,1970,30,177,0.8814843589709035,0.031585895071635006,0.003201099985744804
4731,DI,250,1970,30,178,9.794542476666112e-15,1.887379141862766e-15,0.00344180001411587
4732,WMI,250,1970,30,178,1.0077478255218598e-14,1.6653345369377348e-15,0.000523599999723956
4733,ISM,250,1970,30,178,0.8814843589709035,0.031585895071635006,0.0032281999883707613
4734,DI,250,1970,30,179,9.794542476666112e-15,1.887379141862766e-15,0.0033845000143628567
4735,WMI,250,1970,30,179,1.0077478255218598e-14,1.6653345369377348e-15,0.000680500001180917
4736,ISM,250,1970,30,179,0.8814843589709035,0.031585895071635006,0.0028750999772455543
4737,DI,250,1970,30,180,9.794542476666112e-15,1.887379141862766e-15,0.0033799000084400177
4738,WMI,250,1970,30,180,1.0077478255218598e-14,1.6653345369377348e-15,0.0005369000136852264
4739,ISM,250,1970,30,180,0.8814843589709035,0.031585895071635006,0.005893399997148663
4740,DI,250,1970,30,181,9.794542476666112e-15,1.887379141862766e-15,0.0035889999999199063
4741,WMI,250,1970,30,181,1.0077478255218598e-14,1.6653345369377348e-15,0.0005288000102154911
4742,ISM,250,1970,30,181,0.8814843589709035,0.031585895071635006,0.006929800001671538
4743,DI,250,1970,30,182,9.794542476666112e-15,1.887379141862766e-15,0.0035988999879918993
4744,WMI,250,1970,30,182,1.0077478255218598e-14,1.6653345369377348e-15,0.0005105000163894147
4745,ISM,250,1970,30,182,0.8814843589709035,0.031585895071635006,0.006003400019835681
4746,DI,250,1970,30,183,9.794542476666112e-15,1.887379141862766e-15,0.0036117999989073724
4747,WMI,250,1970,30,183,1.0077478255218598e-14,1.6653345369377348e-15,0.0010043999936897308
4748,ISM,250,1970,30,183,0.8814843589709035,0.031585895071635006,0.0031162000086624175
4749,DI,250,1970,30,184,9.794542476666112e-15,1.887379141862766e-15,0.0037901000177953392
4750,WMI,250,1970,30,184,1.0077478255218598e-14,1.6653345369377348e-15,0.0005914999928791076
4751,ISM,250,1970,30,184,0.8814843589709035,0.031585895071635006,0.0028705999720841646
4752,DI,250,1970,30,185,9.794542476666112e-15,1.887379141862766e-15,0.0036376999923959374
4753,WMI,250,1970,30,185,1.0077478255218598e-14,1.6653345369377348e-15,0.0008101999992504716
4754,ISM,250,1970,30,185,0.8814843589709035,0.031585895071635006,0.0031263000273611397
4755,DI,250,1970,30,186,9.794542476666112e-15,1.887379141862766e-15,0.0035872999869752675
4756,WMI,250,1970,30,186,1.0077478255218598e-14,1.6653345369377348e-15,0.0005726000235881656
4757,ISM,250,1970,30,186,0.8814843589709035,0.031585895071635006,0.002964499988593161
4758,DI,250,1970,30,187,9.794542476666112e-15,1.887379141862766e-15,0.003652599989436567
4759,WMI,250,1970,30,187,1.0077478255218598e-14,1.6653345369377348e-15,0.0005392999737523496
4760,ISM,250,1970,30,187,0.8814843589709035,0.031585895071635006,0.0030414999928325415
4761,DI,250,1970,30,188,9.794542476666112e-15,1.887379141862766e-15,0.0035200999991502613
4762,WMI,250,1970,30,188,1.0077478255218598e-14,1.6653345369377348e-15,0.0005453999910969287
4763,ISM,250,1970,30,188,0.8814843589709035,0.031585895071635006,0.003041299991309643
4764,DI,250,1970,30,189,9.794542476666112e-15,1.887379141862766e-15,0.0035401000059209764
4765,WMI,250,1970,30,189,1.0077478255218598e-14,1.6653345369377348e-15,0.0005515000084415078
4766,ISM,250,1970,30,189,0.8814843589709035,0.031585895071635006,0.006752599991159514
4767,DI,250,1970,30,190,9.794542476666112e-15,1.887379141862766e-15,0.0037385000032372773
4768,WMI,250,1970,30,190,1.0077478255218598e-14,1.6653345369377348e-15,0.0005887000006623566
4769,ISM,250,1970,30,190,0.8814843589709035,0.031585895071635006,0.0062055999878793955
4770,DI,250,1970,30,191,9.794542476666112e-15,1.887379141862766e-15,0.004189300001598895
4771,WMI,250,1970,30,191,1.0077478255218598e-14,1.6653345369377348e-15,0.0007554999901913106
4772,ISM,250,1970,30,191,0.8814843589709035,0.031585895071635006,0.007419500005198643
4773,DI,250,1970,30,192,9.794542476666112e-15,1.887379141862766e-15,0.004816800006665289
4774,WMI,250,1970,30,192,1.0077478255218598e-14,1.6653345369377348e-15,0.0007056000176817179
4775,ISM,250,1970,30,192,0.8814843589709035,0.031585895071635006,0.004882899986114353
4776,DI,250,1970,30,193,9.794542476666112e-15,1.887379141862766e-15,0.0042360000079497695
4777,WMI,250,1970,30,193,1.0077478255218598e-14,1.6653345369377348e-15,0.0006406999891623855
4778,ISM,250,1970,30,193,0.8814843589709035,0.031585895071635006,0.006040199979906902
4779,DI,250,1970,30,194,9.794542476666112e-15,1.887379141862766e-15,0.00448490001144819
4780,WMI,250,1970,30,194,1.0077478255218598e-14,1.6653345369377348e-15,0.0009126000222750008
4781,ISM,250,1970,30,194,0.8814843589709035,0.031585895071635006,0.005653500003973022
4782,DI,250,1970,30,195,9.794542476666112e-15,1.887379141862766e-15,0.004220700007863343
4783,WMI,250,1970,30,195,1.0077478255218598e-14,1.6653345369377348e-15,0.0007056999893393368
4784,ISM,250,1970,30,195,0.8814843589709035,0.031585895071635006,0.003029099985724315
4785,DI,250,1970,30,196,9.794542476666112e-15,1.887379141862766e-15,0.003780900005949661
4786,WMI,250,1970,30,196,1.0077478255218598e-14,1.6653345369377348e-15,0.0006989999965298921
4787,ISM,250,1970,30,196,0.8814843589709035,0.031585895071635006,0.004821899987291545
4788,DI,250,1970,30,197,9.794542476666112e-15,1.887379141862766e-15,0.003737400023965165
4789,WMI,250,1970,30,197,1.0077478255218598e-14,1.6653345369377348e-15,0.0005592000088654459
4790,ISM,250,1970,30,197,0.8814843589709035,0.031585895071635006,0.005974300001980737
4791,DI,250,1970,30,198,9.794542476666112e-15,1.887379141862766e-15,0.004240200010826811
4792,WMI,250,1970,30,198,1.0077478255218598e-14,1.6653345369377348e-15,0.0005698000022675842
4793,ISM,250,1970,30,198,0.8814843589709035,0.031585895071635006,0.003112400008831173
4794,DI,250,1970,30,199,9.794542476666112e-15,1.887379141862766e-15,0.004107999993721023
4795,WMI,250,1970,30,199,1.0077478255218598e-14,1.6653345369377348e-15,0.0005774000019300729
4796,ISM,250,1970,30,199,0.8814843589709035,0.031585895071635006,0.004588099982356653
4797,DI,250,1970,30,200,9.794542476666112e-15,1.887379141862766e-15,0.003897799993865192
4798,WMI,250,1970,30,200,1.0077478255218598e-14,1.6653345369377348e-15,0.0006378999969456345
4799,ISM,250,1970,30,200,0.8814843589709035,0.031585895071635006,0.0031596999906469136
4800,DI,250,1960,40,1,9.863565941856834e-15,1.887379141862766e-15,0.0043160000059287995
4801,WMI,250,1960,40,1,9.769596163919185e-15,1.5543122344752192e-15,0.001007299986667931
4802,ISM,250,1960,40,1,1.0507155855267034,0.0392476721992876,0.004060900013428181
4803,DI,250,1960,40,2,9.863565941856834e-15,1.887379141862766e-15,0.0035260000149719417
4804,WMI,250,1960,40,2,9.769596163919185e-15,1.5543122344752192e-15,0.0008150000066962093
4805,ISM,250,1960,40,2,1.0507155855267034,0.0392476721992876,0.004834099992876872
4806,DI,250,1960,40,3,9.863565941856834e-15,1.887379141862766e-15,0.003250299982028082
4807,WMI,250,1960,40,3,9.769596163919185e-15,1.5543122344752192e-15,0.0008164000173565
4808,ISM,250,1960,40,3,1.0507155855267034,0.0392476721992876,0.004197600006591529
4809,DI,250,1960,40,4,9.863565941856834e-15,1.887379141862766e-15,0.002779200003715232
4810,WMI,250,1960,40,4,9.769596163919185e-15,1.5543122344752192e-15,0.0006692000024486333
4811,ISM,250,1960,40,4,1.0507155855267034,0.0392476721992876,0.004233199986629188
4812,DI,250,1960,40,5,9.863565941856834e-15,1.887379141862766e-15,0.0035201999999117106
4813,WMI,250,1960,40,5,9.769596163919185e-15,1.5543122344752192e-15,0.0007030999986454844
4814,ISM,250,1960,40,5,1.0507155855267034,0.0392476721992876,0.004186700010905042
4815,DI,250,1960,40,6,9.863565941856834e-15,1.887379141862766e-15,0.003927899990230799
4816,WMI,250,1960,40,6,9.769596163919185e-15,1.5543122344752192e-15,0.000676199997542426
4817,ISM,250,1960,40,6,1.0507155855267034,0.0392476721992876,0.0038435999886132777
4818,DI,250,1960,40,7,9.863565941856834e-15,1.887379141862766e-15,0.0034792000078596175
4819,WMI,250,1960,40,7,9.769596163919185e-15,1.5543122344752192e-15,0.000760199996875599
4820,ISM,250,1960,40,7,1.0507155855267034,0.0392476721992876,0.004223399999318644
4821,DI,250,1960,40,8,9.863565941856834e-15,1.887379141862766e-15,0.0033258000039495528
4822,WMI,250,1960,40,8,9.769596163919185e-15,1.5543122344752192e-15,0.0008301000052597374
4823,ISM,250,1960,40,8,1.0507155855267034,0.0392476721992876,0.00824220001231879
4824,DI,250,1960,40,9,9.863565941856834e-15,1.887379141862766e-15,0.0038332999974954873
4825,WMI,250,1960,40,9,9.769596163919185e-15,1.5543122344752192e-15,0.0007140999950934201
4826,ISM,250,1960,40,9,1.0507155855267034,0.0392476721992876,0.0053564000118058175
4827,DI,250,1960,40,10,9.863565941856834e-15,1.887379141862766e-15,0.0034771999926306307
4828,WMI,250,1960,40,10,9.769596163919185e-15,1.5543122344752192e-15,0.0012654000020120293
4829,ISM,250,1960,40,10,1.0507155855267034,0.0392476721992876,0.00676049999310635
4830,DI,250,1960,40,11,9.863565941856834e-15,1.887379141862766e-15,0.0036973000096622854
4831,WMI,250,1960,40,11,9.769596163919185e-15,1.5543122344752192e-15,0.0007751000230200589
4832,ISM,250,1960,40,11,1.0507155855267034,0.0392476721992876,0.003965000010794029
4833,DI,250,1960,40,12,9.863565941856834e-15,1.887379141862766e-15,0.0035075999912805855
4834,WMI,250,1960,40,12,9.769596163919185e-15,1.5543122344752192e-15,0.000758699985453859
4835,ISM,250,1960,40,12,1.0507155855267034,0.0392476721992876,0.003982200025347993
4836,DI,250,1960,40,13,9.863565941856834e-15,1.887379141862766e-15,0.0032484999974258244
4837,WMI,250,1960,40,13,9.769596163919185e-15,1.5543122344752192e-15,0.0007562999962829053
4838,ISM,250,1960,40,13,1.0507155855267034,0.0392476721992876,0.00785389999509789
4839,DI,250,1960,40,14,9.863565941856834e-15,1.887379141862766e-15,0.003399700013687834
4840,WMI,250,1960,40,14,9.769596163919185e-15,1.5543122344752192e-15,0.0007726999756414443
4841,ISM,250,1960,40,14,1.0507155855267034,0.0392476721992876,0.004819499998120591
4842,DI,250,1960,40,15,9.863565941856834e-15,1.887379141862766e-15,0.003503000014461577
4843,WMI,250,1960,40,15,9.769596163919185e-15,1.5543122344752192e-15,0.0006823000148870051
4844,ISM,250,1960,40,15,1.0507155855267034,0.0392476721992876,0.007860100013203919
4845,DI,250,1960,40,16,9.863565941856834e-15,1.887379141862766e-15,0.003327799990074709
4846,WMI,250,1960,40,16,9.769596163919185e-15,1.5543122344752192e-15,0.0008800000068731606
4847,ISM,250,1960,40,16,1.0507155855267034,0.0392476721992876,0.005095700005767867
4848,DI,250,1960,40,17,9.863565941856834e-15,1.887379141862766e-15,0.0037859999865759164
4849,WMI,250,1960,40,17,9.769596163919185e-15,1.5543122344752192e-15,0.0009728999866638333
4850,ISM,250,1960,40,17,1.0507155855267034,0.0392476721992876,0.004408899985719472
4851,DI,250,1960,40,18,9.863565941856834e-15,1.887379141862766e-15,0.005029399995692074
4852,WMI,250,1960,40,18,9.769596163919185e-15,1.5543122344752192e-15,0.0009292000031564385
4853,ISM,250,1960,40,18,1.0507155855267034,0.0392476721992876,0.00617229999625124
4854,DI,250,1960,40,19,9.863565941856834e-15,1.887379141862766e-15,0.003586400009226054
4855,WMI,250,1960,40,19,9.769596163919185e-15,1.5543122344752192e-15,0.0006735000060871243
4856,ISM,250,1960,40,19,1.0507155855267034,0.0392476721992876,0.0045375000045169145
4857,DI,250,1960,40,20,9.863565941856834e-15,1.887379141862766e-15,0.0035749000089708716
4858,WMI,250,1960,40,20,9.769596163919185e-15,1.5543122344752192e-15,0.0007167000148911029
4859,ISM,250,1960,40,20,1.0507155855267034,0.0392476721992876,0.0039594999980181456
4860,DI,250,1960,40,21,9.863565941856834e-15,1.887379141862766e-15,0.004695799987530336
4861,WMI,250,1960,40,21,9.769596163919185e-15,1.5543122344752192e-15,0.0007986999989952892
4862,ISM,250,1960,40,21,1.0507155855267034,0.0392476721992876,0.004986699990695342
4863,DI,250,1960,40,22,9.863565941856834e-15,1.887379141862766e-15,0.003659000009065494
4864,WMI,250,1960,40,22,9.769596163919185e-15,1.5543122344752192e-15,0.0007496000034734607
4865,ISM,250,1960,40,22,1.0507155855267034,0.0392476721992876,0.003904800018062815
4866,DI,250,1960,40,23,9.863565941856834e-15,1.887379141862766e-15,0.0037093000137247145
4867,WMI,250,1960,40,23,9.769596163919185e-15,1.5543122344752192e-15,0.0007629000174347311
4868,ISM,250,1960,40,23,1.0507155855267034,0.0392476721992876,0.0067165000073146075
4869,DI,250,1960,40,24,9.863565941856834e-15,1.887379141862766e-15,0.003537599986884743
4870,WMI,250,1960,40,24,9.769596163919185e-15,1.5543122344752192e-15,0.0009210999996867031
4871,ISM,250,1960,40,24,1.0507155855267034,0.0392476721992876,0.00808359999791719
4872,DI,250,1960,40,25,9.863565941856834e-15,1.887379141862766e-15,0.003414400009205565
4873,WMI,250,1960,40,25,9.769596163919185e-15,1.5543122344752192e-15,0.0008520999981556088
4874,ISM,250,1960,40,25,1.0507155855267034,0.0392476721992876,0.007474100013496354
4875,DI,250,1960,40,26,9.863565941856834e-15,1.887379141862766e-15,0.003494299977319315
4876,WMI,250,1960,40,26,9.769596163919185e-15,1.5543122344752192e-15,0.0007761000015307218
4877,ISM,250,1960,40,26,1.0507155855267034,0.0392476721992876,0.006975700001930818
4878,DI,250,1960,40,27,9.863565941856834e-15,1.887379141862766e-15,0.00398259999928996
4879,WMI,250,1960,40,27,9.769596163919185e-15,1.5543122344752192e-15,0.0014541000127792358
4880,ISM,250,1960,40,27,1.0507155855267034,0.0392476721992876,0.008041899971431121
4881,DI,250,1960,40,28,9.863565941856834e-15,1.887379141862766e-15,0.0035642999864649028
4882,WMI,250,1960,40,28,9.769596163919185e-15,1.5543122344752192e-15,0.0008431999885942787
4883,ISM,250,1960,40,28,1.0507155855267034,0.0392476721992876,0.009099399991100654
4884,DI,250,1960,40,29,9.863565941856834e-15,1.887379141862766e-15,0.004016899998532608
4885,WMI,250,1960,40,29,9.769596163919185e-15,1.5543122344752192e-15,0.0007689000049140304
4886,ISM,250,1960,40,29,1.0507155855267034,0.0392476721992876,0.005273499991744757
4887,DI,250,1960,40,30,9.863565941856834e-15,1.887379141862766e-15,0.003254700015531853
4888,WMI,250,1960,40,30,9.769596163919185e-15,1.5543122344752192e-15,0.0007892000139690936
4889,ISM,250,1960,40,30,1.0507155855267034,0.0392476721992876,0.004007799987448379
4890,DI,250,1960,40,31,9.863565941856834e-15,1.887379141862766e-15,0.0041037999908439815
4891,WMI,250,1960,40,31,9.769596163919185e-15,1.5543122344752192e-15,0.0007239000115077943
4892,ISM,250,1960,40,31,1.0507155855267034,0.0392476721992876,0.0039957000117283314
4893,DI,250,1960,40,32,9.863565941856834e-15,1.887379141862766e-15,0.004018400009954348
4894,WMI,250,1960,40,32,9.769596163919185e-15,1.5543122344752192e-15,0.0010993999894708395
4895,ISM,250,1960,40,32,1.0507155855267034,0.0392476721992876,0.004825500014703721
4896,DI,250,1960,40,33,9.863565941856834e-15,1.887379141862766e-15,0.003679099987493828
4897,WMI,250,1960,40,33,9.769596163919185e-15,1.5543122344752192e-15,0.004571800003759563
4898,ISM,250,1960,40,33,1.0507155855267034,0.0392476721992876,0.004197600006591529
4899,DI,250,1960,40,34,9.863565941856834e-15,1.887379141862766e-15,0.003247799992095679
4900,WMI,250,1960,40,34,9.769596163919185e-15,1.5543122344752192e-15,0.0007356999849434942
4901,ISM,250,1960,40,34,1.0507155855267034,0.0392476721992876,0.0039561000012326986
4902,DI,250,1960,40,35,9.863565941856834e-15,1.887379141862766e-15,0.003730199998244643
4903,WMI,250,1960,40,35,9.769596163919185e-15,1.5543122344752192e-15,0.0007651000050827861
4904,ISM,250,1960,40,35,1.0507155855267034,0.0392476721992876,0.006395100004738197
4905,DI,250,1960,40,36,9.863565941856834e-15,1.887379141862766e-15,0.014361600013216957
4906,WMI,250,1960,40,36,9.769596163919185e-15,1.5543122344752192e-15,0.0008590999932494015
4907,ISM,250,1960,40,36,1.0507155855267034,0.0392476721992876,0.004179500014288351
4908,DI,250,1960,40,37,9.863565941856834e-15,1.887379141862766e-15,0.00394550000783056
4909,WMI,250,1960,40,37,9.769596163919185e-15,1.5543122344752192e-15,0.0008574999810662121
4910,ISM,250,1960,40,37,1.0507155855267034,0.0392476721992876,0.00557969999499619
4911,DI,250,1960,40,38,9.863565941856834e-15,1.887379141862766e-15,0.0033854999928735197
4912,WMI,250,1960,40,38,9.769596163919185e-15,1.5543122344752192e-15,0.0006532999977935106
4913,ISM,250,1960,40,38,1.0507155855267034,0.0392476721992876,0.004638999991584569
4914,DI,250,1960,40,39,9.863565941856834e-15,1.887379141862766e-15,0.0033636000007390976
4915,WMI,250,1960,40,39,9.769596163919185e-15,1.5543122344752192e-15,0.0006231000006664544
4916,ISM,250,1960,40,39,1.0507155855267034,0.0392476721992876,0.003951599996071309
4917,DI,250,1960,40,40,9.863565941856834e-15,1.887379141862766e-15,0.004109000001335517
4918,WMI,250,1960,40,40,9.769596163919185e-15,1.5543122344752192e-15,0.0007125000120140612
4919,ISM,250,1960,40,40,1.0507155855267034,0.0392476721992876,0.003957199980504811
4920,DI,250,1960,40,41,9.863565941856834e-15,1.887379141862766e-15,0.003583099984098226
4921,WMI,250,1960,40,41,9.769596163919185e-15,1.5543122344752192e-15,0.0007832999981474131
4922,ISM,250,1960,40,41,1.0507155855267034,0.0392476721992876,0.004418399999849498
4923,DI,250,1960,40,42,9.863565941856834e-15,1.887379141862766e-15,0.003749800001969561
4924,WMI,250,1960,40,42,9.769596163919185e-15,1.5543122344752192e-15,0.0006457999988924712
4925,ISM,250,1960,40,42,1.0507155855267034,0.0392476721992876,0.003930000006221235
4926,DI,250,1960,40,43,9.863565941856834e-15,1.887379141862766e-15,0.0032998000096995384
4927,WMI,250,1960,40,43,9.769596163919185e-15,1.5543122344752192e-15,0.0007311000081244856
4928,ISM,250,1960,40,43,1.0507155855267034,0.0392476721992876,0.004056800011312589
4929,DI,250,1960,40,44,9.863565941856834e-15,1.887379141862766e-15,0.0035376000159885734
4930,WMI,250,1960,40,44,9.769596163919185e-15,1.5543122344752192e-15,0.0008532000065315515
4931,ISM,250,1960,40,44,1.0507155855267034,0.0392476721992876,0.008640100015327334
4932,DI,250,1960,40,45,9.863565941856834e-15,1.887379141862766e-15,0.004064699984155595
4933,WMI,250,1960,40,45,9.769596163919185e-15,1.5543122344752192e-15,0.0007560999947600067
4934,ISM,250,1960,40,45,1.0507155855267034,0.0392476721992876,0.008734500006539747
4935,DI,250,1960,40,46,9.863565941856834e-15,1.887379141862766e-15,0.004295700025977567
4936,WMI,250,1960,40,46,9.769596163919185e-15,1.5543122344752192e-15,0.0008832000021357089
4937,ISM,250,1960,40,46,1.0507155855267034,0.0392476721992876,0.009202600020216778
4938,DI,250,1960,40,47,9.863565941856834e-15,1.887379141862766e-15,0.004024199995910749
4939,WMI,250,1960,40,47,9.769596163919185e-15,1.5543122344752192e-15,0.00082230000407435
4940,ISM,250,1960,40,47,1.0507155855267034,0.0392476721992876,0.009383500000694767
4941,DI,250,1960,40,48,9.863565941856834e-15,1.887379141862766e-15,0.004131699999561533
4942,WMI,250,1960,40,48,9.769596163919185e-15,1.5543122344752192e-15,0.0008710999973118305
4943,ISM,250,1960,40,48,1.0507155855267034,0.0392476721992876,0.00942460002261214
4944,DI,250,1960,40,49,9.863565941856834e-15,1.887379141862766e-15,0.004991399997379631
4945,WMI,250,1960,40,49,9.769596163919185e-15,1.5543122344752192e-15,0.0013181999966036528
4946,ISM,250,1960,40,49,1.0507155855267034,0.0392476721992876,0.009411000006366521
4947,DI,250,1960,40,50,9.863565941856834e-15,1.887379141862766e-15,0.0049860000144690275
4948,WMI,250,1960,40,50,9.769596163919185e-15,1.5543122344752192e-15,0.0010565999837126583
4949,ISM,250,1960,40,50,1.0507155855267034,0.0392476721992876,0.012137799989432096
4950,DI,250,1960,40,51,9.863565941856834e-15,1.887379141862766e-15,0.0044012999860569835
4951,WMI,250,1960,40,51,9.769596163919185e-15,1.5543122344752192e-15,0.0009481000015512109
4952,ISM,250,1960,40,51,1.0507155855267034,0.0392476721992876,0.008412199997110292
4953,DI,250,1960,40,52,9.863565941856834e-15,1.887379141862766e-15,0.004414299997733906
4954,WMI,250,1960,40,52,9.769596163919185e-15,1.5543122344752192e-15,0.0010800999880302697
4955,ISM,250,1960,40,52,1.0507155855267034,0.0392476721992876,0.008837300003506243
4956,DI,250,1960,40,53,9.863565941856834e-15,1.887379141862766e-15,0.004121500009205192
4957,WMI,250,1960,40,53,9.769596163919185e-15,1.5543122344752192e-15,0.0008299000037368387
4958,ISM,250,1960,40,53,1.0507155855267034,0.0392476721992876,0.008440400008112192
4959,DI,250,1960,40,54,9.863565941856834e-15,1.887379141862766e-15,0.003965100011555478
4960,WMI,250,1960,40,54,9.769596163919185e-15,1.5543122344752192e-15,0.0009450000070501119
4961,ISM,250,1960,40,54,1.0507155855267034,0.0392476721992876,0.010104800021508709
4962,DI,250,1960,40,55,9.863565941856834e-15,1.887379141862766e-15,0.0038764000055380166
4963,WMI,250,1960,40,55,9.769596163919185e-15,1.5543122344752192e-15,0.000972700014244765
4964,ISM,250,1960,40,55,1.0507155855267034,0.0392476721992876,0.00799029998597689
4965,DI,250,1960,40,56,9.863565941856834e-15,1.887379141862766e-15,0.0037680999957956374
4966,WMI,250,1960,40,56,9.769596163919185e-15,1.5543122344752192e-15,0.0009033000096678734
4967,ISM,250,1960,40,56,1.0507155855267034,0.0392476721992876,0.009494800004176795
4968,DI,250,1960,40,57,9.863565941856834e-15,1.887379141862766e-15,0.004049899987876415
4969,WMI,250,1960,40,57,9.769596163919185e-15,1.5543122344752192e-15,0.0008621000160928816
4970,ISM,250,1960,40,57,1.0507155855267034,0.0392476721992876,0.0077043999917805195
4971,DI,250,1960,40,58,9.863565941856834e-15,1.887379141862766e-15,0.003826400003163144
4972,WMI,250,1960,40,58,9.769596163919185e-15,1.5543122344752192e-15,0.0011116999958176166
4973,ISM,250,1960,40,58,1.0507155855267034,0.0392476721992876,0.007909999985713512
4974,DI,250,1960,40,59,9.863565941856834e-15,1.887379141862766e-15,0.004043499997351319
4975,WMI,250,1960,40,59,9.769596163919185e-15,1.5543122344752192e-15,0.0010602000111248344
4976,ISM,250,1960,40,59,1.0507155855267034,0.0392476721992876,0.008148499997332692
4977,DI,250,1960,40,60,9.863565941856834e-15,1.887379141862766e-15,0.003996899991761893
4978,WMI,250,1960,40,60,9.769596163919185e-15,1.5543122344752192e-15,0.0010813999979291111
4979,ISM,250,1960,40,60,1.0507155855267034,0.0392476721992876,0.00784509998629801
4980,DI,250,1960,40,61,9.863565941856834e-15,1.887379141862766e-15,0.003976900014095008
4981,WMI,250,1960,40,61,9.769596163919185e-15,1.5543122344752192e-15,0.000911599985556677
4982,ISM,250,1960,40,61,1.0507155855267034,0.0392476721992876,0.007896099996287376
4983,DI,250,1960,40,62,9.863565941856834e-15,1.887379141862766e-15,0.004340799991041422
4984,WMI,250,1960,40,62,9.769596163919185e-15,1.5543122344752192e-15,0.0008331999997608364
4985,ISM,250,1960,40,62,1.0507155855267034,0.0392476721992876,0.00784820000990294
4986,DI,250,1960,40,63,9.863565941856834e-15,1.887379141862766e-15,0.003983299975516275
4987,WMI,250,1960,40,63,9.769596163919185e-15,1.5543122344752192e-15,0.0009407000034116209
4988,ISM,250,1960,40,63,1.0507155855267034,0.0392476721992876,0.007920300005935133
4989,DI,250,1960,40,64,9.863565941856834e-15,1.887379141862766e-15,0.005646000005071983
4990,WMI,250,1960,40,64,9.769596163919185e-15,1.5543122344752192e-15,0.0010531999869272113
4991,ISM,250,1960,40,64,1.0507155855267034,0.0392476721992876,0.008848799974657595
4992,DI,250,1960,40,65,9.863565941856834e-15,1.887379141862766e-15,0.00492200002190657
4993,WMI,250,1960,40,65,9.769596163919185e-15,1.5543122344752192e-15,0.0009745000279508531
4994,ISM,250,1960,40,65,1.0507155855267034,0.0392476721992876,0.013240599975688383
4995,DI,250,1960,40,66,9.863565941856834e-15,1.887379141862766e-15,0.005699799978174269
4996,WMI,250,1960,40,66,9.769596163919185e-15,1.5543122344752192e-15,0.001104399998439476
4997,ISM,250,1960,40,66,1.0507155855267034,0.0392476721992876,0.006220000010216609
4998,DI,250,1960,40,67,9.863565941856834e-15,1.887379141862766e-15,0.004030999989481643
4999,WMI,250,1960,40,67,9.769596163919185e-15,1.5543122344752192e-15,0.0011263000196777284
5000,ISM,250,1960,40,67,1.0507155855267034,0.0392476721992876,0.004688799992436543
5001,DI,250,1960,40,68,9.863565941856834e-15,1.887379141862766e-15,0.003769500006455928
5002,WMI,250,1960,40,68,9.769596163919185e-15,1.5543122344752192e-15,0.0008537000103387982
5003,ISM,250,1960,40,68,1.0507155855267034,0.0392476721992876,0.003918899979908019
5004,DI,250,1960,40,69,9.863565941856834e-15,1.887379141862766e-15,0.0036666000087279826
5005,WMI,250,1960,40,69,9.769596163919185e-15,1.5543122344752192e-15,0.0006488999933935702
5006,ISM,250,1960,40,69,1.0507155855267034,0.0392476721992876,0.0041729999938979745
5007,DI,250,1960,40,70,9.863565941856834e-15,1.887379141862766e-15,0.0037025999918114394
5008,WMI,250,1960,40,70,9.769596163919185e-15,1.5543122344752192e-15,0.0007773000106681138
5009,ISM,250,1960,40,70,1.0507155855267034,0.0392476721992876,0.006146199972135946
5010,DI,250,1960,40,71,9.863565941856834e-15,1.887379141862766e-15,0.0037210999871604145
5011,WMI,250,1960,40,71,9.769596163919185e-15,1.5543122344752192e-15,0.0006873999955132604
5012,ISM,250,1960,40,71,1.0507155855267034,0.0392476721992876,0.00446850000298582
5013,DI,250,1960,40,72,9.863565941856834e-15,1.887379141862766e-15,0.003763999993680045
5014,WMI,250,1960,40,72,9.769596163919185e-15,1.5543122344752192e-15,0.0007972999883349985
5015,ISM,250,1960,40,72,1.0507155855267034,0.0392476721992876,0.007120400026906282
5016,DI,250,1960,40,73,9.863565941856834e-15,1.887379141862766e-15,0.0032219999993685633
5017,WMI,250,1960,40,73,9.769596163919185e-15,1.5543122344752192e-15,0.0007504000095650554
5018,ISM,250,1960,40,73,1.0507155855267034,0.0392476721992876,0.00954879997880198
5019,DI,250,1960,40,74,9.863565941856834e-15,1.887379141862766e-15,0.004536399996140972
5020,WMI,250,1960,40,74,9.769596163919185e-15,1.5543122344752192e-15,0.0012380000262055546
5021,ISM,250,1960,40,74,1.0507155855267034,0.0392476721992876,0.00812530002440326
5022,DI,250,1960,40,75,9.863565941856834e-15,1.887379141862766e-15,0.004433599999174476
5023,WMI,250,1960,40,75,9.769596163919185e-15,1.5543122344752192e-15,0.0008249000238720328
5024,ISM,250,1960,40,75,1.0507155855267034,0.0392476721992876,0.007851600006688386
5025,DI,250,1960,40,76,9.863565941856834e-15,1.887379141862766e-15,0.0042600999877322465
5026,WMI,250,1960,40,76,9.769596163919185e-15,1.5543122344752192e-15,0.0009042000165209174
5027,ISM,250,1960,40,76,1.0507155855267034,0.0392476721992876,0.009246500005247071
5028,DI,250,1960,40,77,9.863565941856834e-15,1.887379141862766e-15,0.0040256000065710396
5029,WMI,250,1960,40,77,9.769596163919185e-15,1.5543122344752192e-15,0.0008650999807287008
5030,ISM,250,1960,40,77,1.0507155855267034,0.0392476721992876,0.00796810002066195
5031,DI,250,1960,40,78,9.863565941856834e-15,1.887379141862766e-15,0.0039333000022452325
5032,WMI,250,1960,40,78,9.769596163919185e-15,1.5543122344752192e-15,0.0009834000084083527
5033,ISM,250,1960,40,78,1.0507155855267034,0.0392476721992876,0.00904360000276938
5034,DI,250,1960,40,79,9.863565941856834e-15,1.887379141862766e-15,0.004632099997252226
5035,WMI,250,1960,40,79,9.769596163919185e-15,1.5543122344752192e-15,0.001116100000217557
5036,ISM,250,1960,40,79,1.0507155855267034,0.0392476721992876,0.007402199989883229
5037,DI,250,1960,40,80,9.863565941856834e-15,1.887379141862766e-15,0.0036399999808054417
5038,WMI,250,1960,40,80,9.769596163919185e-15,1.5543122344752192e-15,0.0007350000087171793
5039,ISM,250,1960,40,80,1.0507155855267034,0.0392476721992876,0.0036564999900292605
5040,DI,250,1960,40,81,9.863565941856834e-15,1.887379141862766e-15,0.0035408999829087406
5041,WMI,250,1960,40,81,9.769596163919185e-15,1.5543122344752192e-15,0.0008270999824162573
5042,ISM,250,1960,40,81,1.0507155855267034,0.0392476721992876,0.003628600010415539
5043,DI,250,1960,40,82,9.863565941856834e-15,1.887379141862766e-15,0.0037647999997716397
5044,WMI,250,1960,40,82,9.769596163919185e-15,1.5543122344752192e-15,0.0008569000056013465
5045,ISM,250,1960,40,82,1.0507155855267034,0.0392476721992876,0.003634499997133389
5046,DI,250,1960,40,83,9.863565941856834e-15,1.887379141862766e-15,0.00381070000003092
5047,WMI,250,1960,40,83,9.769596163919185e-15,1.5543122344752192e-15,0.0008984000014606863
5048,ISM,250,1960,40,83,1.0507155855267034,0.0392476721992876,0.00862150001921691
5049,DI,250,1960,40,84,9.863565941856834e-15,1.887379141862766e-15,0.004043399996589869
5050,WMI,250,1960,40,84,9.769596163919185e-15,1.5543122344752192e-15,0.0009477999992668629
5051,ISM,250,1960,40,84,1.0507155855267034,0.0392476721992876,0.009209100011503324
5052,DI,250,1960,40,85,9.863565941856834e-15,1.887379141862766e-15,0.004459899995708838
5053,WMI,250,1960,40,85,9.769596163919185e-15,1.5543122344752192e-15,0.0008429000154137611
5054,ISM,250,1960,40,85,1.0507155855267034,0.0392476721992876,0.006454999995185062
5055,DI,250,1960,40,86,9.863565941856834e-15,1.887379141862766e-15,0.004878600011579692
5056,WMI,250,1960,40,86,9.769596163919185e-15,1.5543122344752192e-15,0.0008895999926608056
5057,ISM,250,1960,40,86,1.0507155855267034,0.0392476721992876,0.007297200005268678
5058,DI,250,1960,40,87,9.863565941856834e-15,1.887379141862766e-15,0.004394599993247539
5059,WMI,250,1960,40,87,9.769596163919185e-15,1.5543122344752192e-15,0.0009843000152613968
5060,ISM,250,1960,40,87,1.0507155855267034,0.0392476721992876,0.007084199984092265
5061,DI,250,1960,40,88,9.863565941856834e-15,1.887379141862766e-15,0.004063599975779653
5062,WMI,250,1960,40,88,9.769596163919185e-15,1.5543122344752192e-15,0.000906300003407523
5063,ISM,250,1960,40,88,1.0507155855267034,0.0392476721992876,0.00655160000314936
5064,DI,250,1960,40,89,9.863565941856834e-15,1.887379141862766e-15,0.0037697000079788268
5065,WMI,250,1960,40,89,9.769596163919185e-15,1.5543122344752192e-15,0.0009680000075604767
5066,ISM,250,1960,40,89,1.0507155855267034,0.0392476721992876,0.004297299979953095
5067,DI,250,1960,40,90,9.863565941856834e-15,1.887379141862766e-15,0.0037899000162724406
5068,WMI,250,1960,40,90,9.769596163919185e-15,1.5543122344752192e-15,0.0007505000103265047
5069,ISM,250,1960,40,90,1.0507155855267034,0.0392476721992876,0.007673399988561869
5070,DI,250,1960,40,91,9.863565941856834e-15,1.887379141862766e-15,0.004193700005998835
5071,WMI,250,1960,40,91,9.769596163919185e-15,1.5543122344752192e-15,0.0008992999792098999
5072,ISM,250,1960,40,91,1.0507155855267034,0.0392476721992876,0.0075176999962423
5073,DI,250,1960,40,92,9.863565941856834e-15,1.887379141862766e-15,0.004353900003479794
5074,WMI,250,1960,40,92,9.769596163919185e-15,1.5543122344752192e-15,0.0008537000103387982
5075,ISM,250,1960,40,92,1.0507155855267034,0.0392476721992876,0.00755770000978373
5076,DI,250,1960,40,93,9.863565941856834e-15,1.887379141862766e-15,0.004416499985381961
5077,WMI,250,1960,40,93,9.769596163919185e-15,1.5543122344752192e-15,0.0008529000042472035
5078,ISM,250,1960,40,93,1.0507155855267034,0.0392476721992876,0.004423100006533787
5079,DI,250,1960,40,94,9.863565941856834e-15,1.887379141862766e-15,0.003645199991296977
5080,WMI,250,1960,40,94,9.769596163919185e-15,1.5543122344752192e-15,0.0008582000155001879
5081,ISM,250,1960,40,94,1.0507155855267034,0.0392476721992876,0.003655000007711351
5082,DI,250,1960,40,95,9.863565941856834e-15,1.887379141862766e-15,0.0036080999998375773
5083,WMI,250,1960,40,95,9.769596163919185e-15,1.5543122344752192e-15,0.0008137999975588173
5084,ISM,250,1960,40,95,1.0507155855267034,0.0392476721992876,0.00591899998835288
5085,DI,250,1960,40,96,9.863565941856834e-15,1.887379141862766e-15,0.0034639000077731907
5086,WMI,250,1960,40,96,9.769596163919185e-15,1.5543122344752192e-15,0.0008164999890141189
5087,ISM,250,1960,40,96,1.0507155855267034,0.0392476721992876,0.0036906999885104597
5088,DI,250,1960,40,97,9.863565941856834e-15,1.887379141862766e-15,0.003412899997783825
5089,WMI,250,1960,40,97,9.769596163919185e-15,1.5543122344752192e-15,0.0007331999950110912
5090,ISM,250,1960,40,97,1.0507155855267034,0.0392476721992876,0.003630100021837279
5091,DI,250,1960,40,98,9.863565941856834e-15,1.887379141862766e-15,0.0032802999776322395
5092,WMI,250,1960,40,98,9.769596163919185e-15,1.5543122344752192e-15,0.0007646000012755394
5093,ISM,250,1960,40,98,1.0507155855267034,0.0392476721992876,0.007624000019859523
5094,DI,250,1960,40,99,9.863565941856834e-15,1.887379141862766e-15,0.0035131999757140875
5095,WMI,250,1960,40,99,9.769596163919185e-15,1.5543122344752192e-15,0.0006902999884914607
5096,ISM,250,1960,40,99,1.0507155855267034,0.0392476721992876,0.005476199992699549
5097,DI,250,1960,40,100,9.863565941856834e-15,1.887379141862766e-15,0.0037856000126339495
5098,WMI,250,1960,40,100,9.769596163919185e-15,1.5543122344752192e-15,0.0007298999989870936
5099,ISM,250,1960,40,100,1.0507155855267034,0.0392476721992876,0.004048800008604303
5100,DI,250,1960,40,101,9.863565941856834e-15,1.887379141862766e-15,0.0037492999981623143
5101,WMI,250,1960,40,101,9.769596163919185e-15,1.5543122344752192e-15,0.0007525999972131103
5102,ISM,250,1960,40,101,1.0507155855267034,0.0392476721992876,0.0036373000184539706
5103,DI,250,1960,40,102,9.863565941856834e-15,1.887379141862766e-15,0.0036663000064436346
5104,WMI,250,1960,40,102,9.769596163919185e-15,1.5543122344752192e-15,0.0008222000033129007
5105,ISM,250,1960,40,102,1.0507155855267034,0.0392476721992876,0.003686499985633418
5106,DI,250,1960,40,103,9.863565941856834e-15,1.887379141862766e-15,0.0032965999853331596
5107,WMI,250,1960,40,103,9.769596163919185e-15,1.5543122344752192e-15,0.0007688000041525811
5108,ISM,250,1960,40,103,1.0507155855267034,0.0392476721992876,0.007599000004120171
5109,DI,250,1960,40,104,9.863565941856834e-15,1.887379141862766e-15,0.003419699991354719
5110,WMI,250,1960,40,104,9.769596163919185e-15,1.5543122344752192e-15,0.0007388000085484236
5111,ISM,250,1960,40,104,1.0507155855267034,0.0392476721992876,0.00884359999326989
5112,DI,250,1960,40,105,9.863565941856834e-15,1.887379141862766e-15,0.003409900004044175
5113,WMI,250,1960,40,105,9.769596163919185e-15,1.5543122344752192e-15,0.0007206000154837966
5114,ISM,250,1960,40,105,1.0507155855267034,0.0392476721992876,0.008437499986030161
5115,DI,250,1960,40,106,9.863565941856834e-15,1.887379141862766e-15,0.00327729998389259
5116,WMI,250,1960,40,106,9.769596163919185e-15,1.5543122344752192e-15,0.0006988999957684427
5117,ISM,250,1960,40,106,1.0507155855267034,0.0392476721992876,0.0044636999955400825
5118,DI,250,1960,40,107,9.863565941856834e-15,1.887379141862766e-15,0.003995100007159635
5119,WMI,250,1960,40,107,9.769596163919185e-15,1.5543122344752192e-15,0.000986900005955249
5120,ISM,250,1960,40,107,1.0507155855267034,0.0392476721992876,0.003726800001459196
5121,DI,250,1960,40,108,9.863565941856834e-15,1.887379141862766e-15,0.0037523999926634133
5122,WMI,250,1960,40,108,9.769596163919185e-15,1.5543122344752192e-15,0.0009226000111084431
5123,ISM,250,1960,40,108,1.0507155855267034,0.0392476721992876,0.007517399993957952
5124,DI,250,1960,40,109,9.863565941856834e-15,1.887379141862766e-15,0.0036159000010229647
5125,WMI,250,1960,40,109,9.769596163919185e-15,1.5543122344752192e-15,0.0007132999890018255
5126,ISM,250,1960,40,109,1.0507155855267034,0.0392476721992876,0.003929099999368191
5127,DI,250,1960,40,110,9.863565941856834e-15,1.887379141862766e-15,0.003399499983061105
5128,WMI,250,1960,40,110,9.769596163919185e-15,1.5543122344752192e-15,0.0007749999931547791
5129,ISM,250,1960,40,110,1.0507155855267034,0.0392476721992876,0.003753199998755008
5130,DI,250,1960,40,111,9.863565941856834e-15,1.887379141862766e-15,0.0034388000203762203
5131,WMI,250,1960,40,111,9.769596163919185e-15,1.5543122344752192e-15,0.000750000006519258
5132,ISM,250,1960,40,111,1.0507155855267034,0.0392476721992876,0.007628499995917082
5133,DI,250,1960,40,112,9.863565941856834e-15,1.887379141862766e-15,0.0036640000180341303
5134,WMI,250,1960,40,112,9.769596163919185e-15,1.5543122344752192e-15,0.0008433999901171774
5135,ISM,250,1960,40,112,1.0507155855267034,0.0392476721992876,0.0038478999922517687
5136,DI,250,1960,40,113,9.863565941856834e-15,1.887379141862766e-15,0.0034795999818015844
5137,WMI,250,1960,40,113,9.769596163919185e-15,1.5543122344752192e-15,0.0006391000060830265
5138,ISM,250,1960,40,113,1.0507155855267034,0.0392476721992876,0.007512699987273663
5139,DI,250,1960,40,114,9.863565941856834e-15,1.887379141862766e-15,0.0032601999992039055
5140,WMI,250,1960,40,114,9.769596163919185e-15,1.5543122344752192e-15,0.000667200016323477
5141,ISM,250,1960,40,114,1.0507155855267034,0.0392476721992876,0.007635299989487976
5142,DI,250,1960,40,115,9.863565941856834e-15,1.887379141862766e-15,0.0036635999858845025
5143,WMI,250,1960,40,115,9.769596163919185e-15,1.5543122344752192e-15,0.0007778000144753605
5144,ISM,250,1960,40,115,1.0507155855267034,0.0392476721992876,0.007819500024197623
5145,DI,250,1960,40,116,9.863565941856834e-15,1.887379141862766e-15,0.0039653999847359955
5146,WMI,250,1960,40,116,9.769596163919185e-15,1.5543122344752192e-15,0.0009111000108532608
5147,ISM,250,1960,40,116,1.0507155855267034,0.0392476721992876,0.007983099989360198
5148,DI,250,1960,40,117,9.863565941856834e-15,1.887379141862766e-15,0.004518500005360693
5149,WMI,250,1960,40,117,9.769596163919185e-15,1.5543122344752192e-15,0.0009459999855607748
5150,ISM,250,1960,40,117,1.0507155855267034,0.0392476721992876,0.005428399977972731
5151,DI,250,1960,40,118,9.863565941856834e-15,1.887379141862766e-15,0.0035133000055793673
5152,WMI,250,1960,40,118,9.769596163919185e-15,1.5543122344752192e-15,0.0007352999818976969
5153,ISM,250,1960,40,118,1.0507155855267034,0.0392476721992876,0.006041699991328642
5154,DI,250,1960,40,119,9.863565941856834e-15,1.887379141862766e-15,0.0035395000013522804
5155,WMI,250,1960,40,119,9.769596163919185e-15,1.5543122344752192e-15,0.0007237000099848956
5156,ISM,250,1960,40,119,1.0507155855267034,0.0392476721992876,0.0039326999976765364
5157,DI,250,1960,40,120,9.863565941856834e-15,1.887379141862766e-15,0.0034207999997306615
5158,WMI,250,1960,40,120,9.769596163919185e-15,1.5543122344752192e-15,0.0008160000143107027
5159,ISM,250,1960,40,120,1.0507155855267034,0.0392476721992876,0.0037044999771751463
5160,DI,250,1960,40,121,9.863565941856834e-15,1.887379141862766e-15,0.0036143999896012247
5161,WMI,250,1960,40,121,9.769596163919185e-15,1.5543122344752192e-15,0.0009103000047616661
5162,ISM,250,1960,40,121,1.0507155855267034,0.0392476721992876,0.007628299994394183
5163,DI,250,1960,40,122,9.863565941856834e-15,1.887379141862766e-15,0.0034320999984629452
5164,WMI,250,1960,40,122,9.769596163919185e-15,1.5543122344752192e-15,0.0006649999995715916
5165,ISM,250,1960,40,122,1.0507155855267034,0.0392476721992876,0.004025100002763793
5166,DI,250,1960,40,123,9.863565941856834e-15,1.887379141862766e-15,0.003515999997034669
5167,WMI,250,1960,40,123,9.769596163919185e-15,1.5543122344752192e-15,0.00411589999566786
5168,ISM,250,1960,40,123,1.0507155855267034,0.0392476721992876,0.009187899995595217
5169,DI,250,1960,40,124,9.863565941856834e-15,1.887379141862766e-15,0.0031491999980062246
5170,WMI,250,1960,40,124,9.769596163919185e-15,1.5543122344752192e-15,0.0006652000010944903
5171,ISM,250,1960,40,124,1.0507155855267034,0.0392476721992876,0.007685300020966679
5172,DI,250,1960,40,125,9.863565941856834e-15,1.887379141862766e-15,0.003778300015255809
5173,WMI,250,1960,40,125,9.769596163919185e-15,1.5543122344752192e-15,0.0007046000100672245
5174,ISM,250,1960,40,125,1.0507155855267034,0.0392476721992876,0.004190099978586659
5175,DI,250,1960,40,126,9.863565941856834e-15,1.887379141862766e-15,0.0032773000129964203
5176,WMI,250,1960,40,126,9.769596163919185e-15,1.5543122344752192e-15,0.0009498000144958496
5177,ISM,250,1960,40,126,1.0507155855267034,0.0392476721992876,0.0037202999810688198
5178,DI,250,1960,40,127,9.863565941856834e-15,1.887379141862766e-15,0.003353599982801825
5179,WMI,250,1960,40,127,9.769596163919185e-15,1.5543122344752192e-15,0.0007416000007651746
5180,ISM,250,1960,40,127,1.0507155855267034,0.0392476721992876,0.007544499996583909
5181,DI,250,1960,40,128,9.863565941856834e-15,1.887379141862766e-15,0.0033192000119015574
5182,WMI,250,1960,40,128,9.769596163919185e-15,1.5543122344752192e-15,0.0008225000055972487
5183,ISM,250,1960,40,128,1.0507155855267034,0.0392476721992876,0.003608300001360476
5184,DI,250,1960,40,129,9.863565941856834e-15,1.887379141862766e-15,0.003210499999113381
5185,WMI,250,1960,40,129,9.769596163919185e-15,1.5543122344752192e-15,0.0007052000146359205
5186,ISM,250,1960,40,129,1.0507155855267034,0.0392476721992876,0.005361100018490106
5187,DI,250,1960,40,130,9.863565941856834e-15,1.887379141862766e-15,0.00329510000301525
5188,WMI,250,1960,40,130,9.769596163919185e-15,1.5543122344752192e-15,0.0007702000148128718
5189,ISM,250,1960,40,130,1.0507155855267034,0.0392476721992876,0.003759399987757206
5190,DI,250,1960,40,131,9.863565941856834e-15,1.887379141862766e-15,0.003273099981015548
5191,WMI,250,1960,40,131,9.769596163919185e-15,1.5543122344752192e-15,0.0007695999811403453
5192,ISM,250,1960,40,131,1.0507155855267034,0.0392476721992876,0.0037407999916467816
5193,DI,250,1960,40,132,9.863565941856834e-15,1.887379141862766e-15,0.0032454000029247254
5194,WMI,250,1960,40,132,9.769596163919185e-15,1.5543122344752192e-15,0.0007458000036422163
5195,ISM,250,1960,40,132,1.0507155855267034,0.0392476721992876,0.003729599993675947
5196,DI,250,1960,40,133,9.863565941856834e-15,1.887379141862766e-15,0.0032854999881237745
5197,WMI,250,1960,40,133,9.769596163919185e-15,1.5543122344752192e-15,0.0008929999894462526
5198,ISM,250,1960,40,133,1.0507155855267034,0.0392476721992876,0.0037609999999403954
5199,DI,250,1960,40,134,9.863565941856834e-15,1.887379141862766e-15,0.007347800012212247
5200,WMI,250,1960,40,134,9.769596163919185e-15,1.5543122344752192e-15,0.0008629999938420951
5201,ISM,250,1960,40,134,1.0507155855267034,0.0392476721992876,0.0037669999874196947
5202,DI,250,1960,40,135,9.863565941856834e-15,1.887379141862766e-15,0.004160499986028299
5203,WMI,250,1960,40,135,9.769596163919185e-15,1.5543122344752192e-15,0.0006780999829061329
5204,ISM,250,1960,40,135,1.0507155855267034,0.0392476721992876,0.0037188999995123595
5205,DI,250,1960,40,136,9.863565941856834e-15,1.887379141862766e-15,0.004040200001327321
5206,WMI,250,1960,40,136,9.769596163919185e-15,1.5543122344752192e-15,0.001200799975777045
5207,ISM,250,1960,40,136,1.0507155855267034,0.0392476721992876,0.010148800007300451
5208,DI,250,1960,40,137,9.863565941856834e-15,1.887379141862766e-15,0.00364480001735501
5209,WMI,250,1960,40,137,9.769596163919185e-15,1.5543122344752192e-15,0.0008265000069513917
5210,ISM,250,1960,40,137,1.0507155855267034,0.0392476721992876,0.004615100013324991
5211,DI,250,1960,40,138,9.863565941856834e-15,1.887379141862766e-15,0.0035210000060033053
5212,WMI,250,1960,40,138,9.769596163919185e-15,1.5543122344752192e-15,0.0007625999860465527
5213,ISM,250,1960,40,138,1.0507155855267034,0.0392476721992876,0.005280699988361448
5214,DI,250,1960,40,139,9.863565941856834e-15,1.887379141862766e-15,0.003363700001500547
5215,WMI,250,1960,40,139,9.769596163919185e-15,1.5543122344752192e-15,0.0006282000103965402
5216,ISM,250,1960,40,139,1.0507155855267034,0.0392476721992876,0.0038191000057850033
5217,DI,250,1960,40,140,9.863565941856834e-15,1.887379141862766e-15,0.003110599995125085
5218,WMI,250,1960,40,140,9.769596163919185e-15,1.5543122344752192e-15,0.0007051000138744712
5219,ISM,250,1960,40,140,1.0507155855267034,0.0392476721992876,0.0074653000046964735
5220,DI,250,1960,40,141,9.863565941856834e-15,1.887379141862766e-15,0.0037145000242162496
5221,WMI,250,1960,40,141,9.769596163919185e-15,1.5543122344752192e-15,0.0010056000028271228
5222,ISM,250,1960,40,141,1.0507155855267034,0.0392476721992876,0.0076293000020086765
5223,DI,250,1960,40,142,9.863565941856834e-15,1.887379141862766e-15,0.004662999999709427
5224,WMI,250,1960,40,142,9.769596163919185e-15,1.5543122344752192e-15,0.0010543999960646033
5225,ISM,250,1960,40,142,1.0507155855267034,0.0392476721992876,0.00756499997805804
5226,DI,250,1960,40,143,9.863565941856834e-15,1.887379141862766e-15,0.005680000002030283
5227,WMI,250,1960,40,143,9.769596163919185e-15,1.5543122344752192e-15,0.0009664000244811177
5228,ISM,250,1960,40,143,1.0507155855267034,0.0392476721992876,0.00595899997279048
5229,DI,250,1960,40,144,9.863565941856834e-15,1.887379141862766e-15,0.00479010000708513
5230,WMI,250,1960,40,144,9.769596163919185e-15,1.5543122344752192e-15,0.0010698999976739287
5231,ISM,250,1960,40,144,1.0507155855267034,0.0392476721992876,0.004744999983813614
5232,DI,250,1960,40,145,9.863565941856834e-15,1.887379141862766e-15,0.004388100001960993
5233,WMI,250,1960,40,145,9.769596163919185e-15,1.5543122344752192e-15,0.0008725000079721212
5234,ISM,250,1960,40,145,1.0507155855267034,0.0392476721992876,0.007784600020386279
5235,DI,250,1960,40,146,9.863565941856834e-15,1.887379141862766e-15,0.004736000002594665
5236,WMI,250,1960,40,146,9.769596163919185e-15,1.5543122344752192e-15,0.0011062999838031828
5237,ISM,250,1960,40,146,1.0507155855267034,0.0392476721992876,0.0075477999926079065
5238,DI,250,1960,40,147,9.863565941856834e-15,1.887379141862766e-15,0.005475200014188886
5239,WMI,250,1960,40,147,9.769596163919185e-15,1.5543122344752192e-15,0.0011434000043664128
5240,ISM,250,1960,40,147,1.0507155855267034,0.0392476721992876,0.007614400004968047
5241,DI,250,1960,40,148,9.863565941856834e-15,1.887379141862766e-15,0.004659800004446879
5242,WMI,250,1960,40,148,9.769596163919185e-15,1.5543122344752192e-15,0.0008187999774236232
5243,ISM,250,1960,40,148,1.0507155855267034,0.0392476721992876,0.007998799992492422
5244,DI,250,1960,40,149,9.863565941856834e-15,1.887379141862766e-15,0.004439399985130876
5245,WMI,250,1960,40,149,9.769596163919185e-15,1.5543122344752192e-15,0.0008838999783620238
5246,ISM,250,1960,40,149,1.0507155855267034,0.0392476721992876,0.007599400007165968
5247,DI,250,1960,40,150,9.863565941856834e-15,1.887379141862766e-15,0.004681200021877885
5248,WMI,250,1960,40,150,9.769596163919185e-15,1.5543122344752192e-15,0.007872100017266348
5249,ISM,250,1960,40,150,1.0507155855267034,0.0392476721992876,0.008628100011264905
5250,DI,250,1960,40,151,9.863565941856834e-15,1.887379141862766e-15,0.0054481000115629286
5251,WMI,250,1960,40,151,9.769596163919185e-15,1.5543122344752192e-15,0.000966899999184534
5252,ISM,250,1960,40,151,1.0507155855267034,0.0392476721992876,0.006469300016760826
5253,DI,250,1960,40,152,9.863565941856834e-15,1.887379141862766e-15,0.004064499982632697
5254,WMI,250,1960,40,152,9.769596163919185e-15,1.5543122344752192e-15,0.0007923999801278114
5255,ISM,250,1960,40,152,1.0507155855267034,0.0392476721992876,0.007074499997543171
5256,DI,250,1960,40,153,9.863565941856834e-15,1.887379141862766e-15,0.004444199992576614
5257,WMI,250,1960,40,153,9.769596163919185e-15,1.5543122344752192e-15,0.0008409000001847744
5258,ISM,250,1960,40,153,1.0507155855267034,0.0392476721992876,0.00859769998351112
5259,DI,250,1960,40,154,9.863565941856834e-15,1.887379141862766e-15,0.004359500017017126
5260,WMI,250,1960,40,154,9.769596163919185e-15,1.5543122344752192e-15,0.0010248000035062432
5261,ISM,250,1960,40,154,1.0507155855267034,0.0392476721992876,0.00805249999393709
5262,DI,250,1960,40,155,9.863565941856834e-15,1.887379141862766e-15,0.0037708000163547695
5263,WMI,250,1960,40,155,9.769596163919185e-15,1.5543122344752192e-15,0.0008595999970566481
5264,ISM,250,1960,40,155,1.0507155855267034,0.0392476721992876,0.00852949998807162
5265,DI,250,1960,40,156,9.863565941856834e-15,1.887379141862766e-15,0.005081000010250136
5266,WMI,250,1960,40,156,9.769596163919185e-15,1.5543122344752192e-15,0.0013666999875567853
5267,ISM,250,1960,40,156,1.0507155855267034,0.0392476721992876,0.0056647000019438565
5268,DI,250,1960,40,157,9.863565941856834e-15,1.887379141862766e-15,0.003991999983554706
5269,WMI,250,1960,40,157,9.769596163919185e-15,1.5543122344752192e-15,0.000748799997381866
5270,ISM,250,1960,40,157,1.0507155855267034,0.0392476721992876,0.0036235999723430723
5271,DI,250,1960,40,158,9.863565941856834e-15,1.887379141862766e-15,0.003915199980838224
5272,WMI,250,1960,40,158,9.769596163919185e-15,1.5543122344752192e-15,0.0010623999987728894
5273,ISM,250,1960,40,158,1.0507155855267034,0.0392476721992876,0.00856660000863485
5274,DI,250,1960,40,159,9.863565941856834e-15,1.887379141862766e-15,0.00449520000256598
5275,WMI,250,1960,40,159,9.769596163919185e-15,1.5543122344752192e-15,0.0009712999744806439
5276,ISM,250,1960,40,159,1.0507155855267034,0.0392476721992876,0.007920300005935133
5277,DI,250,1960,40,160,9.863565941856834e-15,1.887379141862766e-15,0.0043040000018663704
5278,WMI,250,1960,40,160,9.769596163919185e-15,1.5543122344752192e-15,0.0011591000074986368
5279,ISM,250,1960,40,160,1.0507155855267034,0.0392476721992876,0.00773700000718236
5280,DI,250,1960,40,161,9.863565941856834e-15,1.887379141862766e-15,0.004358099977253005
5281,WMI,250,1960,40,161,9.769596163919185e-15,1.5543122344752192e-15,0.0011411999876145273
5282,ISM,250,1960,40,161,1.0507155855267034,0.0392476721992876,0.004753200017148629
5283,DI,250,1960,40,162,9.863565941856834e-15,1.887379141862766e-15,0.00385220002499409
5284,WMI,250,1960,40,162,9.769596163919185e-15,1.5543122344752192e-15,0.0008534000080544502
5285,ISM,250,1960,40,162,1.0507155855267034,0.0392476721992876,0.003633500018622726
5286,DI,250,1960,40,163,9.863565941856834e-15,1.887379141862766e-15,0.003987800009781495
5287,WMI,250,1960,40,163,9.769596163919185e-15,1.5543122344752192e-15,0.0007428000099025667
5288,ISM,250,1960,40,163,1.0507155855267034,0.0392476721992876,0.007517999998526648
5289,DI,250,1960,40,164,9.863565941856834e-15,1.887379141862766e-15,0.004091000009793788
5290,WMI,250,1960,40,164,9.769596163919185e-15,1.5543122344752192e-15,0.0009344000136479735
5291,ISM,250,1960,40,164,1.0507155855267034,0.0392476721992876,0.008946799993282184
5292,DI,250,1960,40,165,9.863565941856834e-15,1.887379141862766e-15,0.0046390999923460186
5293,WMI,250,1960,40,165,9.769596163919185e-15,1.5543122344752192e-15,0.0009405000018887222
5294,ISM,250,1960,40,165,1.0507155855267034,0.0392476721992876,0.004426200001034886
5295,DI,250,1960,40,166,9.863565941856834e-15,1.887379141862766e-15,0.0036925000022165477
5296,WMI,250,1960,40,166,9.769596163919185e-15,1.5543122344752192e-15,0.0008903000270947814
5297,ISM,250,1960,40,166,1.0507155855267034,0.0392476721992876,0.003881700016791001
5298,DI,250,1960,40,167,9.863565941856834e-15,1.887379141862766e-15,0.004703499987954274
5299,WMI,250,1960,40,167,9.769596163919185e-15,1.5543122344752192e-15,0.0008175999973900616
5300,ISM,250,1960,40,167,1.0507155855267034,0.0392476721992876,0.0053872999851591885
5301,DI,250,1960,40,168,9.863565941856834e-15,1.887379141862766e-15,0.00377370000933297
5302,WMI,250,1960,40,168,9.769596163919185e-15,1.5543122344752192e-15,0.0007565999985672534
5303,ISM,250,1960,40,168,1.0507155855267034,0.0392476721992876,0.004947499983245507
5304,DI,250,1960,40,169,9.863565941856834e-15,1.887379141862766e-15,0.006964800006244332
5305,WMI,250,1960,40,169,9.769596163919185e-15,1.5543122344752192e-15,0.0007076000038068742
5306,ISM,250,1960,40,169,1.0507155855267034,0.0392476721992876,0.003967399999964982
5307,DI,250,1960,40,170,9.863565941856834e-15,1.887379141862766e-15,0.0030972999811638147
5308,WMI,250,1960,40,170,9.769596163919185e-15,1.5543122344752192e-15,0.0008728999819140881
5309,ISM,250,1960,40,170,1.0507155855267034,0.0392476721992876,0.003662400005850941
5310,DI,250,1960,40,171,9.863565941856834e-15,1.887379141862766e-15,0.0027846000157296658
5311,WMI,250,1960,40,171,9.769596163919185e-15,1.5543122344752192e-15,0.0006539000023622066
5312,ISM,250,1960,40,171,1.0507155855267034,0.0392476721992876,0.0038545999850612134
5313,DI,250,1960,40,172,9.863565941856834e-15,1.887379141862766e-15,0.0032436999899800867
5314,WMI,250,1960,40,172,9.769596163919185e-15,1.5543122344752192e-15,0.0005946999881416559
5315,ISM,250,1960,40,172,1.0507155855267034,0.0392476721992876,0.003615699999500066
5316,DI,250,1960,40,173,9.863565941856834e-15,1.887379141862766e-15,0.003337300004204735
5317,WMI,250,1960,40,173,9.769596163919185e-15,1.5543122344752192e-15,0.0007868999964557588
5318,ISM,250,1960,40,173,1.0507155855267034,0.0392476721992876,0.005850999994436279
5319,DI,250,1960,40,174,9.863565941856834e-15,1.887379141862766e-15,0.0035891000006813556
5320,WMI,250,1960,40,174,9.769596163919185e-15,1.5543122344752192e-15,0.0007576999778393656
5321,ISM,250,1960,40,174,1.0507155855267034,0.0392476721992876,0.004193300002953038
5322,DI,250,1960,40,175,9.863565941856834e-15,1.887379141862766e-15,0.00402399999438785
5323,WMI,250,1960,40,175,9.769596163919185e-15,1.5543122344752192e-15,0.0007782999891787767
5324,ISM,250,1960,40,175,1.0507155855267034,0.0392476721992876,0.004055700002936646
5325,DI,250,1960,40,176,9.863565941856834e-15,1.887379141862766e-15,0.003722399997059256
5326,WMI,250,1960,40,176,9.769596163919185e-15,1.5543122344752192e-15,0.000904799991985783
5327,ISM,250,1960,40,176,1.0507155855267034,0.0392476721992876,0.0036345999978948385
5328,DI,250,1960,40,177,9.863565941856834e-15,1.887379141862766e-15,0.0036176000139676034
5329,WMI,250,1960,40,177,9.769596163919185e-15,1.5543122344752192e-15,0.000824499991722405
5330,ISM,250,1960,40,177,1.0507155855267034,0.0392476721992876,0.0065002999908756465
5331,DI,250,1960,40,178,9.863565941856834e-15,1.887379141862766e-15,0.003622799995355308
5332,WMI,250,1960,40,178,9.769596163919185e-15,1.5543122344752192e-15,0.0007570999732706696
5333,ISM,250,1960,40,178,1.0507155855267034,0.0392476721992876,0.00370249999104999
5334,DI,250,1960,40,179,9.863565941856834e-15,1.887379141862766e-15,0.003881899989210069
5335,WMI,250,1960,40,179,9.769596163919185e-15,1.5543122344752192e-15,0.0006870000215712935
5336,ISM,250,1960,40,179,1.0507155855267034,0.0392476721992876,0.007500699983211234
5337,DI,250,1960,40,180,9.863565941856834e-15,1.887379141862766e-15,0.0038890999858267605
5338,WMI,250,1960,40,180,9.769596163919185e-15,1.5543122344752192e-15,0.0007867999956943095
5339,ISM,250,1960,40,180,1.0507155855267034,0.0392476721992876,0.003624900011345744
5340,DI,250,1960,40,181,9.863565941856834e-15,1.887379141862766e-15,0.003700300003401935
5341,WMI,250,1960,40,181,9.769596163919185e-15,1.5543122344752192e-15,0.0008601000008638948
5342,ISM,250,1960,40,181,1.0507155855267034,0.0392476721992876,0.0036300999927334487
5343,DI,250,1960,40,182,9.863565941856834e-15,1.887379141862766e-15,0.0033881999843288213
5344,WMI,250,1960,40,182,9.769596163919185e-15,1.5543122344752192e-15,0.0006907999922987074
5345,ISM,250,1960,40,182,1.0507155855267034,0.0392476721992876,0.004275199986295775
5346,DI,250,1960,40,183,9.863565941856834e-15,1.887379141862766e-15,0.003425200004130602
5347,WMI,250,1960,40,183,9.769596163919185e-15,1.5543122344752192e-15,0.0007591999892611057
5348,ISM,250,1960,40,183,1.0507155855267034,0.0392476721992876,0.003635700006270781
5349,DI,250,1960,40,184,9.863565941856834e-15,1.887379141862766e-15,0.0036964000028092414
5350,WMI,250,1960,40,184,9.769596163919185e-15,1.5543122344752192e-15,0.0007611000037286431
5351,ISM,250,1960,40,184,1.0507155855267034,0.0392476721992876,0.0036192999978084117
5352,DI,250,1960,40,185,9.863565941856834e-15,1.887379141862766e-15,0.0036506000033114105
5353,WMI,250,1960,40,185,9.769596163919185e-15,1.5543122344752192e-15,0.0007445000228472054
5354,ISM,250,1960,40,185,1.0507155855267034,0.0392476721992876,0.007599000004120171
5355,DI,250,1960,40,186,9.863565941856834e-15,1.887379141862766e-15,0.0032697000133339316
5356,WMI,250,1960,40,186,9.769596163919185e-15,1.5543122344752192e-15,0.0007807999791111797
5357,ISM,250,1960,40,186,1.0507155855267034,0.0392476721992876,0.007281700003659353
5358,DI,250,1960,40,187,9.863565941856834e-15,1.887379141862766e-15,0.003771699994103983
5359,WMI,250,1960,40,187,9.769596163919185e-15,1.5543122344752192e-15,0.0009162000205833465
5360,ISM,250,1960,40,187,1.0507155855267034,0.0392476721992876,0.004502499999944121
5361,DI,250,1960,40,188,9.863565941856834e-15,1.887379141862766e-15,0.0036954999959561974
5362,WMI,250,1960,40,188,9.769596163919185e-15,1.5543122344752192e-15,0.0007767000060994178
5363,ISM,250,1960,40,188,1.0507155855267034,0.0392476721992876,0.003619099996285513
5364,DI,250,1960,40,189,9.863565941856834e-15,1.887379141862766e-15,0.00356620000093244
5365,WMI,250,1960,40,189,9.769596163919185e-15,1.5543122344752192e-15,0.0009065999765880406
5366,ISM,250,1960,40,189,1.0507155855267034,0.0392476721992876,0.003657499997643754
5367,DI,250,1960,40,190,9.863565941856834e-15,1.887379141862766e-15,0.003240999998524785
5368,WMI,250,1960,40,190,9.769596163919185e-15,1.5543122344752192e-15,0.0010209000029135495
5369,ISM,250,1960,40,190,1.0507155855267034,0.0392476721992876,0.00896669999929145
5370,DI,250,1960,40,191,9.863565941856834e-15,1.887379141862766e-15,0.003612600004998967
5371,WMI,250,1960,40,191,9.769596163919185e-15,1.5543122344752192e-15,0.0006770000036340207
5372,ISM,250,1960,40,191,1.0507155855267034,0.0392476721992876,0.00496189997647889
5373,DI,250,1960,40,192,9.863565941856834e-15,1.887379141862766e-15,0.003614499990362674
5374,WMI,250,1960,40,192,9.769596163919185e-15,1.5543122344752192e-15,0.0007327999919652939
5375,ISM,250,1960,40,192,1.0507155855267034,0.0392476721992876,0.0036407000152394176
5376,DI,250,1960,40,193,9.863565941856834e-15,1.887379141862766e-15,0.0033700999920256436
5377,WMI,250,1960,40,193,9.769596163919185e-15,1.5543122344752192e-15,0.0006932000105734915
5378,ISM,250,1960,40,193,1.0507155855267034,0.0392476721992876,0.007805300003383309
5379,DI,250,1960,40,194,9.863565941856834e-15,1.887379141862766e-15,0.00492790000862442
5380,WMI,250,1960,40,194,9.769596163919185e-15,1.5543122344752192e-15,0.0008108000038191676
5381,ISM,250,1960,40,194,1.0507155855267034,0.0392476721992876,0.0090881000214722
5382,DI,250,1960,40,195,9.863565941856834e-15,1.887379141862766e-15,0.0036435000074561685
5383,WMI,250,1960,40,195,9.769596163919185e-15,1.5543122344752192e-15,0.0007643999997526407
5384,ISM,250,1960,40,195,1.0507155855267034,0.0392476721992876,0.004076700017321855
5385,DI,250,1960,40,196,9.863565941856834e-15,1.887379141862766e-15,0.0036666000087279826
5386,WMI,250,1960,40,196,9.769596163919185e-15,1.5543122344752192e-15,0.0009277999924961478
5387,ISM,250,1960,40,196,1.0507155855267034,0.0392476721992876,0.007373300002655014
5388,DI,250,1960,40,197,9.863565941856834e-15,1.887379141862766e-15,0.003055700013646856
5389,WMI,250,1960,40,197,9.769596163919185e-15,1.5543122344752192e-15,0.0006929000082891434
5390,ISM,250,1960,40,197,1.0507155855267034,0.0392476721992876,0.003625299985287711
5391,DI,250,1960,40,198,9.863565941856834e-15,1.887379141862766e-15,0.0032694999827072024
5392,WMI,250,1960,40,198,9.769596163919185e-15,1.5543122344752192e-15,0.0008574000094085932
5393,ISM,250,1960,40,198,1.0507155855267034,0.0392476721992876,0.007496000005630776
5394,DI,250,1960,40,199,9.863565941856834e-15,1.887379141862766e-15,0.003813499992247671
5395,WMI,250,1960,40,199,9.769596163919185e-15,1.5543122344752192e-15,0.0008707999950274825
5396,ISM,250,1960,40,199,1.0507155855267034,0.0392476721992876,0.004422700003487989
5397,DI,250,1960,40,200,9.863565941856834e-15,1.887379141862766e-15,0.0034614999894984066
5398,WMI,250,1960,40,200,9.769596163919185e-15,1.5543122344752192e-15,0.0009194000158458948
5399,ISM,250,1960,40,200,1.0507155855267034,0.0392476721992876,0.008861300011631101
5400,DI,250,1950,50,1,9.80127920333021e-15,1.887379141862766e-15,0.03720449999673292
5401,WMI,250,1950,50,1,1.0437689886258573e-14,1.9984014443252818e-15,0.0014109999756328762
5402,ISM,250,1950,50,1,1.21147151451793,0.051975942380493745,0.006589800002984703
5403,DI,250,1950,50,2,9.80127920333021e-15,1.887379141862766e-15,0.01877949998015538
5404,WMI,250,1950,50,2,1.0437689886258573e-14,1.9984014443252818e-15,0.0010208000021521002
5405,ISM,250,1950,50,2,1.21147151451793,0.051975942380493745,0.004501700022956356
5406,DI,250,1950,50,3,9.80127920333021e-15,1.887379141862766e-15,0.004293799982406199
5407,WMI,250,1950,50,3,1.0437689886258573e-14,1.9984014443252818e-15,0.001084300020011142
5408,ISM,250,1950,50,3,1.21147151451793,0.051975942380493745,0.004861900000832975
5409,DI,250,1950,50,4,9.80127920333021e-15,1.887379141862766e-15,0.003922899981262162
5410,WMI,250,1950,50,4,1.0437689886258573e-14,1.9984014443252818e-15,0.0009069000079762191
5411,ISM,250,1950,50,4,1.21147151451793,0.051975942380493745,0.004569399985484779
5412,DI,250,1950,50,5,9.80127920333021e-15,1.887379141862766e-15,0.0038117000076454133
5413,WMI,250,1950,50,5,1.0437689886258573e-14,1.9984014443252818e-15,0.0011294999858364463
5414,ISM,250,1950,50,5,1.21147151451793,0.051975942380493745,0.010674699995433912
5415,DI,250,1950,50,6,9.80127920333021e-15,1.887379141862766e-15,0.0034943000064231455
5416,WMI,250,1950,50,6,1.0437689886258573e-14,1.9984014443252818e-15,0.0009346000151708722
5417,ISM,250,1950,50,6,1.21147151451793,0.051975942380493745,0.009355599991977215
5418,DI,250,1950,50,7,9.80127920333021e-15,1.887379141862766e-15,0.004432300018379465
5419,WMI,250,1950,50,7,1.0437689886258573e-14,1.9984014443252818e-15,0.0015369000029750168
5420,ISM,250,1950,50,7,1.21147151451793,0.051975942380493745,0.004827500000828877
5421,DI,250,1950,50,8,9.80127920333021e-15,1.887379141862766e-15,0.0038087999855633825
5422,WMI,250,1950,50,8,1.0437689886258573e-14,1.9984014443252818e-15,0.0010371999815106392
5423,ISM,250,1950,50,8,1.21147151451793,0.051975942380493745,0.005214700009673834
5424,DI,250,1950,50,9,9.80127920333021e-15,1.887379141862766e-15,0.0038391000125557184
5425,WMI,250,1950,50,9,1.0437689886258573e-14,1.9984014443252818e-15,0.0009275999909732491
5426,ISM,250,1950,50,9,1.21147151451793,0.051975942380493745,0.004594700003508478
5427,DI,250,1950,50,10,9.80127920333021e-15,1.887379141862766e-15,0.004050399991683662
5428,WMI,250,1950,50,10,1.0437689886258573e-14,1.9984014443252818e-15,0.0010857000015676022
5429,ISM,250,1950,50,10,1.21147151451793,0.051975942380493745,0.0045652999833691865
5430,DI,250,1950,50,11,9.80127920333021e-15,1.887379141862766e-15,0.0038592999917455018
5431,WMI,250,1950,50,11,1.0437689886258573e-14,1.9984014443252818e-15,0.0011073999921791255
5432,ISM,250,1950,50,11,1.21147151451793,0.051975942380493745,0.0045115000102669
5433,DI,250,1950,50,12,9.80127920333021e-15,1.887379141862766e-15,0.004190600011497736
5434,WMI,250,1950,50,12,1.0437689886258573e-14,1.9984014443252818e-15,0.0017809000273700804
5435,ISM,250,1950,50,12,1.21147151451793,0.051975942380493745,0.0045375000045169145
5436,DI,250,1950,50,13,9.80127920333021e-15,1.887379141862766e-15,0.004807199991773814
5437,WMI,250,1950,50,13,1.0437689886258573e-14,1.9984014443252818e-15,0.0016852999979164451
5438,ISM,250,1950,50,13,1.21147151451793,0.051975942380493745,0.009664999990491197
5439,DI,250,1950,50,14,9.80127920333021e-15,1.887379141862766e-15,0.004227499972330406
5440,WMI,250,1950,50,14,1.0437689886258573e-14,1.9984014443252818e-15,0.0015060000005178154
5441,ISM,250,1950,50,14,1.21147151451793,0.051975942380493745,0.0075582999852485955
5442,DI,250,1950,50,15,9.80127920333021e-15,1.887379141862766e-15,0.0033272999862674624
5443,WMI,250,1950,50,15,1.0437689886258573e-14,1.9984014443252818e-15,0.001098800014005974
5444,ISM,250,1950,50,15,1.21147151451793,0.051975942380493745,0.009410400001797825
5445,DI,250,1950,50,16,9.80127920333021e-15,1.887379141862766e-15,0.004061599989654496
5446,WMI,250,1950,50,16,1.0437689886258573e-14,1.9984014443252818e-15,0.0012372999917715788
5447,ISM,250,1950,50,16,1.21147151451793,0.051975942380493745,0.004654299991670996
5448,DI,250,1950,50,17,9.80127920333021e-15,1.887379141862766e-15,0.0031515000155195594
5449,WMI,250,1950,50,17,1.0437689886258573e-14,1.9984014443252818e-15,0.0010591000027488917
5450,ISM,250,1950,50,17,1.21147151451793,0.051975942380493745,0.0055884000030346215
5451,DI,250,1950,50,18,9.80127920333021e-15,1.887379141862766e-15,0.003285200014943257
5452,WMI,250,1950,50,18,1.0437689886258573e-14,1.9984014443252818e-15,0.0011799999920185655
5453,ISM,250,1950,50,18,1.21147151451793,0.051975942380493745,0.005934100016020238
5454,DI,250,1950,50,19,9.80127920333021e-15,1.887379141862766e-15,0.0036803999973926693
5455,WMI,250,1950,50,19,1.0437689886258573e-14,1.9984014443252818e-15,0.001550400018459186
5456,ISM,250,1950,50,19,1.21147151451793,0.051975942380493745,0.009462799993343651
5457,DI,250,1950,50,20,9.80127920333021e-15,1.887379141862766e-15,0.0039484000008087605
5458,WMI,250,1950,50,20,1.0437689886258573e-14,1.9984014443252818e-15,0.0013251999916974455
5459,ISM,250,1950,50,20,1.21147151451793,0.051975942380493745,0.005471300013596192
5460,DI,250,1950,50,21,9.80127920333021e-15,1.887379141862766e-15,0.004166099999565631
5461,WMI,250,1950,50,21,1.0437689886258573e-14,1.9984014443252818e-15,0.0011320000048726797
5462,ISM,250,1950,50,21,1.21147151451793,0.051975942380493745,0.008709300018381327
5463,DI,250,1950,50,22,9.80127920333021e-15,1.887379141862766e-15,0.003234800009522587
5464,WMI,250,1950,50,22,1.0437689886258573e-14,1.9984014443252818e-15,0.0010652999917510897
5465,ISM,250,1950,50,22,1.21147151451793,0.051975942380493745,0.008454599999822676
5466,DI,250,1950,50,23,9.80127920333021e-15,1.887379141862766e-15,0.0035883999953512102
5467,WMI,250,1950,50,23,1.0437689886258573e-14,1.9984014443252818e-15,0.0010964999964926392
5468,ISM,250,1950,50,23,1.21147151451793,0.051975942380493745,0.006038099993020296
5469,DI,250,1950,50,24,9.80127920333021e-15,1.887379141862766e-15,0.0035602999851107597
5470,WMI,250,1950,50,24,1.0437689886258573e-14,1.9984014443252818e-15,0.0009085999918170273
5471,ISM,250,1950,50,24,1.21147151451793,0.051975942380493745,0.004573399986838922
5472,DI,250,1950,50,25,9.80127920333021e-15,1.887379141862766e-15,0.003568899992387742
5473,WMI,250,1950,50,25,1.0437689886258573e-14,1.9984014443252818e-15,0.0008999000128824264
5474,ISM,250,1950,50,25,1.21147151451793,0.051975942380493745,0.00484929999220185
5475,DI,250,1950,50,26,9.80127920333021e-15,1.887379141862766e-15,0.0032863999949768186
5476,WMI,250,1950,50,26,1.0437689886258573e-14,1.9984014443252818e-15,0.0011789000127464533
5477,ISM,250,1950,50,26,1.21147151451793,0.051975942380493745,0.005707800009986386
5478,DI,250,1950,50,27,9.80127920333021e-15,1.887379141862766e-15,0.0032478999928571284
5479,WMI,250,1950,50,27,1.0437689886258573e-14,1.9984014443252818e-15,0.00089640001533553
5480,ISM,250,1950,50,27,1.21147151451793,0.051975942380493745,0.005862399993930012
5481,DI,250,1950,50,28,9.80127920333021e-15,1.887379141862766e-15,0.003659999987576157
5482,WMI,250,1950,50,28,1.0437689886258573e-14,1.9984014443252818e-15,0.0013420999748632312
5483,ISM,250,1950,50,28,1.21147151451793,0.051975942380493745,0.01100519997999072
5484,DI,250,1950,50,29,9.80127920333021e-15,1.887379141862766e-15,0.0035382999922148883
5485,WMI,250,1950,50,29,1.0437689886258573e-14,1.9984014443252818e-15,0.0007967000128701329
5486,ISM,250,1950,50,29,1.21147151451793,0.051975942380493745,0.008084699977189302
5487,DI,250,1950,50,30,9.80127920333021e-15,1.887379141862766e-15,0.003993999998783693
5488,WMI,250,1950,50,30,1.0437689886258573e-14,1.9984014443252818e-15,0.001051500003086403
5489,ISM,250,1950,50,30,1.21147151451793,0.051975942380493745,0.006465599988587201
5490,DI,250,1950,50,31,9.80127920333021e-15,1.887379141862766e-15,0.0035960999957751483
5491,WMI,250,1950,50,31,1.0437689886258573e-14,1.9984014443252818e-15,0.0008662999898660928
5492,ISM,250,1950,50,31,1.21147151451793,0.051975942380493745,0.004616199992597103
5493,DI,250,1950,50,32,9.80127920333021e-15,1.887379141862766e-15,0.004073599993716925
5494,WMI,250,1950,50,32,1.0437689886258573e-14,1.9984014443252818e-15,0.0008550000202376395
5495,ISM,250,1950,50,32,1.21147151451793,0.051975942380493745,0.004792899999301881
5496,DI,250,1950,50,33,9.80127920333021e-15,1.887379141862766e-15,0.003985899995313957
5497,WMI,250,1950,50,33,1.0437689886258573e-14,1.9984014443252818e-15,0.001045600016368553
5498,ISM,250,1950,50,33,1.21147151451793,0.051975942380493745,0.009786499984329566
5499,DI,250,1950,50,34,9.80127920333021e-15,1.887379141862766e-15,0.004904999979771674
5500,WMI,250,1950,50,34,1.0437689886258573e-14,1.9984014443252818e-15,0.001566499995533377
5501,ISM,250,1950,50,34,1.21147151451793,0.051975942380493745,0.010346600000048056
5502,DI,250,1950,50,35,9.80127920333021e-15,1.887379141862766e-15,0.0047620999976061285
5503,WMI,250,1950,50,35,1.0437689886258573e-14,1.9984014443252818e-15,0.0012141999904997647
5504,ISM,250,1950,50,35,1.21147151451793,0.051975942380493745,0.0050651000055950135
5505,DI,250,1950,50,36,9.80127920333021e-15,1.887379141862766e-15,0.004570199991576374
5506,WMI,250,1950,50,36,1.0437689886258573e-14,1.9984014443252818e-15,0.0010020000045187771
5507,ISM,250,1950,50,36,1.21147151451793,0.051975942380493745,0.0044726000051014125
5508,DI,250,1950,50,37,9.80127920333021e-15,1.887379141862766e-15,0.004451999993762001
5509,WMI,250,1950,50,37,1.0437689886258573e-14,1.9984014443252818e-15,0.000991299981251359
5510,ISM,250,1950,50,37,1.21147151451793,0.051975942380493745,0.004575700004352257
5511,DI,250,1950,50,38,9.80127920333021e-15,1.887379141862766e-15,0.004143099999055266
5512,WMI,250,1950,50,38,1.0437689886258573e-14,1.9984014443252818e-15,0.0010971000010613352
5513,ISM,250,1950,50,38,1.21147151451793,0.051975942380493745,0.009447400021599606
5514,DI,250,1950,50,39,9.80127920333021e-15,1.887379141862766e-15,0.004623100016033277
5515,WMI,250,1950,50,39,1.0437689886258573e-14,1.9984014443252818e-15,0.001252900023246184
5516,ISM,250,1950,50,39,1.21147151451793,0.051975942380493745,0.011956700007431209
5517,DI,250,1950,50,40,9.80127920333021e-15,1.887379141862766e-15,0.005614199995761737
5518,WMI,250,1950,50,40,1.0437689886258573e-14,1.9984014443252818e-15,0.001492300012614578
5519,ISM,250,1950,50,40,1.21147151451793,0.051975942380493745,0.010540100018261
5520,DI,250,1950,50,41,9.80127920333021e-15,1.887379141862766e-15,0.005650499981129542
5521,WMI,250,1950,50,41,1.0437689886258573e-14,1.9984014443252818e-15,0.001457699981983751
5522,ISM,250,1950,50,41,1.21147151451793,0.051975942380493745,0.008507099992129952
5523,DI,250,1950,50,42,9.80127920333021e-15,1.887379141862766e-15,0.005106299999170005
5524,WMI,250,1950,50,42,1.0437689886258573e-14,1.9984014443252818e-15,0.001205300010042265
5525,ISM,250,1950,50,42,1.21147151451793,0.051975942380493745,0.008292199985589832
5526,DI,250,1950,50,43,9.80127920333021e-15,1.887379141862766e-15,0.004248100012773648
5527,WMI,250,1950,50,43,1.0437689886258573e-14,1.9984014443252818e-15,0.0010993999894708395
5528,ISM,250,1950,50,43,1.21147151451793,0.051975942380493745,0.0055244000104721636
5529,DI,250,1950,50,44,9.80127920333021e-15,1.887379141862766e-15,0.004140799981541932
5530,WMI,250,1950,50,44,1.0437689886258573e-14,1.9984014443252818e-15,0.0010307999909855425
5531,ISM,250,1950,50,44,1.21147151451793,0.051975942380493745,0.005753200006438419
5532,DI,250,1950,50,45,9.80127920333021e-15,1.887379141862766e-15,0.0036943999875802547
5533,WMI,250,1950,50,45,1.0437689886258573e-14,1.9984014443252818e-15,0.0009477999992668629
5534,ISM,250,1950,50,45,1.21147151451793,0.051975942380493745,0.004424599988851696
5535,DI,250,1950,50,46,9.80127920333021e-15,1.887379141862766e-15,0.0036620999744627625
5536,WMI,250,1950,50,46,1.0437689886258573e-14,1.9984014443252818e-15,0.000819200009573251
5537,ISM,250,1950,50,46,1.21147151451793,0.051975942380493745,0.004824400006327778
5538,DI,250,1950,50,47,9.80127920333021e-15,1.887379141862766e-15,0.003795299999183044
5539,WMI,250,1950,50,47,1.0437689886258573e-14,1.9984014443252818e-15,0.006266300013521686
5540,ISM,250,1950,50,47,1.21147151451793,0.051975942380493745,0.0051558999984990805
5541,DI,250,1950,50,48,9.80127920333021e-15,1.887379141862766e-15,0.0035311999963596463
5542,WMI,250,1950,50,48,1.0437689886258573e-14,1.9984014443252818e-15,0.0009320999961346388
5543,ISM,250,1950,50,48,1.21147151451793,0.051975942380493745,0.0045507999893743545
5544,DI,250,1950,50,49,9.80127920333021e-15,1.887379141862766e-15,0.004559199995128438
5545,WMI,250,1950,50,49,1.0437689886258573e-14,1.9984014443252818e-15,0.0010249000042676926
5546,ISM,250,1950,50,49,1.21147151451793,0.051975942380493745,0.004253499995684251
5547,DI,250,1950,50,50,9.80127920333021e-15,1.887379141862766e-15,0.0038782000192441046
5548,WMI,250,1950,50,50,1.0437689886258573e-14,1.9984014443252818e-15,0.001118899992434308
5549,ISM,250,1950,50,50,1.21147151451793,0.051975942380493745,0.006464299978688359
5550,DI,250,1950,50,51,9.80127920333021e-15,1.887379141862766e-15,0.003959800000302494
5551,WMI,250,1950,50,51,1.0437689886258573e-14,1.9984014443252818e-15,0.0009475999977439642
5552,ISM,250,1950,50,51,1.21147151451793,0.051975942380493745,0.008680099999764934
5553,DI,250,1950,50,52,9.80127920333021e-15,1.887379141862766e-15,0.0035971000033896416
5554,WMI,250,1950,50,52,1.0437689886258573e-14,1.9984014443252818e-15,0.0008854999905452132
5555,ISM,250,1950,50,52,1.21147151451793,0.051975942380493745,0.005960800015600398
5556,DI,250,1950,50,53,9.80127920333021e-15,1.887379141862766e-15,0.003552099980879575
5557,WMI,250,1950,50,53,1.0437689886258573e-14,1.9984014443252818e-15,0.0010583999974187464
5558,ISM,250,1950,50,53,1.21147151451793,0.051975942380493745,0.004109599976800382
5559,DI,250,1950,50,54,9.80127920333021e-15,1.887379141862766e-15,0.003208600013749674
5560,WMI,250,1950,50,54,1.0437689886258573e-14,1.9984014443252818e-15,0.0008148000051733106
5561,ISM,250,1950,50,54,1.21147151451793,0.051975942380493745,0.004429699998581782
5562,DI,250,1950,50,55,9.80127920333021e-15,1.887379141862766e-15,0.003194799995981157
5563,WMI,250,1950,50,55,1.0437689886258573e-14,1.9984014443252818e-15,0.0008505000150762498
5564,ISM,250,1950,50,55,1.21147151451793,0.051975942380493745,0.012982399988686666
5565,DI,250,1950,50,56,9.80127920333021e-15,1.887379141862766e-15,0.003732999990461394
5566,WMI,250,1950,50,56,1.0437689886258573e-14,1.9984014443252818e-15,0.0010700999991968274
5567,ISM,250,1950,50,56,1.21147151451793,0.051975942380493745,0.007590399996843189
5568,DI,250,1950,50,57,9.80127920333021e-15,1.887379141862766e-15,0.005411099991761148
5569,WMI,250,1950,50,57,1.0437689886258573e-14,1.9984014443252818e-15,0.0014356999890878797
5570,ISM,250,1950,50,57,1.21147151451793,0.051975942380493745,0.009845000022323802
5571,DI,250,1950,50,58,9.80127920333021e-15,1.887379141862766e-15,0.004819800000404939
5572,WMI,250,1950,50,58,1.0437689886258573e-14,1.9984014443252818e-15,0.0012537000002339482
5573,ISM,250,1950,50,58,1.21147151451793,0.051975942380493745,0.006401299993740395
5574,DI,250,1950,50,59,9.80127920333021e-15,1.887379141862766e-15,0.0035515000054147094
5575,WMI,250,1950,50,59,1.0437689886258573e-14,1.9984014443252818e-15,0.0010734999959822744
5576,ISM,250,1950,50,59,1.21147151451793,0.051975942380493745,0.005010599998058751
5577,DI,250,1950,50,60,9.80127920333021e-15,1.887379141862766e-15,0.0037742000131402165
5578,WMI,250,1950,50,60,1.0437689886258573e-14,1.9984014443252818e-15,0.0009979000024031848
5579,ISM,250,1950,50,60,1.21147151451793,0.051975942380493745,0.004251300008036196
5580,DI,250,1950,50,61,9.80127920333021e-15,1.887379141862766e-15,0.00428630001260899
5581,WMI,250,1950,50,61,1.0437689886258573e-14,1.9984014443252818e-15,0.001130200020270422
5582,ISM,250,1950,50,61,1.21147151451793,0.051975942380493745,0.007480200001737103
5583,DI,250,1950,50,62,9.80127920333021e-15,1.887379141862766e-15,0.004445200000191107
5584,WMI,250,1950,50,62,1.0437689886258573e-14,1.9984014443252818e-15,0.0011586000036913902
5585,ISM,250,1950,50,62,1.21147151451793,0.051975942380493745,0.009981000010157004
5586,DI,250,1950,50,63,9.80127920333021e-15,1.887379141862766e-15,0.004170600004727021
5587,WMI,250,1950,50,63,1.0437689886258573e-14,1.9984014443252818e-15,0.0011451000173110515
5588,ISM,250,1950,50,63,1.21147151451793,0.051975942380493745,0.00941119997878559
5589,DI,250,1950,50,64,9.80127920333021e-15,1.887379141862766e-15,0.00391589998616837
5590,WMI,250,1950,50,64,1.0437689886258573e-14,1.9984014443252818e-15,0.0016975999751593918
5591,ISM,250,1950,50,64,1.21147151451793,0.051975942380493745,0.008339799998793751
5592,DI,250,1950,50,65,9.80127920333021e-15,1.887379141862766e-15,0.003959599998779595
5593,WMI,250,1950,50,65,1.0437689886258573e-14,1.9984014443252818e-15,0.0014359000197146088
5594,ISM,250,1950,50,65,1.21147151451793,0.051975942380493745,0.0053699999989476055
5595,DI,250,1950,50,66,9.80127920333021e-15,1.887379141862766e-15,0.003591199987567961
5596,WMI,250,1950,50,66,1.0437689886258573e-14,1.9984014443252818e-15,0.0011699000024236739
5597,ISM,250,1950,50,66,1.21147151451793,0.051975942380493745,0.004127099993638694
5598,DI,250,1950,50,67,9.80127920333021e-15,1.887379141862766e-15,0.003358599991770461
5599,WMI,250,1950,50,67,1.0437689886258573e-14,1.9984014443252818e-15,0.0009036000119522214
5600,ISM,250,1950,50,67,1.21147151451793,0.051975942380493745,0.004139500000746921
5601,DI,250,1950,50,68,9.80127920333021e-15,1.887379141862766e-15,0.0036096000112593174
5602,WMI,250,1950,50,68,1.0437689886258573e-14,1.9984014443252818e-15,0.0012610999983735383
5603,ISM,250,1950,50,68,1.21147151451793,0.051975942380493745,0.010091399977682158
5604,DI,250,1950,50,69,9.80127920333021e-15,1.887379141862766e-15,0.004461799981072545
5605,WMI,250,1950,50,69,1.0437689886258573e-14,1.9984014443252818e-15,0.0011235999991185963
5606,ISM,250,1950,50,69,1.21147151451793,0.051975942380493745,0.008871500001987442
5607,DI,250,1950,50,70,9.80127920333021e-15,1.887379141862766e-15,0.003321100026369095
5608,WMI,250,1950,50,70,1.0437689886258573e-14,1.9984014443252818e-15,0.000846699986141175
5609,ISM,250,1950,50,70,1.21147151451793,0.051975942380493745,0.004190300009213388
5610,DI,250,1950,50,71,9.80127920333021e-15,1.887379141862766e-15,0.0035099000087939203
5611,WMI,250,1950,50,71,1.0437689886258573e-14,1.9984014443252818e-15,0.0008264999778475612
5612,ISM,250,1950,50,71,1.21147151451793,0.051975942380493745,0.004162899975199252
5613,DI,250,1950,50,72,9.80127920333021e-15,1.887379141862766e-15,0.0038449999992735684
5614,WMI,250,1950,50,72,1.0437689886258573e-14,1.9984014443252818e-15,0.0009382999851368368
5615,ISM,250,1950,50,72,1.21147151451793,0.051975942380493745,0.004175800015218556
5616,DI,250,1950,50,73,9.80127920333021e-15,1.887379141862766e-15,0.004317999992053956
5617,WMI,250,1950,50,73,1.0437689886258573e-14,1.9984014443252818e-15,0.0009757000079844147
5618,ISM,250,1950,50,73,1.21147151451793,0.051975942380493745,0.005881699995370582
5619,DI,250,1950,50,74,9.80127920333021e-15,1.887379141862766e-15,0.0031282000127248466
5620,WMI,250,1950,50,74,1.0437689886258573e-14,1.9984014443252818e-15,0.001091700018150732
5621,ISM,250,1950,50,74,1.21147151451793,0.051975942380493745,0.004200700001092628
5622,DI,250,1950,50,75,9.80127920333021e-15,1.887379141862766e-15,0.0037472999829333276
5623,WMI,250,1950,50,75,1.0437689886258573e-14,1.9984014443252818e-15,0.0008649000083096325
5624,ISM,250,1950,50,75,1.21147151451793,0.051975942380493745,0.004474999994272366
5625,DI,250,1950,50,76,9.80127920333021e-15,1.887379141862766e-15,0.003891300002578646
5626,WMI,250,1950,50,76,1.0437689886258573e-14,1.9984014443252818e-15,0.001060199982021004
5627,ISM,250,1950,50,76,1.21147151451793,0.051975942380493745,0.004783799988217652
5628,DI,250,1950,50,77,9.80127920333021e-15,1.887379141862766e-15,0.0030864000145811588
5629,WMI,250,1950,50,77,1.0437689886258573e-14,1.9984014443252818e-15,0.0014146000030450523
5630,ISM,250,1950,50,77,1.21147151451793,0.051975942380493745,0.005037800001446158
5631,DI,250,1950,50,78,9.80127920333021e-15,1.887379141862766e-15,0.003510299982735887
5632,WMI,250,1950,50,78,1.0437689886258573e-14,1.9984014443252818e-15,0.0008121999853756279
5633,ISM,250,1950,50,78,1.21147151451793,0.051975942380493745,0.009611599991330877
5634,DI,250,1950,50,79,9.80127920333021e-15,1.887379141862766e-15,0.0037841000012122095
5635,WMI,250,1950,50,79,1.0437689886258573e-14,1.9984014443252818e-15,0.0010337000130675733
5636,ISM,250,1950,50,79,1.21147151451793,0.051975942380493745,0.004928600013954565
5637,DI,250,1950,50,80,9.80127920333021e-15,1.887379141862766e-15,0.004132499976549298
5638,WMI,250,1950,50,80,1.0437689886258573e-14,1.9984014443252818e-15,0.0011706000077538192
5639,ISM,250,1950,50,80,1.21147151451793,0.051975942380493745,0.005301900004269555
5640,DI,250,1950,50,81,9.80127920333021e-15,1.887379141862766e-15,0.004135600000154227
5641,WMI,250,1950,50,81,1.0437689886258573e-14,1.9984014443252818e-15,0.0008845000120345503
5642,ISM,250,1950,50,81,1.21147151451793,0.051975942380493745,0.006432800000766292
5643,DI,250,1950,50,82,9.80127920333021e-15,1.887379141862766e-15,0.0034466999932192266
5644,WMI,250,1950,50,82,1.0437689886258573e-14,1.9984014443252818e-15,0.0009578999888617545
5645,ISM,250,1950,50,82,1.21147151451793,0.051975942380493745,0.004958300007274374
5646,DI,250,1950,50,83,9.80127920333021e-15,1.887379141862766e-15,0.0033159000158775598
5647,WMI,250,1950,50,83,1.0437689886258573e-14,1.9984014443252818e-15,0.0009877000120468438
5648,ISM,250,1950,50,83,1.21147151451793,0.051975942380493745,0.00429370001074858
5649,DI,250,1950,50,84,9.80127920333021e-15,1.887379141862766e-15,0.003339699993375689
5650,WMI,250,1950,50,84,1.0437689886258573e-14,1.9984014443252818e-15,0.000909099995624274
5651,ISM,250,1950,50,84,1.21147151451793,0.051975942380493745,0.005022500001359731
5652,DI,250,1950,50,85,9.80127920333021e-15,1.887379141862766e-15,0.0034524999791756272
5653,WMI,250,1950,50,85,1.0437689886258573e-14,1.9984014443252818e-15,0.001012600027024746
5654,ISM,250,1950,50,85,1.21147151451793,0.051975942380493745,0.00430850000702776
5655,DI,250,1950,50,86,9.80127920333021e-15,1.887379141862766e-15,0.0038025999965611845
5656,WMI,250,1950,50,86,1.0437689886258573e-14,1.9984014443252818e-15,0.0008967999892774969
5657,ISM,250,1950,50,86,1.21147151451793,0.051975942380493745,0.005777299986220896
5658,DI,250,1950,50,87,9.80127920333021e-15,1.887379141862766e-15,0.003583199984859675
5659,WMI,250,1950,50,87,1.0437689886258573e-14,1.9984014443252818e-15,0.0008445999992545694
5660,ISM,250,1950,50,87,1.21147151451793,0.051975942380493745,0.004279099986888468
5661,DI,250,1950,50,88,9.80127920333021e-15,1.887379141862766e-15,0.0045279000187292695
5662,WMI,250,1950,50,88,1.0437689886258573e-14,1.9984014443252818e-15,0.000912499992409721
5663,ISM,250,1950,50,88,1.21147151451793,0.051975942380493745,0.006083900021621957
5664,DI,250,1950,50,89,9.80127920333021e-15,1.887379141862766e-15,0.003334400011226535
5665,WMI,250,1950,50,89,1.0437689886258573e-14,1.9984014443252818e-15,0.0009094999986700714
5666,ISM,250,1950,50,89,1.21147151451793,0.051975942380493745,0.0069560999982059
5667,DI,250,1950,50,90,9.80127920333021e-15,1.887379141862766e-15,0.0033565000048838556
5668,WMI,250,1950,50,90,1.0437689886258573e-14,1.9984014443252818e-15,0.0010289000056218356
5669,ISM,250,1950,50,90,1.21147151451793,0.051975942380493745,0.0046098000020720065
5670,DI,250,1950,50,91,9.80127920333021e-15,1.887379141862766e-15,0.003258800017647445
5671,WMI,250,1950,50,91,1.0437689886258573e-14,1.9984014443252818e-15,0.001049600017722696
5672,ISM,250,1950,50,91,1.21147151451793,0.051975942380493745,0.004571299999952316
5673,DI,250,1950,50,92,9.80127920333021e-15,1.887379141862766e-15,0.0035757000150624663
5674,WMI,250,1950,50,92,1.0437689886258573e-14,1.9984014443252818e-15,0.0016090999997686595
5675,ISM,250,1950,50,92,1.21147151451793,0.051975942380493745,0.008378200000151992
5676,DI,250,1950,50,93,9.80127920333021e-15,1.887379141862766e-15,0.0033847000158857554
5677,WMI,250,1950,50,93,1.0437689886258573e-14,1.9984014443252818e-15,0.0013408999948296696
5678,ISM,250,1950,50,93,1.21147151451793,0.051975942380493745,0.004526200005784631
5679,DI,250,1950,50,94,9.80127920333021e-15,1.887379141862766e-15,0.0046322999987751245
5680,WMI,250,1950,50,94,1.0437689886258573e-14,1.9984014443252818e-15,0.0011849000002257526
5681,ISM,250,1950,50,94,1.21147151451793,0.051975942380493745,0.008752299996558577
5682,DI,250,1950,50,95,9.80127920333021e-15,1.887379141862766e-15,0.004577199986670166
5683,WMI,250,1950,50,95,1.0437689886258573e-14,1.9984014443252818e-15,0.001432099990779534
5684,ISM,250,1950,50,95,1.21147151451793,0.051975942380493745,0.008758499985560775
5685,DI,250,1950,50,96,9.80127920333021e-15,1.887379141862766e-15,0.004678400000557303
5686,WMI,250,1950,50,96,1.0437689886258573e-14,1.9984014443252818e-15,0.0012750999885611236
5687,ISM,250,1950,50,96,1.21147151451793,0.051975942380493745,0.009623300022212788
5688,DI,250,1950,50,97,9.80127920333021e-15,1.887379141862766e-15,0.0048294000152964145
5689,WMI,250,1950,50,97,1.0437689886258573e-14,1.9984014443252818e-15,0.0011704000062309206
5690,ISM,250,1950,50,97,1.21147151451793,0.051975942380493745,0.007716499996604398
5691,DI,250,1950,50,98,9.80127920333021e-15,1.887379141862766e-15,0.003495799988741055
5692,WMI,250,1950,50,98,1.0437689886258573e-14,1.9984014443252818e-15,0.0008896999934222549
5693,ISM,250,1950,50,98,1.21147151451793,0.051975942380493745,0.004397800017613918
5694,DI,250,1950,50,99,9.80127920333021e-15,1.887379141862766e-15,0.0033756000048015267
5695,WMI,250,1950,50,99,1.0437689886258573e-14,1.9984014443252818e-15,0.0009485000045970082
5696,ISM,250,1950,50,99,1.21147151451793,0.051975942380493745,0.00440630002412945
5697,DI,250,1950,50,100,9.80127920333021e-15,1.887379141862766e-15,0.00346550001995638
5698,WMI,250,1950,50,100,1.0437689886258573e-14,1.9984014443252818e-15,0.0007896000170148909
5699,ISM,250,1950,50,100,1.21147151451793,0.051975942380493745,0.005706700001610443
5700,DI,250,1950,50,101,9.80127920333021e-15,1.887379141862766e-15,0.0032664999889675528
5701,WMI,250,1950,50,101,1.0437689886258573e-14,1.9984014443252818e-15,0.000907299981918186
5702,ISM,250,1950,50,101,1.21147151451793,0.051975942380493745,0.004423200007295236
5703,DI,250,1950,50,102,9.80127920333021e-15,1.887379141862766e-15,0.004240599984768778
5704,WMI,250,1950,50,102,1.0437689886258573e-14,1.9984014443252818e-15,0.001228799985256046
5705,ISM,250,1950,50,102,1.21147151451793,0.051975942380493745,0.00801990000763908
5706,DI,250,1950,50,103,9.80127920333021e-15,1.887379141862766e-15,0.0036213000130373985
5707,WMI,250,1950,50,103,1.0437689886258573e-14,1.9984014443252818e-15,0.0008791000000201166
5708,ISM,250,1950,50,103,1.21147151451793,0.051975942380493745,0.00491750001674518
5709,DI,250,1950,50,104,9.80127920333021e-15,1.887379141862766e-15,0.0034528999822214246
5710,WMI,250,1950,50,104,1.0437689886258573e-14,1.9984014443252818e-15,0.0007714999956078827
5711,ISM,250,1950,50,104,1.21147151451793,0.051975942380493745,0.004437800002051517
5712,DI,250,1950,50,105,9.80127920333021e-15,1.887379141862766e-15,0.003354799991939217
5713,WMI,250,1950,50,105,1.0437689886258573e-14,1.9984014443252818e-15,0.0007664000149816275
5714,ISM,250,1950,50,105,1.21147151451793,0.051975942380493745,0.0049989999970421195
5715,DI,250,1950,50,106,9.80127920333021e-15,1.887379141862766e-15,0.0033804000122472644
5716,WMI,250,1950,50,106,1.0437689886258573e-14,1.9984014443252818e-15,0.0008659999875817448
5717,ISM,250,1950,50,106,1.21147151451793,0.051975942380493745,0.0050568000006023794
5718,DI,250,1950,50,107,9.80127920333021e-15,1.887379141862766e-15,0.0034853999968618155
5719,WMI,250,1950,50,107,1.0437689886258573e-14,1.9984014443252818e-15,0.0010600000096019357
5720,ISM,250,1950,50,107,1.21147151451793,0.051975942380493745,0.006709000008413568
5721,DI,250,1950,50,108,9.80127920333021e-15,1.887379141862766e-15,0.0033790000015869737
5722,WMI,250,1950,50,108,1.0437689886258573e-14,1.9984014443252818e-15,0.001188099995488301
5723,ISM,250,1950,50,108,1.21147151451793,0.051975942380493745,0.00463010001112707
5724,DI,250,1950,50,109,9.80127920333021e-15,1.887379141862766e-15,0.002997999981744215
5725,WMI,250,1950,50,109,1.0437689886258573e-14,1.9984014443252818e-15,0.0007798000006005168
5726,ISM,250,1950,50,109,1.21147151451793,0.051975942380493745,0.00531160001992248
5727,DI,250,1950,50,110,9.80127920333021e-15,1.887379141862766e-15,0.0035339999885763973
5728,WMI,250,1950,50,110,1.0437689886258573e-14,1.9984014443252818e-15,0.000830000004498288
5729,ISM,250,1950,50,110,1.21147151451793,0.051975942380493745,0.008207899983972311
5730,DI,250,1950,50,111,9.80127920333021e-15,1.887379141862766e-15,0.003473599994322285
5731,WMI,250,1950,50,111,1.0437689886258573e-14,1.9984014443252818e-15,0.0010961999942082912
5732,ISM,250,1950,50,111,1.21147151451793,0.051975942380493745,0.006090999988373369
5733,DI,250,1950,50,112,9.80127920333021e-15,1.887379141862766e-15,0.0030694000015500933
5734,WMI,250,1950,50,112,1.0437689886258573e-14,1.9984014443252818e-15,0.0007145999989006668
5735,ISM,250,1950,50,112,1.21147151451793,0.051975942380493745,0.012431299983290955
5736,DI,250,1950,50,113,9.80127920333021e-15,1.887379141862766e-15,0.00419889998738654
5737,WMI,250,1950,50,113,1.0437689886258573e-14,1.9984014443252818e-15,0.000977399991825223
5738,ISM,250,1950,50,113,1.21147151451793,0.051975942380493745,0.005640899995341897
5739,DI,250,1950,50,114,9.80127920333021e-15,1.887379141862766e-15,0.00360619998537004
5740,WMI,250,1950,50,114,1.0437689886258573e-14,1.9984014443252818e-15,0.0009448000055272132
5741,ISM,250,1950,50,114,1.21147151451793,0.051975942380493745,0.00511450000340119
5742,DI,250,1950,50,115,9.80127920333021e-15,1.887379141862766e-15,0.0042347999988123775
5743,WMI,250,1950,50,115,1.0437689886258573e-14,1.9984014443252818e-15,0.0011144000163767487
5744,ISM,250,1950,50,115,1.21147151451793,0.051975942380493745,0.004695499985245988
5745,DI,250,1950,50,116,9.80127920333021e-15,1.887379141862766e-15,0.0037410999939311296
5746,WMI,250,1950,50,116,1.0437689886258573e-14,1.9984014443252818e-15,0.0010155999916605651
5747,ISM,250,1950,50,116,1.21147151451793,0.051975942380493745,0.005648899998050183
5748,DI,250,1950,50,117,9.80127920333021e-15,1.887379141862766e-15,0.0038883000088389963
5749,WMI,250,1950,50,117,1.0437689886258573e-14,1.9984014443252818e-15,0.00111859999014996
5750,ISM,250,1950,50,117,1.21147151451793,0.051975942380493745,0.005926699988776818
5751,DI,250,1950,50,118,9.80127920333021e-15,1.887379141862766e-15,0.00415729999076575
5752,WMI,250,1950,50,118,1.0437689886258573e-14,1.9984014443252818e-15,0.0009435999963898212
5753,ISM,250,1950,50,118,1.21147151451793,0.051975942380493745,0.006295500003034249
5754,DI,250,1950,50,119,9.80127920333021e-15,1.887379141862766e-15,0.0035143999848514795
5755,WMI,250,1950,50,119,1.0437689886258573e-14,1.9984014443252818e-15,0.0009159999899566174
5756,ISM,250,1950,50,119,1.21147151451793,0.051975942380493745,0.004795000015292317
5757,DI,250,1950,50,120,9.80127920333021e-15,1.887379141862766e-15,0.0032657999836374074
5758,WMI,250,1950,50,120,1.0437689886258573e-14,1.9984014443252818e-15,0.0011760999914258718
5759,ISM,250,1950,50,120,1.21147151451793,0.051975942380493745,0.004567299998598173
5760,DI,250,1950,50,121,9.80127920333021e-15,1.887379141862766e-15,0.003133899997919798
5761,WMI,250,1950,50,121,1.0437689886258573e-14,1.9984014443252818e-15,0.0009800999832805246
5762,ISM,250,1950,50,121,1.21147151451793,0.051975942380493745,0.007745000009890646
5763,DI,250,1950,50,122,9.80127920333021e-15,1.887379141862766e-15,0.003558500000508502
5764,WMI,250,1950,50,122,1.0437689886258573e-14,1.9984014443252818e-15,0.0009996000153478235
5765,ISM,250,1950,50,122,1.21147151451793,0.051975942380493745,0.004512099985731766
5766,DI,250,1950,50,123,9.80127920333021e-15,1.887379141862766e-15,0.003416299994569272
5767,WMI,250,1950,50,123,1.0437689886258573e-14,1.9984014443252818e-15,0.001193600008264184
5768,ISM,250,1950,50,123,1.21147151451793,0.051975942380493745,0.004649600014090538
5769,DI,250,1950,50,124,9.80127920333021e-15,1.887379141862766e-15,0.003967500000726432
5770,WMI,250,1950,50,124,1.0437689886258573e-14,1.9984014443252818e-15,0.0008562000002712011
5771,ISM,250,1950,50,124,1.21147151451793,0.051975942380493745,0.006375500001013279
5772,DI,250,1950,50,125,9.80127920333021e-15,1.887379141862766e-15,0.003184700006386265
5773,WMI,250,1950,50,125,1.0437689886258573e-14,1.9984014443252818e-15,0.0009485000045970082
5774,ISM,250,1950,50,125,1.21147151451793,0.051975942380493745,0.00484780000988394
5775,DI,250,1950,50,126,9.80127920333021e-15,1.887379141862766e-15,0.0035764000203926116
5776,WMI,250,1950,50,126,1.0437689886258573e-14,1.9984014443252818e-15,0.0008262000046670437
5777,ISM,250,1950,50,126,1.21147151451793,0.051975942380493745,0.00467879997449927
5778,DI,250,1950,50,127,9.80127920333021e-15,1.887379141862766e-15,0.003714699996635318
5779,WMI,250,1950,50,127,1.0437689886258573e-14,1.9984014443252818e-15,0.0010288000048603863
5780,ISM,250,1950,50,127,1.21147151451793,0.051975942380493745,0.0053459000191651285
5781,DI,250,1950,50,128,9.80127920333021e-15,1.887379141862766e-15,0.00366550000035204
5782,WMI,250,1950,50,128,1.0437689886258573e-14,1.9984014443252818e-15,0.0011458000226411968
5783,ISM,250,1950,50,128,1.21147151451793,0.051975942380493745,0.004560800007311627
5784,DI,250,1950,50,129,9.80127920333021e-15,1.887379141862766e-15,0.003635400003986433
5785,WMI,250,1950,50,129,1.0437689886258573e-14,1.9984014443252818e-15,0.0009877000120468438
5786,ISM,250,1950,50,129,1.21147151451793,0.051975942380493745,0.005997200001729652
5787,DI,250,1950,50,130,9.80127920333021e-15,1.887379141862766e-15,0.0033457000099588186
5788,WMI,250,1950,50,130,1.0437689886258573e-14,1.9984014443252818e-15,0.0007740000146441162
5789,ISM,250,1950,50,130,1.21147151451793,0.051975942380493745,0.004678600002080202
5790,DI,250,1950,50,131,9.80127920333021e-15,1.887379141862766e-15,0.0034321999992243946
5791,WMI,250,1950,50,131,1.0437689886258573e-14,1.9984014443252818e-15,0.0008695999858900905
5792,ISM,250,1950,50,131,1.21147151451793,0.051975942380493745,0.005048999999416992
5793,DI,250,1950,50,132,9.80127920333021e-15,1.887379141862766e-15,0.0034220000088680536
5794,WMI,250,1950,50,132,1.0437689886258573e-14,1.9984014443252818e-15,0.001128700008848682
5795,ISM,250,1950,50,132,1.21147151451793,0.051975942380493745,0.0049149999977089465
5796,DI,250,1950,50,133,9.80127920333021e-15,1.887379141862766e-15,0.003416999999899417
5797,WMI,250,1950,50,133,1.0437689886258573e-14,1.9984014443252818e-15,0.0011230999953113496
5798,ISM,250,1950,50,133,1.21147151451793,0.051975942380493745,0.0049288999871350825
5799,DI,250,1950,50,134,9.80127920333021e-15,1.887379141862766e-15,0.004315800004405901
5800,WMI,250,1950,50,134,1.0437689886258573e-14,1.9984014443252818e-15,0.0012533999979496002
5801,ISM,250,1950,50,134,1.21147151451793,0.051975942380493745,0.009409499994944781
5802,DI,250,1950,50,135,9.80127920333021e-15,1.887379141862766e-15,0.004654799995478243
5803,WMI,250,1950,50,135,1.0437689886258573e-14,1.9984014443252818e-15,0.0011409000144340098
5804,ISM,250,1950,50,135,1.21147151451793,0.051975942380493745,0.009462700021686032
5805,DI,250,1950,50,136,9.80127920333021e-15,1.887379141862766e-15,0.004629400005796924
5806,WMI,250,1950,50,136,1.0437689886258573e-14,1.9984014443252818e-15,0.00118530000327155
5807,ISM,250,1950,50,136,1.21147151451793,0.051975942380493745,0.008296799991512671
5808,DI,250,1950,50,137,9.80127920333021e-15,1.887379141862766e-15,0.004255599982570857
5809,WMI,250,1950,50,137,1.0437689886258573e-14,1.9984014443252818e-15,0.0010895000013988465
5810,ISM,250,1950,50,137,1.21147151451793,0.051975942380493745,0.010904800001299009
5811,DI,250,1950,50,138,9.80127920333021e-15,1.887379141862766e-15,0.0044587000156752765
5812,WMI,250,1950,50,138,1.0437689886258573e-14,1.9984014443252818e-15,0.0013806000060867518
5813,ISM,250,1950,50,138,1.21147151451793,0.051975942380493745,0.009702600014861673
5814,DI,250,1950,50,139,9.80127920333021e-15,1.887379141862766e-15,0.0048393000033684075
5815,WMI,250,1950,50,139,1.0437689886258573e-14,1.9984014443252818e-15,0.0012798999960068613
5816,ISM,250,1950,50,139,1.21147151451793,0.051975942380493745,0.009564800013322383
5817,DI,250,1950,50,140,9.80127920333021e-15,1.887379141862766e-15,0.00473079999210313
5818,WMI,250,1950,50,140,1.0437689886258573e-14,1.9984014443252818e-15,0.0015673000016249716
5819,ISM,250,1950,50,140,1.21147151451793,0.051975942380493745,0.00999190000584349
5820,DI,250,1950,50,141,9.80127920333021e-15,1.887379141862766e-15,0.005035800015321001
5821,WMI,250,1950,50,141,1.0437689886258573e-14,1.9984014443252818e-15,0.001276099996175617
5822,ISM,250,1950,50,141,1.21147151451793,0.051975942380493745,0.004821999988052994
5823,DI,250,1950,50,142,9.80127920333021e-15,1.887379141862766e-15,0.00532490000477992
5824,WMI,250,1950,50,142,1.0437689886258573e-14,1.9984014443252818e-15,0.0016313999949488789
5825,ISM,250,1950,50,142,1.21147151451793,0.051975942380493745,0.008706099994014949
5826,DI,250,1950,50,143,9.80127920333021e-15,1.887379141862766e-15,0.0038770000101067126
5827,WMI,250,1950,50,143,1.0437689886258573e-14,1.9984014443252818e-15,0.0010782999743241817
5828,ISM,250,1950,50,143,1.21147151451793,0.051975942380493745,0.00594130001263693
5829,DI,250,1950,50,144,9.80127920333021e-15,1.887379141862766e-15,0.004297999985283241
5830,WMI,250,1950,50,144,1.0437689886258573e-14,1.9984014443252818e-15,0.0011796000180765986
5831,ISM,250,1950,50,144,1.21147151451793,0.051975942380493745,0.007786800008034334
5832,DI,250,1950,50,145,9.80127920333021e-15,1.887379141862766e-15,0.003874199988786131
5833,WMI,250,1950,50,145,1.0437689886258573e-14,1.9984014443252818e-15,0.0009485000045970082
5834,ISM,250,1950,50,145,1.21147151451793,0.051975942380493745,0.0045538999838754535
5835,DI,250,1950,50,146,9.80127920333021e-15,1.887379141862766e-15,0.004098000004887581
5836,WMI,250,1950,50,146,1.0437689886258573e-14,1.9984014443252818e-15,0.0012740000092890114
5837,ISM,250,1950,50,146,1.21147151451793,0.051975942380493745,0.010079500003485009
5838,DI,250,1950,50,147,9.80127920333021e-15,1.887379141862766e-15,0.004737600014777854
5839,WMI,250,1950,50,147,1.0437689886258573e-14,1.9984014443252818e-15,0.0010628000018186867
5840,ISM,250,1950,50,147,1.21147151451793,0.051975942380493745,0.010167200001887977
5841,DI,250,1950,50,148,9.80127920333021e-15,1.887379141862766e-15,0.0042628999799489975
5842,WMI,250,1950,50,148,1.0437689886258573e-14,1.9984014443252818e-15,0.0011758999899029732
5843,ISM,250,1950,50,148,1.21147151451793,0.051975942380493745,0.010941799991996959
5844,DI,250,1950,50,149,9.80127920333021e-15,1.887379141862766e-15,0.004375299991806969
5845,WMI,250,1950,50,149,1.0437689886258573e-14,1.9984014443252818e-15,0.001445099973352626
5846,ISM,250,1950,50,149,1.21147151451793,0.051975942380493745,0.009349600004497916
5847,DI,250,1950,50,150,9.80127920333021e-15,1.887379141862766e-15,0.004170300002442673
5848,WMI,250,1950,50,150,1.0437689886258573e-14,1.9984014443252818e-15,0.001418200001353398
5849,ISM,250,1950,50,150,1.21147151451793,0.051975942380493745,0.009988000005250797
5850,DI,250,1950,50,151,9.80127920333021e-15,1.887379141862766e-15,0.004094100004294887
5851,WMI,250,1950,50,151,1.0437689886258573e-14,1.9984014443252818e-15,0.0012356000079307705
5852,ISM,250,1950,50,151,1.21147151451793,0.051975942380493745,0.009629599982872605
5853,DI,250,1950,50,152,9.80127920333021e-15,1.887379141862766e-15,0.004211100022075698
5854,WMI,250,1950,50,152,1.0437689886258573e-14,1.9984014443252818e-15,0.00120009999955073
5855,ISM,250,1950,50,152,1.21147151451793,0.051975942380493745,0.009621100005460903
5856,DI,250,1950,50,153,9.80127920333021e-15,1.887379141862766e-15,0.004065100016305223
5857,WMI,250,1950,50,153,1.0437689886258573e-14,1.9984014443252818e-15,0.0013983000244479626
5858,ISM,250,1950,50,153,1.21147151451793,0.051975942380493745,0.009723299997858703
5859,DI,250,1950,50,154,9.80127920333021e-15,1.887379141862766e-15,0.005188399984035641
5860,WMI,250,1950,50,154,1.0437689886258573e-14,1.9984014443252818e-15,0.0023083999985828996
5861,ISM,250,1950,50,154,1.21147151451793,0.051975942380493745,0.010945799993351102
5862,DI,250,1950,50,155,9.80127920333021e-15,1.887379141862766e-15,0.004288399999495596
5863,WMI,250,1950,50,155,1.0437689886258573e-14,1.9984014443252818e-15,0.0013241999840829521
5864,ISM,250,1950,50,155,1.21147151451793,0.051975942380493745,0.010022400005254894
5865,DI,250,1950,50,156,9.80127920333021e-15,1.887379141862766e-15,0.004720600001746789
5866,WMI,250,1950,50,156,1.0437689886258573e-14,1.9984014443252818e-15,0.0011026000138372183
5867,ISM,250,1950,50,156,1.21147151451793,0.051975942380493745,0.004444499994860962
5868,DI,250,1950,50,157,9.80127920333021e-15,1.887379141862766e-15,0.003994200000306591
5869,WMI,250,1950,50,157,1.0437689886258573e-14,1.9984014443252818e-15,0.0009337000083178282
5870,ISM,250,1950,50,157,1.21147151451793,0.051975942380493745,0.005372699990402907
5871,DI,250,1950,50,158,9.80127920333021e-15,1.887379141862766e-15,0.0029904999828431755
5872,WMI,250,1950,50,158,1.0437689886258573e-14,1.9984014443252818e-15,0.0009834000084083527
5873,ISM,250,1950,50,158,1.21147151451793,0.051975942380493745,0.009202399989590049
5874,DI,250,1950,50,159,9.80127920333021e-15,1.887379141862766e-15,0.0040317999955732375
5875,WMI,250,1950,50,159,1.0437689886258573e-14,1.9984014443252818e-15,0.0010015999723691493
5876,ISM,250,1950,50,159,1.21147151451793,0.051975942380493745,0.004772999993292615
5877,DI,250,1950,50,160,9.80127920333021e-15,1.887379141862766e-15,0.003871099994285032
5878,WMI,250,1950,50,160,1.0437689886258573e-14,1.9984014443252818e-15,0.0010323000024072826
5879,ISM,250,1950,50,160,1.21147151451793,0.051975942380493745,0.006442099984269589
5880,DI,250,1950,50,161,9.80127920333021e-15,1.887379141862766e-15,0.0036305999965406954
5881,WMI,250,1950,50,161,1.0437689886258573e-14,1.9984014443252818e-15,0.0008440999954473227
5882,ISM,250,1950,50,161,1.21147151451793,0.051975942380493745,0.004391899972688407
5883,DI,250,1950,50,162,9.80127920333021e-15,1.887379141862766e-15,0.003920199989806861
5884,WMI,250,1950,50,162,1.0437689886258573e-14,1.9984014443252818e-15,0.000981699995463714
5885,ISM,250,1950,50,162,1.21147151451793,0.051975942380493745,0.004414499999256805
5886,DI,250,1950,50,163,9.80127920333021e-15,1.887379141862766e-15,0.0036865999863948673
5887,WMI,250,1950,50,163,1.0437689886258573e-14,1.9984014443252818e-15,0.001171700016129762
5888,ISM,250,1950,50,163,1.21147151451793,0.051975942380493745,0.00913700001547113
5889,DI,250,1950,50,164,9.80127920333021e-15,1.887379141862766e-15,0.0037665000127162784
5890,WMI,250,1950,50,164,1.0437689886258573e-14,1.9984014443252818e-15,0.0013908999972045422
5891,ISM,250,1950,50,164,1.21147151451793,0.051975942380493745,0.007492100005038083
5892,DI,250,1950,50,165,9.80127920333021e-15,1.887379141862766e-15,0.0031583000090904534
5893,WMI,250,1950,50,165,1.0437689886258573e-14,1.9984014443252818e-15,0.011963099997956306
5894,ISM,250,1950,50,165,1.21147151451793,0.051975942380493745,0.008438199991360307
5895,DI,250,1950,50,166,9.80127920333021e-15,1.887379141862766e-15,0.004041200008941814
5896,WMI,250,1950,50,166,1.0437689886258573e-14,1.9984014443252818e-15,0.0011062999838031828
5897,ISM,250,1950,50,166,1.21147151451793,0.051975942380493745,0.005311099987011403
5898,DI,250,1950,50,167,9.80127920333021e-15,1.887379141862766e-15,0.003914200002327561
5899,WMI,250,1950,50,167,1.0437689886258573e-14,1.9984014443252818e-15,0.001105600007576868
5900,ISM,250,1950,50,167,1.21147151451793,0.051975942380493745,0.005487500020535663
5901,DI,250,1950,50,168,9.80127920333021e-15,1.887379141862766e-15,0.005299300013575703
5902,WMI,250,1950,50,168,1.0437689886258573e-14,1.9984014443252818e-15,0.0014184000028762966
5903,ISM,250,1950,50,168,1.21147151451793,0.051975942380493745,0.0048510000051464885
5904,DI,250,1950,50,169,9.80127920333021e-15,1.887379141862766e-15,0.004208199999993667
5905,WMI,250,1950,50,169,1.0437689886258573e-14,1.9984014443252818e-15,0.0012303999974392354
5906,ISM,250,1950,50,169,1.21147151451793,0.051975942380493745,0.005322400014847517
5907,DI,250,1950,50,170,9.80127920333021e-15,1.887379141862766e-15,0.0048525999882258475
5908,WMI,250,1950,50,170,1.0437689886258573e-14,1.9984014443252818e-15,0.0010998999932780862
5909,ISM,250,1950,50,170,1.21147151451793,0.051975942380493745,0.004648100002668798
5910,DI,250,1950,50,171,9.80127920333021e-15,1.887379141862766e-15,0.003673200000775978
5911,WMI,250,1950,50,171,1.0437689886258573e-14,1.9984014443252818e-15,0.0009106000070460141
5912,ISM,250,1950,50,171,1.21147151451793,0.051975942380493745,0.005802900006528944
5913,DI,250,1950,50,172,9.80127920333021e-15,1.887379141862766e-15,0.002972399990539998
5914,WMI,250,1950,50,172,1.0437689886258573e-14,1.9984014443252818e-15,0.0007242999854497612
5915,ISM,250,1950,50,172,1.21147151451793,0.051975942380493745,0.0054370000143535435
5916,DI,250,1950,50,173,9.80127920333021e-15,1.887379141862766e-15,0.0032804000074975193
5917,WMI,250,1950,50,173,1.0437689886258573e-14,1.9984014443252818e-15,0.0009523000044282526
5918,ISM,250,1950,50,173,1.21147151451793,0.051975942380493745,0.009810300020035356
5919,DI,250,1950,50,174,9.80127920333021e-15,1.887379141862766e-15,0.004239500005496666
5920,WMI,250,1950,50,174,1.0437689886258573e-14,1.9984014443252818e-15,0.0010798000148497522
5921,ISM,250,1950,50,174,1.21147151451793,0.051975942380493745,0.006514000007882714
5922,DI,250,1950,50,175,9.80127920333021e-15,1.887379141862766e-15,0.003972800011979416
5923,WMI,250,1950,50,175,1.0437689886258573e-14,1.9984014443252818e-15,0.0012326000141911209
5924,ISM,250,1950,50,175,1.21147151451793,0.051975942380493745,0.009923299978254363
5925,DI,250,1950,50,176,9.80127920333021e-15,1.887379141862766e-15,0.004195999994408339
5926,WMI,250,1950,50,176,1.0437689886258573e-14,1.9984014443252818e-15,0.001060499984305352
5927,ISM,250,1950,50,176,1.21147151451793,0.051975942380493745,0.005731399985961616
5928,DI,250,1950,50,177,9.80127920333021e-15,1.887379141862766e-15,0.0038758000009693205
5929,WMI,250,1950,50,177,1.0437689886258573e-14,1.9984014443252818e-15,0.0009815999947022647
5930,ISM,250,1950,50,177,1.21147151451793,0.051975942380493745,0.004505899996729568
5931,DI,250,1950,50,178,9.80127920333021e-15,1.887379141862766e-15,0.004118699987884611
5932,WMI,250,1950,50,178,1.0437689886258573e-14,1.9984014443252818e-15,0.0013244999863673002
5933,ISM,250,1950,50,178,1.21147151451793,0.051975942380493745,0.004546599986497313
5934,DI,250,1950,50,179,9.80127920333021e-15,1.887379141862766e-15,0.003981399990152568
5935,WMI,250,1950,50,179,1.0437689886258573e-14,1.9984014443252818e-15,0.0011775000020861626
5936,ISM,250,1950,50,179,1.21147151451793,0.051975942380493745,0.004780399991432205
5937,DI,250,1950,50,180,9.80127920333021e-15,1.887379141862766e-15,0.004076399985933676
5938,WMI,250,1950,50,180,1.0437689886258573e-14,1.9984014443252818e-15,0.0017041999963112175
5939,ISM,250,1950,50,180,1.21147151451793,0.051975942380493745,0.009953900007531047
5940,DI,250,1950,50,181,9.80127920333021e-15,1.887379141862766e-15,0.0041520000086165965
5941,WMI,250,1950,50,181,1.0437689886258573e-14,1.9984014443252818e-15,0.001277399976970628
5942,ISM,250,1950,50,181,1.21147151451793,0.051975942380493745,0.004616999998688698
5943,DI,250,1950,50,182,9.80127920333021e-15,1.887379141862766e-15,0.004052900010719895
5944,WMI,250,1950,50,182,1.0437689886258573e-14,1.9984014443252818e-15,0.0012833999935537577
5945,ISM,250,1950,50,182,1.21147151451793,0.051975942380493745,0.009569799993187189
5946,DI,250,1950,50,183,9.80127920333021e-15,1.887379141862766e-15,0.004428400017786771
5947,WMI,250,1950,50,183,1.0437689886258573e-14,1.9984014443252818e-15,0.002116299991030246
5948,ISM,250,1950,50,183,1.21147151451793,0.051975942380493745,0.009882399986963719
5949,DI,250,1950,50,184,9.80127920333021e-15,1.887379141862766e-15,0.004303199995774776
5950,WMI,250,1950,50,184,1.0437689886258573e-14,1.9984014443252818e-15,0.0012998000020161271
5951,ISM,250,1950,50,184,1.21147151451793,0.051975942380493745,0.00869550000061281
5952,DI,250,1950,50,185,9.80127920333021e-15,1.887379141862766e-15,0.0037506000080611557
5953,WMI,250,1950,50,185,1.0437689886258573e-14,1.9984014443252818e-15,0.0010254000080749393
5954,ISM,250,1950,50,185,1.21147151451793,0.051975942380493745,0.005873899994185194
5955,DI,250,1950,50,186,9.80127920333021e-15,1.887379141862766e-15,0.0035195000236853957
5956,WMI,250,1950,50,186,1.0437689886258573e-14,1.9984014443252818e-15,0.0008670999959576875
5957,ISM,250,1950,50,186,1.21147151451793,0.051975942380493745,0.009343699988676235
5958,DI,250,1950,50,187,9.80127920333021e-15,1.887379141862766e-15,0.004728600004455075
5959,WMI,250,1950,50,187,1.0437689886258573e-14,1.9984014443252818e-15,0.0011135000095237046
5960,ISM,250,1950,50,187,1.21147151451793,0.051975942380493745,0.009177400002954528
5961,DI,250,1950,50,188,9.80127920333021e-15,1.887379141862766e-15,0.005458100000396371
5962,WMI,250,1950,50,188,1.0437689886258573e-14,1.9984014443252818e-15,0.001653200015425682
5963,ISM,250,1950,50,188,1.21147151451793,0.051975942380493745,0.006387500005075708
5964,DI,250,1950,50,189,9.80127920333021e-15,1.887379141862766e-15,0.004586099996231496
5965,WMI,250,1950,50,189,1.0437689886258573e-14,1.9984014443252818e-15,0.0011787000112235546
5966,ISM,250,1950,50,189,1.21147151451793,0.051975942380493745,0.004524499992839992
5967,DI,250,1950,50,190,9.80127920333021e-15,1.887379141862766e-15,0.004376199998660013
5968,WMI,250,1950,50,190,1.0437689886258573e-14,1.9984014443252818e-15,0.0010110000148415565
5969,ISM,250,1950,50,190,1.21147151451793,0.051975942380493745,0.00760660000378266
5970,DI,250,1950,50,191,9.80127920333021e-15,1.887379141862766e-15,0.0037158999766688794
5971,WMI,250,1950,50,191,1.0437689886258573e-14,1.9984014443252818e-15,0.000800700014224276
5972,ISM,250,1950,50,191,1.21147151451793,0.051975942380493745,0.01386639999691397
5973,DI,250,1950,50,192,9.80127920333021e-15,1.887379141862766e-15,0.004841300018597394
5974,WMI,250,1950,50,192,1.0437689886258573e-14,1.9984014443252818e-15,0.001063500007148832
5975,ISM,250,1950,50,192,1.21147151451793,0.051975942380493745,0.004574399994453415
5976,DI,250,1950,50,193,9.80127920333021e-15,1.887379141862766e-15,0.004213800013530999
5977,WMI,250,1950,50,193,1.0437689886258573e-14,1.9984014443252818e-15,0.0011095999798271805
5978,ISM,250,1950,50,193,1.21147151451793,0.051975942380493745,0.00464040000224486
5979,DI,250,1950,50,194,9.80127920333021e-15,1.887379141862766e-15,0.005615900008706376
5980,WMI,250,1950,50,194,1.0437689886258573e-14,1.9984014443252818e-15,0.0016724000161048025
5981,ISM,250,1950,50,194,1.21147151451793,0.051975942380493745,0.009739300003275275
5982,DI,250,1950,50,195,9.80127920333021e-15,1.887379141862766e-15,0.005270599998766556
5983,WMI,250,1950,50,195,1.0437689886258573e-14,1.9984014443252818e-15,0.0013691000058315694
5984,ISM,250,1950,50,195,1.21147151451793,0.051975942380493745,0.004574999999022111
5985,DI,250,1950,50,196,9.80127920333021e-15,1.887379141862766e-15,0.0043981999915558845
5986,WMI,250,1950,50,196,1.0437689886258573e-14,1.9984014443252818e-15,0.0013744999887421727
5987,ISM,250,1950,50,196,1.21147151451793,0.051975942380493745,0.0047898999764584005
5988,DI,250,1950,50,197,9.80127920333021e-15,1.887379141862766e-15,0.004007599985925481
5989,WMI,250,1950,50,197,1.0437689886258573e-14,1.9984014443252818e-15,0.0011343999940436333
5990,ISM,250,1950,50,197,1.21147151451793,0.051975942380493745,0.009605799976270646
5991,DI,250,1950,50,198,9.80127920333021e-15,1.887379141862766e-15,0.003793400013819337
5992,WMI,250,1950,50,198,1.0437689886258573e-14,1.9984014443252818e-15,0.0009834000084083527
5993,ISM,250,1950,50,198,1.21147151451793,0.051975942380493745,0.004819099995074794
5994,DI,250,1950,50,199,9.80127920333021e-15,1.887379141862766e-15,0.0037320000119507313
5995,WMI,250,1950,50,199,1.0437689886258573e-14,1.9984014443252818e-15,0.001389099983498454
5996,ISM,250,1950,50,199,1.21147151451793,0.051975942380493745,0.004925399989588186
5997,DI,250,1950,50,200,9.80127920333021e-15,1.887379141862766e-15,0.003595999995013699
5998,WMI,250,1950,50,200,1.0437689886258573e-14,1.9984014443252818e-15,0.0012513999827206135
5999,ISM,250,1950,50,200,1.21147151451793,0.051975942380493745,0.00870589999249205
6000,DI,250,1900,100,1,1.0274252241575476e-14,1.9984014443252818e-15,0.0036749000137206167
6001,WMI,250,1900,100,1,1.0712549428710097e-14,1.9984014443252818e-15,0.002379800018388778
6002,ISM,250,1900,100,1,1.9331661677037268,0.08904702833776712,0.015215799998259172
6003,DI,250,1900,100,2,1.0274252241575476e-14,1.9984014443252818e-15,0.00368029999663122
6004,WMI,250,1900,100,2,1.0712549428710097e-14,1.9984014443252818e-15,0.0022507000248879194
6005,ISM,250,1900,100,2,1.9331661677037268,0.08904702833776712,0.012183899991214275
6006,DI,250,1900,100,3,1.0274252241575476e-14,1.9984014443252818e-15,0.0034549999982118607
6007,WMI,250,1900,100,3,1.0712549428710097e-14,1.9984014443252818e-15,0.001987399999052286
6008,ISM,250,1900,100,3,1.9331661677037268,0.08904702833776712,0.017465799988713115
6009,DI,250,1900,100,4,1.0274252241575476e-14,1.9984014443252818e-15,0.0039570999797433615
6010,WMI,250,1900,100,4,1.0712549428710097e-14,1.9984014443252818e-15,0.001993299985770136
6011,ISM,250,1900,100,4,1.9331661677037268,0.08904702833776712,0.011097000009613112
6012,DI,250,1900,100,5,1.0274252241575476e-14,1.9984014443252818e-15,0.00421820001793094
6013,WMI,250,1900,100,5,1.0712549428710097e-14,1.9984014443252818e-15,0.0025806000048760325
6014,ISM,250,1900,100,5,1.9331661677037268,0.08904702833776712,0.01997059999848716
6015,DI,250,1900,100,6,1.0274252241575476e-14,1.9984014443252818e-15,0.004309900017688051
6016,WMI,250,1900,100,6,1.0712549428710097e-14,1.9984014443252818e-15,0.0024711999867577106
6017,ISM,250,1900,100,6,1.9331661677037268,0.08904702833776712,0.009534499986330047
6018,DI,250,1900,100,7,1.0274252241575476e-14,1.9984014443252818e-15,0.004291899997042492
6019,WMI,250,1900,100,7,1.0712549428710097e-14,1.9984014443252818e-15,0.0027169999957550317
6020,ISM,250,1900,100,7,1.9331661677037268,0.08904702833776712,0.02095710000139661
6021,DI,250,1900,100,8,1.0274252241575476e-14,1.9984014443252818e-15,0.004841700021643192
6022,WMI,250,1900,100,8,1.0712549428710097e-14,1.9984014443252818e-15,0.002394099981756881
6023,ISM,250,1900,100,8,1.9331661677037268,0.08904702833776712,0.016847100021550432
6024,DI,250,1900,100,9,1.0274252241575476e-14,1.9984014443252818e-15,0.004074600001331419
6025,WMI,250,1900,100,9,1.0712549428710097e-14,1.9984014443252818e-15,0.0030735000036656857
6026,ISM,250,1900,100,9,1.9331661677037268,0.08904702833776712,0.01955409999936819
6027,DI,250,1900,100,10,1.0274252241575476e-14,1.9984014443252818e-15,0.005927199992584065
6028,WMI,250,1900,100,10,1.0712549428710097e-14,1.9984014443252818e-15,0.0038197000103536993
6029,ISM,250,1900,100,10,1.9331661677037268,0.08904702833776712,0.014130999974440783
6030,DI,250,1900,100,11,1.0274252241575476e-14,1.9984014443252818e-15,0.004086699977051467
6031,WMI,250,1900,100,11,1.0712549428710097e-14,1.9984014443252818e-15,0.0023064000124577433
6032,ISM,250,1900,100,11,1.9331661677037268,0.08904702833776712,0.01416419999441132
6033,DI,250,1900,100,12,1.0274252241575476e-14,1.9984014443252818e-15,0.0035760000173468143
6034,WMI,250,1900,100,12,1.0712549428710097e-14,1.9984014443252818e-15,0.002286600007209927
6035,ISM,250,1900,100,12,1.9331661677037268,0.08904702833776712,0.01785479998216033
6036,DI,250,1900,100,13,1.0274252241575476e-14,1.9984014443252818e-15,0.003926600009435788
6037,WMI,250,1900,100,13,1.0712549428710097e-14,1.9984014443252818e-15,0.0026415000029373914
6038,ISM,250,1900,100,13,1.9331661677037268,0.08904702833776712,0.01023479999275878
6039,DI,250,1900,100,14,1.0274252241575476e-14,1.9984014443252818e-15,0.0033996999845840037
6040,WMI,250,1900,100,14,1.0712549428710097e-14,1.9984014443252818e-15,0.002061599981971085
6041,ISM,250,1900,100,14,1.9331661677037268,0.08904702833776712,0.008593500009737909
6042,DI,250,1900,100,15,1.0274252241575476e-14,1.9984014443252818e-15,0.004141899989917874
6043,WMI,250,1900,100,15,1.0712549428710097e-14,1.9984014443252818e-15,0.0025519000191707164
6044,ISM,250,1900,100,15,1.9331661677037268,0.08904702833776712,0.014693999983137473
6045,DI,250,1900,100,16,1.0274252241575476e-14,1.9984014443252818e-15,0.003557700023520738
6046,WMI,250,1900,100,16,1.0712549428710097e-14,1.9984014443252818e-15,0.0058865000028163195
6047,ISM,250,1900,100,16,1.9331661677037268,0.08904702833776712,0.008766199985984713
6048,DI,250,1900,100,17,1.0274252241575476e-14,1.9984014443252818e-15,0.003990600001998246
6049,WMI,250,1900,100,17,1.0712549428710097e-14,1.9984014443252818e-15,0.002255300001706928
6050,ISM,250,1900,100,17,1.9331661677037268,0.08904702833776712,0.015223199996398762
6051,DI,250,1900,100,18,1.0274252241575476e-14,1.9984014443252818e-15,0.003839000011794269
6052,WMI,250,1900,100,18,1.0712549428710097e-14,1.9984014443252818e-15,0.0023437000054400414
6053,ISM,250,1900,100,18,1.9331661677037268,0.08904702833776712,0.009127099998295307
6054,DI,250,1900,100,19,1.0274252241575476e-14,1.9984014443252818e-15,0.002892399992560968
6055,WMI,250,1900,100,19,1.0712549428710097e-14,1.9984014443252818e-15,0.002307299990206957
6056,ISM,250,1900,100,19,1.9331661677037268,0.08904702833776712,0.008966099994722754
6057,DI,250,1900,100,20,1.0274252241575476e-14,1.9984014443252818e-15,0.003643700008979067
6058,WMI,250,1900,100,20,1.0712549428710097e-14,1.9984014443252818e-15,0.0022527999826706946
6059,ISM,250,1900,100,20,1.9331661677037268,0.08904702833776712,0.013164500007405877
6060,DI,250,1900,100,21,1.0274252241575476e-14,1.9984014443252818e-15,0.003513999981805682
6061,WMI,250,1900,100,21,1.0712549428710097e-14,1.9984014443252818e-15,0.0022683999850414693
6062,ISM,250,1900,100,21,1.9331661677037268,0.08904702833776712,0.01817480000318028
6063,DI,250,1900,100,22,1.0274252241575476e-14,1.9984014443252818e-15,0.0036647999950218946
6064,WMI,250,1900,100,22,1.0712549428710097e-14,1.9984014443252818e-15,0.0024053000088315457
6065,ISM,250,1900,100,22,1.9331661677037268,0.08904702833776712,0.009573699993779883
6066,DI,250,1900,100,23,1.0274252241575476e-14,1.9984014443252818e-15,0.0038929999864194542
6067,WMI,250,1900,100,23,1.0712549428710097e-14,1.9984014443252818e-15,0.0024707000120542943
6068,ISM,250,1900,100,23,1.9331661677037268,0.08904702833776712,0.008895899984054267
6069,DI,250,1900,100,24,1.0274252241575476e-14,1.9984014443252818e-15,0.003056199988350272
6070,WMI,250,1900,100,24,1.0712549428710097e-14,1.9984014443252818e-15,0.0024360000097658485
6071,ISM,250,1900,100,24,1.9331661677037268,0.08904702833776712,0.01686509998398833
6072,DI,250,1900,100,25,1.0274252241575476e-14,1.9984014443252818e-15,0.003548099979525432
6073,WMI,250,1900,100,25,1.0712549428710097e-14,1.9984014443252818e-15,0.002533199993195012
6074,ISM,250,1900,100,25,1.9331661677037268,0.08904702833776712,0.011460700014140457
6075,DI,250,1900,100,26,1.0274252241575476e-14,1.9984014443252818e-15,0.0032586000161245465
6076,WMI,250,1900,100,26,1.0712549428710097e-14,1.9984014443252818e-15,0.002595500001916662
6077,ISM,250,1900,100,26,1.9331661677037268,0.08904702833776712,0.019166499987477437
6078,DI,250,1900,100,27,1.0274252241575476e-14,1.9984014443252818e-15,0.003731399978278205
6079,WMI,250,1900,100,27,1.0712549428710097e-14,1.9984014443252818e-15,0.002365699998335913
6080,ISM,250,1900,100,27,1.9331661677037268,0.08904702833776712,0.013172099977964535
6081,DI,250,1900,100,28,1.0274252241575476e-14,1.9984014443252818e-15,0.0033198000164702535
6082,WMI,250,1900,100,28,1.0712549428710097e-14,1.9984014443252818e-15,0.002175900008296594
6083,ISM,250,1900,100,28,1.9331661677037268,0.08904702833776712,0.011456899985205382
6084,DI,250,1900,100,29,1.0274252241575476e-14,1.9984014443252818e-15,0.003528099972754717
6085,WMI,250,1900,100,29,1.0712549428710097e-14,1.9984014443252818e-15,0.0026599999982863665
6086,ISM,250,1900,100,29,1.9331661677037268,0.08904702833776712,0.009671299980254844
6087,DI,250,1900,100,30,1.0274252241575476e-14,1.9984014443252818e-15,0.0034650999878067523
6088,WMI,250,1900,100,30,1.0712549428710097e-14,1.9984014443252818e-15,0.0022672000050079077
6089,ISM,250,1900,100,30,1.9331661677037268,0.08904702833776712,0.015348699991591275
6090,DI,250,1900,100,31,1.0274252241575476e-14,1.9984014443252818e-15,0.0033242999925278127
6091,WMI,250,1900,100,31,1.0712549428710097e-14,1.9984014443252818e-15,0.002156800008378923
6092,ISM,250,1900,100,31,1.9331661677037268,0.08904702833776712,0.017204899981152266
6093,DI,250,1900,100,32,1.0274252241575476e-14,1.9984014443252818e-15,0.004439400014234707
6094,WMI,250,1900,100,32,1.0712549428710097e-14,1.9984014443252818e-15,0.0026316000148653984
6095,ISM,250,1900,100,32,1.9331661677037268,0.08904702833776712,0.009065499994903803
6096,DI,250,1900,100,33,1.0274252241575476e-14,1.9984014443252818e-15,0.0032304999767802656
6097,WMI,250,1900,100,33,1.0712549428710097e-14,1.9984014443252818e-15,0.0017989000189118087
6098,ISM,250,1900,100,33,1.9331661677037268,0.08904702833776712,0.017128100007539615
6099,DI,250,1900,100,34,1.0274252241575476e-14,1.9984014443252818e-15,0.013458400004310533
6100,WMI,250,1900,100,34,1.0712549428710097e-14,1.9984014443252818e-15,0.0025566999975126237
6101,ISM,250,1900,100,34,1.9331661677037268,0.08904702833776712,0.008814800006803125
6102,DI,250,1900,100,35,1.0274252241575476e-14,1.9984014443252818e-15,0.004341599997133017
6103,WMI,250,1900,100,35,1.0712549428710097e-14,1.9984014443252818e-15,0.002434399997582659
6104,ISM,250,1900,100,35,1.9331661677037268,0.08904702833776712,0.008681800012709573
6105,DI,250,1900,100,36,1.0274252241575476e-14,1.9984014443252818e-15,0.004452499997569248
6106,WMI,250,1900,100,36,1.0712549428710097e-14,1.9984014443252818e-15,0.002214400010416284
6107,ISM,250,1900,100,36,1.9331661677037268,0.08904702833776712,0.012972199998330325
6108,DI,250,1900,100,37,1.0274252241575476e-14,1.9984014443252818e-15,0.016621399990981445
6109,WMI,250,1900,100,37,1.0712549428710097e-14,1.9984014443252818e-15,0.0016539999924134463
6110,ISM,250,1900,100,37,1.9331661677037268,0.08904702833776712,0.01764449998154305
6111,DI,250,1900,100,38,1.0274252241575476e-14,1.9984014443252818e-15,0.00504190000356175
6112,WMI,250,1900,100,38,1.0712549428710097e-14,1.9984014443252818e-15,0.002272400015499443
6113,ISM,250,1900,100,38,1.9331661677037268,0.08904702833776712,0.009265400003641844
6114,DI,250,1900,100,39,1.0274252241575476e-14,1.9984014443252818e-15,0.005088300007628277
6115,WMI,250,1900,100,39,1.0712549428710097e-14,1.9984014443252818e-15,0.002297700004419312
6116,ISM,250,1900,100,39,1.9331661677037268,0.08904702833776712,0.015795899991644546
6117,DI,250,1900,100,40,1.0274252241575476e-14,1.9984014443252818e-15,0.0043440999870654196
6118,WMI,250,1900,100,40,1.0712549428710097e-14,1.9984014443252818e-15,0.002606299996841699
6119,ISM,250,1900,100,40,1.9331661677037268,0.08904702833776712,0.013814900012221187
6120,DI,250,1900,100,41,1.0274252241575476e-14,1.9984014443252818e-15,0.004938800004310906
6121,WMI,250,1900,100,41,1.0712549428710097e-14,1.9984014443252818e-15,0.0021106000058352947
6122,ISM,250,1900,100,41,1.9331661677037268,0.08904702833776712,0.020266499981516972
6123,DI,250,1900,100,42,1.0274252241575476e-14,1.9984014443252818e-15,0.004279600019799545
6124,WMI,250,1900,100,42,1.0712549428710097e-14,1.9984014443252818e-15,0.0022539999918080866
6125,ISM,250,1900,100,42,1.9331661677037268,0.08904702833776712,0.019479299982776865
6126,DI,250,1900,100,43,1.0274252241575476e-14,1.9984014443252818e-15,0.004293900012271479
6127,WMI,250,1900,100,43,1.0712549428710097e-14,1.9984014443252818e-15,0.0025717999960761517
6128,ISM,250,1900,100,43,1.9331661677037268,0.08904702833776712,0.019563599984394386
6129,DI,250,1900,100,44,1.0274252241575476e-14,1.9984014443252818e-15,0.004788399994140491
6130,WMI,250,1900,100,44,1.0712549428710097e-14,1.9984014443252818e-15,0.003039100003661588
6131,ISM,250,1900,100,44,1.9331661677037268,0.08904702833776712,0.022291599976597354
6132,DI,250,1900,100,45,1.0274252241575476e-14,1.9984014443252818e-15,0.005004800012102351
6133,WMI,250,1900,100,45,1.0712549428710097e-14,1.9984014443252818e-15,0.003768299997318536
6134,ISM,250,1900,100,45,1.9331661677037268,0.08904702833776712,0.020516899996437132
6135,DI,250,1900,100,46,1.0274252241575476e-14,1.9984014443252818e-15,0.005463000008603558
6136,WMI,250,1900,100,46,1.0712549428710097e-14,1.9984014443252818e-15,0.0025597999920137227
6137,ISM,250,1900,100,46,1.9331661677037268,0.08904702833776712,0.02177650001249276
6138,DI,250,1900,100,47,1.0274252241575476e-14,1.9984014443252818e-15,0.004500500013818964
6139,WMI,250,1900,100,47,1.0712549428710097e-14,1.9984014443252818e-15,0.0026527000009082258
6140,ISM,250,1900,100,47,1.9331661677037268,0.08904702833776712,0.018700000015087426
6141,DI,250,1900,100,48,1.0274252241575476e-14,1.9984014443252818e-15,0.00416919999406673
6142,WMI,250,1900,100,48,1.0712549428710097e-14,1.9984014443252818e-15,0.0024856999807525426
6143,ISM,250,1900,100,48,1.9331661677037268,0.08904702833776712,0.020988000003853813
6144,DI,250,1900,100,49,1.0274252241575476e-14,1.9984014443252818e-15,0.004108299996005371
6145,WMI,250,1900,100,49,1.0712549428710097e-14,1.9984014443252818e-15,0.003127100004348904
6146,ISM,250,1900,100,49,1.9331661677037268,0.08904702833776712,0.01763980000396259
6147,DI,250,1900,100,50,1.0274252241575476e-14,1.9984014443252818e-15,0.005281799996737391
6148,WMI,250,1900,100,50,1.0712549428710097e-14,1.9984014443252818e-15,0.002847199997631833
6149,ISM,250,1900,100,50,1.9331661677037268,0.08904702833776712,0.019731400010641664
6150,DI,250,1900,100,51,1.0274252241575476e-14,1.9984014443252818e-15,0.005334700021194294
6151,WMI,250,1900,100,51,1.0712549428710097e-14,1.9984014443252818e-15,0.0029551999759860337
6152,DI,250,1900,100,52,1.0274252241575476e-14,1.9984014443252818e-15,0.004606600006809458
6153,WMI,250,1900,100,52,1.0712549428710097e-14,1.9984014443252818e-15,0.002287000010255724
6154,DI,250,1900,100,53,1.0274252241575476e-14,1.9984014443252818e-15,0.003791600000113249
6155,WMI,250,1900,100,53,1.0712549428710097e-14,1.9984014443252818e-15,0.0018635999877005816
6156,DI,250,1900,100,54,1.0274252241575476e-14,1.9984014443252818e-15,0.0032771999831311405
6157,WMI,250,1900,100,54,1.0712549428710097e-14,1.9984014443252818e-15,0.0016399000014644116
6158,DI,250,1900,100,55,1.0274252241575476e-14,1.9984014443252818e-15,0.004707499989308417
6159,WMI,250,1900,100,55,1.0712549428710097e-14,1.9984014443252818e-15,0.0024099999864120036
6160,DI,250,1900,100,56,1.0274252241575476e-14,1.9984014443252818e-15,0.0033294000022578984
6161,WMI,250,1900,100,56,1.0712549428710097e-14,1.9984014443252818e-15,0.0017516000079922378
6162,DI,250,1900,100,57,1.0274252241575476e-14,1.9984014443252818e-15,0.003350799990585074
6163,WMI,250,1900,100,57,1.0712549428710097e-14,1.9984014443252818e-15,0.0020260000019334257
6164,DI,250,1900,100,58,1.0274252241575476e-14,1.9984014443252818e-15,0.003524300002027303
6165,WMI,250,1900,100,58,1.0712549428710097e-14,1.9984014443252818e-15,0.0016571999876759946
6166,DI,250,1900,100,59,1.0274252241575476e-14,1.9984014443252818e-15,0.002974200004246086
6167,WMI,250,1900,100,59,1.0712549428710097e-14,1.9984014443252818e-15,0.0015713000029791147
6168,DI,250,1900,100,60,1.0274252241575476e-14,1.9984014443252818e-15,0.003247100015869364
6169,WMI,250,1900,100,60,1.0712549428710097e-14,1.9984014443252818e-15,0.0016931999998632818
6170,DI,250,1900,100,61,1.0274252241575476e-14,1.9984014443252818e-15,0.0031310000049415976
6171,WMI,250,1900,100,61,1.0712549428710097e-14,1.9984014443252818e-15,0.0016909000114537776
6172,DI,250,1900,100,62,1.0274252241575476e-14,1.9984014443252818e-15,0.003076399996643886
6173,WMI,250,1900,100,62,1.0712549428710097e-14,1.9984014443252818e-15,0.0017168000049423426
6174,DI,250,1900,100,63,1.0274252241575476e-14,1.9984014443252818e-15,0.003282799996668473
6175,WMI,250,1900,100,63,1.0712549428710097e-14,1.9984014443252818e-15,0.0017883999971672893
6176,DI,250,1900,100,64,1.0274252241575476e-14,1.9984014443252818e-15,0.003053099993849173
6177,WMI,250,1900,100,64,1.0712549428710097e-14,1.9984014443252818e-15,0.0015397999959532171
6178,DI,250,1900,100,65,1.0274252241575476e-14,1.9984014443252818e-15,0.0030286999826785177
6179,WMI,250,1900,100,65,1.0712549428710097e-14,1.9984014443252818e-15,0.0019256999948993325
6180,DI,250,1900,100,66,1.0274252241575476e-14,1.9984014443252818e-15,0.0032100000244099647
6181,WMI,250,1900,100,66,1.0712549428710097e-14,1.9984014443252818e-15,0.0015436999965459108
6182,DI,250,1900,100,67,1.0274252241575476e-14,1.9984014443252818e-15,0.0028186000126879662
6183,WMI,250,1900,100,67,1.0712549428710097e-14,1.9984014443252818e-15,0.0019182999967597425
6184,DI,250,1900,100,68,1.0274252241575476e-14,1.9984014443252818e-15,0.0031531999993603677
6185,WMI,250,1900,100,68,1.0712549428710097e-14,1.9984014443252818e-15,0.0016719000122975558
6186,DI,250,1900,100,69,1.0274252241575476e-14,1.9984014443252818e-15,0.002882000000681728
6187,WMI,250,1900,100,69,1.0712549428710097e-14,1.9984014443252818e-15,0.0014668999938294291
6188,DI,250,1900,100,70,1.0274252241575476e-14,1.9984014443252818e-15,0.0030116999987512827
6189,WMI,250,1900,100,70,1.0712549428710097e-14,1.9984014443252818e-15,0.001923900010297075
6190,DI,250,1900,100,71,1.0274252241575476e-14,1.9984014443252818e-15,0.0029569999896921217
6191,WMI,250,1900,100,71,1.0712549428710097e-14,1.9984014443252818e-15,0.0016411000106018037
6192,DI,250,1900,100,72,1.0274252241575476e-14,1.9984014443252818e-15,0.0028018000011797994
6193,WMI,250,1900,100,72,1.0712549428710097e-14,1.9984014443252818e-15,0.0016161999956239015
6194,DI,250,1900,100,73,1.0274252241575476e-14,1.9984014443252818e-15,0.0038388999819289893
6195,WMI,250,1900,100,73,1.0712549428710097e-14,1.9984014443252818e-15,0.002184899989515543
6196,DI,250,1900,100,74,1.0274252241575476e-14,1.9984014443252818e-15,0.0037616000045090914
6197,WMI,250,1900,100,74,1.0712549428710097e-14,1.9984014443252818e-15,0.0017040000238921493
6198,DI,250,1900,100,75,1.0274252241575476e-14,1.9984014443252818e-15,0.0036677999887615442
6199,WMI,250,1900,100,75,1.0712549428710097e-14,1.9984014443252818e-15,0.001852200017310679
6200,DI,250,1900,100,76,1.0274252241575476e-14,1.9984014443252818e-15,0.003417800005991012
6201,WMI,250,1900,100,76,1.0712549428710097e-14,1.9984014443252818e-15,0.0018268999992869794
6202,DI,250,1900,100,77,1.0274252241575476e-14,1.9984014443252818e-15,0.0036158000002615154
6203,WMI,250,1900,100,77,1.0712549428710097e-14,1.9984014443252818e-15,0.0019271000055596232
6204,DI,250,1900,100,78,1.0274252241575476e-14,1.9984014443252818e-15,0.0034522000059951097
6205,WMI,250,1900,100,78,1.0712549428710097e-14,1.9984014443252818e-15,0.0018816000083461404
6206,DI,250,1900,100,79,1.0274252241575476e-14,1.9984014443252818e-15,0.0034946000087074935
6207,WMI,250,1900,100,79,1.0712549428710097e-14,1.9984014443252818e-15,0.0027222000062465668
6208,DI,250,1900,100,80,1.0274252241575476e-14,1.9984014443252818e-15,0.003437800012761727
6209,WMI,250,1900,100,80,1.0712549428710097e-14,1.9984014443252818e-15,0.0018441000138409436
6210,DI,250,1900,100,81,1.0274252241575476e-14,1.9984014443252818e-15,0.0032698999857529998
6211,WMI,250,1900,100,81,1.0712549428710097e-14,1.9984014443252818e-15,0.0031667999865021557
6212,DI,250,1900,100,82,1.0274252241575476e-14,1.9984014443252818e-15,0.003620000003138557
6213,WMI,250,1900,100,82,1.0712549428710097e-14,1.9984014443252818e-15,0.0018983000190928578
6214,DI,250,1900,100,83,1.0274252241575476e-14,1.9984014443252818e-15,0.003185000008670613
6215,WMI,250,1900,100,83,1.0712549428710097e-14,1.9984014443252818e-15,0.001740399980917573
6216,DI,250,1900,100,84,1.0274252241575476e-14,1.9984014443252818e-15,0.003073499974561855
6217,WMI,250,1900,100,84,1.0712549428710097e-14,1.9984014443252818e-15,0.002152899978682399
6218,DI,250,1900,100,85,1.0274252241575476e-14,1.9984014443252818e-15,0.0030981999880168587
6219,WMI,250,1900,100,85,1.0712549428710097e-14,1.9984014443252818e-15,0.001590500003658235
6220,DI,250,1900,100,86,1.0274252241575476e-14,1.9984014443252818e-15,0.003144699992844835
6221,WMI,250,1900,100,86,1.0712549428710097e-14,1.9984014443252818e-15,0.0016919999907258898
6222,DI,250,1900,100,87,1.0274252241575476e-14,1.9984014443252818e-15,0.0029036999912932515
6223,WMI,250,1900,100,87,1.0712549428710097e-14,1.9984014443252818e-15,0.0015304000116884708
6224,DI,250,1900,100,88,1.0274252241575476e-14,1.9984014443252818e-15,0.0029950000171083957
6225,WMI,250,1900,100,88,1.0712549428710097e-14,1.9984014443252818e-15,0.0017037999932654202
6226,DI,250,1900,100,89,1.0274252241575476e-14,1.9984014443252818e-15,0.0027808000158984214
6227,WMI,250,1900,100,89,1.0712549428710097e-14,1.9984014443252818e-15,0.0015218000044114888
6228,DI,250,1900,100,90,1.0274252241575476e-14,1.9984014443252818e-15,0.0029227000195533037
6229,WMI,250,1900,100,90,1.0712549428710097e-14,1.9984014443252818e-15,0.0016543999954592437
6230,DI,250,1900,100,91,1.0274252241575476e-14,1.9984014443252818e-15,0.0029375000158324838
6231,WMI,250,1900,100,91,1.0712549428710097e-14,1.9984014443252818e-15,0.001802799990400672
6232,DI,250,1900,100,92,1.0274252241575476e-14,1.9984014443252818e-15,0.003152999997837469
6233,WMI,250,1900,100,92,1.0712549428710097e-14,1.9984014443252818e-15,0.0015814999933354557
6234,DI,250,1900,100,93,1.0274252241575476e-14,1.9984014443252818e-15,0.003042800002731383
6235,WMI,250,1900,100,93,1.0712549428710097e-14,1.9984014443252818e-15,0.0016854999994393438
6236,DI,250,1900,100,94,1.0274252241575476e-14,1.9984014443252818e-15,0.003284399979747832
6237,WMI,250,1900,100,94,1.0712549428710097e-14,1.9984014443252818e-15,0.0015780000248923898
6238,DI,250,1900,100,95,1.0274252241575476e-14,1.9984014443252818e-15,0.0029434999742079526
6239,WMI,250,1900,100,95,1.0712549428710097e-14,1.9984014443252818e-15,0.0021278999920468777
6240,DI,250,1900,100,96,1.0274252241575476e-14,1.9984014443252818e-15,0.003152699995553121
6241,WMI,250,1900,100,96,1.0712549428710097e-14,1.9984014443252818e-15,0.0017223999893758446
6242,DI,250,1900,100,97,1.0274252241575476e-14,1.9984014443252818e-15,0.00298990000737831
6243,WMI,250,1900,100,97,1.0712549428710097e-14,1.9984014443252818e-15,0.0016109999851323664
6244,DI,250,1900,100,98,1.0274252241575476e-14,1.9984014443252818e-15,0.002892999997129664
6245,WMI,250,1900,100,98,1.0712549428710097e-14,1.9984014443252818e-15,0.0015231000143103302
6246,DI,250,1900,100,99,1.0274252241575476e-14,1.9984014443252818e-15,0.0033397000224795192
6247,WMI,250,1900,100,99,1.0712549428710097e-14,1.9984014443252818e-15,0.0016804999904707074
6248,DI,250,1900,100,100,1.0274252241575476e-14,1.9984014443252818e-15,0.0029924000264145434
6249,WMI,250,1900,100,100,1.0712549428710097e-14,1.9984014443252818e-15,0.0015629999979864806
6250,DI,250,1900,100,101,1.0274252241575476e-14,1.9984014443252818e-15,0.0028880999889224768
6251,WMI,250,1900,100,101,1.0712549428710097e-14,1.9984014443252818e-15,0.0018253999878652394
6252,DI,250,1900,100,102,1.0274252241575476e-14,1.9984014443252818e-15,0.0031949999975040555
6253,WMI,250,1900,100,102,1.0712549428710097e-14,1.9984014443252818e-15,0.0016399999731220305
6254,DI,250,1900,100,103,1.0274252241575476e-14,1.9984014443252818e-15,0.0028873000119347125
6255,WMI,250,1900,100,103,1.0712549428710097e-14,1.9984014443252818e-15,0.001569500018376857
6256,DI,250,1900,100,104,1.0274252241575476e-14,1.9984014443252818e-15,0.0030621999758295715
6257,WMI,250,1900,100,104,1.0712549428710097e-14,1.9984014443252818e-15,0.0015765000134706497
6258,DI,250,1900,100,105,1.0274252241575476e-14,1.9984014443252818e-15,0.0030587000073865056
6259,WMI,250,1900,100,105,1.0712549428710097e-14,1.9984014443252818e-15,0.0016028000100050122
6260,DI,250,1900,100,106,1.0274252241575476e-14,1.9984014443252818e-15,0.0028741999994963408
6261,WMI,250,1900,100,106,1.0712549428710097e-14,1.9984014443252818e-15,0.002263000002130866
6262,DI,250,1900,100,107,1.0274252241575476e-14,1.9984014443252818e-15,0.003129599994281307
6263,WMI,250,1900,100,107,1.0712549428710097e-14,1.9984014443252818e-15,0.001807399996323511
6264,DI,250,1900,100,108,1.0274252241575476e-14,1.9984014443252818e-15,0.002976799994939938
6265,WMI,250,1900,100,108,1.0712549428710097e-14,1.9984014443252818e-15,0.0015616999880876392
6266,DI,250,1900,100,109,1.0274252241575476e-14,1.9984014443252818e-15,0.003209699993021786
6267,WMI,250,1900,100,109,1.0712549428710097e-14,1.9984014443252818e-15,0.0017220000154338777
6268,DI,250,1900,100,110,1.0274252241575476e-14,1.9984014443252818e-15,0.0028355999966152012
6269,WMI,250,1900,100,110,1.0712549428710097e-14,1.9984014443252818e-15,0.0015088999934960157
6270,DI,250,1900,100,111,1.0274252241575476e-14,1.9984014443252818e-15,0.00281360000371933
6271,WMI,250,1900,100,111,1.0712549428710097e-14,1.9984014443252818e-15,0.0016154999902937561
6272,DI,250,1900,100,112,1.0274252241575476e-14,1.9984014443252818e-15,0.0032475999905727804
6273,WMI,250,1900,100,112,1.0712549428710097e-14,1.9984014443252818e-15,0.001564900012454018
6274,DI,250,1900,100,113,1.0274252241575476e-14,1.9984014443252818e-15,0.002879200008464977
6275,WMI,250,1900,100,113,1.0712549428710097e-14,1.9984014443252818e-15,0.0016188999870792031
6276,DI,250,1900,100,114,1.0274252241575476e-14,1.9984014443252818e-15,0.0030932999798096716
6277,WMI,250,1900,100,114,1.0712549428710097e-14,1.9984014443252818e-15,0.0020189000060781837
6278,DI,250,1900,100,115,1.0274252241575476e-14,1.9984014443252818e-15,0.003165999980410561
6279,WMI,250,1900,100,115,1.0712549428710097e-14,1.9984014443252818e-15,0.001774700009264052
6280,DI,250,1900,100,116,1.0274252241575476e-14,1.9984014443252818e-15,0.002981600002385676
6281,WMI,250,1900,100,116,1.0712549428710097e-14,1.9984014443252818e-15,0.001711999997496605
6282,DI,250,1900,100,117,1.0274252241575476e-14,1.9984014443252818e-15,0.003330400009872392
6283,WMI,250,1900,100,117,1.0712549428710097e-14,1.9984014443252818e-15,0.0020373000006657094
6284,DI,250,1900,100,118,1.0274252241575476e-14,1.9984014443252818e-15,0.0031568999984301627
6285,WMI,250,1900,100,118,1.0712549428710097e-14,1.9984014443252818e-15,0.0015318000223487616
6286,DI,250,1900,100,119,1.0274252241575476e-14,1.9984014443252818e-15,0.003258299984736368
6287,WMI,250,1900,100,119,1.0712549428710097e-14,1.9984014443252818e-15,0.0016499000194016844
6288,DI,250,1900,100,120,1.0274252241575476e-14,1.9984014443252818e-15,0.0030812000040896237
6289,WMI,250,1900,100,120,1.0712549428710097e-14,1.9984014443252818e-15,0.002070300019113347
6290,DI,250,1900,100,121,1.0274252241575476e-14,1.9984014443252818e-15,0.0031503000063821673
6291,WMI,250,1900,100,121,1.0712549428710097e-14,1.9984014443252818e-15,0.0023874000180512667
6292,DI,250,1900,100,122,1.0274252241575476e-14,1.9984014443252818e-15,0.0035715000121854246
6293,WMI,250,1900,100,122,1.0712549428710097e-14,1.9984014443252818e-15,0.0019942999933846295
6294,DI,250,1900,100,123,1.0274252241575476e-14,1.9984014443252818e-15,0.00348330000997521
6295,WMI,250,1900,100,123,1.0712549428710097e-14,1.9984014443252818e-15,0.0018041000002995133
6296,DI,250,1900,100,124,1.0274252241575476e-14,1.9984014443252818e-15,0.0035604999866336584
6297,WMI,250,1900,100,124,1.0712549428710097e-14,1.9984014443252818e-15,0.001582500000949949
6298,DI,250,1900,100,125,1.0274252241575476e-14,1.9984014443252818e-15,0.0031347000040113926
6299,WMI,250,1900,100,125,1.0712549428710097e-14,1.9984014443252818e-15,0.0017750999832060188
6300,DI,250,1900,100,126,1.0274252241575476e-14,1.9984014443252818e-15,0.0030867000168655068
6301,WMI,250,1900,100,126,1.0712549428710097e-14,1.9984014443252818e-15,0.0015259000065270811
6302,DI,250,1900,100,127,1.0274252241575476e-14,1.9984014443252818e-15,0.0031023000192362815
6303,WMI,250,1900,100,127,1.0712549428710097e-14,1.9984014443252818e-15,0.0016605000128038228
6304,DI,250,1900,100,128,1.0274252241575476e-14,1.9984014443252818e-15,0.003587600018363446
6305,WMI,250,1900,100,128,1.0712549428710097e-14,1.9984014443252818e-15,0.002218100009486079
6306,DI,250,1900,100,129,1.0274252241575476e-14,1.9984014443252818e-15,0.003251700021792203
6307,WMI,250,1900,100,129,1.0712549428710097e-14,1.9984014443252818e-15,0.0017151000211015344
6308,DI,250,1900,100,130,1.0274252241575476e-14,1.9984014443252818e-15,0.003347999998368323
6309,WMI,250,1900,100,130,1.0712549428710097e-14,1.9984014443252818e-15,0.0018623000069055706
6310,DI,250,1900,100,131,1.0274252241575476e-14,1.9984014443252818e-15,0.003272600006312132
6311,WMI,250,1900,100,131,1.0712549428710097e-14,1.9984014443252818e-15,0.0016713999793864787
6312,DI,250,1900,100,132,1.0274252241575476e-14,1.9984014443252818e-15,0.0031202999816741794
6313,WMI,250,1900,100,132,1.0712549428710097e-14,1.9984014443252818e-15,0.00176760001340881
6314,DI,250,1900,100,133,1.0274252241575476e-14,1.9984014443252818e-15,0.003128000011201948
6315,WMI,250,1900,100,133,1.0712549428710097e-14,1.9984014443252818e-15,0.0015155000146478415
6316,DI,250,1900,100,134,1.0274252241575476e-14,1.9984014443252818e-15,0.0030098000133875757
6317,WMI,250,1900,100,134,1.0712549428710097e-14,1.9984014443252818e-15,0.001568300009239465
6318,DI,250,1900,100,135,1.0274252241575476e-14,1.9984014443252818e-15,0.0031626999843865633
6319,WMI,250,1900,100,135,1.0712549428710097e-14,1.9984014443252818e-15,0.0015291000017896295
6320,DI,250,1900,100,136,1.0274252241575476e-14,1.9984014443252818e-15,0.0030069000204093754
6321,WMI,250,1900,100,136,1.0712549428710097e-14,1.9984014443252818e-15,0.0016778999997768551
6322,DI,250,1900,100,137,1.0274252241575476e-14,1.9984014443252818e-15,0.0031507000094279647
6323,WMI,250,1900,100,137,1.0712549428710097e-14,1.9984014443252818e-15,0.0015056999982334673
6324,DI,250,1900,100,138,1.0274252241575476e-14,1.9984014443252818e-15,0.003184100001817569
6325,WMI,250,1900,100,138,1.0712549428710097e-14,1.9984014443252818e-15,0.0015613999858032912
6326,DI,250,1900,100,139,1.0274252241575476e-14,1.9984014443252818e-15,0.003399400011403486
6327,WMI,250,1900,100,139,1.0712549428710097e-14,1.9984014443252818e-15,0.0017067999870050699
6328,DI,250,1900,100,140,1.0274252241575476e-14,1.9984014443252818e-15,0.0034787999757099897
6329,WMI,250,1900,100,140,1.0712549428710097e-14,1.9984014443252818e-15,0.001554100017528981
6330,DI,250,1900,100,141,1.0274252241575476e-14,1.9984014443252818e-15,0.0032301000028382987
6331,WMI,250,1900,100,141,1.0712549428710097e-14,1.9984014443252818e-15,0.001512399991042912
6332,DI,250,1900,100,142,1.0274252241575476e-14,1.9984014443252818e-15,0.003022200020495802
6333,WMI,250,1900,100,142,1.0712549428710097e-14,1.9984014443252818e-15,0.0016250999760814011
6334,DI,250,1900,100,143,1.0274252241575476e-14,1.9984014443252818e-15,0.0033522000012453645
6335,WMI,250,1900,100,143,1.0712549428710097e-14,1.9984014443252818e-15,0.0016431999974884093
6336,DI,250,1900,100,144,1.0274252241575476e-14,1.9984014443252818e-15,0.0031017999863252044
6337,WMI,250,1900,100,144,1.0712549428710097e-14,1.9984014443252818e-15,0.0015257000050041825
6338,DI,250,1900,100,145,1.0274252241575476e-14,1.9984014443252818e-15,0.0033469000190962106
6339,WMI,250,1900,100,145,1.0712549428710097e-14,1.9984014443252818e-15,0.0018814000068232417
6340,DI,250,1900,100,146,1.0274252241575476e-14,1.9984014443252818e-15,0.00413519999710843
6341,WMI,250,1900,100,146,1.0712549428710097e-14,1.9984014443252818e-15,0.002163600001949817
6342,DI,250,1900,100,147,1.0274252241575476e-14,1.9984014443252818e-15,0.003445599984843284
6343,WMI,250,1900,100,147,1.0712549428710097e-14,1.9984014443252818e-15,0.0019733000081032515
6344,DI,250,1900,100,148,1.0274252241575476e-14,1.9984014443252818e-15,0.0038933999894652516
6345,WMI,250,1900,100,148,1.0712549428710097e-14,1.9984014443252818e-15,0.0017293000128120184
6346,DI,250,1900,100,149,1.0274252241575476e-14,1.9984014443252818e-15,0.003285599988885224
6347,WMI,250,1900,100,149,1.0712549428710097e-14,1.9984014443252818e-15,0.0015533000114373863
6348,DI,250,1900,100,150,1.0274252241575476e-14,1.9984014443252818e-15,0.003200000006472692
6349,WMI,250,1900,100,150,1.0712549428710097e-14,1.9984014443252818e-15,0.0016808999935165048
6350,DI,250,1900,100,151,1.0274252241575476e-14,1.9984014443252818e-15,0.0032878000056371093
6351,WMI,250,1900,100,151,1.0712549428710097e-14,1.9984014443252818e-15,0.0016142000094987452
6352,DI,250,1900,100,152,1.0274252241575476e-14,1.9984014443252818e-15,0.003362799994647503
6353,WMI,250,1900,100,152,1.0712549428710097e-14,1.9984014443252818e-15,0.0017760999908205122
6354,DI,250,1900,100,153,1.0274252241575476e-14,1.9984014443252818e-15,0.0033515999966766685
6355,WMI,250,1900,100,153,1.0712549428710097e-14,1.9984014443252818e-15,0.0016944000090006739
6356,DI,250,1900,100,154,1.0274252241575476e-14,1.9984014443252818e-15,0.0031753999937791377
6357,WMI,250,1900,100,154,1.0712549428710097e-14,1.9984014443252818e-15,0.0016807999927550554
6358,DI,250,1900,100,155,1.0274252241575476e-14,1.9984014443252818e-15,0.0032412000000476837
6359,WMI,250,1900,100,155,1.0712549428710097e-14,1.9984014443252818e-15,0.001632300001801923
6360,DI,250,1900,100,156,1.0274252241575476e-14,1.9984014443252818e-15,0.0031863000185694546
6361,WMI,250,1900,100,156,1.0712549428710097e-14,1.9984014443252818e-15,0.001632300001801923
6362,DI,250,1900,100,157,1.0274252241575476e-14,1.9984014443252818e-15,0.003712600009748712
6363,WMI,250,1900,100,157,1.0712549428710097e-14,1.9984014443252818e-15,0.0015332000039052218
6364,DI,250,1900,100,158,1.0274252241575476e-14,1.9984014443252818e-15,0.0034167999983765185
6365,WMI,250,1900,100,158,1.0712549428710097e-14,1.9984014443252818e-15,0.0015918999852146953
6366,DI,250,1900,100,159,1.0274252241575476e-14,1.9984014443252818e-15,0.003200399980414659
6367,WMI,250,1900,100,159,1.0712549428710097e-14,1.9984014443252818e-15,0.0021197000169195235
6368,DI,250,1900,100,160,1.0274252241575476e-14,1.9984014443252818e-15,0.003230800008168444
6369,WMI,250,1900,100,160,1.0712549428710097e-14,1.9984014443252818e-15,0.0017066000145860016
6370,DI,250,1900,100,161,1.0274252241575476e-14,1.9984014443252818e-15,0.0031912999984342605
6371,WMI,250,1900,100,161,1.0712549428710097e-14,1.9984014443252818e-15,0.0016629000019747764
6372,DI,250,1900,100,162,1.0274252241575476e-14,1.9984014443252818e-15,0.003453200013609603
6373,WMI,250,1900,100,162,1.0712549428710097e-14,1.9984014443252818e-15,0.0015690999862272292
6374,DI,250,1900,100,163,1.0274252241575476e-14,1.9984014443252818e-15,0.0031436000135727227
6375,WMI,250,1900,100,163,1.0712549428710097e-14,1.9984014443252818e-15,0.0017980999837163836
6376,DI,250,1900,100,164,1.0274252241575476e-14,1.9984014443252818e-15,0.0035814000002574176
6377,WMI,250,1900,100,164,1.0712549428710097e-14,1.9984014443252818e-15,0.0018238000047858804
6378,DI,250,1900,100,165,1.0274252241575476e-14,1.9984014443252818e-15,0.003430700016906485
6379,WMI,250,1900,100,165,1.0712549428710097e-14,1.9984014443252818e-15,0.0016479999758303165
6380,DI,250,1900,100,166,1.0274252241575476e-14,1.9984014443252818e-15,0.003163600020343438
6381,WMI,250,1900,100,166,1.0712549428710097e-14,1.9984014443252818e-15,0.0016457999881822616
6382,DI,250,1900,100,167,1.0274252241575476e-14,1.9984014443252818e-15,0.003332899999804795
6383,WMI,250,1900,100,167,1.0712549428710097e-14,1.9984014443252818e-15,0.0015922999882604927
6384,DI,250,1900,100,168,1.0274252241575476e-14,1.9984014443252818e-15,0.0033288999984506518
6385,WMI,250,1900,100,168,1.0712549428710097e-14,1.9984014443252818e-15,0.001633800013223663
6386,DI,250,1900,100,169,1.0274252241575476e-14,1.9984014443252818e-15,0.003539400000590831
6387,WMI,250,1900,100,169,1.0712549428710097e-14,1.9984014443252818e-15,0.0016952999867498875
6388,DI,250,1900,100,170,1.0274252241575476e-14,1.9984014443252818e-15,0.0032863999949768186
6389,WMI,250,1900,100,170,1.0712549428710097e-14,1.9984014443252818e-15,0.001597599999513477
6390,DI,250,1900,100,171,1.0274252241575476e-14,1.9984014443252818e-15,0.003190899995388463
6391,WMI,250,1900,100,171,1.0712549428710097e-14,1.9984014443252818e-15,0.0019429000094532967
6392,DI,250,1900,100,172,1.0274252241575476e-14,1.9984014443252818e-15,0.003428099997108802
6393,WMI,250,1900,100,172,1.0712549428710097e-14,1.9984014443252818e-15,0.001793800009181723
6394,DI,250,1900,100,173,1.0274252241575476e-14,1.9984014443252818e-15,0.003300000011222437
6395,WMI,250,1900,100,173,1.0712549428710097e-14,1.9984014443252818e-15,0.0016256999806500971
6396,DI,250,1900,100,174,1.0274252241575476e-14,1.9984014443252818e-15,0.003430700016906485
6397,WMI,250,1900,100,174,1.0712549428710097e-14,1.9984014443252818e-15,0.0015838000108487904
6398,DI,250,1900,100,175,1.0274252241575476e-14,1.9984014443252818e-15,0.0031288999889511615
6399,WMI,250,1900,100,175,1.0712549428710097e-14,1.9984014443252818e-15,0.0016846000216901302
6400,DI,250,1900,100,176,1.0274252241575476e-14,1.9984014443252818e-15,0.0034085999941453338
6401,WMI,250,1900,100,176,1.0712549428710097e-14,1.9984014443252818e-15,0.0017723999917507172
6402,DI,250,1900,100,177,1.0274252241575476e-14,1.9984014443252818e-15,0.0033500000135973096
6403,WMI,250,1900,100,177,1.0712549428710097e-14,1.9984014443252818e-15,0.0017290000105276704
6404,DI,250,1900,100,178,1.0274252241575476e-14,1.9984014443252818e-15,0.0038877000042703003
6405,WMI,250,1900,100,178,1.0712549428710097e-14,1.9984014443252818e-15,0.001736900012474507
6406,DI,250,1900,100,179,1.0274252241575476e-14,1.9984014443252818e-15,0.003337600006489083
6407,WMI,250,1900,100,179,1.0712549428710097e-14,1.9984014443252818e-15,0.0015477999986615032
6408,DI,250,1900,100,180,1.0274252241575476e-14,1.9984014443252818e-15,0.0033589999948162585
6409,WMI,250,1900,100,180,1.0712549428710097e-14,1.9984014443252818e-15,0.0016832000110298395
6410,DI,250,1900,100,181,1.0274252241575476e-14,1.9984014443252818e-15,0.003412599995499477
6411,WMI,250,1900,100,181,1.0712549428710097e-14,1.9984014443252818e-15,0.001651099999435246
6412,DI,250,1900,100,182,1.0274252241575476e-14,1.9984014443252818e-15,0.0033438999962527305
6413,WMI,250,1900,100,182,1.0712549428710097e-14,1.9984014443252818e-15,0.0021052999945823103
6414,DI,250,1900,100,183,1.0274252241575476e-14,1.9984014443252818e-15,0.003500399994663894
6415,WMI,250,1900,100,183,1.0712549428710097e-14,1.9984014443252818e-15,0.0017779000045266002
6416,DI,250,1900,100,184,1.0274252241575476e-14,1.9984014443252818e-15,0.0033697000180836767
6417,WMI,250,1900,100,184,1.0712549428710097e-14,1.9984014443252818e-15,0.0022240999969653785
6418,DI,250,1900,100,185,1.0274252241575476e-14,1.9984014443252818e-15,0.00381960000959225
6419,WMI,250,1900,100,185,1.0712549428710097e-14,1.9984014443252818e-15,0.002227899996796623
6420,DI,250,1900,100,186,1.0274252241575476e-14,1.9984014443252818e-15,0.003621500014560297
6421,WMI,250,1900,100,186,1.0712549428710097e-14,1.9984014443252818e-15,0.0016934000013861805
6422,DI,250,1900,100,187,1.0274252241575476e-14,1.9984014443252818e-15,0.0035367000091355294
6423,WMI,250,1900,100,187,1.0712549428710097e-14,1.9984014443252818e-15,0.0018199999758508056
6424,DI,250,1900,100,188,1.0274252241575476e-14,1.9984014443252818e-15,0.003773299977183342
6425,WMI,250,1900,100,188,1.0712549428710097e-14,1.9984014443252818e-15,0.00196020002476871
6426,DI,250,1900,100,189,1.0274252241575476e-14,1.9984014443252818e-15,0.003682799986563623
6427,WMI,250,1900,100,189,1.0712549428710097e-14,1.9984014443252818e-15,0.00171720000798814
6428,DI,250,1900,100,190,1.0274252241575476e-14,1.9984014443252818e-15,0.0036001999978907406
6429,WMI,250,1900,100,190,1.0712549428710097e-14,1.9984014443252818e-15,0.0018146000220440328
6430,DI,250,1900,100,191,1.0274252241575476e-14,1.9984014443252818e-15,0.003319700015708804
6431,WMI,250,1900,100,191,1.0712549428710097e-14,1.9984014443252818e-15,0.0016999999934341758
6432,DI,250,1900,100,192,1.0274252241575476e-14,1.9984014443252818e-15,0.003318200004287064
6433,WMI,250,1900,100,192,1.0712549428710097e-14,1.9984014443252818e-15,0.001994999998714775
6434,DI,250,1900,100,193,1.0274252241575476e-14,1.9984014443252818e-15,0.0032507999858353287
6435,WMI,250,1900,100,193,1.0712549428710097e-14,1.9984014443252818e-15,0.0016134000034071505
6436,DI,250,1900,100,194,1.0274252241575476e-14,1.9984014443252818e-15,0.0031925000075716525
6437,WMI,250,1900,100,194,1.0712549428710097e-14,1.9984014443252818e-15,0.0015339000092353672
6438,DI,250,1900,100,195,1.0274252241575476e-14,1.9984014443252818e-15,0.003353299980517477
6439,WMI,250,1900,100,195,1.0712549428710097e-14,1.9984014443252818e-15,0.0017182000156026334
6440,DI,250,1900,100,196,1.0274252241575476e-14,1.9984014443252818e-15,0.0033894999942276627
6441,WMI,250,1900,100,196,1.0712549428710097e-14,1.9984014443252818e-15,0.0016079999913927168
6442,DI,250,1900,100,197,1.0274252241575476e-14,1.9984014443252818e-15,0.003361200011568144
6443,WMI,250,1900,100,197,1.0712549428710097e-14,1.9984014443252818e-15,0.0016361000016331673
6444,DI,250,1900,100,198,1.0274252241575476e-14,1.9984014443252818e-15,0.0034320999984629452
6445,WMI,250,1900,100,198,1.0712549428710097e-14,1.9984014443252818e-15,0.001658799999859184
6446,DI,250,1900,100,199,1.0274252241575476e-14,1.9984014443252818e-15,0.003306200000224635
6447,WMI,250,1900,100,199,1.0712549428710097e-14,1.9984014443252818e-15,0.002033199998550117
6448,DI,250,1900,100,200,1.0274252241575476e-14,1.9984014443252818e-15,0.003723400004673749
6449,WMI,250,1900,100,200,1.0712549428710097e-14,1.9984014443252818e-15,0.0023856000043451786
6450,DI,250,1800,200,1,1.0064568539185654e-14,1.9984014443252818e-15,0.0037948999961372465
6451,WMI,250,1800,200,1,1.0273620304302755e-14,1.9984014443252818e-15,0.01307669997913763
6452,ISM,250,1800,200,1,3.2759567244536214,0.1849505857246898,0.026144999981625006
6453,DI,250,1800,200,2,1.0064568539185654e-14,1.9984014443252818e-15,0.0048614999977871776
6454,WMI,250,1800,200,2,1.0273620304302755e-14,1.9984014443252818e-15,0.0066497999941930175
6455,ISM,250,1800,200,2,3.2759567244536214,0.1849505857246898,0.02463749999878928
6456,DI,250,1800,200,3,1.0064568539185654e-14,1.9984014443252818e-15,0.004177700000582263
6457,WMI,250,1800,200,3,1.0273620304302755e-14,1.9984014443252818e-15,0.006255800020880997
6458,ISM,250,1800,200,3,3.2759567244536214,0.1849505857246898,0.02129800000693649
6459,DI,250,1800,200,4,1.0064568539185654e-14,1.9984014443252818e-15,0.004159800009801984
6460,WMI,250,1800,200,4,1.0273620304302755e-14,1.9984014443252818e-15,0.007145999989006668
6461,ISM,250,1800,200,4,3.2759567244536214,0.1849505857246898,0.02144599999883212
6462,DI,250,1800,200,5,1.0064568539185654e-14,1.9984014443252818e-15,0.005185299989534542
6463,WMI,250,1800,200,5,1.0273620304302755e-14,1.9984014443252818e-15,0.007376699999440461
6464,ISM,250,1800,200,5,3.2759567244536214,0.1849505857246898,0.02581559997634031
6465,DI,250,1800,200,6,1.0064568539185654e-14,1.9984014443252818e-15,0.0048716000164859
6466,WMI,250,1800,200,6,1.0273620304302755e-14,1.9984014443252818e-15,0.005866299994522706
6467,ISM,250,1800,200,6,3.2759567244536214,0.1849505857246898,0.023077800025930628
6468,DI,250,1800,200,7,1.0064568539185654e-14,1.9984014443252818e-15,0.06185590001405217
6469,WMI,250,1800,200,7,1.0273620304302755e-14,1.9984014443252818e-15,0.007232899981318042
6470,ISM,250,1800,200,7,3.2759567244536214,0.1849505857246898,0.02362139997421764
6471,DI,250,1800,200,8,1.0064568539185654e-14,1.9984014443252818e-15,0.0037736000085715204
6472,WMI,250,1800,200,8,1.0273620304302755e-14,1.9984014443252818e-15,0.0054247000080067664
6473,ISM,250,1800,200,8,3.2759567244536214,0.1849505857246898,0.01944170001661405
6474,DI,250,1800,200,9,1.0064568539185654e-14,1.9984014443252818e-15,0.004861399997025728
6475,WMI,250,1800,200,9,1.0273620304302755e-14,1.9984014443252818e-15,0.008424700004979968
6476,ISM,250,1800,200,9,3.2759567244536214,0.1849505857246898,0.02197940001497045
6477,DI,250,1800,200,10,1.0064568539185654e-14,1.9984014443252818e-15,0.007219399994937703
6478,WMI,250,1800,200,10,1.0273620304302755e-14,1.9984014443252818e-15,0.0075078999798279256
6479,ISM,250,1800,200,10,3.2759567244536214,0.1849505857246898,0.04126119997818023
6480,DI,250,1800,200,11,1.0064568539185654e-14,1.9984014443252818e-15,0.004725800012238324
6481,WMI,250,1800,200,11,1.0273620304302755e-14,1.9984014443252818e-15,0.005848100001458079
6482,ISM,250,1800,200,11,3.2759567244536214,0.1849505857246898,0.03376170000410639
6483,DI,250,1800,200,12,1.0064568539185654e-14,1.9984014443252818e-15,0.005358499998692423
6484,WMI,250,1800,200,12,1.0273620304302755e-14,1.9984014443252818e-15,0.006252699997276068
6485,ISM,250,1800,200,12,3.2759567244536214,0.1849505857246898,0.018900399998528883
6486,DI,250,1800,200,13,1.0064568539185654e-14,1.9984014443252818e-15,0.006836300017312169
6487,WMI,250,1800,200,13,1.0273620304302755e-14,1.9984014443252818e-15,0.009927700011758134
6488,ISM,250,1800,200,13,3.2759567244536214,0.1849505857246898,0.04236520000267774
6489,DI,250,1800,200,14,1.0064568539185654e-14,1.9984014443252818e-15,0.004599700012477115
6490,WMI,250,1800,200,14,1.0273620304302755e-14,1.9984014443252818e-15,0.00855470000533387
6491,ISM,250,1800,200,14,3.2759567244536214,0.1849505857246898,0.03151519998209551
6492,DI,250,1800,200,15,1.0064568539185654e-14,1.9984014443252818e-15,0.002978899981826544
6493,WMI,250,1800,200,15,1.0273620304302755e-14,1.9984014443252818e-15,0.004331300006015226
6494,ISM,250,1800,200,15,3.2759567244536214,0.1849505857246898,0.020220100006554276
6495,DI,250,1800,200,16,1.0064568539185654e-14,1.9984014443252818e-15,0.00368920000619255
6496,WMI,250,1800,200,16,1.0273620304302755e-14,1.9984014443252818e-15,0.004822999995667487
6497,ISM,250,1800,200,16,3.2759567244536214,0.1849505857246898,0.020600799995008856
6498,DI,250,1800,200,17,1.0064568539185654e-14,1.9984014443252818e-15,0.0025686000008136034
6499,WMI,250,1800,200,17,1.0273620304302755e-14,1.9984014443252818e-15,0.0040342999855056405
6500,ISM,250,1800,200,17,3.2759567244536214,0.1849505857246898,0.01954519998980686
6501,DI,250,1800,200,18,1.0064568539185654e-14,1.9984014443252818e-15,0.004137500014621764
6502,WMI,250,1800,200,18,1.0273620304302755e-14,1.9984014443252818e-15,0.004887999995844439
6503,ISM,250,1800,200,18,3.2759567244536214,0.1849505857246898,0.019752200023503974
6504,DI,250,1800,200,19,1.0064568539185654e-14,1.9984014443252818e-15,0.0034488999808672816
6505,WMI,250,1800,200,19,1.0273620304302755e-14,1.9984014443252818e-15,0.004465599980903789
6506,ISM,250,1800,200,19,3.2759567244536214,0.1849505857246898,0.021114999981364235
6507,DI,250,1800,200,20,1.0064568539185654e-14,1.9984014443252818e-15,0.0032150999759323895
6508,WMI,250,1800,200,20,1.0273620304302755e-14,1.9984014443252818e-15,0.004203999997116625
6509,ISM,250,1800,200,20,3.2759567244536214,0.1849505857246898,0.019887799979187548
6510,DI,250,1800,200,21,1.0064568539185654e-14,1.9984014443252818e-15,0.003923200012650341
6511,WMI,250,1800,200,21,1.0273620304302755e-14,1.9984014443252818e-15,0.005123099981574342
6512,ISM,250,1800,200,21,3.2759567244536214,0.1849505857246898,0.020402299996931106
6513,DI,250,1800,200,22,1.0064568539185654e-14,1.9984014443252818e-15,0.0037167999835219234
6514,WMI,250,1800,200,22,1.0273620304302755e-14,1.9984014443252818e-15,0.0058791000046767294
6515,ISM,250,1800,200,22,3.2759567244536214,0.1849505857246898,0.01872580000781454
6516,DI,250,1800,200,23,1.0064568539185654e-14,1.9984014443252818e-15,0.004345099994679913
6517,WMI,250,1800,200,23,1.0273620304302755e-14,1.9984014443252818e-15,0.006393799994839355
6518,ISM,250,1800,200,23,3.2759567244536214,0.1849505857246898,0.019505699980072677
6519,DI,250,1800,200,24,1.0064568539185654e-14,1.9984014443252818e-15,0.004759100003866479
6520,WMI,250,1800,200,24,1.0273620304302755e-14,1.9984014443252818e-15,0.006400399986887351
6521,ISM,250,1800,200,24,3.2759567244536214,0.1849505857246898,0.024002599995583296
6522,DI,250,1800,200,25,1.0064568539185654e-14,1.9984014443252818e-15,0.0038410999986808747
6523,WMI,250,1800,200,25,1.0273620304302755e-14,1.9984014443252818e-15,0.004302900022594258
6524,ISM,250,1800,200,25,3.2759567244536214,0.1849505857246898,0.02567029997589998
6525,DI,250,1800,200,26,1.0064568539185654e-14,1.9984014443252818e-15,0.00508780000382103
6526,WMI,250,1800,200,26,1.0273620304302755e-14,1.9984014443252818e-15,0.006866799987619743
6527,ISM,250,1800,200,26,3.2759567244536214,0.1849505857246898,0.044306499999947846
6528,DI,250,1800,200,27,1.0064568539185654e-14,1.9984014443252818e-15,0.006172199995489791
6529,WMI,250,1800,200,27,1.0273620304302755e-14,1.9984014443252818e-15,0.007107399986125529
6530,ISM,250,1800,200,27,3.2759567244536214,0.1849505857246898,0.03322230000048876
6531,DI,250,1800,200,28,1.0064568539185654e-14,1.9984014443252818e-15,0.005299600015860051
6532,WMI,250,1800,200,28,1.0273620304302755e-14,1.9984014443252818e-15,0.008999600016977638
6533,ISM,250,1800,200,28,3.2759567244536214,0.1849505857246898,0.022834100003819913
6534,DI,250,1800,200,29,1.0064568539185654e-14,1.9984014443252818e-15,0.0036868999886792153
6535,WMI,250,1800,200,29,1.0273620304302755e-14,1.9984014443252818e-15,0.005678300018189475
6536,ISM,250,1800,200,29,3.2759567244536214,0.1849505857246898,0.021019200008595362
6537,DI,250,1800,200,30,1.0064568539185654e-14,1.9984014443252818e-15,0.0032158000103663653
6538,WMI,250,1800,200,30,1.0273620304302755e-14,1.9984014443252818e-15,0.004492299980483949
6539,ISM,250,1800,200,30,3.2759567244536214,0.1849505857246898,0.019657600001664832
6540,DI,250,1800,200,31,1.0064568539185654e-14,1.9984014443252818e-15,0.006917899998370558
6541,WMI,250,1800,200,31,1.0273620304302755e-14,1.9984014443252818e-15,0.004745500016724691
6542,ISM,250,1800,200,31,3.2759567244536214,0.1849505857246898,0.02756250000675209
6543,DI,250,1800,200,32,1.0064568539185654e-14,1.9984014443252818e-15,0.004258399974787608
6544,WMI,250,1800,200,32,1.0273620304302755e-14,1.9984014443252818e-15,0.00563610001699999
6545,ISM,250,1800,200,32,3.2759567244536214,0.1849505857246898,0.021597000013571233
6546,DI,250,1800,200,33,1.0064568539185654e-14,1.9984014443252818e-15,0.004211599996779114
6547,WMI,250,1800,200,33,1.0273620304302755e-14,1.9984014443252818e-15,0.005764400004409254
6548,ISM,250,1800,200,33,3.2759567244536214,0.1849505857246898,0.030288100009784102
6549,DI,250,1800,200,34,1.0064568539185654e-14,1.9984014443252818e-15,0.005450500000733882
6550,WMI,250,1800,200,34,1.0273620304302755e-14,1.9984014443252818e-15,0.005253899988019839
6551,ISM,250,1800,200,34,3.2759567244536214,0.1849505857246898,0.018997499981196597
6552,DI,250,1800,200,35,1.0064568539185654e-14,1.9984014443252818e-15,0.005262099992251024
6553,WMI,250,1800,200,35,1.0273620304302755e-14,1.9984014443252818e-15,0.005463700013933703
6554,ISM,250,1800,200,35,3.2759567244536214,0.1849505857246898,0.029511000000638887
6555,DI,250,1800,200,36,1.0064568539185654e-14,1.9984014443252818e-15,0.004986699990695342
6556,WMI,250,1800,200,36,1.0273620304302755e-14,1.9984014443252818e-15,0.005621999996947125
6557,ISM,250,1800,200,36,3.2759567244536214,0.1849505857246898,0.023423599981470034
6558,DI,250,1800,200,37,1.0064568539185654e-14,1.9984014443252818e-15,0.004881200002273545
6559,WMI,250,1800,200,37,1.0273620304302755e-14,1.9984014443252818e-15,0.005522399995243177
6560,ISM,250,1800,200,37,3.2759567244536214,0.1849505857246898,0.03758840000955388
6561,DI,250,1800,200,38,1.0064568539185654e-14,1.9984014443252818e-15,0.005775900004664436
6562,WMI,250,1800,200,38,1.0273620304302755e-14,1.9984014443252818e-15,0.00677239999640733
6563,ISM,250,1800,200,38,3.2759567244536214,0.1849505857246898,0.03389890000107698
6564,DI,250,1800,200,39,1.0064568539185654e-14,1.9984014443252818e-15,0.005485100002260879
6565,WMI,250,1800,200,39,1.0273620304302755e-14,1.9984014443252818e-15,0.006605399976251647
6566,ISM,250,1800,200,39,3.2759567244536214,0.1849505857246898,0.03992180002387613
6567,DI,250,1800,200,40,1.0064568539185654e-14,1.9984014443252818e-15,0.004058699996676296
6568,WMI,250,1800,200,40,1.0273620304302755e-14,1.9984014443252818e-15,0.006545100011862814
6569,ISM,250,1800,200,40,3.2759567244536214,0.1849505857246898,0.029733599978499115
6570,DI,250,1800,200,41,1.0064568539185654e-14,1.9984014443252818e-15,0.006312499986961484
6571,WMI,250,1800,200,41,1.0273620304302755e-14,1.9984014443252818e-15,0.007110800012014806
6572,ISM,250,1800,200,41,3.2759567244536214,0.1849505857246898,0.02114830000209622
6573,DI,250,1800,200,42,1.0064568539185654e-14,1.9984014443252818e-15,0.0030670999840367585
6574,WMI,250,1800,200,42,1.0273620304302755e-14,1.9984014443252818e-15,0.00444039999274537
6575,ISM,250,1800,200,42,3.2759567244536214,0.1849505857246898,0.01869220001390204
6576,DI,250,1800,200,43,1.0064568539185654e-14,1.9984014443252818e-15,0.003843900020001456
6577,WMI,250,1800,200,43,1.0273620304302755e-14,1.9984014443252818e-15,0.005684400006430224
6578,ISM,250,1800,200,43,3.2759567244536214,0.1849505857246898,0.018132299999706447
6579,DI,250,1800,200,44,1.0064568539185654e-14,1.9984014443252818e-15,0.0034404000034555793
6580,WMI,250,1800,200,44,1.0273620304302755e-14,1.9984014443252818e-15,0.005302400008076802
6581,ISM,250,1800,200,44,3.2759567244536214,0.1849505857246898,0.031738399993628263
6582,DI,250,1800,200,45,1.0064568539185654e-14,1.9984014443252818e-15,0.004164499987382442
6583,WMI,250,1800,200,45,1.0273620304302755e-14,1.9984014443252818e-15,0.005668300000252202
6584,ISM,250,1800,200,45,3.2759567244536214,0.1849505857246898,0.041851499991025776
6585,DI,250,1800,200,46,1.0064568539185654e-14,1.9984014443252818e-15,0.022251599992159754
6586,WMI,250,1800,200,46,1.0273620304302755e-14,1.9984014443252818e-15,0.005602199991699308
6587,ISM,250,1800,200,46,3.2759567244536214,0.1849505857246898,0.01998260000254959
6588,DI,250,1800,200,47,1.0064568539185654e-14,1.9984014443252818e-15,0.0041548000008333474
6589,WMI,250,1800,200,47,1.0273620304302755e-14,1.9984014443252818e-15,0.005188400013139471
6590,ISM,250,1800,200,47,3.2759567244536214,0.1849505857246898,0.02955509998719208
6591,DI,250,1800,200,48,1.0064568539185654e-14,1.9984014443252818e-15,0.00407590001123026
6592,WMI,250,1800,200,48,1.0273620304302755e-14,1.9984014443252818e-15,0.004379799996968359
6593,ISM,250,1800,200,48,3.2759567244536214,0.1849505857246898,0.017206999997142702
6594,DI,250,1800,200,49,1.0064568539185654e-14,1.9984014443252818e-15,0.00251130000106059
6595,WMI,250,1800,200,49,1.0273620304302755e-14,1.9984014443252818e-15,0.004130899993469939
6596,ISM,250,1800,200,49,3.2759567244536214,0.1849505857246898,0.017384900012984872
6597,DI,250,1800,200,50,1.0064568539185654e-14,1.9984014443252818e-15,0.003648399986559525
6598,WMI,250,1800,200,50,1.0273620304302755e-14,1.9984014443252818e-15,0.004651900002500042
6599,ISM,250,1800,200,50,3.2759567244536214,0.1849505857246898,0.01827259999117814
6600,DI,250,1800,200,51,1.0064568539185654e-14,1.9984014443252818e-15,0.0032484999974258244
6601,WMI,250,1800,200,51,1.0273620304302755e-14,1.9984014443252818e-15,0.004527999990386888
6602,DI,250,1800,200,52,1.0064568539185654e-14,1.9984014443252818e-15,0.0027504000172484666
6603,WMI,250,1800,200,52,1.0273620304302755e-14,1.9984014443252818e-15,0.005258799996227026
6604,DI,250,1800,200,53,1.0064568539185654e-14,1.9984014443252818e-15,0.0032518999942112714
6605,WMI,250,1800,200,53,1.0273620304302755e-14,1.9984014443252818e-15,0.003743900015251711
6606,DI,250,1800,200,54,1.0064568539185654e-14,1.9984014443252818e-15,0.0027301000081934035
6607,WMI,250,1800,200,54,1.0273620304302755e-14,1.9984014443252818e-15,0.004393799987155944
6608,DI,250,1800,200,55,1.0064568539185654e-14,1.9984014443252818e-15,0.002483700023731217
6609,WMI,250,1800,200,55,1.0273620304302755e-14,1.9984014443252818e-15,0.0039040999836288393
6610,DI,250,1800,200,56,1.0064568539185654e-14,1.9984014443252818e-15,0.0023410999856423587
6611,WMI,250,1800,200,56,1.0273620304302755e-14,1.9984014443252818e-15,0.005406000011134893
6612,DI,250,1800,200,57,1.0064568539185654e-14,1.9984014443252818e-15,0.002388199995039031
6613,WMI,250,1800,200,57,1.0273620304302755e-14,1.9984014443252818e-15,0.0037985999952070415
6614,DI,250,1800,200,58,1.0064568539185654e-14,1.9984014443252818e-15,0.00265510001918301
6615,WMI,250,1800,200,58,1.0273620304302755e-14,1.9984014443252818e-15,0.004946600005496293
6616,DI,250,1800,200,59,1.0064568539185654e-14,1.9984014443252818e-15,0.0023413999879267067
6617,WMI,250,1800,200,59,1.0273620304302755e-14,1.9984014443252818e-15,0.0039991000085137784
6618,DI,250,1800,200,60,1.0064568539185654e-14,1.9984014443252818e-15,0.002921999985119328
6619,WMI,250,1800,200,60,1.0273620304302755e-14,1.9984014443252818e-15,0.004223900003125891
6620,DI,250,1800,200,61,1.0064568539185654e-14,1.9984014443252818e-15,0.002726000006077811
6621,WMI,250,1800,200,61,1.0273620304302755e-14,1.9984014443252818e-15,0.004075300006661564
6622,DI,250,1800,200,62,1.0064568539185654e-14,1.9984014443252818e-15,0.003259999997681007
6623,WMI,250,1800,200,62,1.0273620304302755e-14,1.9984014443252818e-15,0.003906600002665073
6624,DI,250,1800,200,63,1.0064568539185654e-14,1.9984014443252818e-15,0.002410000015515834
6625,WMI,250,1800,200,63,1.0273620304302755e-14,1.9984014443252818e-15,0.004194700013613328
6626,DI,250,1800,200,64,1.0064568539185654e-14,1.9984014443252818e-15,0.00298400002066046
6627,WMI,250,1800,200,64,1.0273620304302755e-14,1.9984014443252818e-15,0.003769500006455928
6628,DI,250,1800,200,65,1.0064568539185654e-14,1.9984014443252818e-15,0.0026405000244267285
6629,WMI,250,1800,200,65,1.0273620304302755e-14,1.9984014443252818e-15,0.003803900006460026
6630,DI,250,1800,200,66,1.0064568539185654e-14,1.9984014443252818e-15,0.003112499980488792
6631,WMI,250,1800,200,66,1.0273620304302755e-14,1.9984014443252818e-15,0.00376769999274984
6632,DI,250,1800,200,67,1.0064568539185654e-14,1.9984014443252818e-15,0.0025485000223852694
6633,WMI,250,1800,200,67,1.0273620304302755e-14,1.9984014443252818e-15,0.0038001000066287816
6634,DI,250,1800,200,68,1.0064568539185654e-14,1.9984014443252818e-15,0.0029344999929890037
6635,WMI,250,1800,200,68,1.0273620304302755e-14,1.9984014443252818e-15,0.0037261999968905
6636,DI,250,1800,200,69,1.0064568539185654e-14,1.9984014443252818e-15,0.003059100010432303
6637,WMI,250,1800,200,69,1.0273620304302755e-14,1.9984014443252818e-15,0.004879399988567457
6638,DI,250,1800,200,70,1.0064568539185654e-14,1.9984014443252818e-15,0.002579200023319572
6639,WMI,250,1800,200,70,1.0273620304302755e-14,1.9984014443252818e-15,0.008095800003502518
6640,DI,250,1800,200,71,1.0064568539185654e-14,1.9984014443252818e-15,0.002878500003134832
6641,WMI,250,1800,200,71,1.0273620304302755e-14,1.9984014443252818e-15,0.0038219999987632036
6642,DI,250,1800,200,72,1.0064568539185654e-14,1.9984014443252818e-15,0.0037782000144943595
6643,WMI,250,1800,200,72,1.0273620304302755e-14,1.9984014443252818e-15,0.005571299989242107
6644,DI,250,1800,200,73,1.0064568539185654e-14,1.9984014443252818e-15,0.009103699994739145
6645,WMI,250,1800,200,73,1.0273620304302755e-14,1.9984014443252818e-15,0.005443000001832843
6646,DI,250,1800,200,74,1.0064568539185654e-14,1.9984014443252818e-15,0.003559100005077198
6647,WMI,250,1800,200,74,1.0273620304302755e-14,1.9984014443252818e-15,0.00864509999519214
6648,DI,250,1800,200,75,1.0064568539185654e-14,1.9984014443252818e-15,0.004202299984171987
6649,WMI,250,1800,200,75,1.0273620304302755e-14,1.9984014443252818e-15,0.004497499990975484
6650,DI,250,1800,200,76,1.0064568539185654e-14,1.9984014443252818e-15,0.002968799992231652
6651,WMI,250,1800,200,76,1.0273620304302755e-14,1.9984014443252818e-15,0.0041003999940585345
6652,DI,250,1800,200,77,1.0064568539185654e-14,1.9984014443252818e-15,0.0027435000229161233
6653,WMI,250,1800,200,77,1.0273620304302755e-14,1.9984014443252818e-15,0.0035564000136218965
6654,DI,250,1800,200,78,1.0064568539185654e-14,1.9984014443252818e-15,0.0028223000117577612
6655,WMI,250,1800,200,78,1.0273620304302755e-14,1.9984014443252818e-15,0.00389809999614954
6656,DI,250,1800,200,79,1.0064568539185654e-14,1.9984014443252818e-15,0.0027706999971996993
6657,WMI,250,1800,200,79,1.0273620304302755e-14,1.9984014443252818e-15,0.0037026999925728887
6658,DI,250,1800,200,80,1.0064568539185654e-14,1.9984014443252818e-15,0.0030172000115271658
6659,WMI,250,1800,200,80,1.0273620304302755e-14,1.9984014443252818e-15,0.0038139999960549176
6660,DI,250,1800,200,81,1.0064568539185654e-14,1.9984014443252818e-15,0.0028713999781757593
6661,WMI,250,1800,200,81,1.0273620304302755e-14,1.9984014443252818e-15,0.00353509999695234
6662,DI,250,1800,200,82,1.0064568539185654e-14,1.9984014443252818e-15,0.0028255000070203096
6663,WMI,250,1800,200,82,1.0273620304302755e-14,1.9984014443252818e-15,0.003984800016041845
6664,DI,250,1800,200,83,1.0064568539185654e-14,1.9984014443252818e-15,0.003287100000306964
6665,WMI,250,1800,200,83,1.0273620304302755e-14,1.9984014443252818e-15,0.003940599999623373
6666,DI,250,1800,200,84,1.0064568539185654e-14,1.9984014443252818e-15,0.003180900006555021
6667,WMI,250,1800,200,84,1.0273620304302755e-14,1.9984014443252818e-15,0.004254600004060194
6668,DI,250,1800,200,85,1.0064568539185654e-14,1.9984014443252818e-15,0.0029359000036492944
6669,WMI,250,1800,200,85,1.0273620304302755e-14,1.9984014443252818e-15,0.003768599999602884
6670,DI,250,1800,200,86,1.0064568539185654e-14,1.9984014443252818e-15,0.0036601000174414366
6671,WMI,250,1800,200,86,1.0273620304302755e-14,1.9984014443252818e-15,0.004339900013292208
6672,DI,250,1800,200,87,1.0064568539185654e-14,1.9984014443252818e-15,0.0027657999889925122
6673,WMI,250,1800,200,87,1.0273620304302755e-14,1.9984014443252818e-15,0.003747300012037158
6674,DI,250,1800,200,88,1.0064568539185654e-14,1.9984014443252818e-15,0.0029058000072836876
6675,WMI,250,1800,200,88,1.0273620304302755e-14,1.9984014443252818e-15,0.003874999994877726
6676,DI,250,1800,200,89,1.0064568539185654e-14,1.9984014443252818e-15,0.0029084999987389892
6677,WMI,250,1800,200,89,1.0273620304302755e-14,1.9984014443252818e-15,0.0038198000111151487
6678,DI,250,1800,200,90,1.0064568539185654e-14,1.9984014443252818e-15,0.003047299978788942
6679,WMI,250,1800,200,90,1.0273620304302755e-14,1.9984014443252818e-15,0.003938400011975318
6680,DI,250,1800,200,91,1.0064568539185654e-14,1.9984014443252818e-15,0.002858299994841218
6681,WMI,250,1800,200,91,1.0273620304302755e-14,1.9984014443252818e-15,0.0038955000054556876
6682,DI,250,1800,200,92,1.0064568539185654e-14,1.9984014443252818e-15,0.003339000017149374
6683,WMI,250,1800,200,92,1.0273620304302755e-14,1.9984014443252818e-15,0.0037333999935071915
6684,DI,250,1800,200,93,1.0064568539185654e-14,1.9984014443252818e-15,0.003065600001718849
6685,WMI,250,1800,200,93,1.0273620304302755e-14,1.9984014443252818e-15,0.003798999998252839
6686,DI,250,1800,200,94,1.0064568539185654e-14,1.9984014443252818e-15,0.0035154000215698034
6687,WMI,250,1800,200,94,1.0273620304302755e-14,1.9984014443252818e-15,0.004147500003455207
6688,DI,250,1800,200,95,1.0064568539185654e-14,1.9984014443252818e-15,0.00294539998867549
6689,WMI,250,1800,200,95,1.0273620304302755e-14,1.9984014443252818e-15,0.003979200002504513
6690,DI,250,1800,200,96,1.0064568539185654e-14,1.9984014443252818e-15,0.0031020999886095524
6691,WMI,250,1800,200,96,1.0273620304302755e-14,1.9984014443252818e-15,0.004131699999561533
6692,DI,250,1800,200,97,1.0064568539185654e-14,1.9984014443252818e-15,0.0035758000158239156
6693,WMI,250,1800,200,97,1.0273620304302755e-14,1.9984014443252818e-15,0.004554100014502183
6694,DI,250,1800,200,98,1.0064568539185654e-14,1.9984014443252818e-15,0.00327440002001822
6695,WMI,250,1800,200,98,1.0273620304302755e-14,1.9984014443252818e-15,0.0040123000217135996
6696,DI,250,1800,200,99,1.0064568539185654e-14,1.9984014443252818e-15,0.003181699983542785
6697,WMI,250,1800,200,99,1.0273620304302755e-14,1.9984014443252818e-15,0.004821899987291545
6698,DI,250,1800,200,100,1.0064568539185654e-14,1.9984014443252818e-15,0.002969699999084696
6699,WMI,250,1800,200,100,1.0273620304302755e-14,1.9984014443252818e-15,0.003998100000899285
6700,DI,250,1800,200,101,1.0064568539185654e-14,1.9984014443252818e-15,0.0032712999964132905
6701,WMI,250,1800,200,101,1.0273620304302755e-14,1.9984014443252818e-15,0.003984200011473149
6702,DI,250,1800,200,102,1.0064568539185654e-14,1.9984014443252818e-15,0.0029823000077158213
6703,WMI,250,1800,200,102,1.0273620304302755e-14,1.9984014443252818e-15,0.004038100014440715
6704,DI,250,1800,200,103,1.0064568539185654e-14,1.9984014443252818e-15,0.0031820999865885824
6705,WMI,250,1800,200,103,1.0273620304302755e-14,1.9984014443252818e-15,0.0039379000081680715
6706,DI,250,1800,200,104,1.0064568539185654e-14,1.9984014443252818e-15,0.0031845000048633665
6707,WMI,250,1800,200,104,1.0273620304302755e-14,1.9984014443252818e-15,0.004358000005595386
6708,DI,250,1800,200,105,1.0064568539185654e-14,1.9984014443252818e-15,0.003438199986703694
6709,WMI,250,1800,200,105,1.0273620304302755e-14,1.9984014443252818e-15,0.004099299985682592
6710,DI,250,1800,200,106,1.0064568539185654e-14,1.9984014443252818e-15,0.0030879999976605177
6711,WMI,250,1800,200,106,1.0273620304302755e-14,1.9984014443252818e-15,0.0046175000024959445
6712,DI,250,1800,200,107,1.0064568539185654e-14,1.9984014443252818e-15,0.0031352000078186393
6713,WMI,250,1800,200,107,1.0273620304302755e-14,1.9984014443252818e-15,0.004761300020618364
6714,DI,250,1800,200,108,1.0064568539185654e-14,1.9984014443252818e-15,0.004417199990712106
6715,WMI,250,1800,200,108,1.0273620304302755e-14,1.9984014443252818e-15,0.005246899992926046
6716,DI,250,1800,200,109,1.0064568539185654e-14,1.9984014443252818e-15,0.003339000017149374
6717,WMI,250,1800,200,109,1.0273620304302755e-14,1.9984014443252818e-15,0.00444619997870177
6718,DI,250,1800,200,110,1.0064568539185654e-14,1.9984014443252818e-15,0.0035197999968659133
6719,WMI,250,1800,200,110,1.0273620304302755e-14,1.9984014443252818e-15,0.005155000020749867
6720,DI,250,1800,200,111,1.0064568539185654e-14,1.9984014443252818e-15,0.003257200005464256
6721,WMI,250,1800,200,111,1.0273620304302755e-14,1.9984014443252818e-15,0.004839700006414205
6722,DI,250,1800,200,112,1.0064568539185654e-14,1.9984014443252818e-15,0.003565799997886643
6723,WMI,250,1800,200,112,1.0273620304302755e-14,1.9984014443252818e-15,0.004374900017865002
6724,DI,250,1800,200,113,1.0064568539185654e-14,1.9984014443252818e-15,0.003132499987259507
6725,WMI,250,1800,200,113,1.0273620304302755e-14,1.9984014443252818e-15,0.004126600018935278
6726,DI,250,1800,200,114,1.0064568539185654e-14,1.9984014443252818e-15,0.0030522999877575785
6727,WMI,250,1800,200,114,1.0273620304302755e-14,1.9984014443252818e-15,0.004385000007459894
6728,DI,250,1800,200,115,1.0064568539185654e-14,1.9984014443252818e-15,0.0030801999964751303
6729,WMI,250,1800,200,115,1.0273620304302755e-14,1.9984014443252818e-15,0.00415000002249144
6730,DI,250,1800,200,116,1.0064568539185654e-14,1.9984014443252818e-15,0.0040997999894898385
6731,WMI,250,1800,200,116,1.0273620304302755e-14,1.9984014443252818e-15,0.004900900006759912
6732,DI,250,1800,200,117,1.0064568539185654e-14,1.9984014443252818e-15,0.003472099982900545
6733,WMI,250,1800,200,117,1.0273620304302755e-14,1.9984014443252818e-15,0.005307999992510304
6734,DI,250,1800,200,118,1.0064568539185654e-14,1.9984014443252818e-15,0.0040102000057231635
6735,WMI,250,1800,200,118,1.0273620304302755e-14,1.9984014443252818e-15,0.004750599997350946
6736,DI,250,1800,200,119,1.0064568539185654e-14,1.9984014443252818e-15,0.003966000018408522
6737,WMI,250,1800,200,119,1.0273620304302755e-14,1.9984014443252818e-15,0.006155799987027422
6738,DI,250,1800,200,120,1.0064568539185654e-14,1.9984014443252818e-15,0.0032023999956436455
6739,WMI,250,1800,200,120,1.0273620304302755e-14,1.9984014443252818e-15,0.004579300002660602
6740,DI,250,1800,200,121,1.0064568539185654e-14,1.9984014443252818e-15,0.0031648000003769994
6741,WMI,250,1800,200,121,1.0273620304302755e-14,1.9984014443252818e-15,0.004326099995523691
6742,DI,250,1800,200,122,1.0064568539185654e-14,1.9984014443252818e-15,0.003114199993433431
6743,WMI,250,1800,200,122,1.0273620304302755e-14,1.9984014443252818e-15,0.0042190000240225345
6744,DI,250,1800,200,123,1.0064568539185654e-14,1.9984014443252818e-15,0.0029602999857161194
6745,WMI,250,1800,200,123,1.0273620304302755e-14,1.9984014443252818e-15,0.003822099999524653
6746,DI,250,1800,200,124,1.0064568539185654e-14,1.9984014443252818e-15,0.003052199986996129
6747,WMI,250,1800,200,124,1.0273620304302755e-14,1.9984014443252818e-15,0.0039969000208657235
6748,DI,250,1800,200,125,1.0064568539185654e-14,1.9984014443252818e-15,0.0033552999957464635
6749,WMI,250,1800,200,125,1.0273620304302755e-14,1.9984014443252818e-15,0.004121299978578463
6750,DI,250,1800,200,126,1.0064568539185654e-14,1.9984014443252818e-15,0.0038597999955527484
6751,WMI,250,1800,200,126,1.0273620304302755e-14,1.9984014443252818e-15,0.005481300002429634
6752,DI,250,1800,200,127,1.0064568539185654e-14,1.9984014443252818e-15,0.004644100001314655
6753,WMI,250,1800,200,127,1.0273620304302755e-14,1.9984014443252818e-15,0.005018299998482689
6754,DI,250,1800,200,128,1.0064568539185654e-14,1.9984014443252818e-15,0.003354499989654869
6755,WMI,250,1800,200,128,1.0273620304302755e-14,1.9984014443252818e-15,0.004554700019070879
6756,DI,250,1800,200,129,1.0064568539185654e-14,1.9984014443252818e-15,0.0034654999908525497
6757,WMI,250,1800,200,129,1.0273620304302755e-14,1.9984014443252818e-15,0.004656200006138533
6758,DI,250,1800,200,130,1.0064568539185654e-14,1.9984014443252818e-15,0.004015300015453249
6759,WMI,250,1800,200,130,1.0273620304302755e-14,1.9984014443252818e-15,0.005277999996906146
6760,DI,250,1800,200,131,1.0064568539185654e-14,1.9984014443252818e-15,0.0036339999933261424
6761,WMI,250,1800,200,131,1.0273620304302755e-14,1.9984014443252818e-15,0.004789200000232086
6762,DI,250,1800,200,132,1.0064568539185654e-14,1.9984014443252818e-15,0.003774199984036386
6763,WMI,250,1800,200,132,1.0273620304302755e-14,1.9984014443252818e-15,0.004866000002948567
6764,DI,250,1800,200,133,1.0064568539185654e-14,1.9984014443252818e-15,0.003872800007229671
6765,WMI,250,1800,200,133,1.0273620304302755e-14,1.9984014443252818e-15,0.004986799991456792
6766,DI,250,1800,200,134,1.0064568539185654e-14,1.9984014443252818e-15,0.0034820000000763685
6767,WMI,250,1800,200,134,1.0273620304302755e-14,1.9984014443252818e-15,0.005384299991419539
6768,DI,250,1800,200,135,1.0064568539185654e-14,1.9984014443252818e-15,0.004429900000104681
6769,WMI,250,1800,200,135,1.0273620304302755e-14,1.9984014443252818e-15,0.004802600014954805
6770,DI,250,1800,200,136,1.0064568539185654e-14,1.9984014443252818e-15,0.0037241999816615134
6771,WMI,250,1800,200,136,1.0273620304302755e-14,1.9984014443252818e-15,0.003971800004364923
6772,DI,250,1800,200,137,1.0064568539185654e-14,1.9984014443252818e-15,0.00317070001619868
6773,WMI,250,1800,200,137,1.0273620304302755e-14,1.9984014443252818e-15,0.004159800009801984
6774,DI,250,1800,200,138,1.0064568539185654e-14,1.9984014443252818e-15,0.003612300002714619
6775,WMI,250,1800,200,138,1.0273620304302755e-14,1.9984014443252818e-15,0.004476100002648309
6776,DI,250,1800,200,139,1.0064568539185654e-14,1.9984014443252818e-15,0.003182899992680177
6777,WMI,250,1800,200,139,1.0273620304302755e-14,1.9984014443252818e-15,0.003975600004196167
6778,DI,250,1800,200,140,1.0064568539185654e-14,1.9984014443252818e-15,0.003412999998545274
6779,WMI,250,1800,200,140,1.0273620304302755e-14,1.9984014443252818e-15,0.0038351999828591943
6780,DI,250,1800,200,141,1.0064568539185654e-14,1.9984014443252818e-15,0.0034869000082835555
6781,WMI,250,1800,200,141,1.0273620304302755e-14,1.9984014443252818e-15,0.004900400002952665
6782,DI,250,1800,200,142,1.0064568539185654e-14,1.9984014443252818e-15,0.003421200002776459
6783,WMI,250,1800,200,142,1.0273620304302755e-14,1.9984014443252818e-15,0.004088800022145733
6784,DI,250,1800,200,143,1.0064568539185654e-14,1.9984014443252818e-15,0.003338299982715398
6785,WMI,250,1800,200,143,1.0273620304302755e-14,1.9984014443252818e-15,0.0052115000144112855
6786,DI,250,1800,200,144,1.0064568539185654e-14,1.9984014443252818e-15,0.0034434999979566783
6787,WMI,250,1800,200,144,1.0273620304302755e-14,1.9984014443252818e-15,0.004473699984373525
6788,DI,250,1800,200,145,1.0064568539185654e-14,1.9984014443252818e-15,0.0033941000001505017
6789,WMI,250,1800,200,145,1.0273620304302755e-14,1.9984014443252818e-15,0.004091000009793788
6790,DI,250,1800,200,146,1.0064568539185654e-14,1.9984014443252818e-15,0.003641100018285215
6791,WMI,250,1800,200,146,1.0273620304302755e-14,1.9984014443252818e-15,0.004556200001388788
6792,DI,250,1800,200,147,1.0064568539185654e-14,1.9984014443252818e-15,0.0033696999889798462
6793,WMI,250,1800,200,147,1.0273620304302755e-14,1.9984014443252818e-15,0.003984700015280396
6794,DI,250,1800,200,148,1.0064568539185654e-14,1.9984014443252818e-15,0.0036045000015292317
6795,WMI,250,1800,200,148,1.0273620304302755e-14,1.9984014443252818e-15,0.004161399992881343
6796,DI,250,1800,200,149,1.0064568539185654e-14,1.9984014443252818e-15,0.0037330000195652246
6797,WMI,250,1800,200,149,1.0273620304302755e-14,1.9984014443252818e-15,0.00498259998857975
6798,DI,250,1800,200,150,1.0064568539185654e-14,1.9984014443252818e-15,0.003343499993206933
6799,WMI,250,1800,200,150,1.0273620304302755e-14,1.9984014443252818e-15,0.004086299974005669
6800,DI,250,1800,200,151,1.0064568539185654e-14,1.9984014443252818e-15,0.0034746999735943973
6801,WMI,250,1800,200,151,1.0273620304302755e-14,1.9984014443252818e-15,0.004792899999301881
6802,DI,250,1800,200,152,1.0064568539185654e-14,1.9984014443252818e-15,0.003958000015700236
6803,WMI,250,1800,200,152,1.0273620304302755e-14,1.9984014443252818e-15,0.004621300002327189
6804,DI,250,1800,200,153,1.0064568539185654e-14,1.9984014443252818e-15,0.0032798000029288232
6805,WMI,250,1800,200,153,1.0273620304302755e-14,1.9984014443252818e-15,0.004680100013501942
6806,DI,250,1800,200,154,1.0064568539185654e-14,1.9984014443252818e-15,0.003190299990819767
6807,WMI,250,1800,200,154,1.0273620304302755e-14,1.9984014443252818e-15,0.004940499988151714
6808,DI,250,1800,200,155,1.0064568539185654e-14,1.9984014443252818e-15,0.003484000015305355
6809,WMI,250,1800,200,155,1.0273620304302755e-14,1.9984014443252818e-15,0.004433399997651577
6810,DI,250,1800,200,156,1.0064568539185654e-14,1.9984014443252818e-15,0.0034190999867860228
6811,WMI,250,1800,200,156,1.0273620304302755e-14,1.9984014443252818e-15,0.004212700005155057
6812,DI,250,1800,200,157,1.0064568539185654e-14,1.9984014443252818e-15,0.003842100006295368
6813,WMI,250,1800,200,157,1.0273620304302755e-14,1.9984014443252818e-15,0.005213299999013543
6814,DI,250,1800,200,158,1.0064568539185654e-14,1.9984014443252818e-15,0.003129299991996959
6815,WMI,250,1800,200,158,1.0273620304302755e-14,1.9984014443252818e-15,0.004109500005142763
6816,DI,250,1800,200,159,1.0064568539185654e-14,1.9984014443252818e-15,0.003253399976529181
6817,WMI,250,1800,200,159,1.0273620304302755e-14,1.9984014443252818e-15,0.006598000007215887
6818,DI,250,1800,200,160,1.0064568539185654e-14,1.9984014443252818e-15,0.0033472999930381775
6819,WMI,250,1800,200,160,1.0273620304302755e-14,1.9984014443252818e-15,0.0040942000050563365
6820,DI,250,1800,200,161,1.0064568539185654e-14,1.9984014443252818e-15,0.003666700009489432
6821,WMI,250,1800,200,161,1.0273620304302755e-14,1.9984014443252818e-15,0.004064699984155595
6822,DI,250,1800,200,162,1.0064568539185654e-14,1.9984014443252818e-15,0.0032429000129923224
6823,WMI,250,1800,200,162,1.0273620304302755e-14,1.9984014443252818e-15,0.0044895999890286475
6824,DI,250,1800,200,163,1.0064568539185654e-14,1.9984014443252818e-15,0.003712800011271611
6825,WMI,250,1800,200,163,1.0273620304302755e-14,1.9984014443252818e-15,0.004636800003936514
6826,DI,250,1800,200,164,1.0064568539185654e-14,1.9984014443252818e-15,0.0034321999992243946
6827,WMI,250,1800,200,164,1.0273620304302755e-14,1.9984014443252818e-15,0.004292500001611188
6828,DI,250,1800,200,165,1.0064568539185654e-14,1.9984014443252818e-15,0.003273999987868592
6829,WMI,250,1800,200,165,1.0273620304302755e-14,1.9984014443252818e-15,0.00433220001286827
6830,DI,250,1800,200,166,1.0064568539185654e-14,1.9984014443252818e-15,0.003957199980504811
6831,WMI,250,1800,200,166,1.0273620304302755e-14,1.9984014443252818e-15,0.004407500004163012
6832,DI,250,1800,200,167,1.0064568539185654e-14,1.9984014443252818e-15,0.0033577000140212476
6833,WMI,250,1800,200,167,1.0273620304302755e-14,1.9984014443252818e-15,0.0045387000136543065
6834,DI,250,1800,200,168,1.0064568539185654e-14,1.9984014443252818e-15,0.0034260000102221966
6835,WMI,250,1800,200,168,1.0273620304302755e-14,1.9984014443252818e-15,0.004241700022248551
6836,DI,250,1800,200,169,1.0064568539185654e-14,1.9984014443252818e-15,0.0037181000225245953
6837,WMI,250,1800,200,169,1.0273620304302755e-14,1.9984014443252818e-15,0.005002799996873364
6838,DI,250,1800,200,170,1.0064568539185654e-14,1.9984014443252818e-15,0.0035044999967794865
6839,WMI,250,1800,200,170,1.0273620304302755e-14,1.9984014443252818e-15,0.004112399998120964
6840,DI,250,1800,200,171,1.0064568539185654e-14,1.9984014443252818e-15,0.003643100004410371
6841,WMI,250,1800,200,171,1.0273620304302755e-14,1.9984014443252818e-15,0.004396799980895594
6842,DI,250,1800,200,172,1.0064568539185654e-14,1.9984014443252818e-15,0.004914199991617352
6843,WMI,250,1800,200,172,1.0273620304302755e-14,1.9984014443252818e-15,0.005118200002470985
6844,DI,250,1800,200,173,1.0064568539185654e-14,1.9984014443252818e-15,0.0037583000084850937
6845,WMI,250,1800,200,173,1.0273620304302755e-14,1.9984014443252818e-15,0.004945199994836003
6846,DI,250,1800,200,174,1.0064568539185654e-14,1.9984014443252818e-15,0.0042631999822333455
6847,WMI,250,1800,200,174,1.0273620304302755e-14,1.9984014443252818e-15,0.004945299995597452
6848,DI,250,1800,200,175,1.0064568539185654e-14,1.9984014443252818e-15,0.003927200014004484
6849,WMI,250,1800,200,175,1.0273620304302755e-14,1.9984014443252818e-15,0.005249699985142797
6850,DI,250,1800,200,176,1.0064568539185654e-14,1.9984014443252818e-15,0.0037720999971497804
6851,WMI,250,1800,200,176,1.0273620304302755e-14,1.9984014443252818e-15,0.004731199995148927
6852,DI,250,1800,200,177,1.0064568539185654e-14,1.9984014443252818e-15,0.0043636000191327184
6853,WMI,250,1800,200,177,1.0273620304302755e-14,1.9984014443252818e-15,0.005153900012373924
6854,DI,250,1800,200,178,1.0064568539185654e-14,1.9984014443252818e-15,0.0038222000002861023
6855,WMI,250,1800,200,178,1.0273620304302755e-14,1.9984014443252818e-15,0.004868400021223351
6856,DI,250,1800,200,179,1.0064568539185654e-14,1.9984014443252818e-15,0.003935599990654737
6857,WMI,250,1800,200,179,1.0273620304302755e-14,1.9984014443252818e-15,0.0046993999858386815
6858,DI,250,1800,200,180,1.0064568539185654e-14,1.9984014443252818e-15,0.00508190001710318
6859,WMI,250,1800,200,180,1.0273620304302755e-14,1.9984014443252818e-15,0.005214899982092902
6860,DI,250,1800,200,181,1.0064568539185654e-14,1.9984014443252818e-15,0.0038610000046901405
6861,WMI,250,1800,200,181,1.0273620304302755e-14,1.9984014443252818e-15,0.005194199999095872
6862,DI,250,1800,200,182,1.0064568539185654e-14,1.9984014443252818e-15,0.0038484999968204647
6863,WMI,250,1800,200,182,1.0273620304302755e-14,1.9984014443252818e-15,0.004682200000388548
6864,DI,250,1800,200,183,1.0064568539185654e-14,1.9984014443252818e-15,0.003763999993680045
6865,WMI,250,1800,200,183,1.0273620304302755e-14,1.9984014443252818e-15,0.004615599988028407
6866,DI,250,1800,200,184,1.0064568539185654e-14,1.9984014443252818e-15,0.0036604000197257847
6867,WMI,250,1800,200,184,1.0273620304302755e-14,1.9984014443252818e-15,0.004778700007591397
6868,DI,250,1800,200,185,1.0064568539185654e-14,1.9984014443252818e-15,0.00428480000118725
6869,WMI,250,1800,200,185,1.0273620304302755e-14,1.9984014443252818e-15,0.00489959999686107
6870,DI,250,1800,200,186,1.0064568539185654e-14,1.9984014443252818e-15,0.003906900004949421
6871,WMI,250,1800,200,186,1.0273620304302755e-14,1.9984014443252818e-15,0.004819900001166388
6872,DI,250,1800,200,187,1.0064568539185654e-14,1.9984014443252818e-15,0.004143700003623962
6873,WMI,250,1800,200,187,1.0273620304302755e-14,1.9984014443252818e-15,0.005323299992596731
6874,DI,250,1800,200,188,1.0064568539185654e-14,1.9984014443252818e-15,0.004871000011917204
6875,WMI,250,1800,200,188,1.0273620304302755e-14,1.9984014443252818e-15,0.005692000006092712
6876,DI,250,1800,200,189,1.0064568539185654e-14,1.9984014443252818e-15,0.0038268000062089413
6877,WMI,250,1800,200,189,1.0273620304302755e-14,1.9984014443252818e-15,0.004856400017160922
6878,DI,250,1800,200,190,1.0064568539185654e-14,1.9984014443252818e-15,0.003965199983213097
6879,WMI,250,1800,200,190,1.0273620304302755e-14,1.9984014443252818e-15,0.004842900001676753
6880,DI,250,1800,200,191,1.0064568539185654e-14,1.9984014443252818e-15,0.004889900010311976
6881,WMI,250,1800,200,191,1.0273620304302755e-14,1.9984014443252818e-15,0.005070499988505617
6882,DI,250,1800,200,192,1.0064568539185654e-14,1.9984014443252818e-15,0.0038090999878477305
6883,WMI,250,1800,200,192,1.0273620304302755e-14,1.9984014443252818e-15,0.0047885999956633896
6884,DI,250,1800,200,193,1.0064568539185654e-14,1.9984014443252818e-15,0.0039548999920953065
6885,WMI,250,1800,200,193,1.0273620304302755e-14,1.9984014443252818e-15,0.004533300001639873
6886,DI,250,1800,200,194,1.0064568539185654e-14,1.9984014443252818e-15,0.0037691000034101307
6887,WMI,250,1800,200,194,1.0273620304302755e-14,1.9984014443252818e-15,0.00458120001712814
6888,DI,250,1800,200,195,1.0064568539185654e-14,1.9984014443252818e-15,0.004028200026368722
6889,WMI,250,1800,200,195,1.0273620304302755e-14,1.9984014443252818e-15,0.004480900010094047
6890,DI,250,1800,200,196,1.0064568539185654e-14,1.9984014443252818e-15,0.0038182999996934086
6891,WMI,250,1800,200,196,1.0273620304302755e-14,1.9984014443252818e-15,0.004747600003611296
6892,DI,250,1800,200,197,1.0064568539185654e-14,1.9984014443252818e-15,0.003888500010361895
6893,WMI,250,1800,200,197,1.0273620304302755e-14,1.9984014443252818e-15,0.004552099999273196
6894,DI,250,1800,200,198,1.0064568539185654e-14,1.9984014443252818e-15,0.003976400010287762
6895,WMI,250,1800,200,198,1.0273620304302755e-14,1.9984014443252818e-15,0.005363799980841577
6896,DI,250,1800,200,199,1.0064568539185654e-14,1.9984014443252818e-15,0.004409099987242371
6897,WMI,250,1800,200,199,1.0273620304302755e-14,1.9984014443252818e-15,0.005411000020103529
6898,DI,250,1800,200,200,1.0064568539185654e-14,1.9984014443252818e-15,0.004104599996935576
6899,WMI,250,1800,200,200,1.0273620304302755e-14,1.9984014443252818e-15,0.0049786000163294375
6900,DI,250,1700,300,1,9.94823026814659e-15,1.887379141862766e-15,0.005991999991238117
6901,WMI,250,1700,300,1,1.0358337870219053e-14,1.7763568394002505e-15,0.013528400013456121
6902,ISM,250,1700,300,1,4.786681772814618,0.2838937868373095,0.03857349997269921
6903,DI,250,1700,300,2,9.94823026814659e-15,1.887379141862766e-15,0.005206499976338819
6904,WMI,250,1700,300,2,1.0358337870219053e-14,1.7763568394002505e-15,0.014695299993036315
6905,ISM,250,1700,300,2,4.786681772814618,0.2838937868373095,0.04864699998870492
6906,DI,250,1700,300,3,9.94823026814659e-15,1.887379141862766e-15,0.005251800001133233
6907,WMI,250,1700,300,3,1.0358337870219053e-14,1.7763568394002505e-15,0.01363220001803711
6908,ISM,250,1700,300,3,4.786681772814618,0.2838937868373095,0.041427799995290115
6909,DI,250,1700,300,4,9.94823026814659e-15,1.887379141862766e-15,0.003563400008715689
6910,WMI,250,1700,300,4,1.0358337870219053e-14,1.7763568394002505e-15,0.06305329999304377
6911,ISM,250,1700,300,4,4.786681772814618,0.2838937868373095,0.03448579998803325
6912,DI,250,1700,300,5,9.94823026814659e-15,1.887379141862766e-15,0.005309800006216392
6913,WMI,250,1700,300,5,1.0358337870219053e-14,1.7763568394002505e-15,0.015052100003231317
6914,ISM,250,1700,300,5,4.786681772814618,0.2838937868373095,0.04158700001426041
6915,DI,250,1700,300,6,9.94823026814659e-15,1.887379141862766e-15,0.0032285999914165586
6916,WMI,250,1700,300,6,1.0358337870219053e-14,1.7763568394002505e-15,0.009856699994998053
6917,ISM,250,1700,300,6,4.786681772814618,0.2838937868373095,0.033064999995986
6918,DI,250,1700,300,7,9.94823026814659e-15,1.887379141862766e-15,0.004999500000849366
6919,WMI,250,1700,300,7,1.0358337870219053e-14,1.7763568394002505e-15,0.012342200003331527
6920,ISM,250,1700,300,7,4.786681772814618,0.2838937868373095,0.031634399987524375
6921,DI,250,1700,300,8,9.94823026814659e-15,1.887379141862766e-15,0.004800900002010167
6922,WMI,250,1700,300,8,1.0358337870219053e-14,1.7763568394002505e-15,0.011835499986773357
6923,ISM,250,1700,300,8,4.786681772814618,0.2838937868373095,0.03276740000001155
6924,DI,250,1700,300,9,9.94823026814659e-15,1.887379141862766e-15,0.0029887999990023673
6925,WMI,250,1700,300,9,1.0358337870219053e-14,1.7763568394002505e-15,0.011266299989074469
6926,ISM,250,1700,300,9,4.786681772814618,0.2838937868373095,0.03459710002061911
6927,DI,250,1700,300,10,9.94823026814659e-15,1.887379141862766e-15,0.004038999992189929
6928,WMI,250,1700,300,10,1.0358337870219053e-14,1.7763568394002505e-15,0.02035299999988638
6929,ISM,250,1700,300,10,4.786681772814618,0.2838937868373095,0.0319415999983903
6930,DI,250,1700,300,11,9.94823026814659e-15,1.887379141862766e-15,0.004646199988201261
6931,WMI,250,1700,300,11,1.0358337870219053e-14,1.7763568394002505e-15,0.011389499995857477
6932,ISM,250,1700,300,11,4.786681772814618,0.2838937868373095,0.0324069999915082
6933,DI,250,1700,300,12,9.94823026814659e-15,1.887379141862766e-15,0.004528899997239932
6934,WMI,250,1700,300,12,1.0358337870219053e-14,1.7763568394002505e-15,0.011478400003397837
6935,ISM,250,1700,300,12,4.786681772814618,0.2838937868373095,0.03134079999290407
6936,DI,250,1700,300,13,9.94823026814659e-15,1.887379141862766e-15,0.00479000000632368
6937,WMI,250,1700,300,13,1.0358337870219053e-14,1.7763568394002505e-15,0.01810499999555759
6938,ISM,250,1700,300,13,4.786681772814618,0.2838937868373095,0.04424209997523576
6939,DI,250,1700,300,14,9.94823026814659e-15,1.887379141862766e-15,0.004398099990794435
6940,WMI,250,1700,300,14,1.0358337870219053e-14,1.7763568394002505e-15,0.011285900021903217
6941,ISM,250,1700,300,14,4.786681772814618,0.2838937868373095,0.03252420001081191
6942,DI,250,1700,300,15,9.94823026814659e-15,1.887379141862766e-15,0.004600300017045811
6943,WMI,250,1700,300,15,1.0358337870219053e-14,1.7763568394002505e-15,0.011147000011987984
6944,ISM,250,1700,300,15,4.786681772814618,0.2838937868373095,0.04402559998561628
6945,DI,250,1700,300,16,9.94823026814659e-15,1.887379141862766e-15,0.004973300005076453
6946,WMI,250,1700,300,16,1.0358337870219053e-14,1.7763568394002505e-15,0.0151315999974031
6947,ISM,250,1700,300,16,4.786681772814618,0.2838937868373095,0.047807599999941885
6948,DI,250,1700,300,17,9.94823026814659e-15,1.887379141862766e-15,0.005299000011291355
6949,WMI,250,1700,300,17,1.0358337870219053e-14,1.7763568394002505e-15,0.010238100017886609
6950,ISM,250,1700,300,17,4.786681772814618,0.2838937868373095,0.06912229998852126
6951,DI,250,1700,300,18,9.94823026814659e-15,1.887379141862766e-15,0.0076166999933775514
6952,WMI,250,1700,300,18,1.0358337870219053e-14,1.7763568394002505e-15,0.014653499994892627
6953,ISM,250,1700,300,18,4.786681772814618,0.2838937868373095,0.03371400001924485
6954,DI,250,1700,300,19,9.94823026814659e-15,1.887379141862766e-15,0.004084499989403412
6955,WMI,250,1700,300,19,1.0358337870219053e-14,1.7763568394002505e-15,0.011882999999215826
6956,ISM,250,1700,300,19,4.786681772814618,0.2838937868373095,0.03720429999521002
6957,DI,250,1700,300,20,9.94823026814659e-15,1.887379141862766e-15,0.00517230000696145
6958,WMI,250,1700,300,20,1.0358337870219053e-14,1.7763568394002505e-15,0.011547399975825101
6959,ISM,250,1700,300,20,4.786681772814618,0.2838937868373095,0.0459510000073351
6960,DI,250,1700,300,21,9.94823026814659e-15,1.887379141862766e-15,0.0046218000061344355
6961,WMI,250,1700,300,21,1.0358337870219053e-14,1.7763568394002505e-15,0.05270649999147281
6962,ISM,250,1700,300,21,4.786681772814618,0.2838937868373095,0.03196250001201406
6963,DI,250,1700,300,22,9.94823026814659e-15,1.887379141862766e-15,0.004380200000014156
6964,WMI,250,1700,300,22,1.0358337870219053e-14,1.7763568394002505e-15,0.015882199979387224
6965,ISM,250,1700,300,22,4.786681772814618,0.2838937868373095,0.030453499988652766
6966,DI,250,1700,300,23,9.94823026814659e-15,1.887379141862766e-15,0.0031732000061310828
6967,WMI,250,1700,300,23,1.0358337870219053e-14,1.7763568394002505e-15,0.010401500010630116
6968,ISM,250,1700,300,23,4.786681772814618,0.2838937868373095,0.029648100025951862
6969,DI,250,1700,300,24,9.94823026814659e-15,1.887379141862766e-15,0.002790600003208965
6970,WMI,250,1700,300,24,1.0358337870219053e-14,1.7763568394002505e-15,0.009487900009844452
6971,ISM,250,1700,300,24,4.786681772814618,0.2838937868373095,0.028870899986941367
6972,DI,250,1700,300,25,9.94823026814659e-15,1.887379141862766e-15,0.006150000001071021
6973,WMI,250,1700,300,25,1.0358337870219053e-14,1.7763568394002505e-15,0.011897499993210658
6974,ISM,250,1700,300,25,4.786681772814618,0.2838937868373095,0.028970599989406765
6975,DI,250,1700,300,26,9.94823026814659e-15,1.887379141862766e-15,0.004395500000100583
6976,WMI,250,1700,300,26,1.0358337870219053e-14,1.7763568394002505e-15,0.012683500011917204
6977,ISM,250,1700,300,26,4.786681772814618,0.2838937868373095,0.02833129998180084
6978,DI,250,1700,300,27,9.94823026814659e-15,1.887379141862766e-15,0.006967099994653836
6979,WMI,250,1700,300,27,1.0358337870219053e-14,1.7763568394002505e-15,0.015775499981828034
6980,ISM,250,1700,300,27,4.786681772814618,0.2838937868373095,0.038815799984149635
6981,DI,250,1700,300,28,9.94823026814659e-15,1.887379141862766e-15,0.004291499993996695
6982,WMI,250,1700,300,28,1.0358337870219053e-14,1.7763568394002505e-15,0.009806899994146079
6983,ISM,250,1700,300,28,4.786681772814618,0.2838937868373095,0.03111059998627752
6984,DI,250,1700,300,29,9.94823026814659e-15,1.887379141862766e-15,0.0030681000207550824
6985,WMI,250,1700,300,29,1.0358337870219053e-14,1.7763568394002505e-15,0.009021700010634959
6986,ISM,250,1700,300,29,4.786681772814618,0.2838937868373095,0.03843240000423975
6987,DI,250,1700,300,30,9.94823026814659e-15,1.887379141862766e-15,0.003982900001574308
6988,WMI,250,1700,300,30,1.0358337870219053e-14,1.7763568394002505e-15,0.010440100013511255
6989,ISM,250,1700,300,30,4.786681772814618,0.2838937868373095,0.03584319999208674
6990,DI,250,1700,300,31,9.94823026814659e-15,1.887379141862766e-15,0.004112399998120964
6991,WMI,250,1700,300,31,1.0358337870219053e-14,1.7763568394002505e-15,0.010896599997067824
6992,ISM,250,1700,300,31,4.786681772814618,0.2838937868373095,0.03185339999618009
6993,DI,250,1700,300,32,9.94823026814659e-15,1.887379141862766e-15,0.0033404999994672835
6994,WMI,250,1700,300,32,1.0358337870219053e-14,1.7763568394002505e-15,0.009522600012132898
6995,ISM,250,1700,300,32,4.786681772814618,0.2838937868373095,0.030755599989788607
6996,DI,250,1700,300,33,9.94823026814659e-15,1.887379141862766e-15,0.004580900014843792
6997,WMI,250,1700,300,33,1.0358337870219053e-14,1.7763568394002505e-15,0.01062759998603724
6998,ISM,250,1700,300,33,4.786681772814618,0.2838937868373095,0.029205800005001947
6999,DI,250,1700,300,34,9.94823026814659e-15,1.887379141862766e-15,0.005611400003544986
7000,WMI,250,1700,300,34,1.0358337870219053e-14,1.7763568394002505e-15,0.01485760000650771
7001,ISM,250,1700,300,34,4.786681772814618,0.2838937868373095,0.035176799981854856
7002,DI,250,1700,300,35,9.94823026814659e-15,1.887379141862766e-15,0.005275100003927946
7003,WMI,250,1700,300,35,1.0358337870219053e-14,1.7763568394002505e-15,0.011626599996816367
7004,ISM,250,1700,300,35,4.786681772814618,0.2838937868373095,0.03225750001729466
7005,DI,250,1700,300,36,9.94823026814659e-15,1.887379141862766e-15,0.004532399994786829
7006,WMI,250,1700,300,36,1.0358337870219053e-14,1.7763568394002505e-15,0.011439199995948002
7007,ISM,250,1700,300,36,4.786681772814618,0.2838937868373095,0.038241100002778694
7008,DI,250,1700,300,37,9.94823026814659e-15,1.887379141862766e-15,0.006030999997165054
7009,WMI,250,1700,300,37,1.0358337870219053e-14,1.7763568394002505e-15,0.013206299976445735
7010,ISM,250,1700,300,37,4.786681772814618,0.2838937868373095,0.046393000026000664
7011,DI,250,1700,300,38,9.94823026814659e-15,1.887379141862766e-15,0.0035134000063408166
7012,WMI,250,1700,300,38,1.0358337870219053e-14,1.7763568394002505e-15,0.010694500000681728
7013,ISM,250,1700,300,38,4.786681772814618,0.2838937868373095,0.0325654000043869
7014,DI,250,1700,300,39,9.94823026814659e-15,1.887379141862766e-15,0.00426410001819022
7015,WMI,250,1700,300,39,1.0358337870219053e-14,1.7763568394002505e-15,0.008747600018978119
7016,ISM,250,1700,300,39,4.786681772814618,0.2838937868373095,0.030840299994451925
7017,DI,250,1700,300,40,9.94823026814659e-15,1.887379141862766e-15,0.004047900001751259
7018,WMI,250,1700,300,40,1.0358337870219053e-14,1.7763568394002505e-15,0.009879899997031316
7019,ISM,250,1700,300,40,4.786681772814618,0.2838937868373095,0.0307539000059478
7020,DI,250,1700,300,41,9.94823026814659e-15,1.887379141862766e-15,0.004568300006212667
7021,WMI,250,1700,300,41,1.0358337870219053e-14,1.7763568394002505e-15,0.010772300011012703
7022,ISM,250,1700,300,41,4.786681772814618,0.2838937868373095,0.02892260000226088
7023,DI,250,1700,300,42,9.94823026814659e-15,1.887379141862766e-15,0.0044399000180419534
7024,WMI,250,1700,300,42,1.0358337870219053e-14,1.7763568394002505e-15,0.010963200009427965
7025,ISM,250,1700,300,42,4.786681772814618,0.2838937868373095,0.034443399985320866
7026,DI,250,1700,300,43,9.94823026814659e-15,1.887379141862766e-15,0.0031601999944541603
7027,WMI,250,1700,300,43,1.0358337870219053e-14,1.7763568394002505e-15,0.009819400002015755
7028,ISM,250,1700,300,43,4.786681772814618,0.2838937868373095,0.028517200000351295
7029,DI,250,1700,300,44,9.94823026814659e-15,1.887379141862766e-15,0.0032102999975904822
7030,WMI,250,1700,300,44,1.0358337870219053e-14,1.7763568394002505e-15,0.009231500007444993
7031,ISM,250,1700,300,44,4.786681772814618,0.2838937868373095,0.030003399995621294
7032,DI,250,1700,300,45,9.94823026814659e-15,1.887379141862766e-15,0.0046944000059738755
7033,WMI,250,1700,300,45,1.0358337870219053e-14,1.7763568394002505e-15,0.010093099990626797
7034,ISM,250,1700,300,45,4.786681772814618,0.2838937868373095,0.04121329999179579
7035,DI,250,1700,300,46,9.94823026814659e-15,1.887379141862766e-15,0.005039799987571314
7036,WMI,250,1700,300,46,1.0358337870219053e-14,1.7763568394002505e-15,0.014199999975971878
7037,ISM,250,1700,300,46,4.786681772814618,0.2838937868373095,0.05775009997887537
7038,DI,250,1700,300,47,9.94823026814659e-15,1.887379141862766e-15,0.005209599999943748
7039,WMI,250,1700,300,47,1.0358337870219053e-14,1.7763568394002505e-15,0.014225299993995577
7040,ISM,250,1700,300,47,4.786681772814618,0.2838937868373095,0.03515380001044832
7041,DI,250,1700,300,48,9.94823026814659e-15,1.887379141862766e-15,0.005278800002997741
7042,WMI,250,1700,300,48,1.0358337870219053e-14,1.7763568394002505e-15,0.011185699986526743
7043,ISM,250,1700,300,48,4.786681772814618,0.2838937868373095,0.02939370000967756
7044,DI,250,1700,300,49,9.94823026814659e-15,1.887379141862766e-15,0.005549299996346235
7045,WMI,250,1700,300,49,1.0358337870219053e-14,1.7763568394002505e-15,0.01385299998219125
7046,ISM,250,1700,300,49,4.786681772814618,0.2838937868373095,0.04682639997918159
7047,DI,250,1700,300,50,9.94823026814659e-15,1.887379141862766e-15,0.002823100017849356
7048,WMI,250,1700,300,50,1.0358337870219053e-14,1.7763568394002505e-15,0.01036539999768138
7049,ISM,250,1700,300,50,4.786681772814618,0.2838937868373095,0.028575299977092072
7050,DI,250,1700,300,51,9.94823026814659e-15,1.887379141862766e-15,0.0027009000186808407
7051,WMI,250,1700,300,51,1.0358337870219053e-14,1.7763568394002505e-15,0.009542300016619265
7052,DI,250,1700,300,52,9.94823026814659e-15,1.887379141862766e-15,0.00406999999540858
7053,WMI,250,1700,300,52,1.0358337870219053e-14,1.7763568394002505e-15,0.00907030000234954
7054,DI,250,1700,300,53,9.94823026814659e-15,1.887379141862766e-15,0.00404469997738488
7055,WMI,250,1700,300,53,1.0358337870219053e-14,1.7763568394002505e-15,0.009184299997286871
7056,DI,250,1700,300,54,9.94823026814659e-15,1.887379141862766e-15,0.003667099983431399
7057,WMI,250,1700,300,54,1.0358337870219053e-14,1.7763568394002505e-15,0.008334899990586564
7058,DI,250,1700,300,55,9.94823026814659e-15,1.887379141862766e-15,0.0033408000017516315
7059,WMI,250,1700,300,55,1.0358337870219053e-14,1.7763568394002505e-15,0.009258199977921322
7060,DI,250,1700,300,56,9.94823026814659e-15,1.887379141862766e-15,0.003462799999397248
7061,WMI,250,1700,300,56,1.0358337870219053e-14,1.7763568394002505e-15,0.009201199980452657
7062,DI,250,1700,300,57,9.94823026814659e-15,1.887379141862766e-15,0.0038101000245660543
7063,WMI,250,1700,300,57,1.0358337870219053e-14,1.7763568394002505e-15,0.008880299981683493
7064,DI,250,1700,300,58,9.94823026814659e-15,1.887379141862766e-15,0.0030651999986730516
7065,WMI,250,1700,300,58,1.0358337870219053e-14,1.7763568394002505e-15,0.010255100001813844
7066,DI,250,1700,300,59,9.94823026814659e-15,1.887379141862766e-15,0.0034063000057358295
7067,WMI,250,1700,300,59,1.0358337870219053e-14,1.7763568394002505e-15,0.008454299997538328
7068,DI,250,1700,300,60,9.94823026814659e-15,1.887379141862766e-15,0.003056699992157519
7069,WMI,250,1700,300,60,1.0358337870219053e-14,1.7763568394002505e-15,0.008719899982679635
7070,DI,250,1700,300,61,9.94823026814659e-15,1.887379141862766e-15,0.0032219999993685633
7071,WMI,250,1700,300,61,1.0358337870219053e-14,1.7763568394002505e-15,0.008715300005860627
7072,DI,250,1700,300,62,9.94823026814659e-15,1.887379141862766e-15,0.0029477000061888248
7073,WMI,250,1700,300,62,1.0358337870219053e-14,1.7763568394002505e-15,0.008610599994426593
7074,DI,250,1700,300,63,9.94823026814659e-15,1.887379141862766e-15,0.0028648999868892133
7075,WMI,250,1700,300,63,1.0358337870219053e-14,1.7763568394002505e-15,0.010863999981665984
7076,DI,250,1700,300,64,9.94823026814659e-15,1.887379141862766e-15,0.003922300005797297
7077,WMI,250,1700,300,64,1.0358337870219053e-14,1.7763568394002505e-15,0.010691700008464977
7078,DI,250,1700,300,65,9.94823026814659e-15,1.887379141862766e-15,0.0030160000023897737
7079,WMI,250,1700,300,65,1.0358337870219053e-14,1.7763568394002505e-15,0.009116000001085922
7080,DI,250,1700,300,66,9.94823026814659e-15,1.887379141862766e-15,0.0032485999981872737
7081,WMI,250,1700,300,66,1.0358337870219053e-14,1.7763568394002505e-15,0.009652100008679554
7082,DI,250,1700,300,67,9.94823026814659e-15,1.887379141862766e-15,0.0035210000060033053
7083,WMI,250,1700,300,67,1.0358337870219053e-14,1.7763568394002505e-15,0.009359099989524111
7084,DI,250,1700,300,68,9.94823026814659e-15,1.887379141862766e-15,0.00287730002310127
7085,WMI,250,1700,300,68,1.0358337870219053e-14,1.7763568394002505e-15,0.00872370001161471
7086,DI,250,1700,300,69,9.94823026814659e-15,1.887379141862766e-15,0.003518299985444173
7087,WMI,250,1700,300,69,1.0358337870219053e-14,1.7763568394002505e-15,0.009513199998764321
7088,DI,250,1700,300,70,9.94823026814659e-15,1.887379141862766e-15,0.003682400012621656
7089,WMI,250,1700,300,70,1.0358337870219053e-14,1.7763568394002505e-15,0.00931039999704808
7090,DI,250,1700,300,71,9.94823026814659e-15,1.887379141862766e-15,0.0032137000234797597
7091,WMI,250,1700,300,71,1.0358337870219053e-14,1.7763568394002505e-15,0.008688999980222434
7092,DI,250,1700,300,72,9.94823026814659e-15,1.887379141862766e-15,0.0035857000038959086
7093,WMI,250,1700,300,72,1.0358337870219053e-14,1.7763568394002505e-15,0.00964090001070872
7094,DI,250,1700,300,73,9.94823026814659e-15,1.887379141862766e-15,0.002962999977171421
7095,WMI,250,1700,300,73,1.0358337870219053e-14,1.7763568394002505e-15,0.009407500008819625
7096,DI,250,1700,300,74,9.94823026814659e-15,1.887379141862766e-15,0.0032759000023361295
7097,WMI,250,1700,300,74,1.0358337870219053e-14,1.7763568394002505e-15,0.009738799999468029
7098,DI,250,1700,300,75,9.94823026814659e-15,1.887379141862766e-15,0.0038787000230513513
7099,WMI,250,1700,300,75,1.0358337870219053e-14,1.7763568394002505e-15,0.009275400021579117
7100,DI,250,1700,300,76,9.94823026814659e-15,1.887379141862766e-15,0.0029640999855473638
7101,WMI,250,1700,300,76,1.0358337870219053e-14,1.7763568394002505e-15,0.008732799993595108
7102,DI,250,1700,300,77,9.94823026814659e-15,1.887379141862766e-15,0.003152399993268773
7103,WMI,250,1700,300,77,1.0358337870219053e-14,1.7763568394002505e-15,0.009213400015141815
7104,DI,250,1700,300,78,9.94823026814659e-15,1.887379141862766e-15,0.0035133000055793673
7105,WMI,250,1700,300,78,1.0358337870219053e-14,1.7763568394002505e-15,0.009404899989021942
7106,DI,250,1700,300,79,9.94823026814659e-15,1.887379141862766e-15,0.003254899987950921
7107,WMI,250,1700,300,79,1.0358337870219053e-14,1.7763568394002505e-15,0.009088599996175617
7108,DI,250,1700,300,80,9.94823026814659e-15,1.887379141862766e-15,0.003791700000874698
7109,WMI,250,1700,300,80,1.0358337870219053e-14,1.7763568394002505e-15,0.009706199984066188
7110,DI,250,1700,300,81,9.94823026814659e-15,1.887379141862766e-15,0.003980499983299524
7111,WMI,250,1700,300,81,1.0358337870219053e-14,1.7763568394002505e-15,0.009620199998607859
7112,DI,250,1700,300,82,9.94823026814659e-15,1.887379141862766e-15,0.003208600013749674
7113,WMI,250,1700,300,82,1.0358337870219053e-14,1.7763568394002505e-15,0.009430000005522743
7114,DI,250,1700,300,83,9.94823026814659e-15,1.887379141862766e-15,0.0036213999846950173
7115,WMI,250,1700,300,83,1.0358337870219053e-14,1.7763568394002505e-15,0.009631599998101592
7116,DI,250,1700,300,84,9.94823026814659e-15,1.887379141862766e-15,0.003271099994890392
7117,WMI,250,1700,300,84,1.0358337870219053e-14,1.7763568394002505e-15,0.00968369998736307
7118,DI,250,1700,300,85,9.94823026814659e-15,1.887379141862766e-15,0.003102899994701147
7119,WMI,250,1700,300,85,1.0358337870219053e-14,1.7763568394002505e-15,0.009765800001332536
7120,DI,250,1700,300,86,9.94823026814659e-15,1.887379141862766e-15,0.0035571999906096607
7121,WMI,250,1700,300,86,1.0358337870219053e-14,1.7763568394002505e-15,0.009770599979674444
7122,DI,250,1700,300,87,9.94823026814659e-15,1.887379141862766e-15,0.003161000000545755
7123,WMI,250,1700,300,87,1.0358337870219053e-14,1.7763568394002505e-15,0.009536099998513237
7124,DI,250,1700,300,88,9.94823026814659e-15,1.887379141862766e-15,0.003188300004694611
7125,WMI,250,1700,300,88,1.0358337870219053e-14,1.7763568394002505e-15,0.01137280001421459
7126,DI,250,1700,300,89,9.94823026814659e-15,1.887379141862766e-15,0.0066958000243175775
7127,WMI,250,1700,300,89,1.0358337870219053e-14,1.7763568394002505e-15,0.011087699997005984
7128,DI,250,1700,300,90,9.94823026814659e-15,1.887379141862766e-15,0.004246600001351908
7129,WMI,250,1700,300,90,1.0358337870219053e-14,1.7763568394002505e-15,0.010814400011440739
7130,DI,250,1700,300,91,9.94823026814659e-15,1.887379141862766e-15,0.0035485999833326787
7131,WMI,250,1700,300,91,1.0358337870219053e-14,1.7763568394002505e-15,0.010448799992445856
7132,DI,250,1700,300,92,9.94823026814659e-15,1.887379141862766e-15,0.0035115999926347286
7133,WMI,250,1700,300,92,1.0358337870219053e-14,1.7763568394002505e-15,0.010121800005435944
7134,DI,250,1700,300,93,9.94823026814659e-15,1.887379141862766e-15,0.003447799972491339
7135,WMI,250,1700,300,93,1.0358337870219053e-14,1.7763568394002505e-15,0.010884500021347776
7136,DI,250,1700,300,94,9.94823026814659e-15,1.887379141862766e-15,0.003984199982369319
7137,WMI,250,1700,300,94,1.0358337870219053e-14,1.7763568394002505e-15,0.010135399992577732
7138,DI,250,1700,300,95,9.94823026814659e-15,1.887379141862766e-15,0.003878999996231869
7139,WMI,250,1700,300,95,1.0358337870219053e-14,1.7763568394002505e-15,0.010547000012593344
7140,DI,250,1700,300,96,9.94823026814659e-15,1.887379141862766e-15,0.003789200010942295
7141,WMI,250,1700,300,96,1.0358337870219053e-14,1.7763568394002505e-15,0.010351800010539591
7142,DI,250,1700,300,97,9.94823026814659e-15,1.887379141862766e-15,0.004190199979348108
7143,WMI,250,1700,300,97,1.0358337870219053e-14,1.7763568394002505e-15,0.01161439999123104
7144,DI,250,1700,300,98,9.94823026814659e-15,1.887379141862766e-15,0.0042508000042289495
7145,WMI,250,1700,300,98,1.0358337870219053e-14,1.7763568394002505e-15,0.010654799989424646
7146,DI,250,1700,300,99,9.94823026814659e-15,1.887379141862766e-15,0.004122100013773888
7147,WMI,250,1700,300,99,1.0358337870219053e-14,1.7763568394002505e-15,0.01061130000744015
7148,DI,250,1700,300,100,9.94823026814659e-15,1.887379141862766e-15,0.004797900008270517
7149,WMI,250,1700,300,100,1.0358337870219053e-14,1.7763568394002505e-15,0.011435699998401105
7150,DI,250,1700,300,101,9.94823026814659e-15,1.887379141862766e-15,0.004745399986859411
7151,WMI,250,1700,300,101,1.0358337870219053e-14,1.7763568394002505e-15,0.01363209998817183
7152,DI,250,1700,300,102,9.94823026814659e-15,1.887379141862766e-15,0.00524200001382269
7153,WMI,250,1700,300,102,1.0358337870219053e-14,1.7763568394002505e-15,0.013929499982623383
7154,DI,250,1700,300,103,9.94823026814659e-15,1.887379141862766e-15,0.0052127999952062964
7155,WMI,250,1700,300,103,1.0358337870219053e-14,1.7763568394002505e-15,0.013711599982343614
7156,DI,250,1700,300,104,9.94823026814659e-15,1.887379141862766e-15,0.004912300006253645
7157,WMI,250,1700,300,104,1.0358337870219053e-14,1.7763568394002505e-15,0.014265100006014109
7158,DI,250,1700,300,105,9.94823026814659e-15,1.887379141862766e-15,0.004905500012682751
7159,WMI,250,1700,300,105,1.0358337870219053e-14,1.7763568394002505e-15,0.012016600026981905
7160,DI,250,1700,300,106,9.94823026814659e-15,1.887379141862766e-15,0.004067300003953278
7161,WMI,250,1700,300,106,1.0358337870219053e-14,1.7763568394002505e-15,0.010877599997911602
7162,DI,250,1700,300,107,9.94823026814659e-15,1.887379141862766e-15,0.003979100001743063
7163,WMI,250,1700,300,107,1.0358337870219053e-14,1.7763568394002505e-15,0.01102760000503622
7164,DI,250,1700,300,108,9.94823026814659e-15,1.887379141862766e-15,0.00446850000298582
7165,WMI,250,1700,300,108,1.0358337870219053e-14,1.7763568394002505e-15,0.01134460000321269
7166,DI,250,1700,300,109,9.94823026814659e-15,1.887379141862766e-15,0.003999299980932847
7167,WMI,250,1700,300,109,1.0358337870219053e-14,1.7763568394002505e-15,0.0105207999877166
7168,DI,250,1700,300,110,9.94823026814659e-15,1.887379141862766e-15,0.0041028999839909375
7169,WMI,250,1700,300,110,1.0358337870219053e-14,1.7763568394002505e-15,0.01144239999121055
7170,DI,250,1700,300,111,9.94823026814659e-15,1.887379141862766e-15,0.005294299975503236
7171,WMI,250,1700,300,111,1.0358337870219053e-14,1.7763568394002505e-15,0.012336899992078543
7172,DI,250,1700,300,112,9.94823026814659e-15,1.887379141862766e-15,0.00412480000522919
7173,WMI,250,1700,300,112,1.0358337870219053e-14,1.7763568394002505e-15,0.010868199984543025
7174,DI,250,1700,300,113,9.94823026814659e-15,1.887379141862766e-15,0.004341199994087219
7175,WMI,250,1700,300,113,1.0358337870219053e-14,1.7763568394002505e-15,0.010939100000541657
7176,DI,250,1700,300,114,9.94823026814659e-15,1.887379141862766e-15,0.004126699990592897
7177,WMI,250,1700,300,114,1.0358337870219053e-14,1.7763568394002505e-15,0.010823699994944036
7178,DI,250,1700,300,115,9.94823026814659e-15,1.887379141862766e-15,0.0034561999782454222
7179,WMI,250,1700,300,115,1.0358337870219053e-14,1.7763568394002505e-15,0.010998399986419827
7180,DI,250,1700,300,116,9.94823026814659e-15,1.887379141862766e-15,0.004581500019412488
7181,WMI,250,1700,300,116,1.0358337870219053e-14,1.7763568394002505e-15,0.011588900000788271
7182,DI,250,1700,300,117,9.94823026814659e-15,1.887379141862766e-15,0.00424179999390617
7183,WMI,250,1700,300,117,1.0358337870219053e-14,1.7763568394002505e-15,0.014365100010763854
7184,DI,250,1700,300,118,9.94823026814659e-15,1.887379141862766e-15,0.004633400007151067
7185,WMI,250,1700,300,118,1.0358337870219053e-14,1.7763568394002505e-15,0.013724499993259087
7186,DI,250,1700,300,119,9.94823026814659e-15,1.887379141862766e-15,0.005632199987303466
7187,WMI,250,1700,300,119,1.0358337870219053e-14,1.7763568394002505e-15,0.01372099999571219
7188,DI,250,1700,300,120,9.94823026814659e-15,1.887379141862766e-15,0.005013399990275502
7189,WMI,250,1700,300,120,1.0358337870219053e-14,1.7763568394002505e-15,0.013666999991983175
7190,DI,250,1700,300,121,9.94823026814659e-15,1.887379141862766e-15,0.005088400008389726
7191,WMI,250,1700,300,121,1.0358337870219053e-14,1.7763568394002505e-15,0.013333400012925267
7192,DI,250,1700,300,122,9.94823026814659e-15,1.887379141862766e-15,0.005595299997366965
7193,WMI,250,1700,300,122,1.0358337870219053e-14,1.7763568394002505e-15,0.012879299989435822
7194,DI,250,1700,300,123,9.94823026814659e-15,1.887379141862766e-15,0.004682200000388548
7195,WMI,250,1700,300,123,1.0358337870219053e-14,1.7763568394002505e-15,0.01292710000416264
7196,DI,250,1700,300,124,9.94823026814659e-15,1.887379141862766e-15,0.005259000026853755
7197,WMI,250,1700,300,124,1.0358337870219053e-14,1.7763568394002505e-15,0.013518799998564646
7198,DI,250,1700,300,125,9.94823026814659e-15,1.887379141862766e-15,0.005486499983817339
7199,WMI,250,1700,300,125,1.0358337870219053e-14,1.7763568394002505e-15,0.01326169999083504
7200,DI,250,1700,300,126,9.94823026814659e-15,1.887379141862766e-15,0.004595299978973344
7201,WMI,250,1700,300,126,1.0358337870219053e-14,1.7763568394002505e-15,0.012972500000614673
7202,DI,250,1700,300,127,9.94823026814659e-15,1.887379141862766e-15,0.0056471000134479254
7203,WMI,250,1700,300,127,1.0358337870219053e-14,1.7763568394002505e-15,0.013831999996909872
7204,DI,250,1700,300,128,9.94823026814659e-15,1.887379141862766e-15,0.004662999999709427
7205,WMI,250,1700,300,128,1.0358337870219053e-14,1.7763568394002505e-15,0.013008799985982478
7206,DI,250,1700,300,129,9.94823026814659e-15,1.887379141862766e-15,0.0047774999984540045
7207,WMI,250,1700,300,129,1.0358337870219053e-14,1.7763568394002505e-15,0.012978700018720701
7208,DI,250,1700,300,130,9.94823026814659e-15,1.887379141862766e-15,0.005350199993699789
7209,WMI,250,1700,300,130,1.0358337870219053e-14,1.7763568394002505e-15,0.01403679998475127
7210,DI,250,1700,300,131,9.94823026814659e-15,1.887379141862766e-15,0.004841399990255013
7211,WMI,250,1700,300,131,1.0358337870219053e-14,1.7763568394002505e-15,0.014391500008059666
7212,DI,250,1700,300,132,9.94823026814659e-15,1.887379141862766e-15,0.005109299992909655
7213,WMI,250,1700,300,132,1.0358337870219053e-14,1.7763568394002505e-15,0.013639300013892353
7214,DI,250,1700,300,133,9.94823026814659e-15,1.887379141862766e-15,0.005381800001487136
7215,WMI,250,1700,300,133,1.0358337870219053e-14,1.7763568394002505e-15,0.014048899989575148
7216,DI,250,1700,300,134,9.94823026814659e-15,1.887379141862766e-15,0.004656999983126298
7217,WMI,250,1700,300,134,1.0358337870219053e-14,1.7763568394002505e-15,0.013028799992753193
7218,DI,250,1700,300,135,9.94823026814659e-15,1.887379141862766e-15,0.005934699991485104
7219,WMI,250,1700,300,135,1.0358337870219053e-14,1.7763568394002505e-15,0.01428719999967143
7220,DI,250,1700,300,136,9.94823026814659e-15,1.887379141862766e-15,0.005333999986760318
7221,WMI,250,1700,300,136,1.0358337870219053e-14,1.7763568394002505e-15,0.01362469999003224
7222,DI,250,1700,300,137,9.94823026814659e-15,1.887379141862766e-15,0.004991800000425428
7223,WMI,250,1700,300,137,1.0358337870219053e-14,1.7763568394002505e-15,0.013680400006705895
7224,DI,250,1700,300,138,9.94823026814659e-15,1.887379141862766e-15,0.005373599997255951
7225,WMI,250,1700,300,138,1.0358337870219053e-14,1.7763568394002505e-15,0.01463230000808835
7226,DI,250,1700,300,139,9.94823026814659e-15,1.887379141862766e-15,0.0056671999918762594
7227,WMI,250,1700,300,139,1.0358337870219053e-14,1.7763568394002505e-15,0.014539599971612915
7228,DI,250,1700,300,140,9.94823026814659e-15,1.887379141862766e-15,0.005291700013913214
7229,WMI,250,1700,300,140,1.0358337870219053e-14,1.7763568394002505e-15,0.013427500001853332
7230,DI,250,1700,300,141,9.94823026814659e-15,1.887379141862766e-15,0.005325700010871515
7231,WMI,250,1700,300,141,1.0358337870219053e-14,1.7763568394002505e-15,0.012776300020050257
7232,DI,250,1700,300,142,9.94823026814659e-15,1.887379141862766e-15,0.0053217999811749905
7233,WMI,250,1700,300,142,1.0358337870219053e-14,1.7763568394002505e-15,0.013606199994683266
7234,DI,250,1700,300,143,9.94823026814659e-15,1.887379141862766e-15,0.004683200008003041
7235,WMI,250,1700,300,143,1.0358337870219053e-14,1.7763568394002505e-15,0.01340249998611398
7236,DI,250,1700,300,144,9.94823026814659e-15,1.887379141862766e-15,0.005753600009484217
7237,WMI,250,1700,300,144,1.0358337870219053e-14,1.7763568394002505e-15,0.013271899981191382
7238,DI,250,1700,300,145,9.94823026814659e-15,1.887379141862766e-15,0.004995099996449426
7239,WMI,250,1700,300,145,1.0358337870219053e-14,1.7763568394002505e-15,0.012816700007533655
7240,DI,250,1700,300,146,9.94823026814659e-15,1.887379141862766e-15,0.004799999995157123
7241,WMI,250,1700,300,146,1.0358337870219053e-14,1.7763568394002505e-15,0.013831299991579726
7242,DI,250,1700,300,147,9.94823026814659e-15,1.887379141862766e-15,0.005645900004310533
7243,WMI,250,1700,300,147,1.0358337870219053e-14,1.7763568394002505e-15,0.013456200016662478
7244,DI,250,1700,300,148,9.94823026814659e-15,1.887379141862766e-15,0.0052269999869167805
7245,WMI,250,1700,300,148,1.0358337870219053e-14,1.7763568394002505e-15,0.01325580000411719
7246,DI,250,1700,300,149,9.94823026814659e-15,1.887379141862766e-15,0.005614699999568984
7247,WMI,250,1700,300,149,1.0358337870219053e-14,1.7763568394002505e-15,0.013793499994790182
7248,DI,250,1700,300,150,9.94823026814659e-15,1.887379141862766e-15,0.00511150000966154
7249,WMI,250,1700,300,150,1.0358337870219053e-14,1.7763568394002505e-15,0.012575700005982071
7250,DI,250,1700,300,151,9.94823026814659e-15,1.887379141862766e-15,0.004588799987686798
7251,WMI,250,1700,300,151,1.0358337870219053e-14,1.7763568394002505e-15,0.012779199983924627
7252,DI,250,1700,300,152,9.94823026814659e-15,1.887379141862766e-15,0.0053075999894645065
7253,WMI,250,1700,300,152,1.0358337870219053e-14,1.7763568394002505e-15,0.012550399987958372
7254,DI,250,1700,300,153,9.94823026814659e-15,1.887379141862766e-15,0.005000699980882928
7255,WMI,250,1700,300,153,1.0358337870219053e-14,1.7763568394002505e-15,0.014015400025527924
7256,DI,250,1700,300,154,9.94823026814659e-15,1.887379141862766e-15,0.004434900009073317
7257,WMI,250,1700,300,154,1.0358337870219053e-14,1.7763568394002505e-15,0.011418999987654388
7258,DI,250,1700,300,155,9.94823026814659e-15,1.887379141862766e-15,0.00453669999842532
7259,WMI,250,1700,300,155,1.0358337870219053e-14,1.7763568394002505e-15,0.011362199991708621
7260,DI,250,1700,300,156,9.94823026814659e-15,1.887379141862766e-15,0.004601599997840822
7261,WMI,250,1700,300,156,1.0358337870219053e-14,1.7763568394002505e-15,0.011270699993474409
7262,DI,250,1700,300,157,9.94823026814659e-15,1.887379141862766e-15,0.004536000022199005
7263,WMI,250,1700,300,157,1.0358337870219053e-14,1.7763568394002505e-15,0.011375100002624094
7264,DI,250,1700,300,158,9.94823026814659e-15,1.887379141862766e-15,0.004869099997449666
7265,WMI,250,1700,300,158,1.0358337870219053e-14,1.7763568394002505e-15,0.011995000008028
7266,DI,250,1700,300,159,9.94823026814659e-15,1.887379141862766e-15,0.005013600020902231
7267,WMI,250,1700,300,159,1.0358337870219053e-14,1.7763568394002505e-15,0.01323520002188161
7268,DI,250,1700,300,160,9.94823026814659e-15,1.887379141862766e-15,0.0045405999990180135
7269,WMI,250,1700,300,160,1.0358337870219053e-14,1.7763568394002505e-15,0.011499300017021596
7270,DI,250,1700,300,161,9.94823026814659e-15,1.887379141862766e-15,0.004569400014588609
7271,WMI,250,1700,300,161,1.0358337870219053e-14,1.7763568394002505e-15,0.011542799999006093
7272,DI,250,1700,300,162,9.94823026814659e-15,1.887379141862766e-15,0.004477200011024252
7273,WMI,250,1700,300,162,1.0358337870219053e-14,1.7763568394002505e-15,0.012053400016156957
7274,DI,250,1700,300,163,9.94823026814659e-15,1.887379141862766e-15,0.004353399999672547
7275,WMI,250,1700,300,163,1.0358337870219053e-14,1.7763568394002505e-15,0.01209130001370795
7276,DI,250,1700,300,164,9.94823026814659e-15,1.887379141862766e-15,0.004995499999495223
7277,WMI,250,1700,300,164,1.0358337870219053e-14,1.7763568394002505e-15,0.012749499990604818
7278,DI,250,1700,300,165,9.94823026814659e-15,1.887379141862766e-15,0.005695400002878159
7279,WMI,250,1700,300,165,1.0358337870219053e-14,1.7763568394002505e-15,0.013740899972617626
7280,DI,250,1700,300,166,9.94823026814659e-15,1.887379141862766e-15,0.004876599996350706
7281,WMI,250,1700,300,166,1.0358337870219053e-14,1.7763568394002505e-15,0.013064500002656132
7282,DI,250,1700,300,167,9.94823026814659e-15,1.887379141862766e-15,0.005037700000684708
7283,WMI,250,1700,300,167,1.0358337870219053e-14,1.7763568394002505e-15,0.014307500008726493
7284,DI,250,1700,300,168,9.94823026814659e-15,1.887379141862766e-15,0.004847700009122491
7285,WMI,250,1700,300,168,1.0358337870219053e-14,1.7763568394002505e-15,0.013757799984887242
7286,DI,250,1700,300,169,9.94823026814659e-15,1.887379141862766e-15,0.005251000024145469
7287,WMI,250,1700,300,169,1.0358337870219053e-14,1.7763568394002505e-15,0.01381589999073185
7288,DI,250,1700,300,170,9.94823026814659e-15,1.887379141862766e-15,0.005228900001384318
7289,WMI,250,1700,300,170,1.0358337870219053e-14,1.7763568394002505e-15,0.01353880000533536
7290,DI,250,1700,300,171,9.94823026814659e-15,1.887379141862766e-15,0.005645800003549084
7291,WMI,250,1700,300,171,1.0358337870219053e-14,1.7763568394002505e-15,0.014976899983594194
7292,DI,250,1700,300,172,9.94823026814659e-15,1.887379141862766e-15,0.005153700010851026
7293,WMI,250,1700,300,172,1.0358337870219053e-14,1.7763568394002505e-15,0.014289299986558035
7294,DI,250,1700,300,173,9.94823026814659e-15,1.887379141862766e-15,0.005339499999536201
7295,WMI,250,1700,300,173,1.0358337870219053e-14,1.7763568394002505e-15,0.013702600001124665
7296,DI,250,1700,300,174,9.94823026814659e-15,1.887379141862766e-15,0.00510559999383986
7297,WMI,250,1700,300,174,1.0358337870219053e-14,1.7763568394002505e-15,0.013862799998605624
7298,DI,250,1700,300,175,9.94823026814659e-15,1.887379141862766e-15,0.005409599980339408
7299,WMI,250,1700,300,175,1.0358337870219053e-14,1.7763568394002505e-15,0.013881899998523295
7300,DI,250,1700,300,176,9.94823026814659e-15,1.887379141862766e-15,0.005386300006648526
7301,WMI,250,1700,300,176,1.0358337870219053e-14,1.7763568394002505e-15,0.014916300016921014
7302,DI,250,1700,300,177,9.94823026814659e-15,1.887379141862766e-15,0.005252400005701929
7303,WMI,250,1700,300,177,1.0358337870219053e-14,1.7763568394002505e-15,0.012573999993037432
7304,DI,250,1700,300,178,9.94823026814659e-15,1.887379141862766e-15,0.004783800017321482
7305,WMI,250,1700,300,178,1.0358337870219053e-14,1.7763568394002505e-15,0.012218499992741272
7306,DI,250,1700,300,179,9.94823026814659e-15,1.887379141862766e-15,0.004590800002915785
7307,WMI,250,1700,300,179,1.0358337870219053e-14,1.7763568394002505e-15,0.012459799996577203
7308,DI,250,1700,300,180,9.94823026814659e-15,1.887379141862766e-15,0.004569399985484779
7309,WMI,250,1700,300,180,1.0358337870219053e-14,1.7763568394002505e-15,0.012268899998161942
7310,DI,250,1700,300,181,9.94823026814659e-15,1.887379141862766e-15,0.004684399988036603
7311,WMI,250,1700,300,181,1.0358337870219053e-14,1.7763568394002505e-15,0.013114899978972971
7312,DI,250,1700,300,182,9.94823026814659e-15,1.887379141862766e-15,0.0054054999782238156
7313,WMI,250,1700,300,182,1.0358337870219053e-14,1.7763568394002505e-15,0.014275900000939146
7314,DI,250,1700,300,183,9.94823026814659e-15,1.887379141862766e-15,0.005803800013381988
7315,WMI,250,1700,300,183,1.0358337870219053e-14,1.7763568394002505e-15,0.014230100001441315
7316,DI,250,1700,300,184,9.94823026814659e-15,1.887379141862766e-15,0.005227300018304959
7317,WMI,250,1700,300,184,1.0358337870219053e-14,1.7763568394002505e-15,0.014117600017925724
7318,DI,250,1700,300,185,9.94823026814659e-15,1.887379141862766e-15,0.0052050000231247395
7319,WMI,250,1700,300,185,1.0358337870219053e-14,1.7763568394002505e-15,0.014492699992842972
7320,DI,250,1700,300,186,9.94823026814659e-15,1.887379141862766e-15,0.005592899979092181
7321,WMI,250,1700,300,186,1.0358337870219053e-14,1.7763568394002505e-15,0.0159200000052806
7322,DI,250,1700,300,187,9.94823026814659e-15,1.887379141862766e-15,0.005114300001878291
7323,WMI,250,1700,300,187,1.0358337870219053e-14,1.7763568394002505e-15,0.013961499993456528
7324,DI,250,1700,300,188,9.94823026814659e-15,1.887379141862766e-15,0.005863400001544505
7325,WMI,250,1700,300,188,1.0358337870219053e-14,1.7763568394002505e-15,0.013596900011179969
7326,DI,250,1700,300,189,9.94823026814659e-15,1.887379141862766e-15,0.0053217999811749905
7327,WMI,250,1700,300,189,1.0358337870219053e-14,1.7763568394002505e-15,0.014325099997222424
7328,DI,250,1700,300,190,9.94823026814659e-15,1.887379141862766e-15,0.004810299986274913
7329,WMI,250,1700,300,190,1.0358337870219053e-14,1.7763568394002505e-15,0.013382999983150512
7330,DI,250,1700,300,191,9.94823026814659e-15,1.887379141862766e-15,0.005566100007854402
7331,WMI,250,1700,300,191,1.0358337870219053e-14,1.7763568394002505e-15,0.01298769999993965
7332,DI,250,1700,300,192,9.94823026814659e-15,1.887379141862766e-15,0.0050267999758943915
7333,WMI,250,1700,300,192,1.0358337870219053e-14,1.7763568394002505e-15,0.01342790000489913
7334,DI,250,1700,300,193,9.94823026814659e-15,1.887379141862766e-15,0.005132599995704368
7335,WMI,250,1700,300,193,1.0358337870219053e-14,1.7763568394002505e-15,0.013584500004071742
7336,DI,250,1700,300,194,9.94823026814659e-15,1.887379141862766e-15,0.005624999990686774
7337,WMI,250,1700,300,194,1.0358337870219053e-14,1.7763568394002505e-15,0.014260099997045472
7338,DI,250,1700,300,195,9.94823026814659e-15,1.887379141862766e-15,0.005805099994176999
7339,WMI,250,1700,300,195,1.0358337870219053e-14,1.7763568394002505e-15,0.01372119999723509
7340,DI,250,1700,300,196,9.94823026814659e-15,1.887379141862766e-15,0.0048467000015079975
7341,WMI,250,1700,300,196,1.0358337870219053e-14,1.7763568394002505e-15,0.013909100001910701
7342,DI,250,1700,300,197,9.94823026814659e-15,1.887379141862766e-15,0.005005999992135912
7343,WMI,250,1700,300,197,1.0358337870219053e-14,1.7763568394002505e-15,0.014191199996275827
7344,DI,250,1700,300,198,9.94823026814659e-15,1.887379141862766e-15,0.005723899987060577
7345,WMI,250,1700,300,198,1.0358337870219053e-14,1.7763568394002505e-15,0.013699500006623566
7346,DI,250,1700,300,199,9.94823026814659e-15,1.887379141862766e-15,0.005057799979113042
7347,WMI,250,1700,300,199,1.0358337870219053e-14,1.7763568394002505e-15,0.013305000000400469
7348,DI,250,1700,300,200,9.94823026814659e-15,1.887379141862766e-15,0.005620399984763935
7349,WMI,250,1700,300,200,1.0358337870219053e-14,1.7763568394002505e-15,0.013695599976927042
7350,DI,250,1600,400,1,1.0157582723559106e-14,1.887379141862766e-15,0.005266799998935312
7351,WMI,250,1600,400,1,1.066981369531055e-14,1.9984014443252818e-15,0.017092599999159575
7352,ISM,250,1600,400,1,6.482274374513773,0.3952531910502217,0.0711715999932494
7353,DI,250,1600,400,2,1.0157582723559106e-14,1.887379141862766e-15,0.0036419999960344285
7354,WMI,250,1600,400,2,1.066981369531055e-14,1.9984014443252818e-15,0.01401590000023134
7355,ISM,250,1600,400,2,6.482274374513773,0.3952531910502217,0.04581229999894276
7356,DI,250,1600,400,3,1.0157582723559106e-14,1.887379141862766e-15,0.005104000010760501
7357,WMI,250,1600,400,3,1.066981369531055e-14,1.9984014443252818e-15,0.014225200022337958
7358,ISM,250,1600,400,3,6.482274374513773,0.3952531910502217,0.04676800000015646
7359,DI,250,1600,400,4,1.0157582723559106e-14,1.887379141862766e-15,0.004530300007900223
7360,WMI,250,1600,400,4,1.066981369531055e-14,1.9984014443252818e-15,0.01602080001612194
7361,ISM,250,1600,400,4,6.482274374513773,0.3952531910502217,0.047890499990899116
7362,DI,250,1600,400,5,1.0157582723559106e-14,1.887379141862766e-15,0.005693499988410622
7363,WMI,250,1600,400,5,1.066981369531055e-14,1.9984014443252818e-15,0.017394599999533966
7364,ISM,250,1600,400,5,6.482274374513773,0.3952531910502217,0.06054380000568926
7365,DI,250,1600,400,6,1.0157582723559106e-14,1.887379141862766e-15,0.0043846000044140965
7366,WMI,250,1600,400,6,1.066981369531055e-14,1.9984014443252818e-15,0.018822600017301738
7367,ISM,250,1600,400,6,6.482274374513773,0.3952531910502217,0.07136659999378026
7368,DI,250,1600,400,7,1.0157582723559106e-14,1.887379141862766e-15,0.004603499983204529
7369,WMI,250,1600,400,7,1.066981369531055e-14,1.9984014443252818e-15,0.018280499993124977
7370,ISM,250,1600,400,7,6.482274374513773,0.3952531910502217,0.07511030000750907
7371,DI,250,1600,400,8,1.0157582723559106e-14,1.887379141862766e-15,0.0056068999983835965
7372,WMI,250,1600,400,8,1.066981369531055e-14,1.9984014443252818e-15,0.01600140001391992
7373,ISM,250,1600,400,8,6.482274374513773,0.3952531910502217,0.1030789999931585
7374,DI,250,1600,400,9,1.0157582723559106e-14,1.887379141862766e-15,0.00701990001834929
7375,WMI,250,1600,400,9,1.066981369531055e-14,1.9984014443252818e-15,0.016499899997143075
7376,ISM,250,1600,400,9,6.482274374513773,0.3952531910502217,0.08407089998945594
7377,DI,250,1600,400,10,1.0157582723559106e-14,1.887379141862766e-15,0.006200799980433658
7378,WMI,250,1600,400,10,1.066981369531055e-14,1.9984014443252818e-15,0.0174059999990277
7379,ISM,250,1600,400,10,6.482274374513773,0.3952531910502217,0.04815560000133701
7380,DI,250,1600,400,11,1.0157582723559106e-14,1.887379141862766e-15,0.004454399982932955
7381,WMI,250,1600,400,11,1.066981369531055e-14,1.9984014443252818e-15,0.01510799999232404
7382,ISM,250,1600,400,11,6.482274374513773,0.3952531910502217,0.058224799984600395
7383,DI,250,1600,400,12,1.0157582723559106e-14,1.887379141862766e-15,0.004545900010270998
7384,WMI,250,1600,400,12,1.066981369531055e-14,1.9984014443252818e-15,0.015623100014636293
7385,ISM,250,1600,400,12,6.482274374513773,0.3952531910502217,0.05184770000050776
7386,DI,250,1600,400,13,1.0157582723559106e-14,1.887379141862766e-15,0.003554499999154359
7387,WMI,250,1600,400,13,1.066981369531055e-14,1.9984014443252818e-15,0.01797179999994114
7388,ISM,250,1600,400,13,6.482274374513773,0.3952531910502217,0.08014239999465644
7389,DI,250,1600,400,14,1.0157582723559106e-14,1.887379141862766e-15,0.005655899993143976
7390,WMI,250,1600,400,14,1.066981369531055e-14,1.9984014443252818e-15,0.018160200008424
7391,ISM,250,1600,400,14,6.482274374513773,0.3952531910502217,0.08065379998879507
7392,DI,250,1600,400,15,1.0157582723559106e-14,1.887379141862766e-15,0.0050026999961119145
7393,WMI,250,1600,400,15,1.066981369531055e-14,1.9984014443252818e-15,0.015079200005857274
7394,ISM,250,1600,400,15,6.482274374513773,0.3952531910502217,0.05977530000382103
7395,DI,250,1600,400,16,1.0157582723559106e-14,1.887379141862766e-15,0.005103200004668906
7396,WMI,250,1600,400,16,1.066981369531055e-14,1.9984014443252818e-15,0.0180269000120461
7397,ISM,250,1600,400,16,6.482274374513773,0.3952531910502217,0.04333739998401143
7398,DI,250,1600,400,17,1.0157582723559106e-14,1.887379141862766e-15,0.0035194999945815653
7399,WMI,250,1600,400,17,1.066981369531055e-14,1.9984014443252818e-15,0.014703599998028949
7400,ISM,250,1600,400,17,6.482274374513773,0.3952531910502217,0.04604099999414757
7401,DI,250,1600,400,18,1.0157582723559106e-14,1.887379141862766e-15,0.004976199998054653
7402,WMI,250,1600,400,18,1.066981369531055e-14,1.9984014443252818e-15,0.01723849997506477
7403,ISM,250,1600,400,18,6.482274374513773,0.3952531910502217,0.05349669998395257
7404,DI,250,1600,400,19,1.0157582723559106e-14,1.887379141862766e-15,0.0046085000212769955
7405,WMI,250,1600,400,19,1.066981369531055e-14,1.9984014443252818e-15,0.01511100001516752
7406,ISM,250,1600,400,19,6.482274374513773,0.3952531910502217,0.0785226000007242
7407,DI,250,1600,400,20,1.0157582723559106e-14,1.887379141862766e-15,0.004327600006945431
7408,WMI,250,1600,400,20,1.066981369531055e-14,1.9984014443252818e-15,0.022806699998909608
7409,ISM,250,1600,400,20,6.482274374513773,0.3952531910502217,0.05331110002589412
7410,DI,250,1600,400,21,1.0157582723559106e-14,1.887379141862766e-15,0.005723699985537678
7411,WMI,250,1600,400,21,1.066981369531055e-14,1.9984014443252818e-15,0.01638189997174777
7412,ISM,250,1600,400,21,6.482274374513773,0.3952531910502217,0.06469900000956841
7413,DI,250,1600,400,22,1.0157582723559106e-14,1.887379141862766e-15,0.004611200012732297
7414,WMI,250,1600,400,22,1.066981369531055e-14,1.9984014443252818e-15,0.02084769998327829
7415,ISM,250,1600,400,22,6.482274374513773,0.3952531910502217,0.04349589999765158
7416,DI,250,1600,400,23,1.0157582723559106e-14,1.887379141862766e-15,0.006080899998778477
7417,WMI,250,1600,400,23,1.066981369531055e-14,1.9984014443252818e-15,0.015899699996225536
7418,ISM,250,1600,400,23,6.482274374513773,0.3952531910502217,0.042791099986061454
7419,DI,250,1600,400,24,1.0157582723559106e-14,1.887379141862766e-15,0.004587200004607439
7420,WMI,250,1600,400,24,1.066981369531055e-14,1.9984014443252818e-15,0.015531000011833385
7421,ISM,250,1600,400,24,6.482274374513773,0.3952531910502217,0.04687159997411072
7422,DI,250,1600,400,25,1.0157582723559106e-14,1.887379141862766e-15,0.0032293999975081533
7423,WMI,250,1600,400,25,1.066981369531055e-14,1.9984014443252818e-15,0.01384269999107346
7424,ISM,250,1600,400,25,6.482274374513773,0.3952531910502217,0.04760380001971498
7425,DI,250,1600,400,26,1.0157582723559106e-14,1.887379141862766e-15,0.004450499982340261
7426,WMI,250,1600,400,26,1.066981369531055e-14,1.9984014443252818e-15,0.020255700015695766
7427,ISM,250,1600,400,26,6.482274374513773,0.3952531910502217,0.0501978000102099
7428,DI,250,1600,400,27,1.0157582723559106e-14,1.887379141862766e-15,0.004294899990782142
7429,WMI,250,1600,400,27,1.066981369531055e-14,1.9984014443252818e-15,0.014503599988529459
7430,ISM,250,1600,400,27,6.482274374513773,0.3952531910502217,0.048960199987050146
7431,DI,250,1600,400,28,1.0157582723559106e-14,1.887379141862766e-15,0.004581500019412488
7432,WMI,250,1600,400,28,1.066981369531055e-14,1.9984014443252818e-15,0.024296299990965053
7433,ISM,250,1600,400,28,6.482274374513773,0.3952531910502217,0.04344830001355149
7434,DI,250,1600,400,29,1.0157582723559106e-14,1.887379141862766e-15,0.0059751000080723315
7435,WMI,250,1600,400,29,1.066981369531055e-14,1.9984014443252818e-15,0.01483820000430569
7436,ISM,250,1600,400,29,6.482274374513773,0.3952531910502217,0.042768600018462166
7437,DI,250,1600,400,30,1.0157582723559106e-14,1.887379141862766e-15,0.0031472000118810683
7438,WMI,250,1600,400,30,1.066981369531055e-14,1.9984014443252818e-15,0.017798899993067607
7439,ISM,250,1600,400,30,6.482274374513773,0.3952531910502217,0.047779499989701435
7440,DI,250,1600,400,31,1.0157582723559106e-14,1.887379141862766e-15,0.0047611000190954655
7441,WMI,250,1600,400,31,1.066981369531055e-14,1.9984014443252818e-15,0.019745700003113598
7442,ISM,250,1600,400,31,6.482274374513773,0.3952531910502217,0.04912219999823719
7443,DI,250,1600,400,32,1.0157582723559106e-14,1.887379141862766e-15,0.006674699980067089
7444,WMI,250,1600,400,32,1.066981369531055e-14,1.9984014443252818e-15,0.014337700005853549
7445,ISM,250,1600,400,32,6.482274374513773,0.3952531910502217,0.05529449999448843
7446,DI,250,1600,400,33,1.0157582723559106e-14,1.887379141862766e-15,0.003573199996026233
7447,WMI,250,1600,400,33,1.066981369531055e-14,1.9984014443252818e-15,0.030130700004519895
7448,ISM,250,1600,400,33,6.482274374513773,0.3952531910502217,0.04272260001744144
7449,DI,250,1600,400,34,1.0157582723559106e-14,1.887379141862766e-15,0.006593900005100295
7450,WMI,250,1600,400,34,1.066981369531055e-14,1.9984014443252818e-15,0.019740299991099164
7451,ISM,250,1600,400,34,6.482274374513773,0.3952531910502217,0.044044300011591986
7452,DI,250,1600,400,35,1.0157582723559106e-14,1.887379141862766e-15,0.0048547000042162836
7453,WMI,250,1600,400,35,1.066981369531055e-14,1.9984014443252818e-15,0.017049300018697977
7454,ISM,250,1600,400,35,6.482274374513773,0.3952531910502217,0.050954800011822954
7455,DI,250,1600,400,36,1.0157582723559106e-14,1.887379141862766e-15,0.003862700017634779
7456,WMI,250,1600,400,36,1.066981369531055e-14,1.9984014443252818e-15,0.013421299983747303
7457,ISM,250,1600,400,36,6.482274374513773,0.3952531910502217,0.04968959998222999
7458,DI,250,1600,400,37,1.0157582723559106e-14,1.887379141862766e-15,0.003633599990280345
7459,WMI,250,1600,400,37,1.066981369531055e-14,1.9984014443252818e-15,0.02175429998897016
7460,ISM,250,1600,400,37,6.482274374513773,0.3952531910502217,0.05322509998222813
7461,DI,250,1600,400,38,1.0157582723559106e-14,1.887379141862766e-15,0.00361509999493137
7462,WMI,250,1600,400,38,1.066981369531055e-14,1.9984014443252818e-15,0.01370619999943301
7463,ISM,250,1600,400,38,6.482274374513773,0.3952531910502217,0.0388698999886401
7464,DI,250,1600,400,39,1.0157582723559106e-14,1.887379141862766e-15,0.00427879998460412
7465,WMI,250,1600,400,39,1.066981369531055e-14,1.9984014443252818e-15,0.018329799990169704
7466,ISM,250,1600,400,39,6.482274374513773,0.3952531910502217,0.04106250000768341
7467,DI,250,1600,400,40,1.0157582723559106e-14,1.887379141862766e-15,0.006431000016164035
7468,WMI,250,1600,400,40,1.066981369531055e-14,1.9984014443252818e-15,0.020769499999005347
7469,ISM,250,1600,400,40,6.482274374513773,0.3952531910502217,0.05188129999442026
7470,DI,250,1600,400,41,1.0157582723559106e-14,1.887379141862766e-15,0.005771099997218698
7471,WMI,250,1600,400,41,1.066981369531055e-14,1.9984014443252818e-15,0.0973801999934949
7472,ISM,250,1600,400,41,6.482274374513773,0.3952531910502217,0.045269499998539686
7473,DI,250,1600,400,42,1.0157582723559106e-14,1.887379141862766e-15,0.005348200007574633
7474,WMI,250,1600,400,42,1.066981369531055e-14,1.9984014443252818e-15,0.013574899989180267
7475,ISM,250,1600,400,42,6.482274374513773,0.3952531910502217,0.038426099985372275
7476,DI,250,1600,400,43,1.0157582723559106e-14,1.887379141862766e-15,0.009476799983531237
7477,WMI,250,1600,400,43,1.066981369531055e-14,1.9984014443252818e-15,0.020302999997511506
7478,ISM,250,1600,400,43,6.482274374513773,0.3952531910502217,0.07592240002122708
7479,DI,250,1600,400,44,1.0157582723559106e-14,1.887379141862766e-15,0.007701499998802319
7480,WMI,250,1600,400,44,1.066981369531055e-14,1.9984014443252818e-15,0.024216399993747473
7481,ISM,250,1600,400,44,6.482274374513773,0.3952531910502217,0.03948499998659827
7482,DI,250,1600,400,45,1.0157582723559106e-14,1.887379141862766e-15,0.0036450000188779086
7483,WMI,250,1600,400,45,1.066981369531055e-14,1.9984014443252818e-15,0.01770070000202395
7484,ISM,250,1600,400,45,6.482274374513773,0.3952531910502217,0.038957900018431246
7485,DI,250,1600,400,46,1.0157582723559106e-14,1.887379141862766e-15,0.005212999996729195
7486,WMI,250,1600,400,46,1.066981369531055e-14,1.9984014443252818e-15,0.017788900004234165
7487,ISM,250,1600,400,46,6.482274374513773,0.3952531910502217,0.04232510001747869
7488,DI,250,1600,400,47,1.0157582723559106e-14,1.887379141862766e-15,0.004124600003706291
7489,WMI,250,1600,400,47,1.066981369531055e-14,1.9984014443252818e-15,0.015966600010870025
7490,ISM,250,1600,400,47,6.482274374513773,0.3952531910502217,0.04514580001705326
7491,DI,250,1600,400,48,1.0157582723559106e-14,1.887379141862766e-15,0.0034222000103909522
7492,WMI,250,1600,400,48,1.066981369531055e-14,1.9984014443252818e-15,0.01428709999890998
7493,ISM,250,1600,400,48,6.482274374513773,0.3952531910502217,0.044180800003232434
7494,DI,250,1600,400,49,1.0157582723559106e-14,1.887379141862766e-15,0.004269800003385171
7495,WMI,250,1600,400,49,1.066981369531055e-14,1.9984014443252818e-15,0.013225200003944337
7496,ISM,250,1600,400,49,6.482274374513773,0.3952531910502217,0.04963619998306967
7497,DI,250,1600,400,50,1.0157582723559106e-14,1.887379141862766e-15,0.004328299983171746
7498,WMI,250,1600,400,50,1.066981369531055e-14,1.9984014443252818e-15,0.01367219997337088
7499,ISM,250,1600,400,50,6.482274374513773,0.3952531910502217,0.0552460000035353
7500,DI,250,1600,400,51,1.0157582723559106e-14,1.887379141862766e-15,0.0034147999831475317
7501,WMI,250,1600,400,51,1.066981369531055e-14,1.9984014443252818e-15,0.01656270000967197
7502,DI,250,1600,400,52,1.0157582723559106e-14,1.887379141862766e-15,0.005697700020391494
7503,WMI,250,1600,400,52,1.066981369531055e-14,1.9984014443252818e-15,0.01985029998468235
7504,DI,250,1600,400,53,1.0157582723559106e-14,1.887379141862766e-15,0.003994899976532906
7505,WMI,250,1600,400,53,1.066981369531055e-14,1.9984014443252818e-15,0.012505299993790686
7506,DI,250,1600,400,54,1.0157582723559106e-14,1.887379141862766e-15,0.0029092000040691346
7507,WMI,250,1600,400,54,1.066981369531055e-14,1.9984014443252818e-15,0.01217440000618808
7508,DI,250,1600,400,55,1.0157582723559106e-14,1.887379141862766e-15,0.002909600007114932
7509,WMI,250,1600,400,55,1.066981369531055e-14,1.9984014443252818e-15,0.011997800000244752
7510,DI,250,1600,400,56,1.0157582723559106e-14,1.887379141862766e-15,0.003133899997919798
7511,WMI,250,1600,400,56,1.066981369531055e-14,1.9984014443252818e-15,0.01246470000478439
7512,DI,250,1600,400,57,1.0157582723559106e-14,1.887379141862766e-15,0.0029252000094857067
7513,WMI,250,1600,400,57,1.066981369531055e-14,1.9984014443252818e-15,0.011677700007567182
7514,DI,250,1600,400,58,1.0157582723559106e-14,1.887379141862766e-15,0.002832400001352653
7515,WMI,250,1600,400,58,1.066981369531055e-14,1.9984014443252818e-15,0.011636400013230741
7516,DI,250,1600,400,59,1.0157582723559106e-14,1.887379141862766e-15,0.0030815000063739717
7517,WMI,250,1600,400,59,1.066981369531055e-14,1.9984014443252818e-15,0.013244999980088323
7518,DI,250,1600,400,60,1.0157582723559106e-14,1.887379141862766e-15,0.003006899991305545
7519,WMI,250,1600,400,60,1.066981369531055e-14,1.9984014443252818e-15,0.012367999996058643
7520,DI,250,1600,400,61,1.0157582723559106e-14,1.887379141862766e-15,0.0036776000051759183
7521,WMI,250,1600,400,61,1.066981369531055e-14,1.9984014443252818e-15,0.011677200003759935
7522,DI,250,1600,400,62,1.0157582723559106e-14,1.887379141862766e-15,0.0028840999875683337
7523,WMI,250,1600,400,62,1.066981369531055e-14,1.9984014443252818e-15,0.012450500013073906
7524,DI,250,1600,400,63,1.0157582723559106e-14,1.887379141862766e-15,0.0033284999954048544
7525,WMI,250,1600,400,63,1.066981369531055e-14,1.9984014443252818e-15,0.012283700023544952
7526,DI,250,1600,400,64,1.0157582723559106e-14,1.887379141862766e-15,0.0033084999886341393
7527,WMI,250,1600,400,64,1.066981369531055e-14,1.9984014443252818e-15,0.012702700012596324
7528,DI,250,1600,400,65,1.0157582723559106e-14,1.887379141862766e-15,0.0031578999769408256
7529,WMI,250,1600,400,65,1.066981369531055e-14,1.9984014443252818e-15,0.012837699992815033
7530,DI,250,1600,400,66,1.0157582723559106e-14,1.887379141862766e-15,0.0032792999991215765
7531,WMI,250,1600,400,66,1.066981369531055e-14,1.9984014443252818e-15,0.012871200015069917
7532,DI,250,1600,400,67,1.0157582723559106e-14,1.887379141862766e-15,0.003409900004044175
7533,WMI,250,1600,400,67,1.066981369531055e-14,1.9984014443252818e-15,0.012822999997297302
7534,DI,250,1600,400,68,1.0157582723559106e-14,1.887379141862766e-15,0.0030888999754097313
7535,WMI,250,1600,400,68,1.066981369531055e-14,1.9984014443252818e-15,0.012855399982072413
7536,DI,250,1600,400,69,1.0157582723559106e-14,1.887379141862766e-15,0.003087499993853271
7537,WMI,250,1600,400,69,1.066981369531055e-14,1.9984014443252818e-15,0.012244500016095117
7538,DI,250,1600,400,70,1.0157582723559106e-14,1.887379141862766e-15,0.003134200000204146
7539,WMI,250,1600,400,70,1.066981369531055e-14,1.9984014443252818e-15,0.012977200007298961
7540,DI,250,1600,400,71,1.0157582723559106e-14,1.887379141862766e-15,0.0032328999950550497
7541,WMI,250,1600,400,71,1.066981369531055e-14,1.9984014443252818e-15,0.013545599998906255
7542,DI,250,1600,400,72,1.0157582723559106e-14,1.887379141862766e-15,0.005239699996309355
7543,WMI,250,1600,400,72,1.066981369531055e-14,1.9984014443252818e-15,0.014240099990274757
7544,DI,250,1600,400,73,1.0157582723559106e-14,1.887379141862766e-15,0.004638099984731525
7545,WMI,250,1600,400,73,1.066981369531055e-14,1.9984014443252818e-15,0.014136999991023913
7546,DI,250,1600,400,74,1.0157582723559106e-14,1.887379141862766e-15,0.0037650000012945384
7547,WMI,250,1600,400,74,1.066981369531055e-14,1.9984014443252818e-15,0.012091899989172816
7548,DI,250,1600,400,75,1.0157582723559106e-14,1.887379141862766e-15,0.004226699995342642
7549,WMI,250,1600,400,75,1.066981369531055e-14,1.9984014443252818e-15,0.012870100006693974
7550,DI,250,1600,400,76,1.0157582723559106e-14,1.887379141862766e-15,0.0034903000050690025
7551,WMI,250,1600,400,76,1.066981369531055e-14,1.9984014443252818e-15,0.012474399991333485
7552,DI,250,1600,400,77,1.0157582723559106e-14,1.887379141862766e-15,0.0033810000168159604
7553,WMI,250,1600,400,77,1.066981369531055e-14,1.9984014443252818e-15,0.012269500002730638
7554,DI,250,1600,400,78,1.0157582723559106e-14,1.887379141862766e-15,0.003294100024504587
7555,WMI,250,1600,400,78,1.066981369531055e-14,1.9984014443252818e-15,0.012646000017412007
7556,DI,250,1600,400,79,1.0157582723559106e-14,1.887379141862766e-15,0.0034988000115845352
7557,WMI,250,1600,400,79,1.066981369531055e-14,1.9984014443252818e-15,0.011957599985180423
7558,DI,250,1600,400,80,1.0157582723559106e-14,1.887379141862766e-15,0.0036090000066906214
7559,WMI,250,1600,400,80,1.066981369531055e-14,1.9984014443252818e-15,0.012927500007208437
7560,DI,250,1600,400,81,1.0157582723559106e-14,1.887379141862766e-15,0.0035223000159021467
7561,WMI,250,1600,400,81,1.066981369531055e-14,1.9984014443252818e-15,0.012404699984472245
7562,DI,250,1600,400,82,1.0157582723559106e-14,1.887379141862766e-15,0.0034685000136960298
7563,WMI,250,1600,400,82,1.066981369531055e-14,1.9984014443252818e-15,0.01327070000115782
7564,DI,250,1600,400,83,1.0157582723559106e-14,1.887379141862766e-15,0.0035174000076949596
7565,WMI,250,1600,400,83,1.066981369531055e-14,1.9984014443252818e-15,0.012634200014872476
7566,DI,250,1600,400,84,1.0157582723559106e-14,1.887379141862766e-15,0.0034986999817192554
7567,WMI,250,1600,400,84,1.066981369531055e-14,1.9984014443252818e-15,0.012929600023198873
7568,DI,250,1600,400,85,1.0157582723559106e-14,1.887379141862766e-15,0.0036328999849501997
7569,WMI,250,1600,400,85,1.066981369531055e-14,1.9984014443252818e-15,0.012631699995836243
7570,DI,250,1600,400,86,1.0157582723559106e-14,1.887379141862766e-15,0.003704699978698045
7571,WMI,250,1600,400,86,1.066981369531055e-14,1.9984014443252818e-15,0.012857099995017052
7572,DI,250,1600,400,87,1.0157582723559106e-14,1.887379141862766e-15,0.0037469000089913607
7573,WMI,250,1600,400,87,1.066981369531055e-14,1.9984014443252818e-15,0.013787600008072332
7574,DI,250,1600,400,88,1.0157582723559106e-14,1.887379141862766e-15,0.0036549000069499016
7575,WMI,250,1600,400,88,1.066981369531055e-14,1.9984014443252818e-15,0.013404999976046383
7576,DI,250,1600,400,89,1.0157582723559106e-14,1.887379141862766e-15,0.003318200004287064
7577,WMI,250,1600,400,89,1.066981369531055e-14,1.9984014443252818e-15,0.013175200001569465
7578,DI,250,1600,400,90,1.0157582723559106e-14,1.887379141862766e-15,0.00362249999307096
7579,WMI,250,1600,400,90,1.066981369531055e-14,1.9984014443252818e-15,0.012986699992325157
7580,DI,250,1600,400,91,1.0157582723559106e-14,1.887379141862766e-15,0.0038283999892883003
7581,WMI,250,1600,400,91,1.066981369531055e-14,1.9984014443252818e-15,0.013762799993855879
7582,DI,250,1600,400,92,1.0157582723559106e-14,1.887379141862766e-15,0.003870999993523583
7583,WMI,250,1600,400,92,1.066981369531055e-14,1.9984014443252818e-15,0.01306189998285845
7584,DI,250,1600,400,93,1.0157582723559106e-14,1.887379141862766e-15,0.003866799990646541
7585,WMI,250,1600,400,93,1.066981369531055e-14,1.9984014443252818e-15,0.013630399975227192
7586,DI,250,1600,400,94,1.0157582723559106e-14,1.887379141862766e-15,0.003738400002475828
7587,WMI,250,1600,400,94,1.066981369531055e-14,1.9984014443252818e-15,0.013807599985739216
7588,DI,250,1600,400,95,1.0157582723559106e-14,1.887379141862766e-15,0.0035288999788463116
7589,WMI,250,1600,400,95,1.066981369531055e-14,1.9984014443252818e-15,0.013763800001470372
7590,DI,250,1600,400,96,1.0157582723559106e-14,1.887379141862766e-15,0.0035331000108271837
7591,WMI,250,1600,400,96,1.066981369531055e-14,1.9984014443252818e-15,0.012834699999075383
7592,DI,250,1600,400,97,1.0157582723559106e-14,1.887379141862766e-15,0.003510100010316819
7593,WMI,250,1600,400,97,1.066981369531055e-14,1.9984014443252818e-15,0.013681000011274591
7594,DI,250,1600,400,98,1.0157582723559106e-14,1.887379141862766e-15,0.0038144999998621643
7595,WMI,250,1600,400,98,1.066981369531055e-14,1.9984014443252818e-15,0.013196500018239021
7596,DI,250,1600,400,99,1.0157582723559106e-14,1.887379141862766e-15,0.0037497000012081116
7597,WMI,250,1600,400,99,1.066981369531055e-14,1.9984014443252818e-15,0.013397800008533522
7598,DI,250,1600,400,100,1.0157582723559106e-14,1.887379141862766e-15,0.003716600011102855
7599,WMI,250,1600,400,100,1.066981369531055e-14,1.9984014443252818e-15,0.014221099991118535
7600,DI,250,1600,400,101,1.0157582723559106e-14,1.887379141862766e-15,0.003784500004258007
7601,WMI,250,1600,400,101,1.066981369531055e-14,1.9984014443252818e-15,0.013378200004808605
7602,DI,250,1600,400,102,1.0157582723559106e-14,1.887379141862766e-15,0.003712500008987263
7603,WMI,250,1600,400,102,1.066981369531055e-14,1.9984014443252818e-15,0.01362780001363717
7604,DI,250,1600,400,103,1.0157582723559106e-14,1.887379141862766e-15,0.00422110001090914
7605,WMI,250,1600,400,103,1.066981369531055e-14,1.9984014443252818e-15,0.01358780000009574
7606,DI,250,1600,400,104,1.0157582723559106e-14,1.887379141862766e-15,0.003911299980245531
7607,WMI,250,1600,400,104,1.066981369531055e-14,1.9984014443252818e-15,0.014218399999663234
7608,DI,250,1600,400,105,1.0157582723559106e-14,1.887379141862766e-15,0.0039628999948035926
7609,WMI,250,1600,400,105,1.066981369531055e-14,1.9984014443252818e-15,0.013650600012624636
7610,DI,250,1600,400,106,1.0157582723559106e-14,1.887379141862766e-15,0.004062399995746091
7611,WMI,250,1600,400,106,1.066981369531055e-14,1.9984014443252818e-15,0.015750000020489097
7612,DI,250,1600,400,107,1.0157582723559106e-14,1.887379141862766e-15,0.0037733000062871724
7613,WMI,250,1600,400,107,1.066981369531055e-14,1.9984014443252818e-15,0.013918700016802177
7614,DI,250,1600,400,108,1.0157582723559106e-14,1.887379141862766e-15,0.004144099977565929
7615,WMI,250,1600,400,108,1.066981369531055e-14,1.9984014443252818e-15,0.013479400018695742
7616,DI,250,1600,400,109,1.0157582723559106e-14,1.887379141862766e-15,0.004122999991523102
7617,WMI,250,1600,400,109,1.066981369531055e-14,1.9984014443252818e-15,0.013622999977087602
7618,DI,250,1600,400,110,1.0157582723559106e-14,1.887379141862766e-15,0.0038118999800644815
7619,WMI,250,1600,400,110,1.066981369531055e-14,1.9984014443252818e-15,0.01385610000579618
7620,DI,250,1600,400,111,1.0157582723559106e-14,1.887379141862766e-15,0.003921099996659905
7621,WMI,250,1600,400,111,1.066981369531055e-14,1.9984014443252818e-15,0.014118899998720735
7622,DI,250,1600,400,112,1.0157582723559106e-14,1.887379141862766e-15,0.0038121999823488295
7623,WMI,250,1600,400,112,1.066981369531055e-14,1.9984014443252818e-15,0.013894100004108623
7624,DI,250,1600,400,113,1.0157582723559106e-14,1.887379141862766e-15,0.004404200008139014
7625,WMI,250,1600,400,113,1.066981369531055e-14,1.9984014443252818e-15,0.01349450001725927
7626,DI,250,1600,400,114,1.0157582723559106e-14,1.887379141862766e-15,0.004112299997359514
7627,WMI,250,1600,400,114,1.066981369531055e-14,1.9984014443252818e-15,0.013306499982718378
7628,DI,250,1600,400,115,1.0157582723559106e-14,1.887379141862766e-15,0.00377509999088943
7629,WMI,250,1600,400,115,1.066981369531055e-14,1.9984014443252818e-15,0.013074299989966676
7630,DI,250,1600,400,116,1.0157582723559106e-14,1.887379141862766e-15,0.004133500013267621
7631,WMI,250,1600,400,116,1.066981369531055e-14,1.9984014443252818e-15,0.013711899984627962
7632,DI,250,1600,400,117,1.0157582723559106e-14,1.887379141862766e-15,0.003827999986242503
7633,WMI,250,1600,400,117,1.066981369531055e-14,1.9984014443252818e-15,0.014489900000626221
7634,DI,250,1600,400,118,1.0157582723559106e-14,1.887379141862766e-15,0.003936799999792129
7635,WMI,250,1600,400,118,1.066981369531055e-14,1.9984014443252818e-15,0.013765100011369213
7636,DI,250,1600,400,119,1.0157582723559106e-14,1.887379141862766e-15,0.003959299996495247
7637,WMI,250,1600,400,119,1.066981369531055e-14,1.9984014443252818e-15,0.014223199978005141
7638,DI,250,1600,400,120,1.0157582723559106e-14,1.887379141862766e-15,0.0037333000218495727
7639,WMI,250,1600,400,120,1.066981369531055e-14,1.9984014443252818e-15,0.013383800018345937
7640,DI,250,1600,400,121,1.0157582723559106e-14,1.887379141862766e-15,0.003741799999261275
7641,WMI,250,1600,400,121,1.066981369531055e-14,1.9984014443252818e-15,0.013856300007319078
7642,DI,250,1600,400,122,1.0157582723559106e-14,1.887379141862766e-15,0.0036791999882552773
7643,WMI,250,1600,400,122,1.066981369531055e-14,1.9984014443252818e-15,0.014974399993661791
7644,DI,250,1600,400,123,1.0157582723559106e-14,1.887379141862766e-15,0.004677499993704259
7645,WMI,250,1600,400,123,1.066981369531055e-14,1.9984014443252818e-15,0.016114600002765656
7646,DI,250,1600,400,124,1.0157582723559106e-14,1.887379141862766e-15,0.004438500007381663
7647,WMI,250,1600,400,124,1.066981369531055e-14,1.9984014443252818e-15,0.015522600006079301
7648,DI,250,1600,400,125,1.0157582723559106e-14,1.887379141862766e-15,0.004393399984110147
7649,WMI,250,1600,400,125,1.066981369531055e-14,1.9984014443252818e-15,0.01577460000407882
7650,DI,250,1600,400,126,1.0157582723559106e-14,1.887379141862766e-15,0.0041899999778252095
7651,WMI,250,1600,400,126,1.066981369531055e-14,1.9984014443252818e-15,0.01465759999700822
7652,DI,250,1600,400,127,1.0157582723559106e-14,1.887379141862766e-15,0.00421509999432601
7653,WMI,250,1600,400,127,1.066981369531055e-14,1.9984014443252818e-15,0.014599200017983094
7654,DI,250,1600,400,128,1.0157582723559106e-14,1.887379141862766e-15,0.004758099996251985
7655,WMI,250,1600,400,128,1.066981369531055e-14,1.9984014443252818e-15,0.01454940001713112
7656,DI,250,1600,400,129,1.0157582723559106e-14,1.887379141862766e-15,0.004197000002022833
7657,WMI,250,1600,400,129,1.066981369531055e-14,1.9984014443252818e-15,0.015206000010948628
7658,DI,250,1600,400,130,1.0157582723559106e-14,1.887379141862766e-15,0.0039490000053774565
7659,WMI,250,1600,400,130,1.066981369531055e-14,1.9984014443252818e-15,0.01398640000843443
7660,DI,250,1600,400,131,1.0157582723559106e-14,1.887379141862766e-15,0.004654300020774826
7661,WMI,250,1600,400,131,1.066981369531055e-14,1.9984014443252818e-15,0.014576399989891797
7662,DI,250,1600,400,132,1.0157582723559106e-14,1.887379141862766e-15,0.004077699995832518
7663,WMI,250,1600,400,132,1.066981369531055e-14,1.9984014443252818e-15,0.014264999976148829
7664,DI,250,1600,400,133,1.0157582723559106e-14,1.887379141862766e-15,0.003774400014663115
7665,WMI,250,1600,400,133,1.066981369531055e-14,1.9984014443252818e-15,0.014523899997584522
7666,DI,250,1600,400,134,1.0157582723559106e-14,1.887379141862766e-15,0.004314699996029958
7667,WMI,250,1600,400,134,1.066981369531055e-14,1.9984014443252818e-15,0.01420710000093095
7668,DI,250,1600,400,135,1.0157582723559106e-14,1.887379141862766e-15,0.0038758000009693205
7669,WMI,250,1600,400,135,1.066981369531055e-14,1.9984014443252818e-15,0.014242999983252957
7670,DI,250,1600,400,136,1.0157582723559106e-14,1.887379141862766e-15,0.004368699999758974
7671,WMI,250,1600,400,136,1.066981369531055e-14,1.9984014443252818e-15,0.013634100003400818
7672,DI,250,1600,400,137,1.0157582723559106e-14,1.887379141862766e-15,0.004206899990094826
7673,WMI,250,1600,400,137,1.066981369531055e-14,1.9984014443252818e-15,0.014095699996687472
7674,DI,250,1600,400,138,1.0157582723559106e-14,1.887379141862766e-15,0.004035400022985414
7675,WMI,250,1600,400,138,1.066981369531055e-14,1.9984014443252818e-15,0.016315899993060157
7676,DI,250,1600,400,139,1.0157582723559106e-14,1.887379141862766e-15,0.004276499996194616
7677,WMI,250,1600,400,139,1.066981369531055e-14,1.9984014443252818e-15,0.014815400005318224
7678,DI,250,1600,400,140,1.0157582723559106e-14,1.887379141862766e-15,0.004373300005681813
7679,WMI,250,1600,400,140,1.066981369531055e-14,1.9984014443252818e-15,0.015345599997090176
7680,DI,250,1600,400,141,1.0157582723559106e-14,1.887379141862766e-15,0.004116399999475107
7681,WMI,250,1600,400,141,1.066981369531055e-14,1.9984014443252818e-15,0.014346900017699227
7682,DI,250,1600,400,142,1.0157582723559106e-14,1.887379141862766e-15,0.004398599994601682
7683,WMI,250,1600,400,142,1.066981369531055e-14,1.9984014443252818e-15,0.01476720001664944
7684,DI,250,1600,400,143,1.0157582723559106e-14,1.887379141862766e-15,0.004252899991115555
7685,WMI,250,1600,400,143,1.066981369531055e-14,1.9984014443252818e-15,0.014233499998226762
7686,DI,250,1600,400,144,1.0157582723559106e-14,1.887379141862766e-15,0.004079500009538606
7687,WMI,250,1600,400,144,1.066981369531055e-14,1.9984014443252818e-15,0.016089100012322888
7688,DI,250,1600,400,145,1.0157582723559106e-14,1.887379141862766e-15,0.004499800008488819
7689,WMI,250,1600,400,145,1.066981369531055e-14,1.9984014443252818e-15,0.017533600010210648
7690,DI,250,1600,400,146,1.0157582723559106e-14,1.887379141862766e-15,0.004663899977458641
7691,WMI,250,1600,400,146,1.066981369531055e-14,1.9984014443252818e-15,0.014025700016645715
7692,DI,250,1600,400,147,1.0157582723559106e-14,1.887379141862766e-15,0.0038377000018954277
7693,WMI,250,1600,400,147,1.066981369531055e-14,1.9984014443252818e-15,0.013748500001383945
7694,DI,250,1600,400,148,1.0157582723559106e-14,1.887379141862766e-15,0.004010000004200265
7695,WMI,250,1600,400,148,1.066981369531055e-14,1.9984014443252818e-15,0.013404600002104416
7696,DI,250,1600,400,149,1.0157582723559106e-14,1.887379141862766e-15,0.004035699996165931
7697,WMI,250,1600,400,149,1.066981369531055e-14,1.9984014443252818e-15,0.014096500002779067
7698,DI,250,1600,400,150,1.0157582723559106e-14,1.887379141862766e-15,0.004165400023339316
7699,WMI,250,1600,400,150,1.066981369531055e-14,1.9984014443252818e-15,0.014069099997868761
7700,DI,250,1600,400,151,1.0157582723559106e-14,1.887379141862766e-15,0.003918000002158806
7701,WMI,250,1600,400,151,1.066981369531055e-14,1.9984014443252818e-15,0.0154694999800995
7702,DI,250,1600,400,152,1.0157582723559106e-14,1.887379141862766e-15,0.004069199989316985
7703,WMI,250,1600,400,152,1.066981369531055e-14,1.9984014443252818e-15,0.014044999988982454
7704,DI,250,1600,400,153,1.0157582723559106e-14,1.887379141862766e-15,0.004259100009221584
7705,WMI,250,1600,400,153,1.066981369531055e-14,1.9984014443252818e-15,0.014416999998502433
7706,DI,250,1600,400,154,1.0157582723559106e-14,1.887379141862766e-15,0.0038329999952111393
7707,WMI,250,1600,400,154,1.066981369531055e-14,1.9984014443252818e-15,0.014231500012101606
7708,DI,250,1600,400,155,1.0157582723559106e-14,1.887379141862766e-15,0.004238399997120723
7709,WMI,250,1600,400,155,1.066981369531055e-14,1.9984014443252818e-15,0.014968199975555763
7710,DI,250,1600,400,156,1.0157582723559106e-14,1.887379141862766e-15,0.004119299992453307
7711,WMI,250,1600,400,156,1.066981369531055e-14,1.9984014443252818e-15,0.01576549999299459
7712,DI,250,1600,400,157,1.0157582723559106e-14,1.887379141862766e-15,0.00449220000882633
7713,WMI,250,1600,400,157,1.066981369531055e-14,1.9984014443252818e-15,0.015239899978041649
7714,DI,250,1600,400,158,1.0157582723559106e-14,1.887379141862766e-15,0.00443890001042746
7715,WMI,250,1600,400,158,1.066981369531055e-14,1.9984014443252818e-15,0.015324700012570247
7716,DI,250,1600,400,159,1.0157582723559106e-14,1.887379141862766e-15,0.004749199986690655
7717,WMI,250,1600,400,159,1.066981369531055e-14,1.9984014443252818e-15,0.01503969999612309
7718,DI,250,1600,400,160,1.0157582723559106e-14,1.887379141862766e-15,0.004250400001183152
7719,WMI,250,1600,400,160,1.066981369531055e-14,1.9984014443252818e-15,0.015180899994447827
7720,DI,250,1600,400,161,1.0157582723559106e-14,1.887379141862766e-15,0.004740200005471706
7721,WMI,250,1600,400,161,1.066981369531055e-14,1.9984014443252818e-15,0.01594230000046082
7722,DI,250,1600,400,162,1.0157582723559106e-14,1.887379141862766e-15,0.0048504000005777925
7723,WMI,250,1600,400,162,1.066981369531055e-14,1.9984014443252818e-15,0.014972000004490837
7724,DI,250,1600,400,163,1.0157582723559106e-14,1.887379141862766e-15,0.004595100006554276
7725,WMI,250,1600,400,163,1.066981369531055e-14,1.9984014443252818e-15,0.014633600017987192
7726,DI,250,1600,400,164,1.0157582723559106e-14,1.887379141862766e-15,0.004106799984583631
7727,WMI,250,1600,400,164,1.066981369531055e-14,1.9984014443252818e-15,0.014470100024482235
7728,DI,250,1600,400,165,1.0157582723559106e-14,1.887379141862766e-15,0.004237699991790578
7729,WMI,250,1600,400,165,1.066981369531055e-14,1.9984014443252818e-15,0.015180800022790208
7730,DI,250,1600,400,166,1.0157582723559106e-14,1.887379141862766e-15,0.004517299996223301
7731,WMI,250,1600,400,166,1.066981369531055e-14,1.9984014443252818e-15,0.015225299983285367
7732,DI,250,1600,400,167,1.0157582723559106e-14,1.887379141862766e-15,0.004519800015259534
7733,WMI,250,1600,400,167,1.066981369531055e-14,1.9984014443252818e-15,0.016277900023851544
7734,DI,250,1600,400,168,1.0157582723559106e-14,1.887379141862766e-15,0.004262900009052828
7735,WMI,250,1600,400,168,1.066981369531055e-14,1.9984014443252818e-15,0.0148619000101462
7736,DI,250,1600,400,169,1.0157582723559106e-14,1.887379141862766e-15,0.004290499986382201
7737,WMI,250,1600,400,169,1.066981369531055e-14,1.9984014443252818e-15,0.01554500000202097
7738,DI,250,1600,400,170,1.0157582723559106e-14,1.887379141862766e-15,0.004437199997482821
7739,WMI,250,1600,400,170,1.066981369531055e-14,1.9984014443252818e-15,0.014952900004573166
7740,DI,250,1600,400,171,1.0157582723559106e-14,1.887379141862766e-15,0.003869599982863292
7741,WMI,250,1600,400,171,1.066981369531055e-14,1.9984014443252818e-15,0.014687899994896725
7742,DI,250,1600,400,172,1.0157582723559106e-14,1.887379141862766e-15,0.004306199989514425
7743,WMI,250,1600,400,172,1.066981369531055e-14,1.9984014443252818e-15,0.01631559999077581
7744,DI,250,1600,400,173,1.0157582723559106e-14,1.887379141862766e-15,0.00482860000920482
7745,WMI,250,1600,400,173,1.066981369531055e-14,1.9984014443252818e-15,0.014999999984866008
7746,DI,250,1600,400,174,1.0157582723559106e-14,1.887379141862766e-15,0.0042634999845176935
7747,WMI,250,1600,400,174,1.066981369531055e-14,1.9984014443252818e-15,0.014759399986360222
7748,DI,250,1600,400,175,1.0157582723559106e-14,1.887379141862766e-15,0.004230500024277717
7749,WMI,250,1600,400,175,1.066981369531055e-14,1.9984014443252818e-15,0.01453010001569055
7750,DI,250,1600,400,176,1.0157582723559106e-14,1.887379141862766e-15,0.004202599986456335
7751,WMI,250,1600,400,176,1.066981369531055e-14,1.9984014443252818e-15,0.014423099986743182
7752,DI,250,1600,400,177,1.0157582723559106e-14,1.887379141862766e-15,0.004330399999162182
7753,WMI,250,1600,400,177,1.066981369531055e-14,1.9984014443252818e-15,0.014469200017629191
7754,DI,250,1600,400,178,1.0157582723559106e-14,1.887379141862766e-15,0.003980199981015176
7755,WMI,250,1600,400,178,1.066981369531055e-14,1.9984014443252818e-15,0.015682299999753013
7756,DI,250,1600,400,179,1.0157582723559106e-14,1.887379141862766e-15,0.0042150000226683915
7757,WMI,250,1600,400,179,1.066981369531055e-14,1.9984014443252818e-15,0.014954299986129627
7758,DI,250,1600,400,180,1.0157582723559106e-14,1.887379141862766e-15,0.004486899997573346
7759,WMI,250,1600,400,180,1.066981369531055e-14,1.9984014443252818e-15,0.014640300010796636
7760,DI,250,1600,400,181,1.0157582723559106e-14,1.887379141862766e-15,0.004348800022853538
7761,WMI,250,1600,400,181,1.066981369531055e-14,1.9984014443252818e-15,0.015023699990706518
7762,DI,250,1600,400,182,1.0157582723559106e-14,1.887379141862766e-15,0.004633600008673966
7763,WMI,250,1600,400,182,1.066981369531055e-14,1.9984014443252818e-15,0.015299699996830896
7764,DI,250,1600,400,183,1.0157582723559106e-14,1.887379141862766e-15,0.0045378000068012625
7765,WMI,250,1600,400,183,1.066981369531055e-14,1.9984014443252818e-15,0.014735600008862093
7766,DI,250,1600,400,184,1.0157582723559106e-14,1.887379141862766e-15,0.004334700002800673
7767,WMI,250,1600,400,184,1.066981369531055e-14,1.9984014443252818e-15,0.015761799993924797
7768,DI,250,1600,400,185,1.0157582723559106e-14,1.887379141862766e-15,0.004230999998981133
7769,WMI,250,1600,400,185,1.066981369531055e-14,1.9984014443252818e-15,0.014622099988628179
7770,DI,250,1600,400,186,1.0157582723559106e-14,1.887379141862766e-15,0.00417959998594597
7771,WMI,250,1600,400,186,1.066981369531055e-14,1.9984014443252818e-15,0.01493439998012036
7772,DI,250,1600,400,187,1.0157582723559106e-14,1.887379141862766e-15,0.00461669999640435
7773,WMI,250,1600,400,187,1.066981369531055e-14,1.9984014443252818e-15,0.015319199999794364
7774,DI,250,1600,400,188,1.0157582723559106e-14,1.887379141862766e-15,0.0041250999784097075
7775,WMI,250,1600,400,188,1.066981369531055e-14,1.9984014443252818e-15,0.015633000002708286
7776,DI,250,1600,400,189,1.0157582723559106e-14,1.887379141862766e-15,0.004308200004743412
7777,WMI,250,1600,400,189,1.066981369531055e-14,1.9984014443252818e-15,0.016012000007322058
7778,DI,250,1600,400,190,1.0157582723559106e-14,1.887379141862766e-15,0.00496479999856092
7779,WMI,250,1600,400,190,1.066981369531055e-14,1.9984014443252818e-15,0.015109600004507229
7780,DI,250,1600,400,191,1.0157582723559106e-14,1.887379141862766e-15,0.004632099997252226
7781,WMI,250,1600,400,191,1.066981369531055e-14,1.9984014443252818e-15,0.01583250000840053
7782,DI,250,1600,400,192,1.0157582723559106e-14,1.887379141862766e-15,0.004409700020914897
7783,WMI,250,1600,400,192,1.066981369531055e-14,1.9984014443252818e-15,0.014831900014542043
7784,DI,250,1600,400,193,1.0157582723559106e-14,1.887379141862766e-15,0.004127899999730289
7785,WMI,250,1600,400,193,1.066981369531055e-14,1.9984014443252818e-15,0.014645199989899993
7786,DI,250,1600,400,194,1.0157582723559106e-14,1.887379141862766e-15,0.004211299994494766
7787,WMI,250,1600,400,194,1.066981369531055e-14,1.9984014443252818e-15,0.015675800008466467
7788,DI,250,1600,400,195,1.0157582723559106e-14,1.887379141862766e-15,0.0043289999885018915
7789,WMI,250,1600,400,195,1.066981369531055e-14,1.9984014443252818e-15,0.015505999996094033
7790,DI,250,1600,400,196,1.0157582723559106e-14,1.887379141862766e-15,0.004077999998116866
7791,WMI,250,1600,400,196,1.066981369531055e-14,1.9984014443252818e-15,0.01505909999832511
7792,DI,250,1600,400,197,1.0157582723559106e-14,1.887379141862766e-15,0.004285200004233047
7793,WMI,250,1600,400,197,1.066981369531055e-14,1.9984014443252818e-15,0.014935199986211956
7794,DI,250,1600,400,198,1.0157582723559106e-14,1.887379141862766e-15,0.004121500009205192
7795,WMI,250,1600,400,198,1.066981369531055e-14,1.9984014443252818e-15,0.01456870001857169
7796,DI,250,1600,400,199,1.0157582723559106e-14,1.887379141862766e-15,0.004578299995046109
7797,WMI,250,1600,400,199,1.066981369531055e-14,1.9984014443252818e-15,0.015571800002362579
7798,DI,250,1600,400,200,1.0157582723559106e-14,1.887379141862766e-15,0.004135499999392778
7799,WMI,250,1600,400,200,1.066981369531055e-14,1.9984014443252818e-15,0.015330299997003749
7800,DI,250,1500,500,1,1.0275781082094646e-14,1.9984014443252818e-15,0.006077199999708682
7801,WMI,250,1500,500,1,1.0910566053836316e-14,1.7763568394002505e-15,0.02261800001724623
7802,ISM,250,1500,500,1,8.487108813718976,0.5099858510614841,0.0929861000040546
7803,DI,250,1500,500,2,1.0275781082094646e-14,1.9984014443252818e-15,0.006251899991184473
7804,WMI,250,1500,500,2,1.0910566053836316e-14,1.7763568394002505e-15,0.030234699981519952
7805,ISM,250,1500,500,2,8.487108813718976,0.5099858510614841,0.07863129998440854
7806,DI,250,1500,500,3,1.0275781082094646e-14,1.9984014443252818e-15,0.00532940000994131
7807,WMI,250,1500,500,3,1.0910566053836316e-14,1.7763568394002505e-15,0.02253509999718517
7808,ISM,250,1500,500,3,8.487108813718976,0.5099858510614841,0.08378769998671487
7809,DI,250,1500,500,4,1.0275781082094646e-14,1.9984014443252818e-15,0.006252899998798966
7810,WMI,250,1500,500,4,1.0910566053836316e-14,1.7763568394002505e-15,0.02030690002720803
7811,ISM,250,1500,500,4,8.487108813718976,0.5099858510614841,0.08024559999466874
7812,DI,250,1500,500,5,1.0275781082094646e-14,1.9984014443252818e-15,0.007492100005038083
7813,WMI,250,1500,500,5,1.0910566053836316e-14,1.7763568394002505e-15,0.023894199985079467
7814,ISM,250,1500,500,5,8.487108813718976,0.5099858510614841,0.10430420000921004
7815,DI,250,1500,500,6,1.0275781082094646e-14,1.9984014443252818e-15,0.005705399991711602
7816,WMI,250,1500,500,6,1.0910566053836316e-14,1.7763568394002505e-15,0.026001399994129315
7817,ISM,250,1500,500,6,8.487108813718976,0.5099858510614841,0.07104939999408089
7818,DI,250,1500,500,7,1.0275781082094646e-14,1.9984014443252818e-15,0.005537100019864738
7819,WMI,250,1500,500,7,1.0910566053836316e-14,1.7763568394002505e-15,0.028745400020852685
7820,ISM,250,1500,500,7,8.487108813718976,0.5099858510614841,0.08265239998581819
7821,DI,250,1500,500,8,1.0275781082094646e-14,1.9984014443252818e-15,0.007062699995003641
7822,WMI,250,1500,500,8,1.0910566053836316e-14,1.7763568394002505e-15,0.026947799982735887
7823,ISM,250,1500,500,8,8.487108813718976,0.5099858510614841,0.07272910000756383
7824,DI,250,1500,500,9,1.0275781082094646e-14,1.9984014443252818e-15,0.007599000004120171
7825,WMI,250,1500,500,9,1.0910566053836316e-14,1.7763568394002505e-15,0.025278499990236014
7826,ISM,250,1500,500,9,8.487108813718976,0.5099858510614841,0.05772630000137724
7827,DI,250,1500,500,10,1.0275781082094646e-14,1.9984014443252818e-15,0.007790000003296882
7828,WMI,250,1500,500,10,1.0910566053836316e-14,1.7763568394002505e-15,0.02132490000803955
7829,ISM,250,1500,500,10,8.487108813718976,0.5099858510614841,0.06811589997960255
7830,DI,250,1500,500,11,1.0275781082094646e-14,1.9984014443252818e-15,0.006103499996243045
7831,WMI,250,1500,500,11,1.0910566053836316e-14,1.7763568394002505e-15,0.018411500001093373
7832,ISM,250,1500,500,11,8.487108813718976,0.5099858510614841,0.07722340000327677
7833,DI,250,1500,500,12,1.0275781082094646e-14,1.9984014443252818e-15,0.005825899977935478
7834,WMI,250,1500,500,12,1.0910566053836316e-14,1.7763568394002505e-15,0.021308800001861528
7835,ISM,250,1500,500,12,8.487108813718976,0.5099858510614841,0.11305320000974461
7836,DI,250,1500,500,13,1.0275781082094646e-14,1.9984014443252818e-15,0.003961499984143302
7837,WMI,250,1500,500,13,1.0910566053836316e-14,1.7763568394002505e-15,0.023075400007655844
7838,ISM,250,1500,500,13,8.487108813718976,0.5099858510614841,0.05558949999976903
7839,DI,250,1500,500,14,1.0275781082094646e-14,1.9984014443252818e-15,0.006557899992913008
7840,WMI,250,1500,500,14,1.0910566053836316e-14,1.7763568394002505e-15,0.027820999996038154
7841,ISM,250,1500,500,14,8.487108813718976,0.5099858510614841,0.0568628000037279
7842,DI,250,1500,500,15,1.0275781082094646e-14,1.9984014443252818e-15,0.00515599999926053
7843,WMI,250,1500,500,15,1.0910566053836316e-14,1.7763568394002505e-15,0.020922499999869615
7844,ISM,250,1500,500,15,8.487108813718976,0.5099858510614841,0.07923649999429472
7845,DI,250,1500,500,16,1.0275781082094646e-14,1.9984014443252818e-15,0.005624999990686774
7846,WMI,250,1500,500,16,1.0910566053836316e-14,1.7763568394002505e-15,0.023804399999789894
7847,ISM,250,1500,500,16,8.487108813718976,0.5099858510614841,0.048736600001575425
7848,DI,250,1500,500,17,1.0275781082094646e-14,1.9984014443252818e-15,0.003656399989267811
7849,WMI,250,1500,500,17,1.0910566053836316e-14,1.7763568394002505e-15,0.017741799994837493
7850,ISM,250,1500,500,17,8.487108813718976,0.5099858510614841,0.07700849999673665
7851,DI,250,1500,500,18,1.0275781082094646e-14,1.9984014443252818e-15,0.0034654999908525497
7852,WMI,250,1500,500,18,1.0910566053836316e-14,1.7763568394002505e-15,0.020913699991069734
7853,ISM,250,1500,500,18,8.487108813718976,0.5099858510614841,0.07493140001315624
7854,DI,250,1500,500,19,1.0275781082094646e-14,1.9984014443252818e-15,0.006076599995139986
7855,WMI,250,1500,500,19,1.0910566053836316e-14,1.7763568394002505e-15,0.01918110001133755
7856,ISM,250,1500,500,19,8.487108813718976,0.5099858510614841,0.049084900005254894
7857,DI,250,1500,500,20,1.0275781082094646e-14,1.9984014443252818e-15,0.004733999987365678
7858,WMI,250,1500,500,20,1.0910566053836316e-14,1.7763568394002505e-15,0.02267619999474846
7859,ISM,250,1500,500,20,8.487108813718976,0.5099858510614841,0.047631199995521456
7860,DI,250,1500,500,21,1.0275781082094646e-14,1.9984014443252818e-15,0.00533819998963736
7861,WMI,250,1500,500,21,1.0910566053836316e-14,1.7763568394002505e-15,0.02667630001087673
7862,ISM,250,1500,500,21,8.487108813718976,0.5099858510614841,0.057482500007608905
7863,DI,250,1500,500,22,1.0275781082094646e-14,1.9984014443252818e-15,0.005939599999692291
7864,WMI,250,1500,500,22,1.0910566053836316e-14,1.7763568394002505e-15,0.022103800001787022
7865,ISM,250,1500,500,22,8.487108813718976,0.5099858510614841,0.04830039999797009
7866,DI,250,1500,500,23,1.0275781082094646e-14,1.9984014443252818e-15,0.004689699999289587
7867,WMI,250,1500,500,23,1.0910566053836316e-14,1.7763568394002505e-15,0.025318800006061792
7868,ISM,250,1500,500,23,8.487108813718976,0.5099858510614841,0.0489229999948293
7869,DI,250,1500,500,24,1.0275781082094646e-14,1.9984014443252818e-15,0.005543000006582588
7870,WMI,250,1500,500,24,1.0910566053836316e-14,1.7763568394002505e-15,0.023791099985828623
7871,ISM,250,1500,500,24,8.487108813718976,0.5099858510614841,0.059148000000277534
7872,DI,250,1500,500,25,1.0275781082094646e-14,1.9984014443252818e-15,0.0050026999961119145
7873,WMI,250,1500,500,25,1.0910566053836316e-14,1.7763568394002505e-15,0.021714699978474528
7874,ISM,250,1500,500,25,8.487108813718976,0.5099858510614841,0.045262100000400096
7875,DI,250,1500,500,26,1.0275781082094646e-14,1.9984014443252818e-15,0.004590399999869987
7876,WMI,250,1500,500,26,1.0910566053836316e-14,1.7763568394002505e-15,0.024066100013442338
7877,ISM,250,1500,500,26,8.487108813718976,0.5099858510614841,0.048006299999542534
7878,DI,250,1500,500,27,1.0275781082094646e-14,1.9984014443252818e-15,0.0049604000232648104
7879,WMI,250,1500,500,27,1.0910566053836316e-14,1.7763568394002505e-15,0.023251400009030476
7880,ISM,250,1500,500,27,8.487108813718976,0.5099858510614841,0.06899860000703484
7881,DI,250,1500,500,28,1.0275781082094646e-14,1.9984014443252818e-15,0.004066299996338785
7882,WMI,250,1500,500,28,1.0910566053836316e-14,1.7763568394002505e-15,0.07428210001671687
7883,ISM,250,1500,500,28,8.487108813718976,0.5099858510614841,0.06278480001492426
7884,DI,250,1500,500,29,1.0275781082094646e-14,1.9984014443252818e-15,0.005575900024268776
7885,WMI,250,1500,500,29,1.0910566053836316e-14,1.7763568394002505e-15,0.020552300004055724
7886,ISM,250,1500,500,29,8.487108813718976,0.5099858510614841,0.057449899992207065
7887,DI,250,1500,500,30,1.0275781082094646e-14,1.9984014443252818e-15,0.0061944999906700104
7888,WMI,250,1500,500,30,1.0910566053836316e-14,1.7763568394002505e-15,0.019254599988926202
7889,ISM,250,1500,500,30,8.487108813718976,0.5099858510614841,0.05052869999781251
7890,DI,250,1500,500,31,1.0275781082094646e-14,1.9984014443252818e-15,0.004238000023178756
7891,WMI,250,1500,500,31,1.0910566053836316e-14,1.7763568394002505e-15,0.01859110000077635
7892,ISM,250,1500,500,31,8.487108813718976,0.5099858510614841,0.04593520000344142
7893,DI,250,1500,500,32,1.0275781082094646e-14,1.9984014443252818e-15,0.003437200008193031
7894,WMI,250,1500,500,32,1.0910566053836316e-14,1.7763568394002505e-15,0.01921479997690767
7895,ISM,250,1500,500,32,8.487108813718976,0.5099858510614841,0.057054400007473305
7896,DI,250,1500,500,33,1.0275781082094646e-14,1.9984014443252818e-15,0.00540929997805506
7897,WMI,250,1500,500,33,1.0910566053836316e-14,1.7763568394002505e-15,0.020583600009558722
7898,ISM,250,1500,500,33,8.487108813718976,0.5099858510614841,0.0746991999913007
7899,DI,250,1500,500,34,1.0275781082094646e-14,1.9984014443252818e-15,0.004436199989868328
7900,WMI,250,1500,500,34,1.0910566053836316e-14,1.7763568394002505e-15,0.020548700005747378
7901,ISM,250,1500,500,34,8.487108813718976,0.5099858510614841,0.05935349999344908
7902,DI,250,1500,500,35,1.0275781082094646e-14,1.9984014443252818e-15,0.004215499997371808
7903,WMI,250,1500,500,35,1.0910566053836316e-14,1.7763568394002505e-15,0.01821479998761788
7904,ISM,250,1500,500,35,8.487108813718976,0.5099858510614841,0.06030240000109188
7905,DI,250,1500,500,36,1.0275781082094646e-14,1.9984014443252818e-15,0.005574799986789003
7906,WMI,250,1500,500,36,1.0910566053836316e-14,1.7763568394002505e-15,0.021133300004294142
7907,ISM,250,1500,500,36,8.487108813718976,0.5099858510614841,0.05279000001610257
7908,DI,250,1500,500,37,1.0275781082094646e-14,1.9984014443252818e-15,0.002957099990453571
7909,WMI,250,1500,500,37,1.0910566053836316e-14,1.7763568394002505e-15,0.01707849997910671
7910,ISM,250,1500,500,37,8.487108813718976,0.5099858510614841,0.049330799985909835
7911,DI,250,1500,500,38,1.0275781082094646e-14,1.9984014443252818e-15,0.004351899988250807
7912,WMI,250,1500,500,38,1.0910566053836316e-14,1.7763568394002505e-15,0.017340100021101534
7913,ISM,250,1500,500,38,8.487108813718976,0.5099858510614841,0.057918299979064614
7914,DI,250,1500,500,39,1.0275781082094646e-14,1.9984014443252818e-15,0.006767599988961592
7915,WMI,250,1500,500,39,1.0910566053836316e-14,1.7763568394002505e-15,0.023844400013331324
7916,ISM,250,1500,500,39,8.487108813718976,0.5099858510614841,0.04726140000275336
7917,DI,250,1500,500,40,1.0275781082094646e-14,1.9984014443252818e-15,0.004127199994400144
7918,WMI,250,1500,500,40,1.0910566053836316e-14,1.7763568394002505e-15,0.01727430001483299
7919,ISM,250,1500,500,40,8.487108813718976,0.5099858510614841,0.06438189998152666
7920,DI,250,1500,500,41,1.0275781082094646e-14,1.9984014443252818e-15,0.006309400021564215
7921,WMI,250,1500,500,41,1.0910566053836316e-14,1.7763568394002505e-15,0.018240900011733174
7922,ISM,250,1500,500,41,8.487108813718976,0.5099858510614841,0.057534199993824586
7923,DI,250,1500,500,42,1.0275781082094646e-14,1.9984014443252818e-15,0.004912600008537993
7924,WMI,250,1500,500,42,1.0910566053836316e-14,1.7763568394002505e-15,0.017379700002493337
7925,ISM,250,1500,500,42,8.487108813718976,0.5099858510614841,0.04922929999884218
7926,DI,250,1500,500,43,1.0275781082094646e-14,1.9984014443252818e-15,0.00424179999390617
7927,WMI,250,1500,500,43,1.0910566053836316e-14,1.7763568394002505e-15,0.0792764000070747
7928,ISM,250,1500,500,43,8.487108813718976,0.5099858510614841,0.07021720000193454
7929,DI,250,1500,500,44,1.0275781082094646e-14,1.9984014443252818e-15,0.005992999998852611
7930,WMI,250,1500,500,44,1.0910566053836316e-14,1.7763568394002505e-15,0.022306000028038397
7931,ISM,250,1500,500,44,8.487108813718976,0.5099858510614841,0.04840840000542812
7932,DI,250,1500,500,45,1.0275781082094646e-14,1.9984014443252818e-15,0.005026800004998222
7933,WMI,250,1500,500,45,1.0910566053836316e-14,1.7763568394002505e-15,0.01808430001256056
7934,ISM,250,1500,500,45,8.487108813718976,0.5099858510614841,0.08159519999753684
7935,DI,250,1500,500,46,1.0275781082094646e-14,1.9984014443252818e-15,0.0054715999867767096
7936,WMI,250,1500,500,46,1.0910566053836316e-14,1.7763568394002505e-15,0.019744399993214756
7937,ISM,250,1500,500,46,8.487108813718976,0.5099858510614841,0.060623600002145395
7938,DI,250,1500,500,47,1.0275781082094646e-14,1.9984014443252818e-15,0.004757799993967637
7939,WMI,250,1500,500,47,1.0910566053836316e-14,1.7763568394002505e-15,0.020398100023157895
7940,ISM,250,1500,500,47,8.487108813718976,0.5099858510614841,0.0482899000053294
7941,DI,250,1500,500,48,1.0275781082094646e-14,1.9984014443252818e-15,0.003746799979126081
7942,WMI,250,1500,500,48,1.0910566053836316e-14,1.7763568394002505e-15,0.048266900004819036
7943,ISM,250,1500,500,48,8.487108813718976,0.5099858510614841,0.04784549999749288
7944,DI,250,1500,500,49,1.0275781082094646e-14,1.9984014443252818e-15,0.0071149999857880175
7945,WMI,250,1500,500,49,1.0910566053836316e-14,1.7763568394002505e-15,0.02242239998304285
7946,ISM,250,1500,500,49,8.487108813718976,0.5099858510614841,0.07067680000909604
7947,DI,250,1500,500,50,1.0275781082094646e-14,1.9984014443252818e-15,0.0034848999930545688
7948,WMI,250,1500,500,50,1.0910566053836316e-14,1.7763568394002505e-15,0.061722800019197166
7949,ISM,250,1500,500,50,8.487108813718976,0.5099858510614841,0.044022000016411766
7950,DI,250,1500,500,51,1.0275781082094646e-14,1.9984014443252818e-15,0.003137599996989593
7951,WMI,250,1500,500,51,1.0910566053836316e-14,1.7763568394002505e-15,0.0161210999940522
7952,DI,250,1500,500,52,1.0275781082094646e-14,1.9984014443252818e-15,0.00406999999540858
7953,WMI,250,1500,500,52,1.0910566053836316e-14,1.7763568394002505e-15,0.016308699996443465
7954,DI,250,1500,500,53,1.0275781082094646e-14,1.9984014443252818e-15,0.0029867999837733805
7955,WMI,250,1500,500,53,1.0910566053836316e-14,1.7763568394002505e-15,0.01573480002116412
7956,DI,250,1500,500,54,1.0275781082094646e-14,1.9984014443252818e-15,0.004211999999824911
7957,WMI,250,1500,500,54,1.0910566053836316e-14,1.7763568394002505e-15,0.014822600001934916
7958,DI,250,1500,500,55,1.0275781082094646e-14,1.9984014443252818e-15,0.002953000017441809
7959,WMI,250,1500,500,55,1.0910566053836316e-14,1.7763568394002505e-15,0.014789999986533076
7960,DI,250,1500,500,56,1.0275781082094646e-14,1.9984014443252818e-15,0.003365200012922287
7961,WMI,250,1500,500,56,1.0910566053836316e-14,1.7763568394002505e-15,0.015363000013167039
7962,DI,250,1500,500,57,1.0275781082094646e-14,1.9984014443252818e-15,0.0030399000097531825
7963,WMI,250,1500,500,57,1.0910566053836316e-14,1.7763568394002505e-15,0.015637900010915473
7964,DI,250,1500,500,58,1.0275781082094646e-14,1.9984014443252818e-15,0.0030332999886013567
7965,WMI,250,1500,500,58,1.0910566053836316e-14,1.7763568394002505e-15,0.015281700005289167
7966,DI,250,1500,500,59,1.0275781082094646e-14,1.9984014443252818e-15,0.0032298000005539507
7967,WMI,250,1500,500,59,1.0910566053836316e-14,1.7763568394002505e-15,0.015153500018641353
7968,DI,250,1500,500,60,1.0275781082094646e-14,1.9984014443252818e-15,0.0030123000033199787
7969,WMI,250,1500,500,60,1.0910566053836316e-14,1.7763568394002505e-15,0.0146381999948062
7970,DI,250,1500,500,61,1.0275781082094646e-14,1.9984014443252818e-15,0.0030067999905440956
7971,WMI,250,1500,500,61,1.0910566053836316e-14,1.7763568394002505e-15,0.01494049999746494
7972,DI,250,1500,500,62,1.0275781082094646e-14,1.9984014443252818e-15,0.003162899985909462
7973,WMI,250,1500,500,62,1.0910566053836316e-14,1.7763568394002505e-15,0.022998100001132116
7974,DI,250,1500,500,63,1.0275781082094646e-14,1.9984014443252818e-15,0.003719100001035258
7975,WMI,250,1500,500,63,1.0910566053836316e-14,1.7763568394002505e-15,0.01662799998302944
7976,DI,250,1500,500,64,1.0275781082094646e-14,1.9984014443252818e-15,0.0035444999812170863
7977,WMI,250,1500,500,64,1.0910566053836316e-14,1.7763568394002505e-15,0.014937700005248189
7978,DI,250,1500,500,65,1.0275781082094646e-14,1.9984014443252818e-15,0.003995000006398186
7979,WMI,250,1500,500,65,1.0910566053836316e-14,1.7763568394002505e-15,0.014829599997028708
7980,DI,250,1500,500,66,1.0275781082094646e-14,1.9984014443252818e-15,0.0030811000033281744
7981,WMI,250,1500,500,66,1.0910566053836316e-14,1.7763568394002505e-15,0.0144455999834463
7982,DI,250,1500,500,67,1.0275781082094646e-14,1.9984014443252818e-15,0.0028624999977182597
7983,WMI,250,1500,500,67,1.0910566053836316e-14,1.7763568394002505e-15,0.01377300001331605
7984,DI,250,1500,500,68,1.0275781082094646e-14,1.9984014443252818e-15,0.0032553999917581677
7985,WMI,250,1500,500,68,1.0910566053836316e-14,1.7763568394002505e-15,0.015240400010952726
7986,DI,250,1500,500,69,1.0275781082094646e-14,1.9984014443252818e-15,0.0030995999986771494
7987,WMI,250,1500,500,69,1.0910566053836316e-14,1.7763568394002505e-15,0.014714199991431087
7988,DI,250,1500,500,70,1.0275781082094646e-14,1.9984014443252818e-15,0.0035371000121813267
7989,WMI,250,1500,500,70,1.0910566053836316e-14,1.7763568394002505e-15,0.014500200020847842
7990,DI,250,1500,500,71,1.0275781082094646e-14,1.9984014443252818e-15,0.0030269999988377094
7991,WMI,250,1500,500,71,1.0910566053836316e-14,1.7763568394002505e-15,0.014443200023379177
7992,DI,250,1500,500,72,1.0275781082094646e-14,1.9984014443252818e-15,0.003128399985143915
7993,WMI,250,1500,500,72,1.0910566053836316e-14,1.7763568394002505e-15,0.015454799984581769
7994,DI,250,1500,500,73,1.0275781082094646e-14,1.9984014443252818e-15,0.00378989998716861
7995,WMI,250,1500,500,73,1.0910566053836316e-14,1.7763568394002505e-15,0.015392899978905916
7996,DI,250,1500,500,74,1.0275781082094646e-14,1.9984014443252818e-15,0.0031604999967385083
7997,WMI,250,1500,500,74,1.0910566053836316e-14,1.7763568394002505e-15,0.01474479999160394
7998,DI,250,1500,500,75,1.0275781082094646e-14,1.9984014443252818e-15,0.0033177000004798174
7999,WMI,250,1500,500,75,1.0910566053836316e-14,1.7763568394002505e-15,0.015324799984227866
8000,DI,250,1500,500,76,1.0275781082094646e-14,1.9984014443252818e-15,0.003653100022347644
8001,WMI,250,1500,500,76,1.0910566053836316e-14,1.7763568394002505e-15,0.014844399993307889
8002,DI,250,1500,500,77,1.0275781082094646e-14,1.9984014443252818e-15,0.003291100001661107
8003,WMI,250,1500,500,77,1.0910566053836316e-14,1.7763568394002505e-15,0.015241899993270636
8004,DI,250,1500,500,78,1.0275781082094646e-14,1.9984014443252818e-15,0.003370499995071441
8005,WMI,250,1500,500,78,1.0910566053836316e-14,1.7763568394002505e-15,0.016685299982782453
8006,DI,250,1500,500,79,1.0275781082094646e-14,1.9984014443252818e-15,0.0034506000229157507
8007,WMI,250,1500,500,79,1.0910566053836316e-14,1.7763568394002505e-15,0.016715100005967543
8008,DI,250,1500,500,80,1.0275781082094646e-14,1.9984014443252818e-15,0.0033202999911736697
8009,WMI,250,1500,500,80,1.0910566053836316e-14,1.7763568394002505e-15,0.015662700025131926
8010,DI,250,1500,500,81,1.0275781082094646e-14,1.9984014443252818e-15,0.0032743000192567706
8011,WMI,250,1500,500,81,1.0910566053836316e-14,1.7763568394002505e-15,0.015334299998357892
8012,DI,250,1500,500,82,1.0275781082094646e-14,1.9984014443252818e-15,0.0033066000032704324
8013,WMI,250,1500,500,82,1.0910566053836316e-14,1.7763568394002505e-15,0.015420999989146367
8014,DI,250,1500,500,83,1.0275781082094646e-14,1.9984014443252818e-15,0.003438299987465143
8015,WMI,250,1500,500,83,1.0910566053836316e-14,1.7763568394002505e-15,0.015941099991323426
8016,DI,250,1500,500,84,1.0275781082094646e-14,1.9984014443252818e-15,0.003522100014379248
8017,WMI,250,1500,500,84,1.0910566053836316e-14,1.7763568394002505e-15,0.01721650001127273
8018,DI,250,1500,500,85,1.0275781082094646e-14,1.9984014443252818e-15,0.004403500002808869
8019,WMI,250,1500,500,85,1.0910566053836316e-14,1.7763568394002505e-15,0.01727110001957044
8020,DI,250,1500,500,86,1.0275781082094646e-14,1.9984014443252818e-15,0.0035321000032126904
8021,WMI,250,1500,500,86,1.0910566053836316e-14,1.7763568394002505e-15,0.015938700002152473
8022,DI,250,1500,500,87,1.0275781082094646e-14,1.9984014443252818e-15,0.0035478000063449144
8023,WMI,250,1500,500,87,1.0910566053836316e-14,1.7763568394002505e-15,0.01641040001413785
8024,DI,250,1500,500,88,1.0275781082094646e-14,1.9984014443252818e-15,0.0038170000188983977
8025,WMI,250,1500,500,88,1.0910566053836316e-14,1.7763568394002505e-15,0.017819700005929917
8026,DI,250,1500,500,89,1.0275781082094646e-14,1.9984014443252818e-15,0.00406259999726899
8027,WMI,250,1500,500,89,1.0910566053836316e-14,1.7763568394002505e-15,0.017935899988515303
8028,DI,250,1500,500,90,1.0275781082094646e-14,1.9984014443252818e-15,0.003788000001804903
8029,WMI,250,1500,500,90,1.0910566053836316e-14,1.7763568394002505e-15,0.016213900002185255
8030,DI,250,1500,500,91,1.0275781082094646e-14,1.9984014443252818e-15,0.004042199987452477
8031,WMI,250,1500,500,91,1.0910566053836316e-14,1.7763568394002505e-15,0.016319399990607053
8032,DI,250,1500,500,92,1.0275781082094646e-14,1.9984014443252818e-15,0.0034909000096376985
8033,WMI,250,1500,500,92,1.0910566053836316e-14,1.7763568394002505e-15,0.015522300003794953
8034,DI,250,1500,500,93,1.0275781082094646e-14,1.9984014443252818e-15,0.004253499995684251
8035,WMI,250,1500,500,93,1.0910566053836316e-14,1.7763568394002505e-15,0.016929799981880933
8036,DI,250,1500,500,94,1.0275781082094646e-14,1.9984014443252818e-15,0.003671300015412271
8037,WMI,250,1500,500,94,1.0910566053836316e-14,1.7763568394002505e-15,0.016317600006004795
8038,DI,250,1500,500,95,1.0275781082094646e-14,1.9984014443252818e-15,0.003569799999240786
8039,WMI,250,1500,500,95,1.0910566053836316e-14,1.7763568394002505e-15,0.01587549998657778
8040,DI,250,1500,500,96,1.0275781082094646e-14,1.9984014443252818e-15,0.004386099986732006
8041,WMI,250,1500,500,96,1.0910566053836316e-14,1.7763568394002505e-15,0.01653620001161471
8042,DI,250,1500,500,97,1.0275781082094646e-14,1.9984014443252818e-15,0.0037730000040028244
8043,WMI,250,1500,500,97,1.0910566053836316e-14,1.7763568394002505e-15,0.016887900012079626
8044,DI,250,1500,500,98,1.0275781082094646e-14,1.9984014443252818e-15,0.004924699984258041
8045,WMI,250,1500,500,98,1.0910566053836316e-14,1.7763568394002505e-15,0.01717910001752898
8046,DI,250,1500,500,99,1.0275781082094646e-14,1.9984014443252818e-15,0.004310600023018196
8047,WMI,250,1500,500,99,1.0910566053836316e-14,1.7763568394002505e-15,0.018161899992264807
8048,DI,250,1500,500,100,1.0275781082094646e-14,1.9984014443252818e-15,0.004113100003451109
8049,WMI,250,1500,500,100,1.0910566053836316e-14,1.7763568394002505e-15,0.018107200012309477
8050,DI,250,1500,500,101,1.0275781082094646e-14,1.9984014443252818e-15,0.005191800009924918
8051,WMI,250,1500,500,101,1.0910566053836316e-14,1.7763568394002505e-15,0.018693799996981397
8052,DI,250,1500,500,102,1.0275781082094646e-14,1.9984014443252818e-15,0.004801800008863211
8053,WMI,250,1500,500,102,1.0910566053836316e-14,1.7763568394002505e-15,0.020636600005673245
8054,DI,250,1500,500,103,1.0275781082094646e-14,1.9984014443252818e-15,0.00523310000426136
8055,WMI,250,1500,500,103,1.0910566053836316e-14,1.7763568394002505e-15,0.01784740001312457
8056,DI,250,1500,500,104,1.0275781082094646e-14,1.9984014443252818e-15,0.004654799995478243
8057,WMI,250,1500,500,104,1.0910566053836316e-14,1.7763568394002505e-15,0.018851500004529953
8058,DI,250,1500,500,105,1.0275781082094646e-14,1.9984014443252818e-15,0.004195999994408339
8059,WMI,250,1500,500,105,1.0910566053836316e-14,1.7763568394002505e-15,0.018048500001896173
8060,DI,250,1500,500,106,1.0275781082094646e-14,1.9984014443252818e-15,0.00400329998228699
8061,WMI,250,1500,500,106,1.0910566053836316e-14,1.7763568394002505e-15,0.018775199976516888
8062,DI,250,1500,500,107,1.0275781082094646e-14,1.9984014443252818e-15,0.004335800011176616
8063,WMI,250,1500,500,107,1.0910566053836316e-14,1.7763568394002505e-15,0.018969400000059977
8064,DI,250,1500,500,108,1.0275781082094646e-14,1.9984014443252818e-15,0.004191200016066432
8065,WMI,250,1500,500,108,1.0910566053836316e-14,1.7763568394002505e-15,0.019414700014749542
8066,DI,250,1500,500,109,1.0275781082094646e-14,1.9984014443252818e-15,0.004284700000425801
8067,WMI,250,1500,500,109,1.0910566053836316e-14,1.7763568394002505e-15,0.016790300025604665
8068,DI,250,1500,500,110,1.0275781082094646e-14,1.9984014443252818e-15,0.0037423000030685216
8069,WMI,250,1500,500,110,1.0910566053836316e-14,1.7763568394002505e-15,0.015935100003844127
8070,DI,250,1500,500,111,1.0275781082094646e-14,1.9984014443252818e-15,0.00373949998174794
8071,WMI,250,1500,500,111,1.0910566053836316e-14,1.7763568394002505e-15,0.01594950002618134
8072,DI,250,1500,500,112,1.0275781082094646e-14,1.9984014443252818e-15,0.0037631999875884503
8073,WMI,250,1500,500,112,1.0910566053836316e-14,1.7763568394002505e-15,0.017115200025727972
8074,DI,250,1500,500,113,1.0275781082094646e-14,1.9984014443252818e-15,0.003990400000475347
8075,WMI,250,1500,500,113,1.0910566053836316e-14,1.7763568394002505e-15,0.01837479998357594
8076,DI,250,1500,500,114,1.0275781082094646e-14,1.9984014443252818e-15,0.004195400018943474
8077,WMI,250,1500,500,114,1.0910566053836316e-14,1.7763568394002505e-15,0.01669779999065213
8078,DI,250,1500,500,115,1.0275781082094646e-14,1.9984014443252818e-15,0.003798499994445592
8079,WMI,250,1500,500,115,1.0910566053836316e-14,1.7763568394002505e-15,0.016944400005741045
8080,DI,250,1500,500,116,1.0275781082094646e-14,1.9984014443252818e-15,0.0037847000057809055
8081,WMI,250,1500,500,116,1.0910566053836316e-14,1.7763568394002505e-15,0.017053999996278435
8082,DI,250,1500,500,117,1.0275781082094646e-14,1.9984014443252818e-15,0.004124200000660494
8083,WMI,250,1500,500,117,1.0910566053836316e-14,1.7763568394002505e-15,0.01626499998383224
8084,DI,250,1500,500,118,1.0275781082094646e-14,1.9984014443252818e-15,0.0035862000077031553
8085,WMI,250,1500,500,118,1.0910566053836316e-14,1.7763568394002505e-15,0.017736999987391755
8086,DI,250,1500,500,119,1.0275781082094646e-14,1.9984014443252818e-15,0.003974299994297326
8087,WMI,250,1500,500,119,1.0910566053836316e-14,1.7763568394002505e-15,0.017738299997290596
8088,DI,250,1500,500,120,1.0275781082094646e-14,1.9984014443252818e-15,0.003812500013737008
8089,WMI,250,1500,500,120,1.0910566053836316e-14,1.7763568394002505e-15,0.01701619999948889
8090,DI,250,1500,500,121,1.0275781082094646e-14,1.9984014443252818e-15,0.004457000002730638
8091,WMI,250,1500,500,121,1.0910566053836316e-14,1.7763568394002505e-15,0.01691989999380894
8092,DI,250,1500,500,122,1.0275781082094646e-14,1.9984014443252818e-15,0.00410249998094514
8093,WMI,250,1500,500,122,1.0910566053836316e-14,1.7763568394002505e-15,0.017902899999171495
8094,DI,250,1500,500,123,1.0275781082094646e-14,1.9984014443252818e-15,0.003924999997252598
8095,WMI,250,1500,500,123,1.0910566053836316e-14,1.7763568394002505e-15,0.016808000014862046
8096,DI,250,1500,500,124,1.0275781082094646e-14,1.9984014443252818e-15,0.004154499998548999
8097,WMI,250,1500,500,124,1.0910566053836316e-14,1.7763568394002505e-15,0.01747690001502633
8098,DI,250,1500,500,125,1.0275781082094646e-14,1.9984014443252818e-15,0.0052032000094186515
8099,WMI,250,1500,500,125,1.0910566053836316e-14,1.7763568394002505e-15,0.016480200021760538
8100,DI,250,1500,500,126,1.0275781082094646e-14,1.9984014443252818e-15,0.004145999992033467
8101,WMI,250,1500,500,126,1.0910566053836316e-14,1.7763568394002505e-15,0.016739999991841614
8102,DI,250,1500,500,127,1.0275781082094646e-14,1.9984014443252818e-15,0.004084399988641962
8103,WMI,250,1500,500,127,1.0910566053836316e-14,1.7763568394002505e-15,0.01712139998562634
8104,DI,250,1500,500,128,1.0275781082094646e-14,1.9984014443252818e-15,0.004217900015646592
8105,WMI,250,1500,500,128,1.0910566053836316e-14,1.7763568394002505e-15,0.018813899980159476
8106,DI,250,1500,500,129,1.0275781082094646e-14,1.9984014443252818e-15,0.0055195000022649765
8107,WMI,250,1500,500,129,1.0910566053836316e-14,1.7763568394002505e-15,0.021947800007183105
8108,DI,250,1500,500,130,1.0275781082094646e-14,1.9984014443252818e-15,0.0053081999940332025
8109,WMI,250,1500,500,130,1.0910566053836316e-14,1.7763568394002505e-15,0.02143739999155514
8110,DI,250,1500,500,131,1.0275781082094646e-14,1.9984014443252818e-15,0.005395199987106025
8111,WMI,250,1500,500,131,1.0910566053836316e-14,1.7763568394002505e-15,0.020730000018374994
8112,DI,250,1500,500,132,1.0275781082094646e-14,1.9984014443252818e-15,0.005606099992292002
8113,WMI,250,1500,500,132,1.0910566053836316e-14,1.7763568394002505e-15,0.022623800003202632
8114,DI,250,1500,500,133,1.0275781082094646e-14,1.9984014443252818e-15,0.005338899994967505
8115,WMI,250,1500,500,133,1.0910566053836316e-14,1.7763568394002505e-15,0.021175700007006526
8116,DI,250,1500,500,134,1.0275781082094646e-14,1.9984014443252818e-15,0.005355100001906976
8117,WMI,250,1500,500,134,1.0910566053836316e-14,1.7763568394002505e-15,0.02178569999523461
8118,DI,250,1500,500,135,1.0275781082094646e-14,1.9984014443252818e-15,0.0053291999793145806
8119,WMI,250,1500,500,135,1.0910566053836316e-14,1.7763568394002505e-15,0.02123449998907745
8120,DI,250,1500,500,136,1.0275781082094646e-14,1.9984014443252818e-15,0.00522409999393858
8121,WMI,250,1500,500,136,1.0910566053836316e-14,1.7763568394002505e-15,0.02244309999514371
8122,DI,250,1500,500,137,1.0275781082094646e-14,1.9984014443252818e-15,0.005469700001413003
8123,WMI,250,1500,500,137,1.0910566053836316e-14,1.7763568394002505e-15,0.021075100026791915
8124,DI,250,1500,500,138,1.0275781082094646e-14,1.9984014443252818e-15,0.005103500006953254
8125,WMI,250,1500,500,138,1.0910566053836316e-14,1.7763568394002505e-15,0.020736200007377192
8126,DI,250,1500,500,139,1.0275781082094646e-14,1.9984014443252818e-15,0.005021100019803271
8127,WMI,250,1500,500,139,1.0910566053836316e-14,1.7763568394002505e-15,0.022401299997000024
8128,DI,250,1500,500,140,1.0275781082094646e-14,1.9984014443252818e-15,0.005321800010278821
8129,WMI,250,1500,500,140,1.0910566053836316e-14,1.7763568394002505e-15,0.02320940000936389
8130,DI,250,1500,500,141,1.0275781082094646e-14,1.9984014443252818e-15,0.005133300001034513
8131,WMI,250,1500,500,141,1.0910566053836316e-14,1.7763568394002505e-15,0.02061200002208352
8132,DI,250,1500,500,142,1.0275781082094646e-14,1.9984014443252818e-15,0.0052352999919094145
8133,WMI,250,1500,500,142,1.0910566053836316e-14,1.7763568394002505e-15,0.021420599980046973
8134,DI,250,1500,500,143,1.0275781082094646e-14,1.9984014443252818e-15,0.005195500008994713
8135,WMI,250,1500,500,143,1.0910566053836316e-14,1.7763568394002505e-15,0.020100099995033816
8136,DI,250,1500,500,144,1.0275781082094646e-14,1.9984014443252818e-15,0.004929099988657981
8137,WMI,250,1500,500,144,1.0910566053836316e-14,1.7763568394002505e-15,0.02098549998481758
8138,DI,250,1500,500,145,1.0275781082094646e-14,1.9984014443252818e-15,0.004942100000334904
8139,WMI,250,1500,500,145,1.0910566053836316e-14,1.7763568394002505e-15,0.020596299989847466
8140,DI,250,1500,500,146,1.0275781082094646e-14,1.9984014443252818e-15,0.005374400003347546
8141,WMI,250,1500,500,146,1.0910566053836316e-14,1.7763568394002505e-15,0.02126989999669604
8142,DI,250,1500,500,147,1.0275781082094646e-14,1.9984014443252818e-15,0.0050503000093158334
8143,WMI,250,1500,500,147,1.0910566053836316e-14,1.7763568394002505e-15,0.02087129998835735
8144,DI,250,1500,500,148,1.0275781082094646e-14,1.9984014443252818e-15,0.0048571999941486865
8145,WMI,250,1500,500,148,1.0910566053836316e-14,1.7763568394002505e-15,0.02088160000857897
8146,DI,250,1500,500,149,1.0275781082094646e-14,1.9984014443252818e-15,0.006124399980762973
8147,WMI,250,1500,500,149,1.0910566053836316e-14,1.7763568394002505e-15,0.021427800005767494
8148,DI,250,1500,500,150,1.0275781082094646e-14,1.9984014443252818e-15,0.004672900016885251
8149,WMI,250,1500,500,150,1.0910566053836316e-14,1.7763568394002505e-15,0.02066559999366291
8150,DI,250,1500,500,151,1.0275781082094646e-14,1.9984014443252818e-15,0.004691700014518574
8151,WMI,250,1500,500,151,1.0910566053836316e-14,1.7763568394002505e-15,0.01983140001539141
8152,DI,250,1500,500,152,1.0275781082094646e-14,1.9984014443252818e-15,0.004806000011740252
8153,WMI,250,1500,500,152,1.0910566053836316e-14,1.7763568394002505e-15,0.01997200000914745
8154,DI,250,1500,500,153,1.0275781082094646e-14,1.9984014443252818e-15,0.004057300015119836
8155,WMI,250,1500,500,153,1.0910566053836316e-14,1.7763568394002505e-15,0.016649799974402413
8156,DI,250,1500,500,154,1.0275781082094646e-14,1.9984014443252818e-15,0.004472100001294166
8157,WMI,250,1500,500,154,1.0910566053836316e-14,1.7763568394002505e-15,0.017665899998974055
8158,DI,250,1500,500,155,1.0275781082094646e-14,1.9984014443252818e-15,0.004152199981035665
8159,WMI,250,1500,500,155,1.0910566053836316e-14,1.7763568394002505e-15,0.017700199998216704
8160,DI,250,1500,500,156,1.0275781082094646e-14,1.9984014443252818e-15,0.004410599998664111
8161,WMI,250,1500,500,156,1.0910566053836316e-14,1.7763568394002505e-15,0.018110300006810576
8162,DI,250,1500,500,157,1.0275781082094646e-14,1.9984014443252818e-15,0.005064700002549216
8163,WMI,250,1500,500,157,1.0910566053836316e-14,1.7763568394002505e-15,0.019356900011189282
8164,DI,250,1500,500,158,1.0275781082094646e-14,1.9984014443252818e-15,0.004272500023944303
8165,WMI,250,1500,500,158,1.0910566053836316e-14,1.7763568394002505e-15,0.018051499995635822
8166,DI,250,1500,500,159,1.0275781082094646e-14,1.9984014443252818e-15,0.004206500016152859
8167,WMI,250,1500,500,159,1.0910566053836316e-14,1.7763568394002505e-15,0.018215899995993823
8168,DI,250,1500,500,160,1.0275781082094646e-14,1.9984014443252818e-15,0.004175100009888411
8169,WMI,250,1500,500,160,1.0910566053836316e-14,1.7763568394002505e-15,0.017196500004502013
8170,DI,250,1500,500,161,1.0275781082094646e-14,1.9984014443252818e-15,0.0042612999968696386
8171,WMI,250,1500,500,161,1.0910566053836316e-14,1.7763568394002505e-15,0.01798380000400357
8172,DI,250,1500,500,162,1.0275781082094646e-14,1.9984014443252818e-15,0.004143900005146861
8173,WMI,250,1500,500,162,1.0910566053836316e-14,1.7763568394002505e-15,0.01910070001031272
8174,DI,250,1500,500,163,1.0275781082094646e-14,1.9984014443252818e-15,0.004282800015062094
8175,WMI,250,1500,500,163,1.0910566053836316e-14,1.7763568394002505e-15,0.01785660002497025
8176,DI,250,1500,500,164,1.0275781082094646e-14,1.9984014443252818e-15,0.004316999984439462
8177,WMI,250,1500,500,164,1.0910566053836316e-14,1.7763568394002505e-15,0.018458499980624765
8178,DI,250,1500,500,165,1.0275781082094646e-14,1.9984014443252818e-15,0.004225799988489598
8179,WMI,250,1500,500,165,1.0910566053836316e-14,1.7763568394002505e-15,0.01913329999661073
8180,DI,250,1500,500,166,1.0275781082094646e-14,1.9984014443252818e-15,0.00394539997796528
8181,WMI,250,1500,500,166,1.0910566053836316e-14,1.7763568394002505e-15,0.018316400004550815
8182,DI,250,1500,500,167,1.0275781082094646e-14,1.9984014443252818e-15,0.004298599989851937
8183,WMI,250,1500,500,167,1.0910566053836316e-14,1.7763568394002505e-15,0.017920300015248358
8184,DI,250,1500,500,168,1.0275781082094646e-14,1.9984014443252818e-15,0.00415890000294894
8185,WMI,250,1500,500,168,1.0910566053836316e-14,1.7763568394002505e-15,0.02283450000686571
8186,DI,250,1500,500,169,1.0275781082094646e-14,1.9984014443252818e-15,0.005015400005504489
8187,WMI,250,1500,500,169,1.0910566053836316e-14,1.7763568394002505e-15,0.018519400007789955
8188,DI,250,1500,500,170,1.0275781082094646e-14,1.9984014443252818e-15,0.004631799994967878
8189,WMI,250,1500,500,170,1.0910566053836316e-14,1.7763568394002505e-15,0.019311000010930002
8190,DI,250,1500,500,171,1.0275781082094646e-14,1.9984014443252818e-15,0.00445809998200275
8191,WMI,250,1500,500,171,1.0910566053836316e-14,1.7763568394002505e-15,0.019406500010518357
8192,DI,250,1500,500,172,1.0275781082094646e-14,1.9984014443252818e-15,0.004593599995132536
8193,WMI,250,1500,500,172,1.0910566053836316e-14,1.7763568394002505e-15,0.019589000003179535
8194,DI,250,1500,500,173,1.0275781082094646e-14,1.9984014443252818e-15,0.004594999976688996
8195,WMI,250,1500,500,173,1.0910566053836316e-14,1.7763568394002505e-15,0.018594099994516
8196,DI,250,1500,500,174,1.0275781082094646e-14,1.9984014443252818e-15,0.004655500000808388
8197,WMI,250,1500,500,174,1.0910566053836316e-14,1.7763568394002505e-15,0.018469200003892183
8198,DI,250,1500,500,175,1.0275781082094646e-14,1.9984014443252818e-15,0.004425299994181842
8199,WMI,250,1500,500,175,1.0910566053836316e-14,1.7763568394002505e-15,0.018323600001167506
8200,DI,250,1500,500,176,1.0275781082094646e-14,1.9984014443252818e-15,0.004313299985369667
8201,WMI,250,1500,500,176,1.0910566053836316e-14,1.7763568394002505e-15,0.018642599985469133
8202,DI,250,1500,500,177,1.0275781082094646e-14,1.9984014443252818e-15,0.004226499993819743
8203,WMI,250,1500,500,177,1.0910566053836316e-14,1.7763568394002505e-15,0.018037400004686788
8204,DI,250,1500,500,178,1.0275781082094646e-14,1.9984014443252818e-15,0.004372399998828769
8205,WMI,250,1500,500,178,1.0910566053836316e-14,1.7763568394002505e-15,0.019941799982916564
8206,DI,250,1500,500,179,1.0275781082094646e-14,1.9984014443252818e-15,0.004735700000310317
8207,WMI,250,1500,500,179,1.0910566053836316e-14,1.7763568394002505e-15,0.01767719999770634
8208,DI,250,1500,500,180,1.0275781082094646e-14,1.9984014443252818e-15,0.004056400008266792
8209,WMI,250,1500,500,180,1.0910566053836316e-14,1.7763568394002505e-15,0.017942999984370545
8210,DI,250,1500,500,181,1.0275781082094646e-14,1.9984014443252818e-15,0.004056999983731657
8211,WMI,250,1500,500,181,1.0910566053836316e-14,1.7763568394002505e-15,0.017478199995821342
8212,DI,250,1500,500,182,1.0275781082094646e-14,1.9984014443252818e-15,0.0041412000136915594
8213,WMI,250,1500,500,182,1.0910566053836316e-14,1.7763568394002505e-15,0.01840180001454428
8214,DI,250,1500,500,183,1.0275781082094646e-14,1.9984014443252818e-15,0.003933100000722334
8215,WMI,250,1500,500,183,1.0910566053836316e-14,1.7763568394002505e-15,0.01785500001278706
8216,DI,250,1500,500,184,1.0275781082094646e-14,1.9984014443252818e-15,0.004128500004298985
8217,WMI,250,1500,500,184,1.0910566053836316e-14,1.7763568394002505e-15,0.02002820000052452
8218,DI,250,1500,500,185,1.0275781082094646e-14,1.9984014443252818e-15,0.005363100004615262
8219,WMI,250,1500,500,185,1.0910566053836316e-14,1.7763568394002505e-15,0.01909330001217313
8220,DI,250,1500,500,186,1.0275781082094646e-14,1.9984014443252818e-15,0.004154299997026101
8221,WMI,250,1500,500,186,1.0910566053836316e-14,1.7763568394002505e-15,0.018940300011308864
8222,DI,250,1500,500,187,1.0275781082094646e-14,1.9984014443252818e-15,0.0044467000116128474
8223,WMI,250,1500,500,187,1.0910566053836316e-14,1.7763568394002505e-15,0.0182251000078395
8224,DI,250,1500,500,188,1.0275781082094646e-14,1.9984014443252818e-15,0.004836699983570725
8225,WMI,250,1500,500,188,1.0910566053836316e-14,1.7763568394002505e-15,0.01926230001845397
8226,DI,250,1500,500,189,1.0275781082094646e-14,1.9984014443252818e-15,0.004287199990358204
8227,WMI,250,1500,500,189,1.0910566053836316e-14,1.7763568394002505e-15,0.02049049999914132
8228,DI,250,1500,500,190,1.0275781082094646e-14,1.9984014443252818e-15,0.004384400002891198
8229,WMI,250,1500,500,190,1.0910566053836316e-14,1.7763568394002505e-15,0.018496100004995242
8230,DI,250,1500,500,191,1.0275781082094646e-14,1.9984014443252818e-15,0.004384200001368299
8231,WMI,250,1500,500,191,1.0910566053836316e-14,1.7763568394002505e-15,0.01847849998739548
8232,DI,250,1500,500,192,1.0275781082094646e-14,1.9984014443252818e-15,0.004460500000277534
8233,WMI,250,1500,500,192,1.0910566053836316e-14,1.7763568394002505e-15,0.018461800005752593
8234,DI,250,1500,500,193,1.0275781082094646e-14,1.9984014443252818e-15,0.004314700025133789
8235,WMI,250,1500,500,193,1.0910566053836316e-14,1.7763568394002505e-15,0.018689699994865805
8236,DI,250,1500,500,194,1.0275781082094646e-14,1.9984014443252818e-15,0.004431200010003522
8237,WMI,250,1500,500,194,1.0910566053836316e-14,1.7763568394002505e-15,0.01911290001589805
8238,DI,250,1500,500,195,1.0275781082094646e-14,1.9984014443252818e-15,0.0046131999988574535
8239,WMI,250,1500,500,195,1.0910566053836316e-14,1.7763568394002505e-15,0.01877930000773631
8240,DI,250,1500,500,196,1.0275781082094646e-14,1.9984014443252818e-15,0.004963199986377731
8241,WMI,250,1500,500,196,1.0910566053836316e-14,1.7763568394002505e-15,0.019902900006854907
8242,DI,250,1500,500,197,1.0275781082094646e-14,1.9984014443252818e-15,0.005299600015860051
8243,WMI,250,1500,500,197,1.0910566053836316e-14,1.7763568394002505e-15,0.02131000001099892
8244,DI,250,1500,500,198,1.0275781082094646e-14,1.9984014443252818e-15,0.005046700011007488
8245,WMI,250,1500,500,198,1.0910566053836316e-14,1.7763568394002505e-15,0.022164099995279685
8246,DI,250,1500,500,199,1.0275781082094646e-14,1.9984014443252818e-15,0.004143199999816716
8247,WMI,250,1500,500,199,1.0910566053836316e-14,1.7763568394002505e-15,0.018171500007156283
8248,DI,250,1500,500,200,1.0275781082094646e-14,1.9984014443252818e-15,0.004121300007682294
8249,WMI,250,1500,500,200,1.0910566053836316e-14,1.7763568394002505e-15,0.018402199988486245
8250,DI,250,1250,750,1,1.03812512242569e-14,1.887379141862766e-15,0.005451300006825477
8251,WMI,250,1250,750,1,1.2494194088971405e-14,2.220446049250313e-15,0.04477690000203438
8252,ISM,250,1250,750,1,15.372527227929085,0.9786323393269305,0.12277059999178164
8253,DI,250,1250,750,2,1.03812512242569e-14,1.887379141862766e-15,0.006006299983710051
8254,WMI,250,1250,750,2,1.2494194088971405e-14,2.220446049250313e-15,0.050113200006308034
8255,ISM,250,1250,750,2,15.372527227929085,0.9786323393269305,0.13971630000742152
8256,DI,250,1250,750,3,1.03812512242569e-14,1.887379141862766e-15,0.005323699995642528
8257,WMI,250,1250,750,3,1.2494194088971405e-14,2.220446049250313e-15,0.044266699987929314
8258,ISM,250,1250,750,3,15.372527227929085,0.9786323393269305,0.11424799999804236
8259,DI,250,1250,750,4,1.03812512242569e-14,1.887379141862766e-15,0.006794500019168481
8260,WMI,250,1250,750,4,1.2494194088971405e-14,2.220446049250313e-15,0.04658799999742769
8261,ISM,250,1250,750,4,15.372527227929085,0.9786323393269305,0.10411230000318028
8262,DI,250,1250,750,5,1.03812512242569e-14,1.887379141862766e-15,0.005839099991135299
8263,WMI,250,1250,750,5,1.2494194088971405e-14,2.220446049250313e-15,0.04354540002532303
8264,ISM,250,1250,750,5,15.372527227929085,0.9786323393269305,0.09666720000677742
8265,DI,250,1250,750,6,1.03812512242569e-14,1.887379141862766e-15,0.005966299999272451
8266,WMI,250,1250,750,6,1.2494194088971405e-14,2.220446049250313e-15,0.04191800000262447
8267,ISM,250,1250,750,6,15.372527227929085,0.9786323393269305,0.0979611000220757
8268,DI,250,1250,750,7,1.03812512242569e-14,1.887379141862766e-15,0.007057200011331588
8269,WMI,250,1250,750,7,1.2494194088971405e-14,2.220446049250313e-15,0.04187499999534339
8270,ISM,250,1250,750,7,15.372527227929085,0.9786323393269305,0.09570959999109618
8271,DI,250,1250,750,8,1.03812512242569e-14,1.887379141862766e-15,0.05680730001768097
8272,WMI,250,1250,750,8,1.2494194088971405e-14,2.220446049250313e-15,0.04595630001858808
8273,ISM,250,1250,750,8,15.372527227929085,0.9786323393269305,0.11324969999259338
8274,DI,250,1250,750,9,1.03812512242569e-14,1.887379141862766e-15,0.0050663000147324055
8275,WMI,250,1250,750,9,1.2494194088971405e-14,2.220446049250313e-15,0.0453945999906864
8276,ISM,250,1250,750,9,15.372527227929085,0.9786323393269305,0.0884222999738995
8277,DI,250,1250,750,10,1.03812512242569e-14,1.887379141862766e-15,0.005921499978285283
8278,WMI,250,1250,750,10,1.2494194088971405e-14,2.220446049250313e-15,0.06512379998457618
8279,ISM,250,1250,750,10,15.372527227929085,0.9786323393269305,0.10654140001861379
8280,DI,250,1250,750,11,1.03812512242569e-14,1.887379141862766e-15,0.0037395000108517706
8281,WMI,250,1250,750,11,1.2494194088971405e-14,2.220446049250313e-15,0.03607380000175908
8282,ISM,250,1250,750,11,15.372527227929085,0.9786323393269305,0.12253900000359863
8283,DI,250,1250,750,12,1.03812512242569e-14,1.887379141862766e-15,0.07093129999702796
8284,WMI,250,1250,750,12,1.2494194088971405e-14,2.220446049250313e-15,0.04402460000710562
8285,ISM,250,1250,750,12,15.372527227929085,0.9786323393269305,0.07428500000969507
8286,DI,250,1250,750,13,1.03812512242569e-14,1.887379141862766e-15,0.005631300009554252
8287,WMI,250,1250,750,13,1.2494194088971405e-14,2.220446049250313e-15,0.0366234999964945
8288,ISM,250,1250,750,13,15.372527227929085,0.9786323393269305,0.12166229999274947
8289,DI,250,1250,750,14,1.03812512242569e-14,1.887379141862766e-15,0.0036057999823242426
8290,WMI,250,1250,750,14,1.2494194088971405e-14,2.220446049250313e-15,0.03682420001132414
8291,ISM,250,1250,750,14,15.372527227929085,0.9786323393269305,0.07111610000720248
8292,DI,250,1250,750,15,1.03812512242569e-14,1.887379141862766e-15,0.007285700005013496
8293,WMI,250,1250,750,15,1.2494194088971405e-14,2.220446049250313e-15,0.04123150001396425
8294,ISM,250,1250,750,15,15.372527227929085,0.9786323393269305,0.1135665999900084
8295,DI,250,1250,750,16,1.03812512242569e-14,1.887379141862766e-15,0.006161299999803305
8296,WMI,250,1250,750,16,1.2494194088971405e-14,2.220446049250313e-15,0.0467044000106398
8297,ISM,250,1250,750,16,15.372527227929085,0.9786323393269305,0.08564920001663268
8298,DI,250,1250,750,17,1.03812512242569e-14,1.887379141862766e-15,0.005111799982842058
8299,WMI,250,1250,750,17,1.2494194088971405e-14,2.220446049250313e-15,0.032292499992763624
8300,ISM,250,1250,750,17,15.372527227929085,0.9786323393269305,0.10132510002586059
8301,DI,250,1250,750,18,1.03812512242569e-14,1.887379141862766e-15,0.007053500012261793
8302,WMI,250,1250,750,18,1.2494194088971405e-14,2.220446049250313e-15,0.04337979998672381
8303,ISM,250,1250,750,18,15.372527227929085,0.9786323393269305,0.07425429997965693
8304,DI,250,1250,750,19,1.03812512242569e-14,1.887379141862766e-15,0.006507900019641966
8305,WMI,250,1250,750,19,1.2494194088971405e-14,2.220446049250313e-15,0.04421649998403154
8306,ISM,250,1250,750,19,15.372527227929085,0.9786323393269305,0.07027029999881051
8307,DI,250,1250,750,20,1.03812512242569e-14,1.887379141862766e-15,0.00553969998145476
8308,WMI,250,1250,750,20,1.2494194088971405e-14,2.220446049250313e-15,0.041020500008016825
8309,ISM,250,1250,750,20,15.372527227929085,0.9786323393269305,0.08218160000978969
8310,DI,250,1250,750,21,1.03812512242569e-14,1.887379141862766e-15,0.005185299989534542
8311,WMI,250,1250,750,21,1.2494194088971405e-14,2.220446049250313e-15,0.04150680001475848
8312,ISM,250,1250,750,21,15.372527227929085,0.9786323393269305,0.10651539999525994
8313,DI,250,1250,750,22,1.03812512242569e-14,1.887379141862766e-15,0.0070109000080265105
8314,WMI,250,1250,750,22,1.2494194088971405e-14,2.220446049250313e-15,0.04409529999247752
8315,ISM,250,1250,750,22,15.372527227929085,0.9786323393269305,0.08727630000794306
8316,DI,250,1250,750,23,1.03812512242569e-14,1.887379141862766e-15,0.005599600001005456
8317,WMI,250,1250,750,23,1.2494194088971405e-14,2.220446049250313e-15,0.03665950000868179
8318,ISM,250,1250,750,23,15.372527227929085,0.9786323393269305,0.10403029998997226
8319,DI,250,1250,750,24,1.03812512242569e-14,1.887379141862766e-15,0.004376500000944361
8320,WMI,250,1250,750,24,1.2494194088971405e-14,2.220446049250313e-15,0.032927699998253956
8321,ISM,250,1250,750,24,15.372527227929085,0.9786323393269305,0.07500179999624379
8322,DI,250,1250,750,25,1.03812512242569e-14,1.887379141862766e-15,0.006487500009825453
8323,WMI,250,1250,750,25,1.2494194088971405e-14,2.220446049250313e-15,0.04092149998177774
8324,ISM,250,1250,750,25,15.372527227929085,0.9786323393269305,0.08514209999702871
8325,DI,250,1250,750,26,1.03812512242569e-14,1.887379141862766e-15,0.003986200026702136
8326,WMI,250,1250,750,26,1.2494194088971405e-14,2.220446049250313e-15,0.03527130000293255
8327,ISM,250,1250,750,26,15.372527227929085,0.9786323393269305,0.09253240001271479
8328,DI,250,1250,750,27,1.03812512242569e-14,1.887379141862766e-15,0.005893499997910112
8329,WMI,250,1250,750,27,1.2494194088971405e-14,2.220446049250313e-15,0.035797799995634705
8330,ISM,250,1250,750,27,15.372527227929085,0.9786323393269305,0.0767313000105787
8331,DI,250,1250,750,28,1.03812512242569e-14,1.887379141862766e-15,0.0033104999747592956
8332,WMI,250,1250,750,28,1.2494194088971405e-14,2.220446049250313e-15,0.031821099983062595
8333,ISM,250,1250,750,28,15.372527227929085,0.9786323393269305,0.09229559998493642
8334,DI,250,1250,750,29,1.03812512242569e-14,1.887379141862766e-15,0.005823899991810322
8335,WMI,250,1250,750,29,1.2494194088971405e-14,2.220446049250313e-15,0.03450200002407655
8336,ISM,250,1250,750,29,15.372527227929085,0.9786323393269305,0.08043579998775385
8337,DI,250,1250,750,30,1.03812512242569e-14,1.887379141862766e-15,0.007502399996155873
8338,WMI,250,1250,750,30,1.2494194088971405e-14,2.220446049250313e-15,0.03421740001067519
8339,ISM,250,1250,750,30,15.372527227929085,0.9786323393269305,0.08175219999975525
8340,DI,250,1250,750,31,1.03812512242569e-14,1.887379141862766e-15,0.005891299981158227
8341,WMI,250,1250,750,31,1.2494194088971405e-14,2.220446049250313e-15,0.04048329999204725
8342,ISM,250,1250,750,31,15.372527227929085,0.9786323393269305,0.08545739998226054
8343,DI,250,1250,750,32,1.03812512242569e-14,1.887379141862766e-15,0.0059077999903820455
8344,WMI,250,1250,750,32,1.2494194088971405e-14,2.220446049250313e-15,0.04229849998955615
8345,ISM,250,1250,750,32,15.372527227929085,0.9786323393269305,0.14849200000753626
8346,DI,250,1250,750,33,1.03812512242569e-14,1.887379141862766e-15,0.005155499995453283
8347,WMI,250,1250,750,33,1.2494194088971405e-14,2.220446049250313e-15,0.03519210001104511
8348,ISM,250,1250,750,33,15.372527227929085,0.9786323393269305,0.11982649998390116
8349,DI,250,1250,750,34,1.03812512242569e-14,1.887379141862766e-15,0.0059452000132296234
8350,WMI,250,1250,750,34,1.2494194088971405e-14,2.220446049250313e-15,0.045291799993719906
8351,ISM,250,1250,750,34,15.372527227929085,0.9786323393269305,0.06988989998353645
8352,DI,250,1250,750,35,1.03812512242569e-14,1.887379141862766e-15,0.009543200023472309
8353,WMI,250,1250,750,35,1.2494194088971405e-14,2.220446049250313e-15,0.03932380001060665
8354,ISM,250,1250,750,35,15.372527227929085,0.9786323393269305,0.06712600000901148
8355,DI,250,1250,750,36,1.03812512242569e-14,1.887379141862766e-15,0.007438800006639212
8356,WMI,250,1250,750,36,1.2494194088971405e-14,2.220446049250313e-15,0.038892799988389015
8357,ISM,250,1250,750,36,15.372527227929085,0.9786323393269305,0.12845519999973476
8358,DI,250,1250,750,37,1.03812512242569e-14,1.887379141862766e-15,0.004210900020552799
8359,WMI,250,1250,750,37,1.2494194088971405e-14,2.220446049250313e-15,0.04343050002353266
8360,ISM,250,1250,750,37,15.372527227929085,0.9786323393269305,0.06878040000447072
8361,DI,250,1250,750,38,1.03812512242569e-14,1.887379141862766e-15,0.005160100001376122
8362,WMI,250,1250,750,38,1.2494194088971405e-14,2.220446049250313e-15,0.04110879998188466
8363,ISM,250,1250,750,38,15.372527227929085,0.9786323393269305,0.07032460000482388
8364,DI,250,1250,750,39,1.03812512242569e-14,1.887379141862766e-15,0.005238299985649064
8365,WMI,250,1250,750,39,1.2494194088971405e-14,2.220446049250313e-15,0.0374063000199385
8366,ISM,250,1250,750,39,15.372527227929085,0.9786323393269305,0.07283469999674708
8367,DI,250,1250,750,40,1.03812512242569e-14,1.887379141862766e-15,0.00597379999817349
8368,WMI,250,1250,750,40,1.2494194088971405e-14,2.220446049250313e-15,0.03832449999754317
8369,ISM,250,1250,750,40,15.372527227929085,0.9786323393269305,0.12199620000319555
8370,DI,250,1250,750,41,1.03812512242569e-14,1.887379141862766e-15,0.00544200002332218
8371,WMI,250,1250,750,41,1.2494194088971405e-14,2.220446049250313e-15,0.03682649999973364
8372,ISM,250,1250,750,41,15.372527227929085,0.9786323393269305,0.07202009999309666
8373,DI,250,1250,750,42,1.03812512242569e-14,1.887379141862766e-15,0.007417199987685308
8374,WMI,250,1250,750,42,1.2494194088971405e-14,2.220446049250313e-15,0.04002859999309294
8375,ISM,250,1250,750,42,15.372527227929085,0.9786323393269305,0.08252349999384023
8376,DI,250,1250,750,43,1.03812512242569e-14,1.887379141862766e-15,0.006015999999362975
8377,WMI,250,1250,750,43,1.2494194088971405e-14,2.220446049250313e-15,0.04238289999193512
8378,ISM,250,1250,750,43,15.372527227929085,0.9786323393269305,0.08797160000540316
8379,DI,250,1250,750,44,1.03812512242569e-14,1.887379141862766e-15,0.006090700015192851
8380,WMI,250,1250,750,44,1.2494194088971405e-14,2.220446049250313e-15,0.04182820001733489
8381,ISM,250,1250,750,44,15.372527227929085,0.9786323393269305,0.11169389999122359
8382,DI,250,1250,750,45,1.03812512242569e-14,1.887379141862766e-15,0.006832899991422892
8383,WMI,250,1250,750,45,1.2494194088971405e-14,2.220446049250313e-15,0.04186830000253394
8384,ISM,250,1250,750,45,15.372527227929085,0.9786323393269305,0.10901720001129434
8385,DI,250,1250,750,46,1.03812512242569e-14,1.887379141862766e-15,0.00530709998565726
8386,WMI,250,1250,750,46,1.2494194088971405e-14,2.220446049250313e-15,0.03669520001858473
8387,ISM,250,1250,750,46,15.372527227929085,0.9786323393269305,0.09403889998793602
8388,DI,250,1250,750,47,1.03812512242569e-14,1.887379141862766e-15,0.004857699997955933
8389,WMI,250,1250,750,47,1.2494194088971405e-14,2.220446049250313e-15,0.03917860001092777
8390,ISM,250,1250,750,47,15.372527227929085,0.9786323393269305,0.06198769999900833
8391,DI,250,1250,750,48,1.03812512242569e-14,1.887379141862766e-15,0.00612939998973161
8392,WMI,250,1250,750,48,1.2494194088971405e-14,2.220446049250313e-15,0.045463800022844225
8393,ISM,250,1250,750,48,15.372527227929085,0.9786323393269305,0.06210740000824444
8394,DI,250,1250,750,49,1.03812512242569e-14,1.887379141862766e-15,0.004463100020075217
8395,WMI,250,1250,750,49,1.2494194088971405e-14,2.220446049250313e-15,0.03139499999815598
8396,ISM,250,1250,750,49,15.372527227929085,0.9786323393269305,0.09731419998570345
8397,DI,250,1250,750,50,1.03812512242569e-14,1.887379141862766e-15,0.009726899996167049
8398,WMI,250,1250,750,50,1.2494194088971405e-14,2.220446049250313e-15,0.040862099995138124
8399,ISM,250,1250,750,50,15.372527227929085,0.9786323393269305,0.14693429999169894
8400,DI,250,1250,750,51,1.03812512242569e-14,1.887379141862766e-15,0.0074585000111255795
8401,WMI,250,1250,750,51,1.2494194088971405e-14,2.220446049250313e-15,0.0418274000112433
8402,DI,250,1250,750,52,1.03812512242569e-14,1.887379141862766e-15,0.004218600020976737
8403,WMI,250,1250,750,52,1.2494194088971405e-14,2.220446049250313e-15,0.03226330000325106
8404,DI,250,1250,750,53,1.03812512242569e-14,1.887379141862766e-15,0.003941700007999316
8405,WMI,250,1250,750,53,1.2494194088971405e-14,2.220446049250313e-15,0.029991299990797415
8406,DI,250,1250,750,54,1.03812512242569e-14,1.887379141862766e-15,0.0032423000084236264
8407,WMI,250,1250,750,54,1.2494194088971405e-14,2.220446049250313e-15,0.026810799987288192
8408,DI,250,1250,750,55,1.03812512242569e-14,1.887379141862766e-15,0.0033915999811142683
8409,WMI,250,1250,750,55,1.2494194088971405e-14,2.220446049250313e-15,0.02712959999917075
8410,DI,250,1250,750,56,1.03812512242569e-14,1.887379141862766e-15,0.00302100001135841
8411,WMI,250,1250,750,56,1.2494194088971405e-14,2.220446049250313e-15,0.02794030000222847
8412,DI,250,1250,750,57,1.03812512242569e-14,1.887379141862766e-15,0.0037951000267639756
8413,WMI,250,1250,750,57,1.2494194088971405e-14,2.220446049250313e-15,0.029524700017645955
8414,DI,250,1250,750,58,1.03812512242569e-14,1.887379141862766e-15,0.0030901000136509538
8415,WMI,250,1250,750,58,1.2494194088971405e-14,2.220446049250313e-15,0.027803000004496425
8416,DI,250,1250,750,59,1.03812512242569e-14,1.887379141862766e-15,0.003387400007341057
8417,WMI,250,1250,750,59,1.2494194088971405e-14,2.220446049250313e-15,0.027657900005578995
8418,DI,250,1250,750,60,1.03812512242569e-14,1.887379141862766e-15,0.003450499993050471
8419,WMI,250,1250,750,60,1.2494194088971405e-14,2.220446049250313e-15,0.028773600002750754
8420,DI,250,1250,750,61,1.03812512242569e-14,1.887379141862766e-15,0.0036253999860491604
8421,WMI,250,1250,750,61,1.2494194088971405e-14,2.220446049250313e-15,0.02764960000058636
8422,DI,250,1250,750,62,1.03812512242569e-14,1.887379141862766e-15,0.0034097000025212765
8423,WMI,250,1250,750,62,1.2494194088971405e-14,2.220446049250313e-15,0.028575100004673004
8424,DI,250,1250,750,63,1.03812512242569e-14,1.887379141862766e-15,0.0036171999818179756
8425,WMI,250,1250,750,63,1.2494194088971405e-14,2.220446049250313e-15,0.02857130000484176
8426,DI,250,1250,750,64,1.03812512242569e-14,1.887379141862766e-15,0.0038671999936923385
8427,WMI,250,1250,750,64,1.2494194088971405e-14,2.220446049250313e-15,0.028794299985747784
8428,DI,250,1250,750,65,1.03812512242569e-14,1.887379141862766e-15,0.0035016000038012862
8429,WMI,250,1250,750,65,1.2494194088971405e-14,2.220446049250313e-15,0.029843600001186132
8430,DI,250,1250,750,66,1.03812512242569e-14,1.887379141862766e-15,0.0038123000122141093
8431,WMI,250,1250,750,66,1.2494194088971405e-14,2.220446049250313e-15,0.030880599981173873
8432,DI,250,1250,750,67,1.03812512242569e-14,1.887379141862766e-15,0.0036727999977301806
8433,WMI,250,1250,750,67,1.2494194088971405e-14,2.220446049250313e-15,0.030390200001420453
8434,DI,250,1250,750,68,1.03812512242569e-14,1.887379141862766e-15,0.004125899984501302
8435,WMI,250,1250,750,68,1.2494194088971405e-14,2.220446049250313e-15,0.030820800020592287
8436,DI,250,1250,750,69,1.03812512242569e-14,1.887379141862766e-15,0.0037607999984174967
8437,WMI,250,1250,750,69,1.2494194088971405e-14,2.220446049250313e-15,0.03088559999014251
8438,DI,250,1250,750,70,1.03812512242569e-14,1.887379141862766e-15,0.0034602000087033957
8439,WMI,250,1250,750,70,1.2494194088971405e-14,2.220446049250313e-15,0.035550500004319474
8440,DI,250,1250,750,71,1.03812512242569e-14,1.887379141862766e-15,0.004221400013193488
8441,WMI,250,1250,750,71,1.2494194088971405e-14,2.220446049250313e-15,0.04194090000237338
8442,DI,250,1250,750,72,1.03812512242569e-14,1.887379141862766e-15,0.005096500011859462
8443,WMI,250,1250,750,72,1.2494194088971405e-14,2.220446049250313e-15,0.03733229998033494
8444,DI,250,1250,750,73,1.03812512242569e-14,1.887379141862766e-15,0.004769399994984269
8445,WMI,250,1250,750,73,1.2494194088971405e-14,2.220446049250313e-15,0.03749299998162314
8446,DI,250,1250,750,74,1.03812512242569e-14,1.887379141862766e-15,0.004430399974808097
8447,WMI,250,1250,750,74,1.2494194088971405e-14,2.220446049250313e-15,0.036670300003606826
8448,DI,250,1250,750,75,1.03812512242569e-14,1.887379141862766e-15,0.00434700000914745
8449,WMI,250,1250,750,75,1.2494194088971405e-14,2.220446049250313e-15,0.03518700000131503
8450,DI,250,1250,750,76,1.03812512242569e-14,1.887379141862766e-15,0.005159500025911257
8451,WMI,250,1250,750,76,1.2494194088971405e-14,2.220446049250313e-15,0.0363915000052657
8452,DI,250,1250,750,77,1.03812512242569e-14,1.887379141862766e-15,0.004488800012040883
8453,WMI,250,1250,750,77,1.2494194088971405e-14,2.220446049250313e-15,0.036215499974787235
8454,DI,250,1250,750,78,1.03812512242569e-14,1.887379141862766e-15,0.004216300003463402
8455,WMI,250,1250,750,78,1.2494194088971405e-14,2.220446049250313e-15,0.03618239998468198
8456,DI,250,1250,750,79,1.03812512242569e-14,1.887379141862766e-15,0.004355500015662983
8457,WMI,250,1250,750,79,1.2494194088971405e-14,2.220446049250313e-15,0.03657530000782572
8458,DI,250,1250,750,80,1.03812512242569e-14,1.887379141862766e-15,0.004626599984476343
8459,WMI,250,1250,750,80,1.2494194088971405e-14,2.220446049250313e-15,0.0355717999918852
8460,DI,250,1250,750,81,1.03812512242569e-14,1.887379141862766e-15,0.004503699979977682
8461,WMI,250,1250,750,81,1.2494194088971405e-14,2.220446049250313e-15,0.03690080001251772
8462,DI,250,1250,750,82,1.03812512242569e-14,1.887379141862766e-15,0.004059200000483543
8463,WMI,250,1250,750,82,1.2494194088971405e-14,2.220446049250313e-15,0.03361489999224432
8464,DI,250,1250,750,83,1.03812512242569e-14,1.887379141862766e-15,0.004043099994305521
8465,WMI,250,1250,750,83,1.2494194088971405e-14,2.220446049250313e-15,0.033161900006234646
8466,DI,250,1250,750,84,1.03812512242569e-14,1.887379141862766e-15,0.0043787000176962465
8467,WMI,250,1250,750,84,1.2494194088971405e-14,2.220446049250313e-15,0.03440400000545196
8468,DI,250,1250,750,85,1.03812512242569e-14,1.887379141862766e-15,0.004089499998372048
8469,WMI,250,1250,750,85,1.2494194088971405e-14,2.220446049250313e-15,0.0330223000200931
8470,DI,250,1250,750,86,1.03812512242569e-14,1.887379141862766e-15,0.0040269999881275
8471,WMI,250,1250,750,86,1.2494194088971405e-14,2.220446049250313e-15,0.034292500000447035
8472,DI,250,1250,750,87,1.03812512242569e-14,1.887379141862766e-15,0.0038728999788872898
8473,WMI,250,1250,750,87,1.2494194088971405e-14,2.220446049250313e-15,0.03400610000244342
8474,DI,250,1250,750,88,1.03812512242569e-14,1.887379141862766e-15,0.004308100003981963
8475,WMI,250,1250,750,88,1.2494194088971405e-14,2.220446049250313e-15,0.03512000001501292
8476,DI,250,1250,750,89,1.03812512242569e-14,1.887379141862766e-15,0.004213800013530999
8477,WMI,250,1250,750,89,1.2494194088971405e-14,2.220446049250313e-15,0.03586229999200441
8478,DI,250,1250,750,90,1.03812512242569e-14,1.887379141862766e-15,0.004051900003105402
8479,WMI,250,1250,750,90,1.2494194088971405e-14,2.220446049250313e-15,0.037298900017049164
8480,DI,250,1250,750,91,1.03812512242569e-14,1.887379141862766e-15,0.004265299998223782
8481,WMI,250,1250,750,91,1.2494194088971405e-14,2.220446049250313e-15,0.03771440000855364
8482,DI,250,1250,750,92,1.03812512242569e-14,1.887379141862766e-15,0.004672199982451275
8483,WMI,250,1250,750,92,1.2494194088971405e-14,2.220446049250313e-15,0.03940909999073483
8484,DI,250,1250,750,93,1.03812512242569e-14,1.887379141862766e-15,0.004728700005216524
8485,WMI,250,1250,750,93,1.2494194088971405e-14,2.220446049250313e-15,0.03888060001190752
8486,DI,250,1250,750,94,1.03812512242569e-14,1.887379141862766e-15,0.0050820999895222485
8487,WMI,250,1250,750,94,1.2494194088971405e-14,2.220446049250313e-15,0.0413737999915611
8488,DI,250,1250,750,95,1.03812512242569e-14,1.887379141862766e-15,0.00554270000429824
8489,WMI,250,1250,750,95,1.2494194088971405e-14,2.220446049250313e-15,0.04185550002148375
8490,DI,250,1250,750,96,1.03812512242569e-14,1.887379141862766e-15,0.0052254000038374215
8491,WMI,250,1250,750,96,1.2494194088971405e-14,2.220446049250313e-15,0.043231000017840415
8492,DI,250,1250,750,97,1.03812512242569e-14,1.887379141862766e-15,0.005945199984125793
8493,WMI,250,1250,750,97,1.2494194088971405e-14,2.220446049250313e-15,0.0450970999954734
8494,DI,250,1250,750,98,1.03812512242569e-14,1.887379141862766e-15,0.005308099993271753
8495,WMI,250,1250,750,98,1.2494194088971405e-14,2.220446049250313e-15,0.04334570001810789
8496,DI,250,1250,750,99,1.03812512242569e-14,1.887379141862766e-15,0.0061406999884638935
8497,WMI,250,1250,750,99,1.2494194088971405e-14,2.220446049250313e-15,0.04224179999437183
8498,DI,250,1250,750,100,1.03812512242569e-14,1.887379141862766e-15,0.005611100001260638
8499,WMI,250,1250,750,100,1.2494194088971405e-14,2.220446049250313e-15,0.03971579999779351
8500,DI,250,1250,750,101,1.03812512242569e-14,1.887379141862766e-15,0.005863300000783056
8501,WMI,250,1250,750,101,1.2494194088971405e-14,2.220446049250313e-15,0.04361799999605864
8502,DI,250,1250,750,102,1.03812512242569e-14,1.887379141862766e-15,0.004736400005640462
8503,WMI,250,1250,750,102,1.2494194088971405e-14,2.220446049250313e-15,0.0392555000144057
8504,DI,250,1250,750,103,1.03812512242569e-14,1.887379141862766e-15,0.004947800014633685
8505,WMI,250,1250,750,103,1.2494194088971405e-14,2.220446049250313e-15,0.03898089998983778
8506,DI,250,1250,750,104,1.03812512242569e-14,1.887379141862766e-15,0.00531300000147894
8507,WMI,250,1250,750,104,1.2494194088971405e-14,2.220446049250313e-15,0.04025049999472685
8508,DI,250,1250,750,105,1.03812512242569e-14,1.887379141862766e-15,0.004992000001948327
8509,WMI,250,1250,750,105,1.2494194088971405e-14,2.220446049250313e-15,0.039721200009807944
8510,DI,250,1250,750,106,1.03812512242569e-14,1.887379141862766e-15,0.0050795999995898455
8511,WMI,250,1250,750,106,1.2494194088971405e-14,2.220446049250313e-15,0.04123409997555427
8512,DI,250,1250,750,107,1.03812512242569e-14,1.887379141862766e-15,0.005114400002639741
8513,WMI,250,1250,750,107,1.2494194088971405e-14,2.220446049250313e-15,0.03826559998560697
8514,DI,250,1250,750,108,1.03812512242569e-14,1.887379141862766e-15,0.005407999997260049
8515,WMI,250,1250,750,108,1.2494194088971405e-14,2.220446049250313e-15,0.03954830000293441
8516,DI,250,1250,750,109,1.03812512242569e-14,1.887379141862766e-15,0.004829499986954033
8517,WMI,250,1250,750,109,1.2494194088971405e-14,2.220446049250313e-15,0.04025360001833178
8518,DI,250,1250,750,110,1.03812512242569e-14,1.887379141862766e-15,0.004544800001895055
8519,WMI,250,1250,750,110,1.2494194088971405e-14,2.220446049250313e-15,0.03941319999285042
8520,DI,250,1250,750,111,1.03812512242569e-14,1.887379141862766e-15,0.004674900003010407
8521,WMI,250,1250,750,111,1.2494194088971405e-14,2.220446049250313e-15,0.04041929999948479
8522,DI,250,1250,750,112,1.03812512242569e-14,1.887379141862766e-15,0.005742399982409552
8523,WMI,250,1250,750,112,1.2494194088971405e-14,2.220446049250313e-15,0.041146500007016584
8524,DI,250,1250,750,113,1.03812512242569e-14,1.887379141862766e-15,0.005717099993489683
8525,WMI,250,1250,750,113,1.2494194088971405e-14,2.220446049250313e-15,0.0418241000152193
8526,DI,250,1250,750,114,1.03812512242569e-14,1.887379141862766e-15,0.004903099994407967
8527,WMI,250,1250,750,114,1.2494194088971405e-14,2.220446049250313e-15,0.042737399984616786
8528,DI,250,1250,750,115,1.03812512242569e-14,1.887379141862766e-15,0.004884599999058992
8529,WMI,250,1250,750,115,1.2494194088971405e-14,2.220446049250313e-15,0.04281720001017675
8530,DI,250,1250,750,116,1.03812512242569e-14,1.887379141862766e-15,0.006663300009677187
8531,WMI,250,1250,750,116,1.2494194088971405e-14,2.220446049250313e-15,0.03795549998176284
8532,DI,250,1250,750,117,1.03812512242569e-14,1.887379141862766e-15,0.005198500002734363
8533,WMI,250,1250,750,117,1.2494194088971405e-14,2.220446049250313e-15,0.037934099993435666
8534,DI,250,1250,750,118,1.03812512242569e-14,1.887379141862766e-15,0.004573899990646169
8535,WMI,250,1250,750,118,1.2494194088971405e-14,2.220446049250313e-15,0.03710429999046028
8536,DI,250,1250,750,119,1.03812512242569e-14,1.887379141862766e-15,0.00449220000882633
8537,WMI,250,1250,750,119,1.2494194088971405e-14,2.220446049250313e-15,0.03694099999847822
8538,DI,250,1250,750,120,1.03812512242569e-14,1.887379141862766e-15,0.004617900005541742
8539,WMI,250,1250,750,120,1.2494194088971405e-14,2.220446049250313e-15,0.0379421999969054
8540,DI,250,1250,750,121,1.03812512242569e-14,1.887379141862766e-15,0.004497199988691136
8541,WMI,250,1250,750,121,1.2494194088971405e-14,2.220446049250313e-15,0.03736060002120212
8542,DI,250,1250,750,122,1.03812512242569e-14,1.887379141862766e-15,0.00422989999060519
8543,WMI,250,1250,750,122,1.2494194088971405e-14,2.220446049250313e-15,0.03718210000079125
8544,DI,250,1250,750,123,1.03812512242569e-14,1.887379141862766e-15,0.004377600009320304
8545,WMI,250,1250,750,123,1.2494194088971405e-14,2.220446049250313e-15,0.039981699985219166
8546,DI,250,1250,750,124,1.03812512242569e-14,1.887379141862766e-15,0.005332900007488206
8547,WMI,250,1250,750,124,1.2494194088971405e-14,2.220446049250313e-15,0.04117650000262074
8548,DI,250,1250,750,125,1.03812512242569e-14,1.887379141862766e-15,0.005022099998313934
8549,WMI,250,1250,750,125,1.2494194088971405e-14,2.220446049250313e-15,0.04071470000781119
8550,DI,250,1250,750,126,1.03812512242569e-14,1.887379141862766e-15,0.004849099990678951
8551,WMI,250,1250,750,126,1.2494194088971405e-14,2.220446049250313e-15,0.04128969999146648
8552,DI,250,1250,750,127,1.03812512242569e-14,1.887379141862766e-15,0.004673899995395914
8553,WMI,250,1250,750,127,1.2494194088971405e-14,2.220446049250313e-15,0.04068939998978749
8554,DI,250,1250,750,128,1.03812512242569e-14,1.887379141862766e-15,0.005434099992271513
8555,WMI,250,1250,750,128,1.2494194088971405e-14,2.220446049250313e-15,0.04199860000517219
8556,DI,250,1250,750,129,1.03812512242569e-14,1.887379141862766e-15,0.0051478999957907945
8557,WMI,250,1250,750,129,1.2494194088971405e-14,2.220446049250313e-15,0.038039600010961294
8558,DI,250,1250,750,130,1.03812512242569e-14,1.887379141862766e-15,0.004534000006970018
8559,WMI,250,1250,750,130,1.2494194088971405e-14,2.220446049250313e-15,0.039753799996105954
8560,DI,250,1250,750,131,1.03812512242569e-14,1.887379141862766e-15,0.004788399994140491
8561,WMI,250,1250,750,131,1.2494194088971405e-14,2.220446049250313e-15,0.039369799982523546
8562,DI,250,1250,750,132,1.03812512242569e-14,1.887379141862766e-15,0.004950600006850436
8563,WMI,250,1250,750,132,1.2494194088971405e-14,2.220446049250313e-15,0.04144060000544414
8564,DI,250,1250,750,133,1.03812512242569e-14,1.887379141862766e-15,0.005396900000050664
8565,WMI,250,1250,750,133,1.2494194088971405e-14,2.220446049250313e-15,0.04248940001707524
8566,DI,250,1250,750,134,1.03812512242569e-14,1.887379141862766e-15,0.00465960000292398
8567,WMI,250,1250,750,134,1.2494194088971405e-14,2.220446049250313e-15,0.04189089999999851
8568,DI,250,1250,750,135,1.03812512242569e-14,1.887379141862766e-15,0.0049755000218283385
8569,WMI,250,1250,750,135,1.2494194088971405e-14,2.220446049250313e-15,0.03862279999884777
8570,DI,250,1250,750,136,1.03812512242569e-14,1.887379141862766e-15,0.0048313000006601214
8571,WMI,250,1250,750,136,1.2494194088971405e-14,2.220446049250313e-15,0.04044800001429394
8572,DI,250,1250,750,137,1.03812512242569e-14,1.887379141862766e-15,0.005056399997556582
8573,WMI,250,1250,750,137,1.2494194088971405e-14,2.220446049250313e-15,0.04144930001348257
8574,DI,250,1250,750,138,1.03812512242569e-14,1.887379141862766e-15,0.005049899977166206
8575,WMI,250,1250,750,138,1.2494194088971405e-14,2.220446049250313e-15,0.041211499978089705
8576,DI,250,1250,750,139,1.03812512242569e-14,1.887379141862766e-15,0.005008600011933595
8577,WMI,250,1250,750,139,1.2494194088971405e-14,2.220446049250313e-15,0.0402821000025142
8578,DI,250,1250,750,140,1.03812512242569e-14,1.887379141862766e-15,0.005272300011711195
8579,WMI,250,1250,750,140,1.2494194088971405e-14,2.220446049250313e-15,0.0419601000030525
8580,DI,250,1250,750,141,1.03812512242569e-14,1.887379141862766e-15,0.0048470000037923455
8581,WMI,250,1250,750,141,1.2494194088971405e-14,2.220446049250313e-15,0.04418330002226867
8582,DI,250,1250,750,142,1.03812512242569e-14,1.887379141862766e-15,0.005273399990983307
8583,WMI,250,1250,750,142,1.2494194088971405e-14,2.220446049250313e-15,0.04286830002092756
8584,DI,250,1250,750,143,1.03812512242569e-14,1.887379141862766e-15,0.005328200000803918
8585,WMI,250,1250,750,143,1.2494194088971405e-14,2.220446049250313e-15,0.04393869999330491
8586,DI,250,1250,750,144,1.03812512242569e-14,1.887379141862766e-15,0.005596999981207773
8587,WMI,250,1250,750,144,1.2494194088971405e-14,2.220446049250313e-15,0.03799919999437407
8588,DI,250,1250,750,145,1.03812512242569e-14,1.887379141862766e-15,0.004583800007821992
8589,WMI,250,1250,750,145,1.2494194088971405e-14,2.220446049250313e-15,0.03909059998113662
8590,DI,250,1250,750,146,1.03812512242569e-14,1.887379141862766e-15,0.004499099974054843
8591,WMI,250,1250,750,146,1.2494194088971405e-14,2.220446049250313e-15,0.03819829999702051
8592,DI,250,1250,750,147,1.03812512242569e-14,1.887379141862766e-15,0.004478300019400194
8593,WMI,250,1250,750,147,1.2494194088971405e-14,2.220446049250313e-15,0.037861599994357675
8594,DI,250,1250,750,148,1.03812512242569e-14,1.887379141862766e-15,0.004977800010237843
8595,WMI,250,1250,750,148,1.2494194088971405e-14,2.220446049250313e-15,0.03845370002090931
8596,DI,250,1250,750,149,1.03812512242569e-14,1.887379141862766e-15,0.004880499996943399
8597,WMI,250,1250,750,149,1.2494194088971405e-14,2.220446049250313e-15,0.03830520002520643
8598,DI,250,1250,750,150,1.03812512242569e-14,1.887379141862766e-15,0.004406399995787069
8599,WMI,250,1250,750,150,1.2494194088971405e-14,2.220446049250313e-15,0.03886269999202341
8600,DI,250,1250,750,151,1.03812512242569e-14,1.887379141862766e-15,0.004315999976824969
8601,WMI,250,1250,750,151,1.2494194088971405e-14,2.220446049250313e-15,0.03832749999128282
8602,DI,250,1250,750,152,1.03812512242569e-14,1.887379141862766e-15,0.005091299972264096
8603,WMI,250,1250,750,152,1.2494194088971405e-14,2.220446049250313e-15,0.04014090000418946
8604,DI,250,1250,750,153,1.03812512242569e-14,1.887379141862766e-15,0.004940200014971197
8605,WMI,250,1250,750,153,1.2494194088971405e-14,2.220446049250313e-15,0.04175039997790009
8606,DI,250,1250,750,154,1.03812512242569e-14,1.887379141862766e-15,0.00513369997497648
8607,WMI,250,1250,750,154,1.2494194088971405e-14,2.220446049250313e-15,0.0403836999903433
8608,DI,250,1250,750,155,1.03812512242569e-14,1.887379141862766e-15,0.0046888999931979924
8609,WMI,250,1250,750,155,1.2494194088971405e-14,2.220446049250313e-15,0.04263799998443574
8610,DI,250,1250,750,156,1.03812512242569e-14,1.887379141862766e-15,0.005335800000466406
8611,WMI,250,1250,750,156,1.2494194088971405e-14,2.220446049250313e-15,0.040045600006124005
8612,DI,250,1250,750,157,1.03812512242569e-14,1.887379141862766e-15,0.004780999996000901
8613,WMI,250,1250,750,157,1.2494194088971405e-14,2.220446049250313e-15,0.04043599998112768
8614,DI,250,1250,750,158,1.03812512242569e-14,1.887379141862766e-15,0.004327399976318702
8615,WMI,250,1250,750,158,1.2494194088971405e-14,2.220446049250313e-15,0.03751319998991676
8616,DI,250,1250,750,159,1.03812512242569e-14,1.887379141862766e-15,0.004515700013143942
8617,WMI,250,1250,750,159,1.2494194088971405e-14,2.220446049250313e-15,0.03837779999594204
8618,DI,250,1250,750,160,1.03812512242569e-14,1.887379141862766e-15,0.004810899990843609
8619,WMI,250,1250,750,160,1.2494194088971405e-14,2.220446049250313e-15,0.03889090000302531
8620,DI,250,1250,750,161,1.03812512242569e-14,1.887379141862766e-15,0.004573100013658404
8621,WMI,250,1250,750,161,1.2494194088971405e-14,2.220446049250313e-15,0.038751899992348626
8622,DI,250,1250,750,162,1.03812512242569e-14,1.887379141862766e-15,0.004341799998655915
8623,WMI,250,1250,750,162,1.2494194088971405e-14,2.220446049250313e-15,0.038546099996892735
8624,DI,250,1250,750,163,1.03812512242569e-14,1.887379141862766e-15,0.0044172999914735556
8625,WMI,250,1250,750,163,1.2494194088971405e-14,2.220446049250313e-15,0.038020300009520724
8626,DI,250,1250,750,164,1.03812512242569e-14,1.887379141862766e-15,0.005276999989291653
8627,WMI,250,1250,750,164,1.2494194088971405e-14,2.220446049250313e-15,0.03976060001878068
8628,DI,250,1250,750,165,1.03812512242569e-14,1.887379141862766e-15,0.004911999974865466
8629,WMI,250,1250,750,165,1.2494194088971405e-14,2.220446049250313e-15,0.03909189999103546
8630,DI,250,1250,750,166,1.03812512242569e-14,1.887379141862766e-15,0.004284999973606318
8631,WMI,250,1250,750,166,1.2494194088971405e-14,2.220446049250313e-15,0.03731159999733791
8632,DI,250,1250,750,167,1.03812512242569e-14,1.887379141862766e-15,0.004439599986653775
8633,WMI,250,1250,750,167,1.2494194088971405e-14,2.220446049250313e-15,0.040804199990816414
8634,DI,250,1250,750,168,1.03812512242569e-14,1.887379141862766e-15,0.004764099983731285
8635,WMI,250,1250,750,168,1.2494194088971405e-14,2.220446049250313e-15,0.038756499998271465
8636,DI,250,1250,750,169,1.03812512242569e-14,1.887379141862766e-15,0.004644700005883351
8637,WMI,250,1250,750,169,1.2494194088971405e-14,2.220446049250313e-15,0.03891390000353567
8638,DI,250,1250,750,170,1.03812512242569e-14,1.887379141862766e-15,0.004535999993095174
8639,WMI,250,1250,750,170,1.2494194088971405e-14,2.220446049250313e-15,0.038421500008553267
8640,DI,250,1250,750,171,1.03812512242569e-14,1.887379141862766e-15,0.004564899980323389
8641,WMI,250,1250,750,171,1.2494194088971405e-14,2.220446049250313e-15,0.037781699997140095
8642,DI,250,1250,750,172,1.03812512242569e-14,1.887379141862766e-15,0.004945400025462732
8643,WMI,250,1250,750,172,1.2494194088971405e-14,2.220446049250313e-15,0.03933369999867864
8644,DI,250,1250,750,173,1.03812512242569e-14,1.887379141862766e-15,0.004595000005792826
8645,WMI,250,1250,750,173,1.2494194088971405e-14,2.220446049250313e-15,0.03895029998966493
8646,DI,250,1250,750,174,1.03812512242569e-14,1.887379141862766e-15,0.004421400022692978
8647,WMI,250,1250,750,174,1.2494194088971405e-14,2.220446049250313e-15,0.03818800000590272
8648,DI,250,1250,750,175,1.03812512242569e-14,1.887379141862766e-15,0.0046928999945521355
8649,WMI,250,1250,750,175,1.2494194088971405e-14,2.220446049250313e-15,0.04346009998698719
8650,DI,250,1250,750,176,1.03812512242569e-14,1.887379141862766e-15,0.005898600007640198
8651,WMI,250,1250,750,176,1.2494194088971405e-14,2.220446049250313e-15,0.0459475000097882
8652,DI,250,1250,750,177,1.03812512242569e-14,1.887379141862766e-15,0.005309700005454943
8653,WMI,250,1250,750,177,1.2494194088971405e-14,2.220446049250313e-15,0.04173580001224764
8654,DI,250,1250,750,178,1.03812512242569e-14,1.887379141862766e-15,0.004535800020676106
8655,WMI,250,1250,750,178,1.2494194088971405e-14,2.220446049250313e-15,0.03928869997616857
8656,DI,250,1250,750,179,1.03812512242569e-14,1.887379141862766e-15,0.004951899987645447
8657,WMI,250,1250,750,179,1.2494194088971405e-14,2.220446049250313e-15,0.03892770002130419
8658,DI,250,1250,750,180,1.03812512242569e-14,1.887379141862766e-15,0.005072600004496053
8659,WMI,250,1250,750,180,1.2494194088971405e-14,2.220446049250313e-15,0.04166439999244176
8660,DI,250,1250,750,181,1.03812512242569e-14,1.887379141862766e-15,0.004830800025956705
8661,WMI,250,1250,750,181,1.2494194088971405e-14,2.220446049250313e-15,0.0396245000010822
8662,DI,250,1250,750,182,1.03812512242569e-14,1.887379141862766e-15,0.00434410001616925
8663,WMI,250,1250,750,182,1.2494194088971405e-14,2.220446049250313e-15,0.038156599999638274
8664,DI,250,1250,750,183,1.03812512242569e-14,1.887379141862766e-15,0.004434000002220273
8665,WMI,250,1250,750,183,1.2494194088971405e-14,2.220446049250313e-15,0.03752270000404678
8666,DI,250,1250,750,184,1.03812512242569e-14,1.887379141862766e-15,0.004745799989905208
8667,WMI,250,1250,750,184,1.2494194088971405e-14,2.220446049250313e-15,0.038528299977770075
8668,DI,250,1250,750,185,1.03812512242569e-14,1.887379141862766e-15,0.005410400015534833
8669,WMI,250,1250,750,185,1.2494194088971405e-14,2.220446049250313e-15,0.051162100018700585
8670,DI,250,1250,750,186,1.03812512242569e-14,1.887379141862766e-15,0.006361399980960414
8671,WMI,250,1250,750,186,1.2494194088971405e-14,2.220446049250313e-15,0.049416499998187646
8672,DI,250,1250,750,187,1.03812512242569e-14,1.887379141862766e-15,0.006497100024716929
8673,WMI,250,1250,750,187,1.2494194088971405e-14,2.220446049250313e-15,0.048569400009000674
8674,DI,250,1250,750,188,1.03812512242569e-14,1.887379141862766e-15,0.006524600001284853
8675,WMI,250,1250,750,188,1.2494194088971405e-14,2.220446049250313e-15,0.04739500000141561
8676,DI,250,1250,750,189,1.03812512242569e-14,1.887379141862766e-15,0.006218499998794869
8677,WMI,250,1250,750,189,1.2494194088971405e-14,2.220446049250313e-15,0.04823680000845343
8678,DI,250,1250,750,190,1.03812512242569e-14,1.887379141862766e-15,0.006332100019790232
8679,WMI,250,1250,750,190,1.2494194088971405e-14,2.220446049250313e-15,0.047063899983186275
8680,DI,250,1250,750,191,1.03812512242569e-14,1.887379141862766e-15,0.005902400007471442
8681,WMI,250,1250,750,191,1.2494194088971405e-14,2.220446049250313e-15,0.04640649998327717
8682,DI,250,1250,750,192,1.03812512242569e-14,1.887379141862766e-15,0.00612779997754842
8683,WMI,250,1250,750,192,1.2494194088971405e-14,2.220446049250313e-15,0.04494459999841638
8684,DI,250,1250,750,193,1.03812512242569e-14,1.887379141862766e-15,0.005628500017337501
8685,WMI,250,1250,750,193,1.2494194088971405e-14,2.220446049250313e-15,0.04329440000583418
8686,DI,250,1250,750,194,1.03812512242569e-14,1.887379141862766e-15,0.006035300000803545
8687,WMI,250,1250,750,194,1.2494194088971405e-14,2.220446049250313e-15,0.04690039998968132
8688,DI,250,1250,750,195,1.03812512242569e-14,1.887379141862766e-15,0.005902099976083264
8689,WMI,250,1250,750,195,1.2494194088971405e-14,2.220446049250313e-15,0.04509549998329021
8690,DI,250,1250,750,196,1.03812512242569e-14,1.887379141862766e-15,0.006009300006553531
8691,WMI,250,1250,750,196,1.2494194088971405e-14,2.220446049250313e-15,0.04371879997779615
8692,DI,250,1250,750,197,1.03812512242569e-14,1.887379141862766e-15,0.005726599978515878
8693,WMI,250,1250,750,197,1.2494194088971405e-14,2.220446049250313e-15,0.0453239000053145
8694,DI,250,1250,750,198,1.03812512242569e-14,1.887379141862766e-15,0.007278500008396804
8695,WMI,250,1250,750,198,1.2494194088971405e-14,2.220446049250313e-15,0.040024599991738796
8696,DI,250,1250,750,199,1.03812512242569e-14,1.887379141862766e-15,0.004779299983056262
8697,WMI,250,1250,750,199,1.2494194088971405e-14,2.220446049250313e-15,0.04068340000230819
8698,DI,250,1250,750,200,1.03812512242569e-14,1.887379141862766e-15,0.005124599992996082
8699,WMI,250,1250,750,200,1.2494194088971405e-14,2.220446049250313e-15,0.04001720002270304
8700,DI,250,1000,1000,1,1.068813737336224e-14,1.7763568394002505e-15,0.00564190000295639
8701,WMI,250,1000,1000,1,1.827372186344929e-14,1.9984014443252818e-15,0.07824150001397356
8702,ISM,250,1000,1000,1,27.203599761490146,1.6606717615416238,0.14172509999480098
8703,DI,250,1000,1000,2,1.068813737336224e-14,1.7763568394002505e-15,0.006756299990229309
8704,WMI,250,1000,1000,2,1.827372186344929e-14,1.9984014443252818e-15,0.0776324000034947
8705,ISM,250,1000,1000,2,27.203599761490146,1.6606717615416238,0.1454033000045456
8706,DI,250,1000,1000,3,1.068813737336224e-14,1.7763568394002505e-15,0.006986599997617304
8707,WMI,250,1000,1000,3,1.827372186344929e-14,1.9984014443252818e-15,0.07492800001637079
8708,ISM,250,1000,1000,3,27.203599761490146,1.6606717615416238,0.1453406999935396
8709,DI,250,1000,1000,4,1.068813737336224e-14,1.7763568394002505e-15,0.006883699999889359
8710,WMI,250,1000,1000,4,1.827372186344929e-14,1.9984014443252818e-15,0.07147019999683835
8711,ISM,250,1000,1000,4,27.203599761490146,1.6606717615416238,0.1829444000031799
8712,DI,250,1000,1000,5,1.068813737336224e-14,1.7763568394002505e-15,0.005721099994843826
8713,WMI,250,1000,1000,5,1.827372186344929e-14,1.9984014443252818e-15,0.06674189999466762
8714,ISM,250,1000,1000,5,27.203599761490146,1.6606717615416238,0.15289270001812838
8715,DI,250,1000,1000,6,1.068813737336224e-14,1.7763568394002505e-15,0.007130599988158792
8716,WMI,250,1000,1000,6,1.827372186344929e-14,1.9984014443252818e-15,0.073738900013268
8717,ISM,250,1000,1000,6,27.203599761490146,1.6606717615416238,0.12240779999410734
8718,DI,250,1000,1000,7,1.068813737336224e-14,1.7763568394002505e-15,0.004427800013218075
8719,WMI,250,1000,1000,7,1.827372186344929e-14,1.9984014443252818e-15,0.08035239999298938
8720,ISM,250,1000,1000,7,27.203599761490146,1.6606717615416238,0.12577650000457652
8721,DI,250,1000,1000,8,1.068813737336224e-14,1.7763568394002505e-15,0.0050811999826692045
8722,WMI,250,1000,1000,8,1.827372186344929e-14,1.9984014443252818e-15,0.06511870000394993
8723,ISM,250,1000,1000,8,27.203599761490146,1.6606717615416238,0.16369989997474477
8724,DI,250,1000,1000,9,1.068813737336224e-14,1.7763568394002505e-15,0.005939900001976639
8725,WMI,250,1000,1000,9,1.827372186344929e-14,1.9984014443252818e-15,0.06254590000025928
8726,ISM,250,1000,1000,9,27.203599761490146,1.6606717615416238,0.1174015999713447
8727,DI,250,1000,1000,10,1.068813737336224e-14,1.7763568394002505e-15,0.022514699987368658
8728,WMI,250,1000,1000,10,1.827372186344929e-14,1.9984014443252818e-15,0.065069800009951
8729,ISM,250,1000,1000,10,27.203599761490146,1.6606717615416238,0.10963779999292456
8730,DI,250,1000,1000,11,1.068813737336224e-14,1.7763568394002505e-15,0.006055200006812811
8731,WMI,250,1000,1000,11,1.827372186344929e-14,1.9984014443252818e-15,0.07464130001608282
8732,ISM,250,1000,1000,11,27.203599761490146,1.6606717615416238,0.1342440999869723
8733,DI,250,1000,1000,12,1.068813737336224e-14,1.7763568394002505e-15,0.0062849999812897295
8734,WMI,250,1000,1000,12,1.827372186344929e-14,1.9984014443252818e-15,0.0760397000121884
8735,ISM,250,1000,1000,12,27.203599761490146,1.6606717615416238,0.12881369999377057
8736,DI,250,1000,1000,13,1.068813737336224e-14,1.7763568394002505e-15,0.008432500006165355
8737,WMI,250,1000,1000,13,1.827372186344929e-14,1.9984014443252818e-15,0.07322869999916293
8738,ISM,250,1000,1000,13,27.203599761490146,1.6606717615416238,0.14620829999330454
8739,DI,250,1000,1000,14,1.068813737336224e-14,1.7763568394002505e-15,0.004531200014753267
8740,WMI,250,1000,1000,14,1.827372186344929e-14,1.9984014443252818e-15,0.05559850001009181
8741,ISM,250,1000,1000,14,27.203599761490146,1.6606717615416238,0.11950080000679009
8742,DI,250,1000,1000,15,1.068813737336224e-14,1.7763568394002505e-15,0.003750400006538257
8743,WMI,250,1000,1000,15,1.827372186344929e-14,1.9984014443252818e-15,0.06337459999485873
8744,ISM,250,1000,1000,15,27.203599761490146,1.6606717615416238,0.18185690001701005
8745,DI,250,1000,1000,16,1.068813737336224e-14,1.7763568394002505e-15,0.004514000000199303
8746,WMI,250,1000,1000,16,1.827372186344929e-14,1.9984014443252818e-15,0.062272699986351654
8747,ISM,250,1000,1000,16,27.203599761490146,1.6606717615416238,0.09479609999107197
8748,DI,250,1000,1000,17,1.068813737336224e-14,1.7763568394002505e-15,0.0057536999811418355
8749,WMI,250,1000,1000,17,1.827372186344929e-14,1.9984014443252818e-15,0.06180620001396164
8750,ISM,250,1000,1000,17,27.203599761490146,1.6606717615416238,0.21382249999442138
8751,DI,250,1000,1000,18,1.068813737336224e-14,1.7763568394002505e-15,0.010684199980460107
8752,WMI,250,1000,1000,18,1.827372186344929e-14,1.9984014443252818e-15,0.05439879998448305
8753,ISM,250,1000,1000,18,27.203599761490146,1.6606717615416238,0.11278229998424649
8754,DI,250,1000,1000,19,1.068813737336224e-14,1.7763568394002505e-15,0.006203199998708442
8755,WMI,250,1000,1000,19,1.827372186344929e-14,1.9984014443252818e-15,0.06674310000380501
8756,ISM,250,1000,1000,19,27.203599761490146,1.6606717615416238,0.11940779999713413
8757,DI,250,1000,1000,20,1.068813737336224e-14,1.7763568394002505e-15,0.004947900015395135
8758,WMI,250,1000,1000,20,1.827372186344929e-14,1.9984014443252818e-15,0.05446230000234209
8759,ISM,250,1000,1000,20,27.203599761490146,1.6606717615416238,0.1098751999961678
8760,DI,250,1000,1000,21,1.068813737336224e-14,1.7763568394002505e-15,0.005516599980182946
8761,WMI,250,1000,1000,21,1.827372186344929e-14,1.9984014443252818e-15,0.06095359998289496
8762,ISM,250,1000,1000,21,27.203599761490146,1.6606717615416238,0.10762399999657646
8763,DI,250,1000,1000,22,1.068813737336224e-14,1.7763568394002505e-15,0.005802100000437349
8764,WMI,250,1000,1000,22,1.827372186344929e-14,1.9984014443252818e-15,0.05276449999655597
8765,ISM,250,1000,1000,22,27.203599761490146,1.6606717615416238,0.09898270000121556
8766,DI,250,1000,1000,23,1.068813737336224e-14,1.7763568394002505e-15,0.005806100001791492
8767,WMI,250,1000,1000,23,1.827372186344929e-14,1.9984014443252818e-15,0.07546049999655224
8768,ISM,250,1000,1000,23,27.203599761490146,1.6606717615416238,0.12556459999177605
8769,DI,250,1000,1000,24,1.068813737336224e-14,1.7763568394002505e-15,0.006793799984734505
8770,WMI,250,1000,1000,24,1.827372186344929e-14,1.9984014443252818e-15,0.06089389999397099
8771,ISM,250,1000,1000,24,27.203599761490146,1.6606717615416238,0.1044597000000067
8772,DI,250,1000,1000,25,1.068813737336224e-14,1.7763568394002505e-15,0.007272200018633157
8773,WMI,250,1000,1000,25,1.827372186344929e-14,1.9984014443252818e-15,0.06459040002664551
8774,ISM,250,1000,1000,25,27.203599761490146,1.6606717615416238,0.12306869999156334
8775,DI,250,1000,1000,26,1.068813737336224e-14,1.7763568394002505e-15,0.007491399999707937
8776,WMI,250,1000,1000,26,1.827372186344929e-14,1.9984014443252818e-15,0.06421159999445081
8777,ISM,250,1000,1000,26,27.203599761490146,1.6606717615416238,0.0978142999811098
8778,DI,250,1000,1000,27,1.068813737336224e-14,1.7763568394002505e-15,0.0051753000007011
8779,WMI,250,1000,1000,27,1.827372186344929e-14,1.9984014443252818e-15,0.08024049998493865
8780,ISM,250,1000,1000,27,27.203599761490146,1.6606717615416238,0.14321539999218658
8781,DI,250,1000,1000,28,1.068813737336224e-14,1.7763568394002505e-15,0.005140599998412654
8782,WMI,250,1000,1000,28,1.827372186344929e-14,1.9984014443252818e-15,0.06709120000596158
8783,ISM,250,1000,1000,28,27.203599761490146,1.6606717615416238,0.13948390001314692
8784,DI,250,1000,1000,29,1.068813737336224e-14,1.7763568394002505e-15,0.007386999990558252
8785,WMI,250,1000,1000,29,1.827372186344929e-14,1.9984014443252818e-15,0.0796138999867253
8786,ISM,250,1000,1000,29,27.203599761490146,1.6606717615416238,0.12399359999108128
8787,DI,250,1000,1000,30,1.068813737336224e-14,1.7763568394002505e-15,0.007571099995402619
8788,WMI,250,1000,1000,30,1.827372186344929e-14,1.9984014443252818e-15,0.06624369998462498
8789,ISM,250,1000,1000,30,27.203599761490146,1.6606717615416238,0.11585319999721833
8790,DI,250,1000,1000,31,1.068813737336224e-14,1.7763568394002505e-15,0.006401799997547641
8791,WMI,250,1000,1000,31,1.827372186344929e-14,1.9984014443252818e-15,0.06203039997490123
8792,ISM,250,1000,1000,31,27.203599761490146,1.6606717615416238,0.1569172999879811
8793,DI,250,1000,1000,32,1.068813737336224e-14,1.7763568394002505e-15,0.005505800014361739
8794,WMI,250,1000,1000,32,1.827372186344929e-14,1.9984014443252818e-15,0.06115759999374859
8795,ISM,250,1000,1000,32,27.203599761490146,1.6606717615416238,0.10166840002057143
8796,DI,250,1000,1000,33,1.068813737336224e-14,1.7763568394002505e-15,0.005366700002923608
8797,WMI,250,1000,1000,33,1.827372186344929e-14,1.9984014443252818e-15,0.06693790000281297
8798,ISM,250,1000,1000,33,27.203599761490146,1.6606717615416238,0.10774639999726787
8799,DI,250,1000,1000,34,1.068813737336224e-14,1.7763568394002505e-15,0.004516700020758435
8800,WMI,250,1000,1000,34,1.827372186344929e-14,1.9984014443252818e-15,0.05847029999131337
8801,ISM,250,1000,1000,34,27.203599761490146,1.6606717615416238,0.19156669999938458
8802,DI,250,1000,1000,35,1.068813737336224e-14,1.7763568394002505e-15,0.00822300001163967
8803,WMI,250,1000,1000,35,1.827372186344929e-14,1.9984014443252818e-15,0.06361320000723936
8804,ISM,250,1000,1000,35,27.203599761490146,1.6606717615416238,0.12341279999236576
8805,DI,250,1000,1000,36,1.068813737336224e-14,1.7763568394002505e-15,0.00521229999139905
8806,WMI,250,1000,1000,36,1.827372186344929e-14,1.9984014443252818e-15,0.08095120001235045
8807,ISM,250,1000,1000,36,27.203599761490146,1.6606717615416238,0.21095869998680428
8808,DI,250,1000,1000,37,1.068813737336224e-14,1.7763568394002505e-15,0.006621200009249151
8809,WMI,250,1000,1000,37,1.827372186344929e-14,1.9984014443252818e-15,0.09083519998239353
8810,ISM,250,1000,1000,37,27.203599761490146,1.6606717615416238,0.1992383000033442
8811,DI,250,1000,1000,38,1.068813737336224e-14,1.7763568394002505e-15,0.009597399999620393
8812,WMI,250,1000,1000,38,1.827372186344929e-14,1.9984014443252818e-15,0.0824461999873165
8813,ISM,250,1000,1000,38,27.203599761490146,1.6606717615416238,0.20245159999467432
8814,DI,250,1000,1000,39,1.068813737336224e-14,1.7763568394002505e-15,0.010362700006226078
8815,WMI,250,1000,1000,39,1.827372186344929e-14,1.9984014443252818e-15,0.08637929998803884
8816,ISM,250,1000,1000,39,27.203599761490146,1.6606717615416238,0.24945810000644997
8817,DI,250,1000,1000,40,1.068813737336224e-14,1.7763568394002505e-15,0.007140900008380413
8818,WMI,250,1000,1000,40,1.827372186344929e-14,1.9984014443252818e-15,0.07529450001311488
8819,ISM,250,1000,1000,40,27.203599761490146,1.6606717615416238,0.1908988000068348
8820,DI,250,1000,1000,41,1.068813737336224e-14,1.7763568394002505e-15,0.008594399987487122
8821,WMI,250,1000,1000,41,1.827372186344929e-14,1.9984014443252818e-15,0.08824399998411536
8822,ISM,250,1000,1000,41,27.203599761490146,1.6606717615416238,0.17701929999748245
8823,DI,250,1000,1000,42,1.068813737336224e-14,1.7763568394002505e-15,0.007267200009664521
8824,WMI,250,1000,1000,42,1.827372186344929e-14,1.9984014443252818e-15,0.10925830001360737
8825,ISM,250,1000,1000,42,27.203599761490146,1.6606717615416238,0.16948949999641627
8826,DI,250,1000,1000,43,1.068813737336224e-14,1.7763568394002505e-15,0.006824799987953156
8827,WMI,250,1000,1000,43,1.827372186344929e-14,1.9984014443252818e-15,0.06983810002566315
8828,ISM,250,1000,1000,43,27.203599761490146,1.6606717615416238,0.21347139999852516
8829,DI,250,1000,1000,44,1.068813737336224e-14,1.7763568394002505e-15,0.007777199993142858
8830,WMI,250,1000,1000,44,1.827372186344929e-14,1.9984014443252818e-15,0.08091739998781122
8831,ISM,250,1000,1000,44,27.203599761490146,1.6606717615416238,0.1514374999969732
8832,DI,250,1000,1000,45,1.068813737336224e-14,1.7763568394002505e-15,0.00700349998078309
8833,WMI,250,1000,1000,45,1.827372186344929e-14,1.9984014443252818e-15,0.07540309999603778
8834,ISM,250,1000,1000,45,27.203599761490146,1.6606717615416238,0.13997849999577738
8835,DI,250,1000,1000,46,1.068813737336224e-14,1.7763568394002505e-15,0.009196900005917996
8836,WMI,250,1000,1000,46,1.827372186344929e-14,1.9984014443252818e-15,0.06578850001096725
8837,ISM,250,1000,1000,46,27.203599761490146,1.6606717615416238,0.14475760000641458
8838,DI,250,1000,1000,47,1.068813737336224e-14,1.7763568394002505e-15,0.00600490000215359
8839,WMI,250,1000,1000,47,1.827372186344929e-14,1.9984014443252818e-15,0.08505429999786429
8840,ISM,250,1000,1000,47,27.203599761490146,1.6606717615416238,0.16878930001985282
8841,DI,250,1000,1000,48,1.068813737336224e-14,1.7763568394002505e-15,0.006608299998333678
8842,WMI,250,1000,1000,48,1.827372186344929e-14,1.9984014443252818e-15,0.060306600003968924
8843,ISM,250,1000,1000,48,27.203599761490146,1.6606717615416238,0.1762806000187993
8844,DI,250,1000,1000,49,1.068813737336224e-14,1.7763568394002505e-15,0.006228299986105412
8845,WMI,250,1000,1000,49,1.827372186344929e-14,1.9984014443252818e-15,0.07748390000779182
8846,ISM,250,1000,1000,49,27.203599761490146,1.6606717615416238,0.16025629997602664
8847,DI,250,1000,1000,50,1.068813737336224e-14,1.7763568394002505e-15,0.0042745999817270786
8848,WMI,250,1000,1000,50,1.827372186344929e-14,1.9984014443252818e-15,0.0642933999770321
8849,ISM,250,1000,1000,50,27.203599761490146,1.6606717615416238,0.1924474000115879
8850,DI,250,1000,1000,51,1.068813737336224e-14,1.7763568394002505e-15,0.08481050000409596
8851,WMI,250,1000,1000,51,1.827372186344929e-14,1.9984014443252818e-15,0.06651609999244101
8852,DI,250,1000,1000,52,1.068813737336224e-14,1.7763568394002505e-15,0.003698499989695847
8853,WMI,250,1000,1000,52,1.827372186344929e-14,1.9984014443252818e-15,0.061980500002391636
8854,DI,250,1000,1000,53,1.068813737336224e-14,1.7763568394002505e-15,0.004008500021882355
8855,WMI,250,1000,1000,53,1.827372186344929e-14,1.9984014443252818e-15,0.047867999994196
8856,DI,250,1000,1000,54,1.068813737336224e-14,1.7763568394002505e-15,0.00410249998094514
8857,WMI,250,1000,1000,54,1.827372186344929e-14,1.9984014443252818e-15,0.047760299989022315
8858,DI,250,1000,1000,55,1.068813737336224e-14,1.7763568394002505e-15,0.004183699988061562
8859,WMI,250,1000,1000,55,1.827372186344929e-14,1.9984014443252818e-15,0.060367199999745935
8860,DI,250,1000,1000,56,1.068813737336224e-14,1.7763568394002505e-15,0.005128799995873123
8861,WMI,250,1000,1000,56,1.827372186344929e-14,1.9984014443252818e-15,0.06423209997592494
8862,DI,250,1000,1000,57,1.068813737336224e-14,1.7763568394002505e-15,0.005490299983648583
8863,WMI,250,1000,1000,57,1.827372186344929e-14,1.9984014443252818e-15,0.06457649997901171
8864,DI,250,1000,1000,58,1.068813737336224e-14,1.7763568394002505e-15,0.005617899994831532
8865,WMI,250,1000,1000,58,1.827372186344929e-14,1.9984014443252818e-15,0.059164400008739904
8866,DI,250,1000,1000,59,1.068813737336224e-14,1.7763568394002505e-15,0.004586700000800192
8867,WMI,250,1000,1000,59,1.827372186344929e-14,1.9984014443252818e-15,0.05779099999926984
8868,DI,250,1000,1000,60,1.068813737336224e-14,1.7763568394002505e-15,0.004401000012876466
8869,WMI,250,1000,1000,60,1.827372186344929e-14,1.9984014443252818e-15,0.05676279999897815
8870,DI,250,1000,1000,61,1.068813737336224e-14,1.7763568394002505e-15,0.004686800006311387
8871,WMI,250,1000,1000,61,1.827372186344929e-14,1.9984014443252818e-15,0.05625359999248758
8872,DI,250,1000,1000,62,1.068813737336224e-14,1.7763568394002505e-15,0.004263899987563491
8873,WMI,250,1000,1000,62,1.827372186344929e-14,1.9984014443252818e-15,0.06718949999776669
8874,DI,250,1000,1000,63,1.068813737336224e-14,1.7763568394002505e-15,0.005110700003569946
8875,WMI,250,1000,1000,63,1.827372186344929e-14,1.9984014443252818e-15,0.05777250000392087
8876,DI,250,1000,1000,64,1.068813737336224e-14,1.7763568394002505e-15,0.005007100000511855
8877,WMI,250,1000,1000,64,1.827372186344929e-14,1.9984014443252818e-15,0.059469300002092496
8878,DI,250,1000,1000,65,1.068813737336224e-14,1.7763568394002505e-15,0.004450099979294464
8879,WMI,250,1000,1000,65,1.827372186344929e-14,1.9984014443252818e-15,0.05851289999554865
8880,DI,250,1000,1000,66,1.068813737336224e-14,1.7763568394002505e-15,0.00527900000452064
8881,WMI,250,1000,1000,66,1.827372186344929e-14,1.9984014443252818e-15,0.05687249999027699
8882,DI,250,1000,1000,67,1.068813737336224e-14,1.7763568394002505e-15,0.004926199995679781
8883,WMI,250,1000,1000,67,1.827372186344929e-14,1.9984014443252818e-15,0.05935060000047088
8884,DI,250,1000,1000,68,1.068813737336224e-14,1.7763568394002505e-15,0.004747400002088398
8885,WMI,250,1000,1000,68,1.827372186344929e-14,1.9984014443252818e-15,0.059781799995107576
8886,DI,250,1000,1000,69,1.068813737336224e-14,1.7763568394002505e-15,0.005146499985130504
8887,WMI,250,1000,1000,69,1.827372186344929e-14,1.9984014443252818e-15,0.06172330002300441
8888,DI,250,1000,1000,70,1.068813737336224e-14,1.7763568394002505e-15,0.0064198000181932
8889,WMI,250,1000,1000,70,1.827372186344929e-14,1.9984014443252818e-15,0.06695680000120774
8890,DI,250,1000,1000,71,1.068813737336224e-14,1.7763568394002505e-15,0.005179300002055243
8891,WMI,250,1000,1000,71,1.827372186344929e-14,1.9984014443252818e-15,0.06143760000122711
8892,DI,250,1000,1000,72,1.068813737336224e-14,1.7763568394002505e-15,0.0068786999909207225
8893,WMI,250,1000,1000,72,1.827372186344929e-14,1.9984014443252818e-15,0.11884209999698214
8894,DI,250,1000,1000,73,1.068813737336224e-14,1.7763568394002505e-15,0.009363999997731298
8895,WMI,250,1000,1000,73,1.827372186344929e-14,1.9984014443252818e-15,0.12320330002694391
8896,DI,250,1000,1000,74,1.068813737336224e-14,1.7763568394002505e-15,0.008874399994965643
8897,WMI,250,1000,1000,74,1.827372186344929e-14,1.9984014443252818e-15,0.19743180001387373
8898,DI,250,1000,1000,75,1.068813737336224e-14,1.7763568394002505e-15,0.019185600016498938
8899,WMI,250,1000,1000,75,1.827372186344929e-14,1.9984014443252818e-15,0.1579362000047695
8900,DI,250,1000,1000,76,1.068813737336224e-14,1.7763568394002505e-15,0.010287099983543158
8901,WMI,250,1000,1000,76,1.827372186344929e-14,1.9984014443252818e-15,0.12545120000140741
8902,DI,250,1000,1000,77,1.068813737336224e-14,1.7763568394002505e-15,0.01058900001225993
8903,WMI,250,1000,1000,77,1.827372186344929e-14,1.9984014443252818e-15,0.12396550000994466
8904,DI,250,1000,1000,78,1.068813737336224e-14,1.7763568394002505e-15,0.010213800007477403
8905,WMI,250,1000,1000,78,1.827372186344929e-14,1.9984014443252818e-15,0.10896569999749772
8906,DI,250,1000,1000,79,1.068813737336224e-14,1.7763568394002505e-15,0.008608600008301437
8907,WMI,250,1000,1000,79,1.827372186344929e-14,1.9984014443252818e-15,0.10990840001613833
8908,DI,250,1000,1000,80,1.068813737336224e-14,1.7763568394002505e-15,0.008266199991339818
8909,WMI,250,1000,1000,80,1.827372186344929e-14,1.9984014443252818e-15,0.12375910000992008
8910,DI,250,1000,1000,81,1.068813737336224e-14,1.7763568394002505e-15,0.009338100004242733
8911,WMI,250,1000,1000,81,1.827372186344929e-14,1.9984014443252818e-15,0.10699629998998716
8912,DI,250,1000,1000,82,1.068813737336224e-14,1.7763568394002505e-15,0.008654500008560717
8913,WMI,250,1000,1000,82,1.827372186344929e-14,1.9984014443252818e-15,0.11268829999607988
8914,DI,250,1000,1000,83,1.068813737336224e-14,1.7763568394002505e-15,0.008200200012652203
8915,WMI,250,1000,1000,83,1.827372186344929e-14,1.9984014443252818e-15,0.10489360001520254
8916,DI,250,1000,1000,84,1.068813737336224e-14,1.7763568394002505e-15,0.008456000010482967
8917,WMI,250,1000,1000,84,1.827372186344929e-14,1.9984014443252818e-15,0.10306190000846982
8918,DI,250,1000,1000,85,1.068813737336224e-14,1.7763568394002505e-15,0.008095199998933822
8919,WMI,250,1000,1000,85,1.827372186344929e-14,1.9984014443252818e-15,0.10273360001156107
8920,DI,250,1000,1000,86,1.068813737336224e-14,1.7763568394002505e-15,0.008250199985923246
8921,WMI,250,1000,1000,86,1.827372186344929e-14,1.9984014443252818e-15,0.10492559999693185
8922,DI,250,1000,1000,87,1.068813737336224e-14,1.7763568394002505e-15,0.009412199986400083
8923,WMI,250,1000,1000,87,1.827372186344929e-14,1.9984014443252818e-15,0.10575670000980608
8924,DI,250,1000,1000,88,1.068813737336224e-14,1.7763568394002505e-15,0.008527599973604083
8925,WMI,250,1000,1000,88,1.827372186344929e-14,1.9984014443252818e-15,0.1055155000067316
8926,DI,250,1000,1000,89,1.068813737336224e-14,1.7763568394002505e-15,0.008140999998431653
8927,WMI,250,1000,1000,89,1.827372186344929e-14,1.9984014443252818e-15,0.10333250000257976
8928,DI,250,1000,1000,90,1.068813737336224e-14,1.7763568394002505e-15,0.008598299988079816
8929,WMI,250,1000,1000,90,1.827372186344929e-14,1.9984014443252818e-15,0.10263019998092204
8930,DI,250,1000,1000,91,1.068813737336224e-14,1.7763568394002505e-15,0.008604900009231642
8931,WMI,250,1000,1000,91,1.827372186344929e-14,1.9984014443252818e-15,0.09989429998677224
8932,DI,250,1000,1000,92,1.068813737336224e-14,1.7763568394002505e-15,0.008248600002843887
8933,WMI,250,1000,1000,92,1.827372186344929e-14,1.9984014443252818e-15,0.10207379999337718
8934,DI,250,1000,1000,93,1.068813737336224e-14,1.7763568394002505e-15,0.008898700005374849
8935,WMI,250,1000,1000,93,1.827372186344929e-14,1.9984014443252818e-15,0.09879580000415444
8936,DI,250,1000,1000,94,1.068813737336224e-14,1.7763568394002505e-15,0.008287500008009374
8937,WMI,250,1000,1000,94,1.827372186344929e-14,1.9984014443252818e-15,0.09761680001975037
8938,DI,250,1000,1000,95,1.068813737336224e-14,1.7763568394002505e-15,0.007934900000691414
8939,WMI,250,1000,1000,95,1.827372186344929e-14,1.9984014443252818e-15,0.09159329999238253
8940,DI,250,1000,1000,96,1.068813737336224e-14,1.7763568394002505e-15,0.00838600000133738
8941,WMI,250,1000,1000,96,1.827372186344929e-14,1.9984014443252818e-15,0.0958597999997437
8942,DI,250,1000,1000,97,1.068813737336224e-14,1.7763568394002505e-15,0.008237000001827255
8943,WMI,250,1000,1000,97,1.827372186344929e-14,1.9984014443252818e-15,0.0972219999821391
8944,DI,250,1000,1000,98,1.068813737336224e-14,1.7763568394002505e-15,0.005914000008488074
8945,WMI,250,1000,1000,98,1.827372186344929e-14,1.9984014443252818e-15,0.07787649999954738
8946,DI,250,1000,1000,99,1.068813737336224e-14,1.7763568394002505e-15,0.006293099984759465
8947,WMI,250,1000,1000,99,1.827372186344929e-14,1.9984014443252818e-15,0.07644880001316778
8948,DI,250,1000,1000,100,1.068813737336224e-14,1.7763568394002505e-15,0.005644099990604445
8949,WMI,250,1000,1000,100,1.827372186344929e-14,1.9984014443252818e-15,0.07824350000009872
8950,DI,250,1000,1000,101,1.068813737336224e-14,1.7763568394002505e-15,0.0059871999837923795
8951,WMI,250,1000,1000,101,1.827372186344929e-14,1.9984014443252818e-15,0.07580679998500273
8952,DI,250,1000,1000,102,1.068813737336224e-14,1.7763568394002505e-15,0.006076699995901436
8953,WMI,250,1000,1000,102,1.827372186344929e-14,1.9984014443252818e-15,0.07266540001728572
8954,DI,250,1000,1000,103,1.068813737336224e-14,1.7763568394002505e-15,0.007222299987915903
8955,WMI,250,1000,1000,103,1.827372186344929e-14,1.9984014443252818e-15,0.0742988999991212
8956,DI,250,1000,1000,104,1.068813737336224e-14,1.7763568394002505e-15,0.007496399979572743
8957,WMI,250,1000,1000,104,1.827372186344929e-14,1.9984014443252818e-15,0.08199169998988509
8958,DI,250,1000,1000,105,1.068813737336224e-14,1.7763568394002505e-15,0.006382899999152869
8959,WMI,250,1000,1000,105,1.827372186344929e-14,1.9984014443252818e-15,0.07542839998495765
8960,DI,250,1000,1000,106,1.068813737336224e-14,1.7763568394002505e-15,0.006536200002301484
8961,WMI,250,1000,1000,106,1.827372186344929e-14,1.9984014443252818e-15,0.07200240000383928
8962,DI,250,1000,1000,107,1.068813737336224e-14,1.7763568394002505e-15,0.005674500018358231
8963,WMI,250,1000,1000,107,1.827372186344929e-14,1.9984014443252818e-15,0.07061500000418164
8964,DI,250,1000,1000,108,1.068813737336224e-14,1.7763568394002505e-15,0.005924099998082966
8965,WMI,250,1000,1000,108,1.827372186344929e-14,1.9984014443252818e-15,0.07166059999144636
8966,DI,250,1000,1000,109,1.068813737336224e-14,1.7763568394002505e-15,0.008941300009610131
8967,WMI,250,1000,1000,109,1.827372186344929e-14,1.9984014443252818e-15,0.08071670000208542
8968,DI,250,1000,1000,110,1.068813737336224e-14,1.7763568394002505e-15,0.005450099997688085
8969,WMI,250,1000,1000,110,1.827372186344929e-14,1.9984014443252818e-15,0.07840349999605678
8970,DI,250,1000,1000,111,1.068813737336224e-14,1.7763568394002505e-15,0.00782719999551773
8971,WMI,250,1000,1000,111,1.827372186344929e-14,1.9984014443252818e-15,0.082272900006501
8972,DI,250,1000,1000,112,1.068813737336224e-14,1.7763568394002505e-15,0.007058800023514777
8973,WMI,250,1000,1000,112,1.827372186344929e-14,1.9984014443252818e-15,0.08161739999195561
8974,DI,250,1000,1000,113,1.068813737336224e-14,1.7763568394002505e-15,0.006764799996744841
8975,WMI,250,1000,1000,113,1.827372186344929e-14,1.9984014443252818e-15,0.08185190000222065
8976,DI,250,1000,1000,114,1.068813737336224e-14,1.7763568394002505e-15,0.006849700002931058
8977,WMI,250,1000,1000,114,1.827372186344929e-14,1.9984014443252818e-15,0.08235270000295714
8978,DI,250,1000,1000,115,1.068813737336224e-14,1.7763568394002505e-15,0.006898599996929988
8979,WMI,250,1000,1000,115,1.827372186344929e-14,1.9984014443252818e-15,0.08081929999752901
8980,DI,250,1000,1000,116,1.068813737336224e-14,1.7763568394002505e-15,0.006237699999473989
8981,WMI,250,1000,1000,116,1.827372186344929e-14,1.9984014443252818e-15,0.0736499999766238
8982,DI,250,1000,1000,117,1.068813737336224e-14,1.7763568394002505e-15,0.006067100010113791
8983,WMI,250,1000,1000,117,1.827372186344929e-14,1.9984014443252818e-15,0.07318110001506284
8984,DI,250,1000,1000,118,1.068813737336224e-14,1.7763568394002505e-15,0.007224899978609756
8985,WMI,250,1000,1000,118,1.827372186344929e-14,1.9984014443252818e-15,0.08344650000799447
8986,DI,250,1000,1000,119,1.068813737336224e-14,1.7763568394002505e-15,0.006774799985578284
8987,WMI,250,1000,1000,119,1.827372186344929e-14,1.9984014443252818e-15,0.08411560000968166
8988,DI,250,1000,1000,120,1.068813737336224e-14,1.7763568394002505e-15,0.007304800004931167
8989,WMI,250,1000,1000,120,1.827372186344929e-14,1.9984014443252818e-15,0.07303060000413097
8990,DI,250,1000,1000,121,1.068813737336224e-14,1.7763568394002505e-15,0.005738899984862655
8991,WMI,250,1000,1000,121,1.827372186344929e-14,1.9984014443252818e-15,0.06937919999472797
8992,DI,250,1000,1000,122,1.068813737336224e-14,1.7763568394002505e-15,0.005115700012538582
8993,WMI,250,1000,1000,122,1.827372186344929e-14,1.9984014443252818e-15,0.07228029999532737
8994,DI,250,1000,1000,123,1.068813737336224e-14,1.7763568394002505e-15,0.005801699997391552
8995,WMI,250,1000,1000,123,1.827372186344929e-14,1.9984014443252818e-15,0.07082429999718443
8996,DI,250,1000,1000,124,1.068813737336224e-14,1.7763568394002505e-15,0.005661500006681308
8997,WMI,250,1000,1000,124,1.827372186344929e-14,1.9984014443252818e-15,0.07337929998175241
8998,DI,250,1000,1000,125,1.068813737336224e-14,1.7763568394002505e-15,0.005611200002022088
8999,WMI,250,1000,1000,125,1.827372186344929e-14,1.9984014443252818e-15,0.07037859997944906
9000,DI,250,1000,1000,126,1.068813737336224e-14,1.7763568394002505e-15,0.005611700005829334
9001,WMI,250,1000,1000,126,1.827372186344929e-14,1.9984014443252818e-15,0.07137180000427179
9002,DI,250,1000,1000,127,1.068813737336224e-14,1.7763568394002505e-15,0.005449899996165186
9003,WMI,250,1000,1000,127,1.827372186344929e-14,1.9984014443252818e-15,0.0727535999903921
9004,DI,250,1000,1000,128,1.068813737336224e-14,1.7763568394002505e-15,0.005555199983064085
9005,WMI,250,1000,1000,128,1.827372186344929e-14,1.9984014443252818e-15,0.07271219999529421
9006,DI,250,1000,1000,129,1.068813737336224e-14,1.7763568394002505e-15,0.005698499997379258
9007,WMI,250,1000,1000,129,1.827372186344929e-14,1.9984014443252818e-15,0.06957220000913367
9008,DI,250,1000,1000,130,1.068813737336224e-14,1.7763568394002505e-15,0.005747899995185435
9009,WMI,250,1000,1000,130,1.827372186344929e-14,1.9984014443252818e-15,0.07107149998773821
9010,DI,250,1000,1000,131,1.068813737336224e-14,1.7763568394002505e-15,0.0055788000172469765
9011,WMI,250,1000,1000,131,1.827372186344929e-14,1.9984014443252818e-15,0.07392059999983758
9012,DI,250,1000,1000,132,1.068813737336224e-14,1.7763568394002505e-15,0.005678800021996722
9013,WMI,250,1000,1000,132,1.827372186344929e-14,1.9984014443252818e-15,0.08242590000736527
9014,DI,250,1000,1000,133,1.068813737336224e-14,1.7763568394002505e-15,0.007225200009997934
9015,WMI,250,1000,1000,133,1.827372186344929e-14,1.9984014443252818e-15,0.07790030000614934
9016,DI,250,1000,1000,134,1.068813737336224e-14,1.7763568394002505e-15,0.006498200003989041
9017,WMI,250,1000,1000,134,1.827372186344929e-14,1.9984014443252818e-15,0.07047289999900386
9018,DI,250,1000,1000,135,1.068813737336224e-14,1.7763568394002505e-15,0.006156500021461397
9019,WMI,250,1000,1000,135,1.827372186344929e-14,1.9984014443252818e-15,0.07302760001039132
9020,DI,250,1000,1000,136,1.068813737336224e-14,1.7763568394002505e-15,0.005323000019416213
9021,WMI,250,1000,1000,136,1.827372186344929e-14,1.9984014443252818e-15,0.06884449999779463
9022,DI,250,1000,1000,137,1.068813737336224e-14,1.7763568394002505e-15,0.005266299995128065
9023,WMI,250,1000,1000,137,1.827372186344929e-14,1.9984014443252818e-15,0.07015990000218153
9024,DI,250,1000,1000,138,1.068813737336224e-14,1.7763568394002505e-15,0.00594120001187548
9025,WMI,250,1000,1000,138,1.827372186344929e-14,1.9984014443252818e-15,0.07046360001550056
9026,DI,250,1000,1000,139,1.068813737336224e-14,1.7763568394002505e-15,0.005456899991258979
9027,WMI,250,1000,1000,139,1.827372186344929e-14,1.9984014443252818e-15,0.06805530001292937
9028,DI,250,1000,1000,140,1.068813737336224e-14,1.7763568394002505e-15,0.0050029999983962625
9029,WMI,250,1000,1000,140,1.827372186344929e-14,1.9984014443252818e-15,0.07063079997897148
9030,DI,250,1000,1000,141,1.068813737336224e-14,1.7763568394002505e-15,0.00624349998543039
9031,WMI,250,1000,1000,141,1.827372186344929e-14,1.9984014443252818e-15,0.07193740000366233
9032,DI,250,1000,1000,142,1.068813737336224e-14,1.7763568394002505e-15,0.005310700013069436
9033,WMI,250,1000,1000,142,1.827372186344929e-14,1.9984014443252818e-15,0.06968079999205656
9034,DI,250,1000,1000,143,1.068813737336224e-14,1.7763568394002505e-15,0.0053752000094391406
9035,WMI,250,1000,1000,143,1.827372186344929e-14,1.9984014443252818e-15,0.07223530000192113
9036,DI,250,1000,1000,144,1.068813737336224e-14,1.7763568394002505e-15,0.005600999982561916
9037,WMI,250,1000,1000,144,1.827372186344929e-14,1.9984014443252818e-15,0.06618569997954182
9038,DI,250,1000,1000,145,1.068813737336224e-14,1.7763568394002505e-15,0.005550900008529425
9039,WMI,250,1000,1000,145,1.827372186344929e-14,1.9984014443252818e-15,0.06694749998860061
9040,DI,250,1000,1000,146,1.068813737336224e-14,1.7763568394002505e-15,0.00510849998681806
9041,WMI,250,1000,1000,146,1.827372186344929e-14,1.9984014443252818e-15,0.07050989998970181
9042,DI,250,1000,1000,147,1.068813737336224e-14,1.7763568394002505e-15,0.005479299987200648
9043,WMI,250,1000,1000,147,1.827372186344929e-14,1.9984014443252818e-15,0.06743729999288917
9044,DI,250,1000,1000,148,1.068813737336224e-14,1.7763568394002505e-15,0.005156800005352125
9045,WMI,250,1000,1000,148,1.827372186344929e-14,1.9984014443252818e-15,0.06756890000542626
9046,DI,250,1000,1000,149,1.068813737336224e-14,1.7763568394002505e-15,0.004945399996358901
9047,WMI,250,1000,1000,149,1.827372186344929e-14,1.9984014443252818e-15,0.0729715000197757
9048,DI,250,1000,1000,150,1.068813737336224e-14,1.7763568394002505e-15,0.00691460000234656
9049,WMI,250,1000,1000,150,1.827372186344929e-14,1.9984014443252818e-15,0.07339770000544377
9050,DI,250,1000,1000,151,1.068813737336224e-14,1.7763568394002505e-15,0.006073500000638887
9051,WMI,250,1000,1000,151,1.827372186344929e-14,1.9984014443252818e-15,0.07161210000049323
9052,DI,250,1000,1000,152,1.068813737336224e-14,1.7763568394002505e-15,0.00535010002204217
9053,WMI,250,1000,1000,152,1.827372186344929e-14,1.9984014443252818e-15,0.07200330001069233
9054,DI,250,1000,1000,153,1.068813737336224e-14,1.7763568394002505e-15,0.0063402999949175864
9055,WMI,250,1000,1000,153,1.827372186344929e-14,1.9984014443252818e-15,0.08101470000110567
9056,DI,250,1000,1000,154,1.068813737336224e-14,1.7763568394002505e-15,0.006947000016225502
9057,WMI,250,1000,1000,154,1.827372186344929e-14,1.9984014443252818e-15,0.08446069998899475
9058,DI,250,1000,1000,155,1.068813737336224e-14,1.7763568394002505e-15,0.00672939998912625
9059,WMI,250,1000,1000,155,1.827372186344929e-14,1.9984014443252818e-15,0.09412710001925007
9060,DI,250,1000,1000,156,1.068813737336224e-14,1.7763568394002505e-15,0.008348300005309284
9061,WMI,250,1000,1000,156,1.827372186344929e-14,1.9984014443252818e-15,0.09118560000206344
9062,DI,250,1000,1000,157,1.068813737336224e-14,1.7763568394002505e-15,0.007514900004025549
9063,WMI,250,1000,1000,157,1.827372186344929e-14,1.9984014443252818e-15,0.0836954000114929
9064,DI,250,1000,1000,158,1.068813737336224e-14,1.7763568394002505e-15,0.006471500004408881
9065,WMI,250,1000,1000,158,1.827372186344929e-14,1.9984014443252818e-15,0.08162000001175329
9066,DI,250,1000,1000,159,1.068813737336224e-14,1.7763568394002505e-15,0.007467399991583079
9067,WMI,250,1000,1000,159,1.827372186344929e-14,1.9984014443252818e-15,0.08075140000437386
9068,DI,250,1000,1000,160,1.068813737336224e-14,1.7763568394002505e-15,0.007216700003482401
9069,WMI,250,1000,1000,160,1.827372186344929e-14,1.9984014443252818e-15,0.08141469999100082
9070,DI,250,1000,1000,161,1.068813737336224e-14,1.7763568394002505e-15,0.00628500001039356
9071,WMI,250,1000,1000,161,1.827372186344929e-14,1.9984014443252818e-15,0.08203530000173487
9072,DI,250,1000,1000,162,1.068813737336224e-14,1.7763568394002505e-15,0.00744360001408495
9073,WMI,250,1000,1000,162,1.827372186344929e-14,1.9984014443252818e-15,0.07257679998292588
9074,DI,250,1000,1000,163,1.068813737336224e-14,1.7763568394002505e-15,0.0067681000218726695
9075,WMI,250,1000,1000,163,1.827372186344929e-14,1.9984014443252818e-15,0.07814979998511262
9076,DI,250,1000,1000,164,1.068813737336224e-14,1.7763568394002505e-15,0.005551999987801537
9077,WMI,250,1000,1000,164,1.827372186344929e-14,1.9984014443252818e-15,0.09040630000527017
9078,DI,250,1000,1000,165,1.068813737336224e-14,1.7763568394002505e-15,0.008286099997349083
9079,WMI,250,1000,1000,165,1.827372186344929e-14,1.9984014443252818e-15,0.09521850000601262
9080,DI,250,1000,1000,166,1.068813737336224e-14,1.7763568394002505e-15,0.0073182999913115054
9081,WMI,250,1000,1000,166,1.827372186344929e-14,1.9984014443252818e-15,0.09126240000477992
9082,DI,250,1000,1000,167,1.068813737336224e-14,1.7763568394002505e-15,0.0074806000047829
9083,WMI,250,1000,1000,167,1.827372186344929e-14,1.9984014443252818e-15,0.09560679999412969
9084,DI,250,1000,1000,168,1.068813737336224e-14,1.7763568394002505e-15,0.008190599997760728
9085,WMI,250,1000,1000,168,1.827372186344929e-14,1.9984014443252818e-15,0.08592090001911856
9086,DI,250,1000,1000,169,1.068813737336224e-14,1.7763568394002505e-15,0.005833300005178899
9087,WMI,250,1000,1000,169,1.827372186344929e-14,1.9984014443252818e-15,0.08763480000197887
9088,DI,250,1000,1000,170,1.068813737336224e-14,1.7763568394002505e-15,0.007175700011430308
9089,WMI,250,1000,1000,170,1.827372186344929e-14,1.9984014443252818e-15,0.09033230002387427
9090,DI,250,1000,1000,171,1.068813737336224e-14,1.7763568394002505e-15,0.006633299984969199
9091,WMI,250,1000,1000,171,1.827372186344929e-14,1.9984014443252818e-15,0.08023029999458231
9092,DI,250,1000,1000,172,1.068813737336224e-14,1.7763568394002505e-15,0.006468299980042502
9093,WMI,250,1000,1000,172,1.827372186344929e-14,1.9984014443252818e-15,0.08140799999819137
9094,DI,250,1000,1000,173,1.068813737336224e-14,1.7763568394002505e-15,0.005704499984858558
9095,WMI,250,1000,1000,173,1.827372186344929e-14,1.9984014443252818e-15,0.08067060000030324
9096,DI,250,1000,1000,174,1.068813737336224e-14,1.7763568394002505e-15,0.0061160000041127205
9097,WMI,250,1000,1000,174,1.827372186344929e-14,1.9984014443252818e-15,0.08185279997996986
9098,DI,250,1000,1000,175,1.068813737336224e-14,1.7763568394002505e-15,0.006249500002013519
9099,WMI,250,1000,1000,175,1.827372186344929e-14,1.9984014443252818e-15,0.08237829999416135
9100,DI,250,1000,1000,176,1.068813737336224e-14,1.7763568394002505e-15,0.006545200012624264
9101,WMI,250,1000,1000,176,1.827372186344929e-14,1.9984014443252818e-15,0.0817766000109259
9102,DI,250,1000,1000,177,1.068813737336224e-14,1.7763568394002505e-15,0.006546699994942173
9103,WMI,250,1000,1000,177,1.827372186344929e-14,1.9984014443252818e-15,0.0876482000167016
9104,DI,250,1000,1000,178,1.068813737336224e-14,1.7763568394002505e-15,0.007537999976193532
9105,WMI,250,1000,1000,178,1.827372186344929e-14,1.9984014443252818e-15,0.09222449999651872
9106,DI,250,1000,1000,179,1.068813737336224e-14,1.7763568394002505e-15,0.007631599990418181
9107,WMI,250,1000,1000,179,1.827372186344929e-14,1.9984014443252818e-15,0.0922024000028614
9108,DI,250,1000,1000,180,1.068813737336224e-14,1.7763568394002505e-15,0.007968499994603917
9109,WMI,250,1000,1000,180,1.827372186344929e-14,1.9984014443252818e-15,0.08934159998898394
9110,DI,250,1000,1000,181,1.068813737336224e-14,1.7763568394002505e-15,0.00808349999715574
9111,WMI,250,1000,1000,181,1.827372186344929e-14,1.9984014443252818e-15,0.07897280002362095
9112,DI,250,1000,1000,182,1.068813737336224e-14,1.7763568394002505e-15,0.0067374999925959855
9113,WMI,250,1000,1000,182,1.827372186344929e-14,1.9984014443252818e-15,0.08368640000117011
9114,DI,250,1000,1000,183,1.068813737336224e-14,1.7763568394002505e-15,0.007414499996230006
9115,WMI,250,1000,1000,183,1.827372186344929e-14,1.9984014443252818e-15,0.0833662000077311
9116,DI,250,1000,1000,184,1.068813737336224e-14,1.7763568394002505e-15,0.008140199992340058
9117,WMI,250,1000,1000,184,1.827372186344929e-14,1.9984014443252818e-15,0.09234609999111854
9118,DI,250,1000,1000,185,1.068813737336224e-14,1.7763568394002505e-15,0.008605799986980855
9119,WMI,250,1000,1000,185,1.827372186344929e-14,1.9984014443252818e-15,0.09779490000801161
9120,DI,250,1000,1000,186,1.068813737336224e-14,1.7763568394002505e-15,0.00877559999935329
9121,WMI,250,1000,1000,186,1.827372186344929e-14,1.9984014443252818e-15,0.09010249999118969
9122,DI,250,1000,1000,187,1.068813737336224e-14,1.7763568394002505e-15,0.007412800012389198
9123,WMI,250,1000,1000,187,1.827372186344929e-14,1.9984014443252818e-15,0.07876609999220818
9124,DI,250,1000,1000,188,1.068813737336224e-14,1.7763568394002505e-15,0.006139900011476129
9125,WMI,250,1000,1000,188,1.827372186344929e-14,1.9984014443252818e-15,0.078915699996287
9126,DI,250,1000,1000,189,1.068813737336224e-14,1.7763568394002505e-15,0.006329499999992549
9127,WMI,250,1000,1000,189,1.827372186344929e-14,1.9984014443252818e-15,0.07881360000465065
9128,DI,250,1000,1000,190,1.068813737336224e-14,1.7763568394002505e-15,0.006129100016551092
9129,WMI,250,1000,1000,190,1.827372186344929e-14,1.9984014443252818e-15,0.07320519999484532
9130,DI,250,1000,1000,191,1.068813737336224e-14,1.7763568394002505e-15,0.005833400005940348
9131,WMI,250,1000,1000,191,1.827372186344929e-14,1.9984014443252818e-15,0.07215029999497347
9132,DI,250,1000,1000,192,1.068813737336224e-14,1.7763568394002505e-15,0.006501399999251589
9133,WMI,250,1000,1000,192,1.827372186344929e-14,1.9984014443252818e-15,0.07597659999737516
9134,DI,250,1000,1000,193,1.068813737336224e-14,1.7763568394002505e-15,0.005951500002993271
9135,WMI,250,1000,1000,193,1.827372186344929e-14,1.9984014443252818e-15,0.07458690000930801
9136,DI,250,1000,1000,194,1.068813737336224e-14,1.7763568394002505e-15,0.0053091999725438654
9137,WMI,250,1000,1000,194,1.827372186344929e-14,1.9984014443252818e-15,0.07405039999866858
9138,DI,250,1000,1000,195,1.068813737336224e-14,1.7763568394002505e-15,0.006809100013924763
9139,WMI,250,1000,1000,195,1.827372186344929e-14,1.9984014443252818e-15,0.07636310000088997
9140,DI,250,1000,1000,196,1.068813737336224e-14,1.7763568394002505e-15,0.007067500002449378
9141,WMI,250,1000,1000,196,1.827372186344929e-14,1.9984014443252818e-15,0.07518980000168085
9142,DI,250,1000,1000,197,1.068813737336224e-14,1.7763568394002505e-15,0.005437999992864206
9143,WMI,250,1000,1000,197,1.827372186344929e-14,1.9984014443252818e-15,0.0747994999983348
9144,DI,250,1000,1000,198,1.068813737336224e-14,1.7763568394002505e-15,0.006649900024058297
9145,WMI,250,1000,1000,198,1.827372186344929e-14,1.9984014443252818e-15,0.07282949998625554
9146,DI,250,1000,1000,199,1.068813737336224e-14,1.7763568394002505e-15,0.006057199992937967
9147,WMI,250,1000,1000,199,1.827372186344929e-14,1.9984014443252818e-15,0.08163200001581572
9148,DI,250,1000,1000,200,1.068813737336224e-14,1.7763568394002505e-15,0.006863299990072846
9149,WMI,250,1000,1000,200,1.827372186344929e-14,1.9984014443252818e-15,0.08315890000085346
