,method,s,N,k,iter,error,diff_max,time
0,DI,1287,1999,1,1,1.5801822001818968e-13,5.773159728050814e-15,0.08704542089253664
1,WMI,1287,1999,1,1,1.583326733961206e-13,6.661338147750939e-15,0.011337263975292444
2,ISM,1287,1999,1,1,1.5829987282700226e-13,6.661338147750939e-15,0.011218375992029905
3,DI,1287,1999,1,2,1.5801822001818968e-13,5.773159728050814e-15,0.0854033560026437
4,WMI,1287,1999,1,2,1.583326733961206e-13,6.661338147750939e-15,0.011234845966100693
5,ISM,1287,1999,1,2,1.5829987282700226e-13,6.661338147750939e-15,0.004139365861192346
6,DI,1287,1999,1,3,1.5801822001818968e-13,5.773159728050814e-15,0.07637640601024032
7,WMI,1287,1999,1,3,1.583326733961206e-13,6.661338147750939e-15,0.003931798972189426
8,ISM,1287,1999,1,3,1.5829987282700226e-13,6.661338147750939e-15,0.011234815930947661
9,DI,1287,1999,1,4,1.5801822001818968e-13,5.773159728050814e-15,0.07737734098918736
10,WMI,1287,1999,1,4,1.583326733961206e-13,6.661338147750939e-15,0.004152276087552309
11,ISM,1287,1999,1,4,1.5829987282700226e-13,6.661338147750939e-15,0.004003367852419615
12,DI,1287,1999,1,5,1.5801822001818968e-13,5.773159728050814e-15,0.08868926600553095
13,WMI,1287,1999,1,5,1.583326733961206e-13,6.661338147750939e-15,0.011764697963371873
14,ISM,1287,1999,1,5,1.5829987282700226e-13,6.661338147750939e-15,0.004107247106730938
15,DI,1287,1999,1,6,1.5801822001818968e-13,5.773159728050814e-15,0.07851885305717587
16,WMI,1287,1999,1,6,1.583326733961206e-13,6.661338147750939e-15,0.004133996088057756
17,ISM,1287,1999,1,6,1.5829987282700226e-13,6.661338147750939e-15,0.011521181091666222
18,DI,1287,1999,1,7,1.5801822001818968e-13,5.773159728050814e-15,0.0780931799672544
19,WMI,1287,1999,1,7,1.583326733961206e-13,6.661338147750939e-15,0.004093346884474158
20,ISM,1287,1999,1,7,1.5829987282700226e-13,6.661338147750939e-15,0.004081017104908824
21,DI,1287,1999,1,8,1.5801822001818968e-13,5.773159728050814e-15,0.09207743313163519
22,WMI,1287,1999,1,8,1.583326733961206e-13,6.661338147750939e-15,0.011969444109126925
23,ISM,1287,1999,1,8,1.5829987282700226e-13,6.661338147750939e-15,0.004113456001505256
24,DI,1287,1999,1,9,1.5801822001818968e-13,5.773159728050814e-15,0.07850520289503038
25,WMI,1287,1999,1,9,1.583326733961206e-13,6.661338147750939e-15,0.004220865201205015
26,ISM,1287,1999,1,9,1.5829987282700226e-13,6.661338147750939e-15,0.01147967204451561
27,DI,1287,1999,1,10,1.5801822001818968e-13,5.773159728050814e-15,0.08123033097945154
28,WMI,1287,1999,1,10,1.583326733961206e-13,6.661338147750939e-15,0.004024768015369773
29,ISM,1287,1999,1,10,1.5829987282700226e-13,6.661338147750939e-15,0.003818349912762642
30,DI,1287,1999,1,11,1.5801822001818968e-13,5.773159728050814e-15,0.08595464797690511
31,WMI,1287,1999,1,11,1.583326733961206e-13,6.661338147750939e-15,0.012028212891891599
32,ISM,1287,1999,1,11,1.5829987282700226e-13,6.661338147750939e-15,0.003951109014451504
33,DI,1287,1999,1,12,1.5801822001818968e-13,5.773159728050814e-15,0.07759743696078658
34,WMI,1287,1999,1,12,1.583326733961206e-13,6.661338147750939e-15,0.003970677964389324
35,ISM,1287,1999,1,12,1.5829987282700226e-13,6.661338147750939e-15,0.011206635972484946
36,DI,1287,1999,1,13,1.5801822001818968e-13,5.773159728050814e-15,0.07661296310834587
37,WMI,1287,1999,1,13,1.583326733961206e-13,6.661338147750939e-15,0.004212084924802184
38,ISM,1287,1999,1,13,1.5829987282700226e-13,6.661338147750939e-15,0.004008908057585359
39,DI,1287,1999,1,14,1.5801822001818968e-13,5.773159728050814e-15,0.08930855593644083
40,WMI,1287,1999,1,14,1.583326733961206e-13,6.661338147750939e-15,0.01119532692246139
41,ISM,1287,1999,1,14,1.5829987282700226e-13,6.661338147750939e-15,0.004284402821213007
42,DI,1287,1999,1,15,1.5801822001818968e-13,5.773159728050814e-15,0.07594365300610662
43,WMI,1287,1999,1,15,1.583326733961206e-13,6.661338147750939e-15,0.003980237990617752
44,ISM,1287,1999,1,15,1.5829987282700226e-13,6.661338147750939e-15,0.011550630908459425
45,DI,1287,1999,1,16,1.5801822001818968e-13,5.773159728050814e-15,0.07690587802790105
46,WMI,1287,1999,1,16,1.583326733961206e-13,6.661338147750939e-15,0.003946478012949228
47,ISM,1287,1999,1,16,1.5829987282700226e-13,6.661338147750939e-15,0.0038630198687314987
48,DI,1287,1999,1,17,1.5801822001818968e-13,5.773159728050814e-15,0.08829740108922124
49,WMI,1287,1999,1,17,1.583326733961206e-13,6.661338147750939e-15,0.011534951161593199
50,ISM,1287,1999,1,17,1.5829987282700226e-13,6.661338147750939e-15,0.004146946128457785
51,DI,1287,1999,1,18,1.5801822001818968e-13,5.773159728050814e-15,0.07629707804881036
52,WMI,1287,1999,1,18,1.583326733961206e-13,6.661338147750939e-15,0.0038441410288214684
53,ISM,1287,1999,1,18,1.5829987282700226e-13,6.661338147750939e-15,0.011140486923977733
54,DI,1287,1999,1,19,1.5801822001818968e-13,5.773159728050814e-15,0.0768248790409416
55,WMI,1287,1999,1,19,1.583326733961206e-13,6.661338147750939e-15,0.004139425931498408
56,ISM,1287,1999,1,19,1.5829987282700226e-13,6.661338147750939e-15,0.004062826978042722
57,DI,1287,1999,1,20,1.5801822001818968e-13,5.773159728050814e-15,0.08674367587082088
58,WMI,1287,1999,1,20,1.583326733961206e-13,6.661338147750939e-15,0.011443512979894876
59,ISM,1287,1999,1,20,1.5829987282700226e-13,6.661338147750939e-15,0.00405700714327395
60,DI,1287,1999,1,21,1.5801822001818968e-13,5.773159728050814e-15,0.07808984909206629
61,WMI,1287,1999,1,21,1.583326733961206e-13,6.661338147750939e-15,0.004078306956216693
62,ISM,1287,1999,1,21,1.5829987282700226e-13,6.661338147750939e-15,0.012146942084655166
63,DI,1287,1999,1,22,1.5801822001818968e-13,5.773159728050814e-15,0.08299643406644464
64,WMI,1287,1999,1,22,1.583326733961206e-13,6.661338147750939e-15,0.004351262003183365
65,ISM,1287,1999,1,22,1.5829987282700226e-13,6.661338147750939e-15,0.004103435901924968
66,DI,1287,1999,1,23,1.5801822001818968e-13,5.773159728050814e-15,0.0885716371703893
67,WMI,1287,1999,1,23,1.583326733961206e-13,6.661338147750939e-15,0.011446713004261255
68,ISM,1287,1999,1,23,1.5829987282700226e-13,6.661338147750939e-15,0.004059507045894861
69,DI,1287,1999,1,24,1.5801822001818968e-13,5.773159728050814e-15,0.08063312992453575
70,WMI,1287,1999,1,24,1.583326733961206e-13,6.661338147750939e-15,0.004198865033686161
71,ISM,1287,1999,1,24,1.5829987282700226e-13,6.661338147750939e-15,0.011664079036563635
72,DI,1287,1999,1,25,1.5801822001818968e-13,5.773159728050814e-15,0.0792751011904329
73,WMI,1287,1999,1,25,1.583326733961206e-13,6.661338147750939e-15,0.004077706951647997
74,ISM,1287,1999,1,25,1.5829987282700226e-13,6.661338147750939e-15,0.00417271489277482
75,DI,1287,1999,1,26,1.5801822001818968e-13,5.773159728050814e-15,0.09053315594792366
76,WMI,1287,1999,1,26,1.583326733961206e-13,6.661338147750939e-15,0.007827207911759615
77,ISM,1287,1999,1,26,1.5829987282700226e-13,6.661338147750939e-15,0.00795666710473597
78,DI,1287,1999,1,27,1.5801822001818968e-13,5.773159728050814e-15,0.08843274903483689
79,WMI,1287,1999,1,27,1.583326733961206e-13,6.661338147750939e-15,0.008024655049666762
80,ISM,1287,1999,1,27,1.5829987282700226e-13,6.661338147750939e-15,0.00782053917646408
81,DI,1287,1999,1,28,1.5801822001818968e-13,5.773159728050814e-15,0.08486015419475734
82,WMI,1287,1999,1,28,1.583326733961206e-13,6.661338147750939e-15,0.007881388068199158
83,ISM,1287,1999,1,28,1.5829987282700226e-13,6.661338147750939e-15,0.007531242910772562
84,DI,1287,1999,1,29,1.5801822001818968e-13,5.773159728050814e-15,0.08473168592900038
85,WMI,1287,1999,1,29,1.583326733961206e-13,6.661338147750939e-15,0.007464283844456077
86,ISM,1287,1999,1,29,1.5829987282700226e-13,6.661338147750939e-15,0.007699949899688363
87,DI,1287,1999,1,30,1.5801822001818968e-13,5.773159728050814e-15,0.08586940006352961
88,WMI,1287,1999,1,30,1.583326733961206e-13,6.661338147750939e-15,0.007669101003557444
89,ISM,1287,1999,1,30,1.5829987282700226e-13,6.661338147750939e-15,0.007315956987440586
90,DI,1287,1999,1,31,1.5801822001818968e-13,5.773159728050814e-15,0.08682727394625545
91,WMI,1287,1999,1,31,1.583326733961206e-13,6.661338147750939e-15,0.007592201931402087
92,ISM,1287,1999,1,31,1.5829987282700226e-13,6.661338147750939e-15,0.0075000738725066185
93,DI,1287,1999,1,32,1.5801822001818968e-13,5.773159728050814e-15,0.08670992590487003
94,WMI,1287,1999,1,32,1.583326733961206e-13,6.661338147750939e-15,0.007663381984457374
95,ISM,1287,1999,1,32,1.5829987282700226e-13,6.661338147750939e-15,0.007668970851227641
96,DI,1287,1999,1,33,1.5801822001818968e-13,5.773159728050814e-15,0.0871370299719274
97,WMI,1287,1999,1,33,1.583326733961206e-13,6.661338147750939e-15,0.0078039090149104595
98,ISM,1287,1999,1,33,1.5829987282700226e-13,6.661338147750939e-15,0.007683690870180726
99,DI,1287,1999,1,34,1.5801822001818968e-13,5.773159728050814e-15,0.08654766902327538
100,WMI,1287,1999,1,34,1.583326733961206e-13,6.661338147750939e-15,0.0077451299875974655
101,ISM,1287,1999,1,34,1.5829987282700226e-13,6.661338147750939e-15,0.007963316049426794
102,DI,1287,1999,1,35,1.5801822001818968e-13,5.773159728050814e-15,0.08533195685595274
103,WMI,1287,1999,1,35,1.583326733961206e-13,6.661338147750939e-15,0.007748249918222427
104,ISM,1287,1999,1,35,1.5829987282700226e-13,6.661338147750939e-15,0.007822138955816627
105,DI,1287,1999,1,36,1.5801822001818968e-13,5.773159728050814e-15,0.08679252513684332
106,WMI,1287,1999,1,36,1.583326733961206e-13,6.661338147750939e-15,0.008106695022433996
107,ISM,1287,1999,1,36,1.5829987282700226e-13,6.661338147750939e-15,0.007676750887185335
108,DI,1287,1999,1,37,1.5801822001818968e-13,5.773159728050814e-15,0.08759994292631745
109,WMI,1287,1999,1,37,1.583326733961206e-13,6.661338147750939e-15,0.007967615965753794
110,ISM,1287,1999,1,37,1.5829987282700226e-13,6.661338147750939e-15,0.0074693148490041494
111,DI,1287,1999,1,38,1.5801822001818968e-13,5.773159728050814e-15,0.08599566691555083
112,WMI,1287,1999,1,38,1.583326733961206e-13,6.661338147750939e-15,0.007938656955957413
113,ISM,1287,1999,1,38,1.5829987282700226e-13,6.661338147750939e-15,0.0079950459767133
114,DI,1287,1999,1,39,1.5801822001818968e-13,5.773159728050814e-15,0.08559935307130218
115,WMI,1287,1999,1,39,1.583326733961206e-13,6.661338147750939e-15,0.008166064042598009
116,ISM,1287,1999,1,39,1.5829987282700226e-13,6.661338147750939e-15,0.00810411386191845
117,DI,1287,1999,1,40,1.5801822001818968e-13,5.773159728050814e-15,0.08810176397673786
118,WMI,1287,1999,1,40,1.583326733961206e-13,6.661338147750939e-15,0.008148414082825184
119,ISM,1287,1999,1,40,1.5829987282700226e-13,6.661338147750939e-15,0.007925896905362606
120,DI,1287,1999,1,41,1.5801822001818968e-13,5.773159728050814e-15,0.09139129403047264
121,WMI,1287,1999,1,41,1.583326733961206e-13,6.661338147750939e-15,0.008810383966192603
122,ISM,1287,1999,1,41,1.5829987282700226e-13,6.661338147750939e-15,0.008774413960054517
123,DI,1287,1999,1,42,1.5801822001818968e-13,5.773159728050814e-15,0.08887177309952676
124,WMI,1287,1999,1,42,1.583326733961206e-13,6.661338147750939e-15,0.0077979788184165955
125,ISM,1287,1999,1,42,1.5829987282700226e-13,6.661338147750939e-15,0.00820898194797337
126,DI,1287,1999,1,43,1.5801822001818968e-13,5.773159728050814e-15,0.08792245713993907
127,WMI,1287,1999,1,43,1.583326733961206e-13,6.661338147750939e-15,0.008042174857109785
128,ISM,1287,1999,1,43,1.5829987282700226e-13,6.661338147750939e-15,0.008225672179833055
129,DI,1287,1999,1,44,1.5801822001818968e-13,5.773159728050814e-15,0.08871432510204613
130,WMI,1287,1999,1,44,1.583326733961206e-13,6.661338147750939e-15,0.008777973940595984
131,ISM,1287,1999,1,44,1.5829987282700226e-13,6.661338147750939e-15,0.008257861947640777
132,DI,1287,1999,1,45,1.5801822001818968e-13,5.773159728050814e-15,0.08964537107385695
133,WMI,1287,1999,1,45,1.583326733961206e-13,6.661338147750939e-15,0.007858267985284328
134,ISM,1287,1999,1,45,1.5829987282700226e-13,6.661338147750939e-15,0.008595076156780124
135,DI,1287,1999,1,46,1.5801822001818968e-13,5.773159728050814e-15,0.0899222269654274
136,WMI,1287,1999,1,46,1.583326733961206e-13,6.661338147750939e-15,0.008068784838542342
137,ISM,1287,1999,1,46,1.5829987282700226e-13,6.661338147750939e-15,0.008101704996079206
138,DI,1287,1999,1,47,1.5801822001818968e-13,5.773159728050814e-15,0.09097351995296776
139,WMI,1287,1999,1,47,1.583326733961206e-13,6.661338147750939e-15,0.008241981966421008
140,ISM,1287,1999,1,47,1.5829987282700226e-13,6.661338147750939e-15,0.008291190955787897
141,DI,1287,1999,1,48,1.5801822001818968e-13,5.773159728050814e-15,0.08996813488192856
142,WMI,1287,1999,1,48,1.583326733961206e-13,6.661338147750939e-15,0.00836082105524838
143,ISM,1287,1999,1,48,1.5829987282700226e-13,6.661338147750939e-15,0.008230281993746758
144,DI,1287,1999,1,49,1.5801822001818968e-13,5.773159728050814e-15,0.08883157302625477
145,WMI,1287,1999,1,49,1.583326733961206e-13,6.661338147750939e-15,0.0078426378313452
146,ISM,1287,1999,1,49,1.5829987282700226e-13,6.661338147750939e-15,0.008609977085143328
147,DI,1287,1999,1,50,1.5801822001818968e-13,5.773159728050814e-15,0.09051389689557254
148,WMI,1287,1999,1,50,1.583326733961206e-13,6.661338147750939e-15,0.008057984989136457
149,ISM,1287,1999,1,50,1.5829987282700226e-13,6.661338147750939e-15,0.008229323197156191
150,DI,1287,1999,1,51,1.5801822001818968e-13,5.773159728050814e-15,0.08931105583906174
151,WMI,1287,1999,1,51,1.583326733961206e-13,6.661338147750939e-15,0.008188852807506919
152,ISM,1287,1999,1,51,1.5829987282700226e-13,6.661338147750939e-15,0.007901828037574887
153,DI,1287,1999,1,52,1.5801822001818968e-13,5.773159728050814e-15,0.08860112610273063
154,WMI,1287,1999,1,52,1.583326733961206e-13,6.661338147750939e-15,0.007634221808984876
155,ISM,1287,1999,1,52,1.5829987282700226e-13,6.661338147750939e-15,0.007680290844291449
156,DI,1287,1999,1,53,1.5801822001818968e-13,5.773159728050814e-15,0.08800538582727313
157,WMI,1287,1999,1,53,1.583326733961206e-13,6.661338147750939e-15,0.008323901100084186
158,ISM,1287,1999,1,53,1.5829987282700226e-13,6.661338147750939e-15,0.008017146028578281
159,DI,1287,1999,1,54,1.5801822001818968e-13,5.773159728050814e-15,0.08672907506115735
160,WMI,1287,1999,1,54,1.583326733961206e-13,6.661338147750939e-15,0.0077570099383592606
161,ISM,1287,1999,1,54,1.5829987282700226e-13,6.661338147750939e-15,0.007959365844726562
162,DI,1287,1999,1,55,1.5801822001818968e-13,5.773159728050814e-15,0.08642994984984398
163,WMI,1287,1999,1,55,1.583326733961206e-13,6.661338147750939e-15,0.007605592021718621
164,ISM,1287,1999,1,55,1.5829987282700226e-13,6.661338147750939e-15,0.008045854978263378
165,DI,1287,1999,1,56,1.5801822001818968e-13,5.773159728050814e-15,0.08649496897123754
166,WMI,1287,1999,1,56,1.583326733961206e-13,6.661338147750939e-15,0.007844738895073533
167,ISM,1287,1999,1,56,1.5829987282700226e-13,6.661338147750939e-15,0.008076485013589263
168,DI,1287,1999,1,57,1.5801822001818968e-13,5.773159728050814e-15,0.08922177692875266
169,WMI,1287,1999,1,57,1.583326733961206e-13,6.661338147750939e-15,0.007970325881615281
170,ISM,1287,1999,1,57,1.5829987282700226e-13,6.661338147750939e-15,0.00816995301283896
171,DI,1287,1999,1,58,1.5801822001818968e-13,5.773159728050814e-15,0.08745670388452709
172,WMI,1287,1999,1,58,1.583326733961206e-13,6.661338147750939e-15,0.008090854156762362
173,ISM,1287,1999,1,58,1.5829987282700226e-13,6.661338147750939e-15,0.007688951212912798
174,DI,1287,1999,1,59,1.5801822001818968e-13,5.773159728050814e-15,0.08593536796979606
175,WMI,1287,1999,1,59,1.583326733961206e-13,6.661338147750939e-15,0.007936706999316812
176,ISM,1287,1999,1,59,1.5829987282700226e-13,6.661338147750939e-15,0.007795118959620595
177,DI,1287,1999,1,60,1.5801822001818968e-13,5.773159728050814e-15,0.08471709699369967
178,WMI,1287,1999,1,60,1.583326733961206e-13,6.661338147750939e-15,0.008265192154794931
179,ISM,1287,1999,1,60,1.5829987282700226e-13,6.661338147750939e-15,0.007902557961642742
180,DI,1287,1999,1,61,1.5801822001818968e-13,5.773159728050814e-15,0.08770724991336465
181,WMI,1287,1999,1,61,1.583326733961206e-13,6.661338147750939e-15,0.007953137159347534
182,ISM,1287,1999,1,61,1.5829987282700226e-13,6.661338147750939e-15,0.00813424400985241
183,DI,1287,1999,1,62,1.5801822001818968e-13,5.773159728050814e-15,0.08776463009417057
184,WMI,1287,1999,1,62,1.583326733961206e-13,6.661338147750939e-15,0.008340020896866918
185,ISM,1287,1999,1,62,1.5829987282700226e-13,6.661338147750939e-15,0.007728800876066089
186,DI,1287,1999,1,63,1.5801822001818968e-13,5.773159728050814e-15,0.08905544900335371
187,WMI,1287,1999,1,63,1.583326733961206e-13,6.661338147750939e-15,0.007891478016972542
188,ISM,1287,1999,1,63,1.5829987282700226e-13,6.661338147750939e-15,0.008223681943491101
189,DI,1287,1999,1,64,1.5801822001818968e-13,5.773159728050814e-15,0.08742177509702742
190,WMI,1287,1999,1,64,1.583326733961206e-13,6.661338147750939e-15,0.007827998837456107
191,ISM,1287,1999,1,64,1.5829987282700226e-13,6.661338147750939e-15,0.007998256012797356
192,DI,1287,1999,1,65,1.5801822001818968e-13,5.773159728050814e-15,0.08526093908585608
193,WMI,1287,1999,1,65,1.583326733961206e-13,6.661338147750939e-15,0.007933567045256495
194,ISM,1287,1999,1,65,1.5829987282700226e-13,6.661338147750939e-15,0.007755869999527931
195,DI,1287,1999,1,66,1.5801822001818968e-13,5.773159728050814e-15,0.08660854795016348
196,WMI,1287,1999,1,66,1.583326733961206e-13,6.661338147750939e-15,0.007764749927446246
197,ISM,1287,1999,1,66,1.5829987282700226e-13,6.661338147750939e-15,0.008674365002661943
198,DI,1287,1999,1,67,1.5801822001818968e-13,5.773159728050814e-15,0.08942878386005759
199,WMI,1287,1999,1,67,1.583326733961206e-13,6.661338147750939e-15,0.008116774028167129
200,ISM,1287,1999,1,67,1.5829987282700226e-13,6.661338147750939e-15,0.008299001026898623
201,DI,1287,1999,1,68,1.5801822001818968e-13,5.773159728050814e-15,0.08890748186968267
202,WMI,1287,1999,1,68,1.583326733961206e-13,6.661338147750939e-15,0.008154263952746987
203,ISM,1287,1999,1,68,1.5829987282700226e-13,6.661338147750939e-15,0.007949117105454206
204,DI,1287,1999,1,69,1.5801822001818968e-13,5.773159728050814e-15,0.08727401704527438
205,WMI,1287,1999,1,69,1.583326733961206e-13,6.661338147750939e-15,0.008157972944900393
206,ISM,1287,1999,1,69,1.5829987282700226e-13,6.661338147750939e-15,0.008199992822483182
207,DI,1287,1999,1,70,1.5801822001818968e-13,5.773159728050814e-15,0.08690408291295171
208,WMI,1287,1999,1,70,1.583326733961206e-13,6.661338147750939e-15,0.008599697146564722
209,ISM,1287,1999,1,70,1.5829987282700226e-13,6.661338147750939e-15,0.008006685879081488
210,DI,1287,1999,1,71,1.5801822001818968e-13,5.773159728050814e-15,0.0897268489934504
211,WMI,1287,1999,1,71,1.583326733961206e-13,6.661338147750939e-15,0.007857348071411252
212,ISM,1287,1999,1,71,1.5829987282700226e-13,6.661338147750939e-15,0.00792914698831737
213,DI,1287,1999,1,72,1.5801822001818968e-13,5.773159728050814e-15,0.08839966007508337
214,WMI,1287,1999,1,72,1.583326733961206e-13,6.661338147750939e-15,0.008066185051575303
215,ISM,1287,1999,1,72,1.5829987282700226e-13,6.661338147750939e-15,0.007728880038484931
216,DI,1287,1999,1,73,1.5801822001818968e-13,5.773159728050814e-15,0.08651963900774717
217,WMI,1287,1999,1,73,1.583326733961206e-13,6.661338147750939e-15,0.007817219011485577
218,ISM,1287,1999,1,73,1.5829987282700226e-13,6.661338147750939e-15,0.007547503104433417
219,DI,1287,1999,1,74,1.5801822001818968e-13,5.773159728050814e-15,0.08619008399546146
220,WMI,1287,1999,1,74,1.583326733961206e-13,6.661338147750939e-15,0.007746219867840409
221,ISM,1287,1999,1,74,1.5829987282700226e-13,6.661338147750939e-15,0.008017315063625574
222,DI,1287,1999,1,75,1.5801822001818968e-13,5.773159728050814e-15,0.08576127095147967
223,WMI,1287,1999,1,75,1.583326733961206e-13,6.661338147750939e-15,0.008039386011660099
224,ISM,1287,1999,1,75,1.5829987282700226e-13,6.661338147750939e-15,0.007372876163572073
225,DI,1287,1999,1,76,1.5801822001818968e-13,5.773159728050814e-15,0.08825204195454717
226,WMI,1287,1999,1,76,1.583326733961206e-13,6.661338147750939e-15,0.007296767085790634
227,ISM,1287,1999,1,76,1.5829987282700226e-13,6.661338147750939e-15,0.007262987783178687
228,DI,1287,1999,1,77,1.5801822001818968e-13,5.773159728050814e-15,0.08781284908764064
229,WMI,1287,1999,1,77,1.583326733961206e-13,6.661338147750939e-15,0.00767531106248498
230,ISM,1287,1999,1,77,1.5829987282700226e-13,6.661338147750939e-15,0.008391580078750849
231,DI,1287,1999,1,78,1.5801822001818968e-13,5.773159728050814e-15,0.08849500888027251
232,WMI,1287,1999,1,78,1.583326733961206e-13,6.661338147750939e-15,0.007337326183915138
233,ISM,1287,1999,1,78,1.5829987282700226e-13,6.661338147750939e-15,0.007290417095646262
234,DI,1287,1999,1,79,1.5801822001818968e-13,5.773159728050814e-15,0.08754418301396072
235,WMI,1287,1999,1,79,1.583326733961206e-13,6.661338147750939e-15,0.007754740072414279
236,ISM,1287,1999,1,79,1.5829987282700226e-13,6.661338147750939e-15,0.007105299970135093
237,DI,1287,1999,1,80,1.5801822001818968e-13,5.773159728050814e-15,0.08553476398810744
238,WMI,1287,1999,1,80,1.583326733961206e-13,6.661338147750939e-15,0.007579132914543152
239,ISM,1287,1999,1,80,1.5829987282700226e-13,6.661338147750939e-15,0.008044424932450056
240,DI,1287,1999,1,81,1.5801822001818968e-13,5.773159728050814e-15,0.08783939806744456
241,WMI,1287,1999,1,81,1.583326733961206e-13,6.661338147750939e-15,0.008692174917086959
242,ISM,1287,1999,1,81,1.5829987282700226e-13,6.661338147750939e-15,0.008303450886160135
243,DI,1287,1999,1,82,1.5801822001818968e-13,5.773159728050814e-15,0.08932800497859716
244,WMI,1287,1999,1,82,1.583326733961206e-13,6.661338147750939e-15,0.008332841098308563
245,ISM,1287,1999,1,82,1.5829987282700226e-13,6.661338147750939e-15,0.008114295080304146
246,DI,1287,1999,1,83,1.5801822001818968e-13,5.773159728050814e-15,0.08911965880542994
247,WMI,1287,1999,1,83,1.583326733961206e-13,6.661338147750939e-15,0.008220552932471037
248,ISM,1287,1999,1,83,1.5829987282700226e-13,6.661338147750939e-15,0.008424940053373575
249,DI,1287,1999,1,84,1.5801822001818968e-13,5.773159728050814e-15,0.08994742599315941
250,WMI,1287,1999,1,84,1.583326733961206e-13,6.661338147750939e-15,0.00860142707824707
251,ISM,1287,1999,1,84,1.5829987282700226e-13,6.661338147750939e-15,0.008002766175195575
252,DI,1287,1999,1,85,1.5801822001818968e-13,5.773159728050814e-15,0.08869442506693304
253,WMI,1287,1999,1,85,1.583326733961206e-13,6.661338147750939e-15,0.008139464072883129
254,ISM,1287,1999,1,85,1.5829987282700226e-13,6.661338147750939e-15,0.007547182962298393
255,DI,1287,1999,1,86,1.5801822001818968e-13,5.773159728050814e-15,0.08752669300884008
256,WMI,1287,1999,1,86,1.583326733961206e-13,6.661338147750939e-15,0.008990549948066473
257,ISM,1287,1999,1,86,1.5829987282700226e-13,6.661338147750939e-15,0.007592793088406324
258,DI,1287,1999,1,87,1.5801822001818968e-13,5.773159728050814e-15,0.09328530402854085
259,WMI,1287,1999,1,87,1.583326733961206e-13,6.661338147750939e-15,0.008671666029840708
260,ISM,1287,1999,1,87,1.5829987282700226e-13,6.661338147750939e-15,0.00899592088535428
261,DI,1287,1999,1,88,1.5801822001818968e-13,5.773159728050814e-15,0.08929077605716884
262,WMI,1287,1999,1,88,1.583326733961206e-13,6.661338147750939e-15,0.00860778708010912
263,ISM,1287,1999,1,88,1.5829987282700226e-13,6.661338147750939e-15,0.00811854493804276
264,DI,1287,1999,1,89,1.5801822001818968e-13,5.773159728050814e-15,0.08639946090988815
265,WMI,1287,1999,1,89,1.583326733961206e-13,6.661338147750939e-15,0.00762724201194942
266,ISM,1287,1999,1,89,1.5829987282700226e-13,6.661338147750939e-15,0.0077161299996078014
267,DI,1287,1999,1,90,1.5801822001818968e-13,5.773159728050814e-15,0.08654685807414353
268,WMI,1287,1999,1,90,1.583326733961206e-13,6.661338147750939e-15,0.007694219937548041
269,ISM,1287,1999,1,90,1.5829987282700226e-13,6.661338147750939e-15,0.007909848121926188
270,DI,1287,1999,1,91,1.5801822001818968e-13,5.773159728050814e-15,0.09253956587053835
271,WMI,1287,1999,1,91,1.583326733961206e-13,6.661338147750939e-15,0.008877682033926249
272,ISM,1287,1999,1,91,1.5829987282700226e-13,6.661338147750939e-15,0.008590805809944868
273,DI,1287,1999,1,92,1.5801822001818968e-13,5.773159728050814e-15,0.08841945906169713
274,WMI,1287,1999,1,92,1.583326733961206e-13,6.661338147750939e-15,0.008995041018351912
275,ISM,1287,1999,1,92,1.5829987282700226e-13,6.661338147750939e-15,0.00900978990830481
276,DI,1287,1999,1,93,1.5801822001818968e-13,5.773159728050814e-15,0.08859375701285899
277,WMI,1287,1999,1,93,1.583326733961206e-13,6.661338147750939e-15,0.008208753075450659
278,ISM,1287,1999,1,93,1.5829987282700226e-13,6.661338147750939e-15,0.007562512997537851
279,DI,1287,1999,1,94,1.5801822001818968e-13,5.773159728050814e-15,0.08485272503457963
280,WMI,1287,1999,1,94,1.583326733961206e-13,6.661338147750939e-15,0.007509592920541763
281,ISM,1287,1999,1,94,1.5829987282700226e-13,6.661338147750939e-15,0.008157233009114861
282,DI,1287,1999,1,95,1.5801822001818968e-13,5.773159728050814e-15,0.08706596004776657
283,WMI,1287,1999,1,95,1.583326733961206e-13,6.661338147750939e-15,0.007793828845024109
284,ISM,1287,1999,1,95,1.5829987282700226e-13,6.661338147750939e-15,0.007850287947803736
285,DI,1287,1999,1,96,1.5801822001818968e-13,5.773159728050814e-15,0.08713233890011907
286,WMI,1287,1999,1,96,1.583326733961206e-13,6.661338147750939e-15,0.00772622087970376
287,ISM,1287,1999,1,96,1.5829987282700226e-13,6.661338147750939e-15,0.0076207120437175035
288,DI,1287,1999,1,97,1.5801822001818968e-13,5.773159728050814e-15,0.0867971139959991
289,WMI,1287,1999,1,97,1.583326733961206e-13,6.661338147750939e-15,0.008064375026151538
290,ISM,1287,1999,1,97,1.5829987282700226e-13,6.661338147750939e-15,0.008655125042423606
291,DI,1287,1999,1,98,1.5801822001818968e-13,5.773159728050814e-15,0.08518745889887214
292,WMI,1287,1999,1,98,1.583326733961206e-13,6.661338147750939e-15,0.0077893289271742105
293,ISM,1287,1999,1,98,1.5829987282700226e-13,6.661338147750939e-15,0.007934096967801452
294,DI,1287,1999,1,99,1.5801822001818968e-13,5.773159728050814e-15,0.08687998307868838
295,WMI,1287,1999,1,99,1.583326733961206e-13,6.661338147750939e-15,0.007957306923344731
296,ISM,1287,1999,1,99,1.5829987282700226e-13,6.661338147750939e-15,0.008397290017455816
297,DI,1287,1999,1,100,1.5801822001818968e-13,5.773159728050814e-15,0.09061213489621878
298,WMI,1287,1999,1,100,1.583326733961206e-13,6.661338147750939e-15,0.00813587405718863
299,ISM,1287,1999,1,100,1.5829987282700226e-13,6.661338147750939e-15,0.009109908947721124
300,DI,1287,1999,1,101,1.5801822001818968e-13,5.773159728050814e-15,0.08934070495888591
301,WMI,1287,1999,1,101,1.583326733961206e-13,6.661338147750939e-15,0.008338441140949726
302,ISM,1287,1999,1,101,1.5829987282700226e-13,6.661338147750939e-15,0.00856353691779077
303,DI,1287,1999,1,102,1.5801822001818968e-13,5.773159728050814e-15,0.08792292699217796
304,WMI,1287,1999,1,102,1.583326733961206e-13,6.661338147750939e-15,0.008039615117013454
305,ISM,1287,1999,1,102,1.5829987282700226e-13,6.661338147750939e-15,0.008196543203666806
306,DI,1287,1999,1,103,1.5801822001818968e-13,5.773159728050814e-15,0.08678741496987641
307,WMI,1287,1999,1,103,1.583326733961206e-13,6.661338147750939e-15,0.007752189878374338
308,ISM,1287,1999,1,103,1.5829987282700226e-13,6.661338147750939e-15,0.007757158949971199
309,DI,1287,1999,1,104,1.5801822001818968e-13,5.773159728050814e-15,0.08612506510689855
310,WMI,1287,1999,1,104,1.583326733961206e-13,6.661338147750939e-15,0.007907858118414879
311,ISM,1287,1999,1,104,1.5829987282700226e-13,6.661338147750939e-15,0.007876128191128373
312,DI,1287,1999,1,105,1.5801822001818968e-13,5.773159728050814e-15,0.08562926296144724
313,WMI,1287,1999,1,105,1.583326733961206e-13,6.661338147750939e-15,0.00806651497259736
314,ISM,1287,1999,1,105,1.5829987282700226e-13,6.661338147750939e-15,0.008118014084175229
315,DI,1287,1999,1,106,1.5801822001818968e-13,5.773159728050814e-15,0.08521026908420026
316,WMI,1287,1999,1,106,1.583326733961206e-13,6.661338147750939e-15,0.008134553907439113
317,ISM,1287,1999,1,106,1.5829987282700226e-13,6.661338147750939e-15,0.007588932057842612
318,DI,1287,1999,1,107,1.5801822001818968e-13,5.773159728050814e-15,0.08407859690487385
319,WMI,1287,1999,1,107,1.583326733961206e-13,6.661338147750939e-15,0.007529132999479771
320,ISM,1287,1999,1,107,1.5829987282700226e-13,6.661338147750939e-15,0.0075045740231871605
321,DI,1287,1999,1,108,1.5801822001818968e-13,5.773159728050814e-15,0.08387088007293642
322,WMI,1287,1999,1,108,1.583326733961206e-13,6.661338147750939e-15,0.0075769429095089436
323,ISM,1287,1999,1,108,1.5829987282700226e-13,6.661338147750939e-15,0.007688061101362109
324,DI,1287,1999,1,109,1.5801822001818968e-13,5.773159728050814e-15,0.08516648900695145
325,WMI,1287,1999,1,109,1.583326733961206e-13,6.661338147750939e-15,0.007785018999129534
326,ISM,1287,1999,1,109,1.5829987282700226e-13,6.661338147750939e-15,0.00735790585167706
327,DI,1287,1999,1,110,1.5801822001818968e-13,5.773159728050814e-15,0.08545886492356658
328,WMI,1287,1999,1,110,1.583326733961206e-13,6.661338147750939e-15,0.007779549108818173
329,ISM,1287,1999,1,110,1.5829987282700226e-13,6.661338147750939e-15,0.007895327871665359
330,DI,1287,1999,1,111,1.5801822001818968e-13,5.773159728050814e-15,0.08358148415572941
331,WMI,1287,1999,1,111,1.583326733961206e-13,6.661338147750939e-15,0.007857368094846606
332,ISM,1287,1999,1,111,1.5829987282700226e-13,6.661338147750939e-15,0.007560242898762226
333,DI,1287,1999,1,112,1.5801822001818968e-13,5.773159728050814e-15,0.08433135319501162
334,WMI,1287,1999,1,112,1.583326733961206e-13,6.661338147750939e-15,0.007568602915853262
335,ISM,1287,1999,1,112,1.5829987282700226e-13,6.661338147750939e-15,0.0077782198786735535
336,DI,1287,1999,1,113,1.5801822001818968e-13,5.773159728050814e-15,0.08466168795712292
337,WMI,1287,1999,1,113,1.583326733961206e-13,6.661338147750939e-15,0.008228203048929572
338,ISM,1287,1999,1,113,1.5829987282700226e-13,6.661338147750939e-15,0.007492903852835298
339,DI,1287,1999,1,114,1.5801822001818968e-13,5.773159728050814e-15,0.08501786296255887
340,WMI,1287,1999,1,114,1.583326733961206e-13,6.661338147750939e-15,0.009062950033694506
341,ISM,1287,1999,1,114,1.5829987282700226e-13,6.661338147750939e-15,0.00734460586681962
342,DI,1287,1999,1,115,1.5801822001818968e-13,5.773159728050814e-15,0.08768226997926831
343,WMI,1287,1999,1,115,1.583326733961206e-13,6.661338147750939e-15,0.00784824788570404
344,ISM,1287,1999,1,115,1.5829987282700226e-13,6.661338147750939e-15,0.007927447091788054
345,DI,1287,1999,1,116,1.5801822001818968e-13,5.773159728050814e-15,0.08628187188878655
346,WMI,1287,1999,1,116,1.583326733961206e-13,6.661338147750939e-15,0.008303280919790268
347,ISM,1287,1999,1,116,1.5829987282700226e-13,6.661338147750939e-15,0.0081333729904145
348,DI,1287,1999,1,117,1.5801822001818968e-13,5.773159728050814e-15,0.08729528705589473
349,WMI,1287,1999,1,117,1.583326733961206e-13,6.661338147750939e-15,0.007873248076066375
350,ISM,1287,1999,1,117,1.5829987282700226e-13,6.661338147750939e-15,0.00834079016931355
351,DI,1287,1999,1,118,1.5801822001818968e-13,5.773159728050814e-15,0.08717558882199228
352,WMI,1287,1999,1,118,1.583326733961206e-13,6.661338147750939e-15,0.008516608038917184
353,ISM,1287,1999,1,118,1.5829987282700226e-13,6.661338147750939e-15,0.008296750951558352
354,DI,1287,1999,1,119,1.5801822001818968e-13,5.773159728050814e-15,0.08857837691903114
355,WMI,1287,1999,1,119,1.583326733961206e-13,6.661338147750939e-15,0.008551477920264006
356,ISM,1287,1999,1,119,1.5829987282700226e-13,6.661338147750939e-15,0.007910787127912045
357,DI,1287,1999,1,120,1.5801822001818968e-13,5.773159728050814e-15,0.08907869877293706
358,WMI,1287,1999,1,120,1.583326733961206e-13,6.661338147750939e-15,0.00870404508896172
359,ISM,1287,1999,1,120,1.5829987282700226e-13,6.661338147750939e-15,0.008181813172996044
360,DI,1287,1999,1,121,1.5801822001818968e-13,5.773159728050814e-15,0.09402817208319902
361,WMI,1287,1999,1,121,1.583326733961206e-13,6.661338147750939e-15,0.007743939990177751
362,ISM,1287,1999,1,121,1.5829987282700226e-13,6.661338147750939e-15,0.007571373134851456
363,DI,1287,1999,1,122,1.5801822001818968e-13,5.773159728050814e-15,0.08461441798135638
364,WMI,1287,1999,1,122,1.583326733961206e-13,6.661338147750939e-15,0.008329650852829218
365,ISM,1287,1999,1,122,1.5829987282700226e-13,6.661338147750939e-15,0.007949876831844449
366,DI,1287,1999,1,123,1.5801822001818968e-13,5.773159728050814e-15,0.08472199621610343
367,WMI,1287,1999,1,123,1.583326733961206e-13,6.661338147750939e-15,0.007854199036955833
368,ISM,1287,1999,1,123,1.5829987282700226e-13,6.661338147750939e-15,0.007865797961130738
369,DI,1287,1999,1,124,1.5801822001818968e-13,5.773159728050814e-15,0.0858374391682446
370,WMI,1287,1999,1,124,1.583326733961206e-13,6.661338147750939e-15,0.007706481032073498
371,ISM,1287,1999,1,124,1.5829987282700226e-13,6.661338147750939e-15,0.007427415112033486
372,DI,1287,1999,1,125,1.5801822001818968e-13,5.773159728050814e-15,0.08486627507954836
373,WMI,1287,1999,1,125,1.583326733961206e-13,6.661338147750939e-15,0.007534913951531053
374,ISM,1287,1999,1,125,1.5829987282700226e-13,6.661338147750939e-15,0.007840509060770273
375,DI,1287,1999,1,126,1.5801822001818968e-13,5.773159728050814e-15,0.08391816006042063
376,WMI,1287,1999,1,126,1.583326733961206e-13,6.661338147750939e-15,0.007691671140491962
377,ISM,1287,1999,1,126,1.5829987282700226e-13,6.661338147750939e-15,0.0075563129503279924
378,DI,1287,1999,1,127,1.5801822001818968e-13,5.773159728050814e-15,0.08582760998979211
379,WMI,1287,1999,1,127,1.583326733961206e-13,6.661338147750939e-15,0.00785767799243331
380,ISM,1287,1999,1,127,1.5829987282700226e-13,6.661338147750939e-15,0.007692901184782386
381,DI,1287,1999,1,128,1.5801822001818968e-13,5.773159728050814e-15,0.08361745299771428
382,WMI,1287,1999,1,128,1.583326733961206e-13,6.661338147750939e-15,0.007509853923693299
383,ISM,1287,1999,1,128,1.5829987282700226e-13,6.661338147750939e-15,0.008064065128564835
384,DI,1287,1999,1,129,1.5801822001818968e-13,5.773159728050814e-15,0.0899152159690857
385,WMI,1287,1999,1,129,1.583326733961206e-13,6.661338147750939e-15,0.007850099122151732
386,ISM,1287,1999,1,129,1.5829987282700226e-13,6.661338147750939e-15,0.00792230712249875
387,DI,1287,1999,1,130,1.5801822001818968e-13,5.773159728050814e-15,0.08638801006600261
388,WMI,1287,1999,1,130,1.583326733961206e-13,6.661338147750939e-15,0.008273562183603644
389,ISM,1287,1999,1,130,1.5829987282700226e-13,6.661338147750939e-15,0.00826633209362626
390,DI,1287,1999,1,131,1.5801822001818968e-13,5.773159728050814e-15,0.08828218095004559
391,WMI,1287,1999,1,131,1.583326733961206e-13,6.661338147750939e-15,0.008315130835399032
392,ISM,1287,1999,1,131,1.5829987282700226e-13,6.661338147750939e-15,0.00803750497289002
393,DI,1287,1999,1,132,1.5801822001818968e-13,5.773159728050814e-15,0.08826506207697093
394,WMI,1287,1999,1,132,1.583326733961206e-13,6.661338147750939e-15,0.008208922110497952
395,ISM,1287,1999,1,132,1.5829987282700226e-13,6.661338147750939e-15,0.008296351879835129
396,DI,1287,1999,1,133,1.5801822001818968e-13,5.773159728050814e-15,0.08603942603804171
397,WMI,1287,1999,1,133,1.583326733961206e-13,6.661338147750939e-15,0.008110214956104755
398,ISM,1287,1999,1,133,1.5829987282700226e-13,6.661338147750939e-15,0.007741249864920974
399,DI,1287,1999,1,134,1.5801822001818968e-13,5.773159728050814e-15,0.08711021998897195
400,WMI,1287,1999,1,134,1.583326733961206e-13,6.661338147750939e-15,0.007959116017445922
401,ISM,1287,1999,1,134,1.5829987282700226e-13,6.661338147750939e-15,0.008625846123322845
402,DI,1287,1999,1,135,1.5801822001818968e-13,5.773159728050814e-15,0.08653794904239476
403,WMI,1287,1999,1,135,1.583326733961206e-13,6.661338147750939e-15,0.00819387286901474
404,ISM,1287,1999,1,135,1.5829987282700226e-13,6.661338147750939e-15,0.008205143036320806
405,DI,1287,1999,1,136,1.5801822001818968e-13,5.773159728050814e-15,0.08684338419698179
406,WMI,1287,1999,1,136,1.583326733961206e-13,6.661338147750939e-15,0.007930336985737085
407,ISM,1287,1999,1,136,1.5829987282700226e-13,6.661338147750939e-15,0.007772419136017561
408,DI,1287,1999,1,137,1.5801822001818968e-13,5.773159728050814e-15,0.08602795703336596
409,WMI,1287,1999,1,137,1.583326733961206e-13,6.661338147750939e-15,0.007654152112081647
410,ISM,1287,1999,1,137,1.5829987282700226e-13,6.661338147750939e-15,0.008125014137476683
411,DI,1287,1999,1,138,1.5801822001818968e-13,5.773159728050814e-15,0.0873499158769846
412,WMI,1287,1999,1,138,1.583326733961206e-13,6.661338147750939e-15,0.007830627961084247
413,ISM,1287,1999,1,138,1.5829987282700226e-13,6.661338147750939e-15,0.007911907974630594
414,DI,1287,1999,1,139,1.5801822001818968e-13,5.773159728050814e-15,0.08674454502761364
415,WMI,1287,1999,1,139,1.583326733961206e-13,6.661338147750939e-15,0.007792530115693808
416,ISM,1287,1999,1,139,1.5829987282700226e-13,6.661338147750939e-15,0.010250830790027976
417,DI,1287,1999,1,140,1.5801822001818968e-13,5.773159728050814e-15,0.08510932116769254
418,WMI,1287,1999,1,140,1.583326733961206e-13,6.661338147750939e-15,0.007586891995742917
419,ISM,1287,1999,1,140,1.5829987282700226e-13,6.661338147750939e-15,0.00760226184502244
420,DI,1287,1999,1,141,1.5801822001818968e-13,5.773159728050814e-15,0.08601796696893871
421,WMI,1287,1999,1,141,1.583326733961206e-13,6.661338147750939e-15,0.007580302190035582
422,ISM,1287,1999,1,141,1.5829987282700226e-13,6.661338147750939e-15,0.008030825993046165
423,DI,1287,1999,1,142,1.5801822001818968e-13,5.773159728050814e-15,0.08301056292839348
424,WMI,1287,1999,1,142,1.583326733961206e-13,6.661338147750939e-15,0.007752920035272837
425,ISM,1287,1999,1,142,1.5829987282700226e-13,6.661338147750939e-15,0.0075128041207790375
426,DI,1287,1999,1,143,1.5801822001818968e-13,5.773159728050814e-15,0.08433624217286706
427,WMI,1287,1999,1,143,1.583326733961206e-13,6.661338147750939e-15,0.00745886517688632
428,ISM,1287,1999,1,143,1.5829987282700226e-13,6.661338147750939e-15,0.00766178104095161
429,DI,1287,1999,1,144,1.5801822001818968e-13,5.773159728050814e-15,0.08420436480082572
430,WMI,1287,1999,1,144,1.583326733961206e-13,6.661338147750939e-15,0.007684530923143029
431,ISM,1287,1999,1,144,1.5829987282700226e-13,6.661338147750939e-15,0.008412709925323725
432,DI,1287,1999,1,145,1.5801822001818968e-13,5.773159728050814e-15,0.08539049606770277
433,WMI,1287,1999,1,145,1.583326733961206e-13,6.661338147750939e-15,0.00751235312782228
434,ISM,1287,1999,1,145,1.5829987282700226e-13,6.661338147750939e-15,0.007346266880631447
435,DI,1287,1999,1,146,1.5801822001818968e-13,5.773159728050814e-15,0.08299008291214705
436,WMI,1287,1999,1,146,1.583326733961206e-13,6.661338147750939e-15,0.0074745051097124815
437,ISM,1287,1999,1,146,1.5829987282700226e-13,6.661338147750939e-15,0.007599762175232172
438,DI,1287,1999,1,147,1.5801822001818968e-13,5.773159728050814e-15,0.08378029195591807
439,WMI,1287,1999,1,147,1.583326733961206e-13,6.661338147750939e-15,0.007603453006595373
440,ISM,1287,1999,1,147,1.5829987282700226e-13,6.661338147750939e-15,0.007388396188616753
441,DI,1287,1999,1,148,1.5801822001818968e-13,5.773159728050814e-15,0.0831676609814167
442,WMI,1287,1999,1,148,1.583326733961206e-13,6.661338147750939e-15,0.007424244889989495
443,ISM,1287,1999,1,148,1.5829987282700226e-13,6.661338147750939e-15,0.007446665083989501
444,DI,1287,1999,1,149,1.5801822001818968e-13,5.773159728050814e-15,0.08465872798115015
445,WMI,1287,1999,1,149,1.583326733961206e-13,6.661338147750939e-15,0.007864767918363214
446,ISM,1287,1999,1,149,1.5829987282700226e-13,6.661338147750939e-15,0.007275206968188286
447,DI,1287,1999,1,150,1.5801822001818968e-13,5.773159728050814e-15,0.08439822192303836
448,WMI,1287,1999,1,150,1.583326733961206e-13,6.661338147750939e-15,0.007676230976358056
449,ISM,1287,1999,1,150,1.5829987282700226e-13,6.661338147750939e-15,0.007843767991289496
450,DI,1287,1999,1,151,1.5801822001818968e-13,5.773159728050814e-15,0.08486700500361621
451,WMI,1287,1999,1,151,1.583326733961206e-13,6.661338147750939e-15,0.008091194089502096
452,ISM,1287,1999,1,151,1.5829987282700226e-13,6.661338147750939e-15,0.00812296406365931
453,DI,1287,1999,1,152,1.5801822001818968e-13,5.773159728050814e-15,0.08790010679513216
454,WMI,1287,1999,1,152,1.583326733961206e-13,6.661338147750939e-15,0.009548351867124438
455,ISM,1287,1999,1,152,1.5829987282700226e-13,6.661338147750939e-15,0.008869603043422103
456,DI,1287,1999,1,153,1.5801822001818968e-13,5.773159728050814e-15,0.08463143790140748
457,WMI,1287,1999,1,153,1.583326733961206e-13,6.661338147750939e-15,0.007674071006476879
458,ISM,1287,1999,1,153,1.5829987282700226e-13,6.661338147750939e-15,0.007952036103233695
459,DI,1287,1999,1,154,1.5801822001818968e-13,5.773159728050814e-15,0.08605337608605623
460,WMI,1287,1999,1,154,1.583326733961206e-13,6.661338147750939e-15,0.007609843043610454
461,ISM,1287,1999,1,154,1.5829987282700226e-13,6.661338147750939e-15,0.007407754892483354
462,DI,1287,1999,1,155,1.5801822001818968e-13,5.773159728050814e-15,0.08411357598379254
463,WMI,1287,1999,1,155,1.583326733961206e-13,6.661338147750939e-15,0.007889767875894904
464,ISM,1287,1999,1,155,1.5829987282700226e-13,6.661338147750939e-15,0.007614891976118088
465,DI,1287,1999,1,156,1.5801822001818968e-13,5.773159728050814e-15,0.08437546202912927
466,WMI,1287,1999,1,156,1.583326733961206e-13,6.661338147750939e-15,0.008294950937852263
467,ISM,1287,1999,1,156,1.5829987282700226e-13,6.661338147750939e-15,0.008091244846582413
468,DI,1287,1999,1,157,1.5801822001818968e-13,5.773159728050814e-15,0.0860459660179913
469,WMI,1287,1999,1,157,1.583326733961206e-13,6.661338147750939e-15,0.007703790906816721
470,ISM,1287,1999,1,157,1.5829987282700226e-13,6.661338147750939e-15,0.008078185142949224
471,DI,1287,1999,1,158,1.5801822001818968e-13,5.773159728050814e-15,0.0839948479551822
472,WMI,1287,1999,1,158,1.583326733961206e-13,6.661338147750939e-15,0.007829157868400216
473,ISM,1287,1999,1,158,1.5829987282700226e-13,6.661338147750939e-15,0.00766617082990706
474,DI,1287,1999,1,159,1.5801822001818968e-13,5.773159728050814e-15,0.08773312997072935
475,WMI,1287,1999,1,159,1.583326733961206e-13,6.661338147750939e-15,0.008013485930860043
476,ISM,1287,1999,1,159,1.5829987282700226e-13,6.661338147750939e-15,0.007536813151091337
477,DI,1287,1999,1,160,1.5801822001818968e-13,5.773159728050814e-15,0.08448958001099527
478,WMI,1287,1999,1,160,1.583326733961206e-13,6.661338147750939e-15,0.007630461826920509
479,ISM,1287,1999,1,160,1.5829987282700226e-13,6.661338147750939e-15,0.007830858929082751
480,DI,1287,1999,1,161,1.5801822001818968e-13,5.773159728050814e-15,0.08485038508661091
481,WMI,1287,1999,1,161,1.583326733961206e-13,6.661338147750939e-15,0.008053134893998504
482,ISM,1287,1999,1,161,1.5829987282700226e-13,6.661338147750939e-15,0.007729460950940847
483,DI,1287,1999,1,162,1.5801822001818968e-13,5.773159728050814e-15,0.08590112905949354
484,WMI,1287,1999,1,162,1.583326733961206e-13,6.661338147750939e-15,0.007780729094520211
485,ISM,1287,1999,1,162,1.5829987282700226e-13,6.661338147750939e-15,0.007574832998216152
486,DI,1287,1999,1,163,1.5801822001818968e-13,5.773159728050814e-15,0.08560130302794278
487,WMI,1287,1999,1,163,1.583326733961206e-13,6.661338147750939e-15,0.00757555291056633
488,ISM,1287,1999,1,163,1.5829987282700226e-13,6.661338147750939e-15,0.007631042040884495
489,DI,1287,1999,1,164,1.5801822001818968e-13,5.773159728050814e-15,0.08543344493955374
490,WMI,1287,1999,1,164,1.583326733961206e-13,6.661338147750939e-15,0.008178802905604243
491,ISM,1287,1999,1,164,1.5829987282700226e-13,6.661338147750939e-15,0.00810483400709927
492,DI,1287,1999,1,165,1.5801822001818968e-13,5.773159728050814e-15,0.0857018621172756
493,WMI,1287,1999,1,165,1.583326733961206e-13,6.661338147750939e-15,0.007979847025126219
494,ISM,1287,1999,1,165,1.5829987282700226e-13,6.661338147750939e-15,0.00811064406298101
495,DI,1287,1999,1,166,1.5801822001818968e-13,5.773159728050814e-15,0.08552772412076592
496,WMI,1287,1999,1,166,1.583326733961206e-13,6.661338147750939e-15,0.00760240200906992
497,ISM,1287,1999,1,166,1.5829987282700226e-13,6.661338147750939e-15,0.0076072318479418755
498,DI,1287,1999,1,167,1.5801822001818968e-13,5.773159728050814e-15,0.08613273501396179
499,WMI,1287,1999,1,167,1.583326733961206e-13,6.661338147750939e-15,0.0073837051168084145
500,ISM,1287,1999,1,167,1.5829987282700226e-13,6.661338147750939e-15,0.007350766099989414
501,DI,1287,1999,1,168,1.5801822001818968e-13,5.773159728050814e-15,0.08765921089798212
502,WMI,1287,1999,1,168,1.583326733961206e-13,6.661338147750939e-15,0.0076989110093563795
503,ISM,1287,1999,1,168,1.5829987282700226e-13,6.661338147750939e-15,0.007501794025301933
504,DI,1287,1999,1,169,1.5801822001818968e-13,5.773159728050814e-15,0.08714829897508025
505,WMI,1287,1999,1,169,1.583326733961206e-13,6.661338147750939e-15,0.007611752953380346
506,ISM,1287,1999,1,169,1.5829987282700226e-13,6.661338147750939e-15,0.0074891140684485435
507,DI,1287,1999,1,170,1.5801822001818968e-13,5.773159728050814e-15,0.08389527909457684
508,WMI,1287,1999,1,170,1.583326733961206e-13,6.661338147750939e-15,0.007564662955701351
509,ISM,1287,1999,1,170,1.5829987282700226e-13,6.661338147750939e-15,0.0074555049650371075
510,DI,1287,1999,1,171,1.5801822001818968e-13,5.773159728050814e-15,0.08387373993173242
511,WMI,1287,1999,1,171,1.583326733961206e-13,6.661338147750939e-15,0.0074715840164572
512,ISM,1287,1999,1,171,1.5829987282700226e-13,6.661338147750939e-15,0.0073705550748854876
513,DI,1287,1999,1,172,1.5801822001818968e-13,5.773159728050814e-15,0.08662612782791257
514,WMI,1287,1999,1,172,1.583326733961206e-13,6.661338147750939e-15,0.007498994003981352
515,ISM,1287,1999,1,172,1.5829987282700226e-13,6.661338147750939e-15,0.007597072049975395
516,DI,1287,1999,1,173,1.5801822001818968e-13,5.773159728050814e-15,0.08950284286402166
517,WMI,1287,1999,1,173,1.583326733961206e-13,6.661338147750939e-15,0.007499014027416706
518,ISM,1287,1999,1,173,1.5829987282700226e-13,6.661338147750939e-15,0.007611831882968545
519,DI,1287,1999,1,174,1.5801822001818968e-13,5.773159728050814e-15,0.08691968279890716
520,WMI,1287,1999,1,174,1.583326733961206e-13,6.661338147750939e-15,0.007527193985879421
521,ISM,1287,1999,1,174,1.5829987282700226e-13,6.661338147750939e-15,0.007696710992604494
522,DI,1287,1999,1,175,1.5801822001818968e-13,5.773159728050814e-15,0.08361432398669422
523,WMI,1287,1999,1,175,1.583326733961206e-13,6.661338147750939e-15,0.007257787045091391
524,ISM,1287,1999,1,175,1.5829987282700226e-13,6.661338147750939e-15,0.007588831940665841
525,DI,1287,1999,1,176,1.5801822001818968e-13,5.773159728050814e-15,0.08329508895985782
526,WMI,1287,1999,1,176,1.583326733961206e-13,6.661338147750939e-15,0.007539992919191718
527,ISM,1287,1999,1,176,1.5829987282700226e-13,6.661338147750939e-15,0.007524124113842845
528,DI,1287,1999,1,177,1.5801822001818968e-13,5.773159728050814e-15,0.0830590829718858
529,WMI,1287,1999,1,177,1.583326733961206e-13,6.661338147750939e-15,0.00790005805902183
530,ISM,1287,1999,1,177,1.5829987282700226e-13,6.661338147750939e-15,0.007482234155759215
531,DI,1287,1999,1,178,1.5801822001818968e-13,5.773159728050814e-15,0.08704961091279984
532,WMI,1287,1999,1,178,1.583326733961206e-13,6.661338147750939e-15,0.008120754035189748
533,ISM,1287,1999,1,178,1.5829987282700226e-13,6.661338147750939e-15,0.007623961893841624
534,DI,1287,1999,1,179,1.5801822001818968e-13,5.773159728050814e-15,0.08538291603326797
535,WMI,1287,1999,1,179,1.583326733961206e-13,6.661338147750939e-15,0.007868098095059395
536,ISM,1287,1999,1,179,1.5829987282700226e-13,6.661338147750939e-15,0.007758270017802715
537,DI,1287,1999,1,180,1.5801822001818968e-13,5.773159728050814e-15,0.08553005498833954
538,WMI,1287,1999,1,180,1.583326733961206e-13,6.661338147750939e-15,0.009026259882375598
539,ISM,1287,1999,1,180,1.5829987282700226e-13,6.661338147750939e-15,0.00742749497294426
540,DI,1287,1999,1,181,1.5801822001818968e-13,5.773159728050814e-15,0.08261400903575122
541,WMI,1287,1999,1,181,1.583326733961206e-13,6.661338147750939e-15,0.007541473023593426
542,ISM,1287,1999,1,181,1.5829987282700226e-13,6.661338147750939e-15,0.00804597488604486
543,DI,1287,1999,1,182,1.5801822001818968e-13,5.773159728050814e-15,0.0836338740773499
544,WMI,1287,1999,1,182,1.583326733961206e-13,6.661338147750939e-15,0.007745439885184169
545,ISM,1287,1999,1,182,1.5829987282700226e-13,6.661338147750939e-15,0.007592483190819621
546,DI,1287,1999,1,183,1.5801822001818968e-13,5.773159728050814e-15,0.0845065200701356
547,WMI,1287,1999,1,183,1.583326733961206e-13,6.661338147750939e-15,0.007897206814959645
548,ISM,1287,1999,1,183,1.5829987282700226e-13,6.661338147750939e-15,0.00761733204126358
549,DI,1287,1999,1,184,1.5801822001818968e-13,5.773159728050814e-15,0.08334975806064904
550,WMI,1287,1999,1,184,1.583326733961206e-13,6.661338147750939e-15,0.008102324092760682
551,ISM,1287,1999,1,184,1.5829987282700226e-13,6.661338147750939e-15,0.007412245962768793
552,DI,1287,1999,1,185,1.5801822001818968e-13,5.773159728050814e-15,0.08381644100882113
553,WMI,1287,1999,1,185,1.583326733961206e-13,6.661338147750939e-15,0.007600852055475116
554,ISM,1287,1999,1,185,1.5829987282700226e-13,6.661338147750939e-15,0.007443414069712162
555,DI,1287,1999,1,186,1.5801822001818968e-13,5.773159728050814e-15,0.08345844596624374
556,WMI,1287,1999,1,186,1.583326733961206e-13,6.661338147750939e-15,0.00791286793537438
557,ISM,1287,1999,1,186,1.5829987282700226e-13,6.661338147750939e-15,0.0075164539739489555
558,DI,1287,1999,1,187,1.5801822001818968e-13,5.773159728050814e-15,0.08511475985869765
559,WMI,1287,1999,1,187,1.583326733961206e-13,6.661338147750939e-15,0.008301702095195651
560,ISM,1287,1999,1,187,1.5829987282700226e-13,6.661338147750939e-15,0.007912307046353817
561,DI,1287,1999,1,188,1.5801822001818968e-13,5.773159728050814e-15,0.0860446160659194
562,WMI,1287,1999,1,188,1.583326733961206e-13,6.661338147750939e-15,0.0075136839877814054
563,ISM,1287,1999,1,188,1.5829987282700226e-13,6.661338147750939e-15,0.007641562027856708
564,DI,1287,1999,1,189,1.5801822001818968e-13,5.773159728050814e-15,0.0858236001804471
565,WMI,1287,1999,1,189,1.583326733961206e-13,6.661338147750939e-15,0.007545233005657792
566,ISM,1287,1999,1,189,1.5829987282700226e-13,6.661338147750939e-15,0.007703870069235563
567,DI,1287,1999,1,190,1.5801822001818968e-13,5.773159728050814e-15,0.08389003993943334
568,WMI,1287,1999,1,190,1.583326733961206e-13,6.661338147750939e-15,0.0077564900275319815
569,ISM,1287,1999,1,190,1.5829987282700226e-13,6.661338147750939e-15,0.007514774100854993
570,DI,1287,1999,1,191,1.5801822001818968e-13,5.773159728050814e-15,0.08507549110800028
571,WMI,1287,1999,1,191,1.583326733961206e-13,6.661338147750939e-15,0.0077444801572710276
572,ISM,1287,1999,1,191,1.5829987282700226e-13,6.661338147750939e-15,0.007976465858519077
573,DI,1287,1999,1,192,1.5801822001818968e-13,5.773159728050814e-15,0.08698542206548154
574,WMI,1287,1999,1,192,1.583326733961206e-13,6.661338147750939e-15,0.007833588169887662
575,ISM,1287,1999,1,192,1.5829987282700226e-13,6.661338147750939e-15,0.007968646939843893
576,DI,1287,1999,1,193,1.5801822001818968e-13,5.773159728050814e-15,0.08718003798276186
577,WMI,1287,1999,1,193,1.583326733961206e-13,6.661338147750939e-15,0.007848278852179646
578,ISM,1287,1999,1,193,1.5829987282700226e-13,6.661338147750939e-15,0.00797389610670507
579,DI,1287,1999,1,194,1.5801822001818968e-13,5.773159728050814e-15,0.08567158202640712
580,WMI,1287,1999,1,194,1.583326733961206e-13,6.661338147750939e-15,0.008134853793308139
581,ISM,1287,1999,1,194,1.5829987282700226e-13,6.661338147750939e-15,0.007997086038812995
582,DI,1287,1999,1,195,1.5801822001818968e-13,5.773159728050814e-15,0.0839361478574574
583,WMI,1287,1999,1,195,1.583326733961206e-13,6.661338147750939e-15,0.007390705170109868
584,ISM,1287,1999,1,195,1.5829987282700226e-13,6.661338147750939e-15,0.00775283994153142
585,DI,1287,1999,1,196,1.5801822001818968e-13,5.773159728050814e-15,0.08532573701813817
586,WMI,1287,1999,1,196,1.583326733961206e-13,6.661338147750939e-15,0.007715750951319933
587,ISM,1287,1999,1,196,1.5829987282700226e-13,6.661338147750939e-15,0.007406065007671714
588,DI,1287,1999,1,197,1.5801822001818968e-13,5.773159728050814e-15,0.08420633408240974
589,WMI,1287,1999,1,197,1.583326733961206e-13,6.661338147750939e-15,0.007750580087304115
590,ISM,1287,1999,1,197,1.5829987282700226e-13,6.661338147750939e-15,0.00741735496558249
591,DI,1287,1999,1,198,1.5801822001818968e-13,5.773159728050814e-15,0.084397051949054
592,WMI,1287,1999,1,198,1.583326733961206e-13,6.661338147750939e-15,0.007815798977389932
593,ISM,1287,1999,1,198,1.5829987282700226e-13,6.661338147750939e-15,0.007683890871703625
594,DI,1287,1999,1,199,1.5801822001818968e-13,5.773159728050814e-15,0.08500060206279159
595,WMI,1287,1999,1,199,1.583326733961206e-13,6.661338147750939e-15,0.007744889939203858
596,ISM,1287,1999,1,199,1.5829987282700226e-13,6.661338147750939e-15,0.0077460999600589275
597,DI,1287,1999,1,200,1.5801822001818968e-13,5.773159728050814e-15,0.08433774299919605
598,WMI,1287,1999,1,200,1.583326733961206e-13,6.661338147750939e-15,0.007509874179959297
599,ISM,1287,1999,1,200,1.5829987282700226e-13,6.661338147750939e-15,0.007837317883968353
600,DI,1287,1998,2,1,1.5938794709891752e-13,6.439293542825908e-15,0.08221840509213507
601,WMI,1287,1998,2,1,1.6050268047834371e-13,6.661338147750939e-15,0.007389056030660868
602,ISM,1287,1998,2,1,2.9023506464738764,0.029804721014460113,0.011030889116227627
603,DI,1287,1998,2,2,1.5938794709891752e-13,6.439293542825908e-15,0.0841462048701942
604,WMI,1287,1998,2,2,1.6050268047834371e-13,6.661338147750939e-15,0.007677491055801511
605,ISM,1287,1998,2,2,2.9023506464738764,0.029804721014460113,0.01133125415071845
606,DI,1287,1998,2,3,1.5938794709891752e-13,6.439293542825908e-15,0.08398720808327198
607,WMI,1287,1998,2,3,1.6050268047834371e-13,6.661338147750939e-15,0.00723269721493125
608,ISM,1287,1998,2,3,2.9023506464738764,0.029804721014460113,0.011000100057572126
609,DI,1287,1998,2,4,1.5938794709891752e-13,6.439293542825908e-15,0.08763277088291943
610,WMI,1287,1998,2,4,1.6050268047834371e-13,6.661338147750939e-15,0.007521092891693115
611,ISM,1287,1998,2,4,2.9023506464738764,0.029804721014460113,0.011678028851747513
612,DI,1287,1998,2,5,1.5938794709891752e-13,6.439293542825908e-15,0.08443889091722667
613,WMI,1287,1998,2,5,1.6050268047834371e-13,6.661338147750939e-15,0.007703860988840461
614,ISM,1287,1998,2,5,2.9023506464738764,0.029804721014460113,0.011607749853283167
615,DI,1287,1998,2,6,1.5938794709891752e-13,6.439293542825908e-15,0.08362285397015512
616,WMI,1287,1998,2,6,1.6050268047834371e-13,6.661338147750939e-15,0.007749838987365365
617,ISM,1287,1998,2,6,2.9023506464738764,0.029804721014460113,0.011646040016785264
618,DI,1287,1998,2,7,1.5938794709891752e-13,6.439293542825908e-15,0.08469284698367119
619,WMI,1287,1998,2,7,1.6050268047834371e-13,6.661338147750939e-15,0.007412904174998403
620,ISM,1287,1998,2,7,2.9023506464738764,0.029804721014460113,0.011691669002175331
621,DI,1287,1998,2,8,1.5938794709891752e-13,6.439293542825908e-15,0.08477676613256335
622,WMI,1287,1998,2,8,1.6050268047834371e-13,6.661338147750939e-15,0.0074062650091946125
623,ISM,1287,1998,2,8,2.9023506464738764,0.029804721014460113,0.011383934179320931
624,DI,1287,1998,2,9,1.5938794709891752e-13,6.439293542825908e-15,0.08611348504200578
625,WMI,1287,1998,2,9,1.6050268047834371e-13,6.661338147750939e-15,0.007574923103675246
626,ISM,1287,1998,2,9,2.9023506464738764,0.029804721014460113,0.011409024009481072
627,DI,1287,1998,2,10,1.5938794709891752e-13,6.439293542825908e-15,0.08441432099789381
628,WMI,1287,1998,2,10,1.6050268047834371e-13,6.661338147750939e-15,0.007200779160484672
629,ISM,1287,1998,2,10,2.9023506464738764,0.029804721014460113,0.010848562000319362
630,DI,1287,1998,2,11,1.5938794709891752e-13,6.439293542825908e-15,0.08678853511810303
631,WMI,1287,1998,2,11,1.6050268047834371e-13,6.661338147750939e-15,0.00750635308213532
632,ISM,1287,1998,2,11,2.9023506464738764,0.029804721014460113,0.011583260959014297
633,DI,1287,1998,2,12,1.5938794709891752e-13,6.439293542825908e-15,0.08148278598673642
634,WMI,1287,1998,2,12,1.6050268047834371e-13,6.661338147750939e-15,0.007611872162669897
635,ISM,1287,1998,2,12,2.9023506464738764,0.029804721014460113,0.011167717166244984
636,DI,1287,1998,2,13,1.5938794709891752e-13,6.439293542825908e-15,0.08270963793620467
637,WMI,1287,1998,2,13,1.6050268047834371e-13,6.661338147750939e-15,0.007341186050325632
638,ISM,1287,1998,2,13,2.9023506464738764,0.029804721014460113,0.011203136062249541
639,DI,1287,1998,2,14,1.5938794709891752e-13,6.439293542825908e-15,0.08203813806176186
640,WMI,1287,1998,2,14,1.6050268047834371e-13,6.661338147750939e-15,0.007345806108787656
641,ISM,1287,1998,2,14,2.9023506464738764,0.029804721014460113,0.011645699152722955
642,DI,1287,1998,2,15,1.5938794709891752e-13,6.439293542825908e-15,0.08232201403006911
643,WMI,1287,1998,2,15,1.6050268047834371e-13,6.661338147750939e-15,0.0076036821119487286
644,ISM,1287,1998,2,15,2.9023506464738764,0.029804721014460113,0.011410433100536466
645,DI,1287,1998,2,16,1.5938794709891752e-13,6.439293542825908e-15,0.08416985487565398
646,WMI,1287,1998,2,16,1.6050268047834371e-13,6.661338147750939e-15,0.007436505053192377
647,ISM,1287,1998,2,16,2.9023506464738764,0.029804721014460113,0.01146616181358695
648,DI,1287,1998,2,17,1.5938794709891752e-13,6.439293542825908e-15,0.08389634802006185
649,WMI,1287,1998,2,17,1.6050268047834371e-13,6.661338147750939e-15,0.007395156193524599
650,ISM,1287,1998,2,17,2.9023506464738764,0.029804721014460113,0.01196372415870428
651,DI,1287,1998,2,18,1.5938794709891752e-13,6.439293542825908e-15,0.08937933295965195
652,WMI,1287,1998,2,18,1.6050268047834371e-13,6.661338147750939e-15,0.007831888971850276
653,ISM,1287,1998,2,18,2.9023506464738764,0.029804721014460113,0.01195937511511147
654,DI,1287,1998,2,19,1.5938794709891752e-13,6.439293542825908e-15,0.08904821891337633
655,WMI,1287,1998,2,19,1.6050268047834371e-13,6.661338147750939e-15,0.00868728500790894
656,ISM,1287,1998,2,19,2.9023506464738764,0.029804721014460113,0.011964283883571625
657,DI,1287,1998,2,20,1.5938794709891752e-13,6.439293542825908e-15,0.08364601200446486
658,WMI,1287,1998,2,20,1.6050268047834371e-13,6.661338147750939e-15,0.007599011994898319
659,ISM,1287,1998,2,20,2.9023506464738764,0.029804721014460113,0.012027892982587218
660,DI,1287,1998,2,21,1.5938794709891752e-13,6.439293542825908e-15,0.08795884507708251
661,WMI,1287,1998,2,21,1.6050268047834371e-13,6.661338147750939e-15,0.00763063202612102
662,ISM,1287,1998,2,21,2.9023506464738764,0.029804721014460113,0.011789937037974596
663,DI,1287,1998,2,22,1.5938794709891752e-13,6.439293542825908e-15,0.0828950630966574
664,WMI,1287,1998,2,22,1.6050268047834371e-13,6.661338147750939e-15,0.007828708970919251
665,ISM,1287,1998,2,22,2.9023506464738764,0.029804721014460113,0.012054632883518934
666,DI,1287,1998,2,23,1.5938794709891752e-13,6.439293542825908e-15,0.0865239379927516
667,WMI,1287,1998,2,23,1.6050268047834371e-13,6.661338147750939e-15,0.0078710678499192
668,ISM,1287,1998,2,23,2.9023506464738764,0.029804721014460113,0.011783847119659185
669,DI,1287,1998,2,24,1.5938794709891752e-13,6.439293542825908e-15,0.08556610182859004
670,WMI,1287,1998,2,24,1.6050268047834371e-13,6.661338147750939e-15,0.008089554961770773
671,ISM,1287,1998,2,24,2.9023506464738764,0.029804721014460113,0.012057403102517128
672,DI,1287,1998,2,25,1.5938794709891752e-13,6.439293542825908e-15,0.09096703794784844
673,WMI,1287,1998,2,25,1.6050268047834371e-13,6.661338147750939e-15,0.007831579074263573
674,ISM,1287,1998,2,25,2.9023506464738764,0.029804721014460113,0.011635959846898913
675,DI,1287,1998,2,26,1.5938794709891752e-13,6.439293542825908e-15,0.08465696591883898
676,WMI,1287,1998,2,26,1.6050268047834371e-13,6.661338147750939e-15,0.007900147000327706
677,ISM,1287,1998,2,26,2.9023506464738764,0.029804721014460113,0.011860066093504429
678,DI,1287,1998,2,27,1.5938794709891752e-13,6.439293542825908e-15,0.0839145181234926
679,WMI,1287,1998,2,27,1.6050268047834371e-13,6.661338147750939e-15,0.00759464199654758
680,ISM,1287,1998,2,27,2.9023506464738764,0.029804721014460113,0.01180762704461813
681,DI,1287,1998,2,28,1.5938794709891752e-13,6.439293542825908e-15,0.08409811509773135
682,WMI,1287,1998,2,28,1.6050268047834371e-13,6.661338147750939e-15,0.0077953089494258165
683,ISM,1287,1998,2,28,2.9023506464738764,0.029804721014460113,0.011626830091699958
684,DI,1287,1998,2,29,1.5938794709891752e-13,6.439293542825908e-15,0.08426938182674348
685,WMI,1287,1998,2,29,1.6050268047834371e-13,6.661338147750939e-15,0.007925956975668669
686,ISM,1287,1998,2,29,2.9023506464738764,0.029804721014460113,0.011898515978828073
687,DI,1287,1998,2,30,1.5938794709891752e-13,6.439293542825908e-15,0.08588996715843678
688,WMI,1287,1998,2,30,1.6050268047834371e-13,6.661338147750939e-15,0.007993414998054504
689,ISM,1287,1998,2,30,2.9023506464738764,0.029804721014460113,0.011434831889346242
690,DI,1287,1998,2,31,1.5938794709891752e-13,6.439293542825908e-15,0.08341162581928074
691,WMI,1287,1998,2,31,1.6050268047834371e-13,6.661338147750939e-15,0.007921697106212378
692,ISM,1287,1998,2,31,2.9023506464738764,0.029804721014460113,0.011554470984265208
693,DI,1287,1998,2,32,1.5938794709891752e-13,6.439293542825908e-15,0.0886713438667357
694,WMI,1287,1998,2,32,1.6050268047834371e-13,6.661338147750939e-15,0.007224098080769181
695,ISM,1287,1998,2,32,2.9023506464738764,0.029804721014460113,0.010984650114551187
696,DI,1287,1998,2,33,1.5938794709891752e-13,6.439293542825908e-15,0.08138750703074038
697,WMI,1287,1998,2,33,1.6050268047834371e-13,6.661338147750939e-15,0.007402055896818638
698,ISM,1287,1998,2,33,2.9023506464738764,0.029804721014460113,0.011313745053485036
699,DI,1287,1998,2,34,1.5938794709891752e-13,6.439293542825908e-15,0.08237400185316801
700,WMI,1287,1998,2,34,1.6050268047834371e-13,6.661338147750939e-15,0.00736408494412899
701,ISM,1287,1998,2,34,2.9023506464738764,0.029804721014460113,0.01111293793655932
702,DI,1287,1998,2,35,1.5938794709891752e-13,6.439293542825908e-15,0.08197149797342718
703,WMI,1287,1998,2,35,1.6050268047834371e-13,6.661338147750939e-15,0.007549912901595235
704,ISM,1287,1998,2,35,2.9023506464738764,0.029804721014460113,0.01144673302769661
705,DI,1287,1998,2,36,1.5938794709891752e-13,6.439293542825908e-15,0.08102664304897189
706,WMI,1287,1998,2,36,1.6050268047834371e-13,6.661338147750939e-15,0.007337675895541906
707,ISM,1287,1998,2,36,2.9023506464738764,0.029804721014460113,0.012404666980728507
708,DI,1287,1998,2,37,1.5938794709891752e-13,6.439293542825908e-15,0.08359844284132123
709,WMI,1287,1998,2,37,1.6050268047834371e-13,6.661338147750939e-15,0.007504803128540516
710,ISM,1287,1998,2,37,2.9023506464738764,0.029804721014460113,0.011609930079430342
711,DI,1287,1998,2,38,1.5938794709891752e-13,6.439293542825908e-15,0.08280960493721068
712,WMI,1287,1998,2,38,1.6050268047834371e-13,6.661338147750939e-15,0.006949831964448094
713,ISM,1287,1998,2,38,2.9023506464738764,0.029804721014460113,0.011213755933567882
714,DI,1287,1998,2,39,1.5938794709891752e-13,6.439293542825908e-15,0.08823722088709474
715,WMI,1287,1998,2,39,1.6050268047834371e-13,6.661338147750939e-15,0.006994760828092694
716,ISM,1287,1998,2,39,2.9023506464738764,0.029804721014460113,0.01127809495665133
717,DI,1287,1998,2,40,1.5938794709891752e-13,6.439293542825908e-15,0.0820987659972161
718,WMI,1287,1998,2,40,1.6050268047834371e-13,6.661338147750939e-15,0.00689147412776947
719,ISM,1287,1998,2,40,2.9023506464738764,0.029804721014460113,0.011146006872877479
720,DI,1287,1998,2,41,1.5938794709891752e-13,6.439293542825908e-15,0.08003424806520343
721,WMI,1287,1998,2,41,1.6050268047834371e-13,6.661338147750939e-15,0.006882613990455866
722,ISM,1287,1998,2,41,2.9023506464738764,0.029804721014460113,0.011934124864637852
723,DI,1287,1998,2,42,1.5938794709891752e-13,6.439293542825908e-15,0.08503324096091092
724,WMI,1287,1998,2,42,1.6050268047834371e-13,6.661338147750939e-15,0.0077639499213546515
725,ISM,1287,1998,2,42,2.9023506464738764,0.029804721014460113,0.010870460886508226
726,DI,1287,1998,2,43,1.5938794709891752e-13,6.439293542825908e-15,0.08451614785008132
727,WMI,1287,1998,2,43,1.6050268047834371e-13,6.661338147750939e-15,0.008057685103267431
728,ISM,1287,1998,2,43,2.9023506464738764,0.029804721014460113,0.011851235991343856
729,DI,1287,1998,2,44,1.5938794709891752e-13,6.439293542825908e-15,0.08652617805637419
730,WMI,1287,1998,2,44,1.6050268047834371e-13,6.661338147750939e-15,0.007795029086992145
731,ISM,1287,1998,2,44,2.9023506464738764,0.029804721014460113,0.01182701694779098
732,DI,1287,1998,2,45,1.5938794709891752e-13,6.439293542825908e-15,0.08546031382866204
733,WMI,1287,1998,2,45,1.6050268047834371e-13,6.661338147750939e-15,0.007394696120172739
734,ISM,1287,1998,2,45,2.9023506464738764,0.029804721014460113,0.011511001968756318
735,DI,1287,1998,2,46,1.5938794709891752e-13,6.439293542825908e-15,0.08922158600762486
736,WMI,1287,1998,2,46,1.6050268047834371e-13,6.661338147750939e-15,0.007846768014132977
737,ISM,1287,1998,2,46,2.9023506464738764,0.029804721014460113,0.011352513916790485
738,DI,1287,1998,2,47,1.5938794709891752e-13,6.439293542825908e-15,0.08745674300007522
739,WMI,1287,1998,2,47,1.6050268047834371e-13,6.661338147750939e-15,0.007984965806826949
740,ISM,1287,1998,2,47,2.9023506464738764,0.029804721014460113,0.01167890802025795
741,DI,1287,1998,2,48,1.5938794709891752e-13,6.439293542825908e-15,0.08527949592098594
742,WMI,1287,1998,2,48,1.6050268047834371e-13,6.661338147750939e-15,0.007956996094435453
743,ISM,1287,1998,2,48,2.9023506464738764,0.029804721014460113,0.011390493018552661
744,DI,1287,1998,2,49,1.5938794709891752e-13,6.439293542825908e-15,0.08428007201291621
745,WMI,1287,1998,2,49,1.6050268047834371e-13,6.661338147750939e-15,0.00772108999080956
746,ISM,1287,1998,2,49,2.9023506464738764,0.029804721014460113,0.01183594693429768
747,DI,1287,1998,2,50,1.5938794709891752e-13,6.439293542825908e-15,0.08515583793632686
748,WMI,1287,1998,2,50,1.6050268047834371e-13,6.661338147750939e-15,0.007829358102753758
749,ISM,1287,1998,2,50,2.9023506464738764,0.029804721014460113,0.011487281881272793
750,DI,1287,1998,2,51,1.5938794709891752e-13,6.439293542825908e-15,0.08625168190337718
751,WMI,1287,1998,2,51,1.6050268047834371e-13,6.661338147750939e-15,0.007900458062067628
752,ISM,1287,1998,2,51,2.9023506464738764,0.029804721014460113,0.011739267967641354
753,DI,1287,1998,2,52,1.5938794709891752e-13,6.439293542825908e-15,0.08577505894936621
754,WMI,1287,1998,2,52,1.6050268047834371e-13,6.661338147750939e-15,0.00720314821228385
755,ISM,1287,1998,2,52,2.9023506464738764,0.029804721014460113,0.011307874927297235
756,DI,1287,1998,2,53,1.5938794709891752e-13,6.439293542825908e-15,0.09883428714238107
757,WMI,1287,1998,2,53,1.6050268047834371e-13,6.661338147750939e-15,0.008264332078397274
758,ISM,1287,1998,2,53,2.9023506464738764,0.029804721014460113,0.011347403982654214
759,DI,1287,1998,2,54,1.5938794709891752e-13,6.439293542825908e-15,0.08318518893793225
760,WMI,1287,1998,2,54,1.6050268047834371e-13,6.661338147750939e-15,0.007523733889684081
761,ISM,1287,1998,2,54,2.9023506464738764,0.029804721014460113,0.01170518808066845
762,DI,1287,1998,2,55,1.5938794709891752e-13,6.439293542825908e-15,0.08287417399697006
763,WMI,1287,1998,2,55,1.6050268047834371e-13,6.661338147750939e-15,0.007373204920440912
764,ISM,1287,1998,2,55,2.9023506464738764,0.029804721014460113,0.01103751896880567
765,DI,1287,1998,2,56,1.5938794709891752e-13,6.439293542825908e-15,0.08227438386529684
766,WMI,1287,1998,2,56,1.6050268047834371e-13,6.661338147750939e-15,0.007355866022408009
767,ISM,1287,1998,2,56,2.9023506464738764,0.029804721014460113,0.011473351856693625
768,DI,1287,1998,2,57,1.5938794709891752e-13,6.439293542825908e-15,0.08225237298756838
769,WMI,1287,1998,2,57,1.6050268047834371e-13,6.661338147750939e-15,0.007241348037496209
770,ISM,1287,1998,2,57,2.9023506464738764,0.029804721014460113,0.011293774005025625
771,DI,1287,1998,2,58,1.5938794709891752e-13,6.439293542825908e-15,0.08395767793990672
772,WMI,1287,1998,2,58,1.6050268047834371e-13,6.661338147750939e-15,0.0077278700191527605
773,ISM,1287,1998,2,58,2.9023506464738764,0.029804721014460113,0.011078797979280353
774,DI,1287,1998,2,59,1.5938794709891752e-13,6.439293542825908e-15,0.08309581107459962
775,WMI,1287,1998,2,59,1.6050268047834371e-13,6.661338147750939e-15,0.007822298910468817
776,ISM,1287,1998,2,59,2.9023506464738764,0.029804721014460113,0.011180686997249722
777,DI,1287,1998,2,60,1.5938794709891752e-13,6.439293542825908e-15,0.08778352802619338
778,WMI,1287,1998,2,60,1.6050268047834371e-13,6.661338147750939e-15,0.007563011953607202
779,ISM,1287,1998,2,60,2.9023506464738764,0.029804721014460113,0.011653289198875427
780,DI,1287,1998,2,61,1.5938794709891752e-13,6.439293542825908e-15,0.08384283911436796
781,WMI,1287,1998,2,61,1.6050268047834371e-13,6.661338147750939e-15,0.007377685979008675
782,ISM,1287,1998,2,61,2.9023506464738764,0.029804721014460113,0.011361543089151382
783,DI,1287,1998,2,62,1.5938794709891752e-13,6.439293542825908e-15,0.08265271713025868
784,WMI,1287,1998,2,62,1.6050268047834371e-13,6.661338147750939e-15,0.007368085905909538
785,ISM,1287,1998,2,62,2.9023506464738764,0.029804721014460113,0.011393313063308597
786,DI,1287,1998,2,63,1.5938794709891752e-13,6.439293542825908e-15,0.08168322290293872
787,WMI,1287,1998,2,63,1.6050268047834371e-13,6.661338147750939e-15,0.007415904896333814
788,ISM,1287,1998,2,63,2.9023506464738764,0.029804721014460113,0.011201226152479649
789,DI,1287,1998,2,64,1.5938794709891752e-13,6.439293542825908e-15,0.08500771108083427
790,WMI,1287,1998,2,64,1.6050268047834371e-13,6.661338147750939e-15,0.007803298998624086
791,ISM,1287,1998,2,64,2.9023506464738764,0.029804721014460113,0.011493331054225564
792,DI,1287,1998,2,65,1.5938794709891752e-13,6.439293542825908e-15,0.08747068303637207
793,WMI,1287,1998,2,65,1.6050268047834371e-13,6.661338147750939e-15,0.008207262959331274
794,ISM,1287,1998,2,65,2.9023506464738764,0.029804721014460113,0.011643148958683014
795,DI,1287,1998,2,66,1.5938794709891752e-13,6.439293542825908e-15,0.08496073097921908
796,WMI,1287,1998,2,66,1.6050268047834371e-13,6.661338147750939e-15,0.007645830977708101
797,ISM,1287,1998,2,66,2.9023506464738764,0.029804721014460113,0.011657838942483068
798,DI,1287,1998,2,67,1.5938794709891752e-13,6.439293542825908e-15,0.08718471718020737
799,WMI,1287,1998,2,67,1.6050268047834371e-13,6.661338147750939e-15,0.0073191761039197445
800,ISM,1287,1998,2,67,2.9023506464738764,0.029804721014460113,0.011360483011230826
801,DI,1287,1998,2,68,1.5938794709891752e-13,6.439293542825908e-15,0.08247250015847385
802,WMI,1287,1998,2,68,1.6050268047834371e-13,6.661338147750939e-15,0.007286936976015568
803,ISM,1287,1998,2,68,2.9023506464738764,0.029804721014460113,0.011491291923448443
804,DI,1287,1998,2,69,1.5938794709891752e-13,6.439293542825908e-15,0.08148370613344014
805,WMI,1287,1998,2,69,1.6050268047834371e-13,6.661338147750939e-15,0.00749575300142169
806,ISM,1287,1998,2,69,2.9023506464738764,0.029804721014460113,0.011050167959183455
807,DI,1287,1998,2,70,1.5938794709891752e-13,6.439293542825908e-15,0.0819818580057472
808,WMI,1287,1998,2,70,1.6050268047834371e-13,6.661338147750939e-15,0.007408845005556941
809,ISM,1287,1998,2,70,2.9023506464738764,0.029804721014460113,0.011592210037633777
810,DI,1287,1998,2,71,1.5938794709891752e-13,6.439293542825908e-15,0.08140344708226621
811,WMI,1287,1998,2,71,1.6050268047834371e-13,6.661338147750939e-15,0.0074870039243251085
812,ISM,1287,1998,2,71,2.9023506464738764,0.029804721014460113,0.011800136882811785
813,DI,1287,1998,2,72,1.5938794709891752e-13,6.439293542825908e-15,0.08433116087689996
814,WMI,1287,1998,2,72,1.6050268047834371e-13,6.661338147750939e-15,0.007234318181872368
815,ISM,1287,1998,2,72,2.9023506464738764,0.029804721014460113,0.011086198035627604
816,DI,1287,1998,2,73,1.5938794709891752e-13,6.439293542825908e-15,0.08442642004229128
817,WMI,1287,1998,2,73,1.6050268047834371e-13,6.661338147750939e-15,0.00732844602316618
818,ISM,1287,1998,2,73,2.9023506464738764,0.029804721014460113,0.011537101119756699
819,DI,1287,1998,2,74,1.5938794709891752e-13,6.439293542825908e-15,0.08659032615832984
820,WMI,1287,1998,2,74,1.6050268047834371e-13,6.661338147750939e-15,0.0072161180432885885
821,ISM,1287,1998,2,74,2.9023506464738764,0.029804721014460113,0.011134807020425797
822,DI,1287,1998,2,75,1.5938794709891752e-13,6.439293542825908e-15,0.08103270293213427
823,WMI,1287,1998,2,75,1.6050268047834371e-13,6.661338147750939e-15,0.007211067946627736
824,ISM,1287,1998,2,75,2.9023506464738764,0.029804721014460113,0.011450923047959805
825,DI,1287,1998,2,76,1.5938794709891752e-13,6.439293542825908e-15,0.08185735996812582
826,WMI,1287,1998,2,76,1.6050268047834371e-13,6.661338147750939e-15,0.007311627035960555
827,ISM,1287,1998,2,76,2.9023506464738764,0.029804721014460113,0.011060277931392193
828,DI,1287,1998,2,77,1.5938794709891752e-13,6.439293542825908e-15,0.08467885595746338
829,WMI,1287,1998,2,77,1.6050268047834371e-13,6.661338147750939e-15,0.007997925858944654
830,ISM,1287,1998,2,77,2.9023506464738764,0.029804721014460113,0.011588329914957285
831,DI,1287,1998,2,78,1.5938794709891752e-13,6.439293542825908e-15,0.08408434595912695
832,WMI,1287,1998,2,78,1.6050268047834371e-13,6.661338147750939e-15,0.008596336003392935
833,ISM,1287,1998,2,78,2.9023506464738764,0.029804721014460113,0.011728018056601286
834,DI,1287,1998,2,79,1.5938794709891752e-13,6.439293542825908e-15,0.08980390592478216
835,WMI,1287,1998,2,79,1.6050268047834371e-13,6.661338147750939e-15,0.007619151845574379
836,ISM,1287,1998,2,79,2.9023506464738764,0.029804721014460113,0.011617149924859405
837,DI,1287,1998,2,80,1.5938794709891752e-13,6.439293542825908e-15,0.08487119292840362
838,WMI,1287,1998,2,80,1.6050268047834371e-13,6.661338147750939e-15,0.007476194063201547
839,ISM,1287,1998,2,80,2.9023506464738764,0.029804721014460113,0.011477041989564896
840,DI,1287,1998,2,81,1.5938794709891752e-13,6.439293542825908e-15,0.08903552894480526
841,WMI,1287,1998,2,81,1.6050268047834371e-13,6.661338147750939e-15,0.007652460830286145
842,ISM,1287,1998,2,81,2.9023506464738764,0.029804721014460113,0.010988340014591813
843,DI,1287,1998,2,82,1.5938794709891752e-13,6.439293542825908e-15,0.08265683799982071
844,WMI,1287,1998,2,82,1.6050268047834371e-13,6.661338147750939e-15,0.007508293027058244
845,ISM,1287,1998,2,82,2.9023506464738764,0.029804721014460113,0.010975379962474108
846,DI,1287,1998,2,83,1.5938794709891752e-13,6.439293542825908e-15,0.08072497812099755
847,WMI,1287,1998,2,83,1.6050268047834371e-13,6.661338147750939e-15,0.00780269899405539
848,ISM,1287,1998,2,83,2.9023506464738764,0.029804721014460113,0.010968740098178387
849,DI,1287,1998,2,84,1.5938794709891752e-13,6.439293542825908e-15,0.08108256198465824
850,WMI,1287,1998,2,84,1.6050268047834371e-13,6.661338147750939e-15,0.007216637954115868
851,ISM,1287,1998,2,84,2.9023506464738764,0.029804721014460113,0.01107777887955308
852,DI,1287,1998,2,85,1.5938794709891752e-13,6.439293542825908e-15,0.0811249720863998
853,WMI,1287,1998,2,85,1.6050268047834371e-13,6.661338147750939e-15,0.0074029050301760435
854,ISM,1287,1998,2,85,2.9023506464738764,0.029804721014460113,0.011231445940211415
855,DI,1287,1998,2,86,1.5938794709891752e-13,6.439293542825908e-15,0.0863935889210552
856,WMI,1287,1998,2,86,1.6050268047834371e-13,6.661338147750939e-15,0.007381184957921505
857,ISM,1287,1998,2,86,2.9023506464738764,0.029804721014460113,0.01118179690092802
858,DI,1287,1998,2,87,1.5938794709891752e-13,6.439293542825908e-15,0.08445627894252539
859,WMI,1287,1998,2,87,1.6050268047834371e-13,6.661338147750939e-15,0.007349005900323391
860,ISM,1287,1998,2,87,2.9023506464738764,0.029804721014460113,0.01107502798549831
861,DI,1287,1998,2,88,1.5938794709891752e-13,6.439293542825908e-15,0.08650026796385646
862,WMI,1287,1998,2,88,1.6050268047834371e-13,6.661338147750939e-15,0.007479243911802769
863,ISM,1287,1998,2,88,2.9023506464738764,0.029804721014460113,0.011759737972170115
864,DI,1287,1998,2,89,1.5938794709891752e-13,6.439293542825908e-15,0.08590224687941372
865,WMI,1287,1998,2,89,1.6050268047834371e-13,6.661338147750939e-15,0.007355695823207498
866,ISM,1287,1998,2,89,2.9023506464738764,0.029804721014460113,0.011175786145031452
867,DI,1287,1998,2,90,1.5938794709891752e-13,6.439293542825908e-15,0.08167546312324703
868,WMI,1287,1998,2,90,1.6050268047834371e-13,6.661338147750939e-15,0.007407394936308265
869,ISM,1287,1998,2,90,2.9023506464738764,0.029804721014460113,0.011078597977757454
870,DI,1287,1998,2,91,1.5938794709891752e-13,6.439293542825908e-15,0.08366569201461971
871,WMI,1287,1998,2,91,1.6050268047834371e-13,6.661338147750939e-15,0.007509293034672737
872,ISM,1287,1998,2,91,2.9023506464738764,0.029804721014460113,0.011073868023231626
873,DI,1287,1998,2,92,1.5938794709891752e-13,6.439293542825908e-15,0.08450769796036184
874,WMI,1287,1998,2,92,1.6050268047834371e-13,6.661338147750939e-15,0.007438543951138854
875,ISM,1287,1998,2,92,2.9023506464738764,0.029804721014460113,0.011339203920215368
876,DI,1287,1998,2,93,1.5938794709891752e-13,6.439293542825908e-15,0.08545765397138894
877,WMI,1287,1998,2,93,1.6050268047834371e-13,6.661338147750939e-15,0.008742755046114326
878,ISM,1287,1998,2,93,2.9023506464738764,0.029804721014460113,0.011254844954237342
879,DI,1287,1998,2,94,1.5938794709891752e-13,6.439293542825908e-15,0.08774660783819854
880,WMI,1287,1998,2,94,1.6050268047834371e-13,6.661338147750939e-15,0.00752034317702055
881,ISM,1287,1998,2,94,2.9023506464738764,0.029804721014460113,0.01150430110283196
882,DI,1287,1998,2,95,1.5938794709891752e-13,6.439293542825908e-15,0.09003602294251323
883,WMI,1287,1998,2,95,1.6050268047834371e-13,6.661338147750939e-15,0.007388735190033913
884,ISM,1287,1998,2,95,2.9023506464738764,0.029804721014460113,0.011223195819184184
885,DI,1287,1998,2,96,1.5938794709891752e-13,6.439293542825908e-15,0.0844291599933058
886,WMI,1287,1998,2,96,1.6050268047834371e-13,6.661338147750939e-15,0.00785582815296948
887,ISM,1287,1998,2,96,2.9023506464738764,0.029804721014460113,0.012550994986668229
888,DI,1287,1998,2,97,1.5938794709891752e-13,6.439293542825908e-15,0.0839239580091089
889,WMI,1287,1998,2,97,1.6050268047834371e-13,6.661338147750939e-15,0.007458613952621818
890,ISM,1287,1998,2,97,2.9023506464738764,0.029804721014460113,0.011679328046739101
891,DI,1287,1998,2,98,1.5938794709891752e-13,6.439293542825908e-15,0.0824079520534724
892,WMI,1287,1998,2,98,1.6050268047834371e-13,6.661338147750939e-15,0.007398025132715702
893,ISM,1287,1998,2,98,2.9023506464738764,0.029804721014460113,0.011318583972752094
894,DI,1287,1998,2,99,1.5938794709891752e-13,6.439293542825908e-15,0.08322000899352133
895,WMI,1287,1998,2,99,1.6050268047834371e-13,6.661338147750939e-15,0.007561232894659042
896,ISM,1287,1998,2,99,2.9023506464738764,0.029804721014460113,0.011326283914968371
897,DI,1287,1998,2,100,1.5938794709891752e-13,6.439293542825908e-15,0.08442338020540774
898,WMI,1287,1998,2,100,1.6050268047834371e-13,6.661338147750939e-15,0.007695849984884262
899,ISM,1287,1998,2,100,2.9023506464738764,0.029804721014460113,0.012352218152955174
900,DI,1287,1998,2,101,1.5938794709891752e-13,6.439293542825908e-15,0.08346306509338319
901,WMI,1287,1998,2,101,1.6050268047834371e-13,6.661338147750939e-15,0.007419524947181344
902,ISM,1287,1998,2,101,2.9023506464738764,0.029804721014460113,0.011127406964078546
903,DI,1287,1998,2,102,1.5938794709891752e-13,6.439293542825908e-15,0.08749908208847046
904,WMI,1287,1998,2,102,1.6050268047834371e-13,6.661338147750939e-15,0.007403034949675202
905,ISM,1287,1998,2,102,2.9023506464738764,0.029804721014460113,0.011101837968453765
906,DI,1287,1998,2,103,1.5938794709891752e-13,6.439293542825908e-15,0.08537774509750307
907,WMI,1287,1998,2,103,1.6050268047834371e-13,6.661338147750939e-15,0.007971236016601324
908,ISM,1287,1998,2,103,2.9023506464738764,0.029804721014460113,0.011464142939075828
909,DI,1287,1998,2,104,1.5938794709891752e-13,6.439293542825908e-15,0.08106961217708886
910,WMI,1287,1998,2,104,1.6050268047834371e-13,6.661338147750939e-15,0.007168679032474756
911,ISM,1287,1998,2,104,2.9023506464738764,0.029804721014460113,0.0113229148555547
912,DI,1287,1998,2,105,1.5938794709891752e-13,6.439293542825908e-15,0.08176468103192747
913,WMI,1287,1998,2,105,1.6050268047834371e-13,6.661338147750939e-15,0.007450425066053867
914,ISM,1287,1998,2,105,2.9023506464738764,0.029804721014460113,0.011243056040257215
915,DI,1287,1998,2,106,1.5938794709891752e-13,6.439293542825908e-15,0.08190139895305037
916,WMI,1287,1998,2,106,1.6050268047834371e-13,6.661338147750939e-15,0.007309125969186425
917,ISM,1287,1998,2,106,2.9023506464738764,0.029804721014460113,0.011187497060745955
918,DI,1287,1998,2,107,1.5938794709891752e-13,6.439293542825908e-15,0.08546147379092872
919,WMI,1287,1998,2,107,1.6050268047834371e-13,6.661338147750939e-15,0.007228107890114188
920,ISM,1287,1998,2,107,2.9023506464738764,0.029804721014460113,0.011079538147896528
921,DI,1287,1998,2,108,1.5938794709891752e-13,6.439293542825908e-15,0.08317777002230287
922,WMI,1287,1998,2,108,1.6050268047834371e-13,6.661338147750939e-15,0.007444653892889619
923,ISM,1287,1998,2,108,2.9023506464738764,0.029804721014460113,0.011671609012410045
924,DI,1287,1998,2,109,1.5938794709891752e-13,6.439293542825908e-15,0.08943289192393422
925,WMI,1287,1998,2,109,1.6050268047834371e-13,6.661338147750939e-15,0.007522433064877987
926,ISM,1287,1998,2,109,2.9023506464738764,0.029804721014460113,0.011329503962770104
927,DI,1287,1998,2,110,1.5938794709891752e-13,6.439293542825908e-15,0.08404883602634072
928,WMI,1287,1998,2,110,1.6050268047834371e-13,6.661338147750939e-15,0.007793479831889272
929,ISM,1287,1998,2,110,2.9023506464738764,0.029804721014460113,0.01168149895966053
930,DI,1287,1998,2,111,1.5938794709891752e-13,6.439293542825908e-15,0.08446345012634993
931,WMI,1287,1998,2,111,1.6050268047834371e-13,6.661338147750939e-15,0.007493133889511228
932,ISM,1287,1998,2,111,2.9023506464738764,0.029804721014460113,0.012163341976702213
933,DI,1287,1998,2,112,1.5938794709891752e-13,6.439293542825908e-15,0.08586472808383405
934,WMI,1287,1998,2,112,1.6050268047834371e-13,6.661338147750939e-15,0.008159893099218607
935,ISM,1287,1998,2,112,2.9023506464738764,0.029804721014460113,0.011552011128515005
936,DI,1287,1998,2,113,1.5938794709891752e-13,6.439293542825908e-15,0.0839290781877935
937,WMI,1287,1998,2,113,1.6050268047834371e-13,6.661338147750939e-15,0.007783279055729508
938,ISM,1287,1998,2,113,2.9023506464738764,0.029804721014460113,0.01153866108506918
939,DI,1287,1998,2,114,1.5938794709891752e-13,6.439293542825908e-15,0.08616375294514
940,WMI,1287,1998,2,114,1.6050268047834371e-13,6.661338147750939e-15,0.007732710102573037
941,ISM,1287,1998,2,114,2.9023506464738764,0.029804721014460113,0.011321965139359236
942,DI,1287,1998,2,115,1.5938794709891752e-13,6.439293542825908e-15,0.08586842799559236
943,WMI,1287,1998,2,115,1.6050268047834371e-13,6.661338147750939e-15,0.007281758124008775
944,ISM,1287,1998,2,115,2.9023506464738764,0.029804721014460113,0.011402443051338196
945,DI,1287,1998,2,116,1.5938794709891752e-13,6.439293542825908e-15,0.08779779705218971
946,WMI,1287,1998,2,116,1.6050268047834371e-13,6.661338147750939e-15,0.007512253941968083
947,ISM,1287,1998,2,116,2.9023506464738764,0.029804721014460113,0.011163896881043911
948,DI,1287,1998,2,117,1.5938794709891752e-13,6.439293542825908e-15,0.08198856795206666
949,WMI,1287,1998,2,117,1.6050268047834371e-13,6.661338147750939e-15,0.0074740140698850155
950,ISM,1287,1998,2,117,2.9023506464738764,0.029804721014460113,0.011421892093494534
951,DI,1287,1998,2,118,1.5938794709891752e-13,6.439293542825908e-15,0.08286925405263901
952,WMI,1287,1998,2,118,1.6050268047834371e-13,6.661338147750939e-15,0.007255297154188156
953,ISM,1287,1998,2,118,2.9023506464738764,0.029804721014460113,0.011398212984204292
954,DI,1287,1998,2,119,1.5938794709891752e-13,6.439293542825908e-15,0.08414064417593181
955,WMI,1287,1998,2,119,1.6050268047834371e-13,6.661338147750939e-15,0.0078032491728663445
956,ISM,1287,1998,2,119,2.9023506464738764,0.029804721014460113,0.011293064104393125
957,DI,1287,1998,2,120,1.5938794709891752e-13,6.439293542825908e-15,0.09319874388165772
958,WMI,1287,1998,2,120,1.6050268047834371e-13,6.661338147750939e-15,0.0078036789782345295
959,ISM,1287,1998,2,120,2.9023506464738764,0.029804721014460113,0.011220445856451988
960,DI,1287,1998,2,121,1.5938794709891752e-13,6.439293542825908e-15,0.08319017896428704
961,WMI,1287,1998,2,121,1.6050268047834371e-13,6.661338147750939e-15,0.0074267450254410505
962,ISM,1287,1998,2,121,2.9023506464738764,0.029804721014460113,0.011694998946040869
963,DI,1287,1998,2,122,1.5938794709891752e-13,6.439293542825908e-15,0.0824428100604564
964,WMI,1287,1998,2,122,1.6050268047834371e-13,6.661338147750939e-15,0.007282836828380823
965,ISM,1287,1998,2,122,2.9023506464738764,0.029804721014460113,0.011371512897312641
966,DI,1287,1998,2,123,1.5938794709891752e-13,6.439293542825908e-15,0.09021451999433339
967,WMI,1287,1998,2,123,1.6050268047834371e-13,6.661338147750939e-15,0.007660581031814218
968,ISM,1287,1998,2,123,2.9023506464738764,0.029804721014460113,0.011362893972545862
969,DI,1287,1998,2,124,1.5938794709891752e-13,6.439293542825908e-15,0.08383409888483584
970,WMI,1287,1998,2,124,1.6050268047834371e-13,6.661338147750939e-15,0.007566971937194467
971,ISM,1287,1998,2,124,2.9023506464738764,0.029804721014460113,0.011511150980368257
972,DI,1287,1998,2,125,1.5938794709891752e-13,6.439293542825908e-15,0.08456878806464374
973,WMI,1287,1998,2,125,1.6050268047834371e-13,6.661338147750939e-15,0.0076180920004844666
974,ISM,1287,1998,2,125,2.9023506464738764,0.029804721014460113,0.011380163952708244
975,DI,1287,1998,2,126,1.5938794709891752e-13,6.439293542825908e-15,0.08357072295621037
976,WMI,1287,1998,2,126,1.6050268047834371e-13,6.661338147750939e-15,0.0075108930468559265
977,ISM,1287,1998,2,126,2.9023506464738764,0.029804721014460113,0.011380873154848814
978,DI,1287,1998,2,127,1.5938794709891752e-13,6.439293542825908e-15,0.08259197906590998
979,WMI,1287,1998,2,127,1.6050268047834371e-13,6.661338147750939e-15,0.008567627053707838
980,ISM,1287,1998,2,127,2.9023506464738764,0.029804721014460113,0.012064272072166204
981,DI,1287,1998,2,128,1.5938794709891752e-13,6.439293542825908e-15,0.08633573981933296
982,WMI,1287,1998,2,128,1.6050268047834371e-13,6.661338147750939e-15,0.007632981054484844
983,ISM,1287,1998,2,128,2.9023506464738764,0.029804721014460113,0.011481252033263445
984,DI,1287,1998,2,129,1.5938794709891752e-13,6.439293542825908e-15,0.0848123540636152
985,WMI,1287,1998,2,129,1.6050268047834371e-13,6.661338147750939e-15,0.007995725842192769
986,ISM,1287,1998,2,129,2.9023506464738764,0.029804721014460113,0.011707697995007038
987,DI,1287,1998,2,130,1.5938794709891752e-13,6.439293542825908e-15,0.08733837492763996
988,WMI,1287,1998,2,130,1.6050268047834371e-13,6.661338147750939e-15,0.0075517320074141026
989,ISM,1287,1998,2,130,2.9023506464738764,0.029804721014460113,0.011246815090999007
990,DI,1287,1998,2,131,1.5938794709891752e-13,6.439293542825908e-15,0.08192102913744748
991,WMI,1287,1998,2,131,1.6050268047834371e-13,6.661338147750939e-15,0.007386574987322092
992,ISM,1287,1998,2,131,2.9023506464738764,0.029804721014460113,0.011185406008735299
993,DI,1287,1998,2,132,1.5938794709891752e-13,6.439293542825908e-15,0.08216911507770419
994,WMI,1287,1998,2,132,1.6050268047834371e-13,6.661338147750939e-15,0.00716784899123013
995,ISM,1287,1998,2,132,2.9023506464738764,0.029804721014460113,0.01095438003540039
996,DI,1287,1998,2,133,1.5938794709891752e-13,6.439293542825908e-15,0.08107341220602393
997,WMI,1287,1998,2,133,1.6050268047834371e-13,6.661338147750939e-15,0.007241227896884084
998,ISM,1287,1998,2,133,2.9023506464738764,0.029804721014460113,0.011148466961458325
999,DI,1287,1998,2,134,1.5938794709891752e-13,6.439293542825908e-15,0.08231359301134944
1000,WMI,1287,1998,2,134,1.6050268047834371e-13,6.661338147750939e-15,0.007463893853127956
1001,ISM,1287,1998,2,134,2.9023506464738764,0.029804721014460113,0.011226614937186241
1002,DI,1287,1998,2,135,1.5938794709891752e-13,6.439293542825908e-15,0.08530852710828185
1003,WMI,1287,1998,2,135,1.6050268047834371e-13,6.661338147750939e-15,0.007649770937860012
1004,ISM,1287,1998,2,135,2.9023506464738764,0.029804721014460113,0.011338233947753906
1005,DI,1287,1998,2,136,1.5938794709891752e-13,6.439293542825908e-15,0.08316210005432367
1006,WMI,1287,1998,2,136,1.6050268047834371e-13,6.661338147750939e-15,0.007132429163902998
1007,ISM,1287,1998,2,136,2.9023506464738764,0.029804721014460113,0.011347894091159105
1008,DI,1287,1998,2,137,1.5938794709891752e-13,6.439293542825908e-15,0.08736535394564271
1009,WMI,1287,1998,2,137,1.6050268047834371e-13,6.661338147750939e-15,0.007386456010863185
1010,ISM,1287,1998,2,137,2.9023506464738764,0.029804721014460113,0.010980190010741353
1011,DI,1287,1998,2,138,1.5938794709891752e-13,6.439293542825908e-15,0.08105874201282859
1012,WMI,1287,1998,2,138,1.6050268047834371e-13,6.661338147750939e-15,0.0072993270587176085
1013,ISM,1287,1998,2,138,2.9023506464738764,0.029804721014460113,0.011131687089800835
1014,DI,1287,1998,2,139,1.5938794709891752e-13,6.439293542825908e-15,0.08216418488882482
1015,WMI,1287,1998,2,139,1.6050268047834371e-13,6.661338147750939e-15,0.007233428070321679
1016,ISM,1287,1998,2,139,2.9023506464738764,0.029804721014460113,0.011615170165896416
1017,DI,1287,1998,2,140,1.5938794709891752e-13,6.439293542825908e-15,0.0814505759626627
1018,WMI,1287,1998,2,140,1.6050268047834371e-13,6.661338147750939e-15,0.007988235913217068
1019,ISM,1287,1998,2,140,2.9023506464738764,0.029804721014460113,0.011530681047588587
1020,DI,1287,1998,2,141,1.5938794709891752e-13,6.439293542825908e-15,0.08358771307393909
1021,WMI,1287,1998,2,141,1.6050268047834371e-13,6.661338147750939e-15,0.007675030967220664
1022,ISM,1287,1998,2,141,2.9023506464738764,0.029804721014460113,0.012402768013998866
1023,DI,1287,1998,2,142,1.5938794709891752e-13,6.439293542825908e-15,0.08696554112248123
1024,WMI,1287,1998,2,142,1.6050268047834371e-13,6.661338147750939e-15,0.007809739094227552
1025,ISM,1287,1998,2,142,2.9023506464738764,0.029804721014460113,0.011511010816320777
1026,DI,1287,1998,2,143,1.5938794709891752e-13,6.439293542825908e-15,0.08405297598801553
1027,WMI,1287,1998,2,143,1.6050268047834371e-13,6.661338147750939e-15,0.00769964000210166
1028,ISM,1287,1998,2,143,2.9023506464738764,0.029804721014460113,0.011629909975454211
1029,DI,1287,1998,2,144,1.5938794709891752e-13,6.439293542825908e-15,0.08782453695312142
1030,WMI,1287,1998,2,144,1.6050268047834371e-13,6.661338147750939e-15,0.007652890868484974
1031,ISM,1287,1998,2,144,2.9023506464738764,0.029804721014460113,0.011516530998051167
1032,DI,1287,1998,2,145,1.5938794709891752e-13,6.439293542825908e-15,0.08595092594623566
1033,WMI,1287,1998,2,145,1.6050268047834371e-13,6.661338147750939e-15,0.008400230202823877
1034,ISM,1287,1998,2,145,2.9023506464738764,0.029804721014460113,0.011692798929288983
1035,DI,1287,1998,2,146,1.5938794709891752e-13,6.439293542825908e-15,0.08326964802108705
1036,WMI,1287,1998,2,146,1.6050268047834371e-13,6.661338147750939e-15,0.00752434297464788
1037,ISM,1287,1998,2,146,2.9023506464738764,0.029804721014460113,0.011465551797300577
1038,DI,1287,1998,2,147,1.5938794709891752e-13,6.439293542825908e-15,0.08325476781465113
1039,WMI,1287,1998,2,147,1.6050268047834371e-13,6.661338147750939e-15,0.007805648958310485
1040,ISM,1287,1998,2,147,2.9023506464738764,0.029804721014460113,0.012188800144940615
1041,DI,1287,1998,2,148,1.5938794709891752e-13,6.439293542825908e-15,0.08238726109266281
1042,WMI,1287,1998,2,148,1.6050268047834371e-13,6.661338147750939e-15,0.00784067902714014
1043,ISM,1287,1998,2,148,2.9023506464738764,0.029804721014460113,0.011438861954957247
1044,DI,1287,1998,2,149,1.5938794709891752e-13,6.439293542825908e-15,0.08365968195721507
1045,WMI,1287,1998,2,149,1.6050268047834371e-13,6.661338147750939e-15,0.0075808430556207895
1046,ISM,1287,1998,2,149,2.9023506464738764,0.029804721014460113,0.011195336934179068
1047,DI,1287,1998,2,150,1.5938794709891752e-13,6.439293542825908e-15,0.08383561996743083
1048,WMI,1287,1998,2,150,1.6050268047834371e-13,6.661338147750939e-15,0.007392066065222025
1049,ISM,1287,1998,2,150,2.9023506464738764,0.029804721014460113,0.010950019815936685
1050,DI,1287,1998,2,151,1.5938794709891752e-13,6.439293542825908e-15,0.08733084495179355
1051,WMI,1287,1998,2,151,1.6050268047834371e-13,6.661338147750939e-15,0.007290086941793561
1052,ISM,1287,1998,2,151,2.9023506464738764,0.029804721014460113,0.011109067825600505
1053,DI,1287,1998,2,152,1.5938794709891752e-13,6.439293542825908e-15,0.08121396997012198
1054,WMI,1287,1998,2,152,1.6050268047834371e-13,6.661338147750939e-15,0.007169887889176607
1055,ISM,1287,1998,2,152,2.9023506464738764,0.029804721014460113,0.011042149038985372
1056,DI,1287,1998,2,153,1.5938794709891752e-13,6.439293542825908e-15,0.08289228403009474
1057,WMI,1287,1998,2,153,1.6050268047834371e-13,6.661338147750939e-15,0.007459975080564618
1058,ISM,1287,1998,2,153,2.9023506464738764,0.029804721014460113,0.011015568859875202
1059,DI,1287,1998,2,154,1.5938794709891752e-13,6.439293542825908e-15,0.08224957413040102
1060,WMI,1287,1998,2,154,1.6050268047834371e-13,6.661338147750939e-15,0.007564672967419028
1061,ISM,1287,1998,2,154,2.9023506464738764,0.029804721014460113,0.011251084972172976
1062,DI,1287,1998,2,155,1.5938794709891752e-13,6.439293542825908e-15,0.08101569302380085
1063,WMI,1287,1998,2,155,1.6050268047834371e-13,6.661338147750939e-15,0.007368484977632761
1064,ISM,1287,1998,2,155,2.9023506464738764,0.029804721014460113,0.011200995882973075
1065,DI,1287,1998,2,156,1.5938794709891752e-13,6.439293542825908e-15,0.0829707330558449
1066,WMI,1287,1998,2,156,1.6050268047834371e-13,6.661338147750939e-15,0.007339885924011469
1067,ISM,1287,1998,2,156,2.9023506464738764,0.029804721014460113,0.011201726039871573
1068,DI,1287,1998,2,157,1.5938794709891752e-13,6.439293542825908e-15,0.08194964798167348
1069,WMI,1287,1998,2,157,1.6050268047834371e-13,6.661338147750939e-15,0.007190977921709418
1070,ISM,1287,1998,2,157,2.9023506464738764,0.029804721014460113,0.011288185138255358
1071,DI,1287,1998,2,158,1.5938794709891752e-13,6.439293542825908e-15,0.08729824516922235
1072,WMI,1287,1998,2,158,1.6050268047834371e-13,6.661338147750939e-15,0.0078680079896003
1073,ISM,1287,1998,2,158,2.9023506464738764,0.029804721014460113,0.011462472146376967
1074,DI,1287,1998,2,159,1.5938794709891752e-13,6.439293542825908e-15,0.08403521589934826
1075,WMI,1287,1998,2,159,1.6050268047834371e-13,6.661338147750939e-15,0.007658631075173616
1076,ISM,1287,1998,2,159,2.9023506464738764,0.029804721014460113,0.011285844957455993
1077,DI,1287,1998,2,160,1.5938794709891752e-13,6.439293542825908e-15,0.08414171379990876
1078,WMI,1287,1998,2,160,1.6050268047834371e-13,6.661338147750939e-15,0.007437994936481118
1079,ISM,1287,1998,2,160,2.9023506464738764,0.029804721014460113,0.011564570013433695
1080,DI,1287,1998,2,161,1.5938794709891752e-13,6.439293542825908e-15,0.08201899798586965
1081,WMI,1287,1998,2,161,1.6050268047834371e-13,6.661338147750939e-15,0.0076981401070952415
1082,ISM,1287,1998,2,161,2.9023506464738764,0.029804721014460113,0.01314468402415514
1083,DI,1287,1998,2,162,1.5938794709891752e-13,6.439293542825908e-15,0.0813621471170336
1084,WMI,1287,1998,2,162,1.6050268047834371e-13,6.661338147750939e-15,0.007601821096614003
1085,ISM,1287,1998,2,162,2.9023506464738764,0.029804721014460113,0.012749880785122514
1086,DI,1287,1998,2,163,1.5938794709891752e-13,6.439293542825908e-15,0.08291580411605537
1087,WMI,1287,1998,2,163,1.6050268047834371e-13,6.661338147750939e-15,0.007265116088092327
1088,ISM,1287,1998,2,163,2.9023506464738764,0.029804721014460113,0.0112760029733181
1089,DI,1287,1998,2,164,1.5938794709891752e-13,6.439293542825908e-15,0.08331490703858435
1090,WMI,1287,1998,2,164,1.6050268047834371e-13,6.661338147750939e-15,0.0073794948402792215
1091,ISM,1287,1998,2,164,2.9023506464738764,0.029804721014460113,0.011080287164077163
1092,DI,1287,1998,2,165,1.5938794709891752e-13,6.439293542825908e-15,0.08613096387125552
1093,WMI,1287,1998,2,165,1.6050268047834371e-13,6.661338147750939e-15,0.007314946036785841
1094,ISM,1287,1998,2,165,2.9023506464738764,0.029804721014460113,0.010962069034576416
1095,DI,1287,1998,2,166,1.5938794709891752e-13,6.439293542825908e-15,0.08109466196037829
1096,WMI,1287,1998,2,166,1.6050268047834371e-13,6.661338147750939e-15,0.007215596968308091
1097,ISM,1287,1998,2,166,2.9023506464738764,0.029804721014460113,0.010970738949254155
1098,DI,1287,1998,2,167,1.5938794709891752e-13,6.439293542825908e-15,0.08196519804187119
1099,WMI,1287,1998,2,167,1.6050268047834371e-13,6.661338147750939e-15,0.0073051960207521915
1100,ISM,1287,1998,2,167,2.9023506464738764,0.029804721014460113,0.011041457066312432
1101,DI,1287,1998,2,168,1.5938794709891752e-13,6.439293542825908e-15,0.08115848107263446
1102,WMI,1287,1998,2,168,1.6050268047834371e-13,6.661338147750939e-15,0.007368104066699743
1103,ISM,1287,1998,2,168,2.9023506464738764,0.029804721014460113,0.011088446015492082
1104,DI,1287,1998,2,169,1.5938794709891752e-13,6.439293542825908e-15,0.0814447458833456
1105,WMI,1287,1998,2,169,1.6050268047834371e-13,6.661338147750939e-15,0.007328104926273227
1106,ISM,1287,1998,2,169,2.9023506464738764,0.029804721014460113,0.011348063126206398
1107,DI,1287,1998,2,170,1.5938794709891752e-13,6.439293542825908e-15,0.08441486000083387
1108,WMI,1287,1998,2,170,1.6050268047834371e-13,6.661338147750939e-15,0.007471842924132943
1109,ISM,1287,1998,2,170,2.9023506464738764,0.029804721014460113,0.011243604123592377
1110,DI,1287,1998,2,171,1.5938794709891752e-13,6.439293542825908e-15,0.08245826093479991
1111,WMI,1287,1998,2,171,1.6050268047834371e-13,6.661338147750939e-15,0.0071680869441479445
1112,ISM,1287,1998,2,171,2.9023506464738764,0.029804721014460113,0.01103345793671906
1113,DI,1287,1998,2,172,1.5938794709891752e-13,6.439293542825908e-15,0.08901288802735507
1114,WMI,1287,1998,2,172,1.6050268047834371e-13,6.661338147750939e-15,0.007953186053782701
1115,ISM,1287,1998,2,172,2.9023506464738764,0.029804721014460113,0.011326661799103022
1116,DI,1287,1998,2,173,1.5938794709891752e-13,6.439293542825908e-15,0.08353317412547767
1117,WMI,1287,1998,2,173,1.6050268047834371e-13,6.661338147750939e-15,0.007683210074901581
1118,ISM,1287,1998,2,173,2.9023506464738764,0.029804721014460113,0.011458510998636484
1119,DI,1287,1998,2,174,1.5938794709891752e-13,6.439293542825908e-15,0.08462782693095505
1120,WMI,1287,1998,2,174,1.6050268047834371e-13,6.661338147750939e-15,0.007440703921020031
1121,ISM,1287,1998,2,174,2.9023506464738764,0.029804721014460113,0.01108775706961751
1122,DI,1287,1998,2,175,1.5938794709891752e-13,6.439293542825908e-15,0.08448441908694804
1123,WMI,1287,1998,2,175,1.6050268047834371e-13,6.661338147750939e-15,0.00725961709395051
1124,ISM,1287,1998,2,175,2.9023506464738764,0.029804721014460113,0.011247963877394795
1125,DI,1287,1998,2,176,1.5938794709891752e-13,6.439293542825908e-15,0.08148967591114342
1126,WMI,1287,1998,2,176,1.6050268047834371e-13,6.661338147750939e-15,0.007334545953199267
1127,ISM,1287,1998,2,176,2.9023506464738764,0.029804721014460113,0.011061516823247075
1128,DI,1287,1998,2,177,1.5938794709891752e-13,6.439293542825908e-15,0.08261111797764897
1129,WMI,1287,1998,2,177,1.6050268047834371e-13,6.661338147750939e-15,0.00754970102570951
1130,ISM,1287,1998,2,177,2.9023506464738764,0.029804721014460113,0.011139745824038982
1131,DI,1287,1998,2,178,1.5938794709891752e-13,6.439293542825908e-15,0.08337130607105792
1132,WMI,1287,1998,2,178,1.6050268047834371e-13,6.661338147750939e-15,0.007124088006094098
1133,ISM,1287,1998,2,178,2.9023506464738764,0.029804721014460113,0.010925828944891691
1134,DI,1287,1998,2,179,1.5938794709891752e-13,6.439293542825908e-15,0.08720985590480268
1135,WMI,1287,1998,2,179,1.6050268047834371e-13,6.661338147750939e-15,0.007965306052938104
1136,ISM,1287,1998,2,179,2.9023506464738764,0.029804721014460113,0.011338723124936223
1137,DI,1287,1998,2,180,1.5938794709891752e-13,6.439293542825908e-15,0.0815091859549284
1138,WMI,1287,1998,2,180,1.6050268047834371e-13,6.661338147750939e-15,0.007654330926015973
1139,ISM,1287,1998,2,180,2.9023506464738764,0.029804721014460113,0.01105348696000874
1140,DI,1287,1998,2,181,1.5938794709891752e-13,6.439293542825908e-15,0.07951428601518273
1141,WMI,1287,1998,2,181,1.6050268047834371e-13,6.661338147750939e-15,0.007215787889435887
1142,ISM,1287,1998,2,181,2.9023506464738764,0.029804721014460113,0.01098909811116755
1143,DI,1287,1998,2,182,1.5938794709891752e-13,6.439293542825908e-15,0.08050208119675517
1144,WMI,1287,1998,2,182,1.6050268047834371e-13,6.661338147750939e-15,0.007770258001983166
1145,ISM,1287,1998,2,182,2.9023506464738764,0.029804721014460113,0.011311803013086319
1146,DI,1287,1998,2,183,1.5938794709891752e-13,6.439293542825908e-15,0.0806660489179194
1147,WMI,1287,1998,2,183,1.6050268047834371e-13,6.661338147750939e-15,0.007154607912525535
1148,ISM,1287,1998,2,183,2.9023506464738764,0.029804721014460113,0.01165321795269847
1149,DI,1287,1998,2,184,1.5938794709891752e-13,6.439293542825908e-15,0.08254472888074815
1150,WMI,1287,1998,2,184,1.6050268047834371e-13,6.661338147750939e-15,0.007278556004166603
1151,ISM,1287,1998,2,184,2.9023506464738764,0.029804721014460113,0.011739457026124
1152,DI,1287,1998,2,185,1.5938794709891752e-13,6.439293542825908e-15,0.08417500299401581
1153,WMI,1287,1998,2,185,1.6050268047834371e-13,6.661338147750939e-15,0.0074103339575231075
1154,ISM,1287,1998,2,185,2.9023506464738764,0.029804721014460113,0.011439230991527438
1155,DI,1287,1998,2,186,1.5938794709891752e-13,6.439293542825908e-15,0.08957148902118206
1156,WMI,1287,1998,2,186,1.6050268047834371e-13,6.661338147750939e-15,0.007774177938699722
1157,ISM,1287,1998,2,186,2.9023506464738764,0.029804721014460113,0.01145018101669848
1158,DI,1287,1998,2,187,1.5938794709891752e-13,6.439293542825908e-15,0.08330016699619591
1159,WMI,1287,1998,2,187,1.6050268047834371e-13,6.661338147750939e-15,0.007263765903189778
1160,ISM,1287,1998,2,187,2.9023506464738764,0.029804721014460113,0.010823830962181091
1161,DI,1287,1998,2,188,1.5938794709891752e-13,6.439293542825908e-15,0.0826495869550854
1162,WMI,1287,1998,2,188,1.6050268047834371e-13,6.661338147750939e-15,0.007200258085504174
1163,ISM,1287,1998,2,188,2.9023506464738764,0.029804721014460113,0.011240463936701417
1164,DI,1287,1998,2,189,1.5938794709891752e-13,6.439293542825908e-15,0.07976281200535595
1165,WMI,1287,1998,2,189,1.6050268047834371e-13,6.661338147750939e-15,0.0071627378929406404
1166,ISM,1287,1998,2,189,2.9023506464738764,0.029804721014460113,0.011510409880429506
1167,DI,1287,1998,2,190,1.5938794709891752e-13,6.439293542825908e-15,0.08140608691610396
1168,WMI,1287,1998,2,190,1.6050268047834371e-13,6.661338147750939e-15,0.0073467460460960865
1169,ISM,1287,1998,2,190,2.9023506464738764,0.029804721014460113,0.01116167614236474
1170,DI,1287,1998,2,191,1.5938794709891752e-13,6.439293542825908e-15,0.08525542705319822
1171,WMI,1287,1998,2,191,1.6050268047834371e-13,6.661338147750939e-15,0.007163838017731905
1172,ISM,1287,1998,2,191,2.9023506464738764,0.029804721014460113,0.011397021124139428
1173,DI,1287,1998,2,192,1.5938794709891752e-13,6.439293542825908e-15,0.08326865709386766
1174,WMI,1287,1998,2,192,1.6050268047834371e-13,6.661338147750939e-15,0.007649910170584917
1175,ISM,1287,1998,2,192,2.9023506464738764,0.029804721014460113,0.011063137091696262
1176,DI,1287,1998,2,193,1.5938794709891752e-13,6.439293542825908e-15,0.0861387129407376
1177,WMI,1287,1998,2,193,1.6050268047834371e-13,6.661338147750939e-15,0.007210747106000781
1178,ISM,1287,1998,2,193,2.9023506464738764,0.029804721014460113,0.010908449068665504
1179,DI,1287,1998,2,194,1.5938794709891752e-13,6.439293542825908e-15,0.08096261299215257
1180,WMI,1287,1998,2,194,1.6050268047834371e-13,6.661338147750939e-15,0.007305455859750509
1181,ISM,1287,1998,2,194,2.9023506464738764,0.029804721014460113,0.011223594890907407
1182,DI,1287,1998,2,195,1.5938794709891752e-13,6.439293542825908e-15,0.0808271961286664
1183,WMI,1287,1998,2,195,1.6050268047834371e-13,6.661338147750939e-15,0.007405654061585665
1184,ISM,1287,1998,2,195,2.9023506464738764,0.029804721014460113,0.01088001998141408
1185,DI,1287,1998,2,196,1.5938794709891752e-13,6.439293542825908e-15,0.08012866601347923
1186,WMI,1287,1998,2,196,1.6050268047834371e-13,6.661338147750939e-15,0.007567011984065175
1187,ISM,1287,1998,2,196,2.9023506464738764,0.029804721014460113,0.011626018909737468
1188,DI,1287,1998,2,197,1.5938794709891752e-13,6.439293542825908e-15,0.07976738293655217
1189,WMI,1287,1998,2,197,1.6050268047834371e-13,6.661338147750939e-15,0.008331740042194724
1190,ISM,1287,1998,2,197,2.9023506464738764,0.029804721014460113,0.011524178786203265
1191,DI,1287,1998,2,198,1.5938794709891752e-13,6.439293542825908e-15,0.08508740994147956
1192,WMI,1287,1998,2,198,1.6050268047834371e-13,6.661338147750939e-15,0.008147123036906123
1193,ISM,1287,1998,2,198,2.9023506464738764,0.029804721014460113,0.01126607391051948
1194,DI,1287,1998,2,199,1.5938794709891752e-13,6.439293542825908e-15,0.08300066203810275
1195,WMI,1287,1998,2,199,1.6050268047834371e-13,6.661338147750939e-15,0.007415464147925377
1196,ISM,1287,1998,2,199,2.9023506464738764,0.029804721014460113,0.011248355032876134
1197,DI,1287,1998,2,200,1.5938794709891752e-13,6.439293542825908e-15,0.08818598091602325
1198,WMI,1287,1998,2,200,1.6050268047834371e-13,6.661338147750939e-15,0.008030864875763655
1199,ISM,1287,1998,2,200,2.9023506464738764,0.029804721014460113,0.011184805072844028
1200,DI,1287,1997,3,1,1.5940710401359306e-13,5.551115123125783e-15,0.0853014059830457
1201,WMI,1287,1997,3,1,1.5955473129946473e-13,5.773159728050814e-15,0.0078009378630667925
1202,ISM,1287,1997,3,1,4.358940755166834,0.03484331009862569,0.017200591042637825
1203,DI,1287,1997,3,2,1.5940710401359306e-13,5.551115123125783e-15,0.08057918003760278
1204,WMI,1287,1997,3,2,1.5955473129946473e-13,5.773159728050814e-15,0.0038899690844118595
1205,ISM,1287,1997,3,2,4.358940755166834,0.03484331009862569,0.011292293900623918
1206,DI,1287,1997,3,3,1.5940710401359306e-13,5.551115123125783e-15,0.08181148092262447
1207,WMI,1287,1997,3,3,1.5955473129946473e-13,5.773159728050814e-15,0.007862347178161144
1208,ISM,1287,1997,3,3,4.358940755166834,0.03484331009862569,0.01680556684732437
1209,DI,1287,1997,3,4,1.5940710401359306e-13,5.551115123125783e-15,0.07709787390194833
1210,WMI,1287,1997,3,4,1.5955473129946473e-13,5.773159728050814e-15,0.003977698041126132
1211,ISM,1287,1997,3,4,4.358940755166834,0.03484331009862569,0.010989718837663531
1212,DI,1287,1997,3,5,1.5940710401359306e-13,5.551115123125783e-15,0.08220569510012865
1213,WMI,1287,1997,3,5,1.5955473129946473e-13,5.773159728050814e-15,0.007714068982750177
1214,ISM,1287,1997,3,5,4.358940755166834,0.03484331009862569,0.01688888599164784
1215,DI,1287,1997,3,6,1.5940710401359306e-13,5.551115123125783e-15,0.08045731112360954
1216,WMI,1287,1997,3,6,1.5955473129946473e-13,5.773159728050814e-15,0.003997566876932979
1217,ISM,1287,1997,3,6,4.358940755166834,0.03484331009862569,0.011065636994317174
1218,DI,1287,1997,3,7,1.5940710401359306e-13,5.551115123125783e-15,0.08158312388695776
1219,WMI,1287,1997,3,7,1.5955473129946473e-13,5.773159728050814e-15,0.007809248054400086
1220,ISM,1287,1997,3,7,4.358940755166834,0.03484331009862569,0.016646669944748282
1221,DI,1287,1997,3,8,1.5940710401359306e-13,5.551115123125783e-15,0.07692438689991832
1222,WMI,1287,1997,3,8,1.5955473129946473e-13,5.773159728050814e-15,0.0039528978522866964
1223,ISM,1287,1997,3,8,4.358940755166834,0.03484331009862569,0.010893669212237
1224,DI,1287,1997,3,9,1.5940710401359306e-13,5.551115123125783e-15,0.08282106393016875
1225,WMI,1287,1997,3,9,1.5955473129946473e-13,5.773159728050814e-15,0.00819268194027245
1226,ISM,1287,1997,3,9,4.358940755166834,0.03484331009862569,0.017392797861248255
1227,DI,1287,1997,3,10,1.5940710401359306e-13,5.551115123125783e-15,0.07994934008456767
1228,WMI,1287,1997,3,10,1.5955473129946473e-13,5.773159728050814e-15,0.004015746992081404
1229,ISM,1287,1997,3,10,4.358940755166834,0.03484331009862569,0.011409100843593478
1230,DI,1287,1997,3,11,1.5940710401359306e-13,5.551115123125783e-15,0.0902855780441314
1231,WMI,1287,1997,3,11,1.5955473129946473e-13,5.773159728050814e-15,0.007933865999802947
1232,ISM,1287,1997,3,11,4.358940755166834,0.03484331009862569,0.017697404138743877
1233,DI,1287,1997,3,12,1.5940710401359306e-13,5.551115123125783e-15,0.0815149659756571
1234,WMI,1287,1997,3,12,1.5955473129946473e-13,5.773159728050814e-15,0.003958948189392686
1235,ISM,1287,1997,3,12,4.358940755166834,0.03484331009862569,0.01154510909691453
1236,DI,1287,1997,3,13,1.5940710401359306e-13,5.551115123125783e-15,0.08812639187090099
1237,WMI,1287,1997,3,13,1.5955473129946473e-13,5.773159728050814e-15,0.007896116934716702
1238,ISM,1287,1997,3,13,4.358940755166834,0.03484331009862569,0.017956598894670606
1239,DI,1287,1997,3,14,1.5940710401359306e-13,5.551115123125783e-15,0.07984255207702518
1240,WMI,1287,1997,3,14,1.5955473129946473e-13,5.773159728050814e-15,0.0038828901015222073
1241,ISM,1287,1997,3,14,4.358940755166834,0.03484331009862569,0.01104325708001852
1242,DI,1287,1997,3,15,1.5940710401359306e-13,5.551115123125783e-15,0.08568678004667163
1243,WMI,1287,1997,3,15,1.5955473129946473e-13,5.773159728050814e-15,0.008076524129137397
1244,ISM,1287,1997,3,15,4.358940755166834,0.03484331009862569,0.017569025978446007
1245,DI,1287,1997,3,16,1.5940710401359306e-13,5.551115123125783e-15,0.07852429198101163
1246,WMI,1287,1997,3,16,1.5955473129946473e-13,5.773159728050814e-15,0.0041382149793207645
1247,ISM,1287,1997,3,16,4.358940755166834,0.03484331009862569,0.011504470137879252
1248,DI,1287,1997,3,17,1.5940710401359306e-13,5.551115123125783e-15,0.08366188197396696
1249,WMI,1287,1997,3,17,1.5955473129946473e-13,5.773159728050814e-15,0.008065403904765844
1250,ISM,1287,1997,3,17,4.358940755166834,0.03484331009862569,0.01690035592764616
1251,DI,1287,1997,3,18,1.5940710401359306e-13,5.551115123125783e-15,0.08133809780701995
1252,WMI,1287,1997,3,18,1.5955473129946473e-13,5.773159728050814e-15,0.0038560498505830765
1253,ISM,1287,1997,3,18,4.358940755166834,0.03484331009862569,0.011292042909190059
1254,DI,1287,1997,3,19,1.5940710401359306e-13,5.551115123125783e-15,0.08508478896692395
1255,WMI,1287,1997,3,19,1.5955473129946473e-13,5.773159728050814e-15,0.008008284028619528
1256,ISM,1287,1997,3,19,4.358940755166834,0.03484331009862569,0.016927966149523854
1257,DI,1287,1997,3,20,1.5940710401359306e-13,5.551115123125783e-15,0.07693485706113279
1258,WMI,1287,1997,3,20,1.5955473129946473e-13,5.773159728050814e-15,0.004296103026717901
1259,ISM,1287,1997,3,20,4.358940755166834,0.03484331009862569,0.011045998195186257
1260,DI,1287,1997,3,21,1.5940710401359306e-13,5.551115123125783e-15,0.08396832714788616
1261,WMI,1287,1997,3,21,1.5955473129946473e-13,5.773159728050814e-15,0.008180121891200542
1262,ISM,1287,1997,3,21,4.358940755166834,0.03484331009862569,0.01647768309339881
1263,DI,1287,1997,3,22,1.5940710401359306e-13,5.551115123125783e-15,0.0767095210030675
1264,WMI,1287,1997,3,22,1.5955473129946473e-13,5.773159728050814e-15,0.003937199013307691
1265,ISM,1287,1997,3,22,4.358940755166834,0.03484331009862569,0.01111698616296053
1266,DI,1287,1997,3,23,1.5940710401359306e-13,5.551115123125783e-15,0.09277786896564066
1267,WMI,1287,1997,3,23,1.5955473129946473e-13,5.773159728050814e-15,0.0077767090406268835
1268,ISM,1287,1997,3,23,4.358940755166834,0.03484331009862569,0.017042273888364434
1269,DI,1287,1997,3,24,1.5940710401359306e-13,5.551115123125783e-15,0.07720331195741892
1270,WMI,1287,1997,3,24,1.5955473129946473e-13,5.773159728050814e-15,0.003938297973945737
1271,ISM,1287,1997,3,24,4.358940755166834,0.03484331009862569,0.01092739892192185
1272,DI,1287,1997,3,25,1.5940710401359306e-13,5.551115123125783e-15,0.08500431105494499
1273,WMI,1287,1997,3,25,1.5955473129946473e-13,5.773159728050814e-15,0.007816307013854384
1274,ISM,1287,1997,3,25,4.358940755166834,0.03484331009862569,0.018707497976720333
1275,DI,1287,1997,3,26,1.5940710401359306e-13,5.551115123125783e-15,0.07688916800543666
1276,WMI,1287,1997,3,26,1.5955473129946473e-13,5.773159728050814e-15,0.0038079998921602964
1277,ISM,1287,1997,3,26,4.358940755166834,0.03484331009862569,0.010865340009331703
1278,DI,1287,1997,3,27,1.5940710401359306e-13,5.551115123125783e-15,0.08180060097947717
1279,WMI,1287,1997,3,27,1.5955473129946473e-13,5.773159728050814e-15,0.007778107887133956
1280,ISM,1287,1997,3,27,4.358940755166834,0.03484331009862569,0.017335979035124183
1281,DI,1287,1997,3,28,1.5940710401359306e-13,5.551115123125783e-15,0.07793157105334103
1282,WMI,1287,1997,3,28,1.5955473129946473e-13,5.773159728050814e-15,0.0039163988549262285
1283,ISM,1287,1997,3,28,4.358940755166834,0.03484331009862569,0.010788141982629895
1284,DI,1287,1997,3,29,1.5940710401359306e-13,5.551115123125783e-15,0.08402426610700786
1285,WMI,1287,1997,3,29,1.5955473129946473e-13,5.773159728050814e-15,0.00806838390417397
1286,ISM,1287,1997,3,29,4.358940755166834,0.03484331009862569,0.017624514177441597
1287,DI,1287,1997,3,30,1.5940710401359306e-13,5.551115123125783e-15,0.08029701397754252
1288,WMI,1287,1997,3,30,1.5955473129946473e-13,5.773159728050814e-15,0.004053846001625061
1289,ISM,1287,1997,3,30,4.358940755166834,0.03484331009862569,0.011107177007943392
1290,DI,1287,1997,3,31,1.5940710401359306e-13,5.551115123125783e-15,0.08264868799597025
1291,WMI,1287,1997,3,31,1.5955473129946473e-13,5.773159728050814e-15,0.00789352715946734
1292,ISM,1287,1997,3,31,4.358940755166834,0.03484331009862569,0.016533521935343742
1293,DI,1287,1997,3,32,1.5940710401359306e-13,5.551115123125783e-15,0.07742005889303982
1294,WMI,1287,1997,3,32,1.5955473129946473e-13,5.773159728050814e-15,0.0038820188492536545
1295,ISM,1287,1997,3,32,4.358940755166834,0.03484331009862569,0.012053142068907619
1296,DI,1287,1997,3,33,1.5940710401359306e-13,5.551115123125783e-15,0.08104513213038445
1297,WMI,1287,1997,3,33,1.5955473129946473e-13,5.773159728050814e-15,0.007675530156120658
1298,ISM,1287,1997,3,33,4.358940755166834,0.03484331009862569,0.01675513805821538
1299,DI,1287,1997,3,34,1.5940710401359306e-13,5.551115123125783e-15,0.07694259705021977
1300,WMI,1287,1997,3,34,1.5955473129946473e-13,5.773159728050814e-15,0.0040306460577994585
1301,ISM,1287,1997,3,34,4.358940755166834,0.03484331009862569,0.010872140061110258
1302,DI,1287,1997,3,35,1.5940710401359306e-13,5.551115123125783e-15,0.08398697595112026
1303,WMI,1287,1997,3,35,1.5955473129946473e-13,5.773159728050814e-15,0.007555241929367185
1304,ISM,1287,1997,3,35,4.358940755166834,0.03484331009862569,0.016560081159695983
1305,DI,1287,1997,3,36,1.5940710401359306e-13,5.551115123125783e-15,0.07741773989982903
1306,WMI,1287,1997,3,36,1.5955473129946473e-13,5.773159728050814e-15,0.004018587060272694
1307,ISM,1287,1997,3,36,4.358940755166834,0.03484331009862569,0.011021128157153726
1308,DI,1287,1997,3,37,1.5940710401359306e-13,5.551115123125783e-15,0.08241425105370581
1309,WMI,1287,1997,3,37,1.5955473129946473e-13,5.773159728050814e-15,0.007654990069568157
1310,ISM,1287,1997,3,37,4.358940755166834,0.03484331009862569,0.016852366039529443
1311,DI,1287,1997,3,38,1.5940710401359306e-13,5.551115123125783e-15,0.07725359196774662
1312,WMI,1287,1997,3,38,1.5955473129946473e-13,5.773159728050814e-15,0.003919258946552873
1313,ISM,1287,1997,3,38,4.358940755166834,0.03484331009862569,0.011101856827735901
1314,DI,1287,1997,3,39,1.5940710401359306e-13,5.551115123125783e-15,0.08139789686538279
1315,WMI,1287,1997,3,39,1.5955473129946473e-13,5.773159728050814e-15,0.00782720698043704
1316,ISM,1287,1997,3,39,4.358940755166834,0.03484331009862569,0.016868336126208305
1317,DI,1287,1997,3,40,1.5940710401359306e-13,5.551115123125783e-15,0.07694292720407248
1318,WMI,1287,1997,3,40,1.5955473129946473e-13,5.773159728050814e-15,0.004008427960798144
1319,ISM,1287,1997,3,40,4.358940755166834,0.03484331009862569,0.011226864997297525
1320,DI,1287,1997,3,41,1.5940710401359306e-13,5.551115123125783e-15,0.0844878489151597
1321,WMI,1287,1997,3,41,1.5955473129946473e-13,5.773159728050814e-15,0.007739349035546184
1322,ISM,1287,1997,3,41,4.358940755166834,0.03484331009862569,0.017845520982518792
1323,DI,1287,1997,3,42,1.5940710401359306e-13,5.551115123125783e-15,0.07979770214296877
1324,WMI,1287,1997,3,42,1.5955473129946473e-13,5.773159728050814e-15,0.003926859004423022
1325,ISM,1287,1997,3,42,4.358940755166834,0.03484331009862569,0.011212534038349986
1326,DI,1287,1997,3,43,1.5940710401359306e-13,5.551115123125783e-15,0.0863404399715364
1327,WMI,1287,1997,3,43,1.5955473129946473e-13,5.773159728050814e-15,0.0075471121817827225
1328,ISM,1287,1997,3,43,4.358940755166834,0.03484331009862569,0.016277684830129147
1329,DI,1287,1997,3,44,1.5940710401359306e-13,5.551115123125783e-15,0.07738852896727622
1330,WMI,1287,1997,3,44,1.5955473129946473e-13,5.773159728050814e-15,0.003923787968233228
1331,ISM,1287,1997,3,44,4.358940755166834,0.03484331009862569,0.011144864838570356
1332,DI,1287,1997,3,45,1.5940710401359306e-13,5.551115123125783e-15,0.08167883288115263
1333,WMI,1287,1997,3,45,1.5955473129946473e-13,5.773159728050814e-15,0.007626460865139961
1334,ISM,1287,1997,3,45,4.358940755166834,0.03484331009862569,0.016379124019294977
1335,DI,1287,1997,3,46,1.5940710401359306e-13,5.551115123125783e-15,0.07704635499976575
1336,WMI,1287,1997,3,46,1.5955473129946473e-13,5.773159728050814e-15,0.003938768990337849
1337,ISM,1287,1997,3,46,4.358940755166834,0.03484331009862569,0.011948103085160255
1338,DI,1287,1997,3,47,1.5940710401359306e-13,5.551115123125783e-15,0.08193480898626149
1339,WMI,1287,1997,3,47,1.5955473129946473e-13,5.773159728050814e-15,0.007968485122546554
1340,ISM,1287,1997,3,47,4.358940755166834,0.03484331009862569,0.016603930154815316
1341,DI,1287,1997,3,48,1.5940710401359306e-13,5.551115123125783e-15,0.08111153217032552
1342,WMI,1287,1997,3,48,1.5955473129946473e-13,5.773159728050814e-15,0.004318031948059797
1343,ISM,1287,1997,3,48,4.358940755166834,0.03484331009862569,0.010990279028192163
1344,DI,1287,1997,3,49,1.5940710401359306e-13,5.551115123125783e-15,0.08179482095874846
1345,WMI,1287,1997,3,49,1.5955473129946473e-13,5.773159728050814e-15,0.008403778076171875
1346,ISM,1287,1997,3,49,4.358940755166834,0.03484331009862569,0.016929375007748604
1347,DI,1287,1997,3,50,1.5940710401359306e-13,5.551115123125783e-15,0.07839590404182673
1348,WMI,1287,1997,3,50,1.5955473129946473e-13,5.773159728050814e-15,0.003883349010720849
1349,ISM,1287,1997,3,50,4.358940755166834,0.03484331009862569,0.011099295923486352
1350,DI,1287,1997,3,51,1.5940710401359306e-13,5.551115123125783e-15,0.08240214199759066
1351,WMI,1287,1997,3,51,1.5955473129946473e-13,5.773159728050814e-15,0.008844231953844428
1352,ISM,1287,1997,3,51,4.358940755166834,0.03484331009862569,0.01704994309693575
1353,DI,1287,1997,3,52,1.5940710401359306e-13,5.551115123125783e-15,0.07818004791624844
1354,WMI,1287,1997,3,52,1.5955473129946473e-13,5.773159728050814e-15,0.00547837489284575
1355,ISM,1287,1997,3,52,4.358940755166834,0.03484331009862569,0.011568739078938961
1356,DI,1287,1997,3,53,1.5940710401359306e-13,5.551115123125783e-15,0.08715468714945018
1357,WMI,1287,1997,3,53,1.5955473129946473e-13,5.773159728050814e-15,0.00787047715857625
1358,ISM,1287,1997,3,53,4.358940755166834,0.03484331009862569,0.017620955128222704
1359,DI,1287,1997,3,54,1.5940710401359306e-13,5.551115123125783e-15,0.07959308614954352
1360,WMI,1287,1997,3,54,1.5955473129946473e-13,5.773159728050814e-15,0.0040040279272943735
1361,ISM,1287,1997,3,54,4.358940755166834,0.03484331009862569,0.011225513881072402
1362,DI,1287,1997,3,55,1.5940710401359306e-13,5.551115123125783e-15,0.08171277213841677
1363,WMI,1287,1997,3,55,1.5955473129946473e-13,5.773159728050814e-15,0.008007765049114823
1364,ISM,1287,1997,3,55,4.358940755166834,0.03484331009862569,0.016837195958942175
1365,DI,1287,1997,3,56,1.5940710401359306e-13,5.551115123125783e-15,0.07771516498178244
1366,WMI,1287,1997,3,56,1.5955473129946473e-13,5.773159728050814e-15,0.003926669014617801
1367,ISM,1287,1997,3,56,4.358940755166834,0.03484331009862569,0.01122180512174964
1368,DI,1287,1997,3,57,1.5940710401359306e-13,5.551115123125783e-15,0.08164694299921393
1369,WMI,1287,1997,3,57,1.5955473129946473e-13,5.773159728050814e-15,0.007660570088773966
1370,ISM,1287,1997,3,57,4.358940755166834,0.03484331009862569,0.019259528955444694
1371,DI,1287,1997,3,58,1.5940710401359306e-13,5.551115123125783e-15,0.07742902892641723
1372,WMI,1287,1997,3,58,1.5955473129946473e-13,5.773159728050814e-15,0.00398409808985889
1373,ISM,1287,1997,3,58,4.358940755166834,0.03484331009862569,0.011032647918909788
1374,DI,1287,1997,3,59,1.5940710401359306e-13,5.551115123125783e-15,0.08249212987720966
1375,WMI,1287,1997,3,59,1.5955473129946473e-13,5.773159728050814e-15,0.007758279098197818
1376,ISM,1287,1997,3,59,4.358940755166834,0.03484331009862569,0.017003343906253576
1377,DI,1287,1997,3,60,1.5940710401359306e-13,5.551115123125783e-15,0.07727391202934086
1378,WMI,1287,1997,3,60,1.5955473129946473e-13,5.773159728050814e-15,0.004014486912637949
1379,ISM,1287,1997,3,60,4.358940755166834,0.03484331009862569,0.010894529055804014
1380,DI,1287,1997,3,61,1.5940710401359306e-13,5.551115123125783e-15,0.08170943195000291
1381,WMI,1287,1997,3,61,1.5955473129946473e-13,5.773159728050814e-15,0.007906236918643117
1382,ISM,1287,1997,3,61,4.358940755166834,0.03484331009862569,0.017084843013435602
1383,DI,1287,1997,3,62,1.5940710401359306e-13,5.551115123125783e-15,0.07719732308760285
1384,WMI,1287,1997,3,62,1.5955473129946473e-13,5.773159728050814e-15,0.004067227011546493
1385,ISM,1287,1997,3,62,4.358940755166834,0.03484331009862569,0.011230775155127048
1386,DI,1287,1997,3,63,1.5940710401359306e-13,5.551115123125783e-15,0.08177882083691657
1387,WMI,1287,1997,3,63,1.5955473129946473e-13,5.773159728050814e-15,0.007715849904343486
1388,ISM,1287,1997,3,63,4.358940755166834,0.03484331009862569,0.01708798506297171
1389,DI,1287,1997,3,64,1.5940710401359306e-13,5.551115123125783e-15,0.07893027598038316
1390,WMI,1287,1997,3,64,1.5955473129946473e-13,5.773159728050814e-15,0.004195493878796697
1391,ISM,1287,1997,3,64,4.358940755166834,0.03484331009862569,0.011320475023239851
1392,DI,1287,1997,3,65,1.5940710401359306e-13,5.551115123125783e-15,0.08220854518003762
1393,WMI,1287,1997,3,65,1.5955473129946473e-13,5.773159728050814e-15,0.007825679145753384
1394,ISM,1287,1997,3,65,4.358940755166834,0.03484331009862569,0.01728323195129633
1395,DI,1287,1997,3,66,1.5940710401359306e-13,5.551115123125783e-15,0.08130225911736488
1396,WMI,1287,1997,3,66,1.5955473129946473e-13,5.773159728050814e-15,0.004032827913761139
1397,ISM,1287,1997,3,66,4.358940755166834,0.03484331009862569,0.011261956067755818
1398,DI,1287,1997,3,67,1.5940710401359306e-13,5.551115123125783e-15,0.08201348804868758
1399,WMI,1287,1997,3,67,1.5955473129946473e-13,5.773159728050814e-15,0.008313151076436043
1400,ISM,1287,1997,3,67,4.358940755166834,0.03484331009862569,0.017407829873263836
1401,DI,1287,1997,3,68,1.5940710401359306e-13,5.551115123125783e-15,0.07948723691515625
1402,WMI,1287,1997,3,68,1.5955473129946473e-13,5.773159728050814e-15,0.0039969878271222115
1403,ISM,1287,1997,3,68,4.358940755166834,0.03484331009862569,0.011343393940478563
1404,DI,1287,1997,3,69,1.5940710401359306e-13,5.551115123125783e-15,0.08482155506499112
1405,WMI,1287,1997,3,69,1.5955473129946473e-13,5.773159728050814e-15,0.008003575028851628
1406,ISM,1287,1997,3,69,4.358940755166834,0.03484331009862569,0.017811964033171535
1407,DI,1287,1997,3,70,1.5940710401359306e-13,5.551115123125783e-15,0.07995131006464362
1408,WMI,1287,1997,3,70,1.5955473129946473e-13,5.773159728050814e-15,0.004023147979751229
1409,ISM,1287,1997,3,70,4.358940755166834,0.03484331009862569,0.011330373818054795
1410,DI,1287,1997,3,71,1.5940710401359306e-13,5.551115123125783e-15,0.08324690908193588
1411,WMI,1287,1997,3,71,1.5955473129946473e-13,5.773159728050814e-15,0.008072584867477417
1412,ISM,1287,1997,3,71,4.358940755166834,0.03484331009862569,0.01779887406155467
1413,DI,1287,1997,3,72,1.5940710401359306e-13,5.551115123125783e-15,0.07776100398041308
1414,WMI,1287,1997,3,72,1.5955473129946473e-13,5.773159728050814e-15,0.003939618822187185
1415,ISM,1287,1997,3,72,4.358940755166834,0.03484331009862569,0.010991010116413236
1416,DI,1287,1997,3,73,1.5940710401359306e-13,5.551115123125783e-15,0.08205276681110263
1417,WMI,1287,1997,3,73,1.5955473129946473e-13,5.773159728050814e-15,0.00796837592497468
1418,ISM,1287,1997,3,73,4.358940755166834,0.03484331009862569,0.016367526026442647
1419,DI,1287,1997,3,74,1.5940710401359306e-13,5.551115123125783e-15,0.0780031702015549
1420,WMI,1287,1997,3,74,1.5955473129946473e-13,5.773159728050814e-15,0.003969868877902627
1421,ISM,1287,1997,3,74,4.358940755166834,0.03484331009862569,0.01100801001302898
1422,DI,1287,1997,3,75,1.5940710401359306e-13,5.551115123125783e-15,0.08252305001951754
1423,WMI,1287,1997,3,75,1.5955473129946473e-13,5.773159728050814e-15,0.007802719017490745
1424,ISM,1287,1997,3,75,4.358940755166834,0.03484331009862569,0.016782630002126098
1425,DI,1287,1997,3,76,1.5940710401359306e-13,5.551115123125783e-15,0.07966644479893148
1426,WMI,1287,1997,3,76,1.5955473129946473e-13,5.773159728050814e-15,0.004002788104116917
1427,ISM,1287,1997,3,76,4.358940755166834,0.03484331009862569,0.012316098902374506
1428,DI,1287,1997,3,77,1.5940710401359306e-13,5.551115123125783e-15,0.08345395606011152
1429,WMI,1287,1997,3,77,1.5955473129946473e-13,5.773159728050814e-15,0.007951645879074931
1430,ISM,1287,1997,3,77,4.358940755166834,0.03484331009862569,0.01678674900904298
1431,DI,1287,1997,3,78,1.5940710401359306e-13,5.551115123125783e-15,0.07864728989079595
1432,WMI,1287,1997,3,78,1.5955473129946473e-13,5.773159728050814e-15,0.00393325905315578
1433,ISM,1287,1997,3,78,4.358940755166834,0.03484331009862569,0.010992228984832764
1434,DI,1287,1997,3,79,1.5940710401359306e-13,5.551115123125783e-15,0.08251941995695233
1435,WMI,1287,1997,3,79,1.5955473129946473e-13,5.773159728050814e-15,0.007688940968364477
1436,ISM,1287,1997,3,79,4.358940755166834,0.03484331009862569,0.016831289045512676
1437,DI,1287,1997,3,80,1.5940710401359306e-13,5.551115123125783e-15,0.07779372297227383
1438,WMI,1287,1997,3,80,1.5955473129946473e-13,5.773159728050814e-15,0.003975867992267013
1439,ISM,1287,1997,3,80,4.358940755166834,0.03484331009862569,0.011569190071895719
1440,DI,1287,1997,3,81,1.5940710401359306e-13,5.551115123125783e-15,0.08591917692683637
1441,WMI,1287,1997,3,81,1.5955473129946473e-13,5.773159728050814e-15,0.008126884000375867
1442,ISM,1287,1997,3,81,4.358940755166834,0.03484331009862569,0.017900561913847923
1443,DI,1287,1997,3,82,1.5940710401359306e-13,5.551115123125783e-15,0.07813337910920382
1444,WMI,1287,1997,3,82,1.5955473129946473e-13,5.773159728050814e-15,0.0039438288658857346
1445,ISM,1287,1997,3,82,4.358940755166834,0.03484331009862569,0.01153712091036141
1446,DI,1287,1997,3,83,1.5940710401359306e-13,5.551115123125783e-15,0.08206696715205908
1447,WMI,1287,1997,3,83,1.5955473129946473e-13,5.773159728050814e-15,0.008549086982384324
1448,ISM,1287,1997,3,83,4.358940755166834,0.03484331009862569,0.017386290011927485
1449,DI,1287,1997,3,84,1.5940710401359306e-13,5.551115123125783e-15,0.07948509696871042
1450,WMI,1287,1997,3,84,1.5955473129946473e-13,5.773159728050814e-15,0.004064217209815979
1451,ISM,1287,1997,3,84,4.358940755166834,0.03484331009862569,0.011217835824936628
1452,DI,1287,1997,3,85,1.5940710401359306e-13,5.551115123125783e-15,0.08388068899512291
1453,WMI,1287,1997,3,85,1.5955473129946473e-13,5.773159728050814e-15,0.00822873180732131
1454,ISM,1287,1997,3,85,4.358940755166834,0.03484331009862569,0.017624526983126998
1455,DI,1287,1997,3,86,1.5940710401359306e-13,5.551115123125783e-15,0.08072920702397823
1456,WMI,1287,1997,3,86,1.5955473129946473e-13,5.773159728050814e-15,0.0038704900071024895
1457,ISM,1287,1997,3,86,4.358940755166834,0.03484331009862569,0.010923380963504314
1458,DI,1287,1997,3,87,1.5940710401359306e-13,5.551115123125783e-15,0.0813834578730166
1459,WMI,1287,1997,3,87,1.5955473129946473e-13,5.773159728050814e-15,0.007761380169540644
1460,ISM,1287,1997,3,87,4.358940755166834,0.03484331009862569,0.016724850982427597
1461,DI,1287,1997,3,88,1.5940710401359306e-13,5.551115123125783e-15,0.07721275300718844
1462,WMI,1287,1997,3,88,1.5955473129946473e-13,5.773159728050814e-15,0.003963068127632141
1463,ISM,1287,1997,3,88,4.358940755166834,0.03484331009862569,0.010874970816075802
1464,DI,1287,1997,3,89,1.5940710401359306e-13,5.551115123125783e-15,0.08209015685133636
1465,WMI,1287,1997,3,89,1.5955473129946473e-13,5.773159728050814e-15,0.00797176593914628
1466,ISM,1287,1997,3,89,4.358940755166834,0.03484331009862569,0.019117234041914344
1467,DI,1287,1997,3,90,1.5940710401359306e-13,5.551115123125783e-15,0.07708870409987867
1468,WMI,1287,1997,3,90,1.5955473129946473e-13,5.773159728050814e-15,0.004108036169782281
1469,ISM,1287,1997,3,90,4.358940755166834,0.03484331009862569,0.011314695002511144
1470,DI,1287,1997,3,91,1.5940710401359306e-13,5.551115123125783e-15,0.08266261802054942
1471,WMI,1287,1997,3,91,1.5955473129946473e-13,5.773159728050814e-15,0.007710881065577269
1472,ISM,1287,1997,3,91,4.358940755166834,0.03484331009862569,0.017117053968831897
1473,DI,1287,1997,3,92,1.5940710401359306e-13,5.551115123125783e-15,0.0777777039911598
1474,WMI,1287,1997,3,92,1.5955473129946473e-13,5.773159728050814e-15,0.0039408288430422544
1475,ISM,1287,1997,3,92,4.358940755166834,0.03484331009862569,0.01093643088825047
1476,DI,1287,1997,3,93,1.5940710401359306e-13,5.551115123125783e-15,0.08368941117078066
1477,WMI,1287,1997,3,93,1.5955473129946473e-13,5.773159728050814e-15,0.007847798056900501
1478,ISM,1287,1997,3,93,4.358940755166834,0.03484331009862569,0.016332257073372602
1479,DI,1287,1997,3,94,1.5940710401359306e-13,5.551115123125783e-15,0.07916739187203348
1480,WMI,1287,1997,3,94,1.5955473129946473e-13,5.773159728050814e-15,0.0040556269232183695
1481,ISM,1287,1997,3,94,4.358940755166834,0.03484331009862569,0.011599899968132377
1482,DI,1287,1997,3,95,1.5940710401359306e-13,5.551115123125783e-15,0.08345650602132082
1483,WMI,1287,1997,3,95,1.5955473129946473e-13,5.773159728050814e-15,0.008041825145483017
1484,ISM,1287,1997,3,95,4.358940755166834,0.03484331009862569,0.017077964963391423
1485,DI,1287,1997,3,96,1.5940710401359306e-13,5.551115123125783e-15,0.07953112688846886
1486,WMI,1287,1997,3,96,1.5955473129946473e-13,5.773159728050814e-15,0.004063346888870001
1487,ISM,1287,1997,3,96,4.358940755166834,0.03484331009862569,0.011298254830762744
1488,DI,1287,1997,3,97,1.5940710401359306e-13,5.551115123125783e-15,0.08466797694563866
1489,WMI,1287,1997,3,97,1.5955473129946473e-13,5.773159728050814e-15,0.008039264939725399
1490,ISM,1287,1997,3,97,4.358940755166834,0.03484331009862569,0.017220732988789678
1491,DI,1287,1997,3,98,1.5940710401359306e-13,5.551115123125783e-15,0.07931632897816598
1492,WMI,1287,1997,3,98,1.5955473129946473e-13,5.773159728050814e-15,0.004086717031896114
1493,ISM,1287,1997,3,98,4.358940755166834,0.03484331009862569,0.011217796010896564
1494,DI,1287,1997,3,99,1.5940710401359306e-13,5.551115123125783e-15,0.08395535801537335
1495,WMI,1287,1997,3,99,1.5955473129946473e-13,5.773159728050814e-15,0.00814555399119854
1496,ISM,1287,1997,3,99,4.358940755166834,0.03484331009862569,0.018127837916836143
1497,DI,1287,1997,3,100,1.5940710401359306e-13,5.551115123125783e-15,0.07919900096021593
1498,WMI,1287,1997,3,100,1.5955473129946473e-13,5.773159728050814e-15,0.0039190989919006824
1499,ISM,1287,1997,3,100,4.358940755166834,0.03484331009862569,0.010957140009850264
1500,DI,1287,1997,3,101,1.5940710401359306e-13,5.551115123125783e-15,0.08292384399101138
1501,WMI,1287,1997,3,101,1.5955473129946473e-13,5.773159728050814e-15,0.008338380139321089
1502,ISM,1287,1997,3,101,4.358940755166834,0.03484331009862569,0.016225058818235993
1503,DI,1287,1997,3,102,1.5940710401359306e-13,5.551115123125783e-15,0.07865459006279707
1504,WMI,1287,1997,3,102,1.5955473129946473e-13,5.773159728050814e-15,0.003929379163309932
1505,ISM,1287,1997,3,102,4.358940755166834,0.03484331009862569,0.010909531032666564
1506,DI,1287,1997,3,103,1.5940710401359306e-13,5.551115123125783e-15,0.08226712397299707
1507,WMI,1287,1997,3,103,1.5955473129946473e-13,5.773159728050814e-15,0.007617382099851966
1508,ISM,1287,1997,3,103,4.358940755166834,0.03484331009862569,0.01666626101359725
1509,DI,1287,1997,3,104,1.5940710401359306e-13,5.551115123125783e-15,0.07784969313070178
1510,WMI,1287,1997,3,104,1.5955473129946473e-13,5.773159728050814e-15,0.00383744016289711
1511,ISM,1287,1997,3,104,4.358940755166834,0.03484331009862569,0.010934281162917614
1512,DI,1287,1997,3,105,1.5940710401359306e-13,5.551115123125783e-15,0.08232900314033031
1513,WMI,1287,1997,3,105,1.5955473129946473e-13,5.773159728050814e-15,0.007621432188898325
1514,ISM,1287,1997,3,105,4.358940755166834,0.03484331009862569,0.016615111846476793
1515,DI,1287,1997,3,106,1.5940710401359306e-13,5.551115123125783e-15,0.07665969105437398
1516,WMI,1287,1997,3,106,1.5955473129946473e-13,5.773159728050814e-15,0.0038775200955569744
1517,ISM,1287,1997,3,106,4.358940755166834,0.03484331009862569,0.011203716974705458
1518,DI,1287,1997,3,107,1.5940710401359306e-13,5.551115123125783e-15,0.08213556604459882
1519,WMI,1287,1997,3,107,1.5955473129946473e-13,5.773159728050814e-15,0.007898618001490831
1520,ISM,1287,1997,3,107,4.358940755166834,0.03484331009862569,0.016923645045608282
1521,DI,1287,1997,3,108,1.5940710401359306e-13,5.551115123125783e-15,0.07636691094376147
1522,WMI,1287,1997,3,108,1.5955473129946473e-13,5.773159728050814e-15,0.003924243850633502
1523,ISM,1287,1997,3,108,4.358940755166834,0.03484331009862569,0.010941815096884966
1524,DI,1287,1997,3,109,1.5940710401359306e-13,5.551115123125783e-15,0.08157475315965712
1525,WMI,1287,1997,3,109,1.5955473129946473e-13,5.773159728050814e-15,0.009953842032700777
1526,ISM,1287,1997,3,109,4.358940755166834,0.03484331009862569,0.01776933018118143
1527,DI,1287,1997,3,110,1.5940710401359306e-13,5.551115123125783e-15,0.07990752090699971
1528,WMI,1287,1997,3,110,1.5955473129946473e-13,5.773159728050814e-15,0.003889593994244933
1529,ISM,1287,1997,3,110,4.358940755166834,0.03484331009862569,0.011228280840441585
1530,DI,1287,1997,3,111,1.5940710401359306e-13,5.551115123125783e-15,0.08215852291323245
1531,WMI,1287,1997,3,111,1.5955473129946473e-13,5.773159728050814e-15,0.007827298017218709
1532,ISM,1287,1997,3,111,4.358940755166834,0.03484331009862569,0.01729749795049429
1533,DI,1287,1997,3,112,1.5940710401359306e-13,5.551115123125783e-15,0.07877412997186184
1534,WMI,1287,1997,3,112,1.5955473129946473e-13,5.773159728050814e-15,0.00436121691018343
1535,ISM,1287,1997,3,112,4.358940755166834,0.03484331009862569,0.011303848819807172
1536,DI,1287,1997,3,113,1.5940710401359306e-13,5.551115123125783e-15,0.0836846879683435
1537,WMI,1287,1997,3,113,1.5955473129946473e-13,5.773159728050814e-15,0.00819031079299748
1538,ISM,1287,1997,3,113,4.358940755166834,0.03484331009862569,0.01714384090155363
1539,DI,1287,1997,3,114,1.5940710401359306e-13,5.551115123125783e-15,0.07979485299438238
1540,WMI,1287,1997,3,114,1.5955473129946473e-13,5.773159728050814e-15,0.004024292109534144
1541,ISM,1287,1997,3,114,4.358940755166834,0.03484331009862569,0.011039523873478174
1542,DI,1287,1997,3,115,1.5940710401359306e-13,5.551115123125783e-15,0.08162821200676262
1543,WMI,1287,1997,3,115,1.5955473129946473e-13,5.773159728050814e-15,0.008257851004600525
1544,ISM,1287,1997,3,115,4.358940755166834,0.03484331009862569,0.01755770412273705
1545,DI,1287,1997,3,116,1.5940710401359306e-13,5.551115123125783e-15,0.07955211703665555
1546,WMI,1287,1997,3,116,1.5955473129946473e-13,5.773159728050814e-15,0.003910943865776062
1547,ISM,1287,1997,3,116,4.358940755166834,0.03484331009862569,0.011264848988503218
1548,DI,1287,1997,3,117,1.5940710401359306e-13,5.551115123125783e-15,0.08268894418142736
1549,WMI,1287,1997,3,117,1.5955473129946473e-13,5.773159728050814e-15,0.008215151028707623
1550,ISM,1287,1997,3,117,4.358940755166834,0.03484331009862569,0.02018808899447322
1551,DI,1287,1997,3,118,1.5940710401359306e-13,5.551115123125783e-15,0.08461957098916173
1552,WMI,1287,1997,3,118,1.5955473129946473e-13,5.773159728050814e-15,0.003929374041035771
1553,ISM,1287,1997,3,118,4.358940755166834,0.03484331009862569,0.011019503930583596
1554,DI,1287,1997,3,119,1.5940710401359306e-13,5.551115123125783e-15,0.08112763008102775
1555,WMI,1287,1997,3,119,1.5955473129946473e-13,5.773159728050814e-15,0.00793861597776413
1556,ISM,1287,1997,3,119,4.358940755166834,0.03484331009862569,0.016889554914087057
1557,DI,1287,1997,3,120,1.5940710401359306e-13,5.551115123125783e-15,0.07841861713677645
1558,WMI,1287,1997,3,120,1.5955473129946473e-13,5.773159728050814e-15,0.003965773154050112
1559,ISM,1287,1997,3,120,4.358940755166834,0.03484331009862569,0.010864145820960402
1560,DI,1287,1997,3,121,1.5940710401359306e-13,5.551115123125783e-15,0.0811440299730748
1561,WMI,1287,1997,3,121,1.5955473129946473e-13,5.773159728050814e-15,0.0076991599053144455
1562,ISM,1287,1997,3,121,4.358940755166834,0.03484331009862569,0.017153521068394184
1563,DI,1287,1997,3,122,1.5940710401359306e-13,5.551115123125783e-15,0.07693957211449742
1564,WMI,1287,1997,3,122,1.5955473129946473e-13,5.773159728050814e-15,0.004241249058395624
1565,ISM,1287,1997,3,122,4.358940755166834,0.03484331009862569,0.011244309833273292
1566,DI,1287,1997,3,123,1.5940710401359306e-13,5.551115123125783e-15,0.08284264104440808
1567,WMI,1287,1997,3,123,1.5955473129946473e-13,5.773159728050814e-15,0.008651782991364598
1568,ISM,1287,1997,3,123,4.358940755166834,0.03484331009862569,0.016867744969204068
1569,DI,1287,1997,3,124,1.5940710401359306e-13,5.551115123125783e-15,0.08060365007258952
1570,WMI,1287,1997,3,124,1.5955473129946473e-13,5.773159728050814e-15,0.003922444069758058
1571,ISM,1287,1997,3,124,4.358940755166834,0.03484331009862569,0.011023834114894271
1572,DI,1287,1997,3,125,1.5940710401359306e-13,5.551115123125783e-15,0.08171301102265716
1573,WMI,1287,1997,3,125,1.5955473129946473e-13,5.773159728050814e-15,0.007733409060165286
1574,ISM,1287,1997,3,125,4.358940755166834,0.03484331009862569,0.016303333919495344
1575,DI,1287,1997,3,126,1.5940710401359306e-13,5.551115123125783e-15,0.07983953203074634
1576,WMI,1287,1997,3,126,1.5955473129946473e-13,5.773159728050814e-15,0.003994693048298359
1577,ISM,1287,1997,3,126,4.358940755166834,0.03484331009862569,0.011812750017270446
1578,DI,1287,1997,3,127,1.5940710401359306e-13,5.551115123125783e-15,0.08261405606754124
1579,WMI,1287,1997,3,127,1.5955473129946473e-13,5.773159728050814e-15,0.008108223089948297
1580,ISM,1287,1997,3,127,4.358940755166834,0.03484331009862569,0.01766295195557177
1581,DI,1287,1997,3,128,1.5940710401359306e-13,5.551115123125783e-15,0.07870398205704987
1582,WMI,1287,1997,3,128,1.5955473129946473e-13,5.773159728050814e-15,0.003990102093666792
1583,ISM,1287,1997,3,128,4.358940755166834,0.03484331009862569,0.011210151016712189
1584,DI,1287,1997,3,129,1.5940710401359306e-13,5.551115123125783e-15,0.0832246148493141
1585,WMI,1287,1997,3,129,1.5955473129946473e-13,5.773159728050814e-15,0.007815798046067357
1586,ISM,1287,1997,3,129,4.358940755166834,0.03484331009862569,0.016949444077908993
1587,DI,1287,1997,3,130,1.5940710401359306e-13,5.551115123125783e-15,0.07890540803782642
1588,WMI,1287,1997,3,130,1.5955473129946473e-13,5.773159728050814e-15,0.003922013798728585
1589,ISM,1287,1997,3,130,4.358940755166834,0.03484331009862569,0.011072082910686731
1590,DI,1287,1997,3,131,1.5940710401359306e-13,5.551115123125783e-15,0.08368460810743272
1591,WMI,1287,1997,3,131,1.5955473129946473e-13,5.773159728050814e-15,0.007959764916449785
1592,ISM,1287,1997,3,131,4.358940755166834,0.03484331009862569,0.017664761980995536
1593,DI,1287,1997,3,132,1.5940710401359306e-13,5.551115123125783e-15,0.07946501881815493
1594,WMI,1287,1997,3,132,1.5955473129946473e-13,5.773159728050814e-15,0.00392661290243268
1595,ISM,1287,1997,3,132,4.358940755166834,0.03484331009862569,0.011185001116245985
1596,DI,1287,1997,3,133,1.5940710401359306e-13,5.551115123125783e-15,0.0828795509878546
1597,WMI,1287,1997,3,133,1.5955473129946473e-13,5.773159728050814e-15,0.00792541611008346
1598,ISM,1287,1997,3,133,4.358940755166834,0.03484331009862569,0.017850688891485333
1599,DI,1287,1997,3,134,1.5940710401359306e-13,5.551115123125783e-15,0.079106573946774
1600,WMI,1287,1997,3,134,1.5955473129946473e-13,5.773159728050814e-15,0.0038221050053834915
1601,ISM,1287,1997,3,134,4.358940755166834,0.03484331009862569,0.01119150104932487
1602,DI,1287,1997,3,135,1.5940710401359306e-13,5.551115123125783e-15,0.08116495492868125
1603,WMI,1287,1997,3,135,1.5955473129946473e-13,5.773159728050814e-15,0.0075996320229023695
1604,ISM,1287,1997,3,135,4.358940755166834,0.03484331009862569,0.01662224088795483
1605,DI,1287,1997,3,136,1.5940710401359306e-13,5.551115123125783e-15,0.07903115311637521
1606,WMI,1287,1997,3,136,1.5955473129946473e-13,5.773159728050814e-15,0.003970289137214422
1607,ISM,1287,1997,3,136,4.358940755166834,0.03484331009862569,0.011274074902758002
1608,DI,1287,1997,3,137,1.5940710401359306e-13,5.551115123125783e-15,0.08043715194799006
1609,WMI,1287,1997,3,137,1.5955473129946473e-13,5.773159728050814e-15,0.007661001058295369
1610,ISM,1287,1997,3,137,4.358940755166834,0.03484331009862569,0.01635995600372553
1611,DI,1287,1997,3,138,1.5940710401359306e-13,5.551115123125783e-15,0.07669673906639218
1612,WMI,1287,1997,3,138,1.5955473129946473e-13,5.773159728050814e-15,0.004239473957568407
1613,ISM,1287,1997,3,138,4.358940755166834,0.03484331009862569,0.01090860110707581
1614,DI,1287,1997,3,139,1.5940710401359306e-13,5.551115123125783e-15,0.08164747199043632
1615,WMI,1287,1997,3,139,1.5955473129946473e-13,5.773159728050814e-15,0.007888487074524164
1616,ISM,1287,1997,3,139,4.358940755166834,0.03484331009862569,0.016344136092811823
1617,DI,1287,1997,3,140,1.5940710401359306e-13,5.551115123125783e-15,0.07994577917270362
1618,WMI,1287,1997,3,140,1.5955473129946473e-13,5.773159728050814e-15,0.003966137999668717
1619,ISM,1287,1997,3,140,4.358940755166834,0.03484331009862569,0.014069041004404426
1620,DI,1287,1997,3,141,1.5940710401359306e-13,5.551115123125783e-15,0.08140447596088052
1621,WMI,1287,1997,3,141,1.5955473129946473e-13,5.773159728050814e-15,0.0077518189791589975
1622,ISM,1287,1997,3,141,4.358940755166834,0.03484331009862569,0.016806938918307424
1623,DI,1287,1997,3,142,1.5940710401359306e-13,5.551115123125783e-15,0.07843313203193247
1624,WMI,1287,1997,3,142,1.5955473129946473e-13,5.773159728050814e-15,0.0041161959525197744
1625,ISM,1287,1997,3,142,4.358940755166834,0.03484331009862569,0.011247844900935888
1626,DI,1287,1997,3,143,1.5940710401359306e-13,5.551115123125783e-15,0.0843688698951155
1627,WMI,1287,1997,3,143,1.5955473129946473e-13,5.773159728050814e-15,0.00803581508807838
1628,ISM,1287,1997,3,143,4.358940755166834,0.03484331009862569,0.01733593107201159
1629,DI,1287,1997,3,144,1.5940710401359306e-13,5.551115123125783e-15,0.07951779500581324
1630,WMI,1287,1997,3,144,1.5955473129946473e-13,5.773159728050814e-15,0.003959989175200462
1631,ISM,1287,1997,3,144,4.358940755166834,0.03484331009862569,0.010952719952911139
1632,DI,1287,1997,3,145,1.5940710401359306e-13,5.551115123125783e-15,0.08316460787318647
1633,WMI,1287,1997,3,145,1.5955473129946473e-13,5.773159728050814e-15,0.008431858848780394
1634,ISM,1287,1997,3,145,4.358940755166834,0.03484331009862569,0.017806822899729013
1635,DI,1287,1997,3,146,1.5940710401359306e-13,5.551115123125783e-15,0.07692375592887402
1636,WMI,1287,1997,3,146,1.5955473129946473e-13,5.773159728050814e-15,0.0039009691681712866
1637,ISM,1287,1997,3,146,4.358940755166834,0.03484331009862569,0.010978620033711195
1638,DI,1287,1997,3,147,1.5940710401359306e-13,5.551115123125783e-15,0.0832775270100683
1639,WMI,1287,1997,3,147,1.5955473129946473e-13,5.773159728050814e-15,0.008084634086117148
1640,ISM,1287,1997,3,147,4.358940755166834,0.03484331009862569,0.017026684945449233
1641,DI,1287,1997,3,148,1.5940710401359306e-13,5.551115123125783e-15,0.07736706896685064
1642,WMI,1287,1997,3,148,1.5955473129946473e-13,5.773159728050814e-15,0.003906930098310113
1643,ISM,1287,1997,3,148,4.358940755166834,0.03484331009862569,0.01095622987486422
1644,DI,1287,1997,3,149,1.5940710401359306e-13,5.551115123125783e-15,0.08146875514648855
1645,WMI,1287,1997,3,149,1.5955473129946473e-13,5.773159728050814e-15,0.007624872028827667
1646,ISM,1287,1997,3,149,4.358940755166834,0.03484331009862569,0.016715531004592776
1647,DI,1287,1997,3,150,1.5940710401359306e-13,5.551115123125783e-15,0.07653506193310022
1648,WMI,1287,1997,3,150,1.5955473129946473e-13,5.773159728050814e-15,0.003912720130756497
1649,ISM,1287,1997,3,150,4.358940755166834,0.03484331009862569,0.010879711015149951
1650,DI,1287,1997,3,151,1.5940710401359306e-13,5.551115123125783e-15,0.08089816407300532
1651,WMI,1287,1997,3,151,1.5955473129946473e-13,5.773159728050814e-15,0.007867167936637998
1652,ISM,1287,1997,3,151,4.358940755166834,0.03484331009862569,0.016449735034257174
1653,DI,1287,1997,3,152,1.5940710401359306e-13,5.551115123125783e-15,0.07828447385691106
1654,WMI,1287,1997,3,152,1.5955473129946473e-13,5.773159728050814e-15,0.004007738083600998
1655,ISM,1287,1997,3,152,4.358940755166834,0.03484331009862569,0.0114118920173496
1656,DI,1287,1997,3,153,1.5940710401359306e-13,5.551115123125783e-15,0.0818097700830549
1657,WMI,1287,1997,3,153,1.5955473129946473e-13,5.773159728050814e-15,0.008264302043244243
1658,ISM,1287,1997,3,153,4.358940755166834,0.03484331009862569,0.016829669009894133
1659,DI,1287,1997,3,154,1.5940710401359306e-13,5.551115123125783e-15,0.0778266810812056
1660,WMI,1287,1997,3,154,1.5955473129946473e-13,5.773159728050814e-15,0.003944118972867727
1661,ISM,1287,1997,3,154,4.358940755166834,0.03484331009862569,0.011236286023631692
1662,DI,1287,1997,3,155,1.5940710401359306e-13,5.551115123125783e-15,0.08422677195630968
1663,WMI,1287,1997,3,155,1.5955473129946473e-13,5.773159728050814e-15,0.007727649994194508
1664,ISM,1287,1997,3,155,4.358940755166834,0.03484331009862569,0.01662217197008431
1665,DI,1287,1997,3,156,1.5940710401359306e-13,5.551115123125783e-15,0.07891648495569825
1666,WMI,1287,1997,3,156,1.5955473129946473e-13,5.773159728050814e-15,0.003961928188800812
1667,ISM,1287,1997,3,156,4.358940755166834,0.03484331009862569,0.01115533709526062
1668,DI,1287,1997,3,157,1.5940710401359306e-13,5.551115123125783e-15,0.08128034812398255
1669,WMI,1287,1997,3,157,1.5955473129946473e-13,5.773159728050814e-15,0.007859807927161455
1670,ISM,1287,1997,3,157,4.358940755166834,0.03484331009862569,0.018151858123019338
1671,DI,1287,1997,3,158,1.5940710401359306e-13,5.551115123125783e-15,0.07764111505821347
1672,WMI,1287,1997,3,158,1.5955473129946473e-13,5.773159728050814e-15,0.0038387011736631393
1673,ISM,1287,1997,3,158,4.358940755166834,0.03484331009862569,0.010981078958138824
1674,DI,1287,1997,3,159,1.5940710401359306e-13,5.551115123125783e-15,0.08380893897265196
1675,WMI,1287,1997,3,159,1.5955473129946473e-13,5.773159728050814e-15,0.008060945197939873
1676,ISM,1287,1997,3,159,4.358940755166834,0.03484331009862569,0.01769934594631195
1677,DI,1287,1997,3,160,1.5940710401359306e-13,5.551115123125783e-15,0.07789548090659082
1678,WMI,1287,1997,3,160,1.5955473129946473e-13,5.773159728050814e-15,0.0039310690481215715
1679,ISM,1287,1997,3,160,4.358940755166834,0.03484331009862569,0.010901019908487797
1680,DI,1287,1997,3,161,1.5940710401359306e-13,5.551115123125783e-15,0.0807674559764564
1681,WMI,1287,1997,3,161,1.5955473129946473e-13,5.773159728050814e-15,0.007857898017391562
1682,ISM,1287,1997,3,161,4.358940755166834,0.03484331009862569,0.018346565077081323
1683,DI,1287,1997,3,162,1.5940710401359306e-13,5.551115123125783e-15,0.07717111194506288
1684,WMI,1287,1997,3,162,1.5955473129946473e-13,5.773159728050814e-15,0.003889049170538783
1685,ISM,1287,1997,3,162,4.358940755166834,0.03484331009862569,0.011037298943847418
1686,DI,1287,1997,3,163,1.5940710401359306e-13,5.551115123125783e-15,0.08176420978270471
1687,WMI,1287,1997,3,163,1.5955473129946473e-13,5.773159728050814e-15,0.008187893079593778
1688,ISM,1287,1997,3,163,4.358940755166834,0.03484331009862569,0.01856360211968422
1689,DI,1287,1997,3,164,1.5940710401359306e-13,5.551115123125783e-15,0.08162516192533076
1690,WMI,1287,1997,3,164,1.5955473129946473e-13,5.773159728050814e-15,0.003969518002122641
1691,ISM,1287,1997,3,164,4.358940755166834,0.03484331009862569,0.011560810031369328
1692,DI,1287,1997,3,165,1.5940710401359306e-13,5.551115123125783e-15,0.08464816608466208
1693,WMI,1287,1997,3,165,1.5955473129946473e-13,5.773159728050814e-15,0.007902698125690222
1694,ISM,1287,1997,3,165,4.358940755166834,0.03484331009862569,0.017820902867242694
1695,DI,1287,1997,3,166,1.5940710401359306e-13,5.551115123125783e-15,0.0822113340254873
1696,WMI,1287,1997,3,166,1.5955473129946473e-13,5.773159728050814e-15,0.004225095035508275
1697,ISM,1287,1997,3,166,4.358940755166834,0.03484331009862569,0.011619939003139734
1698,DI,1287,1997,3,167,1.5940710401359306e-13,5.551115123125783e-15,0.08304423000663519
1699,WMI,1287,1997,3,167,1.5955473129946473e-13,5.773159728050814e-15,0.008320080116391182
1700,ISM,1287,1997,3,167,4.358940755166834,0.03484331009862569,0.01716340286657214
1701,DI,1287,1997,3,168,1.5940710401359306e-13,5.551115123125783e-15,0.07916804007254541
1702,WMI,1287,1997,3,168,1.5955473129946473e-13,5.773159728050814e-15,0.004182514967396855
1703,ISM,1287,1997,3,168,4.358940755166834,0.03484331009862569,0.011087077902629972
1704,DI,1287,1997,3,169,1.5940710401359306e-13,5.551115123125783e-15,0.0818967989180237
1705,WMI,1287,1997,3,169,1.5955473129946473e-13,5.773159728050814e-15,0.007689920952543616
1706,ISM,1287,1997,3,169,4.358940755166834,0.03484331009862569,0.016789500135928392
1707,DI,1287,1997,3,170,1.5940710401359306e-13,5.551115123125783e-15,0.07719725091010332
1708,WMI,1287,1997,3,170,1.5955473129946473e-13,5.773159728050814e-15,0.004082387080416083
1709,ISM,1287,1997,3,170,4.358940755166834,0.03484331009862569,0.011152795981615782
1710,DI,1287,1997,3,171,1.5940710401359306e-13,5.551115123125783e-15,0.08293444197624922
1711,WMI,1287,1997,3,171,1.5955473129946473e-13,5.773159728050814e-15,0.00760345091111958
1712,ISM,1287,1997,3,171,4.358940755166834,0.03484331009862569,0.016694591147825122
1713,DI,1287,1997,3,172,1.5940710401359306e-13,5.551115123125783e-15,0.07766415388323367
1714,WMI,1287,1997,3,172,1.5955473129946473e-13,5.773159728050814e-15,0.003934839041903615
1715,ISM,1287,1997,3,172,4.358940755166834,0.03484331009862569,0.011024978011846542
1716,DI,1287,1997,3,173,1.5940710401359306e-13,5.551115123125783e-15,0.08308327989652753
1717,WMI,1287,1997,3,173,1.5955473129946473e-13,5.773159728050814e-15,0.007748899981379509
1718,ISM,1287,1997,3,173,4.358940755166834,0.03484331009862569,0.01685986900702119
1719,DI,1287,1997,3,174,1.5940710401359306e-13,5.551115123125783e-15,0.07728056982159615
1720,WMI,1287,1997,3,174,1.5955473129946473e-13,5.773159728050814e-15,0.003999988082796335
1721,ISM,1287,1997,3,174,4.358940755166834,0.03484331009862569,0.012224260019138455
1722,DI,1287,1997,3,175,1.5940710401359306e-13,5.551115123125783e-15,0.08310549892485142
1723,WMI,1287,1997,3,175,1.5955473129946473e-13,5.773159728050814e-15,0.008388950023800135
1724,ISM,1287,1997,3,175,4.358940755166834,0.03484331009862569,0.017078215023502707
1725,DI,1287,1997,3,176,1.5940710401359306e-13,5.551115123125783e-15,0.07998992805369198
1726,WMI,1287,1997,3,176,1.5955473129946473e-13,5.773159728050814e-15,0.004142535151913762
1727,ISM,1287,1997,3,176,4.358940755166834,0.03484331009862569,0.011148296995088458
1728,DI,1287,1997,3,177,1.5940710401359306e-13,5.551115123125783e-15,0.08428145083598793
1729,WMI,1287,1997,3,177,1.5955473129946473e-13,5.773159728050814e-15,0.007751879980787635
1730,ISM,1287,1997,3,177,4.358940755166834,0.03484331009862569,0.017421760130673647
1731,DI,1287,1997,3,178,1.5940710401359306e-13,5.551115123125783e-15,0.07862708903849125
1732,WMI,1287,1997,3,178,1.5955473129946473e-13,5.773159728050814e-15,0.0040331080090254545
1733,ISM,1287,1997,3,178,4.358940755166834,0.03484331009862569,0.011383102973923087
1734,DI,1287,1997,3,179,1.5940710401359306e-13,5.551115123125783e-15,0.0833344750571996
1735,WMI,1287,1997,3,179,1.5955473129946473e-13,5.773159728050814e-15,0.008202763041481376
1736,ISM,1287,1997,3,179,4.358940755166834,0.03484331009862569,0.01730481185950339
1737,DI,1287,1997,3,180,1.5940710401359306e-13,5.551115123125783e-15,0.08114036987535655
1738,WMI,1287,1997,3,180,1.5955473129946473e-13,5.773159728050814e-15,0.003967338008806109
1739,ISM,1287,1997,3,180,4.358940755166834,0.03484331009862569,0.011175967054441571
1740,DI,1287,1997,3,181,1.5940710401359306e-13,5.551115123125783e-15,0.08351769298315048
1741,WMI,1287,1997,3,181,1.5955473129946473e-13,5.773159728050814e-15,0.008030535886064172
1742,ISM,1287,1997,3,181,4.358940755166834,0.03484331009862569,0.01734330994077027
1743,DI,1287,1997,3,182,1.5940710401359306e-13,5.551115123125783e-15,0.08193826698698103
1744,WMI,1287,1997,3,182,1.5955473129946473e-13,5.773159728050814e-15,0.00394625891931355
1745,ISM,1287,1997,3,182,4.358940755166834,0.03484331009862569,0.011300523998215795
1746,DI,1287,1997,3,183,1.5940710401359306e-13,5.551115123125783e-15,0.08195932814851403
1747,WMI,1287,1997,3,183,1.5955473129946473e-13,5.773159728050814e-15,0.007763579022139311
1748,ISM,1287,1997,3,183,4.358940755166834,0.03484331009862569,0.017667555017396808
1749,DI,1287,1997,3,184,1.5940710401359306e-13,5.551115123125783e-15,0.0784379520919174
1750,WMI,1287,1997,3,184,1.5955473129946473e-13,5.773159728050814e-15,0.0039614178240299225
1751,ISM,1287,1997,3,184,4.358940755166834,0.03484331009862569,0.011051838053390384
1752,DI,1287,1997,3,185,1.5940710401359306e-13,5.551115123125783e-15,0.08376105991192162
1753,WMI,1287,1997,3,185,1.5955473129946473e-13,5.773159728050814e-15,0.00814219401217997
1754,ISM,1287,1997,3,185,4.358940755166834,0.03484331009862569,0.017698595067486167
1755,DI,1287,1997,3,186,1.5940710401359306e-13,5.551115123125783e-15,0.07881291606463492
1756,WMI,1287,1997,3,186,1.5955473129946473e-13,5.773159728050814e-15,0.004023237153887749
1757,ISM,1287,1997,3,186,4.358940755166834,0.03484331009862569,0.013039846904575825
1758,DI,1287,1997,3,187,1.5940710401359306e-13,5.551115123125783e-15,0.08431189111433923
1759,WMI,1287,1997,3,187,1.5955473129946473e-13,5.773159728050814e-15,0.007875988027080894
1760,ISM,1287,1997,3,187,4.358940755166834,0.03484331009862569,0.017804373987019062
1761,DI,1287,1997,3,188,1.5940710401359306e-13,5.551115123125783e-15,0.07999176811426878
1762,WMI,1287,1997,3,188,1.5955473129946473e-13,5.773159728050814e-15,0.003993498161435127
1763,ISM,1287,1997,3,188,4.358940755166834,0.03484331009862569,0.011021349113434553
1764,DI,1287,1997,3,189,1.5940710401359306e-13,5.551115123125783e-15,0.08351344312541187
1765,WMI,1287,1997,3,189,1.5955473129946473e-13,5.773159728050814e-15,0.008390949107706547
1766,ISM,1287,1997,3,189,4.358940755166834,0.03484331009862569,0.017702164826914668
1767,DI,1287,1997,3,190,1.5940710401359306e-13,5.551115123125783e-15,0.07942425715737045
1768,WMI,1287,1997,3,190,1.5955473129946473e-13,5.773159728050814e-15,0.0038398709148168564
1769,ISM,1287,1997,3,190,4.358940755166834,0.03484331009862569,0.010981828905642033
1770,DI,1287,1997,3,191,1.5940710401359306e-13,5.551115123125783e-15,0.08040479081682861
1771,WMI,1287,1997,3,191,1.5955473129946473e-13,5.773159728050814e-15,0.008307780837640166
1772,ISM,1287,1997,3,191,4.358940755166834,0.03484331009862569,0.016759050078690052
1773,DI,1287,1997,3,192,1.5940710401359306e-13,5.551115123125783e-15,0.0776827831286937
1774,WMI,1287,1997,3,192,1.5955473129946473e-13,5.773159728050814e-15,0.003916369052603841
1775,ISM,1287,1997,3,192,4.358940755166834,0.03484331009862569,0.010973979951813817
1776,DI,1287,1997,3,193,1.5940710401359306e-13,5.551115123125783e-15,0.0816899910569191
1777,WMI,1287,1997,3,193,1.5955473129946473e-13,5.773159728050814e-15,0.00789553695358336
1778,ISM,1287,1997,3,193,4.358940755166834,0.03484331009862569,0.016875737812370062
1779,DI,1287,1997,3,194,1.5940710401359306e-13,5.551115123125783e-15,0.0792129198089242
1780,WMI,1287,1997,3,194,1.5955473129946473e-13,5.773159728050814e-15,0.004407551838085055
1781,ISM,1287,1997,3,194,4.358940755166834,0.03484331009862569,0.011370623018592596
1782,DI,1287,1997,3,195,1.5940710401359306e-13,5.551115123125783e-15,0.08101010206155479
1783,WMI,1287,1997,3,195,1.5955473129946473e-13,5.773159728050814e-15,0.007886546896770597
1784,ISM,1287,1997,3,195,4.358940755166834,0.03484331009862569,0.016653220867738128
1785,DI,1287,1997,3,196,1.5940710401359306e-13,5.551115123125783e-15,0.07791672996245325
1786,WMI,1287,1997,3,196,1.5955473129946473e-13,5.773159728050814e-15,0.003957059001550078
1787,ISM,1287,1997,3,196,4.358940755166834,0.03484331009862569,0.012959258863702416
1788,DI,1287,1997,3,197,1.5940710401359306e-13,5.551115123125783e-15,0.083171108039096
1789,WMI,1287,1997,3,197,1.5955473129946473e-13,5.773159728050814e-15,0.007778398925438523
1790,ISM,1287,1997,3,197,4.358940755166834,0.03484331009862569,0.017386769875884056
1791,DI,1287,1997,3,198,1.5940710401359306e-13,5.551115123125783e-15,0.07854488003067672
1792,WMI,1287,1997,3,198,1.5955473129946473e-13,5.773159728050814e-15,0.004060467006638646
1793,ISM,1287,1997,3,198,4.358940755166834,0.03484331009862569,0.011377803049981594
1794,DI,1287,1997,3,199,1.5940710401359306e-13,5.551115123125783e-15,0.0830392399802804
1795,WMI,1287,1997,3,199,1.5955473129946473e-13,5.773159728050814e-15,0.007894776994362473
1796,ISM,1287,1997,3,199,4.358940755166834,0.03484331009862569,0.017402030061930418
1797,DI,1287,1997,3,200,1.5940710401359306e-13,5.551115123125783e-15,0.07978103100322187
1798,WMI,1287,1997,3,200,1.5955473129946473e-13,5.773159728050814e-15,0.0043671322055161
1799,ISM,1287,1997,3,200,4.358940755166834,0.03484331009862569,0.011219205800443888
1800,DI,1287,1996,4,1,1.5930549128196488e-13,5.551115123125783e-15,0.07694409601390362
1801,WMI,1287,1996,4,1,1.6093183505200588e-13,5.551115123125783e-15,0.0074572451412677765
1802,ISM,1287,1996,4,1,5.333518262673728,0.04224776262261942,0.02831079112365842
1803,DI,1287,1996,4,2,1.5930549128196488e-13,5.551115123125783e-15,0.07254608394578099
1804,WMI,1287,1996,4,2,1.6093183505200588e-13,5.551115123125783e-15,0.003913458902388811
1805,ISM,1287,1996,4,2,5.333518262673728,0.04224776262261942,0.0145655139349401
1806,DI,1287,1996,4,3,1.5930549128196488e-13,5.551115123125783e-15,0.08295041089877486
1807,WMI,1287,1996,4,3,1.6093183505200588e-13,5.551115123125783e-15,0.008050234988331795
1808,ISM,1287,1996,4,3,5.333518262673728,0.04224776262261942,0.027663249988108873
1809,DI,1287,1996,4,4,1.5930549128196488e-13,5.551115123125783e-15,0.07299013715237379
1810,WMI,1287,1996,4,4,1.6093183505200588e-13,5.551115123125783e-15,0.0039515390526503325
1811,ISM,1287,1996,4,4,5.333518262673728,0.04224776262261942,0.014479205012321472
1812,DI,1287,1996,4,5,1.5930549128196488e-13,5.551115123125783e-15,0.08225377299822867
1813,WMI,1287,1996,4,5,1.6093183505200588e-13,5.551115123125783e-15,0.007458963897079229
1814,ISM,1287,1996,4,5,5.333518262673728,0.04224776262261942,0.0266557561699301
1815,DI,1287,1996,4,6,1.5930549128196488e-13,5.551115123125783e-15,0.07508353400044143
1816,WMI,1287,1996,4,6,1.6093183505200588e-13,5.551115123125783e-15,0.00403649709187448
1817,ISM,1287,1996,4,6,5.333518262673728,0.04224776262261942,0.015037766890600324
1818,DI,1287,1996,4,7,1.5930549128196488e-13,5.551115123125783e-15,0.08081182488240302
1819,WMI,1287,1996,4,7,1.6093183505200588e-13,5.551115123125783e-15,0.007394695188850164
1820,ISM,1287,1996,4,7,5.333518262673728,0.04224776262261942,0.026505687972530723
1821,DI,1287,1996,4,8,1.5930549128196488e-13,5.551115123125783e-15,0.07343827886506915
1822,WMI,1287,1996,4,8,1.6093183505200588e-13,5.551115123125783e-15,0.003858709940686822
1823,ISM,1287,1996,4,8,5.333518262673728,0.04224776262261942,0.014814679976552725
1824,DI,1287,1996,4,9,1.5930549128196488e-13,5.551115123125783e-15,0.08104767207987607
1825,WMI,1287,1996,4,9,1.6093183505200588e-13,5.551115123125783e-15,0.0074580039363354445
1826,ISM,1287,1996,4,9,5.333518262673728,0.04224776262261942,0.026444318937137723
1827,DI,1287,1996,4,10,1.5930549128196488e-13,5.551115123125783e-15,0.07512417412362993
1828,WMI,1287,1996,4,10,1.6093183505200588e-13,5.551115123125783e-15,0.0038081309758126736
1829,ISM,1287,1996,4,10,5.333518262673728,0.04224776262261942,0.015161274932324886
1830,DI,1287,1996,4,11,1.5930549128196488e-13,5.551115123125783e-15,0.0813678759150207
1831,WMI,1287,1996,4,11,1.6093183505200588e-13,5.551115123125783e-15,0.00845658895559609
1832,ISM,1287,1996,4,11,5.333518262673728,0.04224776262261942,0.026766055030748248
1833,DI,1287,1996,4,12,1.5930549128196488e-13,5.551115123125783e-15,0.07518801302649081
1834,WMI,1287,1996,4,12,1.6093183505200588e-13,5.551115123125783e-15,0.00402449700050056
1835,ISM,1287,1996,4,12,5.333518262673728,0.04224776262261942,0.015170025173574686
1836,DI,1287,1996,4,13,1.5930549128196488e-13,5.551115123125783e-15,0.08330313605256379
1837,WMI,1287,1996,4,13,1.6093183505200588e-13,5.551115123125783e-15,0.007642782060429454
1838,ISM,1287,1996,4,13,5.333518262673728,0.04224776262261942,0.028407998848706484
1839,DI,1287,1996,4,14,1.5930549128196488e-13,5.551115123125783e-15,0.07699602493084967
1840,WMI,1287,1996,4,14,1.6093183505200588e-13,5.551115123125783e-15,0.004289213102310896
1841,ISM,1287,1996,4,14,5.333518262673728,0.04224776262261942,0.015828134957700968
1842,DI,1287,1996,4,15,1.5930549128196488e-13,5.551115123125783e-15,0.09104975708760321
1843,WMI,1287,1996,4,15,1.6093183505200588e-13,5.551115123125783e-15,0.008167672902345657
1844,ISM,1287,1996,4,15,5.333518262673728,0.04224776262261942,0.027983644977211952
1845,DI,1287,1996,4,16,1.5930549128196488e-13,5.551115123125783e-15,0.07603638991713524
1846,WMI,1287,1996,4,16,1.6093183505200588e-13,5.551115123125783e-15,0.003962109098210931
1847,ISM,1287,1996,4,16,5.333518262673728,0.04224776262261942,0.01495888689532876
1848,DI,1287,1996,4,17,1.5930549128196488e-13,5.551115123125783e-15,0.08360033202916384
1849,WMI,1287,1996,4,17,1.6093183505200588e-13,5.551115123125783e-15,0.008058265084400773
1850,ISM,1287,1996,4,17,5.333518262673728,0.04224776262261942,0.029221746139228344
1851,DI,1287,1996,4,18,1.5930549128196488e-13,5.551115123125783e-15,0.07530203112401068
1852,WMI,1287,1996,4,18,1.6093183505200588e-13,5.551115123125783e-15,0.004021108150482178
1853,ISM,1287,1996,4,18,5.333518262673728,0.04224776262261942,0.015277372905984521
1854,DI,1287,1996,4,19,1.5930549128196488e-13,5.551115123125783e-15,0.08598505496047437
1855,WMI,1287,1996,4,19,1.6093183505200588e-13,5.551115123125783e-15,0.007765308953821659
1856,ISM,1287,1996,4,19,5.333518262673728,0.04224776262261942,0.028466998133808374
1857,DI,1287,1996,4,20,1.5930549128196488e-13,5.551115123125783e-15,0.0755002370569855
1858,WMI,1287,1996,4,20,1.6093183505200588e-13,5.551115123125783e-15,0.003981567919254303
1859,ISM,1287,1996,4,20,5.333518262673728,0.04224776262261942,0.015536938095465302
1860,DI,1287,1996,4,21,1.5930549128196488e-13,5.551115123125783e-15,0.08427298092283309
1861,WMI,1287,1996,4,21,1.6093183505200588e-13,5.551115123125783e-15,0.007788599003106356
1862,ISM,1287,1996,4,21,5.333518262673728,0.04224776262261942,0.027914997190237045
1863,DI,1287,1996,4,22,1.5930549128196488e-13,5.551115123125783e-15,0.07631961512379348
1864,WMI,1287,1996,4,22,1.6093183505200588e-13,5.551115123125783e-15,0.004278114065527916
1865,ISM,1287,1996,4,22,5.333518262673728,0.04224776262261942,0.015365391038358212
1866,DI,1287,1996,4,23,1.5930549128196488e-13,5.551115123125783e-15,0.08430772088468075
1867,WMI,1287,1996,4,23,1.6093183505200588e-13,5.551115123125783e-15,0.0075502421241253614
1868,ISM,1287,1996,4,23,5.333518262673728,0.04224776262261942,0.02787310816347599
1869,DI,1287,1996,4,24,1.5930549128196488e-13,5.551115123125783e-15,0.07811920717358589
1870,WMI,1287,1996,4,24,1.6093183505200588e-13,5.551115123125783e-15,0.0038531499449163675
1871,ISM,1287,1996,4,24,5.333518262673728,0.04224776262261942,0.015198634006083012
1872,DI,1287,1996,4,25,1.5930549128196488e-13,5.551115123125783e-15,0.08322383789345622
1873,WMI,1287,1996,4,25,1.6093183505200588e-13,5.551115123125783e-15,0.009441972943022847
1874,ISM,1287,1996,4,25,5.333518262673728,0.04224776262261942,0.028565685963258147
1875,DI,1287,1996,4,26,1.5930549128196488e-13,5.551115123125783e-15,0.07508631399832666
1876,WMI,1287,1996,4,26,1.6093183505200588e-13,5.551115123125783e-15,0.004112735856324434
1877,ISM,1287,1996,4,26,5.333518262673728,0.04224776262261942,0.015096605056896806
1878,DI,1287,1996,4,27,1.5930549128196488e-13,5.551115123125783e-15,0.09021594887599349
1879,WMI,1287,1996,4,27,1.6093183505200588e-13,5.551115123125783e-15,0.008234401931986213
1880,ISM,1287,1996,4,27,5.333518262673728,0.04224776262261942,0.028458418091759086
1881,DI,1287,1996,4,28,1.5930549128196488e-13,5.551115123125783e-15,0.0772177018225193
1882,WMI,1287,1996,4,28,1.6093183505200588e-13,5.551115123125783e-15,0.00396289792843163
1883,ISM,1287,1996,4,28,5.333518262673728,0.04224776262261942,0.015548187773674726
1884,DI,1287,1996,4,29,1.5930549128196488e-13,5.551115123125783e-15,0.09196692216210067
1885,WMI,1287,1996,4,29,1.6093183505200588e-13,5.551115123125783e-15,0.007875068113207817
1886,ISM,1287,1996,4,29,5.333518262673728,0.04224776262261942,0.027615912025794387
1887,DI,1287,1996,4,30,1.5930549128196488e-13,5.551115123125783e-15,0.07478014891967177
1888,WMI,1287,1996,4,30,1.6093183505200588e-13,5.551115123125783e-15,0.003934299107640982
1889,ISM,1287,1996,4,30,5.333518262673728,0.04224776262261942,0.015178723959252238
1890,DI,1287,1996,4,31,1.5930549128196488e-13,5.551115123125783e-15,0.08330688602291048
1891,WMI,1287,1996,4,31,1.6093183505200588e-13,5.551115123125783e-15,0.00785738811828196
1892,ISM,1287,1996,4,31,5.333518262673728,0.04224776262261942,0.028034494956955314
1893,DI,1287,1996,4,32,1.5930549128196488e-13,5.551115123125783e-15,0.075188091956079
1894,WMI,1287,1996,4,32,1.6093183505200588e-13,5.551115123125783e-15,0.004227775149047375
1895,ISM,1287,1996,4,32,5.333518262673728,0.04224776262261942,0.015134214889258146
1896,DI,1287,1996,4,33,1.5930549128196488e-13,5.551115123125783e-15,0.08538718498311937
1897,WMI,1287,1996,4,33,1.6093183505200588e-13,5.551115123125783e-15,0.007857728051021695
1898,ISM,1287,1996,4,33,5.333518262673728,0.04224776262261942,0.0286192549392581
1899,DI,1287,1996,4,34,1.5930549128196488e-13,5.551115123125783e-15,0.07514282315969467
1900,WMI,1287,1996,4,34,1.6093183505200588e-13,5.551115123125783e-15,0.0038203599397093058
1901,ISM,1287,1996,4,34,5.333518262673728,0.04224776262261942,0.015157193876802921
1902,DI,1287,1996,4,35,1.5930549128196488e-13,5.551115123125783e-15,0.08364735101349652
1903,WMI,1287,1996,4,35,1.6093183505200588e-13,5.551115123125783e-15,0.008484497899189591
1904,ISM,1287,1996,4,35,5.333518262673728,0.04224776262261942,0.029724559048190713
1905,DI,1287,1996,4,36,1.5930549128196488e-13,5.551115123125783e-15,0.07592554087750614
1906,WMI,1287,1996,4,36,1.6093183505200588e-13,5.551115123125783e-15,0.003986018011346459
1907,ISM,1287,1996,4,36,5.333518262673728,0.04224776262261942,0.015084875980392098
1908,DI,1287,1996,4,37,1.5930549128196488e-13,5.551115123125783e-15,0.0844632878433913
1909,WMI,1287,1996,4,37,1.6093183505200588e-13,5.551115123125783e-15,0.008794293040409684
1910,ISM,1287,1996,4,37,5.333518262673728,0.04224776262261942,0.02854775614105165
1911,DI,1287,1996,4,38,1.5930549128196488e-13,5.551115123125783e-15,0.07807186688296497
1912,WMI,1287,1996,4,38,1.6093183505200588e-13,5.551115123125783e-15,0.003936849068850279
1913,ISM,1287,1996,4,38,5.333518262673728,0.04224776262261942,0.015357771189883351
1914,DI,1287,1996,4,39,1.5930549128196488e-13,5.551115123125783e-15,0.08397657610476017
1915,WMI,1287,1996,4,39,1.6093183505200588e-13,5.551115123125783e-15,0.007855577860027552
1916,ISM,1287,1996,4,39,5.333518262673728,0.04224776262261942,0.028994219843298197
1917,DI,1287,1996,4,40,1.5930549128196488e-13,5.551115123125783e-15,0.07562006614170969
1918,WMI,1287,1996,4,40,1.6093183505200588e-13,5.551115123125783e-15,0.003915409091860056
1919,ISM,1287,1996,4,40,5.333518262673728,0.04224776262261942,0.015233013080433011
1920,DI,1287,1996,4,41,1.5930549128196488e-13,5.551115123125783e-15,0.08411744399927557
1921,WMI,1287,1996,4,41,1.6093183505200588e-13,5.551115123125783e-15,0.007996405940502882
1922,ISM,1287,1996,4,41,5.333518262673728,0.04224776262261942,0.0283805790822953
1923,DI,1287,1996,4,42,1.5930549128196488e-13,5.551115123125783e-15,0.07606222899630666
1924,WMI,1287,1996,4,42,1.6093183505200588e-13,5.551115123125783e-15,0.004026126815006137
1925,ISM,1287,1996,4,42,5.333518262673728,0.04224776262261942,0.015079476172104478
1926,DI,1287,1996,4,43,1.5930549128196488e-13,5.551115123125783e-15,0.08894342905841768
1927,WMI,1287,1996,4,43,1.6093183505200588e-13,5.551115123125783e-15,0.00744771515019238
1928,ISM,1287,1996,4,43,5.333518262673728,0.04224776262261942,0.027910746866837144
1929,DI,1287,1996,4,44,1.5930549128196488e-13,5.551115123125783e-15,0.07381915394216776
1930,WMI,1287,1996,4,44,1.6093183505200588e-13,5.551115123125783e-15,0.004286932991817594
1931,ISM,1287,1996,4,44,5.333518262673728,0.04224776262261942,0.014696622034534812
1932,DI,1287,1996,4,45,1.5930549128196488e-13,5.551115123125783e-15,0.08096180181019008
1933,WMI,1287,1996,4,45,1.6093183505200588e-13,5.551115123125783e-15,0.00735136610455811
1934,ISM,1287,1996,4,45,5.333518262673728,0.04224776262261942,0.027778938878327608
1935,DI,1287,1996,4,46,1.5930549128196488e-13,5.551115123125783e-15,0.0733151810709387
1936,WMI,1287,1996,4,46,1.6093183505200588e-13,5.551115123125783e-15,0.004103775834664702
1937,ISM,1287,1996,4,46,5.333518262673728,0.04224776262261942,0.014979426981881261
1938,DI,1287,1996,4,47,1.5930549128196488e-13,5.551115123125783e-15,0.08418223285116255
1939,WMI,1287,1996,4,47,1.6093183505200588e-13,5.551115123125783e-15,0.007547643035650253
1940,ISM,1287,1996,4,47,5.333518262673728,0.04224776262261942,0.028053873917087913
1941,DI,1287,1996,4,48,1.5930549128196488e-13,5.551115123125783e-15,0.07328298198990524
1942,WMI,1287,1996,4,48,1.6093183505200588e-13,5.551115123125783e-15,0.003908019047230482
1943,ISM,1287,1996,4,48,5.333518262673728,0.04224776262261942,0.014817760093137622
1944,DI,1287,1996,4,49,1.5930549128196488e-13,5.551115123125783e-15,0.08212137408554554
1945,WMI,1287,1996,4,49,1.6093183505200588e-13,5.551115123125783e-15,0.00767295085825026
1946,ISM,1287,1996,4,49,5.333518262673728,0.04224776262261942,0.02712045912630856
1947,DI,1287,1996,4,50,1.5930549128196488e-13,5.551115123125783e-15,0.07312986417673528
1948,WMI,1287,1996,4,50,1.6093183505200588e-13,5.551115123125783e-15,0.004089967114850879
1949,ISM,1287,1996,4,50,5.333518262673728,0.04224776262261942,0.014866658952087164
1950,DI,1287,1996,4,51,1.5930549128196488e-13,5.551115123125783e-15,0.08412119303829968
1951,WMI,1287,1996,4,51,1.6093183505200588e-13,5.551115123125783e-15,0.007502513937652111
1952,ISM,1287,1996,4,51,5.333518262673728,0.04224776262261942,0.026361180935055017
1953,DI,1287,1996,4,52,1.5930549128196488e-13,5.551115123125783e-15,0.07577481307089329
1954,WMI,1287,1996,4,52,1.6093183505200588e-13,5.551115123125783e-15,0.003784911008551717
1955,ISM,1287,1996,4,52,5.333518262673728,0.04224776262261942,0.01508366595953703
1956,DI,1287,1996,4,53,1.5930549128196488e-13,5.551115123125783e-15,0.08149967505596578
1957,WMI,1287,1996,4,53,1.6093183505200588e-13,5.551115123125783e-15,0.007482463028281927
1958,ISM,1287,1996,4,53,5.333518262673728,0.04224776262261942,0.026378430891782045
1959,DI,1287,1996,4,54,1.5930549128196488e-13,5.551115123125783e-15,0.07268395205028355
1960,WMI,1287,1996,4,54,1.6093183505200588e-13,5.551115123125783e-15,0.0038944098632782698
1961,ISM,1287,1996,4,54,5.333518262673728,0.04224776262261942,0.01504968712106347
1962,DI,1287,1996,4,55,1.5930549128196488e-13,5.551115123125783e-15,0.08136721490882337
1963,WMI,1287,1996,4,55,1.6093183505200588e-13,5.551115123125783e-15,0.007379862014204264
1964,ISM,1287,1996,4,55,5.333518262673728,0.04224776262261942,0.02740654000081122
1965,DI,1287,1996,4,56,1.5930549128196488e-13,5.551115123125783e-15,0.07372465683147311
1966,WMI,1287,1996,4,56,1.6093183505200588e-13,5.551115123125783e-15,0.003964587114751339
1967,ISM,1287,1996,4,56,5.333518262673728,0.04224776262261942,0.015277625061571598
1968,DI,1287,1996,4,57,1.5930549128196488e-13,5.551115123125783e-15,0.0887846250552684
1969,WMI,1287,1996,4,57,1.6093183505200588e-13,5.551115123125783e-15,0.008783358847722411
1970,ISM,1287,1996,4,57,5.333518262673728,0.04224776262261942,0.028657850110903382
1971,DI,1287,1996,4,58,1.5930549128196488e-13,5.551115123125783e-15,0.07562025706283748
1972,WMI,1287,1996,4,58,1.6093183505200588e-13,5.551115123125783e-15,0.004057734971866012
1973,ISM,1287,1996,4,58,5.333518262673728,0.04224776262261942,0.01496186014264822
1974,DI,1287,1996,4,59,1.5930549128196488e-13,5.551115123125783e-15,0.08386594383046031
1975,WMI,1287,1996,4,59,1.6093183505200588e-13,5.551115123125783e-15,0.007822215091437101
1976,ISM,1287,1996,4,59,5.333518262673728,0.04224776262261942,0.02797473082318902
1977,DI,1287,1996,4,60,1.5930549128196488e-13,5.551115123125783e-15,0.07442603586241603
1978,WMI,1287,1996,4,60,1.6093183505200588e-13,5.551115123125783e-15,0.0042977610137313604
1979,ISM,1287,1996,4,60,5.333518262673728,0.04224776262261942,0.01572754792869091
1980,DI,1287,1996,4,61,1.5930549128196488e-13,5.551115123125783e-15,0.08506426517851651
1981,WMI,1287,1996,4,61,1.6093183505200588e-13,5.551115123125783e-15,0.007744855945929885
1982,ISM,1287,1996,4,61,5.333518262673728,0.04224776262261942,0.028481113025918603
1983,DI,1287,1996,4,62,1.5930549128196488e-13,5.551115123125783e-15,0.07433009683154523
1984,WMI,1287,1996,4,62,1.6093183505200588e-13,5.551115123125783e-15,0.004759803181514144
1985,ISM,1287,1996,4,62,5.333518262673728,0.04224776262261942,0.015139367198571563
1986,DI,1287,1996,4,63,1.5930549128196488e-13,5.551115123125783e-15,0.08311463613063097
1987,WMI,1287,1996,4,63,1.6093183505200588e-13,5.551115123125783e-15,0.007998341927304864
1988,ISM,1287,1996,4,63,5.333518262673728,0.04224776262261942,0.029097663005813956
1989,DI,1287,1996,4,64,1.5930549128196488e-13,5.551115123125783e-15,0.07553602801635861
1990,WMI,1287,1996,4,64,1.6093183505200588e-13,5.551115123125783e-15,0.004170292988419533
1991,ISM,1287,1996,4,64,5.333518262673728,0.04224776262261942,0.014994998928159475
1992,DI,1287,1996,4,65,1.5930549128196488e-13,5.551115123125783e-15,0.08396801189519465
1993,WMI,1287,1996,4,65,1.6093183505200588e-13,5.551115123125783e-15,0.007629497908055782
1994,ISM,1287,1996,4,65,5.333518262673728,0.04224776262261942,0.028427914017811418
1995,DI,1287,1996,4,66,1.5930549128196488e-13,5.551115123125783e-15,0.07834191317670047
1996,WMI,1287,1996,4,66,1.6093183505200588e-13,5.551115123125783e-15,0.0038578880485147238
1997,ISM,1287,1996,4,66,5.333518262673728,0.04224776262261942,0.015418012859299779
1998,DI,1287,1996,4,67,1.5930549128196488e-13,5.551115123125783e-15,0.08337074215523899
1999,WMI,1287,1996,4,67,1.6093183505200588e-13,5.551115123125783e-15,0.00783115392550826
2000,ISM,1287,1996,4,67,5.333518262673728,0.04224776262261942,0.027689865790307522
2001,DI,1287,1996,4,68,1.5930549128196488e-13,5.551115123125783e-15,0.07544442894868553
2002,WMI,1287,1996,4,68,1.6093183505200588e-13,5.551115123125783e-15,0.0040856339037418365
2003,ISM,1287,1996,4,68,5.333518262673728,0.04224776262261942,0.015628310153260827
2004,DI,1287,1996,4,69,1.5930549128196488e-13,5.551115123125783e-15,0.08357231901027262
2005,WMI,1287,1996,4,69,1.6093183505200588e-13,5.551115123125783e-15,0.007631337037310004
2006,ISM,1287,1996,4,69,5.333518262673728,0.04224776262261942,0.02896441495977342
2007,DI,1287,1996,4,70,1.5930549128196488e-13,5.551115123125783e-15,0.07687909714877605
2008,WMI,1287,1996,4,70,1.6093183505200588e-13,5.551115123125783e-15,0.004022076027467847
2009,ISM,1287,1996,4,70,5.333518262673728,0.04224776262261942,0.015316963894292712
2010,DI,1287,1996,4,71,1.5930549128196488e-13,5.551115123125783e-15,0.09264576295390725
2011,WMI,1287,1996,4,71,1.6093183505200588e-13,5.551115123125783e-15,0.008015391882508993
2012,ISM,1287,1996,4,71,5.333518262673728,0.04224776262261942,0.031261279014870524
2013,DI,1287,1996,4,72,1.5930549128196488e-13,5.551115123125783e-15,0.08131156489253044
2014,WMI,1287,1996,4,72,1.6093183505200588e-13,5.551115123125783e-15,0.003934387117624283
2015,ISM,1287,1996,4,72,5.333518262673728,0.04224776262261942,0.015115938149392605
2016,DI,1287,1996,4,73,1.5930549128196488e-13,5.551115123125783e-15,0.08314024517312646
2017,WMI,1287,1996,4,73,1.6093183505200588e-13,5.551115123125783e-15,0.00789405289106071
2018,ISM,1287,1996,4,73,5.333518262673728,0.04224776262261942,0.027913521975278854
2019,DI,1287,1996,4,74,1.5930549128196488e-13,5.551115123125783e-15,0.07585453195497394
2020,WMI,1287,1996,4,74,1.6093183505200588e-13,5.551115123125783e-15,0.004089833935722709
2021,ISM,1287,1996,4,74,5.333518262673728,0.04224776262261942,0.015098577132448554
2022,DI,1287,1996,4,75,1.5930549128196488e-13,5.551115123125783e-15,0.08609900786541402
2023,WMI,1287,1996,4,75,1.6093183505200588e-13,5.551115123125783e-15,0.007832974893972278
2024,ISM,1287,1996,4,75,5.333518262673728,0.04224776262261942,0.02816215786151588
2025,DI,1287,1996,4,76,1.5930549128196488e-13,5.551115123125783e-15,0.0754091099370271
2026,WMI,1287,1996,4,76,1.6093183505200588e-13,5.551115123125783e-15,0.003910586936399341
2027,ISM,1287,1996,4,76,5.333518262673728,0.04224776262261942,0.015101318014785647
2028,DI,1287,1996,4,77,1.5930549128196488e-13,5.551115123125783e-15,0.08457138296216726
2029,WMI,1287,1996,4,77,1.6093183505200588e-13,5.551115123125783e-15,0.007996771018952131
2030,ISM,1287,1996,4,77,5.333518262673728,0.04224776262261942,0.02883230708539486
2031,DI,1287,1996,4,78,1.5930549128196488e-13,5.551115123125783e-15,0.07530585210770369
2032,WMI,1287,1996,4,78,1.6093183505200588e-13,5.551115123125783e-15,0.004090344067662954
2033,ISM,1287,1996,4,78,5.333518262673728,0.04224776262261942,0.015083528123795986
2034,DI,1287,1996,4,79,1.5930549128196488e-13,5.551115123125783e-15,0.08450231305323541
2035,WMI,1287,1996,4,79,1.6093183505200588e-13,5.551115123125783e-15,0.0077646460849791765
2036,ISM,1287,1996,4,79,5.333518262673728,0.04224776262261942,0.03059666883200407
2037,DI,1287,1996,4,80,1.5930549128196488e-13,5.551115123125783e-15,0.07735328795388341
2038,WMI,1287,1996,4,80,1.6093183505200588e-13,5.551115123125783e-15,0.0038702180609107018
2039,ISM,1287,1996,4,80,5.333518262673728,0.04224776262261942,0.015220476081594825
2040,DI,1287,1996,4,81,1.5930549128196488e-13,5.551115123125783e-15,0.08358746906742454
2041,WMI,1287,1996,4,81,1.6093183505200588e-13,5.551115123125783e-15,0.007995211984962225
2042,ISM,1287,1996,4,81,5.333518262673728,0.04224776262261942,0.027893751859664917
2043,DI,1287,1996,4,82,1.5930549128196488e-13,5.551115123125783e-15,0.0735920190345496
2044,WMI,1287,1996,4,82,1.6093183505200588e-13,5.551115123125783e-15,0.0038615278899669647
2045,ISM,1287,1996,4,82,5.333518262673728,0.04224776262261942,0.01461788616143167
2046,DI,1287,1996,4,83,1.5930549128196488e-13,5.551115123125783e-15,0.0813856441527605
2047,WMI,1287,1996,4,83,1.6093183505200588e-13,5.551115123125783e-15,0.007363531971350312
2048,ISM,1287,1996,4,83,5.333518262673728,0.04224776262261942,0.027545227902010083
2049,DI,1287,1996,4,84,1.5930549128196488e-13,5.551115123125783e-15,0.07363324798643589
2050,WMI,1287,1996,4,84,1.6093183505200588e-13,5.551115123125783e-15,0.004196702968329191
2051,ISM,1287,1996,4,84,5.333518262673728,0.04224776262261942,0.015324353938922286
2052,DI,1287,1996,4,85,1.5930549128196488e-13,5.551115123125783e-15,0.08809483586810529
2053,WMI,1287,1996,4,85,1.6093183505200588e-13,5.551115123125783e-15,0.007405620999634266
2054,ISM,1287,1996,4,85,5.333518262673728,0.04224776262261942,0.026883938116952777
2055,DI,1287,1996,4,86,1.5930549128196488e-13,5.551115123125783e-15,0.07341621187515557
2056,WMI,1287,1996,4,86,1.6093183505200588e-13,5.551115123125783e-15,0.003940507071092725
2057,ISM,1287,1996,4,86,5.333518262673728,0.04224776262261942,0.014756302814930677
2058,DI,1287,1996,4,87,1.5930549128196488e-13,5.551115123125783e-15,0.08157625095918775
2059,WMI,1287,1996,4,87,1.6093183505200588e-13,5.551115123125783e-15,0.007350971922278404
2060,ISM,1287,1996,4,87,5.333518262673728,0.04224776262261942,0.026465954957529902
2061,DI,1287,1996,4,88,1.5930549128196488e-13,5.551115123125783e-15,0.07305980706587434
2062,WMI,1287,1996,4,88,1.6093183505200588e-13,5.551115123125783e-15,0.004067105008289218
2063,ISM,1287,1996,4,88,5.333518262673728,0.04224776262261942,0.014898469904437661
2064,DI,1287,1996,4,89,1.5930549128196488e-13,5.551115123125783e-15,0.08357498794794083
2065,WMI,1287,1996,4,89,1.6093183505200588e-13,5.551115123125783e-15,0.007450069999322295
2066,ISM,1287,1996,4,89,5.333518262673728,0.04224776262261942,0.0277111551258713
2067,DI,1287,1996,4,90,1.5930549128196488e-13,5.551115123125783e-15,0.07335519208572805
2068,WMI,1287,1996,4,90,1.6093183505200588e-13,5.551115123125783e-15,0.003930017119273543
2069,ISM,1287,1996,4,90,5.333518262673728,0.04224776262261942,0.01466144504956901
2070,DI,1287,1996,4,91,1.5930549128196488e-13,5.551115123125783e-15,0.08090708195231855
2071,WMI,1287,1996,4,91,1.6093183505200588e-13,5.551115123125783e-15,0.007368701975792646
2072,ISM,1287,1996,4,91,5.333518262673728,0.04224776262261942,0.027272422099485993
2073,DI,1287,1996,4,92,1.5930549128196488e-13,5.551115123125783e-15,0.07341040205210447
2074,WMI,1287,1996,4,92,1.6093183505200588e-13,5.551115123125783e-15,0.00395176699385047
2075,ISM,1287,1996,4,92,5.333518262673728,0.04224776262261942,0.014352909056469798
2076,DI,1287,1996,4,93,1.5930549128196488e-13,5.551115123125783e-15,0.08424091804772615
2077,WMI,1287,1996,4,93,1.6093183505200588e-13,5.551115123125783e-15,0.007382105104625225
2078,ISM,1287,1996,4,93,5.333518262673728,0.04224776262261942,0.027846686076372862
2079,DI,1287,1996,4,94,1.5930549128196488e-13,5.551115123125783e-15,0.0761521621607244
2080,WMI,1287,1996,4,94,1.6093183505200588e-13,5.551115123125783e-15,0.0038233199156820774
2081,ISM,1287,1996,4,94,5.333518262673728,0.04224776262261942,0.016011429950594902
2082,DI,1287,1996,4,95,1.5930549128196488e-13,5.551115123125783e-15,0.08415342797525227
2083,WMI,1287,1996,4,95,1.6093183505200588e-13,5.551115123125783e-15,0.007958405883982778
2084,ISM,1287,1996,4,95,5.333518262673728,0.04224776262261942,0.027920724125579
2085,DI,1287,1996,4,96,1.5930549128196488e-13,5.551115123125783e-15,0.07544220401905477
2086,WMI,1287,1996,4,96,1.6093183505200588e-13,5.551115123125783e-15,0.003969238139688969
2087,ISM,1287,1996,4,96,5.333518262673728,0.04224776262261942,0.015053784940391779
2088,DI,1287,1996,4,97,1.5930549128196488e-13,5.551115123125783e-15,0.0841674271505326
2089,WMI,1287,1996,4,97,1.6093183505200588e-13,5.551115123125783e-15,0.007888766005635262
2090,ISM,1287,1996,4,97,5.333518262673728,0.04224776262261942,0.029431020841002464
2091,DI,1287,1996,4,98,1.5930549128196488e-13,5.551115123125783e-15,0.07671688310801983
2092,WMI,1287,1996,4,98,1.6093183505200588e-13,5.551115123125783e-15,0.0039194789715111256
2093,ISM,1287,1996,4,98,5.333518262673728,0.04224776262261942,0.015215041814371943
2094,DI,1287,1996,4,99,1.5930549128196488e-13,5.551115123125783e-15,0.09084576298482716
2095,WMI,1287,1996,4,99,1.6093183505200588e-13,5.551115123125783e-15,0.008662763983011246
2096,ISM,1287,1996,4,99,5.333518262673728,0.04224776262261942,0.02625859994441271
2097,DI,1287,1996,4,100,1.5930549128196488e-13,5.551115123125783e-15,0.07246424979530275
2098,WMI,1287,1996,4,100,1.6093183505200588e-13,5.551115123125783e-15,0.00395827810280025
2099,ISM,1287,1996,4,100,5.333518262673728,0.04224776262261942,0.014526353916153312
2100,DI,1287,1996,4,101,1.5930549128196488e-13,5.551115123125783e-15,0.08119459403678775
2101,WMI,1287,1996,4,101,1.6093183505200588e-13,5.551115123125783e-15,0.007527902955189347
2102,ISM,1287,1996,4,101,5.333518262673728,0.04224776262261942,0.02708465699106455
2103,DI,1287,1996,4,102,1.5930549128196488e-13,5.551115123125783e-15,0.07343038497492671
2104,WMI,1287,1996,4,102,1.6093183505200588e-13,5.551115123125783e-15,0.004035267047584057
2105,ISM,1287,1996,4,102,5.333518262673728,0.04224776262261942,0.014613592065870762
2106,DI,1287,1996,4,103,1.5930549128196488e-13,5.551115123125783e-15,0.08333060005679727
2107,WMI,1287,1996,4,103,1.6093183505200588e-13,5.551115123125783e-15,0.007586012128740549
2108,ISM,1287,1996,4,103,5.333518262673728,0.04224776262261942,0.027142456965520978
2109,DI,1287,1996,4,104,1.5930549128196488e-13,5.551115123125783e-15,0.0735854220110923
2110,WMI,1287,1996,4,104,1.6093183505200588e-13,5.551115123125783e-15,0.0038545699790120125
2111,ISM,1287,1996,4,104,5.333518262673728,0.04224776262261942,0.01537462999112904
2112,DI,1287,1996,4,105,1.5930549128196488e-13,5.551115123125783e-15,0.08096146699972451
2113,WMI,1287,1996,4,105,1.6093183505200588e-13,5.551115123125783e-15,0.007365274941548705
2114,ISM,1287,1996,4,105,5.333518262673728,0.04224776262261942,0.026786281960085034
2115,DI,1287,1996,4,106,1.5930549128196488e-13,5.551115123125783e-15,0.0731087801977992
2116,WMI,1287,1996,4,106,1.6093183505200588e-13,5.551115123125783e-15,0.003969907993450761
2117,ISM,1287,1996,4,106,5.333518262673728,0.04224776262261942,0.015558816958218813
2118,DI,1287,1996,4,107,1.5930549128196488e-13,5.551115123125783e-15,0.08225176716223359
2119,WMI,1287,1996,4,107,1.6093183505200588e-13,5.551115123125783e-15,0.007326036226004362
2120,ISM,1287,1996,4,107,5.333518262673728,0.04224776262261942,0.027148315915837884
2121,DI,1287,1996,4,108,1.5930549128196488e-13,5.551115123125783e-15,0.07443276792764664
2122,WMI,1287,1996,4,108,1.6093183505200588e-13,5.551115123125783e-15,0.0038012308068573475
2123,ISM,1287,1996,4,108,5.333518262673728,0.04224776262261942,0.014899217989295721
2124,DI,1287,1996,4,109,1.5930549128196488e-13,5.551115123125783e-15,0.08163886680267751
2125,WMI,1287,1996,4,109,1.6093183505200588e-13,5.551115123125783e-15,0.0076405510772019625
2126,ISM,1287,1996,4,109,5.333518262673728,0.04224776262261942,0.02743301191367209
2127,DI,1287,1996,4,110,1.5930549128196488e-13,5.551115123125783e-15,0.0737185999751091
2128,WMI,1287,1996,4,110,1.6093183505200588e-13,5.551115123125783e-15,0.003907629055902362
2129,ISM,1287,1996,4,110,5.333518262673728,0.04224776262261942,0.014611192047595978
2130,DI,1287,1996,4,111,1.5930549128196488e-13,5.551115123125783e-15,0.08202015003189445
2131,WMI,1287,1996,4,111,1.6093183505200588e-13,5.551115123125783e-15,0.008507067104801536
2132,ISM,1287,1996,4,111,5.333518262673728,0.04224776262261942,0.02616869192570448
2133,DI,1287,1996,4,112,1.5930549128196488e-13,5.551115123125783e-15,0.07308986992575228
2134,WMI,1287,1996,4,112,1.6093183505200588e-13,5.551115123125783e-15,0.003952557919546962
2135,ISM,1287,1996,4,112,5.333518262673728,0.04224776262261942,0.01639015506953001
2136,DI,1287,1996,4,113,1.5930549128196488e-13,5.551115123125783e-15,0.08905472117476165
2137,WMI,1287,1996,4,113,1.6093183505200588e-13,5.551115123125783e-15,0.007527953013777733
2138,ISM,1287,1996,4,113,5.333518262673728,0.04224776262261942,0.027038438012823462
2139,DI,1287,1996,4,114,1.5930549128196488e-13,5.551115123125783e-15,0.07322060805745423
2140,WMI,1287,1996,4,114,1.6093183505200588e-13,5.551115123125783e-15,0.0040588960982859135
2141,ISM,1287,1996,4,114,5.333518262673728,0.04224776262261942,0.015004214830696583
2142,DI,1287,1996,4,115,1.5930549128196488e-13,5.551115123125783e-15,0.08472093800082803
2143,WMI,1287,1996,4,115,1.6093183505200588e-13,5.551115123125783e-15,0.007784878136590123
2144,ISM,1287,1996,4,115,5.333518262673728,0.04224776262261942,0.028725001960992813
2145,DI,1287,1996,4,116,1.5930549128196488e-13,5.551115123125783e-15,0.07521258690394461
2146,WMI,1287,1996,4,116,1.6093183505200588e-13,5.551115123125783e-15,0.003925478784367442
2147,ISM,1287,1996,4,116,5.333518262673728,0.04224776262261942,0.015504997922107577
2148,DI,1287,1996,4,117,1.5930549128196488e-13,5.551115123125783e-15,0.0851865119766444
2149,WMI,1287,1996,4,117,1.6093183505200588e-13,5.551115123125783e-15,0.007613420952111483
2150,ISM,1287,1996,4,117,5.333518262673728,0.04224776262261942,0.027776315808296204
2151,DI,1287,1996,4,118,1.5930549128196488e-13,5.551115123125783e-15,0.07518153707496822
2152,WMI,1287,1996,4,118,1.6093183505200588e-13,5.551115123125783e-15,0.00397711805999279
2153,ISM,1287,1996,4,118,5.333518262673728,0.04224776262261942,0.01497596618719399
2154,DI,1287,1996,4,119,1.5930549128196488e-13,5.551115123125783e-15,0.08412317698821425
2155,WMI,1287,1996,4,119,1.6093183505200588e-13,5.551115123125783e-15,0.007934845983982086
2156,ISM,1287,1996,4,119,5.333518262673728,0.04224776262261942,0.028423286974430084
2157,DI,1287,1996,4,120,1.5930549128196488e-13,5.551115123125783e-15,0.07545867306180298
2158,WMI,1287,1996,4,120,1.6093183505200588e-13,5.551115123125783e-15,0.004249194171279669
2159,ISM,1287,1996,4,120,5.333518262673728,0.04224776262261942,0.015053775161504745
2160,DI,1287,1996,4,121,1.5930549128196488e-13,5.551115123125783e-15,0.08507602312602103
2161,WMI,1287,1996,4,121,1.6093183505200588e-13,5.551115123125783e-15,0.00854398705996573
2162,ISM,1287,1996,4,121,5.333518262673728,0.04224776262261942,0.02919519506394863
2163,DI,1287,1996,4,122,1.5930549128196488e-13,5.551115123125783e-15,0.07779824594035745
2164,WMI,1287,1996,4,122,1.6093183505200588e-13,5.551115123125783e-15,0.004321772838011384
2165,ISM,1287,1996,4,122,5.333518262673728,0.04224776262261942,0.015300831058993936
2166,DI,1287,1996,4,123,1.5930549128196488e-13,5.551115123125783e-15,0.08315430302172899
2167,WMI,1287,1996,4,123,1.6093183505200588e-13,5.551115123125783e-15,0.00939627317711711
2168,ISM,1287,1996,4,123,5.333518262673728,0.04224776262261942,0.028415426844730973
2169,DI,1287,1996,4,124,1.5930549128196488e-13,5.551115123125783e-15,0.07547813304699957
2170,WMI,1287,1996,4,124,1.6093183505200588e-13,5.551115123125783e-15,0.0038751501124352217
2171,ISM,1287,1996,4,124,5.333518262673728,0.04224776262261942,0.016585870878770947
2172,DI,1287,1996,4,125,1.5930549128196488e-13,5.551115123125783e-15,0.08344531897455454
2173,WMI,1287,1996,4,125,1.6093183505200588e-13,5.551115123125783e-15,0.007479924010112882
2174,ISM,1287,1996,4,125,5.333518262673728,0.04224776262261942,0.02659982512705028
2175,DI,1287,1996,4,126,1.5930549128196488e-13,5.551115123125783e-15,0.07349448278546333
2176,WMI,1287,1996,4,126,1.6093183505200588e-13,5.551115123125783e-15,0.004003467038273811
2177,ISM,1287,1996,4,126,5.333518262673728,0.04224776262261942,0.014962326968088746
2178,DI,1287,1996,4,127,1.5930549128196488e-13,5.551115123125783e-15,0.08772309101186693
2179,WMI,1287,1996,4,127,1.6093183505200588e-13,5.551115123125783e-15,0.007268947083503008
2180,ISM,1287,1996,4,127,5.333518262673728,0.04224776262261942,0.02661746507510543
2181,DI,1287,1996,4,128,1.5930549128196488e-13,5.551115123125783e-15,0.07303786091506481
2182,WMI,1287,1996,4,128,1.6093183505200588e-13,5.551115123125783e-15,0.0040392461232841015
2183,ISM,1287,1996,4,128,5.333518262673728,0.04224776262261942,0.014428104972466826
2184,DI,1287,1996,4,129,1.5930549128196488e-13,5.551115123125783e-15,0.0827924890909344
2185,WMI,1287,1996,4,129,1.6093183505200588e-13,5.551115123125783e-15,0.007395213935524225
2186,ISM,1287,1996,4,129,5.333518262673728,0.04224776262261942,0.026361319003626704
2187,DI,1287,1996,4,130,1.5930549128196488e-13,5.551115123125783e-15,0.0723835309036076
2188,WMI,1287,1996,4,130,1.6093183505200588e-13,5.551115123125783e-15,0.004048296948894858
2189,ISM,1287,1996,4,130,5.333518262673728,0.04224776262261942,0.015217103064060211
2190,DI,1287,1996,4,131,1.5930549128196488e-13,5.551115123125783e-15,0.0858501410111785
2191,WMI,1287,1996,4,131,1.6093183505200588e-13,5.551115123125783e-15,0.007816598052158952
2192,ISM,1287,1996,4,131,5.333518262673728,0.04224776262261942,0.028341557132080197
2193,DI,1287,1996,4,132,1.5930549128196488e-13,5.551115123125783e-15,0.07458996609784663
2194,WMI,1287,1996,4,132,1.6093183505200588e-13,5.551115123125783e-15,0.003856250084936619
2195,ISM,1287,1996,4,132,5.333518262673728,0.04224776262261942,0.015421359101310372
2196,DI,1287,1996,4,133,1.5930549128196488e-13,5.551115123125783e-15,0.08530339901335537
2197,WMI,1287,1996,4,133,1.6093183505200588e-13,5.551115123125783e-15,0.008167782099917531
2198,ISM,1287,1996,4,133,5.333518262673728,0.04224776262261942,0.02845539595000446
2199,DI,1287,1996,4,134,1.5930549128196488e-13,5.551115123125783e-15,0.07505019917152822
2200,WMI,1287,1996,4,134,1.6093183505200588e-13,5.551115123125783e-15,0.004084136104211211
2201,ISM,1287,1996,4,134,5.333518262673728,0.04224776262261942,0.015547238057479262
2202,DI,1287,1996,4,135,1.5930549128196488e-13,5.551115123125783e-15,0.08346059801988304
2203,WMI,1287,1996,4,135,1.6093183505200588e-13,5.551115123125783e-15,0.007648861035704613
2204,ISM,1287,1996,4,135,5.333518262673728,0.04224776262261942,0.027522179996594787
2205,DI,1287,1996,4,136,1.5930549128196488e-13,5.551115123125783e-15,0.07656574598513544
2206,WMI,1287,1996,4,136,1.6093183505200588e-13,5.551115123125783e-15,0.003804340958595276
2207,ISM,1287,1996,4,136,5.333518262673728,0.04224776262261942,0.015518018044531345
2208,DI,1287,1996,4,137,1.5930549128196488e-13,5.551115123125783e-15,0.08261697203852236
2209,WMI,1287,1996,4,137,1.6093183505200588e-13,5.551115123125783e-15,0.007773299003019929
2210,ISM,1287,1996,4,137,5.333518262673728,0.04224776262261942,0.028671112842857838
2211,DI,1287,1996,4,138,1.5930549128196488e-13,5.551115123125783e-15,0.07489412208087742
2212,WMI,1287,1996,4,138,1.6093183505200588e-13,5.551115123125783e-15,0.00409910618327558
2213,ISM,1287,1996,4,138,5.333518262673728,0.04224776262261942,0.015022645005956292
2214,DI,1287,1996,4,139,1.5930549128196488e-13,5.551115123125783e-15,0.08342057908885181
2215,WMI,1287,1996,4,139,1.6093183505200588e-13,5.551115123125783e-15,0.008205762133002281
2216,ISM,1287,1996,4,139,5.333518262673728,0.04224776262261942,0.027679048012942076
2217,DI,1287,1996,4,140,1.5930549128196488e-13,5.551115123125783e-15,0.07619475084356964
2218,WMI,1287,1996,4,140,1.6093183505200588e-13,5.551115123125783e-15,0.003968777833506465
2219,ISM,1287,1996,4,140,5.333518262673728,0.04224776262261942,0.016338485991582274
2220,DI,1287,1996,4,141,1.5930549128196488e-13,5.551115123125783e-15,0.09171538893133402
2221,WMI,1287,1996,4,141,1.6093183505200588e-13,5.551115123125783e-15,0.00801438488997519
2222,ISM,1287,1996,4,141,5.333518262673728,0.04224776262261942,0.028507394948974252
2223,DI,1287,1996,4,142,1.5930549128196488e-13,5.551115123125783e-15,0.07519722683355212
2224,WMI,1287,1996,4,142,1.6093183505200588e-13,5.551115123125783e-15,0.0038883499801158905
2225,ISM,1287,1996,4,142,5.333518262673728,0.04224776262261942,0.014989847084507346
2226,DI,1287,1996,4,143,1.5930549128196488e-13,5.551115123125783e-15,0.08301275502890348
2227,WMI,1287,1996,4,143,1.6093183505200588e-13,5.551115123125783e-15,0.007643620949238539
2228,ISM,1287,1996,4,143,5.333518262673728,0.04224776262261942,0.028037562035024166
2229,DI,1287,1996,4,144,1.5930549128196488e-13,5.551115123125783e-15,0.07525064703077078
2230,WMI,1287,1996,4,144,1.6093183505200588e-13,5.551115123125783e-15,0.004044567001983523
2231,ISM,1287,1996,4,144,5.333518262673728,0.04224776262261942,0.015031945891678333
2232,DI,1287,1996,4,145,1.5930549128196488e-13,5.551115123125783e-15,0.0842835558578372
2233,WMI,1287,1996,4,145,1.6093183505200588e-13,5.551115123125783e-15,0.007855607895180583
2234,ISM,1287,1996,4,145,5.333518262673728,0.04224776262261942,0.028163830982521176
2235,DI,1287,1996,4,146,1.5930549128196488e-13,5.551115123125783e-15,0.0743119209073484
2236,WMI,1287,1996,4,146,1.6093183505200588e-13,5.551115123125783e-15,0.00411342503502965
2237,ISM,1287,1996,4,146,5.333518262673728,0.04224776262261942,0.015026365872472525
2238,DI,1287,1996,4,147,1.5930549128196488e-13,5.551115123125783e-15,0.08378444309346378
2239,WMI,1287,1996,4,147,1.6093183505200588e-13,5.551115123125783e-15,0.008548615965992212
2240,ISM,1287,1996,4,147,5.333518262673728,0.04224776262261942,0.028288237983360887
2241,DI,1287,1996,4,148,1.5930549128196488e-13,5.551115123125783e-15,0.07490615104325116
2242,WMI,1287,1996,4,148,1.6093183505200588e-13,5.551115123125783e-15,0.004064337117597461
2243,ISM,1287,1996,4,148,5.333518262673728,0.04224776262261942,0.014884026953950524
2244,DI,1287,1996,4,149,1.5930549128196488e-13,5.551115123125783e-15,0.08371111494489014
2245,WMI,1287,1996,4,149,1.6093183505200588e-13,5.551115123125783e-15,0.008283131057396531
2246,ISM,1287,1996,4,149,5.333518262673728,0.04224776262261942,0.02980096498504281
2247,DI,1287,1996,4,150,1.5930549128196488e-13,5.551115123125783e-15,0.07712212717160583
2248,WMI,1287,1996,4,150,1.6093183505200588e-13,5.551115123125783e-15,0.003687463002279401
2249,ISM,1287,1996,4,150,5.333518262673728,0.04224776262261942,0.015068084932863712
2250,DI,1287,1996,4,151,1.5930549128196488e-13,5.551115123125783e-15,0.08151194802485406
2251,WMI,1287,1996,4,151,1.6093183505200588e-13,5.551115123125783e-15,0.007366255158558488
2252,ISM,1287,1996,4,151,5.333518262673728,0.04224776262261942,0.02627881010994315
2253,DI,1287,1996,4,152,1.5930549128196488e-13,5.551115123125783e-15,0.07257671793922782
2254,WMI,1287,1996,4,152,1.6093183505200588e-13,5.551115123125783e-15,0.00388813903555274
2255,ISM,1287,1996,4,152,5.333518262673728,0.04224776262261942,0.014494613977149129
2256,DI,1287,1996,4,153,1.5930549128196488e-13,5.551115123125783e-15,0.0808997880667448
2257,WMI,1287,1996,4,153,1.6093183505200588e-13,5.551115123125783e-15,0.007507022935897112
2258,ISM,1287,1996,4,153,5.333518262673728,0.04224776262261942,0.02695267996750772
2259,DI,1287,1996,4,154,1.5930549128196488e-13,5.551115123125783e-15,0.07528696581721306
2260,WMI,1287,1996,4,154,1.6093183505200588e-13,5.551115123125783e-15,0.003863639896735549
2261,ISM,1287,1996,4,154,5.333518262673728,0.04224776262261942,0.015390090178698301
2262,DI,1287,1996,4,155,1.5930549128196488e-13,5.551115123125783e-15,0.08806129707954824
2263,WMI,1287,1996,4,155,1.6093183505200588e-13,5.551115123125783e-15,0.007427314994856715
2264,ISM,1287,1996,4,155,5.333518262673728,0.04224776262261942,0.027272294042631984
2265,DI,1287,1996,4,156,1.5930549128196488e-13,5.551115123125783e-15,0.0728890229947865
2266,WMI,1287,1996,4,156,1.6093183505200588e-13,5.551115123125783e-15,0.0038711598608642817
2267,ISM,1287,1996,4,156,5.333518262673728,0.04224776262261942,0.014717490179464221
2268,DI,1287,1996,4,157,1.5930549128196488e-13,5.551115123125783e-15,0.08166505605913699
2269,WMI,1287,1996,4,157,1.6093183505200588e-13,5.551115123125783e-15,0.0075054329354316
2270,ISM,1287,1996,4,157,5.333518262673728,0.04224776262261942,0.02638403815217316
2271,DI,1287,1996,4,158,1.5930549128196488e-13,5.551115123125783e-15,0.07247159001417458
2272,WMI,1287,1996,4,158,1.6093183505200588e-13,5.551115123125783e-15,0.004176413873210549
2273,ISM,1287,1996,4,158,5.333518262673728,0.04224776262261942,0.015177613124251366
2274,DI,1287,1996,4,159,1.5930549128196488e-13,5.551115123125783e-15,0.08576314197853208
2275,WMI,1287,1996,4,159,1.6093183505200588e-13,5.551115123125783e-15,0.008103494066745043
2276,ISM,1287,1996,4,159,5.333518262673728,0.04224776262261942,0.028728611068800092
2277,DI,1287,1996,4,160,1.5930549128196488e-13,5.551115123125783e-15,0.07431590091437101
2278,WMI,1287,1996,4,160,1.6093183505200588e-13,5.551115123125783e-15,0.0039046688470989466
2279,ISM,1287,1996,4,160,5.333518262673728,0.04224776262261942,0.015135223977267742
2280,DI,1287,1996,4,161,1.5930549128196488e-13,5.551115123125783e-15,0.08409666805528104
2281,WMI,1287,1996,4,161,1.6093183505200588e-13,5.551115123125783e-15,0.00747515307739377
2282,ISM,1287,1996,4,161,5.333518262673728,0.04224776262261942,0.026701004011556506
2283,DI,1287,1996,4,162,1.5930549128196488e-13,5.551115123125783e-15,0.07266765600070357
2284,WMI,1287,1996,4,162,1.6093183505200588e-13,5.551115123125783e-15,0.004031536867842078
2285,ISM,1287,1996,4,162,5.333518262673728,0.04224776262261942,0.014595973072573543
2286,DI,1287,1996,4,163,1.5930549128196488e-13,5.551115123125783e-15,0.08163034706376493
2287,WMI,1287,1996,4,163,1.6093183505200588e-13,5.551115123125783e-15,0.007684620097279549
2288,ISM,1287,1996,4,163,5.333518262673728,0.04224776262261942,0.026359448907896876
2289,DI,1287,1996,4,164,1.5930549128196488e-13,5.551115123125783e-15,0.07510257791727781
2290,WMI,1287,1996,4,164,1.6093183505200588e-13,5.551115123125783e-15,0.0038952589966356754
2291,ISM,1287,1996,4,164,5.333518262673728,0.04224776262261942,0.014747679932042956
2292,DI,1287,1996,4,165,1.5930549128196488e-13,5.551115123125783e-15,0.08165278704836965
2293,WMI,1287,1996,4,165,1.6093183505200588e-13,5.551115123125783e-15,0.007458673091605306
2294,ISM,1287,1996,4,165,5.333518262673728,0.04224776262261942,0.027396562043577433
2295,DI,1287,1996,4,166,1.5930549128196488e-13,5.551115123125783e-15,0.07217321405187249
2296,WMI,1287,1996,4,166,1.6093183505200588e-13,5.551115123125783e-15,0.003910769009962678
2297,ISM,1287,1996,4,166,5.333518262673728,0.04224776262261942,0.014791258843615651
2298,DI,1287,1996,4,167,1.5930549128196488e-13,5.551115123125783e-15,0.08119104313664138
2299,WMI,1287,1996,4,167,1.6093183505200588e-13,5.551115123125783e-15,0.007408973993733525
2300,ISM,1287,1996,4,167,5.333518262673728,0.04224776262261942,0.027073577977716923
2301,DI,1287,1996,4,168,1.5930549128196488e-13,5.551115123125783e-15,0.07298089098185301
2302,WMI,1287,1996,4,168,1.6093183505200588e-13,5.551115123125783e-15,0.003896788926795125
2303,ISM,1287,1996,4,168,5.333518262673728,0.04224776262261942,0.015283012064173818
2304,DI,1287,1996,4,169,1.5930549128196488e-13,5.551115123125783e-15,0.08859353815205395
2305,WMI,1287,1996,4,169,1.6093183505200588e-13,5.551115123125783e-15,0.007503662956878543
2306,ISM,1287,1996,4,169,5.333518262673728,0.04224776262261942,0.02684546122327447
2307,DI,1287,1996,4,170,1.5930549128196488e-13,5.551115123125783e-15,0.07329614600166678
2308,WMI,1287,1996,4,170,1.6093183505200588e-13,5.551115123125783e-15,0.0039987568743526936
2309,ISM,1287,1996,4,170,5.333518262673728,0.04224776262261942,0.014735710108652711
2310,DI,1287,1996,4,171,1.5930549128196488e-13,5.551115123125783e-15,0.08206966007128358
2311,WMI,1287,1996,4,171,1.6093183505200588e-13,5.551115123125783e-15,0.007619580952450633
2312,ISM,1287,1996,4,171,5.333518262673728,0.04224776262261942,0.028251488925889134
2313,DI,1287,1996,4,172,1.5930549128196488e-13,5.551115123125783e-15,0.0737678890582174
2314,WMI,1287,1996,4,172,1.6093183505200588e-13,5.551115123125783e-15,0.004056276986375451
2315,ISM,1287,1996,4,172,5.333518262673728,0.04224776262261942,0.014943295856937766
2316,DI,1287,1996,4,173,1.5930549128196488e-13,5.551115123125783e-15,0.08357219700701535
2317,WMI,1287,1996,4,173,1.6093183505200588e-13,5.551115123125783e-15,0.007660900009796023
2318,ISM,1287,1996,4,173,5.333518262673728,0.04224776262261942,0.028971597785130143
2319,DI,1287,1996,4,174,1.5930549128196488e-13,5.551115123125783e-15,0.07430152106098831
2320,WMI,1287,1996,4,174,1.6093183505200588e-13,5.551115123125783e-15,0.003924568882212043
2321,ISM,1287,1996,4,174,5.333518262673728,0.04224776262261942,0.015812143916264176
2322,DI,1287,1996,4,175,1.5930549128196488e-13,5.551115123125783e-15,0.08405331894755363
2323,WMI,1287,1996,4,175,1.6093183505200588e-13,5.551115123125783e-15,0.008329809876158834
2324,ISM,1287,1996,4,175,5.333518262673728,0.04224776262261942,0.02759755915030837
2325,DI,1287,1996,4,176,1.5930549128196488e-13,5.551115123125783e-15,0.07324038702063262
2326,WMI,1287,1996,4,176,1.6093183505200588e-13,5.551115123125783e-15,0.004208373837172985
2327,ISM,1287,1996,4,176,5.333518262673728,0.04224776262261942,0.014538032934069633
2328,DI,1287,1996,4,177,1.5930549128196488e-13,5.551115123125783e-15,0.08227813593111932
2329,WMI,1287,1996,4,177,1.6093183505200588e-13,5.551115123125783e-15,0.007895787013694644
2330,ISM,1287,1996,4,177,5.333518262673728,0.04224776262261942,0.027657169150188565
2331,DI,1287,1996,4,178,1.5930549128196488e-13,5.551115123125783e-15,0.0754822320304811
2332,WMI,1287,1996,4,178,1.6093183505200588e-13,5.551115123125783e-15,0.0037941308692097664
2333,ISM,1287,1996,4,178,5.333518262673728,0.04224776262261942,0.015306601068004966
2334,DI,1287,1996,4,179,1.5930549128196488e-13,5.551115123125783e-15,0.08218408795073628
2335,WMI,1287,1996,4,179,1.6093183505200588e-13,5.551115123125783e-15,0.007691320031881332
2336,ISM,1287,1996,4,179,5.333518262673728,0.04224776262261942,0.02675405307672918
2337,DI,1287,1996,4,180,1.5930549128196488e-13,5.551115123125783e-15,0.07409615395590663
2338,WMI,1287,1996,4,180,1.6093183505200588e-13,5.551115123125783e-15,0.003936538007110357
2339,ISM,1287,1996,4,180,5.333518262673728,0.04224776262261942,0.014967135852202773
2340,DI,1287,1996,4,181,1.5930549128196488e-13,5.551115123125783e-15,0.08249389287084341
2341,WMI,1287,1996,4,181,1.6093183505200588e-13,5.551115123125783e-15,0.008367680013179779
2342,ISM,1287,1996,4,181,5.333518262673728,0.04224776262261942,0.02753412094898522
2343,DI,1287,1996,4,182,1.5930549128196488e-13,5.551115123125783e-15,0.07355998293496668
2344,WMI,1287,1996,4,182,1.6093183505200588e-13,5.551115123125783e-15,0.003892228938639164
2345,ISM,1287,1996,4,182,5.333518262673728,0.04224776262261942,0.014888768084347248
2346,DI,1287,1996,4,183,1.5930549128196488e-13,5.551115123125783e-15,0.09138674405403435
2347,WMI,1287,1996,4,183,1.6093183505200588e-13,5.551115123125783e-15,0.00772085995413363
2348,ISM,1287,1996,4,183,5.333518262673728,0.04224776262261942,0.02675053314305842
2349,DI,1287,1996,4,184,1.5930549128196488e-13,5.551115123125783e-15,0.07510131900198758
2350,WMI,1287,1996,4,184,1.6093183505200588e-13,5.551115123125783e-15,0.004048147005960345
2351,ISM,1287,1996,4,184,5.333518262673728,0.04224776262261942,0.014772549970075488
2352,DI,1287,1996,4,185,1.5930549128196488e-13,5.551115123125783e-15,0.08291810704395175
2353,WMI,1287,1996,4,185,1.6093183505200588e-13,5.551115123125783e-15,0.007634011097252369
2354,ISM,1287,1996,4,185,5.333518262673728,0.04224776262261942,0.028795430902391672
2355,DI,1287,1996,4,186,1.5930549128196488e-13,5.551115123125783e-15,0.07503154990263283
2356,WMI,1287,1996,4,186,1.6093183505200588e-13,5.551115123125783e-15,0.004039356950670481
2357,ISM,1287,1996,4,186,5.333518262673728,0.04224776262261942,0.015295831020921469
2358,DI,1287,1996,4,187,1.5930549128196488e-13,5.551115123125783e-15,0.08353698719292879
2359,WMI,1287,1996,4,187,1.6093183505200588e-13,5.551115123125783e-15,0.007899977033957839
2360,ISM,1287,1996,4,187,5.333518262673728,0.04224776262261942,0.02675437298603356
2361,DI,1287,1996,4,188,1.5930549128196488e-13,5.551115123125783e-15,0.07277768501080573
2362,WMI,1287,1996,4,188,1.6093183505200588e-13,5.551115123125783e-15,0.004032486816868186
2363,ISM,1287,1996,4,188,5.333518262673728,0.04224776262261942,0.01464494108222425
2364,DI,1287,1996,4,189,1.5930549128196488e-13,5.551115123125783e-15,0.08088531903922558
2365,WMI,1287,1996,4,189,1.6093183505200588e-13,5.551115123125783e-15,0.0073651152197271585
2366,ISM,1287,1996,4,189,5.333518262673728,0.04224776262261942,0.027777316980063915
2367,DI,1287,1996,4,190,1.5930549128196488e-13,5.551115123125783e-15,0.07279033400118351
2368,WMI,1287,1996,4,190,1.6093183505200588e-13,5.551115123125783e-15,0.003966527990996838
2369,ISM,1287,1996,4,190,5.333518262673728,0.04224776262261942,0.014711200958117843
2370,DI,1287,1996,4,191,1.5930549128196488e-13,5.551115123125783e-15,0.08220175700262189
2371,WMI,1287,1996,4,191,1.6093183505200588e-13,5.551115123125783e-15,0.00749960308894515
2372,ISM,1287,1996,4,191,5.333518262673728,0.04224776262261942,0.027847746154293418
2373,DI,1287,1996,4,192,1.5930549128196488e-13,5.551115123125783e-15,0.07549871201626956
2374,WMI,1287,1996,4,192,1.6093183505200588e-13,5.551115123125783e-15,0.0038733799010515213
2375,ISM,1287,1996,4,192,5.333518262673728,0.04224776262261942,0.015409649116918445
2376,DI,1287,1996,4,193,1.5930549128196488e-13,5.551115123125783e-15,0.08062237198464572
2377,WMI,1287,1996,4,193,1.6093183505200588e-13,5.551115123125783e-15,0.0074806129559874535
2378,ISM,1287,1996,4,193,5.333518262673728,0.04224776262261942,0.0272919749841094
2379,DI,1287,1996,4,194,1.5930549128196488e-13,5.551115123125783e-15,0.07328077708370984
2380,WMI,1287,1996,4,194,1.6093183505200588e-13,5.551115123125783e-15,0.003933408996090293
2381,ISM,1287,1996,4,194,5.333518262673728,0.04224776262261942,0.014784059021621943
2382,DI,1287,1996,4,195,1.5930549128196488e-13,5.551115123125783e-15,0.08307599392719567
2383,WMI,1287,1996,4,195,1.6093183505200588e-13,5.551115123125783e-15,0.008006174815818667
2384,ISM,1287,1996,4,195,5.333518262673728,0.04224776262261942,0.02850129595026374
2385,DI,1287,1996,4,196,1.5930549128196488e-13,5.551115123125783e-15,0.07556059095077217
2386,WMI,1287,1996,4,196,1.6093183505200588e-13,5.551115123125783e-15,0.004006356932222843
2387,ISM,1287,1996,4,196,5.333518262673728,0.04224776262261942,0.015467209042981267
2388,DI,1287,1996,4,197,1.5930549128196488e-13,5.551115123125783e-15,0.0886197870131582
2389,WMI,1287,1996,4,197,1.6093183505200588e-13,5.551115123125783e-15,0.007837246870622039
2390,ISM,1287,1996,4,197,5.333518262673728,0.04224776262261942,0.03018617886118591
2391,DI,1287,1996,4,198,1.5930549128196488e-13,5.551115123125783e-15,0.07532211509533226
2392,WMI,1287,1996,4,198,1.6093183505200588e-13,5.551115123125783e-15,0.0038554398342967033
2393,ISM,1287,1996,4,198,5.333518262673728,0.04224776262261942,0.0147657401394099
2394,DI,1287,1996,4,199,1.5930549128196488e-13,5.551115123125783e-15,0.08445302303880453
2395,WMI,1287,1996,4,199,1.6093183505200588e-13,5.551115123125783e-15,0.008128343848511577
2396,ISM,1287,1996,4,199,5.333518262673728,0.04224776262261942,0.02855856390669942
2397,DI,1287,1996,4,200,1.5930549128196488e-13,5.551115123125783e-15,0.07511900784447789
2398,WMI,1287,1996,4,200,1.6093183505200588e-13,5.551115123125783e-15,0.004084296058863401
2399,ISM,1287,1996,4,200,5.333518262673728,0.04224776262261942,0.015292901080101728
2400,DI,1287,1995,5,1,1.5997203154231617e-13,5.773159728050814e-15,0.07944650994613767
2401,WMI,1287,1995,5,1,1.6047059685641836e-13,5.773159728050814e-15,0.004276194144040346
2402,ISM,1287,1995,5,1,6.150092388979438,0.04304857029648179,0.019304789137095213
2403,DI,1287,1995,5,2,1.5997203154231617e-13,5.773159728050814e-15,0.07485438184812665
2404,WMI,1287,1995,5,2,1.6047059685641836e-13,5.773159728050814e-15,0.004292933037504554
2405,ISM,1287,1995,5,2,6.150092388979438,0.04304857029648179,0.018344403943046927
2406,DI,1287,1995,5,3,1.5997203154231617e-13,5.773159728050814e-15,0.07637211796827614
2407,WMI,1287,1995,5,3,1.6047059685641836e-13,5.773159728050814e-15,0.00422946410253644
2408,ISM,1287,1995,5,3,6.150092388979438,0.04304857029648179,0.018358983099460602
2409,DI,1287,1995,5,4,1.5997203154231617e-13,5.773159728050814e-15,0.07304507005028427
2410,WMI,1287,1995,5,4,1.6047059685641836e-13,5.773159728050814e-15,0.004230224061757326
2411,ISM,1287,1995,5,4,6.150092388979438,0.04304857029648179,0.018153176177293062
2412,DI,1287,1995,5,5,1.5997203154231617e-13,5.773159728050814e-15,0.0737179690040648
2413,WMI,1287,1995,5,5,1.6047059685641836e-13,5.773159728050814e-15,0.005754089914262295
2414,ISM,1287,1995,5,5,6.150092388979438,0.04304857029648179,0.018481522100046277
2415,DI,1287,1995,5,6,1.5997203154231617e-13,5.773159728050814e-15,0.0718470080755651
2416,WMI,1287,1995,5,6,1.6047059685641836e-13,5.773159728050814e-15,0.004361262079328299
2417,ISM,1287,1995,5,6,6.150092388979438,0.04304857029648179,0.018246266059577465
2418,DI,1287,1995,5,7,1.5997203154231617e-13,5.773159728050814e-15,0.07259598700329661
2419,WMI,1287,1995,5,7,1.6047059685641836e-13,5.773159728050814e-15,0.00417001498863101
2420,ISM,1287,1995,5,7,6.150092388979438,0.04304857029648179,0.018195295939221978
2421,DI,1287,1995,5,8,1.5997203154231617e-13,5.773159728050814e-15,0.07410367392003536
2422,WMI,1287,1995,5,8,1.6047059685641836e-13,5.773159728050814e-15,0.004304053029045463
2423,ISM,1287,1995,5,8,6.150092388979438,0.04304857029648179,0.018262634985148907
2424,DI,1287,1995,5,9,1.5997203154231617e-13,5.773159728050814e-15,0.07285450305789709
2425,WMI,1287,1995,5,9,1.6047059685641836e-13,5.773159728050814e-15,0.004297262988984585
2426,ISM,1287,1995,5,9,6.150092388979438,0.04304857029648179,0.01871663797646761
2427,DI,1287,1995,5,10,1.5997203154231617e-13,5.773159728050814e-15,0.07378918793983757
2428,WMI,1287,1995,5,10,1.6047059685641836e-13,5.773159728050814e-15,0.004311203025281429
2429,ISM,1287,1995,5,10,6.150092388979438,0.04304857029648179,0.01871415786445141
2430,DI,1287,1995,5,11,1.5997203154231617e-13,5.773159728050814e-15,0.07484555221162736
2431,WMI,1287,1995,5,11,1.6047059685641836e-13,5.773159728050814e-15,0.00418404396623373
2432,ISM,1287,1995,5,11,6.150092388979438,0.04304857029648179,0.018532751128077507
2433,DI,1287,1995,5,12,1.5997203154231617e-13,5.773159728050814e-15,0.07501046895049512
2434,WMI,1287,1995,5,12,1.6047059685641836e-13,5.773159728050814e-15,0.004255854059010744
2435,ISM,1287,1995,5,12,6.150092388979438,0.04304857029648179,0.01917038089595735
2436,DI,1287,1995,5,13,1.5997203154231617e-13,5.773159728050814e-15,0.07499545905739069
2437,WMI,1287,1995,5,13,1.6047059685641836e-13,5.773159728050814e-15,0.00435561197809875
2438,ISM,1287,1995,5,13,6.150092388979438,0.04304857029648179,0.01881923689506948
2439,DI,1287,1995,5,14,1.5997203154231617e-13,5.773159728050814e-15,0.07467663404531777
2440,WMI,1287,1995,5,14,1.6047059685641836e-13,5.773159728050814e-15,0.0043756619561463594
2441,ISM,1287,1995,5,14,6.150092388979438,0.04304857029648179,0.018937744898721576
2442,DI,1287,1995,5,15,1.5997203154231617e-13,5.773159728050814e-15,0.07459408603608608
2443,WMI,1287,1995,5,15,1.6047059685641836e-13,5.773159728050814e-15,0.0042242438066750765
2444,ISM,1287,1995,5,15,6.150092388979438,0.04304857029648179,0.019007364055141807
2445,DI,1287,1995,5,16,1.5997203154231617e-13,5.773159728050814e-15,0.07612036191858351
2446,WMI,1287,1995,5,16,1.6047059685641836e-13,5.773159728050814e-15,0.004411560948938131
2447,ISM,1287,1995,5,16,6.150092388979438,0.04304857029648179,0.019868280040100217
2448,DI,1287,1995,5,17,1.5997203154231617e-13,5.773159728050814e-15,0.07642691791988909
2449,WMI,1287,1995,5,17,1.6047059685641836e-13,5.773159728050814e-15,0.004327331902459264
2450,ISM,1287,1995,5,17,6.150092388979438,0.04304857029648179,0.01884637586772442
2451,DI,1287,1995,5,18,1.5997203154231617e-13,5.773159728050814e-15,0.0760199730284512
2452,WMI,1287,1995,5,18,1.6047059685641836e-13,5.773159728050814e-15,0.004349851980805397
2453,ISM,1287,1995,5,18,6.150092388979438,0.04304857029648179,0.018633918836712837
2454,DI,1287,1995,5,19,1.5997203154231617e-13,5.773159728050814e-15,0.07507918798364699
2455,WMI,1287,1995,5,19,1.6047059685641836e-13,5.773159728050814e-15,0.004178194096311927
2456,ISM,1287,1995,5,19,6.150092388979438,0.04304857029648179,0.0187241081148386
2457,DI,1287,1995,5,20,1.5997203154231617e-13,5.773159728050814e-15,0.07624279009178281
2458,WMI,1287,1995,5,20,1.6047059685641836e-13,5.773159728050814e-15,0.0045611991081386805
2459,ISM,1287,1995,5,20,6.150092388979438,0.04304857029648179,0.018028198974207044
2460,DI,1287,1995,5,21,1.5997203154231617e-13,5.773159728050814e-15,0.07268711621873081
2461,WMI,1287,1995,5,21,1.6047059685641836e-13,5.773159728050814e-15,0.004216074012219906
2462,ISM,1287,1995,5,21,6.150092388979438,0.04304857029648179,0.018106106901541352
2463,DI,1287,1995,5,22,1.5997203154231617e-13,5.773159728050814e-15,0.07304992992430925
2464,WMI,1287,1995,5,22,1.6047059685641836e-13,5.773159728050814e-15,0.004205275094136596
2465,ISM,1287,1995,5,22,6.150092388979438,0.04304857029648179,0.018412302946671844
2466,DI,1287,1995,5,23,1.5997203154231617e-13,5.773159728050814e-15,0.07210959494113922
2467,WMI,1287,1995,5,23,1.6047059685641836e-13,5.773159728050814e-15,0.004177304916083813
2468,ISM,1287,1995,5,23,6.150092388979438,0.04304857029648179,0.018306874204427004
2469,DI,1287,1995,5,24,1.5997203154231617e-13,5.773159728050814e-15,0.07249706820584834
2470,WMI,1287,1995,5,24,1.6047059685641836e-13,5.773159728050814e-15,0.00418262486346066
2471,ISM,1287,1995,5,24,6.150092388979438,0.04304857029648179,0.018662808928638697
2472,DI,1287,1995,5,25,1.5997203154231617e-13,5.773159728050814e-15,0.0727949240244925
2473,WMI,1287,1995,5,25,1.6047059685641836e-13,5.773159728050814e-15,0.004182555014267564
2474,ISM,1287,1995,5,25,6.150092388979438,0.04304857029648179,0.01817655679769814
2475,DI,1287,1995,5,26,1.5997203154231617e-13,5.773159728050814e-15,0.0723653610330075
2476,WMI,1287,1995,5,26,1.6047059685641836e-13,5.773159728050814e-15,0.004192394902929664
2477,ISM,1287,1995,5,26,6.150092388979438,0.04304857029648179,0.01848378195427358
2478,DI,1287,1995,5,27,1.5997203154231617e-13,5.773159728050814e-15,0.07335506519302726
2479,WMI,1287,1995,5,27,1.6047059685641836e-13,5.773159728050814e-15,0.004212534055113792
2480,ISM,1287,1995,5,27,6.150092388979438,0.04304857029648179,0.01868576812557876
2481,DI,1287,1995,5,28,1.5997203154231617e-13,5.773159728050814e-15,0.07323409686796367
2482,WMI,1287,1995,5,28,1.6047059685641836e-13,5.773159728050814e-15,0.004188034916296601
2483,ISM,1287,1995,5,28,6.150092388979438,0.04304857029648179,0.020227234112098813
2484,DI,1287,1995,5,29,1.5997203154231617e-13,5.773159728050814e-15,0.07496073003858328
2485,WMI,1287,1995,5,29,1.6047059685641836e-13,5.773159728050814e-15,0.00442497106269002
2486,ISM,1287,1995,5,29,6.150092388979438,0.04304857029648179,0.018860185984522104
2487,DI,1287,1995,5,30,1.5997203154231617e-13,5.773159728050814e-15,0.074534656945616
2488,WMI,1287,1995,5,30,1.6047059685641836e-13,5.773159728050814e-15,0.004252044018357992
2489,ISM,1287,1995,5,30,6.150092388979438,0.04304857029648179,0.018935244996100664
2490,DI,1287,1995,5,31,1.5997203154231617e-13,5.773159728050814e-15,0.07653271500021219
2491,WMI,1287,1995,5,31,1.6047059685641836e-13,5.773159728050814e-15,0.004258913919329643
2492,ISM,1287,1995,5,31,6.150092388979438,0.04304857029648179,0.019044772954657674
2493,DI,1287,1995,5,32,1.5997203154231617e-13,5.773159728050814e-15,0.07436140906065702
2494,WMI,1287,1995,5,32,1.6047059685641836e-13,5.773159728050814e-15,0.004231834085658193
2495,ISM,1287,1995,5,32,6.150092388979438,0.04304857029648179,0.018384834052994847
2496,DI,1287,1995,5,33,1.5997203154231617e-13,5.773159728050814e-15,0.0740433749742806
2497,WMI,1287,1995,5,33,1.6047059685641836e-13,5.773159728050814e-15,0.004200074123218656
2498,ISM,1287,1995,5,33,6.150092388979438,0.04304857029648179,0.018581700045615435
2499,DI,1287,1995,5,34,1.5997203154231617e-13,5.773159728050814e-15,0.0732466469053179
2500,WMI,1287,1995,5,34,1.6047059685641836e-13,5.773159728050814e-15,0.004271992947906256
2501,ISM,1287,1995,5,34,6.150092388979438,0.04304857029648179,0.018877724884077907
2502,DI,1287,1995,5,35,1.5997203154231617e-13,5.773159728050814e-15,0.07232415117323399
2503,WMI,1287,1995,5,35,1.6047059685641836e-13,5.773159728050814e-15,0.0041421649511903524
2504,ISM,1287,1995,5,35,6.150092388979438,0.04304857029648179,0.018060328904539347
2505,DI,1287,1995,5,36,1.5997203154231617e-13,5.773159728050814e-15,0.07356104208156466
2506,WMI,1287,1995,5,36,1.6047059685641836e-13,5.773159728050814e-15,0.004250483121722937
2507,ISM,1287,1995,5,36,6.150092388979438,0.04304857029648179,0.01929863798432052
2508,DI,1287,1995,5,37,1.5997203154231617e-13,5.773159728050814e-15,0.07304075988940895
2509,WMI,1287,1995,5,37,1.6047059685641836e-13,5.773159728050814e-15,0.004206263925880194
2510,ISM,1287,1995,5,37,6.150092388979438,0.04304857029648179,0.01840644283220172
2511,DI,1287,1995,5,38,1.5997203154231617e-13,5.773159728050814e-15,0.0725089490879327
2512,WMI,1287,1995,5,38,1.6047059685641836e-13,5.773159728050814e-15,0.004271172918379307
2513,ISM,1287,1995,5,38,6.150092388979438,0.04304857029648179,0.01846626098267734
2514,DI,1287,1995,5,39,1.5997203154231617e-13,5.773159728050814e-15,0.07318062707781792
2515,WMI,1287,1995,5,39,1.6047059685641836e-13,5.773159728050814e-15,0.004216474015265703
2516,ISM,1287,1995,5,39,6.150092388979438,0.04304857029648179,0.018115848070010543
2517,DI,1287,1995,5,40,1.5997203154231617e-13,5.773159728050814e-15,0.07370141986757517
2518,WMI,1287,1995,5,40,1.6047059685641836e-13,5.773159728050814e-15,0.00425068405456841
2519,ISM,1287,1995,5,40,6.150092388979438,0.04304857029648179,0.01880573690868914
2520,DI,1287,1995,5,41,1.5997203154231617e-13,5.773159728050814e-15,0.07552022091113031
2521,WMI,1287,1995,5,41,1.6047059685641836e-13,5.773159728050814e-15,0.004284352995455265
2522,ISM,1287,1995,5,41,6.150092388979438,0.04304857029648179,0.018524701008573174
2523,DI,1287,1995,5,42,1.5997203154231617e-13,5.773159728050814e-15,0.07606082293204963
2524,WMI,1287,1995,5,42,1.6047059685641836e-13,5.773159728050814e-15,0.004487799946218729
2525,ISM,1287,1995,5,42,6.150092388979438,0.04304857029648179,0.019183170050382614
2526,DI,1287,1995,5,43,1.5997203154231617e-13,5.773159728050814e-15,0.07527805492281914
2527,WMI,1287,1995,5,43,1.6047059685641836e-13,5.773159728050814e-15,0.004268223186954856
2528,ISM,1287,1995,5,43,6.150092388979438,0.04304857029648179,0.01859702984802425
2529,DI,1287,1995,5,44,1.5997203154231617e-13,5.773159728050814e-15,0.07369055994786322
2530,WMI,1287,1995,5,44,1.6047059685641836e-13,5.773159728050814e-15,0.004159895004704595
2531,ISM,1287,1995,5,44,6.150092388979438,0.04304857029648179,0.01825887500308454
2532,DI,1287,1995,5,45,1.5997203154231617e-13,5.773159728050814e-15,0.07242221990600228
2533,WMI,1287,1995,5,45,1.6047059685641836e-13,5.773159728050814e-15,0.004238103050738573
2534,ISM,1287,1995,5,45,6.150092388979438,0.04304857029648179,0.018214644864201546
2535,DI,1287,1995,5,46,1.5997203154231617e-13,5.773159728050814e-15,0.07170296111144125
2536,WMI,1287,1995,5,46,1.6047059685641836e-13,5.773159728050814e-15,0.004221655195578933
2537,ISM,1287,1995,5,46,6.150092388979438,0.04304857029648179,0.018145016860216856
2538,DI,1287,1995,5,47,1.5997203154231617e-13,5.773159728050814e-15,0.07243773015215993
2539,WMI,1287,1995,5,47,1.6047059685641836e-13,5.773159728050814e-15,0.004140544915571809
2540,ISM,1287,1995,5,47,6.150092388979438,0.04304857029648179,0.01829841500148177
2541,DI,1287,1995,5,48,1.5997203154231617e-13,5.773159728050814e-15,0.07317959703505039
2542,WMI,1287,1995,5,48,1.6047059685641836e-13,5.773159728050814e-15,0.004181534983217716
2543,ISM,1287,1995,5,48,6.150092388979438,0.04304857029648179,0.01814022706821561
2544,DI,1287,1995,5,49,1.5997203154231617e-13,5.773159728050814e-15,0.07250136905349791
2545,WMI,1287,1995,5,49,1.6047059685641836e-13,5.773159728050814e-15,0.004255152773112059
2546,ISM,1287,1995,5,49,6.150092388979438,0.04304857029648179,0.018766646971926093
2547,DI,1287,1995,5,50,1.5997203154231617e-13,5.773159728050814e-15,0.07300832099281251
2548,WMI,1287,1995,5,50,1.6047059685641836e-13,5.773159728050814e-15,0.004187494050711393
2549,ISM,1287,1995,5,50,6.150092388979438,0.04304857029648179,0.01834419392980635
2550,DI,1287,1995,5,51,1.5997203154231617e-13,5.773159728050814e-15,0.07443508808501065
2551,WMI,1287,1995,5,51,1.6047059685641836e-13,5.773159728050814e-15,0.0045122390147298574
2552,ISM,1287,1995,5,51,6.150092388979438,0.04304857029648179,0.018458341946825385
2553,DI,1287,1995,5,52,1.5997203154231617e-13,5.773159728050814e-15,0.0755338310264051
2554,WMI,1287,1995,5,52,1.6047059685641836e-13,5.773159728050814e-15,0.004262412898242474
2555,ISM,1287,1995,5,52,6.150092388979438,0.04304857029648179,0.01879810611717403
2556,DI,1287,1995,5,53,1.5997203154231617e-13,5.773159728050814e-15,0.07515439693816006
2557,WMI,1287,1995,5,53,1.6047059685641836e-13,5.773159728050814e-15,0.004392171977087855
2558,ISM,1287,1995,5,53,6.150092388979438,0.04304857029648179,0.01940871705301106
2559,DI,1287,1995,5,54,1.5997203154231617e-13,5.773159728050814e-15,0.07471977407112718
2560,WMI,1287,1995,5,54,1.6047059685641836e-13,5.773159728050814e-15,0.004180645104497671
2561,ISM,1287,1995,5,54,6.150092388979438,0.04304857029648179,0.018900755094364285
2562,DI,1287,1995,5,55,1.5997203154231617e-13,5.773159728050814e-15,0.07304970012046397
2563,WMI,1287,1995,5,55,1.6047059685641836e-13,5.773159728050814e-15,0.004116856027394533
2564,ISM,1287,1995,5,55,6.150092388979438,0.04304857029648179,0.018293794943019748
2565,DI,1287,1995,5,56,1.5997203154231617e-13,5.773159728050814e-15,0.0743144799489528
2566,WMI,1287,1995,5,56,1.6047059685641836e-13,5.773159728050814e-15,0.004189405124634504
2567,ISM,1287,1995,5,56,6.150092388979438,0.04304857029648179,0.01792021095752716
2568,DI,1287,1995,5,57,1.5997203154231617e-13,5.773159728050814e-15,0.07265570596791804
2569,WMI,1287,1995,5,57,1.6047059685641836e-13,5.773159728050814e-15,0.004225084092468023
2570,ISM,1287,1995,5,57,6.150092388979438,0.04304857029648179,0.0185257310513407
2571,DI,1287,1995,5,58,1.5997203154231617e-13,5.773159728050814e-15,0.07274337508715689
2572,WMI,1287,1995,5,58,1.6047059685641836e-13,5.773159728050814e-15,0.004194335080683231
2573,ISM,1287,1995,5,58,6.150092388979438,0.04304857029648179,0.01833431306295097
2574,DI,1287,1995,5,59,1.5997203154231617e-13,5.773159728050814e-15,0.07282610284164548
2575,WMI,1287,1995,5,59,1.6047059685641836e-13,5.773159728050814e-15,0.004206233890727162
2576,ISM,1287,1995,5,59,6.150092388979438,0.04304857029648179,0.01875748811289668
2577,DI,1287,1995,5,60,1.5997203154231617e-13,5.773159728050814e-15,0.07279317383654416
2578,WMI,1287,1995,5,60,1.6047059685641836e-13,5.773159728050814e-15,0.004263053881004453
2579,ISM,1287,1995,5,60,6.150092388979438,0.04304857029648179,0.018263474805280566
2580,DI,1287,1995,5,61,1.5997203154231617e-13,5.773159728050814e-15,0.07305395998992026
2581,WMI,1287,1995,5,61,1.6047059685641836e-13,5.773159728050814e-15,0.004203053889796138
2582,ISM,1287,1995,5,61,6.150092388979438,0.04304857029648179,0.018379773013293743
2583,DI,1287,1995,5,62,1.5997203154231617e-13,5.773159728050814e-15,0.0746964339632541
2584,WMI,1287,1995,5,62,1.6047059685641836e-13,5.773159728050814e-15,0.00424283416941762
2585,ISM,1287,1995,5,62,6.150092388979438,0.04304857029648179,0.018563491059467196
2586,DI,1287,1995,5,63,1.5997203154231617e-13,5.773159728050814e-15,0.07316978788003325
2587,WMI,1287,1995,5,63,1.6047059685641836e-13,5.773159728050814e-15,0.0044660200364887714
2588,ISM,1287,1995,5,63,6.150092388979438,0.04304857029648179,0.0182552149053663
2589,DI,1287,1995,5,64,1.5997203154231617e-13,5.773159728050814e-15,0.07452368712984025
2590,WMI,1287,1995,5,64,1.6047059685641836e-13,5.773159728050814e-15,0.004177095135673881
2591,ISM,1287,1995,5,64,6.150092388979438,0.04304857029648179,0.01931010908447206
2592,DI,1287,1995,5,65,1.5997203154231617e-13,5.773159728050814e-15,0.07392439688555896
2593,WMI,1287,1995,5,65,1.6047059685641836e-13,5.773159728050814e-15,0.004250534111633897
2594,ISM,1287,1995,5,65,6.150092388979438,0.04304857029648179,0.018583660013973713
2595,DI,1287,1995,5,66,1.5997203154231617e-13,5.773159728050814e-15,0.07386606791988015
2596,WMI,1287,1995,5,66,1.6047059685641836e-13,5.773159728050814e-15,0.004086666041985154
2597,ISM,1287,1995,5,66,6.150092388979438,0.04304857029648179,0.017996888840571046
2598,DI,1287,1995,5,67,1.5997203154231617e-13,5.773159728050814e-15,0.07340083410963416
2599,WMI,1287,1995,5,67,1.6047059685641836e-13,5.773159728050814e-15,0.004162984900176525
2600,ISM,1287,1995,5,67,6.150092388979438,0.04304857029648179,0.018375793006271124
2601,DI,1287,1995,5,68,1.5997203154231617e-13,5.773159728050814e-15,0.07319453707896173
2602,WMI,1287,1995,5,68,1.6047059685641836e-13,5.773159728050814e-15,0.004173874855041504
2603,ISM,1287,1995,5,68,6.150092388979438,0.04304857029648179,0.018571040127426386
2604,DI,1287,1995,5,69,1.5997203154231617e-13,5.773159728050814e-15,0.07227326300926507
2605,WMI,1287,1995,5,69,1.6047059685641836e-13,5.773159728050814e-15,0.004283223068341613
2606,ISM,1287,1995,5,69,6.150092388979438,0.04304857029648179,0.0184303920250386
2607,DI,1287,1995,5,70,1.5997203154231617e-13,5.773159728050814e-15,0.07330231601372361
2608,WMI,1287,1995,5,70,1.6047059685641836e-13,5.773159728050814e-15,0.004192395135760307
2609,ISM,1287,1995,5,70,6.150092388979438,0.04304857029648179,0.01922900998033583
2610,DI,1287,1995,5,71,1.5997203154231617e-13,5.773159728050814e-15,0.07330941595137119
2611,WMI,1287,1995,5,71,1.6047059685641836e-13,5.773159728050814e-15,0.0042562230955809355
2612,ISM,1287,1995,5,71,6.150092388979438,0.04304857029648179,0.018552780151367188
2613,DI,1287,1995,5,72,1.5997203154231617e-13,5.773159728050814e-15,0.07291649212129414
2614,WMI,1287,1995,5,72,1.6047059685641836e-13,5.773159728050814e-15,0.004186915000900626
2615,ISM,1287,1995,5,72,6.150092388979438,0.04304857029648179,0.018448551883921027
2616,DI,1287,1995,5,73,1.5997203154231617e-13,5.773159728050814e-15,0.07354222307913005
2617,WMI,1287,1995,5,73,1.6047059685641836e-13,5.773159728050814e-15,0.004216453991830349
2618,ISM,1287,1995,5,73,6.150092388979438,0.04304857029648179,0.018422613153234124
2619,DI,1287,1995,5,74,1.5997203154231617e-13,5.773159728050814e-15,0.07278786390088499
2620,WMI,1287,1995,5,74,1.6047059685641836e-13,5.773159728050814e-15,0.004277682863175869
2621,ISM,1287,1995,5,74,6.150092388979438,0.04304857029648179,0.01861527911387384
2622,DI,1287,1995,5,75,1.5997203154231617e-13,5.773159728050814e-15,0.07425963087007403
2623,WMI,1287,1995,5,75,1.6047059685641836e-13,5.773159728050814e-15,0.004557018866762519
2624,ISM,1287,1995,5,75,6.150092388979438,0.04304857029648179,0.019091531867161393
2625,DI,1287,1995,5,76,1.5997203154231617e-13,5.773159728050814e-15,0.07494738092646003
2626,WMI,1287,1995,5,76,1.6047059685641836e-13,5.773159728050814e-15,0.00444667087867856
2627,ISM,1287,1995,5,76,6.150092388979438,0.04304857029648179,0.018674568040296435
2628,DI,1287,1995,5,77,1.5997203154231617e-13,5.773159728050814e-15,0.07451364700682461
2629,WMI,1287,1995,5,77,1.6047059685641836e-13,5.773159728050814e-15,0.004228704143315554
2630,ISM,1287,1995,5,77,6.150092388979438,0.04304857029648179,0.01867969799786806
2631,DI,1287,1995,5,78,1.5997203154231617e-13,5.773159728050814e-15,0.08149221795611084
2632,WMI,1287,1995,5,78,1.6047059685641836e-13,5.773159728050814e-15,0.004287413088604808
2633,ISM,1287,1995,5,78,6.150092388979438,0.04304857029648179,0.019538046093657613
2634,DI,1287,1995,5,79,1.5997203154231617e-13,5.773159728050814e-15,0.07584011694416404
2635,WMI,1287,1995,5,79,1.6047059685641836e-13,5.773159728050814e-15,0.0042072751093655825
2636,ISM,1287,1995,5,79,6.150092388979438,0.04304857029648179,0.018560149939730763
2637,DI,1287,1995,5,80,1.5997203154231617e-13,5.773159728050814e-15,0.07447722810320556
2638,WMI,1287,1995,5,80,1.6047059685641836e-13,5.773159728050814e-15,0.0041942649986594915
2639,ISM,1287,1995,5,80,6.150092388979438,0.04304857029648179,0.019007113995030522
2640,DI,1287,1995,5,81,1.5997203154231617e-13,5.773159728050814e-15,0.07333804597146809
2641,WMI,1287,1995,5,81,1.6047059685641836e-13,5.773159728050814e-15,0.004139635944738984
2642,ISM,1287,1995,5,81,6.150092388979438,0.04304857029648179,0.018422142835333943
2643,DI,1287,1995,5,82,1.5997203154231617e-13,5.773159728050814e-15,0.07283104304224253
2644,WMI,1287,1995,5,82,1.6047059685641836e-13,5.773159728050814e-15,0.0041830651462078094
2645,ISM,1287,1995,5,82,6.150092388979438,0.04304857029648179,0.018599630100652575
2646,DI,1287,1995,5,83,1.5997203154231617e-13,5.773159728050814e-15,0.07378517789766192
2647,WMI,1287,1995,5,83,1.6047059685641836e-13,5.773159728050814e-15,0.004202164011076093
2648,ISM,1287,1995,5,83,6.150092388979438,0.04304857029648179,0.018521690042689443
2649,DI,1287,1995,5,84,1.5997203154231617e-13,5.773159728050814e-15,0.07294196099974215
2650,WMI,1287,1995,5,84,1.6047059685641836e-13,5.773159728050814e-15,0.004332252079620957
2651,ISM,1287,1995,5,84,6.150092388979438,0.04304857029648179,0.01811156701296568
2652,DI,1287,1995,5,85,1.5997203154231617e-13,5.773159728050814e-15,0.07227891217917204
2653,WMI,1287,1995,5,85,1.6047059685641836e-13,5.773159728050814e-15,0.004214954096823931
2654,ISM,1287,1995,5,85,6.150092388979438,0.04304857029648179,0.018202616134658456
2655,DI,1287,1995,5,86,1.5997203154231617e-13,5.773159728050814e-15,0.07265544589608908
2656,WMI,1287,1995,5,86,1.6047059685641836e-13,5.773159728050814e-15,0.0041845550294965506
2657,ISM,1287,1995,5,86,6.150092388979438,0.04304857029648179,0.01882674591615796
2658,DI,1287,1995,5,87,1.5997203154231617e-13,5.773159728050814e-15,0.07388355699367821
2659,WMI,1287,1995,5,87,1.6047059685641836e-13,5.773159728050814e-15,0.00422463403083384
2660,ISM,1287,1995,5,87,6.150092388979438,0.04304857029648179,0.01855626981705427
2661,DI,1287,1995,5,88,1.5997203154231617e-13,5.773159728050814e-15,0.07438240898773074
2662,WMI,1287,1995,5,88,1.6047059685641836e-13,5.773159728050814e-15,0.004416550975292921
2663,ISM,1287,1995,5,88,6.150092388979438,0.04304857029648179,0.01854627998545766
2664,DI,1287,1995,5,89,1.5997203154231617e-13,5.773159728050814e-15,0.07450818782672286
2665,WMI,1287,1995,5,89,1.6047059685641836e-13,5.773159728050814e-15,0.004246664000675082
2666,ISM,1287,1995,5,89,6.150092388979438,0.04304857029648179,0.019226359901949763
2667,DI,1287,1995,5,90,1.5997203154231617e-13,5.773159728050814e-15,0.07400592579506338
2668,WMI,1287,1995,5,90,1.6047059685641836e-13,5.773159728050814e-15,0.004217463778331876
2669,ISM,1287,1995,5,90,6.150092388979438,0.04304857029648179,0.0186733091250062
2670,DI,1287,1995,5,91,1.5997203154231617e-13,5.773159728050814e-15,0.07594514498487115
2671,WMI,1287,1995,5,91,1.6047059685641836e-13,5.773159728050814e-15,0.006626916816458106
2672,ISM,1287,1995,5,91,6.150092388979438,0.04304857029648179,0.01856881007552147
2673,DI,1287,1995,5,92,1.5997203154231617e-13,5.773159728050814e-15,0.07432423997670412
2674,WMI,1287,1995,5,92,1.6047059685641836e-13,5.773159728050814e-15,0.004262523027136922
2675,ISM,1287,1995,5,92,6.150092388979438,0.04304857029648179,0.019526055082678795
2676,DI,1287,1995,5,93,1.5997203154231617e-13,5.773159728050814e-15,0.07446168805472553
2677,WMI,1287,1995,5,93,1.6047059685641836e-13,5.773159728050814e-15,0.004268283024430275
2678,ISM,1287,1995,5,93,6.150092388979438,0.04304857029648179,0.019390597008168697
2679,DI,1287,1995,5,94,1.5997203154231617e-13,5.773159728050814e-15,0.07653416600078344
2680,WMI,1287,1995,5,94,1.6047059685641836e-13,5.773159728050814e-15,0.004265474155545235
2681,ISM,1287,1995,5,94,6.150092388979438,0.04304857029648179,0.018966113915666938
2682,DI,1287,1995,5,95,1.5997203154231617e-13,5.773159728050814e-15,0.07500470010563731
2683,WMI,1287,1995,5,95,1.6047059685641836e-13,5.773159728050814e-15,0.00428847293369472
2684,ISM,1287,1995,5,95,6.150092388979438,0.04304857029648179,0.01881571696139872
2685,DI,1287,1995,5,96,1.5997203154231617e-13,5.773159728050814e-15,0.07433149986900389
2686,WMI,1287,1995,5,96,1.6047059685641836e-13,5.773159728050814e-15,0.004335091914981604
2687,ISM,1287,1995,5,96,6.150092388979438,0.04304857029648179,0.01828426495194435
2688,DI,1287,1995,5,97,1.5997203154231617e-13,5.773159728050814e-15,0.07400250504724681
2689,WMI,1287,1995,5,97,1.6047059685641836e-13,5.773159728050814e-15,0.004599707899615169
2690,ISM,1287,1995,5,97,6.150092388979438,0.04304857029648179,0.01882374589331448
2691,DI,1287,1995,5,98,1.5997203154231617e-13,5.773159728050814e-15,0.07415094296447933
2692,WMI,1287,1995,5,98,1.6047059685641836e-13,5.773159728050814e-15,0.004233663901686668
2693,ISM,1287,1995,5,98,6.150092388979438,0.04304857029648179,0.018357882974669337
2694,DI,1287,1995,5,99,1.5997203154231617e-13,5.773159728050814e-15,0.07317985780537128
2695,WMI,1287,1995,5,99,1.6047059685641836e-13,5.773159728050814e-15,0.004219603957608342
2696,ISM,1287,1995,5,99,6.150092388979438,0.04304857029648179,0.020845603896304965
2697,DI,1287,1995,5,100,1.5997203154231617e-13,5.773159728050814e-15,0.07464461494237185
2698,WMI,1287,1995,5,100,1.6047059685641836e-13,5.773159728050814e-15,0.004305521957576275
2699,ISM,1287,1995,5,100,6.150092388979438,0.04304857029648179,0.01824330515228212
2700,DI,1287,1995,5,101,1.5997203154231617e-13,5.773159728050814e-15,0.07250258908607066
2701,WMI,1287,1995,5,101,1.6047059685641836e-13,5.773159728050814e-15,0.004237663932144642
2702,ISM,1287,1995,5,101,6.150092388979438,0.04304857029648179,0.018457622034475207
2703,DI,1287,1995,5,102,1.5997203154231617e-13,5.773159728050814e-15,0.07306763995438814
2704,WMI,1287,1995,5,102,1.6047059685641836e-13,5.773159728050814e-15,0.0044584611896425486
2705,ISM,1287,1995,5,102,6.150092388979438,0.04304857029648179,0.017987159080803394
2706,DI,1287,1995,5,103,1.5997203154231617e-13,5.773159728050814e-15,0.0729532209224999
2707,WMI,1287,1995,5,103,1.6047059685641836e-13,5.773159728050814e-15,0.00423484412021935
2708,ISM,1287,1995,5,103,6.150092388979438,0.04304857029648179,0.01836321409791708
2709,DI,1287,1995,5,104,1.5997203154231617e-13,5.773159728050814e-15,0.07268953486345708
2710,WMI,1287,1995,5,104,1.6047059685641836e-13,5.773159728050814e-15,0.00429399311542511
2711,ISM,1287,1995,5,104,6.150092388979438,0.04304857029648179,0.01819906593300402
2712,DI,1287,1995,5,105,1.5997203154231617e-13,5.773159728050814e-15,0.0742352909874171
2713,WMI,1287,1995,5,105,1.6047059685641836e-13,5.773159728050814e-15,0.004359731916338205
2714,ISM,1287,1995,5,105,6.150092388979438,0.04304857029648179,0.018683007918298244
2715,DI,1287,1995,5,106,1.5997203154231617e-13,5.773159728050814e-15,0.07437490881420672
2716,WMI,1287,1995,5,106,1.6047059685641836e-13,5.773159728050814e-15,0.004242404131218791
2717,ISM,1287,1995,5,106,6.150092388979438,0.04304857029648179,0.019354567863047123
2718,DI,1287,1995,5,107,1.5997203154231617e-13,5.773159728050814e-15,0.07511632796376944
2719,WMI,1287,1995,5,107,1.6047059685641836e-13,5.773159728050814e-15,0.004221034003421664
2720,ISM,1287,1995,5,107,6.150092388979438,0.04304857029648179,0.01861756993457675
2721,DI,1287,1995,5,108,1.5997203154231617e-13,5.773159728050814e-15,0.07432689005509019
2722,WMI,1287,1995,5,108,1.6047059685641836e-13,5.773159728050814e-15,0.0042298040352761745
2723,ISM,1287,1995,5,108,6.150092388979438,0.04304857029648179,0.018959183944389224
2724,DI,1287,1995,5,109,1.5997203154231617e-13,5.773159728050814e-15,0.07387235690839589
2725,WMI,1287,1995,5,109,1.6047059685641836e-13,5.773159728050814e-15,0.004352231975644827
2726,ISM,1287,1995,5,109,6.150092388979438,0.04304857029648179,0.018504881067201495
2727,DI,1287,1995,5,110,1.5997203154231617e-13,5.773159728050814e-15,0.07582924608141184
2728,WMI,1287,1995,5,110,1.6047059685641836e-13,5.773159728050814e-15,0.004493888933211565
2729,ISM,1287,1995,5,110,6.150092388979438,0.04304857029648179,0.018602170050144196
2730,DI,1287,1995,5,111,1.5997203154231617e-13,5.773159728050814e-15,0.07604374317452312
2731,WMI,1287,1995,5,111,1.6047059685641836e-13,5.773159728050814e-15,0.004329262068495154
2732,ISM,1287,1995,5,111,6.150092388979438,0.04304857029648179,0.01862523891031742
2733,DI,1287,1995,5,112,1.5997203154231617e-13,5.773159728050814e-15,0.07459042593836784
2734,WMI,1287,1995,5,112,1.6047059685641836e-13,5.773159728050814e-15,0.00425922404974699
2735,ISM,1287,1995,5,112,6.150092388979438,0.04304857029648179,0.018638609210029244
2736,DI,1287,1995,5,113,1.5997203154231617e-13,5.773159728050814e-15,0.0744919569697231
2737,WMI,1287,1995,5,113,1.6047059685641836e-13,5.773159728050814e-15,0.004390891175717115
2738,ISM,1287,1995,5,113,6.150092388979438,0.04304857029648179,0.018823217134922743
2739,DI,1287,1995,5,114,1.5997203154231617e-13,5.773159728050814e-15,0.07478838297538459
2740,WMI,1287,1995,5,114,1.6047059685641836e-13,5.773159728050814e-15,0.00425372296012938
2741,ISM,1287,1995,5,114,6.150092388979438,0.04304857029648179,0.01852671103551984
2742,DI,1287,1995,5,115,1.5997203154231617e-13,5.773159728050814e-15,0.07429477106779814
2743,WMI,1287,1995,5,115,1.6047059685641836e-13,5.773159728050814e-15,0.0043263130355626345
2744,ISM,1287,1995,5,115,6.150092388979438,0.04304857029648179,0.018817757023498416
2745,DI,1287,1995,5,116,1.5997203154231617e-13,5.773159728050814e-15,0.07437346898950636
2746,WMI,1287,1995,5,116,1.6047059685641836e-13,5.773159728050814e-15,0.004278913140296936
2747,ISM,1287,1995,5,116,6.150092388979438,0.04304857029648179,0.01890814513899386
2748,DI,1287,1995,5,117,1.5997203154231617e-13,5.773159728050814e-15,0.07468763389624655
2749,WMI,1287,1995,5,117,1.6047059685641836e-13,5.773159728050814e-15,0.0042628338560462
2750,ISM,1287,1995,5,117,6.150092388979438,0.04304857029648179,0.0189423649571836
2751,DI,1287,1995,5,118,1.5997203154231617e-13,5.773159728050814e-15,0.07520228694193065
2752,WMI,1287,1995,5,118,1.6047059685641836e-13,5.773159728050814e-15,0.004292113007977605
2753,ISM,1287,1995,5,118,6.150092388979438,0.04304857029648179,0.018765387125313282
2754,DI,1287,1995,5,119,1.5997203154231617e-13,5.773159728050814e-15,0.07312987907789648
2755,WMI,1287,1995,5,119,1.6047059685641836e-13,5.773159728050814e-15,0.0042754539754241705
2756,ISM,1287,1995,5,119,6.150092388979438,0.04304857029648179,0.017987149069085717
2757,DI,1287,1995,5,120,1.5997203154231617e-13,5.773159728050814e-15,0.07225173292681575
2758,WMI,1287,1995,5,120,1.6047059685641836e-13,5.773159728050814e-15,0.004286593059077859
2759,ISM,1287,1995,5,120,6.150092388979438,0.04304857029648179,0.01815677690319717
2760,DI,1287,1995,5,121,1.5997203154231617e-13,5.773159728050814e-15,0.07329284702427685
2761,WMI,1287,1995,5,121,1.6047059685641836e-13,5.773159728050814e-15,0.004182143835350871
2762,ISM,1287,1995,5,121,6.150092388979438,0.04304857029648179,0.018441132036969066
2763,DI,1287,1995,5,122,1.5997203154231617e-13,5.773159728050814e-15,0.07322269794531167
2764,WMI,1287,1995,5,122,1.6047059685641836e-13,5.773159728050814e-15,0.004204473923891783
2765,ISM,1287,1995,5,122,6.150092388979438,0.04304857029648179,0.019473015796393156
2766,DI,1287,1995,5,123,1.5997203154231617e-13,5.773159728050814e-15,0.07569541898556054
2767,WMI,1287,1995,5,123,1.6047059685641836e-13,5.773159728050814e-15,0.004484569886699319
2768,ISM,1287,1995,5,123,6.150092388979438,0.04304857029648179,0.022963121999055147
2769,DI,1287,1995,5,124,1.5997203154231617e-13,5.773159728050814e-15,0.0728831619489938
2770,WMI,1287,1995,5,124,1.6047059685641836e-13,5.773159728050814e-15,0.004248102894052863
2771,ISM,1287,1995,5,124,6.150092388979438,0.04304857029648179,0.01850950112566352
2772,DI,1287,1995,5,125,1.5997203154231617e-13,5.773159728050814e-15,0.07291452214121819
2773,WMI,1287,1995,5,125,1.6047059685641836e-13,5.773159728050814e-15,0.004253663122653961
2774,ISM,1287,1995,5,125,6.150092388979438,0.04304857029648179,0.0182771950494498
2775,DI,1287,1995,5,126,1.5997203154231617e-13,5.773159728050814e-15,0.07368850009515882
2776,WMI,1287,1995,5,126,1.6047059685641836e-13,5.773159728050814e-15,0.004467969993129373
2777,ISM,1287,1995,5,126,6.150092388979438,0.04304857029648179,0.01849169097840786
2778,DI,1287,1995,5,127,1.5997203154231617e-13,5.773159728050814e-15,0.07606557291001081
2779,WMI,1287,1995,5,127,1.6047059685641836e-13,5.773159728050814e-15,0.00431456184014678
2780,ISM,1287,1995,5,127,6.150092388979438,0.04304857029648179,0.01925797900184989
2781,DI,1287,1995,5,128,1.5997203154231617e-13,5.773159728050814e-15,0.08686089422553778
2782,WMI,1287,1995,5,128,1.6047059685641836e-13,5.773159728050814e-15,0.004278553882613778
2783,ISM,1287,1995,5,128,6.150092388979438,0.04304857029648179,0.019019262865185738
2784,DI,1287,1995,5,129,1.5997203154231617e-13,5.773159728050814e-15,0.07516154693439603
2785,WMI,1287,1995,5,129,1.6047059685641836e-13,5.773159728050814e-15,0.004290523007512093
2786,ISM,1287,1995,5,129,6.150092388979438,0.04304857029648179,0.018903254996985197
2787,DI,1287,1995,5,130,1.5997203154231617e-13,5.773159728050814e-15,0.07403217419050634
2788,WMI,1287,1995,5,130,1.6047059685641836e-13,5.773159728050814e-15,0.004233494168147445
2789,ISM,1287,1995,5,130,6.150092388979438,0.04304857029648179,0.018335064174607396
2790,DI,1287,1995,5,131,1.5997203154231617e-13,5.773159728050814e-15,0.07454931689426303
2791,WMI,1287,1995,5,131,1.6047059685641836e-13,5.773159728050814e-15,0.00428785290569067
2792,ISM,1287,1995,5,131,6.150092388979438,0.04304857029648179,0.018410322023555636
2793,DI,1287,1995,5,132,1.5997203154231617e-13,5.773159728050814e-15,0.0741162640042603
2794,WMI,1287,1995,5,132,1.6047059685641836e-13,5.773159728050814e-15,0.004268764052540064
2795,ISM,1287,1995,5,132,6.150092388979438,0.04304857029648179,0.018866105005145073
2796,DI,1287,1995,5,133,1.5997203154231617e-13,5.773159728050814e-15,0.07593816495500505
2797,WMI,1287,1995,5,133,1.6047059685641836e-13,5.773159728050814e-15,0.004264193121343851
2798,ISM,1287,1995,5,133,6.150092388979438,0.04304857029648179,0.018611649982631207
2799,DI,1287,1995,5,134,1.5997203154231617e-13,5.773159728050814e-15,0.07459754613228142
2800,WMI,1287,1995,5,134,1.6047059685641836e-13,5.773159728050814e-15,0.004189303843304515
2801,ISM,1287,1995,5,134,6.150092388979438,0.04304857029648179,0.018746207002550364
2802,DI,1287,1995,5,135,1.5997203154231617e-13,5.773159728050814e-15,0.07464954489842057
2803,WMI,1287,1995,5,135,1.6047059685641836e-13,5.773159728050814e-15,0.004242542898282409
2804,ISM,1287,1995,5,135,6.150092388979438,0.04304857029648179,0.018591740168631077
2805,DI,1287,1995,5,136,1.5997203154231617e-13,5.773159728050814e-15,0.07425652211531997
2806,WMI,1287,1995,5,136,1.6047059685641836e-13,5.773159728050814e-15,0.004233624087646604
2807,ISM,1287,1995,5,136,6.150092388979438,0.04304857029648179,0.01857326994650066
2808,DI,1287,1995,5,137,1.5997203154231617e-13,5.773159728050814e-15,0.07466689497232437
2809,WMI,1287,1995,5,137,1.6047059685641836e-13,5.773159728050814e-15,0.004199954913929105
2810,ISM,1287,1995,5,137,6.150092388979438,0.04304857029648179,0.018583039985969663
2811,DI,1287,1995,5,138,1.5997203154231617e-13,5.773159728050814e-15,0.07381696812808514
2812,WMI,1287,1995,5,138,1.6047059685641836e-13,5.773159728050814e-15,0.004244423937052488
2813,ISM,1287,1995,5,138,6.150092388979438,0.04304857029648179,0.01849512103945017
2814,DI,1287,1995,5,139,1.5997203154231617e-13,5.773159728050814e-15,0.0752768749371171
2815,WMI,1287,1995,5,139,1.6047059685641836e-13,5.773159728050814e-15,0.0042778130155056715
2816,ISM,1287,1995,5,139,6.150092388979438,0.04304857029648179,0.019315158016979694
2817,DI,1287,1995,5,140,1.5997203154231617e-13,5.773159728050814e-15,0.07484537293203175
2818,WMI,1287,1995,5,140,1.6047059685641836e-13,5.773159728050814e-15,0.004196914844214916
2819,ISM,1287,1995,5,140,6.150092388979438,0.04304857029648179,0.018662058981135488
2820,DI,1287,1995,5,141,1.5997203154231617e-13,5.773159728050814e-15,0.07437221892178059
2821,WMI,1287,1995,5,141,1.6047059685641836e-13,5.773159728050814e-15,0.0042850731406360865
2822,ISM,1287,1995,5,141,6.150092388979438,0.04304857029648179,0.018843426136299968
2823,DI,1287,1995,5,142,1.5997203154231617e-13,5.773159728050814e-15,0.07472938415594399
2824,WMI,1287,1995,5,142,1.6047059685641836e-13,5.773159728050814e-15,0.004168015206232667
2825,ISM,1287,1995,5,142,6.150092388979438,0.04304857029648179,0.01781728188507259
2826,DI,1287,1995,5,143,1.5997203154231617e-13,5.773159728050814e-15,0.07283594296313822
2827,WMI,1287,1995,5,143,1.6047059685641836e-13,5.773159728050814e-15,0.004288902971893549
2828,ISM,1287,1995,5,143,6.150092388979438,0.04304857029648179,0.01831518393009901
2829,DI,1287,1995,5,144,1.5997203154231617e-13,5.773159728050814e-15,0.07266188599169254
2830,WMI,1287,1995,5,144,1.6047059685641836e-13,5.773159728050814e-15,0.00420130486600101
2831,ISM,1287,1995,5,144,6.150092388979438,0.04304857029648179,0.018672189209610224
2832,DI,1287,1995,5,145,1.5997203154231617e-13,5.773159728050814e-15,0.07348974305205047
2833,WMI,1287,1995,5,145,1.6047059685641836e-13,5.773159728050814e-15,0.004297133069485426
2834,ISM,1287,1995,5,145,6.150092388979438,0.04304857029648179,0.018028187798336148
2835,DI,1287,1995,5,146,1.5997203154231617e-13,5.773159728050814e-15,0.07355416193604469
2836,WMI,1287,1995,5,146,1.6047059685641836e-13,5.773159728050814e-15,0.004252183949574828
2837,ISM,1287,1995,5,146,6.150092388979438,0.04304857029648179,0.01927554910071194
2838,DI,1287,1995,5,147,1.5997203154231617e-13,5.773159728050814e-15,0.07343209395185113
2839,WMI,1287,1995,5,147,1.6047059685641836e-13,5.773159728050814e-15,0.004436200018972158
2840,ISM,1287,1995,5,147,6.150092388979438,0.04304857029648179,0.018084457842633128
2841,DI,1287,1995,5,148,1.5997203154231617e-13,5.773159728050814e-15,0.07307396898977458
2842,WMI,1287,1995,5,148,1.6047059685641836e-13,5.773159728050814e-15,0.0048978428822010756
2843,ISM,1287,1995,5,148,6.150092388979438,0.04304857029648179,0.01841565012000501
2844,DI,1287,1995,5,149,1.5997203154231617e-13,5.773159728050814e-15,0.1420464338734746
2845,WMI,1287,1995,5,149,1.6047059685641836e-13,5.773159728050814e-15,0.004281839122995734
2846,ISM,1287,1995,5,149,6.150092388979438,0.04304857029648179,0.018831684021279216
2847,DI,1287,1995,5,150,1.5997203154231617e-13,5.773159728050814e-15,0.07375359791330993
2848,WMI,1287,1995,5,150,1.6047059685641836e-13,5.773159728050814e-15,0.004223720170557499
2849,ISM,1287,1995,5,150,6.150092388979438,0.04304857029648179,0.018777195131406188
2850,DI,1287,1995,5,151,1.5997203154231617e-13,5.773159728050814e-15,0.07437645900063217
2851,WMI,1287,1995,5,151,1.6047059685641836e-13,5.773159728050814e-15,0.004236639942973852
2852,ISM,1287,1995,5,151,6.150092388979438,0.04304857029648179,0.01901519182138145
2853,DI,1287,1995,5,152,1.5997203154231617e-13,5.773159728050814e-15,0.07370234909467399
2854,WMI,1287,1995,5,152,1.6047059685641836e-13,5.773159728050814e-15,0.004082351922988892
2855,ISM,1287,1995,5,152,6.150092388979438,0.04304857029648179,0.018223783001303673
2856,DI,1287,1995,5,153,1.5997203154231617e-13,5.773159728050814e-15,0.07253394601866603
2857,WMI,1287,1995,5,153,1.6047059685641836e-13,5.773159728050814e-15,0.004241019953042269
2858,ISM,1287,1995,5,153,6.150092388979438,0.04304857029648179,0.0181843729224056
2859,DI,1287,1995,5,154,1.5997203154231617e-13,5.773159728050814e-15,0.07152143004350364
2860,WMI,1287,1995,5,154,1.6047059685641836e-13,5.773159728050814e-15,0.0041515720076859
2861,ISM,1287,1995,5,154,6.150092388979438,0.04304857029648179,0.018646667012944818
2862,DI,1287,1995,5,155,1.5997203154231617e-13,5.773159728050814e-15,0.07177343592047691
2863,WMI,1287,1995,5,155,1.6047059685641836e-13,5.773159728050814e-15,0.004167531151324511
2864,ISM,1287,1995,5,155,6.150092388979438,0.04304857029648179,0.01822484307922423
2865,DI,1287,1995,5,156,1.5997203154231617e-13,5.773159728050814e-15,0.07239502714946866
2866,WMI,1287,1995,5,156,1.6047059685641836e-13,5.773159728050814e-15,0.004232199862599373
2867,ISM,1287,1995,5,156,6.150092388979438,0.04304857029648179,0.017832688055932522
2868,DI,1287,1995,5,157,1.5997203154231617e-13,5.773159728050814e-15,0.07197898300364614
2869,WMI,1287,1995,5,157,1.6047059685641836e-13,5.773159728050814e-15,0.0042187608778476715
2870,ISM,1287,1995,5,157,6.150092388979438,0.04304857029648179,0.018725026166066527
2871,DI,1287,1995,5,158,1.5997203154231617e-13,5.773159728050814e-15,0.07327847485430539
2872,WMI,1287,1995,5,158,1.6047059685641836e-13,5.773159728050814e-15,0.0042057998944073915
2873,ISM,1287,1995,5,158,6.150092388979438,0.04304857029648179,0.018313111970201135
2874,DI,1287,1995,5,159,1.5997203154231617e-13,5.773159728050814e-15,0.0732264849357307
2875,WMI,1287,1995,5,159,1.6047059685641836e-13,5.773159728050814e-15,0.004150741035118699
2876,ISM,1287,1995,5,159,6.150092388979438,0.04304857029648179,0.018461998784914613
2877,DI,1287,1995,5,160,1.5997203154231617e-13,5.773159728050814e-15,0.07309306715615094
2878,WMI,1287,1995,5,160,1.6047059685641836e-13,5.773159728050814e-15,0.004312119213864207
2879,ISM,1287,1995,5,160,6.150092388979438,0.04304857029648179,0.018648406956344843
2880,DI,1287,1995,5,161,1.5997203154231617e-13,5.773159728050814e-15,0.07432557013817132
2881,WMI,1287,1995,5,161,1.6047059685641836e-13,5.773159728050814e-15,0.004221299896016717
2882,ISM,1287,1995,5,161,6.150092388979438,0.04304857029648179,0.018369430908933282
2883,DI,1287,1995,5,162,1.5997203154231617e-13,5.773159728050814e-15,0.07369426894001663
2884,WMI,1287,1995,5,162,1.6047059685641836e-13,5.773159728050814e-15,0.004046692978590727
2885,ISM,1287,1995,5,162,6.150092388979438,0.04304857029648179,0.01886117411777377
2886,DI,1287,1995,5,163,1.5997203154231617e-13,5.773159728050814e-15,0.07348823198117316
2887,WMI,1287,1995,5,163,1.6047059685641836e-13,5.773159728050814e-15,0.004198170034214854
2888,ISM,1287,1995,5,163,6.150092388979438,0.04304857029648179,0.017883768072351813
2889,DI,1287,1995,5,164,1.5997203154231617e-13,5.773159728050814e-15,0.07204138301312923
2890,WMI,1287,1995,5,164,1.6047059685641836e-13,5.773159728050814e-15,0.004275458864867687
2891,ISM,1287,1995,5,164,6.150092388979438,0.04304857029648179,0.018112485064193606
2892,DI,1287,1995,5,165,1.5997203154231617e-13,5.773159728050814e-15,0.07213538116775453
2893,WMI,1287,1995,5,165,1.6047059685641836e-13,5.773159728050814e-15,0.004161651013419032
2894,ISM,1287,1995,5,165,6.150092388979438,0.04304857029648179,0.01815336407162249
2895,DI,1287,1995,5,166,1.5997203154231617e-13,5.773159728050814e-15,0.07286205096170306
2896,WMI,1287,1995,5,166,1.6047059685641836e-13,5.773159728050814e-15,0.00410700193606317
2897,ISM,1287,1995,5,166,6.150092388979438,0.04304857029648179,0.018035084940493107
2898,DI,1287,1995,5,167,1.5997203154231617e-13,5.773159728050814e-15,0.07373513816855848
2899,WMI,1287,1995,5,167,1.6047059685641836e-13,5.773159728050814e-15,0.004195139976218343
2900,ISM,1287,1995,5,167,6.150092388979438,0.04304857029648179,0.018457239028066397
2901,DI,1287,1995,5,168,1.5997203154231617e-13,5.773159728050814e-15,0.07320950599387288
2902,WMI,1287,1995,5,168,1.6047059685641836e-13,5.773159728050814e-15,0.004204160999506712
2903,ISM,1287,1995,5,168,6.150092388979438,0.04304857029648179,0.018061264883726835
2904,DI,1287,1995,5,169,1.5997203154231617e-13,5.773159728050814e-15,0.07336841314099729
2905,WMI,1287,1995,5,169,1.6047059685641836e-13,5.773159728050814e-15,0.004193190019577742
2906,ISM,1287,1995,5,169,6.150092388979438,0.04304857029648179,0.018400949891656637
2907,DI,1287,1995,5,170,1.5997203154231617e-13,5.773159728050814e-15,0.07371086906641722
2908,WMI,1287,1995,5,170,1.6047059685641836e-13,5.773159728050814e-15,0.00420914008282125
2909,ISM,1287,1995,5,170,6.150092388979438,0.04304857029648179,0.018397489795461297
2910,DI,1287,1995,5,171,1.5997203154231617e-13,5.773159728050814e-15,0.07511983904987574
2911,WMI,1287,1995,5,171,1.6047059685641836e-13,5.773159728050814e-15,0.004402827937155962
2912,ISM,1287,1995,5,171,6.150092388979438,0.04304857029648179,0.019160110037773848
2913,DI,1287,1995,5,172,1.5997203154231617e-13,5.773159728050814e-15,0.07441004808060825
2914,WMI,1287,1995,5,172,1.6047059685641836e-13,5.773159728050814e-15,0.004264380084350705
2915,ISM,1287,1995,5,172,6.150092388979438,0.04304857029648179,0.018783523933961987
2916,DI,1287,1995,5,173,1.5997203154231617e-13,5.773159728050814e-15,0.07439612899906933
2917,WMI,1287,1995,5,173,1.6047059685641836e-13,5.773159728050814e-15,0.004261458991095424
2918,ISM,1287,1995,5,173,6.150092388979438,0.04304857029648179,0.018678045831620693
2919,DI,1287,1995,5,174,1.5997203154231617e-13,5.773159728050814e-15,0.07426892104558647
2920,WMI,1287,1995,5,174,1.6047059685641836e-13,5.773159728050814e-15,0.004299049032852054
2921,ISM,1287,1995,5,174,6.150092388979438,0.04304857029648179,0.01891797292046249
2922,DI,1287,1995,5,175,1.5997203154231617e-13,5.773159728050814e-15,0.07544558495283127
2923,WMI,1287,1995,5,175,1.6047059685641836e-13,5.773159728050814e-15,0.004037912935018539
2924,ISM,1287,1995,5,175,6.150092388979438,0.04304857029648179,0.017891637980937958
2925,DI,1287,1995,5,176,1.5997203154231617e-13,5.773159728050814e-15,0.0718641949351877
2926,WMI,1287,1995,5,176,1.6047059685641836e-13,5.773159728050814e-15,0.0042377798818051815
2927,ISM,1287,1995,5,176,6.150092388979438,0.04304857029648179,0.01865727617405355
2928,DI,1287,1995,5,177,1.5997203154231617e-13,5.773159728050814e-15,0.0729972489643842
2929,WMI,1287,1995,5,177,1.6047059685641836e-13,5.773159728050814e-15,0.0041468520648777485
2930,ISM,1287,1995,5,177,6.150092388979438,0.04304857029648179,0.01837866986170411
2931,DI,1287,1995,5,178,1.5997203154231617e-13,5.773159728050814e-15,0.07302266918122768
2932,WMI,1287,1995,5,178,1.6047059685641836e-13,5.773159728050814e-15,0.004610785050317645
2933,ISM,1287,1995,5,178,6.150092388979438,0.04304857029648179,0.018395971041172743
2934,DI,1287,1995,5,179,1.5997203154231617e-13,5.773159728050814e-15,0.07386966608464718
2935,WMI,1287,1995,5,179,1.6047059685641836e-13,5.773159728050814e-15,0.004266899079084396
2936,ISM,1287,1995,5,179,6.150092388979438,0.04304857029648179,0.01840159995481372
2937,DI,1287,1995,5,180,1.5997203154231617e-13,5.773159728050814e-15,0.0724402570631355
2938,WMI,1287,1995,5,180,1.6047059685641836e-13,5.773159728050814e-15,0.004285629140213132
2939,ISM,1287,1995,5,180,6.150092388979438,0.04304857029648179,0.019063370069488883
2940,DI,1287,1995,5,181,1.5997203154231617e-13,5.773159728050814e-15,0.0733291138894856
2941,WMI,1287,1995,5,181,1.6047059685641836e-13,5.773159728050814e-15,0.004393377108499408
2942,ISM,1287,1995,5,181,6.150092388979438,0.04304857029648179,0.018704059068113565
2943,DI,1287,1995,5,182,1.5997203154231617e-13,5.773159728050814e-15,0.07420726516284049
2944,WMI,1287,1995,5,182,1.6047059685641836e-13,5.773159728050814e-15,0.004106595879420638
2945,ISM,1287,1995,5,182,6.150092388979438,0.04304857029648179,0.018650000216439366
2946,DI,1287,1995,5,183,1.5997203154231617e-13,5.773159728050814e-15,0.07423210400156677
2947,WMI,1287,1995,5,183,1.6047059685641836e-13,5.773159728050814e-15,0.004247934091836214
2948,ISM,1287,1995,5,183,6.150092388979438,0.04304857029648179,0.01918590092100203
2949,DI,1287,1995,5,184,1.5997203154231617e-13,5.773159728050814e-15,0.0742866531945765
2950,WMI,1287,1995,5,184,1.6047059685641836e-13,5.773159728050814e-15,0.004179185023531318
2951,ISM,1287,1995,5,184,6.150092388979438,0.04304857029648179,0.01821341598406434
2952,DI,1287,1995,5,185,1.5997203154231617e-13,5.773159728050814e-15,0.07405284699052572
2953,WMI,1287,1995,5,185,1.6047059685641836e-13,5.773159728050814e-15,0.004228894133120775
2954,ISM,1287,1995,5,185,6.150092388979438,0.04304857029648179,0.018796948017552495
2955,DI,1287,1995,5,186,1.5997203154231617e-13,5.773159728050814e-15,0.07499868189916015
2956,WMI,1287,1995,5,186,1.6047059685641836e-13,5.773159728050814e-15,0.0042224538046866655
2957,ISM,1287,1995,5,186,6.150092388979438,0.04304857029648179,0.058937552850693464
2958,DI,1287,1995,5,187,1.5997203154231617e-13,5.773159728050814e-15,0.07584516890347004
2959,WMI,1287,1995,5,187,1.6047059685641836e-13,5.773159728050814e-15,0.004497519927099347
2960,ISM,1287,1995,5,187,6.150092388979438,0.04304857029648179,0.018685639137402177
2961,DI,1287,1995,5,188,1.5997203154231617e-13,5.773159728050814e-15,0.07438763114623725
2962,WMI,1287,1995,5,188,1.6047059685641836e-13,5.773159728050814e-15,0.004214443964883685
2963,ISM,1287,1995,5,188,6.150092388979438,0.04304857029648179,0.018709839088842273
2964,DI,1287,1995,5,189,1.5997203154231617e-13,5.773159728050814e-15,0.07432482298463583
2965,WMI,1287,1995,5,189,1.6047059685641836e-13,5.773159728050814e-15,0.004185395082458854
2966,ISM,1287,1995,5,189,6.150092388979438,0.04304857029648179,0.018411103170365095
2967,DI,1287,1995,5,190,1.5997203154231617e-13,5.773159728050814e-15,0.07470393599942327
2968,WMI,1287,1995,5,190,1.6047059685641836e-13,5.773159728050814e-15,0.004196024965494871
2969,ISM,1287,1995,5,190,6.150092388979438,0.04304857029648179,0.018755058059468865
2970,DI,1287,1995,5,191,1.5997203154231617e-13,5.773159728050814e-15,0.07406918611377478
2971,WMI,1287,1995,5,191,1.6047059685641836e-13,5.773159728050814e-15,0.004116896074265242
2972,ISM,1287,1995,5,191,6.150092388979438,0.04304857029648179,0.018178617116063833
2973,DI,1287,1995,5,192,1.5997203154231617e-13,5.773159728050814e-15,0.07479025493375957
2974,WMI,1287,1995,5,192,1.6047059685641836e-13,5.773159728050814e-15,0.004205253906548023
2975,ISM,1287,1995,5,192,6.150092388979438,0.04304857029648179,0.018573170993477106
2976,DI,1287,1995,5,193,1.5997203154231617e-13,5.773159728050814e-15,0.07453225902281702
2977,WMI,1287,1995,5,193,1.6047059685641836e-13,5.773159728050814e-15,0.004215555032715201
2978,ISM,1287,1995,5,193,6.150092388979438,0.04304857029648179,0.018757037818431854
2979,DI,1287,1995,5,194,1.5997203154231617e-13,5.773159728050814e-15,0.07342065591365099
2980,WMI,1287,1995,5,194,1.6047059685641836e-13,5.773159728050814e-15,0.00412778602913022
2981,ISM,1287,1995,5,194,6.150092388979438,0.04304857029648179,0.019224039977416396
2982,DI,1287,1995,5,195,1.5997203154231617e-13,5.773159728050814e-15,0.07544607599265873
2983,WMI,1287,1995,5,195,1.6047059685641836e-13,5.773159728050814e-15,0.004279423970729113
2984,ISM,1287,1995,5,195,6.150092388979438,0.04304857029648179,0.018641069997102022
2985,DI,1287,1995,5,196,1.5997203154231617e-13,5.773159728050814e-15,0.07394557795487344
2986,WMI,1287,1995,5,196,1.6047059685641836e-13,5.773159728050814e-15,0.004205215023830533
2987,ISM,1287,1995,5,196,6.150092388979438,0.04304857029648179,0.018523551989346743
2988,DI,1287,1995,5,197,1.5997203154231617e-13,5.773159728050814e-15,0.07400680799037218
2989,WMI,1287,1995,5,197,1.6047059685641836e-13,5.773159728050814e-15,0.004221434006467462
2990,ISM,1287,1995,5,197,6.150092388979438,0.04304857029648179,0.019477106863632798
2991,DI,1287,1995,5,198,1.5997203154231617e-13,5.773159728050814e-15,0.07532348716631532
2992,WMI,1287,1995,5,198,1.6047059685641836e-13,5.773159728050814e-15,0.004203664138913155
2993,ISM,1287,1995,5,198,6.150092388979438,0.04304857029648179,0.01841561309993267
2994,DI,1287,1995,5,199,1.5997203154231617e-13,5.773159728050814e-15,0.07341167703270912
2995,WMI,1287,1995,5,199,1.6047059685641836e-13,5.773159728050814e-15,0.00430722301825881
2996,ISM,1287,1995,5,199,6.150092388979438,0.04304857029648179,0.018445122987031937
2997,DI,1287,1995,5,200,1.5997203154231617e-13,5.773159728050814e-15,0.0733263089787215
2998,WMI,1287,1995,5,200,1.6047059685641836e-13,5.773159728050814e-15,0.004204015014693141
2999,ISM,1287,1995,5,200,6.150092388979438,0.04304857029648179,0.01777460309676826
3000,DI,1287,1990,10,1,1.5981384066704598e-13,6.106226635438361e-15,0.08139803213998675
3001,WMI,1287,1990,10,1,1.610103491804438e-13,5.773159728050814e-15,0.008537408197298646
3002,ISM,1287,1990,10,1,9.544279221407477,0.06505968748770541,0.05813509412109852
3003,DI,1287,1990,10,2,1.5981384066704598e-13,6.106226635438361e-15,0.08479324984364212
3004,WMI,1287,1990,10,2,1.610103491804438e-13,5.773159728050814e-15,0.008800853043794632
3005,ISM,1287,1990,10,2,9.544279221407477,0.06505968748770541,0.06108259898610413
3006,DI,1287,1990,10,3,1.5981384066704598e-13,6.106226635438361e-15,0.082666901871562
3007,WMI,1287,1990,10,3,1.610103491804438e-13,5.773159728050814e-15,0.008773152949288487
3008,ISM,1287,1990,10,3,9.544279221407477,0.06505968748770541,0.06149309314787388
3009,DI,1287,1990,10,4,1.5981384066704598e-13,6.106226635438361e-15,0.0816178189124912
3010,WMI,1287,1990,10,4,1.610103491804438e-13,5.773159728050814e-15,0.008970080874860287
3011,ISM,1287,1990,10,4,9.544279221407477,0.06505968748770541,0.06565450807102025
3012,DI,1287,1990,10,5,1.5981384066704598e-13,6.106226635438361e-15,0.08384846500121057
3013,WMI,1287,1990,10,5,1.610103491804438e-13,5.773159728050814e-15,0.008979400154203176
3014,ISM,1287,1990,10,5,9.544279221407477,0.06505968748770541,0.06338081299327314
3015,DI,1287,1990,10,6,1.5981384066704598e-13,6.106226635438361e-15,0.08452335302717984
3016,WMI,1287,1990,10,6,1.610103491804438e-13,5.773159728050814e-15,0.008945971028879285
3017,ISM,1287,1990,10,6,9.544279221407477,0.06505968748770541,0.06291257101111114
3018,DI,1287,1990,10,7,1.5981384066704598e-13,6.106226635438361e-15,0.08179713599383831
3019,WMI,1287,1990,10,7,1.610103491804438e-13,5.773159728050814e-15,0.008583826944231987
3020,ISM,1287,1990,10,7,9.544279221407477,0.06505968748770541,0.08026653085835278
3021,DI,1287,1990,10,8,1.5981384066704598e-13,6.106226635438361e-15,0.07350336504168808
3022,WMI,1287,1990,10,8,1.610103491804438e-13,5.773159728050814e-15,0.004859674023464322
3023,ISM,1287,1990,10,8,9.544279221407477,0.06505968748770541,0.03540849918499589
3024,DI,1287,1990,10,9,1.5981384066704598e-13,6.106226635438361e-15,0.08418627898208797
3025,WMI,1287,1990,10,9,1.610103491804438e-13,5.773159728050814e-15,0.008806462166830897
3026,ISM,1287,1990,10,9,9.544279221407477,0.06505968748770541,0.06197308492846787
3027,DI,1287,1990,10,10,1.5981384066704598e-13,6.106226635438361e-15,0.08359131799079478
3028,WMI,1287,1990,10,10,1.610103491804438e-13,5.773159728050814e-15,0.008468087995424867
3029,ISM,1287,1990,10,10,9.544279221407477,0.06505968748770541,0.06081481301225722
3030,DI,1287,1990,10,11,1.5981384066704598e-13,6.106226635438361e-15,0.08255490404553711
3031,WMI,1287,1990,10,11,1.610103491804438e-13,5.773159728050814e-15,0.008695014985278249
3032,ISM,1287,1990,10,11,9.544279221407477,0.06505968748770541,0.06032506097108126
3033,DI,1287,1990,10,12,1.5981384066704598e-13,6.106226635438361e-15,0.08216617000289261
3034,WMI,1287,1990,10,12,1.610103491804438e-13,5.773159728050814e-15,0.009069358929991722
3035,ISM,1287,1990,10,12,9.544279221407477,0.06505968748770541,0.06480777100659907
3036,DI,1287,1990,10,13,1.5981384066704598e-13,6.106226635438361e-15,0.08349537011235952
3037,WMI,1287,1990,10,13,1.610103491804438e-13,5.773159728050814e-15,0.009730729041621089
3038,ISM,1287,1990,10,13,9.544279221407477,0.06505968748770541,0.0817948670592159
3039,DI,1287,1990,10,14,1.5981384066704598e-13,6.106226635438361e-15,0.07588414894416928
3040,WMI,1287,1990,10,14,1.610103491804438e-13,5.773159728050814e-15,0.004955233074724674
3041,ISM,1287,1990,10,14,9.544279221407477,0.06505968748770541,0.03724959003739059
3042,DI,1287,1990,10,15,1.5981384066704598e-13,6.106226635438361e-15,0.08739128895103931
3043,WMI,1287,1990,10,15,1.610103491804438e-13,5.773159728050814e-15,0.008971420116722584
3044,ISM,1287,1990,10,15,9.544279221407477,0.06505968748770541,0.06705659604631364
3045,DI,1287,1990,10,16,1.5981384066704598e-13,6.106226635438361e-15,0.08467439189553261
3046,WMI,1287,1990,10,16,1.610103491804438e-13,5.773159728050814e-15,0.01011941209435463
3047,ISM,1287,1990,10,16,9.544279221407477,0.06505968748770541,0.06353690102696419
3048,DI,1287,1990,10,17,1.5981384066704598e-13,6.106226635438361e-15,0.0827384521253407
3049,WMI,1287,1990,10,17,1.610103491804438e-13,5.773159728050814e-15,0.008710633963346481
3050,ISM,1287,1990,10,17,9.544279221407477,0.06505968748770541,0.059993826085701585
3051,DI,1287,1990,10,18,1.5981384066704598e-13,6.106226635438361e-15,0.08383608399890363
3052,WMI,1287,1990,10,18,1.610103491804438e-13,5.773159728050814e-15,0.008910592179745436
3053,ISM,1287,1990,10,18,9.544279221407477,0.06505968748770541,0.0623300401493907
3054,DI,1287,1990,10,19,1.5981384066704598e-13,6.106226635438361e-15,0.08213783102110028
3055,WMI,1287,1990,10,19,1.610103491804438e-13,5.773159728050814e-15,0.008748073829337955
3056,ISM,1287,1990,10,19,9.544279221407477,0.06505968748770541,0.07702531106770039
3057,DI,1287,1990,10,20,1.5981384066704598e-13,6.106226635438361e-15,0.0746482980903238
3058,WMI,1287,1990,10,20,1.610103491804438e-13,5.773159728050814e-15,0.005011821864172816
3059,ISM,1287,1990,10,20,9.544279221407477,0.06505968748770541,0.03591069090180099
3060,DI,1287,1990,10,21,1.5981384066704598e-13,6.106226635438361e-15,0.08321013394743204
3061,WMI,1287,1990,10,21,1.610103491804438e-13,5.773159728050814e-15,0.008570995880290866
3062,ISM,1287,1990,10,21,9.544279221407477,0.06505968748770541,0.06085823196917772
3063,DI,1287,1990,10,22,1.5981384066704598e-13,6.106226635438361e-15,0.08307315595448017
3064,WMI,1287,1990,10,22,1.610103491804438e-13,5.773159728050814e-15,0.009730579098686576
3065,ISM,1287,1990,10,22,9.544279221407477,0.06505968748770541,0.06493480899371207
3066,DI,1287,1990,10,23,1.5981384066704598e-13,6.106226635438361e-15,0.08341955090872943
3067,WMI,1287,1990,10,23,1.610103491804438e-13,5.773159728050814e-15,0.009822526946663857
3068,ISM,1287,1990,10,23,9.544279221407477,0.06505968748770541,0.06411499110981822
3069,DI,1287,1990,10,24,1.5981384066704598e-13,6.106226635438361e-15,0.08510996517725289
3070,WMI,1287,1990,10,24,1.610103491804438e-13,5.773159728050814e-15,0.008962689898908138
3071,ISM,1287,1990,10,24,9.544279221407477,0.06505968748770541,0.06297201989218593
3072,DI,1287,1990,10,25,1.5981384066704598e-13,6.106226635438361e-15,0.08192629390396178
3073,WMI,1287,1990,10,25,1.610103491804438e-13,5.773159728050814e-15,0.008592206053435802
3074,ISM,1287,1990,10,25,9.544279221407477,0.06505968748770541,0.07854216708801687
3075,DI,1287,1990,10,26,1.5981384066704598e-13,6.106226635438361e-15,0.07421121397055686
3076,WMI,1287,1990,10,26,1.610103491804438e-13,5.773159728050814e-15,0.004967832937836647
3077,ISM,1287,1990,10,26,9.544279221407477,0.06505968748770541,0.03575085382908583
3078,DI,1287,1990,10,27,1.5981384066704598e-13,6.106226635438361e-15,0.08558667683973908
3079,WMI,1287,1990,10,27,1.610103491804438e-13,5.773159728050814e-15,0.009218575898557901
3080,ISM,1287,1990,10,27,9.544279221407477,0.06505968748770541,0.05992740695364773
3081,DI,1287,1990,10,28,1.5981384066704598e-13,6.106226635438361e-15,0.08240258693695068
3082,WMI,1287,1990,10,28,1.610103491804438e-13,5.773159728050814e-15,0.008771023945882916
3083,ISM,1287,1990,10,28,9.544279221407477,0.06505968748770541,0.06278568203561008
3084,DI,1287,1990,10,29,1.5981384066704598e-13,6.106226635438361e-15,0.08126302412711084
3085,WMI,1287,1990,10,29,1.610103491804438e-13,5.773159728050814e-15,0.008831922896206379
3086,ISM,1287,1990,10,29,9.544279221407477,0.06505968748770541,0.06266620382666588
3087,DI,1287,1990,10,30,1.5981384066704598e-13,6.106226635438361e-15,0.08480639010667801
3088,WMI,1287,1990,10,30,1.610103491804438e-13,5.773159728050814e-15,0.008918011095374823
3089,ISM,1287,1990,10,30,9.544279221407477,0.06505968748770541,0.0647938409820199
3090,DI,1287,1990,10,31,1.5981384066704598e-13,6.106226635438361e-15,0.08438748610205948
3091,WMI,1287,1990,10,31,1.610103491804438e-13,5.773159728050814e-15,0.009466652059927583
3092,ISM,1287,1990,10,31,9.544279221407477,0.06505968748770541,0.08500249614007771
3093,DI,1287,1990,10,32,1.5981384066704598e-13,6.106226635438361e-15,0.07471817708574235
3094,WMI,1287,1990,10,32,1.610103491804438e-13,5.773159728050814e-15,0.005117550026625395
3095,ISM,1287,1990,10,32,9.544279221407477,0.06505968748770541,0.03860147902742028
3096,DI,1287,1990,10,33,1.5981384066704598e-13,6.106226635438361e-15,0.0860414900816977
3097,WMI,1287,1990,10,33,1.610103491804438e-13,5.773159728050814e-15,0.009235266130417585
3098,ISM,1287,1990,10,33,9.544279221407477,0.06505968748770541,0.06454835506156087
3099,DI,1287,1990,10,34,1.5981384066704598e-13,6.106226635438361e-15,0.0863762148655951
3100,WMI,1287,1990,10,34,1.610103491804438e-13,5.773159728050814e-15,0.009557891171425581
3101,ISM,1287,1990,10,34,9.544279221407477,0.06505968748770541,0.0639503039419651
3102,DI,1287,1990,10,35,1.5981384066704598e-13,6.106226635438361e-15,0.08584619290195405
3103,WMI,1287,1990,10,35,1.610103491804438e-13,5.773159728050814e-15,0.009067509090527892
3104,ISM,1287,1990,10,35,9.544279221407477,0.06505968748770541,0.06462752399966121
3105,DI,1287,1990,10,36,1.5981384066704598e-13,6.106226635438361e-15,0.08564921608194709
3106,WMI,1287,1990,10,36,1.610103491804438e-13,5.773159728050814e-15,0.009524771012365818
3107,ISM,1287,1990,10,36,9.544279221407477,0.06505968748770541,0.06662314292043447
3108,DI,1287,1990,10,37,1.5981384066704598e-13,6.106226635438361e-15,0.08463745191693306
3109,WMI,1287,1990,10,37,1.610103491804438e-13,5.773159728050814e-15,0.008716713869944215
3110,ISM,1287,1990,10,37,9.544279221407477,0.06505968748770541,0.08392681297846138
3111,DI,1287,1990,10,38,1.5981384066704598e-13,6.106226635438361e-15,0.07475686608813703
3112,WMI,1287,1990,10,38,1.610103491804438e-13,5.773159728050814e-15,0.0050512009765952826
3113,ISM,1287,1990,10,38,9.544279221407477,0.06505968748770541,0.03675822797231376
3114,DI,1287,1990,10,39,1.5981384066704598e-13,6.106226635438361e-15,0.08496247697621584
3115,WMI,1287,1990,10,39,1.610103491804438e-13,5.773159728050814e-15,0.008648195071145892
3116,ISM,1287,1990,10,39,9.544279221407477,0.06505968748770541,0.06342194206081331
3117,DI,1287,1990,10,40,1.5981384066704598e-13,6.106226635438361e-15,0.08183245616964996
3118,WMI,1287,1990,10,40,1.610103491804438e-13,5.773159728050814e-15,0.008640065090730786
3119,ISM,1287,1990,10,40,9.544279221407477,0.06505968748770541,0.06225535995326936
3120,DI,1287,1990,10,41,1.5981384066704598e-13,6.106226635438361e-15,0.08265230292454362
3121,WMI,1287,1990,10,41,1.610103491804438e-13,5.773159728050814e-15,0.008641395019367337
3122,ISM,1287,1990,10,41,9.544279221407477,0.06505968748770541,0.06148441298864782
3123,DI,1287,1990,10,42,1.5981384066704598e-13,6.106226635438361e-15,0.08484896901063621
3124,WMI,1287,1990,10,42,1.610103491804438e-13,5.773159728050814e-15,0.00904253893531859
3125,ISM,1287,1990,10,42,9.544279221407477,0.06505968748770541,0.06389185506850481
3126,DI,1287,1990,10,43,1.5981384066704598e-13,6.106226635438361e-15,0.08688800712116063
3127,WMI,1287,1990,10,43,1.610103491804438e-13,5.773159728050814e-15,0.009104467928409576
3128,ISM,1287,1990,10,43,9.544279221407477,0.06505968748770541,0.08100102795287967
3129,DI,1287,1990,10,44,1.5981384066704598e-13,6.106226635438361e-15,0.0759547979105264
3130,WMI,1287,1990,10,44,1.610103491804438e-13,5.773159728050814e-15,0.005173639161512256
3131,ISM,1287,1990,10,44,9.544279221407477,0.06505968748770541,0.03740286803804338
3132,DI,1287,1990,10,45,1.5981384066704598e-13,6.106226635438361e-15,0.08635578583925962
3133,WMI,1287,1990,10,45,1.610103491804438e-13,5.773159728050814e-15,0.009019890101626515
3134,ISM,1287,1990,10,45,9.544279221407477,0.06505968748770541,0.06491337902843952
3135,DI,1287,1990,10,46,1.5981384066704598e-13,6.106226635438361e-15,0.08632788597606122
3136,WMI,1287,1990,10,46,1.610103491804438e-13,5.773159728050814e-15,0.00956024113111198
3137,ISM,1287,1990,10,46,9.544279221407477,0.06505968748770541,0.06805488094687462
3138,DI,1287,1990,10,47,1.5981384066704598e-13,6.106226635438361e-15,0.08389662415720522
3139,WMI,1287,1990,10,47,1.610103491804438e-13,5.773159728050814e-15,0.00894371117465198
3140,ISM,1287,1990,10,47,9.544279221407477,0.06505968748770541,0.06590301403775811
3141,DI,1287,1990,10,48,1.5981384066704598e-13,6.106226635438361e-15,0.08528445195406675
3142,WMI,1287,1990,10,48,1.610103491804438e-13,5.773159728050814e-15,0.009997514076530933
3143,ISM,1287,1990,10,48,9.544279221407477,0.06505968748770541,0.06179354805499315
3144,DI,1287,1990,10,49,1.5981384066704598e-13,6.106226635438361e-15,0.08305321703664958
3145,WMI,1287,1990,10,49,1.610103491804438e-13,5.773159728050814e-15,0.00889982096850872
3146,ISM,1287,1990,10,49,9.544279221407477,0.06505968748770541,0.08191945403814316
3147,DI,1287,1990,10,50,1.5981384066704598e-13,6.106226635438361e-15,0.07387871015816927
3148,WMI,1287,1990,10,50,1.610103491804438e-13,5.773159728050814e-15,0.0051397401839494705
3149,ISM,1287,1990,10,50,9.544279221407477,0.06505968748770541,0.03607263811863959
3150,DI,1287,1990,10,51,1.5981384066704598e-13,6.106226635438361e-15,0.08458924293518066
3151,WMI,1287,1990,10,51,1.610103491804438e-13,5.773159728050814e-15,0.008763384073972702
3152,ISM,1287,1990,10,51,9.544279221407477,0.06505968748770541,0.060762224020436406
3153,DI,1287,1990,10,52,1.5981384066704598e-13,6.106226635438361e-15,0.08393365307711065
3154,WMI,1287,1990,10,52,1.610103491804438e-13,5.773159728050814e-15,0.009846547152847052
3155,ISM,1287,1990,10,52,9.544279221407477,0.06505968748770541,0.0659607129637152
3156,DI,1287,1990,10,53,1.5981384066704598e-13,6.106226635438361e-15,0.0851921730209142
3157,WMI,1287,1990,10,53,1.610103491804438e-13,5.773159728050814e-15,0.00998930400237441
3158,ISM,1287,1990,10,53,9.544279221407477,0.06505968748770541,0.06624400801956654
3159,DI,1287,1990,10,54,1.5981384066704598e-13,6.106226635438361e-15,0.08696474600583315
3160,WMI,1287,1990,10,54,1.610103491804438e-13,5.773159728050814e-15,0.00934382388368249
3161,ISM,1287,1990,10,54,9.544279221407477,0.06505968748770541,0.06432069791480899
3162,DI,1287,1990,10,55,1.5981384066704598e-13,6.106226635438361e-15,0.08373096585273743
3163,WMI,1287,1990,10,55,1.610103491804438e-13,5.773159728050814e-15,0.009347043931484222
3164,ISM,1287,1990,10,55,9.544279221407477,0.06505968748770541,0.08261642302386463
3165,DI,1287,1990,10,56,1.5981384066704598e-13,6.106226635438361e-15,0.07579463999718428
3166,WMI,1287,1990,10,56,1.610103491804438e-13,5.773159728050814e-15,0.006425359984859824
3167,ISM,1287,1990,10,56,9.544279221407477,0.06505968748770541,0.03783449111506343
3168,DI,1287,1990,10,57,1.5981384066704598e-13,6.106226635438361e-15,0.09545785398222506
3169,WMI,1287,1990,10,57,1.610103491804438e-13,5.773159728050814e-15,0.00928546511568129
3170,ISM,1287,1990,10,57,9.544279221407477,0.06505968748770541,0.06487724999897182
3171,DI,1287,1990,10,58,1.5981384066704598e-13,6.106226635438361e-15,0.08461476187221706
3172,WMI,1287,1990,10,58,1.610103491804438e-13,5.773159728050814e-15,0.009836266981437802
3173,ISM,1287,1990,10,58,9.544279221407477,0.06505968748770541,0.0654972312040627
3174,DI,1287,1990,10,59,1.5981384066704598e-13,6.106226635438361e-15,0.0858059839811176
3175,WMI,1287,1990,10,59,1.610103491804438e-13,5.773159728050814e-15,0.009376584086567163
3176,ISM,1287,1990,10,59,9.544279221407477,0.06505968748770541,0.06369899795390666
3177,DI,1287,1990,10,60,1.5981384066704598e-13,6.106226635438361e-15,0.08466658182442188
3178,WMI,1287,1990,10,60,1.610103491804438e-13,5.773159728050814e-15,0.008892202051356435
3179,ISM,1287,1990,10,60,9.544279221407477,0.06505968748770541,0.0662512390408665
3180,DI,1287,1990,10,61,1.5981384066704598e-13,6.106226635438361e-15,0.08549355901777744
3181,WMI,1287,1990,10,61,1.610103491804438e-13,5.773159728050814e-15,0.009184977039694786
3182,ISM,1287,1990,10,61,9.544279221407477,0.06505968748770541,0.08154807984828949
3183,DI,1287,1990,10,62,1.5981384066704598e-13,6.106226635438361e-15,0.07616778393276036
3184,WMI,1287,1990,10,62,1.610103491804438e-13,5.773159728050814e-15,0.00528416782617569
3185,ISM,1287,1990,10,62,9.544279221407477,0.06505968748770541,0.03743414697237313
3186,DI,1287,1990,10,63,1.5981384066704598e-13,6.106226635438361e-15,0.08573430613614619
3187,WMI,1287,1990,10,63,1.610103491804438e-13,5.773159728050814e-15,0.009176908060908318
3188,ISM,1287,1990,10,63,9.544279221407477,0.06505968748770541,0.0643612879794091
3189,DI,1287,1990,10,64,1.5981384066704598e-13,6.106226635438361e-15,0.08617812907323241
3190,WMI,1287,1990,10,64,1.610103491804438e-13,5.773159728050814e-15,0.008930751122534275
3191,ISM,1287,1990,10,64,9.544279221407477,0.06505968748770541,0.06194872595369816
3192,DI,1287,1990,10,65,1.5981384066704598e-13,6.106226635438361e-15,0.08137217303737998
3193,WMI,1287,1990,10,65,1.610103491804438e-13,5.773159728050814e-15,0.008671934949234128
3194,ISM,1287,1990,10,65,9.544279221407477,0.06505968748770541,0.06232194905169308
3195,DI,1287,1990,10,66,1.5981384066704598e-13,6.106226635438361e-15,0.08369582588784397
3196,WMI,1287,1990,10,66,1.610103491804438e-13,5.773159728050814e-15,0.008823612937703729
3197,ISM,1287,1990,10,66,9.544279221407477,0.06505968748770541,0.061257526045665145
3198,DI,1287,1990,10,67,1.5981384066704598e-13,6.106226635438361e-15,0.08317170501686633
3199,WMI,1287,1990,10,67,1.610103491804438e-13,5.773159728050814e-15,0.008625776041299105
3200,ISM,1287,1990,10,67,9.544279221407477,0.06505968748770541,0.08189076511189342
3201,DI,1287,1990,10,68,1.5981384066704598e-13,6.106226635438361e-15,0.07489270297810435
3202,WMI,1287,1990,10,68,1.610103491804438e-13,5.773159728050814e-15,0.005013111978769302
3203,ISM,1287,1990,10,68,9.544279221407477,0.06505968748770541,0.037719801999628544
3204,DI,1287,1990,10,69,1.5981384066704598e-13,6.106226635438361e-15,0.08643507398664951
3205,WMI,1287,1990,10,69,1.610103491804438e-13,5.773159728050814e-15,0.009589830879122019
3206,ISM,1287,1990,10,69,9.544279221407477,0.06505968748770541,0.06639542616903782
3207,DI,1287,1990,10,70,1.5981384066704598e-13,6.106226635438361e-15,0.08600261085666716
3208,WMI,1287,1990,10,70,1.610103491804438e-13,5.773159728050814e-15,0.009571911068633199
3209,ISM,1287,1990,10,70,9.544279221407477,0.06505968748770541,0.06512951501645148
3210,DI,1287,1990,10,71,1.5981384066704598e-13,6.106226635438361e-15,0.08509179507382214
3211,WMI,1287,1990,10,71,1.610103491804438e-13,5.773159728050814e-15,0.009328705025836825
3212,ISM,1287,1990,10,71,9.544279221407477,0.06505968748770541,0.06431063800118864
3213,DI,1287,1990,10,72,1.5981384066704598e-13,6.106226635438361e-15,0.09086272516287863
3214,WMI,1287,1990,10,72,1.610103491804438e-13,5.773159728050814e-15,0.009193585952743888
3215,ISM,1287,1990,10,72,9.544279221407477,0.06505968748770541,0.06820526788942516
3216,DI,1287,1990,10,73,1.5981384066704598e-13,6.106226635438361e-15,0.08444896503351629
3217,WMI,1287,1990,10,73,1.610103491804438e-13,5.773159728050814e-15,0.009185007074847817
3218,ISM,1287,1990,10,73,9.544279221407477,0.06505968748770541,0.08233277802355587
3219,DI,1287,1990,10,74,1.5981384066704598e-13,6.106226635438361e-15,0.07738545490428805
3220,WMI,1287,1990,10,74,1.610103491804438e-13,5.773159728050814e-15,0.005184718873351812
3221,ISM,1287,1990,10,74,9.544279221407477,0.06505968748770541,0.03649474191479385
3222,DI,1287,1990,10,75,1.5981384066704598e-13,6.106226635438361e-15,0.08640164509415627
3223,WMI,1287,1990,10,75,1.610103491804438e-13,5.773159728050814e-15,0.008854532148689032
3224,ISM,1287,1990,10,75,9.544279221407477,0.06505968748770541,0.06526163383387029
3225,DI,1287,1990,10,76,1.5981384066704598e-13,6.106226635438361e-15,0.08918086113408208
3226,WMI,1287,1990,10,76,1.610103491804438e-13,5.773159728050814e-15,0.009378133807331324
3227,ISM,1287,1990,10,76,9.544279221407477,0.06505968748770541,0.06705279601737857
3228,DI,1287,1990,10,77,1.5981384066704598e-13,6.106226635438361e-15,0.08819671696983278
3229,WMI,1287,1990,10,77,1.610103491804438e-13,5.773159728050814e-15,0.008907480863854289
3230,ISM,1287,1990,10,77,9.544279221407477,0.06505968748770541,0.06413574097678065
3231,DI,1287,1990,10,78,1.5981384066704598e-13,6.106226635438361e-15,0.08385594398714602
3232,WMI,1287,1990,10,78,1.610103491804438e-13,5.773159728050814e-15,0.008989040041342378
3233,ISM,1287,1990,10,78,9.544279221407477,0.06505968748770541,0.06210537301376462
3234,DI,1287,1990,10,79,1.5981384066704598e-13,6.106226635438361e-15,0.08287476911209524
3235,WMI,1287,1990,10,79,1.610103491804438e-13,5.773159728050814e-15,0.008473868016153574
3236,ISM,1287,1990,10,79,9.544279221407477,0.06505968748770541,0.07946273195557296
3237,DI,1287,1990,10,80,1.5981384066704598e-13,6.106226635438361e-15,0.07392081804573536
3238,WMI,1287,1990,10,80,1.610103491804438e-13,5.773159728050814e-15,0.005300906952470541
3239,ISM,1287,1990,10,80,9.544279221407477,0.06505968748770541,0.03619132610037923
3240,DI,1287,1990,10,81,1.5981384066704598e-13,6.106226635438361e-15,0.08338491106405854
3241,WMI,1287,1990,10,81,1.610103491804438e-13,5.773159728050814e-15,0.009876945987343788
3242,ISM,1287,1990,10,81,9.544279221407477,0.06505968748770541,0.06320951506495476
3243,DI,1287,1990,10,82,1.5981384066704598e-13,6.106226635438361e-15,0.08254092512652278
3244,WMI,1287,1990,10,82,1.610103491804438e-13,5.773159728050814e-15,0.008826993172988296
3245,ISM,1287,1990,10,82,9.544279221407477,0.06505968748770541,0.06484719994477928
3246,DI,1287,1990,10,83,1.5981384066704598e-13,6.106226635438361e-15,0.08494380721822381
3247,WMI,1287,1990,10,83,1.610103491804438e-13,5.773159728050814e-15,0.009340534918010235
3248,ISM,1287,1990,10,83,9.544279221407477,0.06505968748770541,0.06992880092002451
3249,DI,1287,1990,10,84,1.5981384066704598e-13,6.106226635438361e-15,0.08585352706722915
3250,WMI,1287,1990,10,84,1.610103491804438e-13,5.773159728050814e-15,0.009515033103525639
3251,ISM,1287,1990,10,84,9.544279221407477,0.06505968748770541,0.06492268200963736
3252,DI,1287,1990,10,85,1.5981384066704598e-13,6.106226635438361e-15,0.08298613200895488
3253,WMI,1287,1990,10,85,1.610103491804438e-13,5.773159728050814e-15,0.00879935291595757
3254,ISM,1287,1990,10,85,9.544279221407477,0.06505968748770541,0.08372862101532519
3255,DI,1287,1990,10,86,1.5981384066704598e-13,6.106226635438361e-15,0.07739961915649474
3256,WMI,1287,1990,10,86,1.610103491804438e-13,5.773159728050814e-15,0.005057452013716102
3257,ISM,1287,1990,10,86,9.544279221407477,0.06505968748770541,0.03620733809657395
3258,DI,1287,1990,10,87,1.5981384066704598e-13,6.106226635438361e-15,0.08559456188231707
3259,WMI,1287,1990,10,87,1.610103491804438e-13,5.773159728050814e-15,0.008558796951547265
3260,ISM,1287,1990,10,87,9.544279221407477,0.06505968748770541,0.0632466790266335
3261,DI,1287,1990,10,88,1.5981384066704598e-13,6.106226635438361e-15,0.08525365707464516
3262,WMI,1287,1990,10,88,1.610103491804438e-13,5.773159728050814e-15,0.009943324839696288
3263,ISM,1287,1990,10,88,9.544279221407477,0.06505968748770541,0.062042007222771645
3264,DI,1287,1990,10,89,1.5981384066704598e-13,6.106226635438361e-15,0.08380979904904962
3265,WMI,1287,1990,10,89,1.610103491804438e-13,5.773159728050814e-15,0.00863060588017106
3266,ISM,1287,1990,10,89,9.544279221407477,0.06505968748770541,0.06151674501597881
3267,DI,1287,1990,10,90,1.5981384066704598e-13,6.106226635438361e-15,0.08267985703423619
3268,WMI,1287,1990,10,90,1.610103491804438e-13,5.773159728050814e-15,0.009092438034713268
3269,ISM,1287,1990,10,90,9.544279221407477,0.06505968748770541,0.06446883012540638
3270,DI,1287,1990,10,91,1.5981384066704598e-13,6.106226635438361e-15,0.08693263097666204
3271,WMI,1287,1990,10,91,1.610103491804438e-13,5.773159728050814e-15,0.00910913897678256
3272,ISM,1287,1990,10,91,9.544279221407477,0.06505968748770541,0.08343062596395612
3273,DI,1287,1990,10,92,1.5981384066704598e-13,6.106226635438361e-15,0.07468715100549161
3274,WMI,1287,1990,10,92,1.610103491804438e-13,5.773159728050814e-15,0.005162989953532815
3275,ISM,1287,1990,10,92,9.544279221407477,0.06505968748770541,0.0368188691791147
3276,DI,1287,1990,10,93,1.5981384066704598e-13,6.106226635438361e-15,0.08841741713695228
3277,WMI,1287,1990,10,93,1.610103491804438e-13,5.773159728050814e-15,0.00968161877244711
3278,ISM,1287,1990,10,93,9.544279221407477,0.06505968748770541,0.06684685288928449
3279,DI,1287,1990,10,94,1.5981384066704598e-13,6.106226635438361e-15,0.08587059797719121
3280,WMI,1287,1990,10,94,1.610103491804438e-13,5.773159728050814e-15,0.009677619906142354
3281,ISM,1287,1990,10,94,9.544279221407477,0.06505968748770541,0.06402376713231206
3282,DI,1287,1990,10,95,1.5981384066704598e-13,6.106226635438361e-15,0.08646295801736414
3283,WMI,1287,1990,10,95,1.610103491804438e-13,5.773159728050814e-15,0.00898722093552351
3284,ISM,1287,1990,10,95,9.544279221407477,0.06505968748770541,0.06455534789711237
3285,DI,1287,1990,10,96,1.5981384066704598e-13,6.106226635438361e-15,0.08413957385346293
3286,WMI,1287,1990,10,96,1.610103491804438e-13,5.773159728050814e-15,0.00894426112063229
3287,ISM,1287,1990,10,96,9.544279221407477,0.06505968748770541,0.06667387508787215
3288,DI,1287,1990,10,97,1.5981384066704598e-13,6.106226635438361e-15,0.08582000806927681
3289,WMI,1287,1990,10,97,1.610103491804438e-13,5.773159728050814e-15,0.009217257145792246
3290,ISM,1287,1990,10,97,9.544279221407477,0.06505968748770541,0.08328220807015896
3291,DI,1287,1990,10,98,1.5981384066704598e-13,6.106226635438361e-15,0.07977669197134674
3292,WMI,1287,1990,10,98,1.610103491804438e-13,5.773159728050814e-15,0.005182619905099273
3293,ISM,1287,1990,10,98,9.544279221407477,0.06505968748770541,0.037388870026916265
3294,DI,1287,1990,10,99,1.5981384066704598e-13,6.106226635438361e-15,0.09028120897710323
3295,WMI,1287,1990,10,99,1.610103491804438e-13,5.773159728050814e-15,0.008897212101146579
3296,ISM,1287,1990,10,99,9.544279221407477,0.06505968748770541,0.0658854569774121
3297,DI,1287,1990,10,100,1.5981384066704598e-13,6.106226635438361e-15,0.0871051880531013
3298,WMI,1287,1990,10,100,1.610103491804438e-13,5.773159728050814e-15,0.009892016183584929
3299,ISM,1287,1990,10,100,9.544279221407477,0.06505968748770541,0.06584177794866264
3300,DI,1287,1990,10,101,1.5981384066704598e-13,6.106226635438361e-15,0.08611762407235801
3301,WMI,1287,1990,10,101,1.610103491804438e-13,5.773159728050814e-15,0.009121149079874158
3302,ISM,1287,1990,10,101,9.544279221407477,0.06505968748770541,0.06533684604801238
3303,DI,1287,1990,10,102,1.5981384066704598e-13,6.106226635438361e-15,0.08470414602197707
3304,WMI,1287,1990,10,102,1.610103491804438e-13,5.773159728050814e-15,0.009200087049975991
3305,ISM,1287,1990,10,102,9.544279221407477,0.06505968748770541,0.06617814302444458
3306,DI,1287,1990,10,103,1.5981384066704598e-13,6.106226635438361e-15,0.08565099001862109
3307,WMI,1287,1990,10,103,1.610103491804438e-13,5.773159728050814e-15,0.010456297779455781
3308,ISM,1287,1990,10,103,9.544279221407477,0.06505968748770541,0.08326182700693607
3309,DI,1287,1990,10,104,1.5981384066704598e-13,6.106226635438361e-15,0.07602729997597635
3310,WMI,1287,1990,10,104,1.610103491804438e-13,5.773159728050814e-15,0.005034522153437138
3311,ISM,1287,1990,10,104,9.544279221407477,0.06505968748770541,0.0372880210634321
3312,DI,1287,1990,10,105,1.5981384066704598e-13,6.106226635438361e-15,0.09045206708833575
3313,WMI,1287,1990,10,105,1.610103491804438e-13,5.773159728050814e-15,0.009281296050176024
3314,ISM,1287,1990,10,105,9.544279221407477,0.06505968748770541,0.06245450000278652
3315,DI,1287,1990,10,106,1.5981384066704598e-13,6.106226635438361e-15,0.08368727099150419
3316,WMI,1287,1990,10,106,1.610103491804438e-13,5.773159728050814e-15,0.008754014037549496
3317,ISM,1287,1990,10,106,9.544279221407477,0.06505968748770541,0.06278300611302257
3318,DI,1287,1990,10,107,1.5981384066704598e-13,6.106226635438361e-15,0.08379063010215759
3319,WMI,1287,1990,10,107,1.610103491804438e-13,5.773159728050814e-15,0.00896353111602366
3320,ISM,1287,1990,10,107,9.544279221407477,0.06505968748770541,0.060396213084459305
3321,DI,1287,1990,10,108,1.5981384066704598e-13,6.106226635438361e-15,0.08342740498483181
3322,WMI,1287,1990,10,108,1.610103491804438e-13,5.773159728050814e-15,0.008770804153755307
3323,ISM,1287,1990,10,108,9.544279221407477,0.06505968748770541,0.06215175613760948
3324,DI,1287,1990,10,109,1.5981384066704598e-13,6.106226635438361e-15,0.08491067192517221
3325,WMI,1287,1990,10,109,1.610103491804438e-13,5.773159728050814e-15,0.009779067942872643
3326,ISM,1287,1990,10,109,9.544279221407477,0.06505968748770541,0.08016967494040728
3327,DI,1287,1990,10,110,1.5981384066704598e-13,6.106226635438361e-15,0.07546439906582236
3328,WMI,1287,1990,10,110,1.610103491804438e-13,5.773159728050814e-15,0.005063171032816172
3329,ISM,1287,1990,10,110,9.544279221407477,0.06505968748770541,0.03727092104963958
3330,DI,1287,1990,10,111,1.5981384066704598e-13,6.106226635438361e-15,0.08664938504807651
3331,WMI,1287,1990,10,111,1.610103491804438e-13,5.773159728050814e-15,0.010443167993798852
3332,ISM,1287,1990,10,111,9.544279221407477,0.06505968748770541,0.06487620319239795
3333,DI,1287,1990,10,112,1.5981384066704598e-13,6.106226635438361e-15,0.08444285998120904
3334,WMI,1287,1990,10,112,1.610103491804438e-13,5.773159728050814e-15,0.009648340055719018
3335,ISM,1287,1990,10,112,9.544279221407477,0.06505968748770541,0.06418279395438731
3336,DI,1287,1990,10,113,1.5981384066704598e-13,6.106226635438361e-15,0.08367733098566532
3337,WMI,1287,1990,10,113,1.610103491804438e-13,5.773159728050814e-15,0.009238676866516471
3338,ISM,1287,1990,10,113,9.544279221407477,0.06505968748770541,0.063925766851753
3339,DI,1287,1990,10,114,1.5981384066704598e-13,6.106226635438361e-15,0.08331050700508058
3340,WMI,1287,1990,10,114,1.610103491804438e-13,5.773159728050814e-15,0.008921840926632285
3341,ISM,1287,1990,10,114,9.544279221407477,0.06505968748770541,0.06580575904808939
3342,DI,1287,1990,10,115,1.5981384066704598e-13,6.106226635438361e-15,0.08470486593432724
3343,WMI,1287,1990,10,115,1.610103491804438e-13,5.773159728050814e-15,0.008991570211946964
3344,ISM,1287,1990,10,115,9.544279221407477,0.06505968748770541,0.08263113698922098
3345,DI,1287,1990,10,116,1.5981384066704598e-13,6.106226635438361e-15,0.07675897888839245
3346,WMI,1287,1990,10,116,1.610103491804438e-13,5.773159728050814e-15,0.005071111023426056
3347,ISM,1287,1990,10,116,9.544279221407477,0.06505968748770541,0.037467679008841515
3348,DI,1287,1990,10,117,1.5981384066704598e-13,6.106226635438361e-15,0.08860583393834531
3349,WMI,1287,1990,10,117,1.610103491804438e-13,5.773159728050814e-15,0.009479613043367863
3350,ISM,1287,1990,10,117,9.544279221407477,0.06505968748770541,0.06502615101635456
3351,DI,1287,1990,10,118,1.5981384066704598e-13,6.106226635438361e-15,0.08633813005872071
3352,WMI,1287,1990,10,118,1.610103491804438e-13,5.773159728050814e-15,0.009635980939492583
3353,ISM,1287,1990,10,118,9.544279221407477,0.06505968748770541,0.0634551050607115
3354,DI,1287,1990,10,119,1.5981384066704598e-13,6.106226635438361e-15,0.0867109838873148
3355,WMI,1287,1990,10,119,1.610103491804438e-13,5.773159728050814e-15,0.00959410099312663
3356,ISM,1287,1990,10,119,9.544279221407477,0.06505968748770541,0.06627363106235862
3357,DI,1287,1990,10,120,1.5981384066704598e-13,6.106226635438361e-15,0.0855218330398202
3358,WMI,1287,1990,10,120,1.610103491804438e-13,5.773159728050814e-15,0.009417973924428225
3359,ISM,1287,1990,10,120,9.544279221407477,0.06505968748770541,0.06574553903192282
3360,DI,1287,1990,10,121,1.5981384066704598e-13,6.106226635438361e-15,0.08375763008370996
3361,WMI,1287,1990,10,121,1.610103491804438e-13,5.773159728050814e-15,0.008889361983165145
3362,ISM,1287,1990,10,121,9.544279221407477,0.06505968748770541,0.08058672887273133
3363,DI,1287,1990,10,122,1.5981384066704598e-13,6.106226635438361e-15,0.07419541804119945
3364,WMI,1287,1990,10,122,1.610103491804438e-13,5.773159728050814e-15,0.004948973190039396
3365,ISM,1287,1990,10,122,9.544279221407477,0.06505968748770541,0.03682580892927945
3366,DI,1287,1990,10,123,1.5981384066704598e-13,6.106226635438361e-15,0.08476380398496985
3367,WMI,1287,1990,10,123,1.610103491804438e-13,5.773159728050814e-15,0.008536147885024548
3368,ISM,1287,1990,10,123,9.544279221407477,0.06505968748770541,0.06227199384011328
3369,DI,1287,1990,10,124,1.5981384066704598e-13,6.106226635438361e-15,0.08403101493604481
3370,WMI,1287,1990,10,124,1.610103491804438e-13,5.773159728050814e-15,0.00903606996871531
3371,ISM,1287,1990,10,124,9.544279221407477,0.06505968748770541,0.06090996484272182
3372,DI,1287,1990,10,125,1.5981384066704598e-13,6.106226635438361e-15,0.08487038314342499
3373,WMI,1287,1990,10,125,1.610103491804438e-13,5.773159728050814e-15,0.008778593968600035
3374,ISM,1287,1990,10,125,9.544279221407477,0.06505968748770541,0.06135483784601092
3375,DI,1287,1990,10,126,1.5981384066704598e-13,6.106226635438361e-15,0.08271315600723028
3376,WMI,1287,1990,10,126,1.610103491804438e-13,5.773159728050814e-15,0.00907092890702188
3377,ISM,1287,1990,10,126,9.544279221407477,0.06505968748770541,0.06587431812658906
3378,DI,1287,1990,10,127,1.5981384066704598e-13,6.106226635438361e-15,0.08393252710811794
3379,WMI,1287,1990,10,127,1.610103491804438e-13,5.773159728050814e-15,0.0094289630651474
3380,ISM,1287,1990,10,127,9.544279221407477,0.06505968748770541,0.08332668687216938
3381,DI,1287,1990,10,128,1.5981384066704598e-13,6.106226635438361e-15,0.07515272404998541
3382,WMI,1287,1990,10,128,1.610103491804438e-13,5.773159728050814e-15,0.005035301903262734
3383,ISM,1287,1990,10,128,9.544279221407477,0.06505968748770541,0.035827314015477896
3384,DI,1287,1990,10,129,1.5981384066704598e-13,6.106226635438361e-15,0.08329732692800462
3385,WMI,1287,1990,10,129,1.610103491804438e-13,5.773159728050814e-15,0.009415753884240985
3386,ISM,1287,1990,10,129,9.544279221407477,0.06505968748770541,0.06429130304604769
3387,DI,1287,1990,10,130,1.5981384066704598e-13,6.106226635438361e-15,0.08218876388855278
3388,WMI,1287,1990,10,130,1.610103491804438e-13,5.773159728050814e-15,0.008858071872964501
3389,ISM,1287,1990,10,130,9.544279221407477,0.06505968748770541,0.06287442403845489
3390,DI,1287,1990,10,131,1.5981384066704598e-13,6.106226635438361e-15,0.08357641287147999
3391,WMI,1287,1990,10,131,1.610103491804438e-13,5.773159728050814e-15,0.008846021955832839
3392,ISM,1287,1990,10,131,9.544279221407477,0.06505968748770541,0.061088741989806294
3393,DI,1287,1990,10,132,1.5981384066704598e-13,6.106226635438361e-15,0.08152697398327291
3394,WMI,1287,1990,10,132,1.610103491804438e-13,5.773159728050814e-15,0.00860006595030427
3395,ISM,1287,1990,10,132,9.544279221407477,0.06505968748770541,0.06126556918025017
3396,DI,1287,1990,10,133,1.5981384066704598e-13,6.106226635438361e-15,0.0868664518930018
3397,WMI,1287,1990,10,133,1.610103491804438e-13,5.773159728050814e-15,0.009379083989188075
3398,ISM,1287,1990,10,133,9.544279221407477,0.06505968748770541,0.08172918111085892
3399,DI,1287,1990,10,134,1.5981384066704598e-13,6.106226635438361e-15,0.07515326398424804
3400,WMI,1287,1990,10,134,1.610103491804438e-13,5.773159728050814e-15,0.0050906219985336065
3401,ISM,1287,1990,10,134,9.544279221407477,0.06505968748770541,0.03694050689227879
3402,DI,1287,1990,10,135,1.5981384066704598e-13,6.106226635438361e-15,0.08525714697316289
3403,WMI,1287,1990,10,135,1.610103491804438e-13,5.773159728050814e-15,0.00886599300429225
3404,ISM,1287,1990,10,135,9.544279221407477,0.06505968748770541,0.06755174114368856
3405,DI,1287,1990,10,136,1.5981384066704598e-13,6.106226635438361e-15,0.08514623902738094
3406,WMI,1287,1990,10,136,1.610103491804438e-13,5.773159728050814e-15,0.009401484159752727
3407,ISM,1287,1990,10,136,9.544279221407477,0.06505968748770541,0.06478421413339674
3408,DI,1287,1990,10,137,1.5981384066704598e-13,6.106226635438361e-15,0.08606327488087118
3409,WMI,1287,1990,10,137,1.610103491804438e-13,5.773159728050814e-15,0.00896166986785829
3410,ISM,1287,1990,10,137,9.544279221407477,0.06505968748770541,0.0644461689516902
3411,DI,1287,1990,10,138,1.5981384066704598e-13,6.106226635438361e-15,0.0847895541228354
3412,WMI,1287,1990,10,138,1.610103491804438e-13,5.773159728050814e-15,0.008802843047305942
3413,ISM,1287,1990,10,138,9.544279221407477,0.06505968748770541,0.061150430934503675
3414,DI,1287,1990,10,139,1.5981384066704598e-13,6.106226635438361e-15,0.08495298097841442
3415,WMI,1287,1990,10,139,1.610103491804438e-13,5.773159728050814e-15,0.008790813852101564
3416,ISM,1287,1990,10,139,9.544279221407477,0.06505968748770541,0.07825603592209518
3417,DI,1287,1990,10,140,1.5981384066704598e-13,6.106226635438361e-15,0.07444213493727148
3418,WMI,1287,1990,10,140,1.610103491804438e-13,5.773159728050814e-15,0.004997561918571591
3419,ISM,1287,1990,10,140,9.544279221407477,0.06505968748770541,0.03562555811367929
3420,DI,1287,1990,10,141,1.5981384066704598e-13,6.106226635438361e-15,0.08516088919714093
3421,WMI,1287,1990,10,141,1.610103491804438e-13,5.773159728050814e-15,0.00889470218680799
3422,ISM,1287,1990,10,141,9.544279221407477,0.06505968748770541,0.06264449679292738
3423,DI,1287,1990,10,142,1.5981384066704598e-13,6.106226635438361e-15,0.08480608416721225
3424,WMI,1287,1990,10,142,1.610103491804438e-13,5.773159728050814e-15,0.009498962201178074
3425,ISM,1287,1990,10,142,9.544279221407477,0.06505968748770541,0.06512739020399749
3426,DI,1287,1990,10,143,1.5981384066704598e-13,6.106226635438361e-15,0.08349262387491763
3427,WMI,1287,1990,10,143,1.610103491804438e-13,5.773159728050814e-15,0.009205587208271027
3428,ISM,1287,1990,10,143,9.544279221407477,0.06505968748770541,0.06439045094884932
3429,DI,1287,1990,10,144,1.5981384066704598e-13,6.106226635438361e-15,0.08472294500097632
3430,WMI,1287,1990,10,144,1.610103491804438e-13,5.773159728050814e-15,0.008809823077172041
3431,ISM,1287,1990,10,144,9.544279221407477,0.06505968748770541,0.06693363096565008
3432,DI,1287,1990,10,145,1.5981384066704598e-13,6.106226635438361e-15,0.08457709685899317
3433,WMI,1287,1990,10,145,1.610103491804438e-13,5.773159728050814e-15,0.009316124953329563
3434,ISM,1287,1990,10,145,9.544279221407477,0.06505968748770541,0.08567350101657212
3435,DI,1287,1990,10,146,1.5981384066704598e-13,6.106226635438361e-15,0.07508730399422348
3436,WMI,1287,1990,10,146,1.610103491804438e-13,5.773159728050814e-15,0.005186998983845115
3437,ISM,1287,1990,10,146,9.544279221407477,0.06505968748770541,0.03602654114365578
3438,DI,1287,1990,10,147,1.5981384066704598e-13,6.106226635438361e-15,0.08514592796564102
3439,WMI,1287,1990,10,147,1.610103491804438e-13,5.773159728050814e-15,0.00901126116514206
3440,ISM,1287,1990,10,147,9.544279221407477,0.06505968748770541,0.061287869000807405
3441,DI,1287,1990,10,148,1.5981384066704598e-13,6.106226635438361e-15,0.08405173616483808
3442,WMI,1287,1990,10,148,1.610103491804438e-13,5.773159728050814e-15,0.008956430945545435
3443,ISM,1287,1990,10,148,9.544279221407477,0.06505968748770541,0.06099458294920623
3444,DI,1287,1990,10,149,1.5981384066704598e-13,6.106226635438361e-15,0.08316354011185467
3445,WMI,1287,1990,10,149,1.610103491804438e-13,5.773159728050814e-15,0.0090043512172997
3446,ISM,1287,1990,10,149,9.544279221407477,0.06505968748770541,0.06015597702935338
3447,DI,1287,1990,10,150,1.5981384066704598e-13,6.106226635438361e-15,0.0837627099826932
3448,WMI,1287,1990,10,150,1.610103491804438e-13,5.773159728050814e-15,0.008690175833180547
3449,ISM,1287,1990,10,150,9.544279221407477,0.06505968748770541,0.06138793705031276
3450,DI,1287,1990,10,151,1.5981384066704598e-13,6.106226635438361e-15,0.0821494348347187
3451,WMI,1287,1990,10,151,1.610103491804438e-13,5.773159728050814e-15,0.009211307158693671
3452,ISM,1287,1990,10,151,9.544279221407477,0.06505968748770541,0.08136329706758261
3453,DI,1287,1990,10,152,1.5981384066704598e-13,6.106226635438361e-15,0.0777489838656038
3454,WMI,1287,1990,10,152,1.610103491804438e-13,5.773159728050814e-15,0.0051013510674238205
3455,ISM,1287,1990,10,152,9.544279221407477,0.06505968748770541,0.037647855933755636
3456,DI,1287,1990,10,153,1.5981384066704598e-13,6.106226635438361e-15,0.08472555503249168
3457,WMI,1287,1990,10,153,1.610103491804438e-13,5.773159728050814e-15,0.009787668008357286
3458,ISM,1287,1990,10,153,9.544279221407477,0.06505968748770541,0.06080136587843299
3459,DI,1287,1990,10,154,1.5981384066704598e-13,6.106226635438361e-15,0.08269773586653173
3460,WMI,1287,1990,10,154,1.610103491804438e-13,5.773159728050814e-15,0.008734584087505937
3461,ISM,1287,1990,10,154,9.544279221407477,0.06505968748770541,0.06247094110585749
3462,DI,1287,1990,10,155,1.5981384066704598e-13,6.106226635438361e-15,0.08215565513819456
3463,WMI,1287,1990,10,155,1.610103491804438e-13,5.773159728050814e-15,0.008804823039099574
3464,ISM,1287,1990,10,155,9.544279221407477,0.06505968748770541,0.06143968692049384
3465,DI,1287,1990,10,156,1.5981384066704598e-13,6.106226635438361e-15,0.08463879604823887
3466,WMI,1287,1990,10,156,1.610103491804438e-13,5.773159728050814e-15,0.00859979703091085
3467,ISM,1287,1990,10,156,9.544279221407477,0.06505968748770541,0.06197961908765137
3468,DI,1287,1990,10,157,1.5981384066704598e-13,6.106226635438361e-15,0.0818328398745507
3469,WMI,1287,1990,10,157,1.610103491804438e-13,5.773159728050814e-15,0.008701875107362866
3470,ISM,1287,1990,10,157,9.544279221407477,0.06505968748770541,0.07775705307722092
3471,DI,1287,1990,10,158,1.5981384066704598e-13,6.106226635438361e-15,0.07628027582541108
3472,WMI,1287,1990,10,158,1.610103491804438e-13,5.773159728050814e-15,0.005419595865532756
3473,ISM,1287,1990,10,158,9.544279221407477,0.06505968748770541,0.03704876499250531
3474,DI,1287,1990,10,159,1.5981384066704598e-13,6.106226635438361e-15,0.085029860958457
3475,WMI,1287,1990,10,159,1.610103491804438e-13,5.773159728050814e-15,0.009512193035334349
3476,ISM,1287,1990,10,159,9.544279221407477,0.06505968748770541,0.06486577307805419
3477,DI,1287,1990,10,160,1.5981384066704598e-13,6.106226635438361e-15,0.08512065908871591
3478,WMI,1287,1990,10,160,1.610103491804438e-13,5.773159728050814e-15,0.009600790916010737
3479,ISM,1287,1990,10,160,9.544279221407477,0.06505968748770541,0.06537240510806441
3480,DI,1287,1990,10,161,1.5981384066704598e-13,6.106226635438361e-15,0.0840656862128526
3481,WMI,1287,1990,10,161,1.610103491804438e-13,5.773159728050814e-15,0.009277936071157455
3482,ISM,1287,1990,10,161,9.544279221407477,0.06505968748770541,0.06481482391245663
3483,DI,1287,1990,10,162,1.5981384066704598e-13,6.106226635438361e-15,0.08614878309890628
3484,WMI,1287,1990,10,162,1.610103491804438e-13,5.773159728050814e-15,0.010540046961978078
3485,ISM,1287,1990,10,162,9.544279221407477,0.06505968748770541,0.06064540916122496
3486,DI,1287,1990,10,163,1.5981384066704598e-13,6.106226635438361e-15,0.08227972290478647
3487,WMI,1287,1990,10,163,1.610103491804438e-13,5.773159728050814e-15,0.008791593136265874
3488,ISM,1287,1990,10,163,9.544279221407477,0.06505968748770541,0.08142292592674494
3489,DI,1287,1990,10,164,1.5981384066704598e-13,6.106226635438361e-15,0.07369416602887213
3490,WMI,1287,1990,10,164,1.610103491804438e-13,5.773159728050814e-15,0.005020682001486421
3491,ISM,1287,1990,10,164,9.544279221407477,0.06505968748770541,0.035975431092083454
3492,DI,1287,1990,10,165,1.5981384066704598e-13,6.106226635438361e-15,0.08543745405040681
3493,WMI,1287,1990,10,165,1.610103491804438e-13,5.773159728050814e-15,0.008619706146419048
3494,ISM,1287,1990,10,165,9.544279221407477,0.06505968748770541,0.06139851803891361
3495,DI,1287,1990,10,166,1.5981384066704598e-13,6.106226635438361e-15,0.08177070110104978
3496,WMI,1287,1990,10,166,1.610103491804438e-13,5.773159728050814e-15,0.009199996944516897
3497,ISM,1287,1990,10,166,9.544279221407477,0.06505968748770541,0.062056076945737004
3498,DI,1287,1990,10,167,1.5981384066704598e-13,6.106226635438361e-15,0.08165758312679827
3499,WMI,1287,1990,10,167,1.610103491804438e-13,5.773159728050814e-15,0.008981100982055068
3500,ISM,1287,1990,10,167,9.544279221407477,0.06505968748770541,0.06627236097119749
3501,DI,1287,1990,10,168,1.5981384066704598e-13,6.106226635438361e-15,0.0848117838613689
3502,WMI,1287,1990,10,168,1.610103491804438e-13,5.773159728050814e-15,0.009088329039514065
3503,ISM,1287,1990,10,168,9.544279221407477,0.06505968748770541,0.06473914510570467
3504,DI,1287,1990,10,169,1.5981384066704598e-13,6.106226635438361e-15,0.08882931107655168
3505,WMI,1287,1990,10,169,1.610103491804438e-13,5.773159728050814e-15,0.009230376919731498
3506,ISM,1287,1990,10,169,9.544279221407477,0.06505968748770541,0.08280306495726109
3507,DI,1287,1990,10,170,1.5981384066704598e-13,6.106226635438361e-15,0.07566740596666932
3508,WMI,1287,1990,10,170,1.610103491804438e-13,5.773159728050814e-15,0.005186880007386208
3509,ISM,1287,1990,10,170,9.544279221407477,0.06505968748770541,0.036354065872728825
3510,DI,1287,1990,10,171,1.5981384066704598e-13,6.106226635438361e-15,0.08906173706054688
3511,WMI,1287,1990,10,171,1.610103491804438e-13,5.773159728050814e-15,0.009362684097141027
3512,ISM,1287,1990,10,171,9.544279221407477,0.06505968748770541,0.0633494770154357
3513,DI,1287,1990,10,172,1.5981384066704598e-13,6.106226635438361e-15,0.08375849993899465
3514,WMI,1287,1990,10,172,1.610103491804438e-13,5.773159728050814e-15,0.008896311977878213
3515,ISM,1287,1990,10,172,9.544279221407477,0.06505968748770541,0.06446125893853605
3516,DI,1287,1990,10,173,1.5981384066704598e-13,6.106226635438361e-15,0.08448841911740601
3517,WMI,1287,1990,10,173,1.610103491804438e-13,5.773159728050814e-15,0.008580966154113412
3518,ISM,1287,1990,10,173,9.544279221407477,0.06505968748770541,0.062231883872300386
3519,DI,1287,1990,10,174,1.5981384066704598e-13,6.106226635438361e-15,0.08288195310160518
3520,WMI,1287,1990,10,174,1.610103491804438e-13,5.773159728050814e-15,0.009201806969940662
3521,ISM,1287,1990,10,174,9.544279221407477,0.06505968748770541,0.06254612887278199
3522,DI,1287,1990,10,175,1.5981384066704598e-13,6.106226635438361e-15,0.08405033499002457
3523,WMI,1287,1990,10,175,1.610103491804438e-13,5.773159728050814e-15,0.008752074092626572
3524,ISM,1287,1990,10,175,9.544279221407477,0.06505968748770541,0.0797230729367584
3525,DI,1287,1990,10,176,1.5981384066704598e-13,6.106226635438361e-15,0.07325770310126245
3526,WMI,1287,1990,10,176,1.610103491804438e-13,5.773159728050814e-15,0.004981203004717827
3527,ISM,1287,1990,10,176,9.544279221407477,0.06505968748770541,0.03537557017989457
3528,DI,1287,1990,10,177,1.5981384066704598e-13,6.106226635438361e-15,0.08626240096054971
3529,WMI,1287,1990,10,177,1.610103491804438e-13,5.773159728050814e-15,0.009101778967306018
3530,ISM,1287,1990,10,177,9.544279221407477,0.06505968748770541,0.0644630289170891
3531,DI,1287,1990,10,178,1.5981384066704598e-13,6.106226635438361e-15,0.08600528491660953
3532,WMI,1287,1990,10,178,1.610103491804438e-13,5.773159728050814e-15,0.009278876008465886
3533,ISM,1287,1990,10,178,9.544279221407477,0.06505968748770541,0.06502618105150759
3534,DI,1287,1990,10,179,1.5981384066704598e-13,6.106226635438361e-15,0.08487686282023787
3535,WMI,1287,1990,10,179,1.610103491804438e-13,5.773159728050814e-15,0.0092217568308115
3536,ISM,1287,1990,10,179,9.544279221407477,0.06505968748770541,0.06451143813319504
3537,DI,1287,1990,10,180,1.5981384066704598e-13,6.106226635438361e-15,0.08565934002399445
3538,WMI,1287,1990,10,180,1.610103491804438e-13,5.773159728050814e-15,0.008977111196145415
3539,ISM,1287,1990,10,180,9.544279221407477,0.06505968748770541,0.06374363997019827
3540,DI,1287,1990,10,181,1.5981384066704598e-13,6.106226635438361e-15,0.08286268403753638
3541,WMI,1287,1990,10,181,1.610103491804438e-13,5.773159728050814e-15,0.008965290850028396
3542,ISM,1287,1990,10,181,9.544279221407477,0.06505968748770541,0.08206632686778903
3543,DI,1287,1990,10,182,1.5981384066704598e-13,6.106226635438361e-15,0.0753573109395802
3544,WMI,1287,1990,10,182,1.610103491804438e-13,5.773159728050814e-15,0.005078511079773307
3545,ISM,1287,1990,10,182,9.544279221407477,0.06505968748770541,0.03712661378085613
3546,DI,1287,1990,10,183,1.5981384066704598e-13,6.106226635438361e-15,0.08596077607944608
3547,WMI,1287,1990,10,183,1.610103491804438e-13,5.773159728050814e-15,0.009354225127026439
3548,ISM,1287,1990,10,183,9.544279221407477,0.06505968748770541,0.06493697292171419
3549,DI,1287,1990,10,184,1.5981384066704598e-13,6.106226635438361e-15,0.0842441429849714
3550,WMI,1287,1990,10,184,1.610103491804438e-13,5.773159728050814e-15,0.009225925896316767
3551,ISM,1287,1990,10,184,9.544279221407477,0.06505968748770541,0.06033316417597234
3552,DI,1287,1990,10,185,1.5981384066704598e-13,6.106226635438361e-15,0.08470825478434563
3553,WMI,1287,1990,10,185,1.610103491804438e-13,5.773159728050814e-15,0.008667566115036607
3554,ISM,1287,1990,10,185,9.544279221407477,0.06505968748770541,0.06172928214073181
3555,DI,1287,1990,10,186,1.5981384066704598e-13,6.106226635438361e-15,0.08323841798119247
3556,WMI,1287,1990,10,186,1.610103491804438e-13,5.773159728050814e-15,0.008849452016875148
3557,ISM,1287,1990,10,186,9.544279221407477,0.06505968748770541,0.06059666001237929
3558,DI,1287,1990,10,187,1.5981384066704598e-13,6.106226635438361e-15,0.08192115789279342
3559,WMI,1287,1990,10,187,1.610103491804438e-13,5.773159728050814e-15,0.008999299956485629
3560,ISM,1287,1990,10,187,9.544279221407477,0.06505968748770541,0.07928404910489917
3561,DI,1287,1990,10,188,1.5981384066704598e-13,6.106226635438361e-15,0.07569490512832999
3562,WMI,1287,1990,10,188,1.610103491804438e-13,5.773159728050814e-15,0.005106050055474043
3563,ISM,1287,1990,10,188,9.544279221407477,0.06505968748770541,0.03617680910974741
3564,DI,1287,1990,10,189,1.5981384066704598e-13,6.106226635438361e-15,0.08345488482154906
3565,WMI,1287,1990,10,189,1.610103491804438e-13,5.773159728050814e-15,0.008737423922866583
3566,ISM,1287,1990,10,189,9.544279221407477,0.06505968748770541,0.06052420102059841
3567,DI,1287,1990,10,190,1.5981384066704598e-13,6.106226635438361e-15,0.08580253808759153
3568,WMI,1287,1990,10,190,1.610103491804438e-13,5.773159728050814e-15,0.009576152078807354
3569,ISM,1287,1990,10,190,9.544279221407477,0.06505968748770541,0.06421060301363468
3570,DI,1287,1990,10,191,1.5981384066704598e-13,6.106226635438361e-15,0.08473048405721784
3571,WMI,1287,1990,10,191,1.610103491804438e-13,5.773159728050814e-15,0.008634556084871292
3572,ISM,1287,1990,10,191,9.544279221407477,0.06505968748770541,0.07074833195656538
3573,DI,1287,1990,10,192,1.5981384066704598e-13,6.106226635438361e-15,0.08478680392727256
3574,WMI,1287,1990,10,192,1.610103491804438e-13,5.773159728050814e-15,0.009130447870120406
3575,ISM,1287,1990,10,192,9.544279221407477,0.06505968748770541,0.06596701592206955
3576,DI,1287,1990,10,193,1.5981384066704598e-13,6.106226635438361e-15,0.08535184501670301
3577,WMI,1287,1990,10,193,1.610103491804438e-13,5.773159728050814e-15,0.00883779302239418
3578,ISM,1287,1990,10,193,9.544279221407477,0.06505968748770541,0.08294476312585175
3579,DI,1287,1990,10,194,1.5981384066704598e-13,6.106226635438361e-15,0.07693342608399689
3580,WMI,1287,1990,10,194,1.610103491804438e-13,5.773159728050814e-15,0.005217829020693898
3581,ISM,1287,1990,10,194,9.544279221407477,0.06505968748770541,0.035477929981425405
3582,DI,1287,1990,10,195,1.5981384066704598e-13,6.106226635438361e-15,0.0831173500046134
3583,WMI,1287,1990,10,195,1.610103491804438e-13,5.773159728050814e-15,0.00887617189437151
3584,ISM,1287,1990,10,195,9.544279221407477,0.06505968748770541,0.062029008055105805
3585,DI,1287,1990,10,196,1.5981384066704598e-13,6.106226635438361e-15,0.08467018604278564
3586,WMI,1287,1990,10,196,1.610103491804438e-13,5.773159728050814e-15,0.009304975159466267
3587,ISM,1287,1990,10,196,9.544279221407477,0.06505968748770541,0.06134903710335493
3588,DI,1287,1990,10,197,1.5981384066704598e-13,6.106226635438361e-15,0.08808676293119788
3589,WMI,1287,1990,10,197,1.610103491804438e-13,5.773159728050814e-15,0.008707675151526928
3590,ISM,1287,1990,10,197,9.544279221407477,0.06505968748770541,0.061590783996507525
3591,DI,1287,1990,10,198,1.5981384066704598e-13,6.106226635438361e-15,0.08160573290660977
3592,WMI,1287,1990,10,198,1.610103491804438e-13,5.773159728050814e-15,0.008864722913131118
3593,ISM,1287,1990,10,198,9.544279221407477,0.06505968748770541,0.06164864404127002
3594,DI,1287,1990,10,199,1.5981384066704598e-13,6.106226635438361e-15,0.08264905703254044
3595,WMI,1287,1990,10,199,1.610103491804438e-13,5.773159728050814e-15,0.008772193919867277
3596,ISM,1287,1990,10,199,9.544279221407477,0.06505968748770541,0.08099416317418218
3597,DI,1287,1990,10,200,1.5981384066704598e-13,6.106226635438361e-15,0.07502809609286487
3598,WMI,1287,1990,10,200,1.610103491804438e-13,5.773159728050814e-15,0.005016291979700327
3599,ISM,1287,1990,10,200,9.544279221407477,0.06505968748770541,0.03738671890459955
3600,DI,1287,1980,20,1,1.606953555245059e-13,5.773159728050814e-15,0.08492675190791488
3601,WMI,1287,1980,20,1,1.628296191519204e-13,6.439293542825908e-15,0.010246220976114273
3602,ISM,1287,1980,20,1,14.105317478969743,0.09033343818701511,0.12081202585250139
3603,DI,1287,1980,20,2,1.606953555245059e-13,5.773159728050814e-15,0.07329303212463856
3604,WMI,1287,1980,20,2,1.628296191519204e-13,6.439293542825908e-15,0.006747314939275384
3605,ISM,1287,1980,20,2,14.105317478969743,0.09033343818701511,0.071377462008968
3606,DI,1287,1980,20,3,1.606953555245059e-13,5.773159728050814e-15,0.08176161115989089
3607,WMI,1287,1980,20,3,1.628296191519204e-13,6.439293542825908e-15,0.01003257418051362
3608,ISM,1287,1980,20,3,14.105317478969743,0.09033343818701511,0.12026941403746605
3609,DI,1287,1980,20,4,1.606953555245059e-13,5.773159728050814e-15,0.07389250304549932
3610,WMI,1287,1980,20,4,1.628296191519204e-13,6.439293542825908e-15,0.006344111170619726
3611,ISM,1287,1980,20,4,14.105317478969743,0.09033343818701511,0.0702452699188143
3612,DI,1287,1980,20,5,1.606953555245059e-13,5.773159728050814e-15,0.08267185697332025
3613,WMI,1287,1980,20,5,1.628296191519204e-13,6.439293542825908e-15,0.009939966024830937
3614,ISM,1287,1980,20,5,14.105317478969743,0.09033343818701511,0.11887384485453367
3615,DI,1287,1980,20,6,1.606953555245059e-13,5.773159728050814e-15,0.07321659382432699
3616,WMI,1287,1980,20,6,1.628296191519204e-13,6.439293542825908e-15,0.00657787686213851
3617,ISM,1287,1980,20,6,14.105317478969743,0.09033343818701511,0.07437285617925227
3618,DI,1287,1980,20,7,1.606953555245059e-13,5.773159728050814e-15,0.08456216799095273
3619,WMI,1287,1980,20,7,1.628296191519204e-13,6.439293542825908e-15,0.010106662986800075
3620,ISM,1287,1980,20,7,14.105317478969743,0.09033343818701511,0.12334798509255052
3621,DI,1287,1980,20,8,1.606953555245059e-13,5.773159728050814e-15,0.07519203308038414
3622,WMI,1287,1980,20,8,1.628296191519204e-13,6.439293542825908e-15,0.006534448824822903
3623,ISM,1287,1980,20,8,14.105317478969743,0.09033343818701511,0.07233734684996307
3624,DI,1287,1980,20,9,1.606953555245059e-13,5.773159728050814e-15,0.08251423900946975
3625,WMI,1287,1980,20,9,1.628296191519204e-13,6.439293542825908e-15,0.010133422911167145
3626,ISM,1287,1980,20,9,14.105317478969743,0.09033343818701511,0.12130738701671362
3627,DI,1287,1980,20,10,1.606953555245059e-13,5.773159728050814e-15,0.08132487698458135
3628,WMI,1287,1980,20,10,1.628296191519204e-13,6.439293542825908e-15,0.006439850898459554
3629,ISM,1287,1980,20,10,14.105317478969743,0.09033343818701511,0.0729341960977763
3630,DI,1287,1980,20,11,1.606953555245059e-13,5.773159728050814e-15,0.08086506393738091
3631,WMI,1287,1980,20,11,1.628296191519204e-13,6.439293542825908e-15,0.010287581011652946
3632,ISM,1287,1980,20,11,14.105317478969743,0.09033343818701511,0.12056016200222075
3633,DI,1287,1980,20,12,1.606953555245059e-13,5.773159728050814e-15,0.07395687093958259
3634,WMI,1287,1980,20,12,1.628296191519204e-13,6.439293542825908e-15,0.006540428847074509
3635,ISM,1287,1980,20,12,14.105317478969743,0.09033343818701511,0.07096759602427483
3636,DI,1287,1980,20,13,1.606953555245059e-13,5.773159728050814e-15,0.08149434393271804
3637,WMI,1287,1980,20,13,1.628296191519204e-13,6.439293542825908e-15,0.009996305918321013
3638,ISM,1287,1980,20,13,14.105317478969743,0.09033343818701511,0.11896710703149438
3639,DI,1287,1980,20,14,1.606953555245059e-13,5.773159728050814e-15,0.07479732693172991
3640,WMI,1287,1980,20,14,1.628296191519204e-13,6.439293542825908e-15,0.006491040112450719
3641,ISM,1287,1980,20,14,14.105317478969743,0.09033343818701511,0.07444218313321471
3642,DI,1287,1980,20,15,1.606953555245059e-13,5.773159728050814e-15,0.0849493311252445
3643,WMI,1287,1980,20,15,1.628296191519204e-13,6.439293542825908e-15,0.009913886897265911
3644,ISM,1287,1980,20,15,14.105317478969743,0.09033343818701511,0.12499433406628668
3645,DI,1287,1980,20,16,1.606953555245059e-13,5.773159728050814e-15,0.07557389582507312
3646,WMI,1287,1980,20,16,1.628296191519204e-13,6.439293542825908e-15,0.00643537100404501
3647,ISM,1287,1980,20,16,14.105317478969743,0.09033343818701511,0.07282966794446111
3648,DI,1287,1980,20,17,1.606953555245059e-13,5.773159728050814e-15,0.08388306805863976
3649,WMI,1287,1980,20,17,1.628296191519204e-13,6.439293542825908e-15,0.01008636481128633
3650,ISM,1287,1980,20,17,14.105317478969743,0.09033343818701511,0.12517169094644487
3651,DI,1287,1980,20,18,1.606953555245059e-13,5.773159728050814e-15,0.07426086603663862
3652,WMI,1287,1980,20,18,1.628296191519204e-13,6.439293542825908e-15,0.0066686770878732204
3653,ISM,1287,1980,20,18,14.105317478969743,0.09033343818701511,0.07435643393546343
3654,DI,1287,1980,20,19,1.606953555245059e-13,5.773159728050814e-15,0.08292585192248225
3655,WMI,1287,1980,20,19,1.628296191519204e-13,6.439293542825908e-15,0.009969486854970455
3656,ISM,1287,1980,20,19,14.105317478969743,0.09033343818701511,0.11751821893267334
3657,DI,1287,1980,20,20,1.606953555245059e-13,5.773159728050814e-15,0.07451988104730844
3658,WMI,1287,1980,20,20,1.628296191519204e-13,6.439293542825908e-15,0.006576888961717486
3659,ISM,1287,1980,20,20,14.105317478969743,0.09033343818701511,0.07132993103004992
3660,DI,1287,1980,20,21,1.606953555245059e-13,5.773159728050814e-15,0.08319794782437384
3661,WMI,1287,1980,20,21,1.628296191519204e-13,6.439293542825908e-15,0.010099394945427775
3662,ISM,1287,1980,20,21,14.105317478969743,0.09033343818701511,0.11763724801130593
3663,DI,1287,1980,20,22,1.606953555245059e-13,5.773159728050814e-15,0.07312076399102807
3664,WMI,1287,1980,20,22,1.628296191519204e-13,6.439293542825908e-15,0.006540948990732431
3665,ISM,1287,1980,20,22,14.105317478969743,0.09033343818701511,0.07043506507761776
3666,DI,1287,1980,20,23,1.606953555245059e-13,5.773159728050814e-15,0.08182018902152777
3667,WMI,1287,1980,20,23,1.628296191519204e-13,6.439293542825908e-15,0.009985066018998623
3668,ISM,1287,1980,20,23,14.105317478969743,0.09033343818701511,0.12451217090710998
3669,DI,1287,1980,20,24,1.606953555245059e-13,5.773159728050814e-15,0.07458803080953658
3670,WMI,1287,1980,20,24,1.628296191519204e-13,6.439293542825908e-15,0.006582668982446194
3671,ISM,1287,1980,20,24,14.105317478969743,0.09033343818701511,0.07701798295602202
3672,DI,1287,1980,20,25,1.606953555245059e-13,5.773159728050814e-15,0.08401851495727897
3673,WMI,1287,1980,20,25,1.628296191519204e-13,6.439293542825908e-15,0.01000420586206019
3674,ISM,1287,1980,20,25,14.105317478969743,0.09033343818701511,0.12484333594329655
3675,DI,1287,1980,20,26,1.606953555245059e-13,5.773159728050814e-15,0.07499128393828869
3676,WMI,1287,1980,20,26,1.628296191519204e-13,6.439293542825908e-15,0.006456121103838086
3677,ISM,1287,1980,20,26,14.105317478969743,0.09033343818701511,0.07273517013527453
3678,DI,1287,1980,20,27,1.606953555245059e-13,5.773159728050814e-15,0.08408531500026584
3679,WMI,1287,1980,20,27,1.628296191519204e-13,6.439293542825908e-15,0.010664785047993064
3680,ISM,1287,1980,20,27,14.105317478969743,0.09033343818701511,0.12816237495280802
3681,DI,1287,1980,20,28,1.606953555245059e-13,5.773159728050814e-15,0.07439198391512036
3682,WMI,1287,1980,20,28,1.628296191519204e-13,6.439293542825908e-15,0.006408051121979952
3683,ISM,1287,1980,20,28,14.105317478969743,0.09033343818701511,0.07312643295153975
3684,DI,1287,1980,20,29,1.606953555245059e-13,5.773159728050814e-15,0.08568438002839684
3685,WMI,1287,1980,20,29,1.628296191519204e-13,6.439293542825908e-15,0.010042024776339531
3686,ISM,1287,1980,20,29,14.105317478969743,0.09033343818701511,0.12648026109673083
3687,DI,1287,1980,20,30,1.606953555245059e-13,5.773159728050814e-15,0.07602900802157819
3688,WMI,1287,1980,20,30,1.628296191519204e-13,6.439293542825908e-15,0.006494170054793358
3689,ISM,1287,1980,20,30,14.105317478969743,0.09033343818701511,0.0743634351529181
3690,DI,1287,1980,20,31,1.606953555245059e-13,5.773159728050814e-15,0.08434287109412253
3691,WMI,1287,1980,20,31,1.628296191519204e-13,6.439293542825908e-15,0.010035735787823796
3692,ISM,1287,1980,20,31,14.105317478969743,0.09033343818701511,0.12470966810360551
3693,DI,1287,1980,20,32,1.606953555245059e-13,5.773159728050814e-15,0.07591436104848981
3694,WMI,1287,1980,20,32,1.628296191519204e-13,6.439293542825908e-15,0.006414180854335427
3695,ISM,1287,1980,20,32,14.105317478969743,0.09033343818701511,0.07415320817381144
3696,DI,1287,1980,20,33,1.606953555245059e-13,5.773159728050814e-15,0.08341809501871467
3697,WMI,1287,1980,20,33,1.628296191519204e-13,6.439293542825908e-15,0.010261332150548697
3698,ISM,1287,1980,20,33,14.105317478969743,0.09033343818701511,0.1230796140152961
3699,DI,1287,1980,20,34,1.606953555245059e-13,5.773159728050814e-15,0.07581268204376101
3700,WMI,1287,1980,20,34,1.628296191519204e-13,6.439293542825908e-15,0.0065848189406096935
3701,ISM,1287,1980,20,34,14.105317478969743,0.09033343818701511,0.07367911515757442
3702,DI,1287,1980,20,35,1.606953555245059e-13,5.773159728050814e-15,0.08322070795111358
3703,WMI,1287,1980,20,35,1.628296191519204e-13,6.439293542825908e-15,0.010316770989447832
3704,ISM,1287,1980,20,35,14.105317478969743,0.09033343818701511,0.12420491687953472
3705,DI,1287,1980,20,36,1.606953555245059e-13,5.773159728050814e-15,0.07579639204777777
3706,WMI,1287,1980,20,36,1.628296191519204e-13,6.439293542825908e-15,0.006427891086786985
3707,ISM,1287,1980,20,36,14.105317478969743,0.09033343818701511,0.07373123406432569
3708,DI,1287,1980,20,37,1.606953555245059e-13,5.773159728050814e-15,0.0828479640185833
3709,WMI,1287,1980,20,37,1.628296191519204e-13,6.439293542825908e-15,0.010043474845588207
3710,ISM,1287,1980,20,37,14.105317478969743,0.09033343818701511,0.12025223695673048
3711,DI,1287,1980,20,38,1.606953555245059e-13,5.773159728050814e-15,0.07529012020677328
3712,WMI,1287,1980,20,38,1.628296191519204e-13,6.439293542825908e-15,0.006430811015889049
3713,ISM,1287,1980,20,38,14.105317478969743,0.09033343818701511,0.07500537508167326
3714,DI,1287,1980,20,39,1.606953555245059e-13,5.773159728050814e-15,0.08251304808072746
3715,WMI,1287,1980,20,39,1.628296191519204e-13,6.439293542825908e-15,0.010551237035542727
3716,ISM,1287,1980,20,39,14.105317478969743,0.09033343818701511,0.11663333303295076
3717,DI,1287,1980,20,40,1.606953555245059e-13,5.773159728050814e-15,0.07353583700023592
3718,WMI,1287,1980,20,40,1.628296191519204e-13,6.439293542825908e-15,0.006674537900835276
3719,ISM,1287,1980,20,40,14.105317478969743,0.09033343818701511,0.07051473413594067
3720,DI,1287,1980,20,41,1.606953555245059e-13,5.773159728050814e-15,0.0847699239384383
3721,WMI,1287,1980,20,41,1.628296191519204e-13,6.439293542825908e-15,0.009954567067325115
3722,ISM,1287,1980,20,41,14.105317478969743,0.09033343818701511,0.11839359579607844
3723,DI,1287,1980,20,42,1.606953555245059e-13,5.773159728050814e-15,0.07442632294259965
3724,WMI,1287,1980,20,42,1.628296191519204e-13,6.439293542825908e-15,0.006653616903349757
3725,ISM,1287,1980,20,42,14.105317478969743,0.09033343818701511,0.07139425911009312
3726,DI,1287,1980,20,43,1.606953555245059e-13,5.773159728050814e-15,0.08456727699376643
3727,WMI,1287,1980,20,43,1.628296191519204e-13,6.439293542825908e-15,0.010281512048095465
3728,ISM,1287,1980,20,43,14.105317478969743,0.09033343818701511,0.12221619696356356
3729,DI,1287,1980,20,44,1.606953555245059e-13,5.773159728050814e-15,0.07543265796266496
3730,WMI,1287,1980,20,44,1.628296191519204e-13,6.439293542825908e-15,0.0066296979784965515
3731,ISM,1287,1980,20,44,14.105317478969743,0.09033343818701511,0.07290145591832697
3732,DI,1287,1980,20,45,1.606953555245059e-13,5.773159728050814e-15,0.08341222419403493
3733,WMI,1287,1980,20,45,1.628296191519204e-13,6.439293542825908e-15,0.009930446976795793
3734,ISM,1287,1980,20,45,14.105317478969743,0.09033343818701511,0.11755307903513312
3735,DI,1287,1980,20,46,1.606953555245059e-13,5.773159728050814e-15,0.0741329682059586
3736,WMI,1287,1980,20,46,1.628296191519204e-13,6.439293542825908e-15,0.006436110008507967
3737,ISM,1287,1980,20,46,14.105317478969743,0.09033343818701511,0.07170761586166918
3738,DI,1287,1980,20,47,1.606953555245059e-13,5.773159728050814e-15,0.08112760004587471
3739,WMI,1287,1980,20,47,1.628296191519204e-13,6.439293542825908e-15,0.010498497867956758
3740,ISM,1287,1980,20,47,14.105317478969743,0.09033343818701511,0.1184448548592627
3741,DI,1287,1980,20,48,1.606953555245059e-13,5.773159728050814e-15,0.07447908190079033
3742,WMI,1287,1980,20,48,1.628296191519204e-13,6.439293542825908e-15,0.006451331079006195
3743,ISM,1287,1980,20,48,14.105317478969743,0.09033343818701511,0.07069665100425482
3744,DI,1287,1980,20,49,1.606953555245059e-13,5.773159728050814e-15,0.08539993409067392
3745,WMI,1287,1980,20,49,1.628296191519204e-13,6.439293542825908e-15,0.009783169021829963
3746,ISM,1287,1980,20,49,14.105317478969743,0.09033343818701511,0.11828626692295074
3747,DI,1287,1980,20,50,1.606953555245059e-13,5.773159728050814e-15,0.07538441801443696
3748,WMI,1287,1980,20,50,1.628296191519204e-13,6.439293542825908e-15,0.006332183023914695
3749,ISM,1287,1980,20,50,14.105317478969743,0.09033343818701511,0.07102365605533123
3750,DI,1287,1980,20,51,1.606953555245059e-13,5.773159728050814e-15,0.0815086339134723
3751,WMI,1287,1980,20,51,1.628296191519204e-13,6.439293542825908e-15,0.00999908591620624
3752,ISM,1287,1980,20,51,14.105317478969743,0.09033343818701511,0.11850632401183248
3753,DI,1287,1980,20,52,1.606953555245059e-13,5.773159728050814e-15,0.07596832909621298
3754,WMI,1287,1980,20,52,1.628296191519204e-13,6.439293542825908e-15,0.006498110014945269
3755,ISM,1287,1980,20,52,14.105317478969743,0.09033343818701511,0.07391604105941951
3756,DI,1287,1980,20,53,1.606953555245059e-13,5.773159728050814e-15,0.08242735988460481
3757,WMI,1287,1980,20,53,1.628296191519204e-13,6.439293542825908e-15,0.01034469110891223
3758,ISM,1287,1980,20,53,14.105317478969743,0.09033343818701511,0.1267154780216515
3759,DI,1287,1980,20,54,1.606953555245059e-13,5.773159728050814e-15,0.07721557980403304
3760,WMI,1287,1980,20,54,1.628296191519204e-13,6.439293542825908e-15,0.006264343159273267
3761,ISM,1287,1980,20,54,14.105317478969743,0.09033343818701511,0.0747456478420645
3762,DI,1287,1980,20,55,1.606953555245059e-13,5.773159728050814e-15,0.08242049999535084
3763,WMI,1287,1980,20,55,1.628296191519204e-13,6.439293542825908e-15,0.010159242898225784
3764,ISM,1287,1980,20,55,14.105317478969743,0.09033343818701511,0.11779522500000894
3765,DI,1287,1980,20,56,1.606953555245059e-13,5.773159728050814e-15,0.07434333395212889
3766,WMI,1287,1980,20,56,1.628296191519204e-13,6.439293542825908e-15,0.006468690000474453
3767,ISM,1287,1980,20,56,14.105317478969743,0.09033343818701511,0.0717382738366723
3768,DI,1287,1980,20,57,1.606953555245059e-13,5.773159728050814e-15,0.08179004001431167
3769,WMI,1287,1980,20,57,1.628296191519204e-13,6.439293542825908e-15,0.010115864919498563
3770,ISM,1287,1980,20,57,14.105317478969743,0.09033343818701511,0.11670067184604704
3771,DI,1287,1980,20,58,1.606953555245059e-13,5.773159728050814e-15,0.07437066384591162
3772,WMI,1287,1980,20,58,1.628296191519204e-13,6.439293542825908e-15,0.006505999946966767
3773,ISM,1287,1980,20,58,14.105317478969743,0.09033343818701511,0.07462510117329657
3774,DI,1287,1980,20,59,1.606953555245059e-13,5.773159728050814e-15,0.08114052889868617
3775,WMI,1287,1980,20,59,1.628296191519204e-13,6.439293542825908e-15,0.010148403001949191
3776,ISM,1287,1980,20,59,14.105317478969743,0.09033343818701511,0.11775664589367807
3777,DI,1287,1980,20,60,1.606953555245059e-13,5.773159728050814e-15,0.07501789391972125
3778,WMI,1287,1980,20,60,1.628296191519204e-13,6.439293542825908e-15,0.0064603909850120544
3779,ISM,1287,1980,20,60,14.105317478969743,0.09033343818701511,0.07150512794032693
3780,DI,1287,1980,20,61,1.606953555245059e-13,5.773159728050814e-15,0.08301703096367419
3781,WMI,1287,1980,20,61,1.628296191519204e-13,6.439293542825908e-15,0.010319231078028679
3782,ISM,1287,1980,20,61,14.105317478969743,0.09033343818701511,0.12530109914951026
3783,DI,1287,1980,20,62,1.606953555245059e-13,5.773159728050814e-15,0.07573028397746384
3784,WMI,1287,1980,20,62,1.628296191519204e-13,6.439293542825908e-15,0.00654883892275393
3785,ISM,1287,1980,20,62,14.105317478969743,0.09033343818701511,0.0719198021106422
3786,DI,1287,1980,20,63,1.606953555245059e-13,5.773159728050814e-15,0.08461942709982395
3787,WMI,1287,1980,20,63,1.628296191519204e-13,6.439293542825908e-15,0.009764919988811016
3788,ISM,1287,1980,20,63,14.105317478969743,0.09033343818701511,0.11736649088561535
3789,DI,1287,1980,20,64,1.606953555245059e-13,5.773159728050814e-15,0.07392003084532917
3790,WMI,1287,1980,20,64,1.628296191519204e-13,6.439293542825908e-15,0.006445521023124456
3791,ISM,1287,1980,20,64,14.105317478969743,0.09033343818701511,0.07110996404662728
3792,DI,1287,1980,20,65,1.606953555245059e-13,5.773159728050814e-15,0.08312183991074562
3793,WMI,1287,1980,20,65,1.628296191519204e-13,6.439293542825908e-15,0.010155644034966826
3794,ISM,1287,1980,20,65,14.105317478969743,0.09033343818701511,0.11681658122688532
3795,DI,1287,1980,20,66,1.606953555245059e-13,5.773159728050814e-15,0.07312679314054549
3796,WMI,1287,1980,20,66,1.628296191519204e-13,6.439293542825908e-15,0.0066586879547685385
3797,ISM,1287,1980,20,66,14.105317478969743,0.09033343818701511,0.07324605202302337
3798,DI,1287,1980,20,67,1.606953555245059e-13,5.773159728050814e-15,0.08187628909945488
3799,WMI,1287,1980,20,67,1.628296191519204e-13,6.439293542825908e-15,0.010000606067478657
3800,ISM,1287,1980,20,67,14.105317478969743,0.09033343818701511,0.11730507295578718
3801,DI,1287,1980,20,68,1.606953555245059e-13,5.773159728050814e-15,0.07284287782385945
3802,WMI,1287,1980,20,68,1.628296191519204e-13,6.439293542825908e-15,0.006387741072103381
3803,ISM,1287,1980,20,68,14.105317478969743,0.09033343818701511,0.0715131878387183
3804,DI,1287,1980,20,69,1.606953555245059e-13,5.773159728050814e-15,0.08224973292089999
3805,WMI,1287,1980,20,69,1.628296191519204e-13,6.439293542825908e-15,0.010661456035450101
3806,ISM,1287,1980,20,69,14.105317478969743,0.09033343818701511,0.12484892713837326
3807,DI,1287,1980,20,70,1.606953555245059e-13,5.773159728050814e-15,0.07558847614564002
3808,WMI,1287,1980,20,70,1.628296191519204e-13,6.439293542825908e-15,0.006481510121375322
3809,ISM,1287,1980,20,70,14.105317478969743,0.09033343818701511,0.07431468483991921
3810,DI,1287,1980,20,71,1.606953555245059e-13,5.773159728050814e-15,0.08334369584918022
3811,WMI,1287,1980,20,71,1.628296191519204e-13,6.439293542825908e-15,0.01041001989506185
3812,ISM,1287,1980,20,71,14.105317478969743,0.09033343818701511,0.12455059099011123
3813,DI,1287,1980,20,72,1.606953555245059e-13,5.773159728050814e-15,0.07599541894160211
3814,WMI,1287,1980,20,72,1.628296191519204e-13,6.439293542825908e-15,0.006400301121175289
3815,ISM,1287,1980,20,72,14.105317478969743,0.09033343818701511,0.07492910488508642
3816,DI,1287,1980,20,73,1.606953555245059e-13,5.773159728050814e-15,0.0845491869840771
3817,WMI,1287,1980,20,73,1.628296191519204e-13,6.439293542825908e-15,0.01012414414435625
3818,ISM,1287,1980,20,73,14.105317478969743,0.09033343818701511,0.1253895980771631
3819,DI,1287,1980,20,74,1.606953555245059e-13,5.773159728050814e-15,0.07503297296352684
3820,WMI,1287,1980,20,74,1.628296191519204e-13,6.439293542825908e-15,0.006544879171997309
3821,ISM,1287,1980,20,74,14.105317478969743,0.09033343818701511,0.07207998912781477
3822,DI,1287,1980,20,75,1.606953555245059e-13,5.773159728050814e-15,0.0840650349855423
3823,WMI,1287,1980,20,75,1.628296191519204e-13,6.439293542825908e-15,0.011082758894190192
3824,ISM,1287,1980,20,75,14.105317478969743,0.09033343818701511,0.12220077705569565
3825,DI,1287,1980,20,76,1.606953555245059e-13,5.773159728050814e-15,0.07533075893297791
3826,WMI,1287,1980,20,76,1.628296191519204e-13,6.439293542825908e-15,0.006602568086236715
3827,ISM,1287,1980,20,76,14.105317478969743,0.09033343818701511,0.07538618799299002
3828,DI,1287,1980,20,77,1.606953555245059e-13,5.773159728050814e-15,0.0840413449332118
3829,WMI,1287,1980,20,77,1.628296191519204e-13,6.439293542825908e-15,0.010304140858352184
3830,ISM,1287,1980,20,77,14.105317478969743,0.09033343818701511,0.12469655903987586
3831,DI,1287,1980,20,78,1.606953555245059e-13,5.773159728050814e-15,0.07749334583058953
3832,WMI,1287,1980,20,78,1.628296191519204e-13,6.439293542825908e-15,0.006639556959271431
3833,ISM,1287,1980,20,78,14.105317478969743,0.09033343818701511,0.07585860090330243
3834,DI,1287,1980,20,79,1.606953555245059e-13,5.773159728050814e-15,0.08329141605645418
3835,WMI,1287,1980,20,79,1.628296191519204e-13,6.439293542825908e-15,0.010306220967322588
3836,ISM,1287,1980,20,79,14.105317478969743,0.09033343818701511,0.12586465990170836
3837,DI,1287,1980,20,80,1.606953555245059e-13,5.773159728050814e-15,0.0755956161301583
3838,WMI,1287,1980,20,80,1.628296191519204e-13,6.439293542825908e-15,0.006637937156483531
3839,ISM,1287,1980,20,80,14.105317478969743,0.09033343818701511,0.07229748601093888
3840,DI,1287,1980,20,81,1.606953555245059e-13,5.773159728050814e-15,0.083730380050838
3841,WMI,1287,1980,20,81,1.628296191519204e-13,6.439293542825908e-15,0.01021925313398242
3842,ISM,1287,1980,20,81,14.105317478969743,0.09033343818701511,0.12436588387936354
3843,DI,1287,1980,20,82,1.606953555245059e-13,5.773159728050814e-15,0.0751598619390279
3844,WMI,1287,1980,20,82,1.628296191519204e-13,6.439293542825908e-15,0.006478340132161975
3845,ISM,1287,1980,20,82,14.105317478969743,0.09033343818701511,0.0747671879362315
3846,DI,1287,1980,20,83,1.606953555245059e-13,5.773159728050814e-15,0.08289670292288065
3847,WMI,1287,1980,20,83,1.628296191519204e-13,6.439293542825908e-15,0.010419689118862152
3848,ISM,1287,1980,20,83,14.105317478969743,0.09033343818701511,0.12513350206427276
3849,DI,1287,1980,20,84,1.606953555245059e-13,5.773159728050814e-15,0.07576624304056168
3850,WMI,1287,1980,20,84,1.628296191519204e-13,6.439293542825908e-15,0.006502259988337755
3851,ISM,1287,1980,20,84,14.105317478969743,0.09033343818701511,0.07427656603977084
3852,DI,1287,1980,20,85,1.606953555245059e-13,5.773159728050814e-15,0.08512825891375542
3853,WMI,1287,1980,20,85,1.628296191519204e-13,6.439293542825908e-15,0.010176233015954494
3854,ISM,1287,1980,20,85,14.105317478969743,0.09033343818701511,0.1252976090181619
3855,DI,1287,1980,20,86,1.606953555245059e-13,5.773159728050814e-15,0.07588117010891438
3856,WMI,1287,1980,20,86,1.628296191519204e-13,6.439293542825908e-15,0.00659940904006362
3857,ISM,1287,1980,20,86,14.105317478969743,0.09033343818701511,0.07417743699625134
3858,DI,1287,1980,20,87,1.606953555245059e-13,5.773159728050814e-15,0.08343519386835396
3859,WMI,1287,1980,20,87,1.628296191519204e-13,6.439293542825908e-15,0.01014620391651988
3860,ISM,1287,1980,20,87,14.105317478969743,0.09033343818701511,0.13503736909478903
3861,DI,1287,1980,20,88,1.606953555245059e-13,5.773159728050814e-15,0.07668092916719615
3862,WMI,1287,1980,20,88,1.628296191519204e-13,6.439293542825908e-15,0.006424451945349574
3863,ISM,1287,1980,20,88,14.105317478969743,0.09033343818701511,0.06987399305216968
3864,DI,1287,1980,20,89,1.606953555245059e-13,5.773159728050814e-15,0.08195476699620485
3865,WMI,1287,1980,20,89,1.628296191519204e-13,6.439293542825908e-15,0.010082254186272621
3866,ISM,1287,1980,20,89,14.105317478969743,0.09033343818701511,0.11935428087599576
3867,DI,1287,1980,20,90,1.606953555245059e-13,5.773159728050814e-15,0.07616207585670054
3868,WMI,1287,1980,20,90,1.628296191519204e-13,6.439293542825908e-15,0.006359233055263758
3869,ISM,1287,1980,20,90,14.105317478969743,0.09033343818701511,0.07169228489510715
3870,DI,1287,1980,20,91,1.606953555245059e-13,5.773159728050814e-15,0.08289449289441109
3871,WMI,1287,1980,20,91,1.628296191519204e-13,6.439293542825908e-15,0.010166632942855358
3872,ISM,1287,1980,20,91,14.105317478969743,0.09033343818701511,0.12467210995964706
3873,DI,1287,1980,20,92,1.606953555245059e-13,5.773159728050814e-15,0.0731112640351057
3874,WMI,1287,1980,20,92,1.628296191519204e-13,6.439293542825908e-15,0.006421681959182024
3875,ISM,1287,1980,20,92,14.105317478969743,0.09033343818701511,0.07127169193699956
3876,DI,1287,1980,20,93,1.606953555245059e-13,5.773159728050814e-15,0.08111795014701784
3877,WMI,1287,1980,20,93,1.628296191519204e-13,6.439293542825908e-15,0.01037319004535675
3878,ISM,1287,1980,20,93,14.105317478969743,0.09033343818701511,0.1189802058506757
3879,DI,1287,1980,20,94,1.606953555245059e-13,5.773159728050814e-15,0.07327708089724183
3880,WMI,1287,1980,20,94,1.628296191519204e-13,6.439293542825908e-15,0.006610318087041378
3881,ISM,1287,1980,20,94,14.105317478969743,0.09033343818701511,0.07528050988912582
3882,DI,1287,1980,20,95,1.606953555245059e-13,5.773159728050814e-15,0.08417634293437004
3883,WMI,1287,1980,20,95,1.628296191519204e-13,6.439293542825908e-15,0.010252722073346376
3884,ISM,1287,1980,20,95,14.105317478969743,0.09033343818701511,0.1261259070597589
3885,DI,1287,1980,20,96,1.606953555245059e-13,5.773159728050814e-15,0.07579343183897436
3886,WMI,1287,1980,20,96,1.628296191519204e-13,6.439293542825908e-15,0.006923773093149066
3887,ISM,1287,1980,20,96,14.105317478969743,0.09033343818701511,0.07509942399337888
3888,DI,1287,1980,20,97,1.606953555245059e-13,5.773159728050814e-15,0.08434368995949626
3889,WMI,1287,1980,20,97,1.628296191519204e-13,6.439293542825908e-15,0.0100493049249053
3890,ISM,1287,1980,20,97,14.105317478969743,0.09033343818701511,0.1276056538335979
3891,DI,1287,1980,20,98,1.606953555245059e-13,5.773159728050814e-15,0.07661691005341709
3892,WMI,1287,1980,20,98,1.628296191519204e-13,6.439293542825908e-15,0.006807995028793812
3893,ISM,1287,1980,20,98,14.105317478969743,0.09033343818701511,0.07373183406889439
3894,DI,1287,1980,20,99,1.606953555245059e-13,5.773159728050814e-15,0.08569493982940912
3895,WMI,1287,1980,20,99,1.628296191519204e-13,6.439293542825908e-15,0.010077874874696136
3896,ISM,1287,1980,20,99,14.105317478969743,0.09033343818701511,0.11913198395632207
3897,DI,1287,1980,20,100,1.606953555245059e-13,5.773159728050814e-15,0.07432003505527973
3898,WMI,1287,1980,20,100,1.628296191519204e-13,6.439293542825908e-15,0.006787795107811689
3899,ISM,1287,1980,20,100,14.105317478969743,0.09033343818701511,0.07341905799694359
3900,DI,1287,1980,20,101,1.606953555245059e-13,5.773159728050814e-15,0.08248891890980303
3901,WMI,1287,1980,20,101,1.628296191519204e-13,6.439293542825908e-15,0.010181262856349349
3902,ISM,1287,1980,20,101,14.105317478969743,0.09033343818701511,0.11942855990491807
3903,DI,1287,1980,20,102,1.606953555245059e-13,5.773159728050814e-15,0.07515731197781861
3904,WMI,1287,1980,20,102,1.628296191519204e-13,6.439293542825908e-15,0.006449430016800761
3905,ISM,1287,1980,20,102,14.105317478969743,0.09033343818701511,0.07304528402164578
3906,DI,1287,1980,20,103,1.606953555245059e-13,5.773159728050814e-15,0.0818459689617157
3907,WMI,1287,1980,20,103,1.628296191519204e-13,6.439293542825908e-15,0.009823378873988986
3908,ISM,1287,1980,20,103,14.105317478969743,0.09033343818701511,0.11860316200181842
3909,DI,1287,1980,20,104,1.606953555245059e-13,5.773159728050814e-15,0.07478729798458517
3910,WMI,1287,1980,20,104,1.628296191519204e-13,6.439293542825908e-15,0.006671536946669221
3911,ISM,1287,1980,20,104,14.105317478969743,0.09033343818701511,0.07683786610141397
3912,DI,1287,1980,20,105,1.606953555245059e-13,5.773159728050814e-15,0.08361986186355352
3913,WMI,1287,1980,20,105,1.628296191519204e-13,6.439293542825908e-15,0.010288310935720801
3914,ISM,1287,1980,20,105,14.105317478969743,0.09033343818701511,0.12481392710469663
3915,DI,1287,1980,20,106,1.606953555245059e-13,5.773159728050814e-15,0.07763625285588205
3916,WMI,1287,1980,20,106,1.628296191519204e-13,6.439293542825908e-15,0.006678696954622865
3917,ISM,1287,1980,20,106,14.105317478969743,0.09033343818701511,0.07490879599936306
3918,DI,1287,1980,20,107,1.606953555245059e-13,5.773159728050814e-15,0.0835953219793737
3919,WMI,1287,1980,20,107,1.628296191519204e-13,6.439293542825908e-15,0.010662805987522006
3920,ISM,1287,1980,20,107,14.105317478969743,0.09033343818701511,0.12499914388172328
3921,DI,1287,1980,20,108,1.606953555245059e-13,5.773159728050814e-15,0.07813221612013876
3922,WMI,1287,1980,20,108,1.628296191519204e-13,6.439293542825908e-15,0.006469490006566048
3923,ISM,1287,1980,20,108,14.105317478969743,0.09033343818701511,0.0740928491577506
3924,DI,1287,1980,20,109,1.606953555245059e-13,5.773159728050814e-15,0.08335964591242373
3925,WMI,1287,1980,20,109,1.628296191519204e-13,6.439293542825908e-15,0.010261530987918377
3926,ISM,1287,1980,20,109,14.105317478969743,0.09033343818701511,0.1257220229599625
3927,DI,1287,1980,20,110,1.606953555245059e-13,5.773159728050814e-15,0.07685038587078452
3928,WMI,1287,1980,20,110,1.628296191519204e-13,6.439293542825908e-15,0.006548329023644328
3929,ISM,1287,1980,20,110,14.105317478969743,0.09033343818701511,0.07282520784065127
3930,DI,1287,1980,20,111,1.606953555245059e-13,5.773159728050814e-15,0.08523918711580336
3931,WMI,1287,1980,20,111,1.628296191519204e-13,6.439293542825908e-15,0.010080214124172926
3932,ISM,1287,1980,20,111,14.105317478969743,0.09033343818701511,0.12737612682394683
3933,DI,1287,1980,20,112,1.606953555245059e-13,5.773159728050814e-15,0.07581427181139588
3934,WMI,1287,1980,20,112,1.628296191519204e-13,6.439293542825908e-15,0.006499879062175751
3935,ISM,1287,1980,20,112,14.105317478969743,0.09033343818701511,0.07291066693142056
3936,DI,1287,1980,20,113,1.606953555245059e-13,5.773159728050814e-15,0.08440232905559242
3937,WMI,1287,1980,20,113,1.628296191519204e-13,6.439293542825908e-15,0.010179152945056558
3938,ISM,1287,1980,20,113,14.105317478969743,0.09033343818701511,0.12435827380977571
3939,DI,1287,1980,20,114,1.606953555245059e-13,5.773159728050814e-15,0.07606537803076208
3940,WMI,1287,1980,20,114,1.628296191519204e-13,6.439293542825908e-15,0.006575759034603834
3941,ISM,1287,1980,20,114,14.105317478969743,0.09033343818701511,0.07473786920309067
3942,DI,1287,1980,20,115,1.606953555245059e-13,5.773159728050814e-15,0.08451398788020015
3943,WMI,1287,1980,20,115,1.628296191519204e-13,6.439293542825908e-15,0.01039810013025999
3944,ISM,1287,1980,20,115,14.105317478969743,0.09033343818701511,0.12633175286464393
3945,DI,1287,1980,20,116,1.606953555245059e-13,5.773159728050814e-15,0.07623808598145843
3946,WMI,1287,1980,20,116,1.628296191519204e-13,6.439293542825908e-15,0.006564497947692871
3947,ISM,1287,1980,20,116,14.105317478969743,0.09033343818701511,0.07280851807445288
3948,DI,1287,1980,20,117,1.606953555245059e-13,5.773159728050814e-15,0.0832525270525366
3949,WMI,1287,1980,20,117,1.628296191519204e-13,6.439293542825908e-15,0.010186712956055999
3950,ISM,1287,1980,20,117,14.105317478969743,0.09033343818701511,0.12800974701531231
3951,DI,1287,1980,20,118,1.606953555245059e-13,5.773159728050814e-15,0.07575816311873496
3952,WMI,1287,1980,20,118,1.628296191519204e-13,6.439293542825908e-15,0.006528449943289161
3953,ISM,1287,1980,20,118,14.105317478969743,0.09033343818701511,0.07406530785374343
3954,DI,1287,1980,20,119,1.606953555245059e-13,5.773159728050814e-15,0.08280334388837218
3955,WMI,1287,1980,20,119,1.628296191519204e-13,6.439293542825908e-15,0.010280471062287688
3956,ISM,1287,1980,20,119,14.105317478969743,0.09033343818701511,0.12604816793464124
3957,DI,1287,1980,20,120,1.606953555245059e-13,5.773159728050814e-15,0.07521864119917154
3958,WMI,1287,1980,20,120,1.628296191519204e-13,6.439293542825908e-15,0.0066423669923096895
3959,ISM,1287,1980,20,120,14.105317478969743,0.09033343818701511,0.0736887650564313
3960,DI,1287,1980,20,121,1.606953555245059e-13,5.773159728050814e-15,0.08479116414673626
3961,WMI,1287,1980,20,121,1.628296191519204e-13,6.439293542825908e-15,0.010745103936642408
3962,ISM,1287,1980,20,121,14.105317478969743,0.09033343818701511,0.12647198094055057
3963,DI,1287,1980,20,122,1.606953555245059e-13,5.773159728050814e-15,0.0756616941653192
3964,WMI,1287,1980,20,122,1.628296191519204e-13,6.439293542825908e-15,0.006438840879127383
3965,ISM,1287,1980,20,122,14.105317478969743,0.09033343818701511,0.07235699496231973
3966,DI,1287,1980,20,123,1.606953555245059e-13,5.773159728050814e-15,0.08489610208198428
3967,WMI,1287,1980,20,123,1.628296191519204e-13,6.439293542825908e-15,0.010170803871005774
3968,ISM,1287,1980,20,123,14.105317478969743,0.09033343818701511,0.12581335194408894
3969,DI,1287,1980,20,124,1.606953555245059e-13,5.773159728050814e-15,0.07604753808118403
3970,WMI,1287,1980,20,124,1.628296191519204e-13,6.439293542825908e-15,0.0066099080722779036
3971,ISM,1287,1980,20,124,14.105317478969743,0.09033343818701511,0.07270719995722175
3972,DI,1287,1980,20,125,1.606953555245059e-13,5.773159728050814e-15,0.08349986304529011
3973,WMI,1287,1980,20,125,1.628296191519204e-13,6.439293542825908e-15,0.010373820085078478
3974,ISM,1287,1980,20,125,14.105317478969743,0.09033343818701511,0.12438417295925319
3975,DI,1287,1980,20,126,1.606953555245059e-13,5.773159728050814e-15,0.08411769289523363
3976,WMI,1287,1980,20,126,1.628296191519204e-13,6.439293542825908e-15,0.006606098031625152
3977,ISM,1287,1980,20,126,14.105317478969743,0.09033343818701511,0.07399386004544795
3978,DI,1287,1980,20,127,1.606953555245059e-13,5.773159728050814e-15,0.08436040999367833
3979,WMI,1287,1980,20,127,1.628296191519204e-13,6.439293542825908e-15,0.010155872907489538
3980,ISM,1287,1980,20,127,14.105317478969743,0.09033343818701511,0.1270789320115
3981,DI,1287,1980,20,128,1.606953555245059e-13,5.773159728050814e-15,0.07636530906893313
3982,WMI,1287,1980,20,128,1.628296191519204e-13,6.439293542825908e-15,0.006801704876124859
3983,ISM,1287,1980,20,128,14.105317478969743,0.09033343818701511,0.07472617086023092
3984,DI,1287,1980,20,129,1.606953555245059e-13,5.773159728050814e-15,0.08468631701543927
3985,WMI,1287,1980,20,129,1.628296191519204e-13,6.439293542825908e-15,0.01008146395906806
3986,ISM,1287,1980,20,129,14.105317478969743,0.09033343818701511,0.12593812705017626
3987,DI,1287,1980,20,130,1.606953555245059e-13,5.773159728050814e-15,0.07546714995987713
3988,WMI,1287,1980,20,130,1.628296191519204e-13,6.439293542825908e-15,0.006439730059355497
3989,ISM,1287,1980,20,130,14.105317478969743,0.09033343818701511,0.07380502601154149
3990,DI,1287,1980,20,131,1.606953555245059e-13,5.773159728050814e-15,0.08342060609720647
3991,WMI,1287,1980,20,131,1.628296191519204e-13,6.439293542825908e-15,0.010481458157300949
3992,ISM,1287,1980,20,131,14.105317478969743,0.09033343818701511,0.12572555989027023
3993,DI,1287,1980,20,132,1.606953555245059e-13,5.773159728050814e-15,0.07492359797470272
3994,WMI,1287,1980,20,132,1.628296191519204e-13,6.439293542825908e-15,0.006645706947892904
3995,ISM,1287,1980,20,132,14.105317478969743,0.09033343818701511,0.07632846711203456
3996,DI,1287,1980,20,133,1.606953555245059e-13,5.773159728050814e-15,0.08481061505153775
3997,WMI,1287,1980,20,133,1.628296191519204e-13,6.439293542825908e-15,0.01015370199456811
3998,ISM,1287,1980,20,133,14.105317478969743,0.09033343818701511,0.12659730785526335
3999,DI,1287,1980,20,134,1.606953555245059e-13,5.773159728050814e-15,0.0760333021171391
4000,WMI,1287,1980,20,134,1.628296191519204e-13,6.439293542825908e-15,0.006458419840782881
4001,ISM,1287,1980,20,134,14.105317478969743,0.09033343818701511,0.07382636494003236
4002,DI,1287,1980,20,135,1.606953555245059e-13,5.773159728050814e-15,0.08650437905453146
4003,WMI,1287,1980,20,135,1.628296191519204e-13,6.439293542825908e-15,0.012383688008412719
4004,ISM,1287,1980,20,135,14.105317478969743,0.09033343818701511,0.1283224301878363
4005,DI,1287,1980,20,136,1.606953555245059e-13,5.773159728050814e-15,0.0753267421387136
4006,WMI,1287,1980,20,136,1.628296191519204e-13,6.439293542825908e-15,0.006631436990574002
4007,ISM,1287,1980,20,136,14.105317478969743,0.09033343818701511,0.07389058405533433
4008,DI,1287,1980,20,137,1.606953555245059e-13,5.773159728050814e-15,0.0827907370403409
4009,WMI,1287,1980,20,137,1.628296191519204e-13,6.439293542825908e-15,0.010423579020425677
4010,ISM,1287,1980,20,137,14.105317478969743,0.09033343818701511,0.13008686318062246
4011,DI,1287,1980,20,138,1.606953555245059e-13,5.773159728050814e-15,0.07555057806894183
4012,WMI,1287,1980,20,138,1.628296191519204e-13,6.439293542825908e-15,0.006886322982609272
4013,ISM,1287,1980,20,138,14.105317478969743,0.09033343818701511,0.07553507899865508
4014,DI,1287,1980,20,139,1.606953555245059e-13,5.773159728050814e-15,0.08492430299520493
4015,WMI,1287,1980,20,139,1.628296191519204e-13,6.439293542825908e-15,0.010341878980398178
4016,ISM,1287,1980,20,139,14.105317478969743,0.09033343818701511,0.12873129406943917
4017,DI,1287,1980,20,140,1.606953555245059e-13,5.773159728050814e-15,0.07532343198545277
4018,WMI,1287,1980,20,140,1.628296191519204e-13,6.439293542825908e-15,0.006568337790668011
4019,ISM,1287,1980,20,140,14.105317478969743,0.09033343818701511,0.07620244915597141
4020,DI,1287,1980,20,141,1.606953555245059e-13,5.773159728050814e-15,0.0844437899067998
4021,WMI,1287,1980,20,141,1.628296191519204e-13,6.439293542825908e-15,0.01019491208717227
4022,ISM,1287,1980,20,141,14.105317478969743,0.09033343818701511,0.1276271401438862
4023,DI,1287,1980,20,142,1.606953555245059e-13,5.773159728050814e-15,0.07559601799584925
4024,WMI,1287,1980,20,142,1.628296191519204e-13,6.439293542825908e-15,0.006446100072935224
4025,ISM,1287,1980,20,142,14.105317478969743,0.09033343818701511,0.07595009193755686
4026,DI,1287,1980,20,143,1.606953555245059e-13,5.773159728050814e-15,0.084488479886204
4027,WMI,1287,1980,20,143,1.628296191519204e-13,6.439293542825908e-15,0.010444307932630181
4028,ISM,1287,1980,20,143,14.105317478969743,0.09033343818701511,0.12768588005565107
4029,DI,1287,1980,20,144,1.606953555245059e-13,5.773159728050814e-15,0.07734504994004965
4030,WMI,1287,1980,20,144,1.628296191519204e-13,6.439293542825908e-15,0.006540009053424001
4031,ISM,1287,1980,20,144,14.105317478969743,0.09033343818701511,0.07483168900944293
4032,DI,1287,1980,20,145,1.606953555245059e-13,5.773159728050814e-15,0.09129182412289083
4033,WMI,1287,1980,20,145,1.628296191519204e-13,6.439293542825908e-15,0.010337990010157228
4034,ISM,1287,1980,20,145,14.105317478969743,0.09033343818701511,0.1276871699374169
4035,DI,1287,1980,20,146,1.606953555245059e-13,5.773159728050814e-15,0.07501394604332745
4036,WMI,1287,1980,20,146,1.628296191519204e-13,6.439293542825908e-15,0.006707366090267897
4037,ISM,1287,1980,20,146,14.105317478969743,0.09033343818701511,0.07571536605246365
4038,DI,1287,1980,20,147,1.606953555245059e-13,5.773159728050814e-15,0.08335229801014066
4039,WMI,1287,1980,20,147,1.628296191519204e-13,6.439293542825908e-15,0.010206121020019054
4040,ISM,1287,1980,20,147,14.105317478969743,0.09033343818701511,0.12678666412830353
4041,DI,1287,1980,20,148,1.606953555245059e-13,5.773159728050814e-15,0.07572529511526227
4042,WMI,1287,1980,20,148,1.628296191519204e-13,6.439293542825908e-15,0.006454589776694775
4043,ISM,1287,1980,20,148,14.105317478969743,0.09033343818701511,0.07438203599303961
4044,DI,1287,1980,20,149,1.606953555245059e-13,5.773159728050814e-15,0.08334032795391977
4045,WMI,1287,1980,20,149,1.628296191519204e-13,6.439293542825908e-15,0.010460017947480083
4046,ISM,1287,1980,20,149,14.105317478969743,0.09033343818701511,0.12502885097637773
4047,DI,1287,1980,20,150,1.606953555245059e-13,5.773159728050814e-15,0.07587593304924667
4048,WMI,1287,1980,20,150,1.628296191519204e-13,6.439293542825908e-15,0.00656739785335958
4049,ISM,1287,1980,20,150,14.105317478969743,0.09033343818701511,0.07405943097546697
4050,DI,1287,1980,20,151,1.606953555245059e-13,5.773159728050814e-15,0.08467024704441428
4051,WMI,1287,1980,20,151,1.628296191519204e-13,6.439293542825908e-15,0.012560775969177485
4052,ISM,1287,1980,20,151,14.105317478969743,0.09033343818701511,0.13251818506978452
4053,DI,1287,1980,20,152,1.606953555245059e-13,5.773159728050814e-15,0.0788674671202898
4054,WMI,1287,1980,20,152,1.628296191519204e-13,6.439293542825908e-15,0.006465130019932985
4055,ISM,1287,1980,20,152,14.105317478969743,0.09033343818701511,0.07352709001861513
4056,DI,1287,1980,20,153,1.606953555245059e-13,5.773159728050814e-15,0.08452608902007341
4057,WMI,1287,1980,20,153,1.628296191519204e-13,6.439293542825908e-15,0.010265501216053963
4058,ISM,1287,1980,20,153,14.105317478969743,0.09033343818701511,0.1264717080630362
4059,DI,1287,1980,20,154,1.606953555245059e-13,5.773159728050814e-15,0.07501593604683876
4060,WMI,1287,1980,20,154,1.628296191519204e-13,6.439293542825908e-15,0.0064405109733343124
4061,ISM,1287,1980,20,154,14.105317478969743,0.09033343818701511,0.07572067598812282
4062,DI,1287,1980,20,155,1.606953555245059e-13,5.773159728050814e-15,0.09025464090518653
4063,WMI,1287,1980,20,155,1.628296191519204e-13,6.439293542825908e-15,0.010780322831124067
4064,ISM,1287,1980,20,155,14.105317478969743,0.09033343818701511,0.12668233597651124
4065,DI,1287,1980,20,156,1.606953555245059e-13,5.773159728050814e-15,0.07702105608768761
4066,WMI,1287,1980,20,156,1.628296191519204e-13,6.439293542825908e-15,0.0067973139230161905
4067,ISM,1287,1980,20,156,14.105317478969743,0.09033343818701511,0.0763002261519432
4068,DI,1287,1980,20,157,1.606953555245059e-13,5.773159728050814e-15,0.08970243902876973
4069,WMI,1287,1980,20,157,1.628296191519204e-13,6.439293542825908e-15,0.01060304488055408
4070,ISM,1287,1980,20,157,14.105317478969743,0.09033343818701511,0.12734076497144997
4071,DI,1287,1980,20,158,1.606953555245059e-13,5.773159728050814e-15,0.0767010310664773
4072,WMI,1287,1980,20,158,1.628296191519204e-13,6.439293542825908e-15,0.006794294808059931
4073,ISM,1287,1980,20,158,14.105317478969743,0.09033343818701511,0.07461435301229358
4074,DI,1287,1980,20,159,1.606953555245059e-13,5.773159728050814e-15,0.08759634103626013
4075,WMI,1287,1980,20,159,1.628296191519204e-13,6.439293542825908e-15,0.023875540122389793
4076,ISM,1287,1980,20,159,14.105317478969743,0.09033343818701511,0.2618895689956844
4077,DI,1287,1980,20,160,1.606953555245059e-13,5.773159728050814e-15,0.16113848006352782
4078,WMI,1287,1980,20,160,1.628296191519204e-13,6.439293542825908e-15,0.024899173993617296
4079,ISM,1287,1980,20,160,14.105317478969743,0.09033343818701511,0.07427582796663046
4080,DI,1287,1980,20,161,1.606953555245059e-13,5.773159728050814e-15,0.08715436817146838
4081,WMI,1287,1980,20,161,1.628296191519204e-13,6.439293542825908e-15,0.010389619041234255
4082,ISM,1287,1980,20,161,14.105317478969743,0.09033343818701511,0.12816589185968041
4083,DI,1287,1980,20,162,1.606953555245059e-13,5.773159728050814e-15,0.08014917699620128
4084,WMI,1287,1980,20,162,1.628296191519204e-13,6.439293542825908e-15,0.007891338085755706
4085,ISM,1287,1980,20,162,14.105317478969743,0.09033343818701511,0.07643375382758677
4086,DI,1287,1980,20,163,1.606953555245059e-13,5.773159728050814e-15,0.08479511504992843
4087,WMI,1287,1980,20,163,1.628296191519204e-13,6.439293542825908e-15,0.01052347687073052
4088,ISM,1287,1980,20,163,14.105317478969743,0.09033343818701511,0.12567072082310915
4089,DI,1287,1980,20,164,1.606953555245059e-13,5.773159728050814e-15,0.07485093898139894
4090,WMI,1287,1980,20,164,1.628296191519204e-13,6.439293542825908e-15,0.006602136883884668
4091,ISM,1287,1980,20,164,14.105317478969743,0.09033343818701511,0.07368797808885574
4092,DI,1287,1980,20,165,1.606953555245059e-13,5.773159728050814e-15,0.08347752504050732
4093,WMI,1287,1980,20,165,1.628296191519204e-13,6.439293542825908e-15,0.010260761016979814
4094,ISM,1287,1980,20,165,14.105317478969743,0.09033343818701511,0.12473986600525677
4095,DI,1287,1980,20,166,1.606953555245059e-13,5.773159728050814e-15,0.07505708606913686
4096,WMI,1287,1980,20,166,1.628296191519204e-13,6.439293542825908e-15,0.0064111510291695595
4097,ISM,1287,1980,20,166,14.105317478969743,0.09033343818701511,0.07590267295017838
4098,DI,1287,1980,20,167,1.606953555245059e-13,5.773159728050814e-15,0.08412461495026946
4099,WMI,1287,1980,20,167,1.628296191519204e-13,6.439293542825908e-15,0.011149646947160363
4100,ISM,1287,1980,20,167,14.105317478969743,0.09033343818701511,0.12655469705350697
4101,DI,1287,1980,20,168,1.606953555245059e-13,5.773159728050814e-15,0.07560358778573573
4102,WMI,1287,1980,20,168,1.628296191519204e-13,6.439293542825908e-15,0.00660601700656116
4103,ISM,1287,1980,20,168,14.105317478969743,0.09033343818701511,0.07638454507105052
4104,DI,1287,1980,20,169,1.606953555245059e-13,5.773159728050814e-15,0.08385813003405929
4105,WMI,1287,1980,20,169,1.628296191519204e-13,6.439293542825908e-15,0.010382408974692225
4106,ISM,1287,1980,20,169,14.105317478969743,0.09033343818701511,0.12629857193678617
4107,DI,1287,1980,20,170,1.606953555245059e-13,5.773159728050814e-15,0.07552415900863707
4108,WMI,1287,1980,20,170,1.628296191519204e-13,6.439293542825908e-15,0.006478260038420558
4109,ISM,1287,1980,20,170,14.105317478969743,0.09033343818701511,0.07263162406161427
4110,DI,1287,1980,20,171,1.606953555245059e-13,5.773159728050814e-15,0.08475844608619809
4111,WMI,1287,1980,20,171,1.628296191519204e-13,6.439293542825908e-15,0.010432178154587746
4112,ISM,1287,1980,20,171,14.105317478969743,0.09033343818701511,0.12509181001223624
4113,DI,1287,1980,20,172,1.606953555245059e-13,5.773159728050814e-15,0.07562086707912385
4114,WMI,1287,1980,20,172,1.628296191519204e-13,6.439293542825908e-15,0.006687125889584422
4115,ISM,1287,1980,20,172,14.105317478969743,0.09033343818701511,0.07494932785630226
4116,DI,1287,1980,20,173,1.606953555245059e-13,5.773159728050814e-15,0.08414910500869155
4117,WMI,1287,1980,20,173,1.628296191519204e-13,6.439293542825908e-15,0.010724843945354223
4118,ISM,1287,1980,20,173,14.105317478969743,0.09033343818701511,0.1268261130899191
4119,DI,1287,1980,20,174,1.606953555245059e-13,5.773159728050814e-15,0.07629919704049826
4120,WMI,1287,1980,20,174,1.628296191519204e-13,6.439293542825908e-15,0.00677236495539546
4121,ISM,1287,1980,20,174,14.105317478969743,0.09033343818701511,0.07419185899198055
4122,DI,1287,1980,20,175,1.606953555245059e-13,5.773159728050814e-15,0.08546550408937037
4123,WMI,1287,1980,20,175,1.628296191519204e-13,6.439293542825908e-15,0.01070775417611003
4124,ISM,1287,1980,20,175,14.105317478969743,0.09033343818701511,0.12721412698738277
4125,DI,1287,1980,20,176,1.606953555245059e-13,5.773159728050814e-15,0.0755046890117228
4126,WMI,1287,1980,20,176,1.628296191519204e-13,6.439293542825908e-15,0.00704955100081861
4127,ISM,1287,1980,20,176,14.105317478969743,0.09033343818701511,0.0734278520103544
4128,DI,1287,1980,20,177,1.606953555245059e-13,5.773159728050814e-15,0.08374694106169045
4129,WMI,1287,1980,20,177,1.628296191519204e-13,6.439293542825908e-15,0.01061832602135837
4130,ISM,1287,1980,20,177,14.105317478969743,0.09033343818701511,0.12636140990071
4131,DI,1287,1980,20,178,1.606953555245059e-13,5.773159728050814e-15,0.07525656302459538
4132,WMI,1287,1980,20,178,1.628296191519204e-13,6.439293542825908e-15,0.006441610865294933
4133,ISM,1287,1980,20,178,14.105317478969743,0.09033343818701511,0.07481005997397006
4134,DI,1287,1980,20,179,1.606953555245059e-13,5.773159728050814e-15,0.08466158714145422
4135,WMI,1287,1980,20,179,1.628296191519204e-13,6.439293542825908e-15,0.01006148406304419
4136,ISM,1287,1980,20,179,14.105317478969743,0.09033343818701511,0.1258681179024279
4137,DI,1287,1980,20,180,1.606953555245059e-13,5.773159728050814e-15,0.07559373811818659
4138,WMI,1287,1980,20,180,1.628296191519204e-13,6.439293542825908e-15,0.006540518021211028
4139,ISM,1287,1980,20,180,14.105317478969743,0.09033343818701511,0.07320049498230219
4140,DI,1287,1980,20,181,1.606953555245059e-13,5.773159728050814e-15,0.08441996085457504
4141,WMI,1287,1980,20,181,1.628296191519204e-13,6.439293542825908e-15,0.010389928938820958
4142,ISM,1287,1980,20,181,14.105317478969743,0.09033343818701511,0.130975749110803
4143,DI,1287,1980,20,182,1.606953555245059e-13,5.773159728050814e-15,0.07583791390061378
4144,WMI,1287,1980,20,182,1.628296191519204e-13,6.439293542825908e-15,0.006577597931027412
4145,ISM,1287,1980,20,182,14.105317478969743,0.09033343818701511,0.07343117101117969
4146,DI,1287,1980,20,183,1.606953555245059e-13,5.773159728050814e-15,0.08488820306956768
4147,WMI,1287,1980,20,183,1.628296191519204e-13,6.439293542825908e-15,0.01030191988684237
4148,ISM,1287,1980,20,183,14.105317478969743,0.09033343818701511,0.125822558067739
4149,DI,1287,1980,20,184,1.606953555245059e-13,5.773159728050814e-15,0.07508848491124809
4150,WMI,1287,1980,20,184,1.628296191519204e-13,6.439293542825908e-15,0.006522489013150334
4151,ISM,1287,1980,20,184,14.105317478969743,0.09033343818701511,0.07412391109392047
4152,DI,1287,1980,20,185,1.606953555245059e-13,5.773159728050814e-15,0.08471480594016612
4153,WMI,1287,1980,20,185,1.628296191519204e-13,6.439293542825908e-15,0.010121532948687673
4154,ISM,1287,1980,20,185,14.105317478969743,0.09033343818701511,0.12588635785505176
4155,DI,1287,1980,20,186,1.606953555245059e-13,5.773159728050814e-15,0.07533607096411288
4156,WMI,1287,1980,20,186,1.628296191519204e-13,6.439293542825908e-15,0.006504660006612539
4157,ISM,1287,1980,20,186,14.105317478969743,0.09033343818701511,0.0741163999773562
4158,DI,1287,1980,20,187,1.606953555245059e-13,5.773159728050814e-15,0.0848555639386177
4159,WMI,1287,1980,20,187,1.628296191519204e-13,6.439293542825908e-15,0.010109992930665612
4160,ISM,1287,1980,20,187,14.105317478969743,0.09033343818701511,0.12452740804292262
4161,DI,1287,1980,20,188,1.606953555245059e-13,5.773159728050814e-15,0.07626063795760274
4162,WMI,1287,1980,20,188,1.628296191519204e-13,6.439293542825908e-15,0.006594998063519597
4163,ISM,1287,1980,20,188,14.105317478969743,0.09033343818701511,0.0727411019615829
4164,DI,1287,1980,20,189,1.606953555245059e-13,5.773159728050814e-15,0.08369361190125346
4165,WMI,1287,1980,20,189,1.628296191519204e-13,6.439293542825908e-15,0.010298690060153604
4166,ISM,1287,1980,20,189,14.105317478969743,0.09033343818701511,0.12552658398635685
4167,DI,1287,1980,20,190,1.606953555245059e-13,5.773159728050814e-15,0.0756121869198978
4168,WMI,1287,1980,20,190,1.628296191519204e-13,6.439293542825908e-15,0.007482954068109393
4169,ISM,1287,1980,20,190,14.105317478969743,0.09033343818701511,0.0748387798666954
4170,DI,1287,1980,20,191,1.606953555245059e-13,5.773159728050814e-15,0.08446285990066826
4171,WMI,1287,1980,20,191,1.628296191519204e-13,6.439293542825908e-15,0.010523157194256783
4172,ISM,1287,1980,20,191,14.105317478969743,0.09033343818701511,0.12440300011076033
4173,DI,1287,1980,20,192,1.606953555245059e-13,5.773159728050814e-15,0.0755858481861651
4174,WMI,1287,1980,20,192,1.628296191519204e-13,6.439293542825908e-15,0.006561588030308485
4175,ISM,1287,1980,20,192,14.105317478969743,0.09033343818701511,0.07575767510570586
4176,DI,1287,1980,20,193,1.606953555245059e-13,5.773159728050814e-15,0.0874399240128696
4177,WMI,1287,1980,20,193,1.628296191519204e-13,6.439293542825908e-15,0.010386699112132192
4178,ISM,1287,1980,20,193,14.105317478969743,0.09033343818701511,0.12639405019581318
4179,DI,1287,1980,20,194,1.606953555245059e-13,5.773159728050814e-15,0.07485151896253228
4180,WMI,1287,1980,20,194,1.628296191519204e-13,6.439293542825908e-15,0.0064409498590976
4181,ISM,1287,1980,20,194,14.105317478969743,0.09033343818701511,0.07429943792521954
4182,DI,1287,1980,20,195,1.606953555245059e-13,5.773159728050814e-15,0.08521576807834208
4183,WMI,1287,1980,20,195,1.628296191519204e-13,6.439293542825908e-15,0.010376638965681195
4184,ISM,1287,1980,20,195,14.105317478969743,0.09033343818701511,0.11984555097296834
4185,DI,1287,1980,20,196,1.606953555245059e-13,5.773159728050814e-15,0.0741943190805614
4186,WMI,1287,1980,20,196,1.628296191519204e-13,6.439293542825908e-15,0.006491360021755099
4187,ISM,1287,1980,20,196,14.105317478969743,0.09033343818701511,0.07203048304654658
4188,DI,1287,1980,20,197,1.606953555245059e-13,5.773159728050814e-15,0.08215842605568469
4189,WMI,1287,1980,20,197,1.628296191519204e-13,6.439293542825908e-15,0.010903941001743078
4190,ISM,1287,1980,20,197,14.105317478969743,0.09033343818701511,0.11998615902848542
4191,DI,1287,1980,20,198,1.606953555245059e-13,5.773159728050814e-15,0.07410684111528099
4192,WMI,1287,1980,20,198,1.628296191519204e-13,6.439293542825908e-15,0.006368231028318405
4193,ISM,1287,1980,20,198,14.105317478969743,0.09033343818701511,0.07101454795338213
4194,DI,1287,1980,20,199,1.606953555245059e-13,5.773159728050814e-15,0.08366794185712934
4195,WMI,1287,1980,20,199,1.628296191519204e-13,6.439293542825908e-15,0.010263021104037762
4196,ISM,1287,1980,20,199,14.105317478969743,0.09033343818701511,0.1267779041081667
4197,DI,1287,1980,20,200,1.606953555245059e-13,5.773159728050814e-15,0.07625700696371496
4198,WMI,1287,1980,20,200,1.628296191519204e-13,6.439293542825908e-15,0.006584058050066233
4199,ISM,1287,1980,20,200,14.105317478969743,0.09033343818701511,0.08626363193616271
4200,DI,1287,1970,30,1,1.6077873970362417e-13,6.106226635438361e-15,0.08476361492648721
4201,WMI,1287,1970,30,1,1.6415256074787458e-13,5.440092820663267e-15,0.012460226891562343
4202,ISM,1287,1970,30,1,17.766589638763797,0.11168132872326386,0.18944698199629784
4203,DI,1287,1970,30,2,1.6077873970362417e-13,6.106226635438361e-15,0.08497892203740776
4204,WMI,1287,1970,30,2,1.6415256074787458e-13,5.440092820663267e-15,0.012258110102266073
4205,ISM,1287,1970,30,2,17.766589638763797,0.11168132872326386,0.1827729749493301
4206,DI,1287,1970,30,3,1.6077873970362417e-13,6.106226635438361e-15,0.08538978593423963
4207,WMI,1287,1970,30,3,1.6415256074787458e-13,5.440092820663267e-15,0.012510665925219655
4208,ISM,1287,1970,30,3,17.766589638763797,0.11168132872326386,0.1849774019792676
4209,DI,1287,1970,30,4,1.6077873970362417e-13,6.106226635438361e-15,0.08725179708562791
4210,WMI,1287,1970,30,4,1.6415256074787458e-13,5.440092820663267e-15,0.012525545200333
4211,ISM,1287,1970,30,4,17.766589638763797,0.11168132872326386,0.18351248418912292
4212,DI,1287,1970,30,5,1.6077873970362417e-13,6.106226635438361e-15,0.08298937301151454
4213,WMI,1287,1970,30,5,1.6415256074787458e-13,5.440092820663267e-15,0.012253320077434182
4214,ISM,1287,1970,30,5,17.766589638763797,0.11168132872326386,0.1705860539805144
4215,DI,1287,1970,30,6,1.6077873970362417e-13,6.106226635438361e-15,0.08386123995296657
4216,WMI,1287,1970,30,6,1.6415256074787458e-13,5.440092820663267e-15,0.01224187994375825
4217,ISM,1287,1970,30,6,17.766589638763797,0.11168132872326386,0.17250858386978507
4218,DI,1287,1970,30,7,1.6077873970362417e-13,6.106226635438361e-15,0.08347169519402087
4219,WMI,1287,1970,30,7,1.6415256074787458e-13,5.440092820663267e-15,0.011929434956982732
4220,ISM,1287,1970,30,7,17.766589638763797,0.11168132872326386,0.1722213898319751
4221,DI,1287,1970,30,8,1.6077873970362417e-13,6.106226635438361e-15,0.0820165378972888
4222,WMI,1287,1970,30,8,1.6415256074787458e-13,5.440092820663267e-15,0.011976503999903798
4223,ISM,1287,1970,30,8,17.766589638763797,0.11168132872326386,0.17407812015153468
4224,DI,1287,1970,30,9,1.6077873970362417e-13,6.106226635438361e-15,0.0904689971357584
4225,WMI,1287,1970,30,9,1.6415256074787458e-13,5.440092820663267e-15,0.012607895070686936
4226,ISM,1287,1970,30,9,17.766589638763797,0.11168132872326386,0.17742783785797656
4227,DI,1287,1970,30,10,1.6077873970362417e-13,6.106226635438361e-15,0.08373785088770092
4228,WMI,1287,1970,30,10,1.6415256074787458e-13,5.440092820663267e-15,0.013211115030571818
4229,ISM,1287,1970,30,10,17.766589638763797,0.11168132872326386,0.18107877182774246
4230,DI,1287,1970,30,11,1.6077873970362417e-13,6.106226635438361e-15,0.08567909221164882
4231,WMI,1287,1970,30,11,1.6415256074787458e-13,5.440092820663267e-15,0.011947914958000183
4232,ISM,1287,1970,30,11,17.766589638763797,0.11168132872326386,0.1902017800603062
4233,DI,1287,1970,30,12,1.6077873970362417e-13,6.106226635438361e-15,0.08720263792201877
4234,WMI,1287,1970,30,12,1.6415256074787458e-13,5.440092820663267e-15,0.012768161948770285
4235,ISM,1287,1970,30,12,17.766589638763797,0.11168132872326386,0.18908316711895168
4236,DI,1287,1970,30,13,1.6077873970362417e-13,6.106226635438361e-15,0.08634839090518653
4237,WMI,1287,1970,30,13,1.6415256074787458e-13,5.440092820663267e-15,0.013225605012848973
4238,ISM,1287,1970,30,13,17.766589638763797,0.11168132872326386,0.18564089084975421
4239,DI,1287,1970,30,14,1.6077873970362417e-13,6.106226635438361e-15,0.08903591893613338
4240,WMI,1287,1970,30,14,1.6415256074787458e-13,5.440092820663267e-15,0.012467416003346443
4241,ISM,1287,1970,30,14,17.766589638763797,0.11168132872326386,0.18621552200056612
4242,DI,1287,1970,30,15,1.6077873970362417e-13,6.106226635438361e-15,0.08729867613874376
4243,WMI,1287,1970,30,15,1.6415256074787458e-13,5.440092820663267e-15,0.012878220994025469
4244,ISM,1287,1970,30,15,17.766589638763797,0.11168132872326386,0.17633705609478056
4245,DI,1287,1970,30,16,1.6077873970362417e-13,6.106226635438361e-15,0.08610449498519301
4246,WMI,1287,1970,30,16,1.6415256074787458e-13,5.440092820663267e-15,0.012098323088139296
4247,ISM,1287,1970,30,16,17.766589638763797,0.11168132872326386,0.19213054096326232
4248,DI,1287,1970,30,17,1.6077873970362417e-13,6.106226635438361e-15,0.08379895007237792
4249,WMI,1287,1970,30,17,1.6415256074787458e-13,5.440092820663267e-15,0.012232490116730332
4250,ISM,1287,1970,30,17,17.766589638763797,0.11168132872326386,0.17643442400731146
4251,DI,1287,1970,30,18,1.6077873970362417e-13,6.106226635438361e-15,0.08255575899966061
4252,WMI,1287,1970,30,18,1.6415256074787458e-13,5.440092820663267e-15,0.012089972151443362
4253,ISM,1287,1970,30,18,17.766589638763797,0.11168132872326386,0.1754927688743919
4254,DI,1287,1970,30,19,1.6077873970362417e-13,6.106226635438361e-15,0.08427478279918432
4255,WMI,1287,1970,30,19,1.6415256074787458e-13,5.440092820663267e-15,0.012281819013878703
4256,ISM,1287,1970,30,19,17.766589638763797,0.11168132872326386,0.17811686801724136
4257,DI,1287,1970,30,20,1.6077873970362417e-13,6.106226635438361e-15,0.08411663514561951
4258,WMI,1287,1970,30,20,1.6415256074787458e-13,5.440092820663267e-15,0.011913795955479145
4259,ISM,1287,1970,30,20,17.766589638763797,0.11168132872326386,0.17714584292843938
4260,DI,1287,1970,30,21,1.6077873970362417e-13,6.106226635438361e-15,0.08667576499283314
4261,WMI,1287,1970,30,21,1.6415256074787458e-13,5.440092820663267e-15,0.012136972043663263
4262,ISM,1287,1970,30,21,17.766589638763797,0.11168132872326386,0.17719529219903052
4263,DI,1287,1970,30,22,1.6077873970362417e-13,6.106226635438361e-15,0.0850216019898653
4264,WMI,1287,1970,30,22,1.6415256074787458e-13,5.440092820663267e-15,0.012925300048664212
4265,ISM,1287,1970,30,22,17.766589638763797,0.11168132872326386,0.18713874695822597
4266,DI,1287,1970,30,23,1.6077873970362417e-13,6.106226635438361e-15,0.08671379508450627
4267,WMI,1287,1970,30,23,1.6415256074787458e-13,5.440092820663267e-15,0.012262789998203516
4268,ISM,1287,1970,30,23,17.766589638763797,0.11168132872326386,0.18731376505456865
4269,DI,1287,1970,30,24,1.6077873970362417e-13,6.106226635438361e-15,0.0863162309397012
4270,WMI,1287,1970,30,24,1.6415256074787458e-13,5.440092820663267e-15,0.012796881841495633
4271,ISM,1287,1970,30,24,17.766589638763797,0.11168132872326386,0.18734816508367658
4272,DI,1287,1970,30,25,1.6077873970362417e-13,6.106226635438361e-15,0.08546505402773619
4273,WMI,1287,1970,30,25,1.6415256074787458e-13,5.440092820663267e-15,0.012375127989798784
4274,ISM,1287,1970,30,25,17.766589638763797,0.11168132872326386,0.18628516094759107
4275,DI,1287,1970,30,26,1.6077873970362417e-13,6.106226635438361e-15,0.08593796705827117
4276,WMI,1287,1970,30,26,1.6415256074787458e-13,5.440092820663267e-15,0.012304628966376185
4277,ISM,1287,1970,30,26,17.766589638763797,0.11168132872326386,0.18738366407342255
4278,DI,1287,1970,30,27,1.6077873970362417e-13,6.106226635438361e-15,0.08562385197728872
4279,WMI,1287,1970,30,27,1.6415256074787458e-13,5.440092820663267e-15,0.013231725199148059
4280,ISM,1287,1970,30,27,17.766589638763797,0.11168132872326386,0.1854640729725361
4281,DI,1287,1970,30,28,1.6077873970362417e-13,6.106226635438361e-15,0.08723697694949806
4282,WMI,1287,1970,30,28,1.6415256074787458e-13,5.440092820663267e-15,0.012384678004309535
4283,ISM,1287,1970,30,28,17.766589638763797,0.11168132872326386,0.18029092391952872
4284,DI,1287,1970,30,29,1.6077873970362417e-13,6.106226635438361e-15,0.08484108396805823
4285,WMI,1287,1970,30,29,1.6415256074787458e-13,5.440092820663267e-15,0.012551395921036601
4286,ISM,1287,1970,30,29,17.766589638763797,0.11168132872326386,0.1768462178297341
4287,DI,1287,1970,30,30,1.6077873970362417e-13,6.106226635438361e-15,0.08395888796076179
4288,WMI,1287,1970,30,30,1.6415256074787458e-13,5.440092820663267e-15,0.013180674985051155
4289,ISM,1287,1970,30,30,17.766589638763797,0.11168132872326386,0.1776501249987632
4290,DI,1287,1970,30,31,1.6077873970362417e-13,6.106226635438361e-15,0.08506749104708433
4291,WMI,1287,1970,30,31,1.6415256074787458e-13,5.440092820663267e-15,0.011929965112358332
4292,ISM,1287,1970,30,31,17.766589638763797,0.11168132872326386,0.17646120279096067
4293,DI,1287,1970,30,32,1.6077873970362417e-13,6.106226635438361e-15,0.08464428689330816
4294,WMI,1287,1970,30,32,1.6415256074787458e-13,5.440092820663267e-15,0.012600754154846072
4295,ISM,1287,1970,30,32,17.766589638763797,0.11168132872326386,0.1833729969803244
4296,DI,1287,1970,30,33,1.6077873970362417e-13,6.106226635438361e-15,0.0843152420129627
4297,WMI,1287,1970,30,33,1.6415256074787458e-13,5.440092820663267e-15,0.01260330411605537
4298,ISM,1287,1970,30,33,17.766589638763797,0.11168132872326386,0.1756677459925413
4299,DI,1287,1970,30,34,1.6077873970362417e-13,6.106226635438361e-15,0.08393839909695089
4300,WMI,1287,1970,30,34,1.6415256074787458e-13,5.440092820663267e-15,0.011941734934225678
4301,ISM,1287,1970,30,34,17.766589638763797,0.11168132872326386,0.17790108104236424
4302,DI,1287,1970,30,35,1.6077873970362417e-13,6.106226635438361e-15,0.08476592507213354
4303,WMI,1287,1970,30,35,1.6415256074787458e-13,5.440092820663267e-15,0.01249329699203372
4304,ISM,1287,1970,30,35,17.766589638763797,0.11168132872326386,0.1746776308864355
4305,DI,1287,1970,30,36,1.6077873970362417e-13,6.106226635438361e-15,0.08234100299887359
4306,WMI,1287,1970,30,36,1.6415256074787458e-13,5.440092820663267e-15,0.012022303184494376
4307,ISM,1287,1970,30,36,17.766589638763797,0.11168132872326386,0.18718491704203188
4308,DI,1287,1970,30,37,1.6077873970362417e-13,6.106226635438361e-15,0.08562563196755946
4309,WMI,1287,1970,30,37,1.6415256074787458e-13,5.440092820663267e-15,0.013289403868839145
4310,ISM,1287,1970,30,37,17.766589638763797,0.11168132872326386,0.18816729122772813
4311,DI,1287,1970,30,38,1.6077873970362417e-13,6.106226635438361e-15,0.08538624504581094
4312,WMI,1287,1970,30,38,1.6415256074787458e-13,5.440092820663267e-15,0.012474376941099763
4313,ISM,1287,1970,30,38,17.766589638763797,0.11168132872326386,0.19019236997701228
4314,DI,1287,1970,30,39,1.6077873970362417e-13,6.106226635438361e-15,0.0875762919895351
4315,WMI,1287,1970,30,39,1.6415256074787458e-13,5.440092820663267e-15,0.012702652951702476
4316,ISM,1287,1970,30,39,17.766589638763797,0.11168132872326386,0.21749507705681026
4317,DI,1287,1970,30,40,1.6077873970362417e-13,6.106226635438361e-15,0.08807070390321314
4318,WMI,1287,1970,30,40,1.6415256074787458e-13,5.440092820663267e-15,0.012866511009633541
4319,ISM,1287,1970,30,40,17.766589638763797,0.11168132872326386,0.4118838729336858
4320,DI,1287,1970,30,41,1.6077873970362417e-13,6.106226635438361e-15,0.16709758900105953
4321,WMI,1287,1970,30,41,1.6415256074787458e-13,5.440092820663267e-15,0.026421590009704232
4322,ISM,1287,1970,30,41,17.766589638763797,0.11168132872326386,0.3733787490054965
4323,DI,1287,1970,30,42,1.6077873970362417e-13,6.106226635438361e-15,0.16345937503501773
4324,WMI,1287,1970,30,42,1.6415256074787458e-13,5.440092820663267e-15,0.026257551973685622
4325,ISM,1287,1970,30,42,17.766589638763797,0.11168132872326386,0.3529712059535086
4326,DI,1287,1970,30,43,1.6077873970362417e-13,6.106226635438361e-15,0.18025911506265402
4327,WMI,1287,1970,30,43,1.6415256074787458e-13,5.440092820663267e-15,0.025711050955578685
4328,ISM,1287,1970,30,43,17.766589638763797,0.11168132872326386,0.31563406507484615
4329,DI,1287,1970,30,44,1.6077873970362417e-13,6.106226635438361e-15,0.190696501173079
4330,WMI,1287,1970,30,44,1.6415256074787458e-13,5.440092820663267e-15,0.012120631989091635
4331,ISM,1287,1970,30,44,17.766589638763797,0.11168132872326386,0.1724009809549898
4332,DI,1287,1970,30,45,1.6077873970362417e-13,6.106226635438361e-15,0.08356307097710669
4333,WMI,1287,1970,30,45,1.6415256074787458e-13,5.440092820663267e-15,0.011941655073314905
4334,ISM,1287,1970,30,45,17.766589638763797,0.11168132872326386,0.17174899019300938
4335,DI,1287,1970,30,46,1.6077873970362417e-13,6.106226635438361e-15,0.0840853729750961
4336,WMI,1287,1970,30,46,1.6415256074787458e-13,5.440092820663267e-15,0.011928563937544823
4337,ISM,1287,1970,30,46,17.766589638763797,0.11168132872326386,0.17116601020097733
4338,DI,1287,1970,30,47,1.6077873970362417e-13,6.106226635438361e-15,0.08210165379568934
4339,WMI,1287,1970,30,47,1.6415256074787458e-13,5.440092820663267e-15,0.012097913073375821
4340,ISM,1287,1970,30,47,17.766589638763797,0.11168132872326386,0.18163066799752414
4341,DI,1287,1970,30,48,1.6077873970362417e-13,6.106226635438361e-15,0.08503489918075502
4342,WMI,1287,1970,30,48,1.6415256074787458e-13,5.440092820663267e-15,0.01246735593304038
4343,ISM,1287,1970,30,48,17.766589638763797,0.11168132872326386,0.1944524380378425
4344,DI,1287,1970,30,49,1.6077873970362417e-13,6.106226635438361e-15,0.08505301782861352
4345,WMI,1287,1970,30,49,1.6415256074787458e-13,5.440092820663267e-15,0.012256429996341467
4346,ISM,1287,1970,30,49,17.766589638763797,0.11168132872326386,0.1845285021699965
4347,DI,1287,1970,30,50,1.6077873970362417e-13,6.106226635438361e-15,0.08659929409623146
4348,WMI,1287,1970,30,50,1.6415256074787458e-13,5.440092820663267e-15,0.012452726950868964
4349,ISM,1287,1970,30,50,17.766589638763797,0.11168132872326386,0.1818648239132017
4350,DI,1287,1970,30,51,1.6077873970362417e-13,6.106226635438361e-15,0.08494435017928481
4351,WMI,1287,1970,30,51,1.6415256074787458e-13,5.440092820663267e-15,0.012376096798107028
4352,ISM,1287,1970,30,51,17.766589638763797,0.11168132872326386,0.18217712896876037
4353,DI,1287,1970,30,52,1.6077873970362417e-13,6.106226635438361e-15,0.08425867091864347
4354,WMI,1287,1970,30,52,1.6415256074787458e-13,5.440092820663267e-15,0.012076552957296371
4355,ISM,1287,1970,30,52,17.766589638763797,0.11168132872326386,0.17792100505903363
4356,DI,1287,1970,30,53,1.6077873970362417e-13,6.106226635438361e-15,0.08222380210645497
4357,WMI,1287,1970,30,53,1.6415256074787458e-13,5.440092820663267e-15,0.012097771978005767
4358,ISM,1287,1970,30,53,17.766589638763797,0.11168132872326386,0.1710549220442772
4359,DI,1287,1970,30,54,1.6077873970362417e-13,6.106226635438361e-15,0.08227945095859468
4360,WMI,1287,1970,30,54,1.6415256074787458e-13,5.440092820663267e-15,0.012015902902930975
4361,ISM,1287,1970,30,54,17.766589638763797,0.11168132872326386,0.17320807790383697
4362,DI,1287,1970,30,55,1.6077873970362417e-13,6.106226635438361e-15,0.08333014510571957
4363,WMI,1287,1970,30,55,1.6415256074787458e-13,5.440092820663267e-15,0.012282708892598748
4364,ISM,1287,1970,30,55,17.766589638763797,0.11168132872326386,0.17117699002847075
4365,DI,1287,1970,30,56,1.6077873970362417e-13,6.106226635438361e-15,0.08298050006851554
4366,WMI,1287,1970,30,56,1.6415256074787458e-13,5.440092820663267e-15,0.01226543984375894
4367,ISM,1287,1970,30,56,17.766589638763797,0.11168132872326386,0.17646647803485394
4368,DI,1287,1970,30,57,1.6077873970362417e-13,6.106226635438361e-15,0.08698178781196475
4369,WMI,1287,1970,30,57,1.6415256074787458e-13,5.440092820663267e-15,0.016646661795675755
4370,ISM,1287,1970,30,57,17.766589638763797,0.11168132872326386,0.18151162914000452
4371,DI,1287,1970,30,58,1.6077873970362417e-13,6.106226635438361e-15,0.08482746197842062
4372,WMI,1287,1970,30,58,1.6415256074787458e-13,5.440092820663267e-15,0.01273069204762578
4373,ISM,1287,1970,30,58,17.766589638763797,0.11168132872326386,0.17733571399003267
4374,DI,1287,1970,30,59,1.6077873970362417e-13,6.106226635438361e-15,0.104990737978369
4375,WMI,1287,1970,30,59,1.6415256074787458e-13,5.440092820663267e-15,0.012108861934393644
4376,ISM,1287,1970,30,59,17.766589638763797,0.11168132872326386,0.17831236799247563
4377,DI,1287,1970,30,60,1.6077873970362417e-13,6.106226635438361e-15,0.08413828210905194
4378,WMI,1287,1970,30,60,1.6415256074787458e-13,5.440092820663267e-15,0.01194849400781095
4379,ISM,1287,1970,30,60,17.766589638763797,0.11168132872326386,0.1884443808812648
4380,DI,1287,1970,30,61,1.6077873970362417e-13,6.106226635438361e-15,0.08655372494831681
4381,WMI,1287,1970,30,61,1.6415256074787458e-13,5.440092820663267e-15,0.0129249501042068
4382,ISM,1287,1970,30,61,17.766589638763797,0.11168132872326386,0.20020770910196006
4383,DI,1287,1970,30,62,1.6077873970362417e-13,6.106226635438361e-15,0.08874447993002832
4384,WMI,1287,1970,30,62,1.6415256074787458e-13,5.440092820663267e-15,0.012241838965564966
4385,ISM,1287,1970,30,62,17.766589638763797,0.11168132872326386,0.1881610150448978
4386,DI,1287,1970,30,63,1.6077873970362417e-13,6.106226635438361e-15,0.08664694288745522
4387,WMI,1287,1970,30,63,1.6415256074787458e-13,5.440092820663267e-15,0.012595794862136245
4388,ISM,1287,1970,30,63,17.766589638763797,0.11168132872326386,0.18677854700945318
4389,DI,1287,1970,30,64,1.6077873970362417e-13,6.106226635438361e-15,0.0857508780900389
4390,WMI,1287,1970,30,64,1.6415256074787458e-13,5.440092820663267e-15,0.01231057895347476
4391,ISM,1287,1970,30,64,17.766589638763797,0.11168132872326386,0.18473032885231078
4392,DI,1287,1970,30,65,1.6077873970362417e-13,6.106226635438361e-15,0.08337963395752013
4393,WMI,1287,1970,30,65,1.6415256074787458e-13,5.440092820663267e-15,0.01240543695166707
4394,ISM,1287,1970,30,65,17.766589638763797,0.11168132872326386,0.17651057709008455
4395,DI,1287,1970,30,66,1.6077873970362417e-13,6.106226635438361e-15,0.08379304804839194
4396,WMI,1287,1970,30,66,1.6415256074787458e-13,5.440092820663267e-15,0.012322599068284035
4397,ISM,1287,1970,30,66,17.766589638763797,0.11168132872326386,0.17607338400557637
4398,DI,1287,1970,30,67,1.6077873970362417e-13,6.106226635438361e-15,0.08270505396649241
4399,WMI,1287,1970,30,67,1.6415256074787458e-13,5.440092820663267e-15,0.01231146790087223
4400,ISM,1287,1970,30,67,17.766589638763797,0.11168132872326386,0.17605410399846733
4401,DI,1287,1970,30,68,1.6077873970362417e-13,6.106226635438361e-15,0.08408147422596812
4402,WMI,1287,1970,30,68,1.6415256074787458e-13,5.440092820663267e-15,0.012240380048751831
4403,ISM,1287,1970,30,68,17.766589638763797,0.11168132872326386,0.17767285904847085
4404,DI,1287,1970,30,69,1.6077873970362417e-13,6.106226635438361e-15,0.0836431400384754
4405,WMI,1287,1970,30,69,1.6415256074787458e-13,5.440092820663267e-15,0.011852116091176867
4406,ISM,1287,1970,30,69,17.766589638763797,0.11168132872326386,0.17315540905110538
4407,DI,1287,1970,30,70,1.6077873970362417e-13,6.106226635438361e-15,0.08422645088285208
4408,WMI,1287,1970,30,70,1.6415256074787458e-13,5.440092820663267e-15,0.012379918014630675
4409,ISM,1287,1970,30,70,17.766589638763797,0.11168132872326386,0.18348850798793137
4410,DI,1287,1970,30,71,1.6077873970362417e-13,6.106226635438361e-15,0.08630416891537607
4411,WMI,1287,1970,30,71,1.6415256074787458e-13,5.440092820663267e-15,0.01230072882026434
4412,ISM,1287,1970,30,71,17.766589638763797,0.11168132872326386,0.1846374508459121
4413,DI,1287,1970,30,72,1.6077873970362417e-13,6.106226635438361e-15,0.08556310995481908
4414,WMI,1287,1970,30,72,1.6415256074787458e-13,5.440092820663267e-15,0.012106711976230145
4415,ISM,1287,1970,30,72,17.766589638763797,0.11168132872326386,0.1851650020107627
4416,DI,1287,1970,30,73,1.6077873970362417e-13,6.106226635438361e-15,0.08495429018512368
4417,WMI,1287,1970,30,73,1.6415256074787458e-13,5.440092820663267e-15,0.012218290008604527
4418,ISM,1287,1970,30,73,17.766589638763797,0.11168132872326386,0.19136435608379543
4419,DI,1287,1970,30,74,1.6077873970362417e-13,6.106226635438361e-15,0.08529237494803965
4420,WMI,1287,1970,30,74,1.6415256074787458e-13,5.440092820663267e-15,0.012487215921282768
4421,ISM,1287,1970,30,74,17.766589638763797,0.11168132872326386,0.19255564804188907
4422,DI,1287,1970,30,75,1.6077873970362417e-13,6.106226635438361e-15,0.0885054050013423
4423,WMI,1287,1970,30,75,1.6415256074787458e-13,5.440092820663267e-15,0.012434297008439898
4424,ISM,1287,1970,30,75,17.766589638763797,0.11168132872326386,0.18554070708341897
4425,DI,1287,1970,30,76,1.6077873970362417e-13,6.106226635438361e-15,0.08607712294906378
4426,WMI,1287,1970,30,76,1.6415256074787458e-13,5.440092820663267e-15,0.012323279166594148
4427,ISM,1287,1970,30,76,17.766589638763797,0.11168132872326386,0.18627051590010524
4428,DI,1287,1970,30,77,1.6077873970362417e-13,6.106226635438361e-15,0.0854296621400863
4429,WMI,1287,1970,30,77,1.6415256074787458e-13,5.440092820663267e-15,0.013170824851840734
4430,ISM,1287,1970,30,77,17.766589638763797,0.11168132872326386,0.18954299483448267
4431,DI,1287,1970,30,78,1.6077873970362417e-13,6.106226635438361e-15,0.08603316289372742
4432,WMI,1287,1970,30,78,1.6415256074787458e-13,5.440092820663267e-15,0.013139236019924283
4433,ISM,1287,1970,30,78,17.766589638763797,0.11168132872326386,0.1853346200659871
4434,DI,1287,1970,30,79,1.6077873970362417e-13,6.106226635438361e-15,0.08537134318612516
4435,WMI,1287,1970,30,79,1.6415256074787458e-13,5.440092820663267e-15,0.012603493873029947
4436,ISM,1287,1970,30,79,17.766589638763797,0.11168132872326386,0.18555409694090486
4437,DI,1287,1970,30,80,1.6077873970362417e-13,6.106226635438361e-15,0.08595791412517428
4438,WMI,1287,1970,30,80,1.6415256074787458e-13,5.440092820663267e-15,0.01229743892326951
4439,ISM,1287,1970,30,80,17.766589638763797,0.11168132872326386,0.1856346051208675
4440,DI,1287,1970,30,81,1.6077873970362417e-13,6.106226635438361e-15,0.08646578690968454
4441,WMI,1287,1970,30,81,1.6415256074787458e-13,5.440092820663267e-15,0.012340448098257184
4442,ISM,1287,1970,30,81,17.766589638763797,0.11168132872326386,0.18466829997487366
4443,DI,1287,1970,30,82,1.6077873970362417e-13,6.106226635438361e-15,0.08333302498795092
4444,WMI,1287,1970,30,82,1.6415256074787458e-13,5.440092820663267e-15,0.012381418142467737
4445,ISM,1287,1970,30,82,17.766589638763797,0.11168132872326386,0.1785626751370728
4446,DI,1287,1970,30,83,1.6077873970362417e-13,6.106226635438361e-15,0.08685997012071311
4447,WMI,1287,1970,30,83,1.6415256074787458e-13,5.440092820663267e-15,0.012606874108314514
4448,ISM,1287,1970,30,83,17.766589638763797,0.11168132872326386,0.17418194306083024
4449,DI,1287,1970,30,84,1.6077873970362417e-13,6.106226635438361e-15,0.08457175502553582
4450,WMI,1287,1970,30,84,1.6415256074787458e-13,5.440092820663267e-15,0.012234410038217902
4451,ISM,1287,1970,30,84,17.766589638763797,0.11168132872326386,0.17456711689010262
4452,DI,1287,1970,30,85,1.6077873970362417e-13,6.106226635438361e-15,0.0844275678973645
4453,WMI,1287,1970,30,85,1.6415256074787458e-13,5.440092820663267e-15,0.012571664061397314
4454,ISM,1287,1970,30,85,17.766589638763797,0.11168132872326386,0.1749783910345286
4455,DI,1287,1970,30,86,1.6077873970362417e-13,6.106226635438361e-15,0.08448642701841891
4456,WMI,1287,1970,30,86,1.6415256074787458e-13,5.440092820663267e-15,0.012137440964579582
4457,ISM,1287,1970,30,86,17.766589638763797,0.11168132872326386,0.17494880105368793
4458,DI,1287,1970,30,87,1.6077873970362417e-13,6.106226635438361e-15,0.08419202081859112
4459,WMI,1287,1970,30,87,1.6415256074787458e-13,5.440092820663267e-15,0.01218628091737628
4460,ISM,1287,1970,30,87,17.766589638763797,0.11168132872326386,0.179703698027879
4461,DI,1287,1970,30,88,1.6077873970362417e-13,6.106226635438361e-15,0.08405333291739225
4462,WMI,1287,1970,30,88,1.6415256074787458e-13,5.440092820663267e-15,0.012685532914474607
4463,ISM,1287,1970,30,88,17.766589638763797,0.11168132872326386,0.17883207090198994
4464,DI,1287,1970,30,89,1.6077873970362417e-13,6.106226635438361e-15,0.0833369551692158
4465,WMI,1287,1970,30,89,1.6415256074787458e-13,5.440092820663267e-15,0.012734773103147745
4466,ISM,1287,1970,30,89,17.766589638763797,0.11168132872326386,0.1901205452159047
4467,DI,1287,1970,30,90,1.6077873970362417e-13,6.106226635438361e-15,0.08784502488560975
4468,WMI,1287,1970,30,90,1.6415256074787458e-13,5.440092820663267e-15,0.012666302965953946
4469,ISM,1287,1970,30,90,17.766589638763797,0.11168132872326386,0.1875911639072001
4470,DI,1287,1970,30,91,1.6077873970362417e-13,6.106226635438361e-15,0.08576889685355127
4471,WMI,1287,1970,30,91,1.6415256074787458e-13,5.440092820663267e-15,0.012292208848521113
4472,ISM,1287,1970,30,91,17.766589638763797,0.11168132872326386,0.18100991705432534
4473,DI,1287,1970,30,92,1.6077873970362417e-13,6.106226635438361e-15,0.08421810111030936
4474,WMI,1287,1970,30,92,1.6415256074787458e-13,5.440092820663267e-15,0.011990183964371681
4475,ISM,1287,1970,30,92,17.766589638763797,0.11168132872326386,0.1801207500975579
4476,DI,1287,1970,30,93,1.6077873970362417e-13,6.106226635438361e-15,0.0838881260715425
4477,WMI,1287,1970,30,93,1.6415256074787458e-13,5.440092820663267e-15,0.012318388791754842
4478,ISM,1287,1970,30,93,17.766589638763797,0.11168132872326386,0.1756688600871712
4479,DI,1287,1970,30,94,1.6077873970362417e-13,6.106226635438361e-15,0.08402763400226831
4480,WMI,1287,1970,30,94,1.6415256074787458e-13,5.440092820663267e-15,0.012358388165012002
4481,ISM,1287,1970,30,94,17.766589638763797,0.11168132872326386,0.17843289696611464
4482,DI,1287,1970,30,95,1.6077873970362417e-13,6.106226635438361e-15,0.08406357397325337
4483,WMI,1287,1970,30,95,1.6415256074787458e-13,5.440092820663267e-15,0.01183612598106265
4484,ISM,1287,1970,30,95,17.766589638763797,0.11168132872326386,0.1830466748215258
4485,DI,1287,1970,30,96,1.6077873970362417e-13,6.106226635438361e-15,0.08575373701751232
4486,WMI,1287,1970,30,96,1.6415256074787458e-13,5.440092820663267e-15,0.01243592705577612
4487,ISM,1287,1970,30,96,17.766589638763797,0.11168132872326386,0.1770368090365082
4488,DI,1287,1970,30,97,1.6077873970362417e-13,6.106226635438361e-15,0.08501278888434172
4489,WMI,1287,1970,30,97,1.6415256074787458e-13,5.440092820663267e-15,0.012485845945775509
4490,ISM,1287,1970,30,97,17.766589638763797,0.11168132872326386,0.17787545593455434
4491,DI,1287,1970,30,98,1.6077873970362417e-13,6.106226635438361e-15,0.08528540492989123
4492,WMI,1287,1970,30,98,1.6415256074787458e-13,5.440092820663267e-15,0.011968133971095085
4493,ISM,1287,1970,30,98,17.766589638763797,0.11168132872326386,0.1780109740793705
4494,DI,1287,1970,30,99,1.6077873970362417e-13,6.106226635438361e-15,0.08411985309794545
4495,WMI,1287,1970,30,99,1.6415256074787458e-13,5.440092820663267e-15,0.012235320173203945
4496,ISM,1287,1970,30,99,17.766589638763797,0.11168132872326386,0.19027043296955526
4497,DI,1287,1970,30,100,1.6077873970362417e-13,6.106226635438361e-15,0.08580185612663627
4498,WMI,1287,1970,30,100,1.6415256074787458e-13,5.440092820663267e-15,0.01233650790527463
4499,ISM,1287,1970,30,100,17.766589638763797,0.11168132872326386,0.18896504398435354
4500,DI,1287,1970,30,101,1.6077873970362417e-13,6.106226635438361e-15,0.08556959009729326
4501,WMI,1287,1970,30,101,1.6415256074787458e-13,5.440092820663267e-15,0.012600493850186467
4502,ISM,1287,1970,30,101,17.766589638763797,0.11168132872326386,0.17534927488304675
4503,DI,1287,1970,30,102,1.6077873970362417e-13,6.106226635438361e-15,0.08638567687012255
4504,WMI,1287,1970,30,102,1.6415256074787458e-13,5.440092820663267e-15,0.012031002901494503
4505,ISM,1287,1970,30,102,17.766589638763797,0.11168132872326386,0.17688889103010297
4506,DI,1287,1970,30,103,1.6077873970362417e-13,6.106226635438361e-15,0.08271967410109937
4507,WMI,1287,1970,30,103,1.6415256074787458e-13,5.440092820663267e-15,0.011941224103793502
4508,ISM,1287,1970,30,103,17.766589638763797,0.11168132872326386,0.1759197460487485
4509,DI,1287,1970,30,104,1.6077873970362417e-13,6.106226635438361e-15,0.08335802494548261
4510,WMI,1287,1970,30,104,1.6415256074787458e-13,5.440092820663267e-15,0.011948354076594114
4511,ISM,1287,1970,30,104,17.766589638763797,0.11168132872326386,0.17382833920419216
4512,DI,1287,1970,30,105,1.6077873970362417e-13,6.106226635438361e-15,0.08532244386151433
4513,WMI,1287,1970,30,105,1.6415256074787458e-13,5.440092820663267e-15,0.012196710100397468
4514,ISM,1287,1970,30,105,17.766589638763797,0.11168132872326386,0.19487428199499846
4515,DI,1287,1970,30,106,1.6077873970362417e-13,6.106226635438361e-15,0.08228253107517958
4516,WMI,1287,1970,30,106,1.6415256074787458e-13,5.440092820663267e-15,0.011925905011594296
4517,ISM,1287,1970,30,106,17.766589638763797,0.11168132872326386,0.17084425501525402
4518,DI,1287,1970,30,107,1.6077873970362417e-13,6.106226635438361e-15,0.08231439092196524
4519,WMI,1287,1970,30,107,1.6415256074787458e-13,5.440092820663267e-15,0.01196032389998436
4520,ISM,1287,1970,30,107,17.766589638763797,0.11168132872326386,0.17253076890483499
4521,DI,1287,1970,30,108,1.6077873970362417e-13,6.106226635438361e-15,0.08392737596295774
4522,WMI,1287,1970,30,108,1.6415256074787458e-13,5.440092820663267e-15,0.0122018710244447
4523,ISM,1287,1970,30,108,17.766589638763797,0.11168132872326386,0.17179211089387536
4524,DI,1287,1970,30,109,1.6077873970362417e-13,6.106226635438361e-15,0.08467223402112722
4525,WMI,1287,1970,30,109,1.6415256074787458e-13,5.440092820663267e-15,0.01263486291281879
4526,ISM,1287,1970,30,109,17.766589638763797,0.11168132872326386,0.18394955107942224
4527,DI,1287,1970,30,110,1.6077873970362417e-13,6.106226635438361e-15,0.08605468296445906
4528,WMI,1287,1970,30,110,1.6415256074787458e-13,5.440092820663267e-15,0.012173731112852693
4529,ISM,1287,1970,30,110,17.766589638763797,0.11168132872326386,0.18330066208727658
4530,DI,1287,1970,30,111,1.6077873970362417e-13,6.106226635438361e-15,0.08723321394063532
4531,WMI,1287,1970,30,111,1.6415256074787458e-13,5.440092820663267e-15,0.012261628871783614
4532,ISM,1287,1970,30,111,17.766589638763797,0.11168132872326386,0.18642877298407257
4533,DI,1287,1970,30,112,1.6077873970362417e-13,6.106226635438361e-15,0.08532621408812702
4534,WMI,1287,1970,30,112,1.6415256074787458e-13,5.440092820663267e-15,0.012250269996002316
4535,ISM,1287,1970,30,112,17.766589638763797,0.11168132872326386,0.1819133828394115
4536,DI,1287,1970,30,113,1.6077873970362417e-13,6.106226635438361e-15,0.08422811096534133
4537,WMI,1287,1970,30,113,1.6415256074787458e-13,5.440092820663267e-15,0.012061743065714836
4538,ISM,1287,1970,30,113,17.766589638763797,0.11168132872326386,0.18241291493177414
4539,DI,1287,1970,30,114,1.6077873970362417e-13,6.106226635438361e-15,0.08457605494186282
4540,WMI,1287,1970,30,114,1.6415256074787458e-13,5.440092820663267e-15,0.014193449169397354
4541,ISM,1287,1970,30,114,17.766589638763797,0.11168132872326386,0.18422793596982956
4542,DI,1287,1970,30,115,1.6077873970362417e-13,6.106226635438361e-15,0.08458906481973827
4543,WMI,1287,1970,30,115,1.6415256074787458e-13,5.440092820663267e-15,0.01223629992455244
4544,ISM,1287,1970,30,115,17.766589638763797,0.11168132872326386,0.1879533079918474
4545,DI,1287,1970,30,116,1.6077873970362417e-13,6.106226635438361e-15,0.08308085892349482
4546,WMI,1287,1970,30,116,1.6415256074787458e-13,5.440092820663267e-15,0.022933124098926783
4547,ISM,1287,1970,30,116,17.766589638763797,0.11168132872326386,0.21362210903316736
4548,DI,1287,1970,30,117,1.6077873970362417e-13,6.106226635438361e-15,0.18830621405504644
4549,WMI,1287,1970,30,117,1.6415256074787458e-13,5.440092820663267e-15,0.034820498898625374
4550,ISM,1287,1970,30,117,17.766589638763797,0.11168132872326386,0.2943608150817454
4551,DI,1287,1970,30,118,1.6077873970362417e-13,6.106226635438361e-15,0.17880313098430634
4552,WMI,1287,1970,30,118,1.6415256074787458e-13,5.440092820663267e-15,0.013346642022952437
4553,ISM,1287,1970,30,118,17.766589638763797,0.11168132872326386,0.2010513360146433
4554,DI,1287,1970,30,119,1.6077873970362417e-13,6.106226635438361e-15,0.08958152798004448
4555,WMI,1287,1970,30,119,1.6415256074787458e-13,5.440092820663267e-15,0.014283588156104088
4556,ISM,1287,1970,30,119,17.766589638763797,0.11168132872326386,0.198394046863541
4557,DI,1287,1970,30,120,1.6077873970362417e-13,6.106226635438361e-15,0.09375741193071008
4558,WMI,1287,1970,30,120,1.6415256074787458e-13,5.440092820663267e-15,0.013795455917716026
4559,ISM,1287,1970,30,120,17.766589638763797,0.11168132872326386,0.20860718796029687
4560,DI,1287,1970,30,121,1.6077873970362417e-13,6.106226635438361e-15,0.09076189994812012
4561,WMI,1287,1970,30,121,1.6415256074787458e-13,5.440092820663267e-15,0.013668488012626767
4562,ISM,1287,1970,30,121,17.766589638763797,0.11168132872326386,0.20625938405282795
4563,DI,1287,1970,30,122,1.6077873970362417e-13,6.106226635438361e-15,0.09385925089009106
4564,WMI,1287,1970,30,122,1.6415256074787458e-13,5.440092820663267e-15,0.01420694892294705
4565,ISM,1287,1970,30,122,17.766589638763797,0.11168132872326386,0.2235666650813073
4566,DI,1287,1970,30,123,1.6077873970362417e-13,6.106226635438361e-15,0.0926947200205177
4567,WMI,1287,1970,30,123,1.6415256074787458e-13,5.440092820663267e-15,0.013162406161427498
4568,ISM,1287,1970,30,123,17.766589638763797,0.11168132872326386,0.19871626212261617
4569,DI,1287,1970,30,124,1.6077873970362417e-13,6.106226635438361e-15,0.09238541382364929
4570,WMI,1287,1970,30,124,1.6415256074787458e-13,5.440092820663267e-15,0.0129582688678056
4571,ISM,1287,1970,30,124,17.766589638763797,0.11168132872326386,0.1884890808723867
4572,DI,1287,1970,30,125,1.6077873970362417e-13,6.106226635438361e-15,0.08890086808241904
4573,WMI,1287,1970,30,125,1.6415256074787458e-13,5.440092820663267e-15,0.013786016032099724
4574,ISM,1287,1970,30,125,17.766589638763797,0.11168132872326386,0.19244855921715498
4575,DI,1287,1970,30,126,1.6077873970362417e-13,6.106226635438361e-15,0.08890987909398973
4576,WMI,1287,1970,30,126,1.6415256074787458e-13,5.440092820663267e-15,0.012781190918758512
4577,ISM,1287,1970,30,126,17.766589638763797,0.11168132872326386,0.18583406205289066
4578,DI,1287,1970,30,127,1.6077873970362417e-13,6.106226635438361e-15,0.09337912895716727
4579,WMI,1287,1970,30,127,1.6415256074787458e-13,5.440092820663267e-15,0.015458520036190748
4580,ISM,1287,1970,30,127,17.766589638763797,0.11168132872326386,0.19384754681959748
4581,DI,1287,1970,30,128,1.6077873970362417e-13,6.106226635438361e-15,0.09002468991093338
4582,WMI,1287,1970,30,128,1.6415256074787458e-13,5.440092820663267e-15,0.012652843026444316
4583,ISM,1287,1970,30,128,17.766589638763797,0.11168132872326386,0.20120732299983501
4584,DI,1287,1970,30,129,1.6077873970362417e-13,6.106226635438361e-15,0.08834735699929297
4585,WMI,1287,1970,30,129,1.6415256074787458e-13,5.440092820663267e-15,0.012884018942713737
4586,ISM,1287,1970,30,129,17.766589638763797,0.11168132872326386,0.194070003926754
4587,DI,1287,1970,30,130,1.6077873970362417e-13,6.106226635438361e-15,0.08668466308154166
4588,WMI,1287,1970,30,130,1.6415256074787458e-13,5.440092820663267e-15,0.013002868043258786
4589,ISM,1287,1970,30,130,17.766589638763797,0.11168132872326386,0.19232664094306529
4590,DI,1287,1970,30,131,1.6077873970362417e-13,6.106226635438361e-15,0.08745934092439711
4591,WMI,1287,1970,30,131,1.6415256074787458e-13,5.440092820663267e-15,0.012629354139789939
4592,ISM,1287,1970,30,131,17.766589638763797,0.11168132872326386,0.18828488397412002
4593,DI,1287,1970,30,132,1.6077873970362417e-13,6.106226635438361e-15,0.08856791397556663
4594,WMI,1287,1970,30,132,1.6415256074787458e-13,5.440092820663267e-15,0.014234867878258228
4595,ISM,1287,1970,30,132,17.766589638763797,0.11168132872326386,0.2015059581026435
4596,DI,1287,1970,30,133,1.6077873970362417e-13,6.106226635438361e-15,0.09494885499589145
4597,WMI,1287,1970,30,133,1.6415256074787458e-13,5.440092820663267e-15,0.013584797969087958
4598,ISM,1287,1970,30,133,17.766589638763797,0.11168132872326386,0.2084944301750511
4599,DI,1287,1970,30,134,1.6077873970362417e-13,6.106226635438361e-15,0.08565435884520411
4600,WMI,1287,1970,30,134,1.6415256074787458e-13,5.440092820663267e-15,0.012162581086158752
4601,ISM,1287,1970,30,134,17.766589638763797,0.11168132872326386,0.2972081818152219
4602,DI,1287,1970,30,135,1.6077873970362417e-13,6.106226635438361e-15,0.10541107109747827
4603,WMI,1287,1970,30,135,1.6415256074787458e-13,5.440092820663267e-15,0.012816081056371331
4604,ISM,1287,1970,30,135,17.766589638763797,0.11168132872326386,0.20104682608507574
4605,DI,1287,1970,30,136,1.6077873970362417e-13,6.106226635438361e-15,0.08904125588014722
4606,WMI,1287,1970,30,136,1.6415256074787458e-13,5.440092820663267e-15,0.012175479903817177
4607,ISM,1287,1970,30,136,17.766589638763797,0.11168132872326386,0.19219043385237455
4608,DI,1287,1970,30,137,1.6077873970362417e-13,6.106226635438361e-15,0.08499749889597297
4609,WMI,1287,1970,30,137,1.6415256074787458e-13,5.440092820663267e-15,0.012243330013006926
4610,ISM,1287,1970,30,137,17.766589638763797,0.11168132872326386,0.17985771503299475
4611,DI,1287,1970,30,138,1.6077873970362417e-13,6.106226635438361e-15,0.08310258784331381
4612,WMI,1287,1970,30,138,1.6415256074787458e-13,5.440092820663267e-15,0.012157330987975001
4613,ISM,1287,1970,30,138,17.766589638763797,0.11168132872326386,0.17694084998220205
4614,DI,1287,1970,30,139,1.6077873970362417e-13,6.106226635438361e-15,0.08330152602866292
4615,WMI,1287,1970,30,139,1.6415256074787458e-13,5.440092820663267e-15,0.012170271016657352
4616,ISM,1287,1970,30,139,17.766589638763797,0.11168132872326386,0.1859014010988176
4617,DI,1287,1970,30,140,1.6077873970362417e-13,6.106226635438361e-15,0.08493985002860427
4618,WMI,1287,1970,30,140,1.6415256074787458e-13,5.440092820663267e-15,0.01192485517822206
4619,ISM,1287,1970,30,140,17.766589638763797,0.11168132872326386,0.18275783001445234
4620,DI,1287,1970,30,141,1.6077873970362417e-13,6.106226635438361e-15,0.08467481494881213
4621,WMI,1287,1970,30,141,1.6415256074787458e-13,5.440092820663267e-15,0.012226669816300273
4622,ISM,1287,1970,30,141,17.766589638763797,0.11168132872326386,0.1810958960559219
4623,DI,1287,1970,30,142,1.6077873970362417e-13,6.106226635438361e-15,0.08988996408879757
4624,WMI,1287,1970,30,142,1.6415256074787458e-13,5.440092820663267e-15,0.01304896711371839
4625,ISM,1287,1970,30,142,17.766589638763797,0.11168132872326386,0.1841008688788861
4626,DI,1287,1970,30,143,1.6077873970362417e-13,6.106226635438361e-15,0.0860592529643327
4627,WMI,1287,1970,30,143,1.6415256074787458e-13,5.440092820663267e-15,0.012493486050516367
4628,ISM,1287,1970,30,143,17.766589638763797,0.11168132872326386,0.18064084299840033
4629,DI,1287,1970,30,144,1.6077873970362417e-13,6.106226635438361e-15,0.0872864939738065
4630,WMI,1287,1970,30,144,1.6415256074787458e-13,5.440092820663267e-15,0.012831580126658082
4631,ISM,1287,1970,30,144,17.766589638763797,0.11168132872326386,0.1959132100455463
4632,DI,1287,1970,30,145,1.6077873970362417e-13,6.106226635438361e-15,0.09061946510337293
4633,WMI,1287,1970,30,145,1.6415256074787458e-13,5.440092820663267e-15,0.013076829025521874
4634,ISM,1287,1970,30,145,17.766589638763797,0.11168132872326386,0.20019054901786149
4635,DI,1287,1970,30,146,1.6077873970362417e-13,6.106226635438361e-15,0.08968464005738497
4636,WMI,1287,1970,30,146,1.6415256074787458e-13,5.440092820663267e-15,0.014543365919962525
4637,ISM,1287,1970,30,146,17.766589638763797,0.11168132872326386,0.20159001694992185
4638,DI,1287,1970,30,147,1.6077873970362417e-13,6.106226635438361e-15,0.08811174402944744
4639,WMI,1287,1970,30,147,1.6415256074787458e-13,5.440092820663267e-15,0.01306796888820827
4640,ISM,1287,1970,30,147,17.766589638763797,0.11168132872326386,0.19942965102382004
4641,DI,1287,1970,30,148,1.6077873970362417e-13,6.106226635438361e-15,0.08935924409888685
4642,WMI,1287,1970,30,148,1.6415256074787458e-13,5.440092820663267e-15,0.012996020028367639
4643,ISM,1287,1970,30,148,17.766589638763797,0.11168132872326386,0.2040738391224295
4644,DI,1287,1970,30,149,1.6077873970362417e-13,6.106226635438361e-15,0.08571128104813397
4645,WMI,1287,1970,30,149,1.6415256074787458e-13,5.440092820663267e-15,0.01496685016900301
4646,ISM,1287,1970,30,149,17.766589638763797,0.11168132872326386,0.20055163302458823
4647,DI,1287,1970,30,150,1.6077873970362417e-13,6.106226635438361e-15,0.09218226093798876
4648,WMI,1287,1970,30,150,1.6415256074787458e-13,5.440092820663267e-15,0.012132812989875674
4649,ISM,1287,1970,30,150,17.766589638763797,0.11168132872326386,0.20103176613338292
4650,DI,1287,1970,30,151,1.6077873970362417e-13,6.106226635438361e-15,0.0915745000820607
4651,WMI,1287,1970,30,151,1.6415256074787458e-13,5.440092820663267e-15,0.013987544924020767
4652,ISM,1287,1970,30,151,17.766589638763797,0.11168132872326386,0.21441351901739836
4653,DI,1287,1970,30,152,1.6077873970362417e-13,6.106226635438361e-15,0.08583634905517101
4654,WMI,1287,1970,30,152,1.6415256074787458e-13,5.440092820663267e-15,0.013049098895862699
4655,ISM,1287,1970,30,152,17.766589638763797,0.11168132872326386,0.2021593078970909
4656,DI,1287,1970,30,153,1.6077873970362417e-13,6.106226635438361e-15,0.13897748105227947
4657,WMI,1287,1970,30,153,1.6415256074787458e-13,5.440092820663267e-15,0.018153811106458306
4658,ISM,1287,1970,30,153,17.766589638763797,0.11168132872326386,0.19890606799162924
4659,DI,1287,1970,30,154,1.6077873970362417e-13,6.106226635438361e-15,0.09669535211287439
4660,WMI,1287,1970,30,154,1.6415256074787458e-13,5.440092820663267e-15,0.013298214878886938
4661,ISM,1287,1970,30,154,17.766589638763797,0.11168132872326386,0.18826325214467943
4662,DI,1287,1970,30,155,1.6077873970362417e-13,6.106226635438361e-15,0.08608176512643695
4663,WMI,1287,1970,30,155,1.6415256074787458e-13,5.440092820663267e-15,0.01254395698197186
4664,ISM,1287,1970,30,155,17.766589638763797,0.11168132872326386,0.1870790699031204
4665,DI,1287,1970,30,156,1.6077873970362417e-13,6.106226635438361e-15,0.08440961083397269
4666,WMI,1287,1970,30,156,1.6415256074787458e-13,5.440092820663267e-15,0.013015099102631211
4667,ISM,1287,1970,30,156,17.766589638763797,0.11168132872326386,0.18344320682808757
4668,DI,1287,1970,30,157,1.6077873970362417e-13,6.106226635438361e-15,0.08476124494336545
4669,WMI,1287,1970,30,157,1.6415256074787458e-13,5.440092820663267e-15,0.012654995080083609
4670,ISM,1287,1970,30,157,17.766589638763797,0.11168132872326386,0.18230763380415738
4671,DI,1287,1970,30,158,1.6077873970362417e-13,6.106226635438361e-15,0.08555736299604177
4672,WMI,1287,1970,30,158,1.6415256074787458e-13,5.440092820663267e-15,0.01232860004529357
4673,ISM,1287,1970,30,158,17.766589638763797,0.11168132872326386,0.17799077997915447
4674,DI,1287,1970,30,159,1.6077873970362417e-13,6.106226635438361e-15,0.08536670613102615
4675,WMI,1287,1970,30,159,1.6415256074787458e-13,5.440092820663267e-15,0.012969570001587272
4676,ISM,1287,1970,30,159,17.766589638763797,0.11168132872326386,0.19077525311149657
4677,DI,1287,1970,30,160,1.6077873970362417e-13,6.106226635438361e-15,0.08895443007349968
4678,WMI,1287,1970,30,160,1.6415256074787458e-13,5.440092820663267e-15,0.013480472145602107
4679,ISM,1287,1970,30,160,17.766589638763797,0.11168132872326386,0.19214667193591595
4680,DI,1287,1970,30,161,1.6077873970362417e-13,6.106226635438361e-15,0.08840245008468628
4681,WMI,1287,1970,30,161,1.6415256074787458e-13,5.440092820663267e-15,0.013030219124630094
4682,ISM,1287,1970,30,161,17.766589638763797,0.11168132872326386,0.18530422705225646
4683,DI,1287,1970,30,162,1.6077873970362417e-13,6.106226635438361e-15,0.08566285204142332
4684,WMI,1287,1970,30,162,1.6415256074787458e-13,5.440092820663267e-15,0.012677644146606326
4685,ISM,1287,1970,30,162,17.766589638763797,0.11168132872326386,0.1813100390136242
4686,DI,1287,1970,30,163,1.6077873970362417e-13,6.106226635438361e-15,0.0847259049769491
4687,WMI,1287,1970,30,163,1.6415256074787458e-13,5.440092820663267e-15,0.012220061849802732
4688,ISM,1287,1970,30,163,17.766589638763797,0.11168132872326386,0.1815064458642155
4689,DI,1287,1970,30,164,1.6077873970362417e-13,6.106226635438361e-15,0.08602047595195472
4690,WMI,1287,1970,30,164,1.6415256074787458e-13,5.440092820663267e-15,0.013230816926807165
4691,ISM,1287,1970,30,164,17.766589638763797,0.11168132872326386,0.18270265799947083
4692,DI,1287,1970,30,165,1.6077873970362417e-13,6.106226635438361e-15,0.08718388783745468
4693,WMI,1287,1970,30,165,1.6415256074787458e-13,5.440092820663267e-15,0.023379059974104166
4694,ISM,1287,1970,30,165,17.766589638763797,0.11168132872326386,0.3783063169103116
4695,DI,1287,1970,30,166,1.6077873970362417e-13,6.106226635438361e-15,0.12770715402439237
4696,WMI,1287,1970,30,166,1.6415256074787458e-13,5.440092820663267e-15,0.012190281879156828
4697,ISM,1287,1970,30,166,17.766589638763797,0.11168132872326386,0.1710079580079764
4698,DI,1287,1970,30,167,1.6077873970362417e-13,6.106226635438361e-15,0.08398123807273805
4699,WMI,1287,1970,30,167,1.6415256074787458e-13,5.440092820663267e-15,0.012858201982453465
4700,ISM,1287,1970,30,167,17.766589638763797,0.11168132872326386,0.17289796890690923
4701,DI,1287,1970,30,168,1.6077873970362417e-13,6.106226635438361e-15,0.08697836101055145
4702,WMI,1287,1970,30,168,1.6415256074787458e-13,5.440092820663267e-15,0.012217712122946978
4703,ISM,1287,1970,30,168,17.766589638763797,0.11168132872326386,0.18569826195016503
4704,DI,1287,1970,30,169,1.6077873970362417e-13,6.106226635438361e-15,0.08717078808695078
4705,WMI,1287,1970,30,169,1.6415256074787458e-13,5.440092820663267e-15,0.012094274163246155
4706,ISM,1287,1970,30,169,17.766589638763797,0.11168132872326386,0.18129853904247284
4707,DI,1287,1970,30,170,1.6077873970362417e-13,6.106226635438361e-15,0.0848576130811125
4708,WMI,1287,1970,30,170,1.6415256074787458e-13,5.440092820663267e-15,0.012361638946458697
4709,ISM,1287,1970,30,170,17.766589638763797,0.11168132872326386,0.18140371795743704
4710,DI,1287,1970,30,171,1.6077873970362417e-13,6.106226635438361e-15,0.08425860293209553
4711,WMI,1287,1970,30,171,1.6415256074787458e-13,5.440092820663267e-15,0.012119373073801398
4712,ISM,1287,1970,30,171,17.766589638763797,0.11168132872326386,0.18148285616189241
4713,DI,1287,1970,30,172,1.6077873970362417e-13,6.106226635438361e-15,0.08460398693569005
4714,WMI,1287,1970,30,172,1.6415256074787458e-13,5.440092820663267e-15,0.012084993999451399
4715,ISM,1287,1970,30,172,17.766589638763797,0.11168132872326386,0.18312157108448446
4716,DI,1287,1970,30,173,1.6077873970362417e-13,6.106226635438361e-15,0.0838794691953808
4717,WMI,1287,1970,30,173,1.6415256074787458e-13,5.440092820663267e-15,0.012264111079275608
4718,ISM,1287,1970,30,173,17.766589638763797,0.11168132872326386,0.17963994503952563
4719,DI,1287,1970,30,174,1.6077873970362417e-13,6.106226635438361e-15,0.08422775403596461
4720,WMI,1287,1970,30,174,1.6415256074787458e-13,5.440092820663267e-15,0.012344100046902895
4721,ISM,1287,1970,30,174,17.766589638763797,0.11168132872326386,0.18008614797145128
4722,DI,1287,1970,30,175,1.6077873970362417e-13,6.106226635438361e-15,0.0840653758496046
4723,WMI,1287,1970,30,175,1.6415256074787458e-13,5.440092820663267e-15,0.012577485991641879
4724,ISM,1287,1970,30,175,17.766589638763797,0.11168132872326386,0.18104273406788707
4725,DI,1287,1970,30,176,1.6077873970362417e-13,6.106226635438361e-15,0.08557309280149639
4726,WMI,1287,1970,30,176,1.6415256074787458e-13,5.440092820663267e-15,0.012243940960615873
4727,ISM,1287,1970,30,176,17.766589638763797,0.11168132872326386,0.18037408380769193
4728,DI,1287,1970,30,177,1.6077873970362417e-13,6.106226635438361e-15,0.08460863796062768
4729,WMI,1287,1970,30,177,1.6415256074787458e-13,5.440092820663267e-15,0.012333731167018414
4730,ISM,1287,1970,30,177,17.766589638763797,0.11168132872326386,0.1804513728711754
4731,DI,1287,1970,30,178,1.6077873970362417e-13,6.106226635438361e-15,0.08322176919318736
4732,WMI,1287,1970,30,178,1.6415256074787458e-13,5.440092820663267e-15,0.01237769890576601
4733,ISM,1287,1970,30,178,17.766589638763797,0.11168132872326386,0.18098578415811062
4734,DI,1287,1970,30,179,1.6077873970362417e-13,6.106226635438361e-15,0.08421863312833011
4735,WMI,1287,1970,30,179,1.6415256074787458e-13,5.440092820663267e-15,0.012464728904888034
4736,ISM,1287,1970,30,179,17.766589638763797,0.11168132872326386,0.1782287370879203
4737,DI,1287,1970,30,180,1.6077873970362417e-13,6.106226635438361e-15,0.08514950913377106
4738,WMI,1287,1970,30,180,1.6415256074787458e-13,5.440092820663267e-15,0.012161782011389732
4739,ISM,1287,1970,30,180,17.766589638763797,0.11168132872326386,0.18147837603464723
4740,DI,1287,1970,30,181,1.6077873970362417e-13,6.106226635438361e-15,0.08519021794199944
4741,WMI,1287,1970,30,181,1.6415256074787458e-13,5.440092820663267e-15,0.012058784021064639
4742,ISM,1287,1970,30,181,17.766589638763797,0.11168132872326386,0.18235053401440382
4743,DI,1287,1970,30,182,1.6077873970362417e-13,6.106226635438361e-15,0.08359644305892289
4744,WMI,1287,1970,30,182,1.6415256074787458e-13,5.440092820663267e-15,0.012168893124908209
4745,ISM,1287,1970,30,182,17.766589638763797,0.11168132872326386,0.1810177240986377
4746,DI,1287,1970,30,183,1.6077873970362417e-13,6.106226635438361e-15,0.08426647307351232
4747,WMI,1287,1970,30,183,1.6415256074787458e-13,5.440092820663267e-15,0.013666640035808086
4748,ISM,1287,1970,30,183,17.766589638763797,0.11168132872326386,0.17520925286225975
4749,DI,1287,1970,30,184,1.6077873970362417e-13,6.106226635438361e-15,0.08299561310559511
4750,WMI,1287,1970,30,184,1.6415256074787458e-13,5.440092820663267e-15,0.012035594088956714
4751,ISM,1287,1970,30,184,17.766589638763797,0.11168132872326386,0.17096866806969047
4752,DI,1287,1970,30,185,1.6077873970362417e-13,6.106226635438361e-15,0.08434120193123817
4753,WMI,1287,1970,30,185,1.6415256074787458e-13,5.440092820663267e-15,0.011990045895799994
4754,ISM,1287,1970,30,185,17.766589638763797,0.11168132872326386,0.17964216507971287
4755,DI,1287,1970,30,186,1.6077873970362417e-13,6.106226635438361e-15,0.0842154030688107
4756,WMI,1287,1970,30,186,1.6415256074787458e-13,5.440092820663267e-15,0.011816018028184772
4757,ISM,1287,1970,30,186,17.766589638763797,0.11168132872326386,0.17433849605731666
4758,DI,1287,1970,30,187,1.6077873970362417e-13,6.106226635438361e-15,0.08098125387914479
4759,WMI,1287,1970,30,187,1.6415256074787458e-13,5.440092820663267e-15,0.011918397154659033
4760,ISM,1287,1970,30,187,17.766589638763797,0.11168132872326386,0.17374944617040455
4761,DI,1287,1970,30,188,1.6077873970362417e-13,6.106226635438361e-15,0.0837350320070982
4762,WMI,1287,1970,30,188,1.6415256074787458e-13,5.440092820663267e-15,0.01186936697922647
4763,ISM,1287,1970,30,188,17.766589638763797,0.11168132872326386,0.17464002198539674
4764,DI,1287,1970,30,189,1.6077873970362417e-13,6.106226635438361e-15,0.08392825815826654
4765,WMI,1287,1970,30,189,1.6415256074787458e-13,5.440092820663267e-15,0.012556997127830982
4766,ISM,1287,1970,30,189,17.766589638763797,0.11168132872326386,0.181881801225245
4767,DI,1287,1970,30,190,1.6077873970362417e-13,6.106226635438361e-15,0.08438575081527233
4768,WMI,1287,1970,30,190,1.6415256074787458e-13,5.440092820663267e-15,0.012283202027902007
4769,ISM,1287,1970,30,190,17.766589638763797,0.11168132872326386,0.18164321407675743
4770,DI,1287,1970,30,191,1.6077873970362417e-13,6.106226635438361e-15,0.084498728858307
4771,WMI,1287,1970,30,191,1.6415256074787458e-13,5.440092820663267e-15,0.01235922984778881
4772,ISM,1287,1970,30,191,17.766589638763797,0.11168132872326386,0.18360339384526014
4773,DI,1287,1970,30,192,1.6077873970362417e-13,6.106226635438361e-15,0.08429600181989372
4774,WMI,1287,1970,30,192,1.6415256074787458e-13,5.440092820663267e-15,0.01211017300374806
4775,ISM,1287,1970,30,192,17.766589638763797,0.11168132872326386,0.1854691761545837
4776,DI,1287,1970,30,193,1.6077873970362417e-13,6.106226635438361e-15,0.08806292386725545
4777,WMI,1287,1970,30,193,1.6415256074787458e-13,5.440092820663267e-15,0.016069412929937243
4778,ISM,1287,1970,30,193,17.766589638763797,0.11168132872326386,0.1911338281352073
4779,DI,1287,1970,30,194,1.6077873970362417e-13,6.106226635438361e-15,0.09406158188357949
4780,WMI,1287,1970,30,194,1.6415256074787458e-13,5.440092820663267e-15,0.012491387780755758
4781,ISM,1287,1970,30,194,17.766589638763797,0.11168132872326386,0.19914743397384882
4782,DI,1287,1970,30,195,1.6077873970362417e-13,6.106226635438361e-15,0.09465313283726573
4783,WMI,1287,1970,30,195,1.6415256074787458e-13,5.440092820663267e-15,0.041979453060775995
4784,ISM,1287,1970,30,195,17.766589638763797,0.11168132872326386,0.1833343179896474
4785,DI,1287,1970,30,196,1.6077873970362417e-13,6.106226635438361e-15,0.08460331801325083
4786,WMI,1287,1970,30,196,1.6415256074787458e-13,5.440092820663267e-15,0.01220746198669076
4787,ISM,1287,1970,30,196,17.766589638763797,0.11168132872326386,0.18285368499346077
4788,DI,1287,1970,30,197,1.6077873970362417e-13,6.106226635438361e-15,0.08490279293619096
4789,WMI,1287,1970,30,197,1.6415256074787458e-13,5.440092820663267e-15,0.012438617879524827
4790,ISM,1287,1970,30,197,17.766589638763797,0.11168132872326386,0.18174570193514228
4791,DI,1287,1970,30,198,1.6077873970362417e-13,6.106226635438361e-15,0.084870764054358
4792,WMI,1287,1970,30,198,1.6415256074787458e-13,5.440092820663267e-15,0.012245901161804795
4793,ISM,1287,1970,30,198,17.766589638763797,0.11168132872326386,0.1820160080678761
4794,DI,1287,1970,30,199,1.6077873970362417e-13,6.106226635438361e-15,0.08401234680786729
4795,WMI,1287,1970,30,199,1.6415256074787458e-13,5.440092820663267e-15,0.012696524849161506
4796,ISM,1287,1970,30,199,17.766589638763797,0.11168132872326386,0.17717673303559422
4797,DI,1287,1970,30,200,1.6077873970362417e-13,6.106226635438361e-15,0.08141683717258275
4798,WMI,1287,1970,30,200,1.6415256074787458e-13,5.440092820663267e-15,0.012348860036581755
4799,ISM,1287,1970,30,200,17.766589638763797,0.11168132872326386,0.1720079118385911
4800,DI,1287,1960,40,1,1.6076181404684355e-13,5.551115123125783e-15,0.08165542385540903
4801,WMI,1287,1960,40,1,1.6627388455990408e-13,5.551115123125783e-15,0.012932491023093462
4802,ISM,1287,1960,40,1,20.82128376023636,0.1424121141084702,0.24276525294408202
4803,DI,1287,1960,40,2,1.6076181404684355e-13,5.551115123125783e-15,0.07469865004532039
4804,WMI,1287,1960,40,2,1.6627388455990408e-13,5.551115123125783e-15,0.009234348079189658
4805,ISM,1287,1960,40,2,20.82128376023636,0.1424121141084702,0.14243567688390613
4806,DI,1287,1960,40,3,1.6076181404684355e-13,5.551115123125783e-15,0.08284812490455806
4807,WMI,1287,1960,40,3,1.6627388455990408e-13,5.551115123125783e-15,0.013116168091073632
4808,ISM,1287,1960,40,3,20.82128376023636,0.1424121141084702,0.24253869708627462
4809,DI,1287,1960,40,4,1.6076181404684355e-13,5.551115123125783e-15,0.07440326502546668
4810,WMI,1287,1960,40,4,1.6627388455990408e-13,5.551115123125783e-15,0.009206118993461132
4811,ISM,1287,1960,40,4,20.82128376023636,0.1424121141084702,0.14237283915281296
4812,DI,1287,1960,40,5,1.6076181404684355e-13,5.551115123125783e-15,0.08415964501909912
4813,WMI,1287,1960,40,5,1.6627388455990408e-13,5.551115123125783e-15,0.013994363835081458
4814,ISM,1287,1960,40,5,20.82128376023636,0.1424121141084702,0.2357753710821271
4815,DI,1287,1960,40,6,1.6076181404684355e-13,5.551115123125783e-15,0.07545935898087919
4816,WMI,1287,1960,40,6,1.6627388455990408e-13,5.551115123125783e-15,0.01000567595474422
4817,ISM,1287,1960,40,6,20.82128376023636,0.1424121141084702,0.14297130005434155
4818,DI,1287,1960,40,7,1.6076181404684355e-13,5.551115123125783e-15,0.08322690916247666
4819,WMI,1287,1960,40,7,1.6627388455990408e-13,5.551115123125783e-15,0.013560060877352953
4820,ISM,1287,1960,40,7,20.82128376023636,0.1424121141084702,0.2516766469925642
4821,DI,1287,1960,40,8,1.6076181404684355e-13,5.551115123125783e-15,0.076717538991943
4822,WMI,1287,1960,40,8,1.6627388455990408e-13,5.551115123125783e-15,0.009549022885039449
4823,ISM,1287,1960,40,8,20.82128376023636,0.1424121141084702,0.14773985603824258
4824,DI,1287,1960,40,9,1.6076181404684355e-13,5.551115123125783e-15,0.08554347418248653
4825,WMI,1287,1960,40,9,1.6627388455990408e-13,5.551115123125783e-15,0.014300029957666993
4826,ISM,1287,1960,40,9,20.82128376023636,0.1424121141084702,0.23766378196887672
4827,DI,1287,1960,40,10,1.6076181404684355e-13,5.551115123125783e-15,0.07427152595482767
4828,WMI,1287,1960,40,10,1.6627388455990408e-13,5.551115123125783e-15,0.009412745013833046
4829,ISM,1287,1960,40,10,20.82128376023636,0.1424121141084702,0.1410930589772761
4830,DI,1287,1960,40,11,1.6076181404684355e-13,5.551115123125783e-15,0.0830302219837904
4831,WMI,1287,1960,40,11,1.6627388455990408e-13,5.551115123125783e-15,0.013126988196745515
4832,ISM,1287,1960,40,11,20.82128376023636,0.1424121141084702,0.23595816805027425
4833,DI,1287,1960,40,12,1.6076181404684355e-13,5.551115123125783e-15,0.07557785604149103
4834,WMI,1287,1960,40,12,1.6627388455990408e-13,5.551115123125783e-15,0.00922462809830904
4835,ISM,1287,1960,40,12,20.82128376023636,0.1424121141084702,0.14181194710545242
4836,DI,1287,1960,40,13,1.6076181404684355e-13,5.551115123125783e-15,0.08302097185514867
4837,WMI,1287,1960,40,13,1.6627388455990408e-13,5.551115123125783e-15,0.013036850141361356
4838,ISM,1287,1960,40,13,20.82128376023636,0.1424121141084702,0.23772431095130742
4839,DI,1287,1960,40,14,1.6076181404684355e-13,5.551115123125783e-15,0.0745957219041884
4840,WMI,1287,1960,40,14,1.6627388455990408e-13,5.551115123125783e-15,0.009401635034009814
4841,ISM,1287,1960,40,14,20.82128376023636,0.1424121141084702,0.1410962890367955
4842,DI,1287,1960,40,15,1.6076181404684355e-13,5.551115123125783e-15,0.08402101695537567
4843,WMI,1287,1960,40,15,1.6627388455990408e-13,5.551115123125783e-15,0.012992509873583913
4844,ISM,1287,1960,40,15,20.82128376023636,0.1424121141084702,0.23667470691725612
4845,DI,1287,1960,40,16,1.6076181404684355e-13,5.551115123125783e-15,0.07711550290696323
4846,WMI,1287,1960,40,16,1.6627388455990408e-13,5.551115123125783e-15,0.009354335954412818
4847,ISM,1287,1960,40,16,20.82128376023636,0.1424121141084702,0.1508780070580542
4848,DI,1287,1960,40,17,1.6076181404684355e-13,5.551115123125783e-15,0.08407012606039643
4849,WMI,1287,1960,40,17,1.6627388455990408e-13,5.551115123125783e-15,0.01319109695032239
4850,ISM,1287,1960,40,17,20.82128376023636,0.1424121141084702,0.2535695871338248
4851,DI,1287,1960,40,18,1.6076181404684355e-13,5.551115123125783e-15,0.07656064187176526
4852,WMI,1287,1960,40,18,1.6627388455990408e-13,5.551115123125783e-15,0.009548282949253917
4853,ISM,1287,1960,40,18,20.82128376023636,0.1424121141084702,0.1537426528520882
4854,DI,1287,1960,40,19,1.6076181404684355e-13,5.551115123125783e-15,0.08281245594844222
4855,WMI,1287,1960,40,19,1.6627388455990408e-13,5.551115123125783e-15,0.01322577684186399
4856,ISM,1287,1960,40,19,20.82128376023636,0.1424121141084702,0.23737201606854796
4857,DI,1287,1960,40,20,1.6076181404684355e-13,5.551115123125783e-15,0.07470707991160452
4858,WMI,1287,1960,40,20,1.6627388455990408e-13,5.551115123125783e-15,0.009387135040014982
4859,ISM,1287,1960,40,20,20.82128376023636,0.1424121141084702,0.14165510120801628
4860,DI,1287,1960,40,21,1.6076181404684355e-13,5.551115123125783e-15,0.08337077707983553
4861,WMI,1287,1960,40,21,1.6627388455990408e-13,5.551115123125783e-15,0.012818353017792106
4862,ISM,1287,1960,40,21,20.82128376023636,0.1424121141084702,0.23708090116269886
4863,DI,1287,1960,40,22,1.6076181404684355e-13,5.551115123125783e-15,0.0748997968621552
4864,WMI,1287,1960,40,22,1.6627388455990408e-13,5.551115123125783e-15,0.009736131178215146
4865,ISM,1287,1960,40,22,20.82128376023636,0.1424121141084702,0.14570241700857878
4866,DI,1287,1960,40,23,1.6076181404684355e-13,5.551115123125783e-15,0.08257545810192823
4867,WMI,1287,1960,40,23,1.6627388455990408e-13,5.551115123125783e-15,0.012886031996458769
4868,ISM,1287,1960,40,23,20.82128376023636,0.1424121141084702,0.23630936304107308
4869,DI,1287,1960,40,24,1.6076181404684355e-13,5.551115123125783e-15,0.075915482128039
4870,WMI,1287,1960,40,24,1.6627388455990408e-13,5.551115123125783e-15,0.00934038613922894
4871,ISM,1287,1960,40,24,20.82128376023636,0.1424121141084702,0.1427645729854703
4872,DI,1287,1960,40,25,1.6076181404684355e-13,5.551115123125783e-15,0.0820104070007801
4873,WMI,1287,1960,40,25,1.6627388455990408e-13,5.551115123125783e-15,0.012732034083455801
4874,ISM,1287,1960,40,25,20.82128376023636,0.1424121141084702,0.23483307613059878
4875,DI,1287,1960,40,26,1.6076181404684355e-13,5.551115123125783e-15,0.07779420213773847
4876,WMI,1287,1960,40,26,1.6627388455990408e-13,5.551115123125783e-15,0.009501353837549686
4877,ISM,1287,1960,40,26,20.82128376023636,0.1424121141084702,0.14709739293903112
4878,DI,1287,1960,40,27,1.6076181404684355e-13,5.551115123125783e-15,0.08492394397035241
4879,WMI,1287,1960,40,27,1.6627388455990408e-13,5.551115123125783e-15,0.01337705203332007
4880,ISM,1287,1960,40,27,20.82128376023636,0.1424121141084702,0.25437699700705707
4881,DI,1287,1960,40,28,1.6076181404684355e-13,5.551115123125783e-15,0.07683943887241185
4882,WMI,1287,1960,40,28,1.6627388455990408e-13,5.551115123125783e-15,0.00940472399815917
4883,ISM,1287,1960,40,28,20.82128376023636,0.1424121141084702,0.14978974894620478
4884,DI,1287,1960,40,29,1.6076181404684355e-13,5.551115123125783e-15,0.08493287395685911
4885,WMI,1287,1960,40,29,1.6627388455990408e-13,5.551115123125783e-15,0.013636979041621089
4886,ISM,1287,1960,40,29,20.82128376023636,0.1424121141084702,0.24913912918418646
4887,DI,1287,1960,40,30,1.6076181404684355e-13,5.551115123125783e-15,0.0755112289916724
4888,WMI,1287,1960,40,30,1.6627388455990408e-13,5.551115123125783e-15,0.009500273037701845
4889,ISM,1287,1960,40,30,20.82128376023636,0.1424121141084702,0.14903234015218914
4890,DI,1287,1960,40,31,1.6076181404684355e-13,5.551115123125783e-15,0.08446198096498847
4891,WMI,1287,1960,40,31,1.6627388455990408e-13,5.551115123125783e-15,0.014508374966681004
4892,ISM,1287,1960,40,31,20.82128376023636,0.1424121141084702,0.25233346899040043
4893,DI,1287,1960,40,32,1.6076181404684355e-13,5.551115123125783e-15,0.08036600495688617
4894,WMI,1287,1960,40,32,1.6627388455990408e-13,5.551115123125783e-15,0.009440894005820155
4895,ISM,1287,1960,40,32,20.82128376023636,0.1424121141084702,0.1488698332104832
4896,DI,1287,1960,40,33,1.6076181404684355e-13,5.551115123125783e-15,0.08532996801659465
4897,WMI,1287,1960,40,33,1.6627388455990408e-13,5.551115123125783e-15,0.013191144913434982
4898,ISM,1287,1960,40,33,20.82128376023636,0.1424121141084702,0.25094851991161704
4899,DI,1287,1960,40,34,1.6076181404684355e-13,5.551115123125783e-15,0.07677568984217942
4900,WMI,1287,1960,40,34,1.6627388455990408e-13,5.551115123125783e-15,0.009563642088323832
4901,ISM,1287,1960,40,34,20.82128376023636,0.1424121141084702,0.15180937782861292
4902,DI,1287,1960,40,35,1.6076181404684355e-13,5.551115123125783e-15,0.08557389420457184
4903,WMI,1287,1960,40,35,1.6627388455990408e-13,5.551115123125783e-15,0.01317175617441535
4904,ISM,1287,1960,40,35,20.82128376023636,0.1424121141084702,0.25016959314234555
4905,DI,1287,1960,40,36,1.6076181404684355e-13,5.551115123125783e-15,0.07633961690589786
4906,WMI,1287,1960,40,36,1.6627388455990408e-13,5.551115123125783e-15,0.009371844818815589
4907,ISM,1287,1960,40,36,20.82128376023636,0.1424121141084702,0.15060350601561368
4908,DI,1287,1960,40,37,1.6076181404684355e-13,5.551115123125783e-15,0.08546355599537492
4909,WMI,1287,1960,40,37,1.6627388455990408e-13,5.551115123125783e-15,0.014264259021729231
4910,ISM,1287,1960,40,37,20.82128376023636,0.1424121141084702,0.2497172700241208
4911,DI,1287,1960,40,38,1.6076181404684355e-13,5.551115123125783e-15,0.07517312420532107
4912,WMI,1287,1960,40,38,1.6627388455990408e-13,5.551115123125783e-15,0.009417574154213071
4913,ISM,1287,1960,40,38,20.82128376023636,0.1424121141084702,0.14277411717921495
4914,DI,1287,1960,40,39,1.6076181404684355e-13,5.551115123125783e-15,0.08287088619545102
4915,WMI,1287,1960,40,39,1.6627388455990408e-13,5.551115123125783e-15,0.013307943008840084
4916,ISM,1287,1960,40,39,20.82128376023636,0.1424121141084702,0.23805659101344645
4917,DI,1287,1960,40,40,1.6076181404684355e-13,5.551115123125783e-15,0.07449794583953917
4918,WMI,1287,1960,40,40,1.6627388455990408e-13,5.551115123125783e-15,0.009372274857014418
4919,ISM,1287,1960,40,40,20.82128376023636,0.1424121141084702,0.14705420099198818
4920,DI,1287,1960,40,41,1.6076181404684355e-13,5.551115123125783e-15,0.08229314419440925
4921,WMI,1287,1960,40,41,1.6627388455990408e-13,5.551115123125783e-15,0.013081636978313327
4922,ISM,1287,1960,40,41,20.82128376023636,0.1424121141084702,0.23740811995230615
4923,DI,1287,1960,40,42,1.6076181404684355e-13,5.551115123125783e-15,0.0747448408510536
4924,WMI,1287,1960,40,42,1.6627388455990408e-13,5.551115123125783e-15,0.009267935995012522
4925,ISM,1287,1960,40,42,20.82128376023636,0.1424121141084702,0.14259349997155368
4926,DI,1287,1960,40,43,1.6076181404684355e-13,5.551115123125783e-15,0.08317402098327875
4927,WMI,1287,1960,40,43,1.6627388455990408e-13,5.551115123125783e-15,0.013045907020568848
4928,ISM,1287,1960,40,43,20.82128376023636,0.1424121141084702,0.2361543399747461
4929,DI,1287,1960,40,44,1.6076181404684355e-13,5.551115123125783e-15,0.07397703314200044
4930,WMI,1287,1960,40,44,1.6627388455990408e-13,5.551115123125783e-15,0.009268865920603275
4931,ISM,1287,1960,40,44,20.82128376023636,0.1424121141084702,0.14248688193038106
4932,DI,1287,1960,40,45,1.6076181404684355e-13,5.551115123125783e-15,0.08361476403661072
4933,WMI,1287,1960,40,45,1.6627388455990408e-13,5.551115123125783e-15,0.013009747955948114
4934,ISM,1287,1960,40,45,20.82128376023636,0.1424121141084702,0.2514316828455776
4935,DI,1287,1960,40,46,1.6076181404684355e-13,5.551115123125783e-15,0.07687295903451741
4936,WMI,1287,1960,40,46,1.6627388455990408e-13,5.551115123125783e-15,0.00954264192841947
4937,ISM,1287,1960,40,46,20.82128376023636,0.1424121141084702,0.14907046896405518
4938,DI,1287,1960,40,47,1.6076181404684355e-13,5.551115123125783e-15,0.08612553682178259
4939,WMI,1287,1960,40,47,1.6627388455990408e-13,5.551115123125783e-15,0.014795063063502312
4940,ISM,1287,1960,40,47,20.82128376023636,0.1424121141084702,0.23731147591024637
4941,DI,1287,1960,40,48,1.6076181404684355e-13,5.551115123125783e-15,0.07498420914635062
4942,WMI,1287,1960,40,48,1.6627388455990408e-13,5.551115123125783e-15,0.009333177004009485
4943,ISM,1287,1960,40,48,20.82128376023636,0.1424121141084702,0.1405448019504547
4944,DI,1287,1960,40,49,1.6076181404684355e-13,5.551115123125783e-15,0.08251928188838065
4945,WMI,1287,1960,40,49,1.6627388455990408e-13,5.551115123125783e-15,0.012804062804207206
4946,ISM,1287,1960,40,49,20.82128376023636,0.1424121141084702,0.23955753189511597
4947,DI,1287,1960,40,50,1.6076181404684355e-13,5.551115123125783e-15,0.0752073850017041
4948,WMI,1287,1960,40,50,1.6627388455990408e-13,5.551115123125783e-15,0.009309627115726471
4949,ISM,1287,1960,40,50,20.82128376023636,0.1424121141084702,0.14292168500833213
4950,DI,1287,1960,40,51,1.6076181404684355e-13,5.551115123125783e-15,0.08376388298347592
4951,WMI,1287,1960,40,51,1.6627388455990408e-13,5.551115123125783e-15,0.012978520011529326
4952,ISM,1287,1960,40,51,20.82128376023636,0.1424121141084702,0.2455575200729072
4953,DI,1287,1960,40,52,1.6076181404684355e-13,5.551115123125783e-15,0.07628778903745115
4954,WMI,1287,1960,40,52,1.6627388455990408e-13,5.551115123125783e-15,0.009374316083267331
4955,ISM,1287,1960,40,52,20.82128376023636,0.1424121141084702,0.14280397701077163
4956,DI,1287,1960,40,53,1.6076181404684355e-13,5.551115123125783e-15,0.08377360389567912
4957,WMI,1287,1960,40,53,1.6627388455990408e-13,5.551115123125783e-15,0.01275954395532608
4958,ISM,1287,1960,40,53,20.82128376023636,0.1424121141084702,0.23731424589641392
4959,DI,1287,1960,40,54,1.6076181404684355e-13,5.551115123125783e-15,0.07484730100259185
4960,WMI,1287,1960,40,54,1.6627388455990408e-13,5.551115123125783e-15,0.00924746785312891
4961,ISM,1287,1960,40,54,20.82128376023636,0.1424121141084702,0.14989316905848682
4962,DI,1287,1960,40,55,1.6076181404684355e-13,5.551115123125783e-15,0.08451091195456684
4963,WMI,1287,1960,40,55,1.6627388455990408e-13,5.551115123125783e-15,0.015710989013314247
4964,ISM,1287,1960,40,55,20.82128376023636,0.1424121141084702,0.2502921170089394
4965,DI,1287,1960,40,56,1.6076181404684355e-13,5.551115123125783e-15,0.07654772512614727
4966,WMI,1287,1960,40,56,1.6627388455990408e-13,5.551115123125783e-15,0.009423555107787251
4967,ISM,1287,1960,40,56,20.82128376023636,0.1424121141084702,0.14731963793747127
4968,DI,1287,1960,40,57,1.6076181404684355e-13,5.551115123125783e-15,0.08502085483632982
4969,WMI,1287,1960,40,57,1.6627388455990408e-13,5.551115123125783e-15,0.013362893834710121
4970,ISM,1287,1960,40,57,20.82128376023636,0.1424121141084702,0.2479947020765394
4971,DI,1287,1960,40,58,1.6076181404684355e-13,5.551115123125783e-15,0.07757125911302865
4972,WMI,1287,1960,40,58,1.6627388455990408e-13,5.551115123125783e-15,0.009435924934223294
4973,ISM,1287,1960,40,58,20.82128376023636,0.1424121141084702,0.14702587318606675
4974,DI,1287,1960,40,59,1.6076181404684355e-13,5.551115123125783e-15,0.08370519406162202
4975,WMI,1287,1960,40,59,1.6627388455990408e-13,5.551115123125783e-15,0.013004401000216603
4976,ISM,1287,1960,40,59,20.82128376023636,0.1424121141084702,0.23592578805983067
4977,DI,1287,1960,40,60,1.6076181404684355e-13,5.551115123125783e-15,0.07583030592650175
4978,WMI,1287,1960,40,60,1.6627388455990408e-13,5.551115123125783e-15,0.009337486932054162
4979,ISM,1287,1960,40,60,20.82128376023636,0.1424121141084702,0.1409885250031948
4980,DI,1287,1960,40,61,1.6076181404684355e-13,5.551115123125783e-15,0.08243945403955877
4981,WMI,1287,1960,40,61,1.6627388455990408e-13,5.551115123125783e-15,0.012748494045808911
4982,ISM,1287,1960,40,61,20.82128376023636,0.1424121141084702,0.2370369399432093
4983,DI,1287,1960,40,62,1.6076181404684355e-13,5.551115123125783e-15,0.07511107693426311
4984,WMI,1287,1960,40,62,1.6627388455990408e-13,5.551115123125783e-15,0.009384446078911424
4985,ISM,1287,1960,40,62,20.82128376023636,0.1424121141084702,0.14153977599926293
4986,DI,1287,1960,40,63,1.6076181404684355e-13,5.551115123125783e-15,0.08346506813541055
4987,WMI,1287,1960,40,63,1.6627388455990408e-13,5.551115123125783e-15,0.013319796184077859
4988,ISM,1287,1960,40,63,20.82128376023636,0.1424121141084702,0.2387372851371765
4989,DI,1287,1960,40,64,1.6076181404684355e-13,5.551115123125783e-15,0.07693560910411179
4990,WMI,1287,1960,40,64,1.6627388455990408e-13,5.551115123125783e-15,0.009759729960933328
4991,ISM,1287,1960,40,64,20.82128376023636,0.1424121141084702,0.14899623207747936
4992,DI,1287,1960,40,65,1.6076181404684355e-13,5.551115123125783e-15,0.08551832707598805
4993,WMI,1287,1960,40,65,1.6627388455990408e-13,5.551115123125783e-15,0.013067119987681508
4994,ISM,1287,1960,40,65,20.82128376023636,0.1424121141084702,0.2538471529260278
4995,DI,1287,1960,40,66,1.6076181404684355e-13,5.551115123125783e-15,0.07677274104207754
4996,WMI,1287,1960,40,66,1.6627388455990408e-13,5.551115123125783e-15,0.009341627126559615
4997,ISM,1287,1960,40,66,20.82128376023636,0.1424121141084702,0.1476701630745083
4998,DI,1287,1960,40,67,1.6076181404684355e-13,5.551115123125783e-15,0.08551360596902668
4999,WMI,1287,1960,40,67,1.6627388455990408e-13,5.551115123125783e-15,0.01306272903457284
5000,ISM,1287,1960,40,67,20.82128376023636,0.1424121141084702,0.25078815896995366
5001,DI,1287,1960,40,68,1.6076181404684355e-13,5.551115123125783e-15,0.0769987569656223
5002,WMI,1287,1960,40,68,1.6627388455990408e-13,5.551115123125783e-15,0.009402106050401926
5003,ISM,1287,1960,40,68,20.82128376023636,0.1424121141084702,0.1482686740346253
5004,DI,1287,1960,40,69,1.6076181404684355e-13,5.551115123125783e-15,0.0852238608058542
5005,WMI,1287,1960,40,69,1.6627388455990408e-13,5.551115123125783e-15,0.012965210946276784
5006,ISM,1287,1960,40,69,20.82128376023636,0.1424121141084702,0.2490042857825756
5007,DI,1287,1960,40,70,1.6076181404684355e-13,5.551115123125783e-15,0.07689304882660508
5008,WMI,1287,1960,40,70,1.6627388455990408e-13,5.551115123125783e-15,0.009520282968878746
5009,ISM,1287,1960,40,70,20.82128376023636,0.1424121141084702,0.14921815879642963
5010,DI,1287,1960,40,71,1.6076181404684355e-13,5.551115123125783e-15,0.08551161689683795
5011,WMI,1287,1960,40,71,1.6627388455990408e-13,5.551115123125783e-15,0.013452253071591258
5012,ISM,1287,1960,40,71,20.82128376023636,0.1424121141084702,0.2526197209954262
5013,DI,1287,1960,40,72,1.6076181404684355e-13,5.551115123125783e-15,0.07661088299937546
5014,WMI,1287,1960,40,72,1.6627388455990408e-13,5.551115123125783e-15,0.009624622063711286
5015,ISM,1287,1960,40,72,20.82128376023636,0.1424121141084702,0.14738137694075704
5016,DI,1287,1960,40,73,1.6076181404684355e-13,5.551115123125783e-15,0.08446334302425385
5017,WMI,1287,1960,40,73,1.6627388455990408e-13,5.551115123125783e-15,0.014027944067493081
5018,ISM,1287,1960,40,73,20.82128376023636,0.1424121141084702,0.2514833891764283
5019,DI,1287,1960,40,74,1.6076181404684355e-13,5.551115123125783e-15,0.0766594628803432
5020,WMI,1287,1960,40,74,1.6627388455990408e-13,5.551115123125783e-15,0.009374025976285338
5021,ISM,1287,1960,40,74,20.82128376023636,0.1424121141084702,0.1475718840956688
5022,DI,1287,1960,40,75,1.6076181404684355e-13,5.551115123125783e-15,0.08518303208984435
5023,WMI,1287,1960,40,75,1.6627388455990408e-13,5.551115123125783e-15,0.013364024925976992
5024,ISM,1287,1960,40,75,20.82128376023636,0.1424121141084702,0.25249918387271464
5025,DI,1287,1960,40,76,1.6076181404684355e-13,5.551115123125783e-15,0.07760776788927615
5026,WMI,1287,1960,40,76,1.6627388455990408e-13,5.551115123125783e-15,0.009439324960112572
5027,ISM,1287,1960,40,76,20.82128376023636,0.1424121141084702,0.1493915671017021
5028,DI,1287,1960,40,77,1.6076181404684355e-13,5.551115123125783e-15,0.08467852999456227
5029,WMI,1287,1960,40,77,1.6627388455990408e-13,5.551115123125783e-15,0.013192367972806096
5030,ISM,1287,1960,40,77,20.82128376023636,0.1424121141084702,0.253533047856763
5031,DI,1287,1960,40,78,1.6076181404684355e-13,5.551115123125783e-15,0.07546582096256316
5032,WMI,1287,1960,40,78,1.6627388455990408e-13,5.551115123125783e-15,0.010035655926913023
5033,ISM,1287,1960,40,78,20.82128376023636,0.1424121141084702,0.14795799809508026
5034,DI,1287,1960,40,79,1.6076181404684355e-13,5.551115123125783e-15,0.08630928513593972
5035,WMI,1287,1960,40,79,1.6627388455990408e-13,5.551115123125783e-15,0.013254886958748102
5036,ISM,1287,1960,40,79,20.82128376023636,0.1424121141084702,0.25221019703894854
5037,DI,1287,1960,40,80,1.6076181404684355e-13,5.551115123125783e-15,0.07611165102571249
5038,WMI,1287,1960,40,80,1.6627388455990408e-13,5.551115123125783e-15,0.009551972849294543
5039,ISM,1287,1960,40,80,20.82128376023636,0.1424121141084702,0.14794807904399931
5040,DI,1287,1960,40,81,1.6076181404684355e-13,5.551115123125783e-15,0.08596665086224675
5041,WMI,1287,1960,40,81,1.6627388455990408e-13,5.551115123125783e-15,0.01358281192369759
5042,ISM,1287,1960,40,81,20.82128376023636,0.1424121141084702,0.25558838597498834
5043,DI,1287,1960,40,82,1.6076181404684355e-13,5.551115123125783e-15,0.07666967203840613
5044,WMI,1287,1960,40,82,1.6627388455990408e-13,5.551115123125783e-15,0.009407946141436696
5045,ISM,1287,1960,40,82,20.82128376023636,0.1424121141084702,0.1492761978879571
5046,DI,1287,1960,40,83,1.6076181404684355e-13,5.551115123125783e-15,0.08435663487762213
5047,WMI,1287,1960,40,83,1.6627388455990408e-13,5.551115123125783e-15,0.013512131990864873
5048,ISM,1287,1960,40,83,20.82128376023636,0.1424121141084702,0.2532663820311427
5049,DI,1287,1960,40,84,1.6076181404684355e-13,5.551115123125783e-15,0.07594212400726974
5050,WMI,1287,1960,40,84,1.6627388455990408e-13,5.551115123125783e-15,0.009384375996887684
5051,ISM,1287,1960,40,84,20.82128376023636,0.1424121141084702,0.14896468305960298
5052,DI,1287,1960,40,85,1.6076181404684355e-13,5.551115123125783e-15,0.08577295299619436
5053,WMI,1287,1960,40,85,1.6627388455990408e-13,5.551115123125783e-15,0.013221977045759559
5054,ISM,1287,1960,40,85,20.82128376023636,0.1424121141084702,0.2558462421875447
5055,DI,1287,1960,40,86,1.6076181404684355e-13,5.551115123125783e-15,0.07664961297996342
5056,WMI,1287,1960,40,86,1.6627388455990408e-13,5.551115123125783e-15,0.00933512719348073
5057,ISM,1287,1960,40,86,20.82128376023636,0.1424121141084702,0.1503167818300426
5058,DI,1287,1960,40,87,1.6076181404684355e-13,5.551115123125783e-15,0.08486341685056686
5059,WMI,1287,1960,40,87,1.6627388455990408e-13,5.551115123125783e-15,0.014767362968996167
5060,ISM,1287,1960,40,87,20.82128376023636,0.1424121141084702,0.25355779682286084
5061,DI,1287,1960,40,88,1.6076181404684355e-13,5.551115123125783e-15,0.07684359000995755
5062,WMI,1287,1960,40,88,1.6627388455990408e-13,5.551115123125783e-15,0.009551412891596556
5063,ISM,1287,1960,40,88,20.82128376023636,0.1424121141084702,0.14752073492854834
5064,DI,1287,1960,40,89,1.6076181404684355e-13,5.551115123125783e-15,0.08479036809876561
5065,WMI,1287,1960,40,89,1.6627388455990408e-13,5.551115123125783e-15,0.013404433848336339
5066,ISM,1287,1960,40,89,20.82128376023636,0.1424121141084702,0.25363180600106716
5067,DI,1287,1960,40,90,1.6076181404684355e-13,5.551115123125783e-15,0.0776533680036664
5068,WMI,1287,1960,40,90,1.6627388455990408e-13,5.551115123125783e-15,0.009664501063525677
5069,ISM,1287,1960,40,90,20.82128376023636,0.1424121141084702,0.1503733810968697
5070,DI,1287,1960,40,91,1.6076181404684355e-13,5.551115123125783e-15,0.0870046941563487
5071,WMI,1287,1960,40,91,1.6627388455990408e-13,5.551115123125783e-15,0.01514468714594841
5072,ISM,1287,1960,40,91,20.82128376023636,0.1424121141084702,0.2469914280809462
5073,DI,1287,1960,40,92,1.6076181404684355e-13,5.551115123125783e-15,0.07628239877521992
5074,WMI,1287,1960,40,92,1.6627388455990408e-13,5.551115123125783e-15,0.009541664039716125
5075,ISM,1287,1960,40,92,20.82128376023636,0.1424121141084702,0.1462774439714849
5076,DI,1287,1960,40,93,1.6076181404684355e-13,5.551115123125783e-15,0.08510579308494925
5077,WMI,1287,1960,40,93,1.6627388455990408e-13,5.551115123125783e-15,0.013036649907007813
5078,ISM,1287,1960,40,93,20.82128376023636,0.1424121141084702,0.2508361889049411
5079,DI,1287,1960,40,94,1.6076181404684355e-13,5.551115123125783e-15,0.07654251414351165
5080,WMI,1287,1960,40,94,1.6627388455990408e-13,5.551115123125783e-15,0.009377935901284218
5081,ISM,1287,1960,40,94,20.82128376023636,0.1424121141084702,0.14942070585675538
5082,DI,1287,1960,40,95,1.6076181404684355e-13,5.551115123125783e-15,0.08731443900614977
5083,WMI,1287,1960,40,95,1.6627388455990408e-13,5.551115123125783e-15,0.013366594910621643
5084,ISM,1287,1960,40,95,20.82128376023636,0.1424121141084702,0.2494288699235767
5085,DI,1287,1960,40,96,1.6076181404684355e-13,5.551115123125783e-15,0.07657518400810659
5086,WMI,1287,1960,40,96,1.6627388455990408e-13,5.551115123125783e-15,0.009311096975579858
5087,ISM,1287,1960,40,96,20.82128376023636,0.1424121141084702,0.14807505602948368
5088,DI,1287,1960,40,97,1.6076181404684355e-13,5.551115123125783e-15,0.0859672399237752
5089,WMI,1287,1960,40,97,1.6627388455990408e-13,5.551115123125783e-15,0.01323539693839848
5090,ISM,1287,1960,40,97,20.82128376023636,0.1424121141084702,0.2486634619999677
5091,DI,1287,1960,40,98,1.6076181404684355e-13,5.551115123125783e-15,0.07691803900524974
5092,WMI,1287,1960,40,98,1.6627388455990408e-13,5.551115123125783e-15,0.009413264924660325
5093,ISM,1287,1960,40,98,20.82128376023636,0.1424121141084702,0.1500709259416908
5094,DI,1287,1960,40,99,1.6076181404684355e-13,5.551115123125783e-15,0.08657889091409743
5095,WMI,1287,1960,40,99,1.6627388455990408e-13,5.551115123125783e-15,0.01330420607700944
5096,ISM,1287,1960,40,99,20.82128376023636,0.1424121141084702,0.2506134221330285
5097,DI,1287,1960,40,100,1.6076181404684355e-13,5.551115123125783e-15,0.07695136801339686
5098,WMI,1287,1960,40,100,1.6627388455990408e-13,5.551115123125783e-15,0.009447645163163543
5099,ISM,1287,1960,40,100,20.82128376023636,0.1424121141084702,0.149205279070884
5100,DI,1287,1960,40,101,1.6076181404684355e-13,5.551115123125783e-15,0.08494824613444507
5101,WMI,1287,1960,40,101,1.6627388455990408e-13,5.551115123125783e-15,0.013162777991965413
5102,ISM,1287,1960,40,101,20.82128376023636,0.1424121141084702,0.24839105596765876
5103,DI,1287,1960,40,102,1.6076181404684355e-13,5.551115123125783e-15,0.07699794811196625
5104,WMI,1287,1960,40,102,1.6627388455990408e-13,5.551115123125783e-15,0.009295008145272732
5105,ISM,1287,1960,40,102,20.82128376023636,0.1424121141084702,0.15124523802660406
5106,DI,1287,1960,40,103,1.6076181404684355e-13,5.551115123125783e-15,0.08487617690116167
5107,WMI,1287,1960,40,103,1.6627388455990408e-13,5.551115123125783e-15,0.013090228894725442
5108,ISM,1287,1960,40,103,20.82128376023636,0.1424121141084702,0.2507411199621856
5109,DI,1287,1960,40,104,1.6076181404684355e-13,5.551115123125783e-15,0.07700798800215125
5110,WMI,1287,1960,40,104,1.6627388455990408e-13,5.551115123125783e-15,0.009404235985130072
5111,ISM,1287,1960,40,104,20.82128376023636,0.1424121141084702,0.15035749203525484
5112,DI,1287,1960,40,105,1.6076181404684355e-13,5.551115123125783e-15,0.08692030585370958
5113,WMI,1287,1960,40,105,1.6627388455990408e-13,5.551115123125783e-15,0.013328094966709614
5114,ISM,1287,1960,40,105,20.82128376023636,0.1424121141084702,0.2537134538870305
5115,DI,1287,1960,40,106,1.6076181404684355e-13,5.551115123125783e-15,0.0769797780085355
5116,WMI,1287,1960,40,106,1.6627388455990408e-13,5.551115123125783e-15,0.009489784017205238
5117,ISM,1287,1960,40,106,20.82128376023636,0.1424121141084702,0.15189112816005945
5118,DI,1287,1960,40,107,1.6076181404684355e-13,5.551115123125783e-15,0.0842464070301503
5119,WMI,1287,1960,40,107,1.6627388455990408e-13,5.551115123125783e-15,0.014915220905095339
5120,ISM,1287,1960,40,107,20.82128376023636,0.1424121141084702,0.25413112808018923
5121,DI,1287,1960,40,108,1.6076181404684355e-13,5.551115123125783e-15,0.07636556797660887
5122,WMI,1287,1960,40,108,1.6627388455990408e-13,5.551115123125783e-15,0.009664952056482434
5123,ISM,1287,1960,40,108,20.82128376023636,0.1424121141084702,0.14936978602781892
5124,DI,1287,1960,40,109,1.6076181404684355e-13,5.551115123125783e-15,0.08520781202241778
5125,WMI,1287,1960,40,109,1.6627388455990408e-13,5.551115123125783e-15,0.01370371994562447
5126,ISM,1287,1960,40,109,20.82128376023636,0.1424121141084702,0.252141498029232
5127,DI,1287,1960,40,110,1.6076181404684355e-13,5.551115123125783e-15,0.07529314397834241
5128,WMI,1287,1960,40,110,1.6627388455990408e-13,5.551115123125783e-15,0.009506383910775185
5129,ISM,1287,1960,40,110,20.82128376023636,0.1424121141084702,0.15054942900314927
5130,DI,1287,1960,40,111,1.6076181404684355e-13,5.551115123125783e-15,0.0845900010317564
5131,WMI,1287,1960,40,111,1.6627388455990408e-13,5.551115123125783e-15,0.013202527072280645
5132,ISM,1287,1960,40,111,20.82128376023636,0.1424121141084702,0.2526831498835236
5133,DI,1287,1960,40,112,1.6076181404684355e-13,5.551115123125783e-15,0.07891259901225567
5134,WMI,1287,1960,40,112,1.6627388455990408e-13,5.551115123125783e-15,0.00951035413891077
5135,ISM,1287,1960,40,112,20.82128376023636,0.1424121141084702,0.1458526209462434
5136,DI,1287,1960,40,113,1.6076181404684355e-13,5.551115123125783e-15,0.08439935394562781
5137,WMI,1287,1960,40,113,1.6627388455990408e-13,5.551115123125783e-15,0.01379367895424366
5138,ISM,1287,1960,40,113,20.82128376023636,0.1424121141084702,0.2491697350051254
5139,DI,1287,1960,40,114,1.6076181404684355e-13,5.551115123125783e-15,0.07547456095926464
5140,WMI,1287,1960,40,114,1.6627388455990408e-13,5.551115123125783e-15,0.0093592070043087
5141,ISM,1287,1960,40,114,20.82128376023636,0.1424121141084702,0.14953708392567933
5142,DI,1287,1960,40,115,1.6076181404684355e-13,5.551115123125783e-15,0.08445273293182254
5143,WMI,1287,1960,40,115,1.6627388455990408e-13,5.551115123125783e-15,0.013115337816998363
5144,ISM,1287,1960,40,115,20.82128376023636,0.1424121141084702,0.24751251004636288
5145,DI,1287,1960,40,116,1.6076181404684355e-13,5.551115123125783e-15,0.07643055683001876
5146,WMI,1287,1960,40,116,1.6627388455990408e-13,5.551115123125783e-15,0.010777425020933151
5147,ISM,1287,1960,40,116,20.82128376023636,0.1424121141084702,0.1520535449963063
5148,DI,1287,1960,40,117,1.6076181404684355e-13,5.551115123125783e-15,0.08888286491855979
5149,WMI,1287,1960,40,117,1.6627388455990408e-13,5.551115123125783e-15,0.013321214821189642
5150,ISM,1287,1960,40,117,20.82128376023636,0.1424121141084702,0.25309286382980645
5151,DI,1287,1960,40,118,1.6076181404684355e-13,5.551115123125783e-15,0.07619494013488293
5152,WMI,1287,1960,40,118,1.6627388455990408e-13,5.551115123125783e-15,0.010025945957750082
5153,ISM,1287,1960,40,118,20.82128376023636,0.1424121141084702,0.14651025109924376
5154,DI,1287,1960,40,119,1.6076181404684355e-13,5.551115123125783e-15,0.08436743495985866
5155,WMI,1287,1960,40,119,1.6627388455990408e-13,5.551115123125783e-15,0.013415174093097448
5156,ISM,1287,1960,40,119,20.82128376023636,0.1424121141084702,0.2477857160847634
5157,DI,1287,1960,40,120,1.6076181404684355e-13,5.551115123125783e-15,0.07682704087346792
5158,WMI,1287,1960,40,120,1.6627388455990408e-13,5.551115123125783e-15,0.009475954109802842
5159,ISM,1287,1960,40,120,20.82128376023636,0.1424121141084702,0.14600656810216606
5160,DI,1287,1960,40,121,1.6076181404684355e-13,5.551115123125783e-15,0.08554841694422066
5161,WMI,1287,1960,40,121,1.6627388455990408e-13,5.551115123125783e-15,0.013538092141970992
5162,ISM,1287,1960,40,121,20.82128376023636,0.1424121141084702,0.2496394570916891
5163,DI,1287,1960,40,122,1.6076181404684355e-13,5.551115123125783e-15,0.07714594597928226
5164,WMI,1287,1960,40,122,1.6627388455990408e-13,5.551115123125783e-15,0.00938650593161583
5165,ISM,1287,1960,40,122,20.82128376023636,0.1424121141084702,0.14684331486932933
5166,DI,1287,1960,40,123,1.6076181404684355e-13,5.551115123125783e-15,0.08517770213074982
5167,WMI,1287,1960,40,123,1.6627388455990408e-13,5.551115123125783e-15,0.012836243025958538
5168,ISM,1287,1960,40,123,20.82128376023636,0.1424121141084702,0.2501935288310051
5169,DI,1287,1960,40,124,1.6076181404684355e-13,5.551115123125783e-15,0.07800767198204994
5170,WMI,1287,1960,40,124,1.6627388455990408e-13,5.551115123125783e-15,0.009723199997097254
5171,ISM,1287,1960,40,124,20.82128376023636,0.1424121141084702,0.15040091006085277
5172,DI,1287,1960,40,125,1.6076181404684355e-13,5.551115123125783e-15,0.08624902507290244
5173,WMI,1287,1960,40,125,1.6627388455990408e-13,5.551115123125783e-15,0.013888546964153647
5174,ISM,1287,1960,40,125,20.82128376023636,0.1424121141084702,0.2528017689473927
5175,DI,1287,1960,40,126,1.6076181404684355e-13,5.551115123125783e-15,0.07686141994781792
5176,WMI,1287,1960,40,126,1.6627388455990408e-13,5.551115123125783e-15,0.009456385159865022
5177,ISM,1287,1960,40,126,20.82128376023636,0.1424121141084702,0.14707252196967602
5178,DI,1287,1960,40,127,1.6076181404684355e-13,5.551115123125783e-15,0.08362547610886395
5179,WMI,1287,1960,40,127,1.6627388455990408e-13,5.551115123125783e-15,0.013854817021638155
5180,ISM,1287,1960,40,127,20.82128376023636,0.1424121141084702,0.25139049999415874
5181,DI,1287,1960,40,128,1.6076181404684355e-13,5.551115123125783e-15,0.07730494299903512
5182,WMI,1287,1960,40,128,1.6627388455990408e-13,5.551115123125783e-15,0.009552972856909037
5183,ISM,1287,1960,40,128,20.82128376023636,0.1424121141084702,0.14564189407974482
5184,DI,1287,1960,40,129,1.6076181404684355e-13,5.551115123125783e-15,0.08524468215182424
5185,WMI,1287,1960,40,129,1.6627388455990408e-13,5.551115123125783e-15,0.013057199073955417
5186,ISM,1287,1960,40,129,20.82128376023636,0.1424121141084702,0.2505255830474198
5187,DI,1287,1960,40,130,1.6076181404684355e-13,5.551115123125783e-15,0.07680769101716578
5188,WMI,1287,1960,40,130,1.6627388455990408e-13,5.551115123125783e-15,0.00945756514556706
5189,ISM,1287,1960,40,130,20.82128376023636,0.1424121141084702,0.14877229603007436
5190,DI,1287,1960,40,131,1.6076181404684355e-13,5.551115123125783e-15,0.0850076749920845
5191,WMI,1287,1960,40,131,1.6627388455990408e-13,5.551115123125783e-15,0.013052350142970681
5192,ISM,1287,1960,40,131,20.82128376023636,0.1424121141084702,0.2490496060345322
5193,DI,1287,1960,40,132,1.6076181404684355e-13,5.551115123125783e-15,0.07880306988954544
5194,WMI,1287,1960,40,132,1.6627388455990408e-13,5.551115123125783e-15,0.009716791100800037
5195,ISM,1287,1960,40,132,20.82128376023636,0.1424121141084702,0.15259345714002848
5196,DI,1287,1960,40,133,1.6076181404684355e-13,5.551115123125783e-15,0.0854026391170919
5197,WMI,1287,1960,40,133,1.6627388455990408e-13,5.551115123125783e-15,0.01300549996085465
5198,ISM,1287,1960,40,133,20.82128376023636,0.1424121141084702,0.24943001987412572
5199,DI,1287,1960,40,134,1.6076181404684355e-13,5.551115123125783e-15,0.07652472495101392
5200,WMI,1287,1960,40,134,1.6627388455990408e-13,5.551115123125783e-15,0.00936217699199915
5201,ISM,1287,1960,40,134,20.82128376023636,0.1424121141084702,0.15028522303327918
5202,DI,1287,1960,40,135,1.6076181404684355e-13,5.551115123125783e-15,0.08467628993093967
5203,WMI,1287,1960,40,135,1.6627388455990408e-13,5.551115123125783e-15,0.013036398915573955
5204,ISM,1287,1960,40,135,20.82128376023636,0.1424121141084702,0.24882804998196661
5205,DI,1287,1960,40,136,1.6076181404684355e-13,5.551115123125783e-15,0.07676630187779665
5206,WMI,1287,1960,40,136,1.6627388455990408e-13,5.551115123125783e-15,0.009494453901425004
5207,ISM,1287,1960,40,136,20.82128376023636,0.1424121141084702,0.1476944820024073
5208,DI,1287,1960,40,137,1.6076181404684355e-13,5.551115123125783e-15,0.08449684316292405
5209,WMI,1287,1960,40,137,1.6627388455990408e-13,5.551115123125783e-15,0.013195678126066923
5210,ISM,1287,1960,40,137,20.82128376023636,0.1424121141084702,0.24804072198458016
5211,DI,1287,1960,40,138,1.6076181404684355e-13,5.551115123125783e-15,0.07691301894374192
5212,WMI,1287,1960,40,138,1.6627388455990408e-13,5.551115123125783e-15,0.009405305841937661
5213,ISM,1287,1960,40,138,20.82128376023636,0.1424121141084702,0.145010492997244
5214,DI,1287,1960,40,139,1.6076181404684355e-13,5.551115123125783e-15,0.0848957160487771
5215,WMI,1287,1960,40,139,1.6627388455990408e-13,5.551115123125783e-15,0.01323047699406743
5216,ISM,1287,1960,40,139,20.82128376023636,0.1424121141084702,0.25104898610152304
5217,DI,1287,1960,40,140,1.6076181404684355e-13,5.551115123125783e-15,0.07706327713094652
5218,WMI,1287,1960,40,140,1.6627388455990408e-13,5.551115123125783e-15,0.009446373907849193
5219,ISM,1287,1960,40,140,20.82128376023636,0.1424121141084702,0.14836466195993125
5220,DI,1287,1960,40,141,1.6076181404684355e-13,5.551115123125783e-15,0.08482915605418384
5221,WMI,1287,1960,40,141,1.6627388455990408e-13,5.551115123125783e-15,0.012913810089230537
5222,ISM,1287,1960,40,141,20.82128376023636,0.1424121141084702,0.24881624593399465
5223,DI,1287,1960,40,142,1.6076181404684355e-13,5.551115123125783e-15,0.07682214002124965
5224,WMI,1287,1960,40,142,1.6627388455990408e-13,5.551115123125783e-15,0.00933041493408382
5225,ISM,1287,1960,40,142,20.82128376023636,0.1424121141084702,0.14786825980991125
5226,DI,1287,1960,40,143,1.6076181404684355e-13,5.551115123125783e-15,0.08488338510505855
5227,WMI,1287,1960,40,143,1.6627388455990408e-13,5.551115123125783e-15,0.012838260969147086
5228,ISM,1287,1960,40,143,20.82128376023636,0.1424121141084702,0.23548096301965415
5229,DI,1287,1960,40,144,1.6076181404684355e-13,5.551115123125783e-15,0.07424712995998561
5230,WMI,1287,1960,40,144,1.6627388455990408e-13,5.551115123125783e-15,0.009247547015547752
5231,ISM,1287,1960,40,144,20.82128376023636,0.1424121141084702,0.14598905900493264
5232,DI,1287,1960,40,145,1.6076181404684355e-13,5.551115123125783e-15,0.0830723331309855
5233,WMI,1287,1960,40,145,1.6627388455990408e-13,5.551115123125783e-15,0.014207940082997084
5234,ISM,1287,1960,40,145,20.82128376023636,0.1424121141084702,0.254646236076951
5235,DI,1287,1960,40,146,1.6076181404684355e-13,5.551115123125783e-15,0.07535131298936903
5236,WMI,1287,1960,40,146,1.6627388455990408e-13,5.551115123125783e-15,0.009356435155496001
5237,ISM,1287,1960,40,146,20.82128376023636,0.1424121141084702,0.14062445098534226
5238,DI,1287,1960,40,147,1.6076181404684355e-13,5.551115123125783e-15,0.0825355111155659
5239,WMI,1287,1960,40,147,1.6627388455990408e-13,5.551115123125783e-15,0.013053267961367965
5240,ISM,1287,1960,40,147,20.82128376023636,0.1424121141084702,0.24630435486324131
5241,DI,1287,1960,40,148,1.6076181404684355e-13,5.551115123125783e-15,0.07463313406333327
5242,WMI,1287,1960,40,148,1.6627388455990408e-13,5.551115123125783e-15,0.009454324143007398
5243,ISM,1287,1960,40,148,20.82128376023636,0.1424121141084702,0.1424524220637977
5244,DI,1287,1960,40,149,1.6076181404684355e-13,5.551115123125783e-15,0.08671667403541505
5245,WMI,1287,1960,40,149,1.6627388455990408e-13,5.551115123125783e-15,0.01392781687900424
5246,ISM,1287,1960,40,149,20.82128376023636,0.1424121141084702,0.25373035087250173
5247,DI,1287,1960,40,150,1.6076181404684355e-13,5.551115123125783e-15,0.07549163606017828
5248,WMI,1287,1960,40,150,1.6627388455990408e-13,5.551115123125783e-15,0.009507145034149289
5249,ISM,1287,1960,40,150,20.82128376023636,0.1424121141084702,0.15122995804995298
5250,DI,1287,1960,40,151,1.6076181404684355e-13,5.551115123125783e-15,0.08472724491730332
5251,WMI,1287,1960,40,151,1.6627388455990408e-13,5.551115123125783e-15,0.012952612014487386
5252,ISM,1287,1960,40,151,20.82128376023636,0.1424121141084702,0.25010321685113013
5253,DI,1287,1960,40,152,1.6076181404684355e-13,5.551115123125783e-15,0.07634011306799948
5254,WMI,1287,1960,40,152,1.6627388455990408e-13,5.551115123125783e-15,0.009425675962120295
5255,ISM,1287,1960,40,152,20.82128376023636,0.1424121141084702,0.14817820396274328
5256,DI,1287,1960,40,153,1.6076181404684355e-13,5.551115123125783e-15,0.08509542909450829
5257,WMI,1287,1960,40,153,1.6627388455990408e-13,5.551115123125783e-15,0.013120939023792744
5258,ISM,1287,1960,40,153,20.82128376023636,0.1424121141084702,0.25260582799091935
5259,DI,1287,1960,40,154,1.6076181404684355e-13,5.551115123125783e-15,0.07578586088493466
5260,WMI,1287,1960,40,154,1.6627388455990408e-13,5.551115123125783e-15,0.009725241921842098
5261,ISM,1287,1960,40,154,20.82128376023636,0.1424121141084702,0.14791318797506392
5262,DI,1287,1960,40,155,1.6076181404684355e-13,5.551115123125783e-15,0.0846125059761107
5263,WMI,1287,1960,40,155,1.6627388455990408e-13,5.551115123125783e-15,0.013381025055423379
5264,ISM,1287,1960,40,155,20.82128376023636,0.1424121141084702,0.24829116393812
5265,DI,1287,1960,40,156,1.6076181404684355e-13,5.551115123125783e-15,0.0761828359682113
5266,WMI,1287,1960,40,156,1.6627388455990408e-13,5.551115123125783e-15,0.009340847143903375
5267,ISM,1287,1960,40,156,20.82128376023636,0.1424121141084702,0.14695505402050912
5268,DI,1287,1960,40,157,1.6076181404684355e-13,5.551115123125783e-15,0.08430191222578287
5269,WMI,1287,1960,40,157,1.6627388455990408e-13,5.551115123125783e-15,0.013173609040677547
5270,ISM,1287,1960,40,157,20.82128376023636,0.1424121141084702,0.25071736704558134
5271,DI,1287,1960,40,158,1.6076181404684355e-13,5.551115123125783e-15,0.07552590616978705
5272,WMI,1287,1960,40,158,1.6627388455990408e-13,5.551115123125783e-15,0.00943410606123507
5273,ISM,1287,1960,40,158,20.82128376023636,0.1424121141084702,0.1491357998456806
5274,DI,1287,1960,40,159,1.6076181404684355e-13,5.551115123125783e-15,0.08537361491471529
5275,WMI,1287,1960,40,159,1.6627388455990408e-13,5.551115123125783e-15,0.01320673804730177
5276,ISM,1287,1960,40,159,20.82128376023636,0.1424121141084702,0.24030326586216688
5277,DI,1287,1960,40,160,1.6076181404684355e-13,5.551115123125783e-15,0.07538392813876271
5278,WMI,1287,1960,40,160,1.6627388455990408e-13,5.551115123125783e-15,0.009369406150653958
5279,ISM,1287,1960,40,160,20.82128376023636,0.1424121141084702,0.14239474409259856
5280,DI,1287,1960,40,161,1.6076181404684355e-13,5.551115123125783e-15,0.08274726499803364
5281,WMI,1287,1960,40,161,1.6627388455990408e-13,5.551115123125783e-15,0.01266132714226842
5282,ISM,1287,1960,40,161,20.82128376023636,0.1424121141084702,0.24380509299226105
5283,DI,1287,1960,40,162,1.6076181404684355e-13,5.551115123125783e-15,0.07481897599063814
5284,WMI,1287,1960,40,162,1.6627388455990408e-13,5.551115123125783e-15,0.00927379890345037
5285,ISM,1287,1960,40,162,20.82128376023636,0.1424121141084702,0.14273607800714672
5286,DI,1287,1960,40,163,1.6076181404684355e-13,5.551115123125783e-15,0.08315062895417213
5287,WMI,1287,1960,40,163,1.6627388455990408e-13,5.551115123125783e-15,0.014172373106703162
5288,ISM,1287,1960,40,163,20.82128376023636,0.1424121141084702,0.24114098399877548
5289,DI,1287,1960,40,164,1.6076181404684355e-13,5.551115123125783e-15,0.0749465839471668
5290,WMI,1287,1960,40,164,1.6627388455990408e-13,5.551115123125783e-15,0.00935095688328147
5291,ISM,1287,1960,40,164,20.82128376023636,0.1424121141084702,0.1417990520130843
5292,DI,1287,1960,40,165,1.6076181404684355e-13,5.551115123125783e-15,0.08421589201316237
5293,WMI,1287,1960,40,165,1.6627388455990408e-13,5.551115123125783e-15,0.013063760008662939
5294,ISM,1287,1960,40,165,20.82128376023636,0.1424121141084702,0.24542810814455152
5295,DI,1287,1960,40,166,1.6076181404684355e-13,5.551115123125783e-15,0.07446409086696804
5296,WMI,1287,1960,40,166,1.6627388455990408e-13,5.551115123125783e-15,0.009471205063164234
5297,ISM,1287,1960,40,166,20.82128376023636,0.1424121141084702,0.14172149309888482
5298,DI,1287,1960,40,167,1.6076181404684355e-13,5.551115123125783e-15,0.0856505399569869
5299,WMI,1287,1960,40,167,1.6627388455990408e-13,5.551115123125783e-15,0.013457333901897073
5300,ISM,1287,1960,40,167,20.82128376023636,0.1424121141084702,0.24824175494723022
5301,DI,1287,1960,40,168,1.6076181404684355e-13,5.551115123125783e-15,0.07665986800566316
5302,WMI,1287,1960,40,168,1.6627388455990408e-13,5.551115123125783e-15,0.009540183935314417
5303,ISM,1287,1960,40,168,20.82128376023636,0.1424121141084702,0.14883755496703088
5304,DI,1287,1960,40,169,1.6076181404684355e-13,5.551115123125783e-15,0.08523468696512282
5305,WMI,1287,1960,40,169,1.6627388455990408e-13,5.551115123125783e-15,0.013028371147811413
5306,ISM,1287,1960,40,169,20.82128376023636,0.1424121141084702,0.24843129212968051
5307,DI,1287,1960,40,170,1.6076181404684355e-13,5.551115123125783e-15,0.07567442418076098
5308,WMI,1287,1960,40,170,1.6627388455990408e-13,5.551115123125783e-15,0.009317077929154038
5309,ISM,1287,1960,40,170,20.82128376023636,0.1424121141084702,0.15035796212032437
5310,DI,1287,1960,40,171,1.6076181404684355e-13,5.551115123125783e-15,0.08373026992194355
5311,WMI,1287,1960,40,171,1.6627388455990408e-13,5.551115123125783e-15,0.012783114099875093
5312,ISM,1287,1960,40,171,20.82128376023636,0.1424121141084702,0.24446533201262355
5313,DI,1287,1960,40,172,1.6076181404684355e-13,5.551115123125783e-15,0.07450033095665276
5314,WMI,1287,1960,40,172,1.6627388455990408e-13,5.551115123125783e-15,0.009460775181651115
5315,ISM,1287,1960,40,172,20.82128376023636,0.1424121141084702,0.1429465850815177
5316,DI,1287,1960,40,173,1.6076181404684355e-13,5.551115123125783e-15,0.08218087395653129
5317,WMI,1287,1960,40,173,1.6627388455990408e-13,5.551115123125783e-15,0.013015411095693707
5318,ISM,1287,1960,40,173,20.82128376023636,0.1424121141084702,0.23748073889873922
5319,DI,1287,1960,40,174,1.6076181404684355e-13,5.551115123125783e-15,0.0756323840469122
5320,WMI,1287,1960,40,174,1.6627388455990408e-13,5.551115123125783e-15,0.00923437811434269
5321,ISM,1287,1960,40,174,20.82128376023636,0.1424121141084702,0.14177581295371056
5322,DI,1287,1960,40,175,1.6076181404684355e-13,5.551115123125783e-15,0.08337720483541489
5323,WMI,1287,1960,40,175,1.6627388455990408e-13,5.551115123125783e-15,0.012890433194115758
5324,ISM,1287,1960,40,175,20.82128376023636,0.1424121141084702,0.24784513097256422
5325,DI,1287,1960,40,176,1.6076181404684355e-13,5.551115123125783e-15,0.07644181093201041
5326,WMI,1287,1960,40,176,1.6627388455990408e-13,5.551115123125783e-15,0.00938044604845345
5327,ISM,1287,1960,40,176,20.82128376023636,0.1424121141084702,0.1458159307949245
5328,DI,1287,1960,40,177,1.6076181404684355e-13,5.551115123125783e-15,0.08383426908403635
5329,WMI,1287,1960,40,177,1.6627388455990408e-13,5.551115123125783e-15,0.013289407128468156
5330,ISM,1287,1960,40,177,20.82128376023636,0.1424121141084702,0.23652324406430125
5331,DI,1287,1960,40,178,1.6076181404684355e-13,5.551115123125783e-15,0.07482195599004626
5332,WMI,1287,1960,40,178,1.6627388455990408e-13,5.551115123125783e-15,0.009363016812130809
5333,ISM,1287,1960,40,178,20.82128376023636,0.1424121141084702,0.1442460948601365
5334,DI,1287,1960,40,179,1.6076181404684355e-13,5.551115123125783e-15,0.08308363007381558
5335,WMI,1287,1960,40,179,1.6627388455990408e-13,5.551115123125783e-15,0.013074129819869995
5336,ISM,1287,1960,40,179,20.82128376023636,0.1424121141084702,0.2496462231501937
5337,DI,1287,1960,40,180,1.6076181404684355e-13,5.551115123125783e-15,0.07608396699652076
5338,WMI,1287,1960,40,180,1.6627388455990408e-13,5.551115123125783e-15,0.009395975852385163
5339,ISM,1287,1960,40,180,20.82128376023636,0.1424121141084702,0.15162987215444446
5340,DI,1287,1960,40,181,1.6076181404684355e-13,5.551115123125783e-15,0.08650107798166573
5341,WMI,1287,1960,40,181,1.6627388455990408e-13,5.551115123125783e-15,0.013804828049615026
5342,ISM,1287,1960,40,181,20.82128376023636,0.1424121141084702,0.2548740638885647
5343,DI,1287,1960,40,182,1.6076181404684355e-13,5.551115123125783e-15,0.07738868705928326
5344,WMI,1287,1960,40,182,1.6627388455990408e-13,5.551115123125783e-15,0.00951966387219727
5345,ISM,1287,1960,40,182,20.82128376023636,0.1424121141084702,0.14860745798796415
5346,DI,1287,1960,40,183,1.6076181404684355e-13,5.551115123125783e-15,0.08494293200783432
5347,WMI,1287,1960,40,183,1.6627388455990408e-13,5.551115123125783e-15,0.013557923026382923
5348,ISM,1287,1960,40,183,20.82128376023636,0.1424121141084702,0.25017885584384203
5349,DI,1287,1960,40,184,1.6076181404684355e-13,5.551115123125783e-15,0.07537612784653902
5350,WMI,1287,1960,40,184,1.6627388455990408e-13,5.551115123125783e-15,0.009295758092775941
5351,ISM,1287,1960,40,184,20.82128376023636,0.1424121141084702,0.14547237590886652
5352,DI,1287,1960,40,185,1.6076181404684355e-13,5.551115123125783e-15,0.08274445496499538
5353,WMI,1287,1960,40,185,1.6627388455990408e-13,5.551115123125783e-15,0.01326211798004806
5354,ISM,1287,1960,40,185,20.82128376023636,0.1424121141084702,0.23483808897435665
5355,DI,1287,1960,40,186,1.6076181404684355e-13,5.551115123125783e-15,0.07502172305248678
5356,WMI,1287,1960,40,186,1.6627388455990408e-13,5.551115123125783e-15,0.009253349155187607
5357,ISM,1287,1960,40,186,20.82128376023636,0.1424121141084702,0.14433402311988175
5358,DI,1287,1960,40,187,1.6076181404684355e-13,5.551115123125783e-15,0.08183102891780436
5359,WMI,1287,1960,40,187,1.6627388455990408e-13,5.551115123125783e-15,0.01297790091484785
5360,ISM,1287,1960,40,187,20.82128376023636,0.1424121141084702,0.23652534396387637
5361,DI,1287,1960,40,188,1.6076181404684355e-13,5.551115123125783e-15,0.07625343487598002
5362,WMI,1287,1960,40,188,1.6627388455990408e-13,5.551115123125783e-15,0.00944140600040555
5363,ISM,1287,1960,40,188,20.82128376023636,0.1424121141084702,0.14174188300967216
5364,DI,1287,1960,40,189,1.6076181404684355e-13,5.551115123125783e-15,0.0824237500783056
5365,WMI,1287,1960,40,189,1.6627388455990408e-13,5.551115123125783e-15,0.012662756955251098
5366,ISM,1287,1960,40,189,20.82128376023636,0.1424121141084702,0.2384331647772342
5367,DI,1287,1960,40,190,1.6076181404684355e-13,5.551115123125783e-15,0.07493778504431248
5368,WMI,1287,1960,40,190,1.6627388455990408e-13,5.551115123125783e-15,0.011022090911865234
5369,ISM,1287,1960,40,190,20.82128376023636,0.1424121141084702,0.14265480893664062
5370,DI,1287,1960,40,191,1.6076181404684355e-13,5.551115123125783e-15,0.08273706492036581
5371,WMI,1287,1960,40,191,1.6627388455990408e-13,5.551115123125783e-15,0.012672457145527005
5372,ISM,1287,1960,40,191,20.82128376023636,0.1424121141084702,0.23481919104233384
5373,DI,1287,1960,40,192,1.6076181404684355e-13,5.551115123125783e-15,0.07434925297275186
5374,WMI,1287,1960,40,192,1.6627388455990408e-13,5.551115123125783e-15,0.009169909870252013
5375,ISM,1287,1960,40,192,20.82128376023636,0.1424121141084702,0.14510491187684238
5376,DI,1287,1960,40,193,1.6076181404684355e-13,5.551115123125783e-15,0.08304399088956416
5377,WMI,1287,1960,40,193,1.6627388455990408e-13,5.551115123125783e-15,0.012820803793147206
5378,ISM,1287,1960,40,193,20.82128376023636,0.1424121141084702,0.23436744697391987
5379,DI,1287,1960,40,194,1.6076181404684355e-13,5.551115123125783e-15,0.07439579302445054
5380,WMI,1287,1960,40,194,1.6627388455990408e-13,5.551115123125783e-15,0.00936357700265944
5381,ISM,1287,1960,40,194,20.82128376023636,0.1424121141084702,0.14629811397753656
5382,DI,1287,1960,40,195,1.6076181404684355e-13,5.551115123125783e-15,0.08266239590011537
5383,WMI,1287,1960,40,195,1.6627388455990408e-13,5.551115123125783e-15,0.012775814859196544
5384,ISM,1287,1960,40,195,20.82128376023636,0.1424121141084702,0.23465794301591814
5385,DI,1287,1960,40,196,1.6076181404684355e-13,5.551115123125783e-15,0.07519009988754988
5386,WMI,1287,1960,40,196,1.6627388455990408e-13,5.551115123125783e-15,0.009471684927120805
5387,ISM,1287,1960,40,196,20.82128376023636,0.1424121141084702,0.1495934829581529
5388,DI,1287,1960,40,197,1.6076181404684355e-13,5.551115123125783e-15,0.08503183000721037
5389,WMI,1287,1960,40,197,1.6627388455990408e-13,5.551115123125783e-15,0.013294446980580688
5390,ISM,1287,1960,40,197,20.82128376023636,0.1424121141084702,0.24814574606716633
5391,DI,1287,1960,40,198,1.6076181404684355e-13,5.551115123125783e-15,0.07723929896019399
5392,WMI,1287,1960,40,198,1.6627388455990408e-13,5.551115123125783e-15,0.009493204997852445
5393,ISM,1287,1960,40,198,20.82128376023636,0.1424121141084702,0.1519097569398582
5394,DI,1287,1960,40,199,1.6076181404684355e-13,5.551115123125783e-15,0.08418626291677356
5395,WMI,1287,1960,40,199,1.6627388455990408e-13,5.551115123125783e-15,0.014315631939098239
5396,ISM,1287,1960,40,199,20.82128376023636,0.1424121141084702,0.24980898085050285
5397,DI,1287,1960,40,200,1.6076181404684355e-13,5.551115123125783e-15,0.07704900205135345
5398,WMI,1287,1960,40,200,1.6627388455990408e-13,5.551115123125783e-15,0.009469075128436089
5399,ISM,1287,1960,40,200,20.82128376023636,0.1424121141084702,0.14851279905997217
5400,DI,1287,1950,50,1,1.6166096746150567e-13,5.995204332975845e-15,0.08451152802444994
5401,WMI,1287,1950,50,1,1.6772761489826957e-13,6.661338147750939e-15,0.014823902864009142
5402,ISM,1287,1950,50,1,23.757832584101394,0.19198560466927272,0.2929023520555347
5403,DI,1287,1950,50,2,1.6166096746150567e-13,5.995204332975845e-15,0.0834211150649935
5404,WMI,1287,1950,50,2,1.6772761489826957e-13,6.661338147750939e-15,0.01525737694464624
5405,ISM,1287,1950,50,2,23.757832584101394,0.19198560466927272,0.2925354379694909
5406,DI,1287,1950,50,3,1.6166096746150567e-13,5.995204332975845e-15,0.08373087993822992
5407,WMI,1287,1950,50,3,1.6772761489826957e-13,6.661338147750939e-15,0.014841773081570864
5408,ISM,1287,1950,50,3,23.757832584101394,0.19198560466927272,0.28825709293596447
5409,DI,1287,1950,50,4,1.6166096746150567e-13,5.995204332975845e-15,0.08311326894909143
5410,WMI,1287,1950,50,4,1.6772761489826957e-13,6.661338147750939e-15,0.015514302998781204
5411,ISM,1287,1950,50,4,23.757832584101394,0.19198560466927272,0.29253843799233437
5412,DI,1287,1950,50,5,1.6166096746150567e-13,5.995204332975845e-15,0.08449467807076871
5413,WMI,1287,1950,50,5,1.6772761489826957e-13,6.661338147750939e-15,0.015308526111766696
5414,ISM,1287,1950,50,5,23.757832584101394,0.19198560466927272,0.2908029940444976
5415,DI,1287,1950,50,6,1.6166096746150567e-13,5.995204332975845e-15,0.08293830300681293
5416,WMI,1287,1950,50,6,1.6772761489826957e-13,6.661338147750939e-15,0.01491544209420681
5417,ISM,1287,1950,50,6,23.757832584101394,0.19198560466927272,0.29085899400524795
5418,DI,1287,1950,50,7,1.6166096746150567e-13,5.995204332975845e-15,0.0846923750359565
5419,WMI,1287,1950,50,7,1.6772761489826957e-13,6.661338147750939e-15,0.014975900994613767
5420,ISM,1287,1950,50,7,23.757832584101394,0.19198560466927272,0.2907947450876236
5421,DI,1287,1950,50,8,1.6166096746150567e-13,5.995204332975845e-15,0.08352410304360092
5422,WMI,1287,1950,50,8,1.6772761489826957e-13,6.661338147750939e-15,0.015005310997366905
5423,ISM,1287,1950,50,8,23.757832584101394,0.19198560466927272,0.2891746899113059
5424,DI,1287,1950,50,9,1.6166096746150567e-13,5.995204332975845e-15,0.08321910793893039
5425,WMI,1287,1950,50,9,1.6772761489826957e-13,6.661338147750939e-15,0.015411335043609142
5426,ISM,1287,1950,50,9,23.757832584101394,0.19198560466927272,0.2879196689464152
5427,DI,1287,1950,50,10,1.6166096746150567e-13,5.995204332975845e-15,0.0843212609179318
5428,WMI,1287,1950,50,10,1.6772761489826957e-13,6.661338147750939e-15,0.015210757032036781
5429,ISM,1287,1950,50,10,23.757832584101394,0.19198560466927272,0.29007020499557257
5430,DI,1287,1950,50,11,1.6166096746150567e-13,5.995204332975845e-15,0.0828417541924864
5431,WMI,1287,1950,50,11,1.6772761489826957e-13,6.661338147750939e-15,0.015533251920714974
5432,ISM,1287,1950,50,11,23.757832584101394,0.19198560466927272,0.2969070910476148
5433,DI,1287,1950,50,12,1.6166096746150567e-13,5.995204332975845e-15,0.08742435392923653
5434,WMI,1287,1950,50,12,1.6772761489826957e-13,6.661338147750939e-15,0.01544476393610239
5435,ISM,1287,1950,50,12,23.757832584101394,0.19198560466927272,0.3172262511216104
5436,DI,1287,1950,50,13,1.6166096746150567e-13,5.995204332975845e-15,0.08514156797900796
5437,WMI,1287,1950,50,13,1.6772761489826957e-13,6.661338147750939e-15,0.016304110875353217
5438,ISM,1287,1950,50,13,23.757832584101394,0.19198560466927272,0.3080398910678923
5439,DI,1287,1950,50,14,1.6166096746150567e-13,5.995204332975845e-15,0.0860021049156785
5440,WMI,1287,1950,50,14,1.6772761489826957e-13,6.661338147750939e-15,0.015377404866740108
5441,ISM,1287,1950,50,14,23.757832584101394,0.19198560466927272,0.3075553879607469
5442,DI,1287,1950,50,15,1.6166096746150567e-13,5.995204332975845e-15,0.08508282899856567
5443,WMI,1287,1950,50,15,1.6772761489826957e-13,6.661338147750939e-15,0.015641051111742854
5444,ISM,1287,1950,50,15,23.757832584101394,0.19198560466927272,0.3066251720301807
5445,DI,1287,1950,50,16,1.6166096746150567e-13,5.995204332975845e-15,0.0844210390932858
5446,WMI,1287,1950,50,16,1.6772761489826957e-13,6.661338147750939e-15,0.014873601961880922
5447,ISM,1287,1950,50,16,23.757832584101394,0.19198560466927272,0.29397063609212637
5448,DI,1287,1950,50,17,1.6166096746150567e-13,5.995204332975845e-15,0.08288470283150673
5449,WMI,1287,1950,50,17,1.6772761489826957e-13,6.661338147750939e-15,0.014853192958980799
5450,ISM,1287,1950,50,17,23.757832584101394,0.19198560466927272,0.2924449290148914
5451,DI,1287,1950,50,18,1.6166096746150567e-13,5.995204332975845e-15,0.08368609007447958
5452,WMI,1287,1950,50,18,1.6772761489826957e-13,6.661338147750939e-15,0.015385834965854883
5453,ISM,1287,1950,50,18,23.757832584101394,0.19198560466927272,0.2916407419834286
5454,DI,1287,1950,50,19,1.6166096746150567e-13,5.995204332975845e-15,0.08388002682477236
5455,WMI,1287,1950,50,19,1.6772761489826957e-13,6.661338147750939e-15,0.015059089055284858
5456,ISM,1287,1950,50,19,23.757832584101394,0.19198560466927272,0.29056145809590816
5457,DI,1287,1950,50,20,1.6166096746150567e-13,5.995204332975845e-15,0.08383348817005754
5458,WMI,1287,1950,50,20,1.6772761489826957e-13,6.661338147750939e-15,0.015175238018855453
5459,ISM,1287,1950,50,20,23.757832584101394,0.19198560466927272,0.29268350498750806
5460,DI,1287,1950,50,21,1.6166096746150567e-13,5.995204332975845e-15,0.0848153131082654
5461,WMI,1287,1950,50,21,1.6772761489826957e-13,6.661338147750939e-15,0.01551112299785018
5462,ISM,1287,1950,50,21,23.757832584101394,0.19198560466927272,0.2932680060621351
5463,DI,1287,1950,50,22,1.6166096746150567e-13,5.995204332975845e-15,0.08377616899088025
5464,WMI,1287,1950,50,22,1.6772761489826957e-13,6.661338147750939e-15,0.015097588999196887
5465,ISM,1287,1950,50,22,23.757832584101394,0.19198560466927272,0.29423041199333966
5466,DI,1287,1950,50,23,1.6166096746150567e-13,5.995204332975845e-15,0.08299137093126774
5467,WMI,1287,1950,50,23,1.6772761489826957e-13,6.661338147750939e-15,0.01506834989413619
5468,ISM,1287,1950,50,23,23.757832584101394,0.19198560466927272,0.29131458699703217
5469,DI,1287,1950,50,24,1.6166096746150567e-13,5.995204332975845e-15,0.08440259704366326
5470,WMI,1287,1950,50,24,1.6772761489826957e-13,6.661338147750939e-15,0.015517859952524304
5471,ISM,1287,1950,50,24,23.757832584101394,0.19198560466927272,0.29015387897379696
5472,DI,1287,1950,50,25,1.6166096746150567e-13,5.995204332975845e-15,0.08321839477866888
5473,WMI,1287,1950,50,25,1.6772761489826957e-13,6.661338147750939e-15,0.015368381980806589
5474,ISM,1287,1950,50,25,23.757832584101394,0.19198560466927272,0.29428984597325325
5475,DI,1287,1950,50,26,1.6166096746150567e-13,5.995204332975845e-15,0.08667640201747417
5476,WMI,1287,1950,50,26,1.6772761489826957e-13,6.661338147750939e-15,0.015415692003443837
5477,ISM,1287,1950,50,26,23.757832584101394,0.19198560466927272,0.3075674809515476
5478,DI,1287,1950,50,27,1.6166096746150567e-13,5.995204332975845e-15,0.0884216648992151
5479,WMI,1287,1950,50,27,1.6772761489826957e-13,6.661338147750939e-15,0.015964442864060402
5480,ISM,1287,1950,50,27,23.757832584101394,0.19198560466927272,0.3115027400199324
5481,DI,1287,1950,50,28,1.6166096746150567e-13,5.995204332975845e-15,0.08667979203164577
5482,WMI,1287,1950,50,28,1.6772761489826957e-13,6.661338147750939e-15,0.015400571981444955
5483,ISM,1287,1950,50,28,23.757832584101394,0.19198560466927272,0.3119979831390083
5484,DI,1287,1950,50,29,1.6166096746150567e-13,5.995204332975845e-15,0.08595546195283532
5485,WMI,1287,1950,50,29,1.6772761489826957e-13,6.661338147750939e-15,0.015397112118080258
5486,ISM,1287,1950,50,29,23.757832584101394,0.19198560466927272,0.3115419498644769
5487,DI,1287,1950,50,30,1.6166096746150567e-13,5.995204332975845e-15,0.08596403198316693
5488,WMI,1287,1950,50,30,1.6772761489826957e-13,6.661338147750939e-15,0.014941879082471132
5489,ISM,1287,1950,50,30,23.757832584101394,0.19198560466927272,0.2910024169832468
5490,DI,1287,1950,50,31,1.6166096746150567e-13,5.995204332975845e-15,0.08321633492596447
5491,WMI,1287,1950,50,31,1.6772761489826957e-13,6.661338147750939e-15,0.015169596066698432
5492,ISM,1287,1950,50,31,23.757832584101394,0.19198560466927272,0.2944925129413605
5493,DI,1287,1950,50,32,1.6166096746150567e-13,5.995204332975845e-15,0.08458977402187884
5494,WMI,1287,1950,50,32,1.6772761489826957e-13,6.661338147750939e-15,0.015209514880552888
5495,ISM,1287,1950,50,32,23.757832584101394,0.19198560466927272,0.2940571899525821
5496,DI,1287,1950,50,33,1.6166096746150567e-13,5.995204332975845e-15,0.08403501193970442
5497,WMI,1287,1950,50,33,1.6772761489826957e-13,6.661338147750939e-15,0.014848710969090462
5498,ISM,1287,1950,50,33,23.757832584101394,0.19198560466927272,0.2907446608878672
5499,DI,1287,1950,50,34,1.6166096746150567e-13,5.995204332975845e-15,0.08333915309049189
5500,WMI,1287,1950,50,34,1.6772761489826957e-13,6.661338147750939e-15,0.01517155603505671
5501,ISM,1287,1950,50,34,23.757832584101394,0.19198560466927272,0.2891936448868364
5502,DI,1287,1950,50,35,1.6166096746150567e-13,5.995204332975845e-15,0.08362701907753944
5503,WMI,1287,1950,50,35,1.6772761489826957e-13,6.661338147750939e-15,0.01499625900760293
5504,ISM,1287,1950,50,35,23.757832584101394,0.19198560466927272,0.30568220000714064
5505,DI,1287,1950,50,36,1.6166096746150567e-13,5.995204332975845e-15,0.08648572396486998
5506,WMI,1287,1950,50,36,1.6772761489826957e-13,6.661338147750939e-15,0.015498201129958034
5507,ISM,1287,1950,50,36,23.757832584101394,0.19198560466927272,0.3103846670128405
5508,DI,1287,1950,50,37,1.6166096746150567e-13,5.995204332975845e-15,0.08641166496090591
5509,WMI,1287,1950,50,37,1.6772761489826957e-13,6.661338147750939e-15,0.015538700856268406
5510,ISM,1287,1950,50,37,23.757832584101394,0.19198560466927272,0.3055510618723929
5511,DI,1287,1950,50,38,1.6166096746150567e-13,5.995204332975845e-15,0.08689321903511882
5512,WMI,1287,1950,50,38,1.6772761489826957e-13,6.661338147750939e-15,0.015785407042130828
5513,ISM,1287,1950,50,38,23.757832584101394,0.19198560466927272,0.3083934080787003
5514,DI,1287,1950,50,39,1.6166096746150567e-13,5.995204332975845e-15,0.0850396070163697
5515,WMI,1287,1950,50,39,1.6772761489826957e-13,6.661338147750939e-15,0.015519750071689487
5516,ISM,1287,1950,50,39,23.757832584101394,0.19198560466927272,0.30583213781937957
5517,DI,1287,1950,50,40,1.6166096746150567e-13,5.995204332975845e-15,0.08588032401166856
5518,WMI,1287,1950,50,40,1.6772761489826957e-13,6.661338147750939e-15,0.01618829113431275
5519,ISM,1287,1950,50,40,23.757832584101394,0.19198560466927272,0.29133951221592724
5520,DI,1287,1950,50,41,1.6166096746150567e-13,5.995204332975845e-15,0.08498001797124743
5521,WMI,1287,1950,50,41,1.6772761489826957e-13,6.661338147750939e-15,0.01582149602472782
5522,ISM,1287,1950,50,41,23.757832584101394,0.19198560466927272,0.2956597248557955
5523,DI,1287,1950,50,42,1.6166096746150567e-13,5.995204332975845e-15,0.08347519114613533
5524,WMI,1287,1950,50,42,1.6772761489826957e-13,6.661338147750939e-15,0.01538173295557499
5525,ISM,1287,1950,50,42,23.757832584101394,0.19198560466927272,0.2925583329051733
5526,DI,1287,1950,50,43,1.6166096746150567e-13,5.995204332975845e-15,0.08296201913617551
5527,WMI,1287,1950,50,43,1.6772761489826957e-13,6.661338147750939e-15,0.015279424143955112
5528,ISM,1287,1950,50,43,23.757832584101394,0.19198560466927272,0.29160480690188706
5529,DI,1287,1950,50,44,1.6166096746150567e-13,5.995204332975845e-15,0.08407306182198226
5530,WMI,1287,1950,50,44,1.6772761489826957e-13,6.661338147750939e-15,0.015291279880329967
5531,ISM,1287,1950,50,44,23.757832584101394,0.19198560466927272,0.28788222884759307
5532,DI,1287,1950,50,45,1.6166096746150567e-13,5.995204332975845e-15,0.08426399901509285
5533,WMI,1287,1950,50,45,1.6772761489826957e-13,6.661338147750939e-15,0.014925775118172169
5534,ISM,1287,1950,50,45,23.757832584101394,0.19198560466927272,0.2904925800394267
5535,DI,1287,1950,50,46,1.6166096746150567e-13,5.995204332975845e-15,0.0833947320934385
5536,WMI,1287,1950,50,46,1.6772761489826957e-13,6.661338147750939e-15,0.015138742048293352
5537,ISM,1287,1950,50,46,23.757832584101394,0.19198560466927272,0.29018332390114665
5538,DI,1287,1950,50,47,1.6166096746150567e-13,5.995204332975845e-15,0.08423772011883557
5539,WMI,1287,1950,50,47,1.6772761489826957e-13,6.661338147750939e-15,0.014978053979575634
5540,ISM,1287,1950,50,47,23.757832584101394,0.19198560466927272,0.29011736484244466
5541,DI,1287,1950,50,48,1.6166096746150567e-13,5.995204332975845e-15,0.08469907310791314
5542,WMI,1287,1950,50,48,1.6772761489826957e-13,6.661338147750939e-15,0.01505149295553565
5543,ISM,1287,1950,50,48,23.757832584101394,0.19198560466927272,0.30058085708878934
5544,DI,1287,1950,50,49,1.6166096746150567e-13,5.995204332975845e-15,0.08535953215323389
5545,WMI,1287,1950,50,49,1.6772761489826957e-13,6.661338147750939e-15,0.01609718706458807
5546,ISM,1287,1950,50,49,23.757832584101394,0.19198560466927272,0.3075157629791647
5547,DI,1287,1950,50,50,1.6166096746150567e-13,5.995204332975845e-15,0.08555532991886139
5548,WMI,1287,1950,50,50,1.6772761489826957e-13,6.661338147750939e-15,0.01526122004725039
5549,ISM,1287,1950,50,50,23.757832584101394,0.19198560466927272,0.30590496794320643
5550,DI,1287,1950,50,51,1.6166096746150567e-13,5.995204332975845e-15,0.08428434911184013
5551,WMI,1287,1950,50,51,1.6772761489826957e-13,6.661338147750939e-15,0.015672994079068303
5552,ISM,1287,1950,50,51,23.757832584101394,0.19198560466927272,0.30477009410969913
5553,DI,1287,1950,50,52,1.6166096746150567e-13,5.995204332975845e-15,0.08601482305675745
5554,WMI,1287,1950,50,52,1.6772761489826957e-13,6.661338147750939e-15,0.014979194151237607
5555,ISM,1287,1950,50,52,23.757832584101394,0.19198560466927272,0.29763911198824644
5556,DI,1287,1950,50,53,1.6166096746150567e-13,5.995204332975845e-15,0.08345377189107239
5557,WMI,1287,1950,50,53,1.6772761489826957e-13,6.661338147750939e-15,0.015246829949319363
5558,ISM,1287,1950,50,53,23.757832584101394,0.19198560466927272,0.29137024586088955
5559,DI,1287,1950,50,54,1.6166096746150567e-13,5.995204332975845e-15,0.08351592090912163
5560,WMI,1287,1950,50,54,1.6772761489826957e-13,6.661338147750939e-15,0.01536122802644968
5561,ISM,1287,1950,50,54,23.757832584101394,0.19198560466927272,0.28679839498363435
5562,DI,1287,1950,50,55,1.6166096746150567e-13,5.995204332975845e-15,0.08326691505499184
5563,WMI,1287,1950,50,55,1.6772761489826957e-13,6.661338147750939e-15,0.015180571004748344
5564,ISM,1287,1950,50,55,23.757832584101394,0.19198560466927272,0.29187540896236897
5565,DI,1287,1950,50,56,1.6166096746150567e-13,5.995204332975845e-15,0.08379678591154516
5566,WMI,1287,1950,50,56,1.6772761489826957e-13,6.661338147750939e-15,0.014982304070144892
5567,ISM,1287,1950,50,56,23.757832584101394,0.19198560466927272,0.29022467392496765
5568,DI,1287,1950,50,57,1.6166096746150567e-13,5.995204332975845e-15,0.08370619802735746
5569,WMI,1287,1950,50,57,1.6772761489826957e-13,6.661338147750939e-15,0.015465626027435064
5570,ISM,1287,1950,50,57,23.757832584101394,0.19198560466927272,0.28909529093652964
5571,DI,1287,1950,50,58,1.6166096746150567e-13,5.995204332975845e-15,0.08476138208061457
5572,WMI,1287,1950,50,58,1.6772761489826957e-13,6.661338147750939e-15,0.014905215939506888
5573,ISM,1287,1950,50,58,23.757832584101394,0.19198560466927272,0.28689058404415846
5574,DI,1287,1950,50,59,1.6166096746150567e-13,5.995204332975845e-15,0.08406066312454641
5575,WMI,1287,1950,50,59,1.6772761489826957e-13,6.661338147750939e-15,0.015253980178385973
5576,ISM,1287,1950,50,59,23.757832584101394,0.19198560466927272,0.30082330387085676
5577,DI,1287,1950,50,60,1.6166096746150567e-13,5.995204332975845e-15,0.08550808089785278
5578,WMI,1287,1950,50,60,1.6772761489826957e-13,6.661338147750939e-15,0.016179986065253615
5579,ISM,1287,1950,50,60,23.757832584101394,0.19198560466927272,0.30851777689531446
5580,DI,1287,1950,50,61,1.6166096746150567e-13,5.995204332975845e-15,0.08667079289443791
5581,WMI,1287,1950,50,61,1.6772761489826957e-13,6.661338147750939e-15,0.015363148879259825
5582,ISM,1287,1950,50,61,23.757832584101394,0.19198560466927272,0.2919761270750314
5583,DI,1287,1950,50,62,1.6166096746150567e-13,5.995204332975845e-15,0.08363534905947745
5584,WMI,1287,1950,50,62,1.6772761489826957e-13,6.661338147750939e-15,0.015137871960178018
5585,ISM,1287,1950,50,62,23.757832584101394,0.19198560466927272,0.29089902294799685
5586,DI,1287,1950,50,63,1.6166096746150567e-13,5.995204332975845e-15,0.08388251601718366
5587,WMI,1287,1950,50,63,1.6772761489826957e-13,6.661338147750939e-15,0.015147500904276967
5588,ISM,1287,1950,50,63,23.757832584101394,0.19198560466927272,0.29234687192365527
5589,DI,1287,1950,50,64,1.6166096746150567e-13,5.995204332975845e-15,0.08403535303659737
5590,WMI,1287,1950,50,64,1.6772761489826957e-13,6.661338147750939e-15,0.014959683874621987
5591,ISM,1287,1950,50,64,23.757832584101394,0.19198560466927272,0.2901169559918344
5592,DI,1287,1950,50,65,1.6166096746150567e-13,5.995204332975845e-15,0.08310066699050367
5593,WMI,1287,1950,50,65,1.6772761489826957e-13,6.661338147750939e-15,0.015112341847270727
5594,ISM,1287,1950,50,65,23.757832584101394,0.19198560466927272,0.29384295898489654
5595,DI,1287,1950,50,66,1.6166096746150567e-13,5.995204332975845e-15,0.08371880697086453
5596,WMI,1287,1950,50,66,1.6772761489826957e-13,6.661338147750939e-15,0.014859545044600964
5597,ISM,1287,1950,50,66,23.757832584101394,0.19198560466927272,0.28997290693223476
5598,DI,1287,1950,50,67,1.6166096746150567e-13,5.995204332975845e-15,0.0833500730805099
5599,WMI,1287,1950,50,67,1.6772761489826957e-13,6.661338147750939e-15,0.014991803094744682
5600,ISM,1287,1950,50,67,23.757832584101394,0.19198560466927272,0.29016659408807755
5601,DI,1287,1950,50,68,1.6166096746150567e-13,5.995204332975845e-15,0.0837697871029377
5602,WMI,1287,1950,50,68,1.6772761489826957e-13,6.661338147750939e-15,0.015483166091144085
5603,ISM,1287,1950,50,68,23.757832584101394,0.19198560466927272,0.29040383012034
5604,DI,1287,1950,50,69,1.6166096746150567e-13,5.995204332975845e-15,0.08568294788710773
5605,WMI,1287,1950,50,69,1.6772761489826957e-13,6.661338147750939e-15,0.01560155488550663
5606,ISM,1287,1950,50,69,23.757832584101394,0.19198560466927272,0.3104252889752388
5607,DI,1287,1950,50,70,1.6166096746150567e-13,5.995204332975845e-15,0.08546478115022182
5608,WMI,1287,1950,50,70,1.6772761489826957e-13,6.661338147750939e-15,0.01533812889829278
5609,ISM,1287,1950,50,70,23.757832584101394,0.19198560466927272,0.3015533331781626
5610,DI,1287,1950,50,71,1.6166096746150567e-13,5.995204332975845e-15,0.08371495804749429
5611,WMI,1287,1950,50,71,1.6772761489826957e-13,6.661338147750939e-15,0.015390068059787154
5612,ISM,1287,1950,50,71,23.757832584101394,0.19198560466927272,0.28915326902642846
5613,DI,1287,1950,50,72,1.6166096746150567e-13,5.995204332975845e-15,0.0832597438711673
5614,WMI,1287,1950,50,72,1.6772761489826957e-13,6.661338147750939e-15,0.015401897951960564
5615,ISM,1287,1950,50,72,23.757832584101394,0.19198560466927272,0.29862525686621666
5616,DI,1287,1950,50,73,1.6166096746150567e-13,5.995204332975845e-15,0.08347289194352925
5617,WMI,1287,1950,50,73,1.6772761489826957e-13,6.661338147750939e-15,0.015122132143005729
5618,ISM,1287,1950,50,73,23.757832584101394,0.19198560466927272,0.2908540638163686
5619,DI,1287,1950,50,74,1.6166096746150567e-13,5.995204332975845e-15,0.08335576299577951
5620,WMI,1287,1950,50,74,1.6772761489826957e-13,6.661338147750939e-15,0.015120902098715305
5621,ISM,1287,1950,50,74,23.757832584101394,0.19198560466927272,0.293135599931702
5622,DI,1287,1950,50,75,1.6166096746150567e-13,5.995204332975845e-15,0.08493218896910548
5623,WMI,1287,1950,50,75,1.6772761489826957e-13,6.661338147750939e-15,0.015307550085708499
5624,ISM,1287,1950,50,75,23.757832584101394,0.19198560466927272,0.28996594808995724
5625,DI,1287,1950,50,76,1.6166096746150567e-13,5.995204332975845e-15,0.08362112892791629
5626,WMI,1287,1950,50,76,1.6772761489826957e-13,6.661338147750939e-15,0.015058672986924648
5627,ISM,1287,1950,50,76,23.757832584101394,0.19198560466927272,0.2915003150701523
5628,DI,1287,1950,50,77,1.6166096746150567e-13,5.995204332975845e-15,0.08471679198555648
5629,WMI,1287,1950,50,77,1.6772761489826957e-13,6.661338147750939e-15,0.01497087487950921
5630,ISM,1287,1950,50,77,23.757832584101394,0.19198560466927272,0.2921449651475996
5631,DI,1287,1950,50,78,1.6166096746150567e-13,5.995204332975845e-15,0.08365493710152805
5632,WMI,1287,1950,50,78,1.6772761489826957e-13,6.661338147750939e-15,0.015271724900230765
5633,ISM,1287,1950,50,78,23.757832584101394,0.19198560466927272,0.31009025895036757
5634,DI,1287,1950,50,79,1.6166096746150567e-13,5.995204332975845e-15,0.0882007428444922
5635,WMI,1287,1950,50,79,1.6772761489826957e-13,6.661338147750939e-15,0.015493812039494514
5636,ISM,1287,1950,50,79,23.757832584101394,0.19198560466927272,0.3091919431462884
5637,DI,1287,1950,50,80,1.6166096746150567e-13,5.995204332975845e-15,0.08537783706560731
5638,WMI,1287,1950,50,80,1.6772761489826957e-13,6.661338147750939e-15,0.015909374924376607
5639,ISM,1287,1950,50,80,23.757832584101394,0.19198560466927272,0.29622978204861283
5640,DI,1287,1950,50,81,1.6166096746150567e-13,5.995204332975845e-15,0.08358851401135325
5641,WMI,1287,1950,50,81,1.6772761489826957e-13,6.661338147750939e-15,0.015381524106487632
5642,ISM,1287,1950,50,81,23.757832584101394,0.19198560466927272,0.29081845516338944
5643,DI,1287,1950,50,82,1.6166096746150567e-13,5.995204332975845e-15,0.08471664716489613
5644,WMI,1287,1950,50,82,1.6772761489826957e-13,6.661338147750939e-15,0.015363463200628757
5645,ISM,1287,1950,50,82,23.757832584101394,0.19198560466927272,0.2878997498191893
5646,DI,1287,1950,50,83,1.6166096746150567e-13,5.995204332975845e-15,0.0831258911639452
5647,WMI,1287,1950,50,83,1.6772761489826957e-13,6.661338147750939e-15,0.015095638111233711
5648,ISM,1287,1950,50,83,23.757832584101394,0.19198560466927272,0.29134903685189784
5649,DI,1287,1950,50,84,1.6166096746150567e-13,5.995204332975845e-15,0.08344644587486982
5650,WMI,1287,1950,50,84,1.6772761489826957e-13,6.661338147750939e-15,0.015211476013064384
5651,ISM,1287,1950,50,84,23.757832584101394,0.19198560466927272,0.29455909691751003
5652,DI,1287,1950,50,85,1.6166096746150567e-13,5.995204332975845e-15,0.083185930037871
5653,WMI,1287,1950,50,85,1.6772761489826957e-13,6.661338147750939e-15,0.014864762080833316
5654,ISM,1287,1950,50,85,23.757832584101394,0.19198560466927272,0.28955209511332214
5655,DI,1287,1950,50,86,1.6166096746150567e-13,5.995204332975845e-15,0.08422846393659711
5656,WMI,1287,1950,50,86,1.6772761489826957e-13,6.661338147750939e-15,0.015043389052152634
5657,ISM,1287,1950,50,86,23.757832584101394,0.19198560466927272,0.29003261704929173
5658,DI,1287,1950,50,87,1.6166096746150567e-13,5.995204332975845e-15,0.08372210199013352
5659,WMI,1287,1950,50,87,1.6772761489826957e-13,6.661338147750939e-15,0.015096416929736733
5660,ISM,1287,1950,50,87,23.757832584101394,0.19198560466927272,0.3017313680611551
5661,DI,1287,1950,50,88,1.6166096746150567e-13,5.995204332975845e-15,0.08486739406362176
5662,WMI,1287,1950,50,88,1.6772761489826957e-13,6.661338147750939e-15,0.015701108146458864
5663,ISM,1287,1950,50,88,23.757832584101394,0.19198560466927272,0.30747725907713175
5664,DI,1287,1950,50,89,1.6166096746150567e-13,5.995204332975845e-15,0.08725132700055838
5665,WMI,1287,1950,50,89,1.6772761489826957e-13,6.661338147750939e-15,0.015655268914997578
5666,ISM,1287,1950,50,89,23.757832584101394,0.19198560466927272,0.3069491069763899
5667,DI,1287,1950,50,90,1.6166096746150567e-13,5.995204332975845e-15,0.08553145383484662
5668,WMI,1287,1950,50,90,1.6772761489826957e-13,6.661338147750939e-15,0.015486042015254498
5669,ISM,1287,1950,50,90,23.757832584101394,0.19198560466927272,0.30687193805351853
5670,DI,1287,1950,50,91,1.6166096746150567e-13,5.995204332975845e-15,0.08603658596985042
5671,WMI,1287,1950,50,91,1.6772761489826957e-13,6.661338147750939e-15,0.015021468047052622
5672,ISM,1287,1950,50,91,23.757832584101394,0.19198560466927272,0.29252785886637866
5673,DI,1287,1950,50,92,1.6166096746150567e-13,5.995204332975845e-15,0.08376474119722843
5674,WMI,1287,1950,50,92,1.6772761489826957e-13,6.661338147750939e-15,0.015654789051041007
5675,ISM,1287,1950,50,92,23.757832584101394,0.19198560466927272,0.2916270128916949
5676,DI,1287,1950,50,93,1.6166096746150567e-13,5.995204332975845e-15,0.08229398308321834
5677,WMI,1287,1950,50,93,1.6772761489826957e-13,6.661338147750939e-15,0.015491272090002894
5678,ISM,1287,1950,50,93,23.757832584101394,0.19198560466927272,0.2886518379673362
5679,DI,1287,1950,50,94,1.6166096746150567e-13,5.995204332975845e-15,0.08380627981387079
5680,WMI,1287,1950,50,94,1.6772761489826957e-13,6.661338147750939e-15,0.015183555893599987
5681,ISM,1287,1950,50,94,23.757832584101394,0.19198560466927272,0.29087143391370773
5682,DI,1287,1950,50,95,1.6166096746150567e-13,5.995204332975845e-15,0.08467102702707052
5683,WMI,1287,1950,50,95,1.6772761489826957e-13,6.661338147750939e-15,0.014958309940993786
5684,ISM,1287,1950,50,95,23.757832584101394,0.19198560466927272,0.2896458129398525
5685,DI,1287,1950,50,96,1.6166096746150567e-13,5.995204332975845e-15,0.08406900707632303
5686,WMI,1287,1950,50,96,1.6772761489826957e-13,6.661338147750939e-15,0.01579892705194652
5687,ISM,1287,1950,50,96,23.757832584101394,0.19198560466927272,0.3053604008164257
5688,DI,1287,1950,50,97,1.6166096746150567e-13,5.995204332975845e-15,0.08586814906448126
5689,WMI,1287,1950,50,97,1.6772761489826957e-13,6.661338147750939e-15,0.01530118496157229
5690,ISM,1287,1950,50,97,23.757832584101394,0.19198560466927272,0.30927858082577586
5691,DI,1287,1950,50,98,1.6166096746150567e-13,5.995204332975845e-15,0.08648838894441724
5692,WMI,1287,1950,50,98,1.6772761489826957e-13,6.661338147750939e-15,0.01568072894588113
5693,ISM,1287,1950,50,98,23.757832584101394,0.19198560466927272,0.30472037103027105
5694,DI,1287,1950,50,99,1.6166096746150567e-13,5.995204332975845e-15,0.08613057504408062
5695,WMI,1287,1950,50,99,1.6772761489826957e-13,6.661338147750939e-15,0.01590688619762659
5696,ISM,1287,1950,50,99,23.757832584101394,0.19198560466927272,0.30615845904685557
5697,DI,1287,1950,50,100,1.6166096746150567e-13,5.995204332975845e-15,0.08571166102774441
5698,WMI,1287,1950,50,100,1.6772761489826957e-13,6.661338147750939e-15,0.015679738949984312
5699,ISM,1287,1950,50,100,23.757832584101394,0.19198560466927272,0.3101703568827361
5700,DI,1287,1950,50,101,1.6166096746150567e-13,5.995204332975845e-15,0.08676844509318471
5701,WMI,1287,1950,50,101,1.6772761489826957e-13,6.661338147750939e-15,0.015736998058855534
5702,ISM,1287,1950,50,101,23.757832584101394,0.19198560466927272,0.3077550148591399
5703,DI,1287,1950,50,102,1.6166096746150567e-13,5.995204332975845e-15,0.08573329099453986
5704,WMI,1287,1950,50,102,1.6772761489826957e-13,6.661338147750939e-15,0.015472382074221969
5705,ISM,1287,1950,50,102,23.757832584101394,0.19198560466927272,0.30111520597711205
5706,DI,1287,1950,50,103,1.6166096746150567e-13,5.995204332975845e-15,0.0842710230499506
5707,WMI,1287,1950,50,103,1.6772761489826957e-13,6.661338147750939e-15,0.015170695958659053
5708,ISM,1287,1950,50,103,23.757832584101394,0.19198560466927272,0.29144132509827614
5709,DI,1287,1950,50,104,1.6166096746150567e-13,5.995204332975845e-15,0.08349824510514736
5710,WMI,1287,1950,50,104,1.6772761489826957e-13,6.661338147750939e-15,0.014724994078278542
5711,ISM,1287,1950,50,104,23.757832584101394,0.19198560466927272,0.29064713791012764
5712,DI,1287,1950,50,105,1.6166096746150567e-13,5.995204332975845e-15,0.08312649093568325
5713,WMI,1287,1950,50,105,1.6772761489826957e-13,6.661338147750939e-15,0.014986880123615265
5714,ISM,1287,1950,50,105,23.757832584101394,0.19198560466927272,0.2900496469810605
5715,DI,1287,1950,50,106,1.6166096746150567e-13,5.995204332975845e-15,0.08319888007827103
5716,WMI,1287,1950,50,106,1.6772761489826957e-13,6.661338147750939e-15,0.015020658960565925
5717,ISM,1287,1950,50,106,23.757832584101394,0.19198560466927272,0.2963817489799112
5718,DI,1287,1950,50,107,1.6166096746150567e-13,5.995204332975845e-15,0.08350958512164652
5719,WMI,1287,1950,50,107,1.6772761489826957e-13,6.661338147750939e-15,0.01507046795450151
5720,ISM,1287,1950,50,107,23.757832584101394,0.19198560466927272,0.2874867869541049
5721,DI,1287,1950,50,108,1.6166096746150567e-13,5.995204332975845e-15,0.08286072500050068
5722,WMI,1287,1950,50,108,1.6772761489826957e-13,6.661338147750939e-15,0.015127327991649508
5723,ISM,1287,1950,50,108,23.757832584101394,0.19198560466927272,0.29217207501642406
5724,DI,1287,1950,50,109,1.6166096746150567e-13,5.995204332975845e-15,0.08346573589369655
5725,WMI,1287,1950,50,109,1.6772761489826957e-13,6.661338147750939e-15,0.015169236110523343
5726,ISM,1287,1950,50,109,23.757832584101394,0.19198560466927272,0.28622640506364405
5727,DI,1287,1950,50,110,1.6166096746150567e-13,5.995204332975845e-15,0.08492235303856432
5728,WMI,1287,1950,50,110,1.6772761489826957e-13,6.661338147750939e-15,0.015682918950915337
5729,ISM,1287,1950,50,110,23.757832584101394,0.19198560466927272,0.306299946969375
5730,DI,1287,1950,50,111,1.6166096746150567e-13,5.995204332975845e-15,0.08527200785465539
5731,WMI,1287,1950,50,111,1.6772761489826957e-13,6.661338147750939e-15,0.015585439978167415
5732,ISM,1287,1950,50,111,23.757832584101394,0.19198560466927272,0.30459899292327464
5733,DI,1287,1950,50,112,1.6166096746150567e-13,5.995204332975845e-15,0.08659702795557678
5734,WMI,1287,1950,50,112,1.6772761489826957e-13,6.661338147750939e-15,0.015796997118741274
5735,ISM,1287,1950,50,112,23.757832584101394,0.19198560466927272,0.30800965102389455
5736,DI,1287,1950,50,113,1.6166096746150567e-13,5.995204332975845e-15,0.08460393780842423
5737,WMI,1287,1950,50,113,1.6772761489826957e-13,6.661338147750939e-15,0.014858542010188103
5738,ISM,1287,1950,50,113,23.757832584101394,0.19198560466927272,0.29549955297261477
5739,DI,1287,1950,50,114,1.6166096746150567e-13,5.995204332975845e-15,0.08361168415285647
5740,WMI,1287,1950,50,114,1.6772761489826957e-13,6.661338147750939e-15,0.01498471898958087
5741,ISM,1287,1950,50,114,23.757832584101394,0.19198560466927272,0.29299217206425965
5742,DI,1287,1950,50,115,1.6166096746150567e-13,5.995204332975845e-15,0.08293700404465199
5743,WMI,1287,1950,50,115,1.6772761489826957e-13,6.661338147750939e-15,0.0151190971955657
5744,ISM,1287,1950,50,115,23.757832584101394,0.19198560466927272,0.28972202190198004
5745,DI,1287,1950,50,116,1.6166096746150567e-13,5.995204332975845e-15,0.08382480987347662
5746,WMI,1287,1950,50,116,1.6772761489826957e-13,6.661338147750939e-15,0.015151017112657428
5747,ISM,1287,1950,50,116,23.757832584101394,0.19198560466927272,0.2929399430286139
5748,DI,1287,1950,50,117,1.6166096746150567e-13,5.995204332975845e-15,0.08419971400871873
5749,WMI,1287,1950,50,117,1.6772761489826957e-13,6.661338147750939e-15,0.014758673030883074
5750,ISM,1287,1950,50,117,23.757832584101394,0.19198560466927272,0.2948227331507951
5751,DI,1287,1950,50,118,1.6166096746150567e-13,5.995204332975845e-15,0.08328994899056852
5752,WMI,1287,1950,50,118,1.6772761489826957e-13,6.661338147750939e-15,0.015005378983914852
5753,ISM,1287,1950,50,118,23.757832584101394,0.19198560466927272,0.28628078498877585
5754,DI,1287,1950,50,119,1.6166096746150567e-13,5.995204332975845e-15,0.08298532292246819
5755,WMI,1287,1950,50,119,1.6772761489826957e-13,6.661338147750939e-15,0.014870231971144676
5756,ISM,1287,1950,50,119,23.757832584101394,0.19198560466927272,0.29068220709450543
5757,DI,1287,1950,50,120,1.6166096746150567e-13,5.995204332975845e-15,0.08380687981843948
5758,WMI,1287,1950,50,120,1.6772761489826957e-13,6.661338147750939e-15,0.014994899043813348
5759,ISM,1287,1950,50,120,23.757832584101394,0.19198560466927272,0.2935910720843822
5760,DI,1287,1950,50,121,1.6166096746150567e-13,5.995204332975845e-15,0.08431007293984294
5761,WMI,1287,1950,50,121,1.6772761489826957e-13,6.661338147750939e-15,0.01526375487446785
5762,ISM,1287,1950,50,121,23.757832584101394,0.19198560466927272,0.3068745380733162
5763,DI,1287,1950,50,122,1.6166096746150567e-13,5.995204332975845e-15,0.08534334693104029
5764,WMI,1287,1950,50,122,1.6772761489826957e-13,6.661338147750939e-15,0.015510740922763944
5765,ISM,1287,1950,50,122,23.757832584101394,0.19198560466927272,0.3040115919429809
5766,DI,1287,1950,50,123,1.6166096746150567e-13,5.995204332975845e-15,0.08529576798900962
5767,WMI,1287,1950,50,123,1.6772761489826957e-13,6.661338147750939e-15,0.015332764014601707
5768,ISM,1287,1950,50,123,23.757832584101394,0.19198560466927272,0.30724770203232765
5769,DI,1287,1950,50,124,1.6166096746150567e-13,5.995204332975845e-15,0.08524284791201353
5770,WMI,1287,1950,50,124,1.6772761489826957e-13,6.661338147750939e-15,0.015173126012086868
5771,ISM,1287,1950,50,124,23.757832584101394,0.19198560466927272,0.29449512902647257
5772,DI,1287,1950,50,125,1.6166096746150567e-13,5.995204332975845e-15,0.0836545629426837
5773,WMI,1287,1950,50,125,1.6772761489826957e-13,6.661338147750939e-15,0.015252415090799332
5774,ISM,1287,1950,50,125,23.757832584101394,0.19198560466927272,0.2866597790271044
5775,DI,1287,1950,50,126,1.6166096746150567e-13,5.995204332975845e-15,0.08227012399584055
5776,WMI,1287,1950,50,126,1.6772761489826957e-13,6.661338147750939e-15,0.014941900037229061
5777,ISM,1287,1950,50,126,23.757832584101394,0.19198560466927272,0.2893396080471575
5778,DI,1287,1950,50,127,1.6166096746150567e-13,5.995204332975845e-15,0.08373298100195825
5779,WMI,1287,1950,50,127,1.6772761489826957e-13,6.661338147750939e-15,0.015007768990471959
5780,ISM,1287,1950,50,127,23.757832584101394,0.19198560466927272,0.29241643100976944
5781,DI,1287,1950,50,128,1.6166096746150567e-13,5.995204332975845e-15,0.08335344702936709
5782,WMI,1287,1950,50,128,1.6772761489826957e-13,6.661338147750939e-15,0.015221856068819761
5783,ISM,1287,1950,50,128,23.757832584101394,0.19198560466927272,0.2919883669819683
5784,DI,1287,1950,50,129,1.6166096746150567e-13,5.995204332975845e-15,0.08256570901721716
5785,WMI,1287,1950,50,129,1.6772761489826957e-13,6.661338147750939e-15,0.015042099170386791
5786,ISM,1287,1950,50,129,23.757832584101394,0.19198560466927272,0.2915317139122635
5787,DI,1287,1950,50,130,1.6166096746150567e-13,5.995204332975845e-15,0.08460408519022167
5788,WMI,1287,1950,50,130,1.6772761489826957e-13,6.661338147750939e-15,0.014902630122378469
5789,ISM,1287,1950,50,130,23.757832584101394,0.19198560466927272,0.28586693084798753
5790,DI,1287,1950,50,131,1.6166096746150567e-13,5.995204332975845e-15,0.08340301387943327
5791,WMI,1287,1950,50,131,1.6772761489826957e-13,6.661338147750939e-15,0.015266814967617393
5792,ISM,1287,1950,50,131,23.757832584101394,0.19198560466927272,0.29729408491402864
5793,DI,1287,1950,50,132,1.6166096746150567e-13,5.995204332975845e-15,0.08517710701562464
5794,WMI,1287,1950,50,132,1.6772761489826957e-13,6.661338147750939e-15,0.015502731082960963
5795,ISM,1287,1950,50,132,23.757832584101394,0.19198560466927272,0.3093631889205426
5796,DI,1287,1950,50,133,1.6166096746150567e-13,5.995204332975845e-15,0.08533792407251894
5797,WMI,1287,1950,50,133,1.6772761489826957e-13,6.661338147750939e-15,0.015388791915029287
5798,ISM,1287,1950,50,133,23.757832584101394,0.19198560466927272,0.28870546794496477
5799,DI,1287,1950,50,134,1.6166096746150567e-13,5.995204332975845e-15,0.08353365189395845
5800,WMI,1287,1950,50,134,1.6772761489826957e-13,6.661338147750939e-15,0.014916840009391308
5801,ISM,1287,1950,50,134,23.757832584101394,0.19198560466927272,0.2883581130299717
5802,DI,1287,1950,50,135,1.6166096746150567e-13,5.995204332975845e-15,0.08256169687956572
5803,WMI,1287,1950,50,135,1.6772761489826957e-13,6.661338147750939e-15,0.014942578971385956
5804,ISM,1287,1950,50,135,23.757832584101394,0.19198560466927272,0.28855494083836675
5805,DI,1287,1950,50,136,1.6166096746150567e-13,5.995204332975845e-15,0.08295483980327845
5806,WMI,1287,1950,50,136,1.6772761489826957e-13,6.661338147750939e-15,0.014952418860048056
5807,ISM,1287,1950,50,136,23.757832584101394,0.19198560466927272,0.2890240328852087
5808,DI,1287,1950,50,137,1.6166096746150567e-13,5.995204332975845e-15,0.08295364095829427
5809,WMI,1287,1950,50,137,1.6772761489826957e-13,6.661338147750939e-15,0.015200905036181211
5810,ISM,1287,1950,50,137,23.757832584101394,0.19198560466927272,0.28683311701752245
5811,DI,1287,1950,50,138,1.6166096746150567e-13,5.995204332975845e-15,0.08401416405104101
5812,WMI,1287,1950,50,138,1.6772761489826957e-13,6.661338147750939e-15,0.014879819937050343
5813,ISM,1287,1950,50,138,23.757832584101394,0.19198560466927272,0.2860790491104126
5814,DI,1287,1950,50,139,1.6166096746150567e-13,5.995204332975845e-15,0.08354951115325093
5815,WMI,1287,1950,50,139,1.6772761489826957e-13,6.661338147750939e-15,0.01485028094612062
5816,ISM,1287,1950,50,139,23.757832584101394,0.19198560466927272,0.28649880085140467
5817,DI,1287,1950,50,140,1.6166096746150567e-13,5.995204332975845e-15,0.08346203295513988
5818,WMI,1287,1950,50,140,1.6772761489826957e-13,6.661338147750939e-15,0.014988149050623178
5819,ISM,1287,1950,50,140,23.757832584101394,0.19198560466927272,0.3015847699716687
5820,DI,1287,1950,50,141,1.6166096746150567e-13,5.995204332975845e-15,0.08547600195743144
5821,WMI,1287,1950,50,141,1.6772761489826957e-13,6.661338147750939e-15,0.016115091973915696
5822,ISM,1287,1950,50,141,23.757832584101394,0.19198560466927272,0.30806854902766645
5823,DI,1287,1950,50,142,1.6166096746150567e-13,5.995204332975845e-15,0.08417446189559996
5824,WMI,1287,1950,50,142,1.6772761489826957e-13,6.661338147750939e-15,0.015186256030574441
5825,ISM,1287,1950,50,142,23.757832584101394,0.19198560466927272,0.30545961996540427
5826,DI,1287,1950,50,143,1.6166096746150567e-13,5.995204332975845e-15,0.08521358505822718
5827,WMI,1287,1950,50,143,1.6772761489826957e-13,6.661338147750939e-15,0.01543514197692275
5828,ISM,1287,1950,50,143,23.757832584101394,0.19198560466927272,0.3049576070625335
5829,DI,1287,1950,50,144,1.6166096746150567e-13,5.995204332975845e-15,0.08519856608472764
5830,WMI,1287,1950,50,144,1.6772761489826957e-13,6.661338147750939e-15,0.015399093041196465
5831,ISM,1287,1950,50,144,23.757832584101394,0.19198560466927272,0.30916137294843793
5832,DI,1287,1950,50,145,1.6166096746150567e-13,5.995204332975845e-15,0.08467257395386696
5833,WMI,1287,1950,50,145,1.6772761489826957e-13,6.661338147750939e-15,0.015281834173947573
5834,ISM,1287,1950,50,145,23.757832584101394,0.19198560466927272,0.2973724550101906
5835,DI,1287,1950,50,146,1.6166096746150567e-13,5.995204332975845e-15,0.08475544303655624
5836,WMI,1287,1950,50,146,1.6772761489826957e-13,6.661338147750939e-15,0.015241194982081652
5837,ISM,1287,1950,50,146,23.757832584101394,0.19198560466927272,0.2905062409117818
5838,DI,1287,1950,50,147,1.6166096746150567e-13,5.995204332975845e-15,0.08296528086066246
5839,WMI,1287,1950,50,147,1.6772761489826957e-13,6.661338147750939e-15,0.014945499133318663
5840,ISM,1287,1950,50,147,23.757832584101394,0.19198560466927272,0.2927849651314318
5841,DI,1287,1950,50,148,1.6166096746150567e-13,5.995204332975845e-15,0.08344892296008766
5842,WMI,1287,1950,50,148,1.6772761489826957e-13,6.661338147750939e-15,0.014939429005607963
5843,ISM,1287,1950,50,148,23.757832584101394,0.19198560466927272,0.29388187802396715
5844,DI,1287,1950,50,149,1.6166096746150567e-13,5.995204332975845e-15,0.08312409813515842
5845,WMI,1287,1950,50,149,1.6772761489826957e-13,6.661338147750939e-15,0.01506302785128355
5846,ISM,1287,1950,50,149,23.757832584101394,0.19198560466927272,0.28857628908008337
5847,DI,1287,1950,50,150,1.6166096746150567e-13,5.995204332975845e-15,0.08334534498862922
5848,WMI,1287,1950,50,150,1.6772761489826957e-13,6.661338147750939e-15,0.015402052085846663
5849,ISM,1287,1950,50,150,23.757832584101394,0.19198560466927272,0.2922454730141908
5850,DI,1287,1950,50,151,1.6166096746150567e-13,5.995204332975845e-15,0.08596152416430414
5851,WMI,1287,1950,50,151,1.6772761489826957e-13,6.661338147750939e-15,0.01542660198174417
5852,ISM,1287,1950,50,151,23.757832584101394,0.19198560466927272,0.3064614241011441
5853,DI,1287,1950,50,152,1.6166096746150567e-13,5.995204332975845e-15,0.08557485090568662
5854,WMI,1287,1950,50,152,1.6772761489826957e-13,6.661338147750939e-15,0.015564579982310534
5855,ISM,1287,1950,50,152,23.757832584101394,0.19198560466927272,0.30884702783077955
5856,DI,1287,1950,50,153,1.6166096746150567e-13,5.995204332975845e-15,0.08513171807862818
5857,WMI,1287,1950,50,153,1.6772761489826957e-13,6.661338147750939e-15,0.01593479490838945
5858,ISM,1287,1950,50,153,23.757832584101394,0.19198560466927272,0.30531095201149583
5859,DI,1287,1950,50,154,1.6166096746150567e-13,5.995204332975845e-15,0.08528396510519087
5860,WMI,1287,1950,50,154,1.6772761489826957e-13,6.661338147750939e-15,0.015151056926697493
5861,ISM,1287,1950,50,154,23.757832584101394,0.19198560466927272,0.30401408206671476
5862,DI,1287,1950,50,155,1.6166096746150567e-13,5.995204332975845e-15,0.08548034192062914
5863,WMI,1287,1950,50,155,1.6772761489826957e-13,6.661338147750939e-15,0.015961613971740007
5864,ISM,1287,1950,50,155,23.757832584101394,0.19198560466927272,0.3055372890084982
5865,DI,1287,1950,50,156,1.6166096746150567e-13,5.995204332975845e-15,0.08627777989022434
5866,WMI,1287,1950,50,156,1.6772761489826957e-13,6.661338147750939e-15,0.015484430827200413
5867,ISM,1287,1950,50,156,23.757832584101394,0.19198560466927272,0.30852753203362226
5868,DI,1287,1950,50,157,1.6166096746150567e-13,5.995204332975845e-15,0.08641736791469157
5869,WMI,1287,1950,50,157,1.6772761489826957e-13,6.661338147750939e-15,0.016043153125792742
5870,ISM,1287,1950,50,157,23.757832584101394,0.19198560466927272,0.2965973869431764
5871,DI,1287,1950,50,158,1.6166096746150567e-13,5.995204332975845e-15,0.08511681691743433
5872,WMI,1287,1950,50,158,1.6772761489826957e-13,6.661338147750939e-15,0.015464942203834653
5873,ISM,1287,1950,50,158,23.757832584101394,0.19198560466927272,0.28984914999455214
5874,DI,1287,1950,50,159,1.6166096746150567e-13,5.995204332975845e-15,0.08410639292560518
5875,WMI,1287,1950,50,159,1.6772761489826957e-13,6.661338147750939e-15,0.015405333135277033
5876,ISM,1287,1950,50,159,23.757832584101394,0.19198560466927272,0.29690220206975937
5877,DI,1287,1950,50,160,1.6166096746150567e-13,5.995204332975845e-15,0.08378174807876348
5878,WMI,1287,1950,50,160,1.6772761489826957e-13,6.661338147750939e-15,0.01545643201097846
5879,ISM,1287,1950,50,160,23.757832584101394,0.19198560466927272,0.305079905083403
5880,DI,1287,1950,50,161,1.6166096746150567e-13,5.995204332975845e-15,0.08489106106571853
5881,WMI,1287,1950,50,161,1.6772761489826957e-13,6.661338147750939e-15,0.014901489950716496
5882,ISM,1287,1950,50,161,23.757832584101394,0.19198560466927272,0.293506934074685
5883,DI,1287,1950,50,162,1.6166096746150567e-13,5.995204332975845e-15,0.08360490086488426
5884,WMI,1287,1950,50,162,1.6772761489826957e-13,6.661338147750939e-15,0.015111987013369799
5885,ISM,1287,1950,50,162,23.757832584101394,0.19198560466927272,0.29361539194360375
5886,DI,1287,1950,50,163,1.6166096746150567e-13,5.995204332975845e-15,0.08462665509432554
5887,WMI,1287,1950,50,163,1.6772761489826957e-13,6.661338147750939e-15,0.018078781897202134
5888,ISM,1287,1950,50,163,23.757832584101394,0.19198560466927272,0.291167990071699
5889,DI,1287,1950,50,164,1.6166096746150567e-13,5.995204332975845e-15,0.08446126710623503
5890,WMI,1287,1950,50,164,1.6772761489826957e-13,6.661338147750939e-15,0.015229174867272377
5891,ISM,1287,1950,50,164,23.757832584101394,0.19198560466927272,0.2949078818783164
5892,DI,1287,1950,50,165,1.6166096746150567e-13,5.995204332975845e-15,0.08302788902074099
5893,WMI,1287,1950,50,165,1.6772761489826957e-13,6.661338147750939e-15,0.015292164171114564
5894,ISM,1287,1950,50,165,23.757832584101394,0.19198560466927272,0.2894575970713049
5895,DI,1287,1950,50,166,1.6166096746150567e-13,5.995204332975845e-15,0.08640933688730001
5896,WMI,1287,1950,50,166,1.6772761489826957e-13,6.661338147750939e-15,0.01565184909850359
5897,ISM,1287,1950,50,166,23.757832584101394,0.19198560466927272,0.3062174778897315
5898,DI,1287,1950,50,167,1.6166096746150567e-13,5.995204332975845e-15,0.08654111600480974
5899,WMI,1287,1950,50,167,1.6772761489826957e-13,6.661338147750939e-15,0.01565200788900256
5900,ISM,1287,1950,50,167,23.757832584101394,0.19198560466927272,0.30843921401537955
5901,DI,1287,1950,50,168,1.6166096746150567e-13,5.995204332975845e-15,0.08524939510971308
5902,WMI,1287,1950,50,168,1.6772761489826957e-13,6.661338147750939e-15,0.015652939211577177
5903,ISM,1287,1950,50,168,23.757832584101394,0.19198560466927272,0.3086496200412512
5904,DI,1287,1950,50,169,1.6166096746150567e-13,5.995204332975845e-15,0.08526239497587085
5905,WMI,1287,1950,50,169,1.6772761489826957e-13,6.661338147750939e-15,0.015447450801730156
5906,ISM,1287,1950,50,169,23.757832584101394,0.19198560466927272,0.30581539403647184
5907,DI,1287,1950,50,170,1.6166096746150567e-13,5.995204332975845e-15,0.08571315906010568
5908,WMI,1287,1950,50,170,1.6772761489826957e-13,6.661338147750939e-15,0.015502561116591096
5909,ISM,1287,1950,50,170,23.757832584101394,0.19198560466927272,0.30731896101497114
5910,DI,1287,1950,50,171,1.6166096746150567e-13,5.995204332975845e-15,0.0844376478344202
5911,WMI,1287,1950,50,171,1.6772761489826957e-13,6.661338147750939e-15,0.015754596795886755
5912,ISM,1287,1950,50,171,23.757832584101394,0.19198560466927272,0.29350904398597777
5913,DI,1287,1950,50,172,1.6166096746150567e-13,5.995204332975845e-15,0.08341319300234318
5914,WMI,1287,1950,50,172,1.6772761489826957e-13,6.661338147750939e-15,0.016308559104800224
5915,ISM,1287,1950,50,172,23.757832584101394,0.19198560466927272,0.29362966190092266
5916,DI,1287,1950,50,173,1.6166096746150567e-13,5.995204332975845e-15,0.08438187907449901
5917,WMI,1287,1950,50,173,1.6772761489826957e-13,6.661338147750939e-15,0.015117116970941424
5918,ISM,1287,1950,50,173,23.757832584101394,0.19198560466927272,0.2880320178810507
5919,DI,1287,1950,50,174,1.6166096746150567e-13,5.995204332975845e-15,0.08512641699053347
5920,WMI,1287,1950,50,174,1.6772761489826957e-13,6.661338147750939e-15,0.01561369001865387
5921,ISM,1287,1950,50,174,23.757832584101394,0.19198560466927272,0.29058517911471426
5922,DI,1287,1950,50,175,1.6166096746150567e-13,5.995204332975845e-15,0.0829265508800745
5923,WMI,1287,1950,50,175,1.6772761489826957e-13,6.661338147750939e-15,0.014940039021894336
5924,ISM,1287,1950,50,175,23.757832584101394,0.19198560466927272,0.2909202838782221
5925,DI,1287,1950,50,176,1.6166096746150567e-13,5.995204332975845e-15,0.0867334920912981
5926,WMI,1287,1950,50,176,1.6772761489826957e-13,6.661338147750939e-15,0.01523875491693616
5927,ISM,1287,1950,50,176,23.757832584101394,0.19198560466927272,0.30229072901420295
5928,DI,1287,1950,50,177,1.6166096746150567e-13,5.995204332975845e-15,0.08292828104458749
5929,WMI,1287,1950,50,177,1.6772761489826957e-13,6.661338147750939e-15,0.014855931047350168
5930,ISM,1287,1950,50,177,23.757832584101394,0.19198560466927272,0.2956062520388514
5931,DI,1287,1950,50,178,1.6166096746150567e-13,5.995204332975845e-15,0.08366801007650793
5932,WMI,1287,1950,50,178,1.6772761489826957e-13,6.661338147750939e-15,0.015464501921087503
5933,ISM,1287,1950,50,178,23.757832584101394,0.19198560466927272,0.28925544978119433
5934,DI,1287,1950,50,179,1.6166096746150567e-13,5.995204332975845e-15,0.08439039811491966
5935,WMI,1287,1950,50,179,1.6772761489826957e-13,6.661338147750939e-15,0.015299223829060793
5936,ISM,1287,1950,50,179,23.757832584101394,0.19198560466927272,0.3103056149557233
5937,DI,1287,1950,50,180,1.6166096746150567e-13,5.995204332975845e-15,0.08654224500060081
5938,WMI,1287,1950,50,180,1.6772761489826957e-13,6.661338147750939e-15,0.015604749089106917
5939,ISM,1287,1950,50,180,23.757832584101394,0.19198560466927272,0.31508721108548343
5940,DI,1287,1950,50,181,1.6166096746150567e-13,5.995204332975845e-15,0.08698917902074754
5941,WMI,1287,1950,50,181,1.6772761489826957e-13,6.661338147750939e-15,0.015485991025343537
5942,ISM,1287,1950,50,181,23.757832584101394,0.19198560466927272,0.3152461079880595
5943,DI,1287,1950,50,182,1.6166096746150567e-13,5.995204332975845e-15,0.0864468771032989
5944,WMI,1287,1950,50,182,1.6772761489826957e-13,6.661338147750939e-15,0.016156551195308566
5945,ISM,1287,1950,50,182,23.757832584101394,0.19198560466927272,0.31019010697491467
5946,DI,1287,1950,50,183,1.6166096746150567e-13,5.995204332975845e-15,0.08547755191102624
5947,WMI,1287,1950,50,183,1.6772761489826957e-13,6.661338147750939e-15,0.015759306959807873
5948,ISM,1287,1950,50,183,23.757832584101394,0.19198560466927272,0.3121094470843673
5949,DI,1287,1950,50,184,1.6166096746150567e-13,5.995204332975845e-15,0.0860712630674243
5950,WMI,1287,1950,50,184,1.6772761489826957e-13,6.661338147750939e-15,0.015555141028016806
5951,ISM,1287,1950,50,184,23.757832584101394,0.19198560466927272,0.31446266104467213
5952,DI,1287,1950,50,185,1.6166096746150567e-13,5.995204332975845e-15,0.08290857193060219
5953,WMI,1287,1950,50,185,1.6772761489826957e-13,6.661338147750939e-15,0.015158296097069979
5954,ISM,1287,1950,50,185,23.757832584101394,0.19198560466927272,0.29972751811146736
5955,DI,1287,1950,50,186,1.6166096746150567e-13,5.995204332975845e-15,0.08406016393564641
5956,WMI,1287,1950,50,186,1.6772761489826957e-13,6.661338147750939e-15,0.014947399962693453
5957,ISM,1287,1950,50,186,23.757832584101394,0.19198560466927272,0.3032708140090108
5958,DI,1287,1950,50,187,1.6166096746150567e-13,5.995204332975845e-15,0.08488265099003911
5959,WMI,1287,1950,50,187,1.6772761489826957e-13,6.661338147750939e-15,0.014930889941751957
5960,ISM,1287,1950,50,187,23.757832584101394,0.19198560466927272,0.29853962594643235
5961,DI,1287,1950,50,188,1.6166096746150567e-13,5.995204332975845e-15,0.08840533718466759
5962,WMI,1287,1950,50,188,1.6772761489826957e-13,6.661338147750939e-15,0.01544658187776804
5963,ISM,1287,1950,50,188,23.757832584101394,0.19198560466927272,0.2920591461006552
5964,DI,1287,1950,50,189,1.6166096746150567e-13,5.995204332975845e-15,0.08516123704612255
5965,WMI,1287,1950,50,189,1.6772761489826957e-13,6.661338147750939e-15,0.015062037855386734
5966,ISM,1287,1950,50,189,23.757832584101394,0.19198560466927272,0.2912877278868109
5967,DI,1287,1950,50,190,1.6166096746150567e-13,5.995204332975845e-15,0.0837572580203414
5968,WMI,1287,1950,50,190,1.6772761489826957e-13,6.661338147750939e-15,0.016647513955831528
5969,ISM,1287,1950,50,190,23.757832584101394,0.19198560466927272,0.29431613092310727
5970,DI,1287,1950,50,191,1.6166096746150567e-13,5.995204332975845e-15,0.08383821696043015
5971,WMI,1287,1950,50,191,1.6772761489826957e-13,6.661338147750939e-15,0.015199335990473628
5972,ISM,1287,1950,50,191,23.757832584101394,0.19198560466927272,0.28825913392938673
5973,DI,1287,1950,50,192,1.6166096746150567e-13,5.995204332975845e-15,0.08661943394690752
5974,WMI,1287,1950,50,192,1.6772761489826957e-13,6.661338147750939e-15,0.015387132996693254
5975,ISM,1287,1950,50,192,23.757832584101394,0.19198560466927272,0.3045641640201211
5976,DI,1287,1950,50,193,1.6166096746150567e-13,5.995204332975845e-15,0.08592972508631647
5977,WMI,1287,1950,50,193,1.6772761489826957e-13,6.661338147750939e-15,0.01531483419239521
5978,ISM,1287,1950,50,193,23.757832584101394,0.19198560466927272,0.3081483980640769
5979,DI,1287,1950,50,194,1.6166096746150567e-13,5.995204332975845e-15,0.08579814690165222
5980,WMI,1287,1950,50,194,1.6772761489826957e-13,6.661338147750939e-15,0.015134186949580908
5981,ISM,1287,1950,50,194,23.757832584101394,0.19198560466927272,0.29469573497772217
5982,DI,1287,1950,50,195,1.6166096746150567e-13,5.995204332975845e-15,0.08463575388304889
5983,WMI,1287,1950,50,195,1.6772761489826957e-13,6.661338147750939e-15,0.015197405824437737
5984,ISM,1287,1950,50,195,23.757832584101394,0.19198560466927272,0.28892247402109206
5985,DI,1287,1950,50,196,1.6166096746150567e-13,5.995204332975845e-15,0.08415629179216921
5986,WMI,1287,1950,50,196,1.6772761489826957e-13,6.661338147750939e-15,0.015123766148462892
5987,ISM,1287,1950,50,196,23.757832584101394,0.19198560466927272,0.2947134750429541
5988,DI,1287,1950,50,197,1.6166096746150567e-13,5.995204332975845e-15,0.08379369787871838
5989,WMI,1287,1950,50,197,1.6772761489826957e-13,6.661338147750939e-15,0.01511801709420979
5990,ISM,1287,1950,50,197,23.757832584101394,0.19198560466927272,0.2938405191525817
5991,DI,1287,1950,50,198,1.6166096746150567e-13,5.995204332975845e-15,0.0838910958264023
5992,WMI,1287,1950,50,198,1.6772761489826957e-13,6.661338147750939e-15,0.015189656056463718
5993,ISM,1287,1950,50,198,23.757832584101394,0.19198560466927272,0.2973849638365209
5994,DI,1287,1950,50,199,1.6166096746150567e-13,5.995204332975845e-15,0.08385902689769864
5995,WMI,1287,1950,50,199,1.6772761489826957e-13,6.661338147750939e-15,0.01548412092961371
5996,ISM,1287,1950,50,199,23.757832584101394,0.19198560466927272,0.2932362579740584
5997,DI,1287,1950,50,200,1.6166096746150567e-13,5.995204332975845e-15,0.0832295068539679
5998,WMI,1287,1950,50,200,1.6772761489826957e-13,6.661338147750939e-15,0.015010689152404666
5999,ISM,1287,1950,50,200,23.757832584101394,0.19198560466927272,0.29528415598906577
6000,DI,1287,1900,100,1,1.6185031358623558e-13,5.773159728050814e-15,0.08574045798741281
6001,WMI,1287,1900,100,1,1.773381326002342e-13,5.551115123125783e-15,0.023997290059924126
6002,ISM,1287,1900,100,1,38.34812969029327,0.280495825323152,0.5976024251431227
6003,DI,1287,1900,100,2,1.6185031358623558e-13,5.773159728050814e-15,0.07941964501515031
6004,WMI,1287,1900,100,2,1.773381326002342e-13,5.551115123125783e-15,0.020202287938445807
6005,ISM,1287,1900,100,2,38.34812969029327,0.280495825323152,0.3723030888941139
6006,DI,1287,1900,100,3,1.6185031358623558e-13,5.773159728050814e-15,0.08772256691008806
6007,WMI,1287,1900,100,3,1.773381326002342e-13,5.551115123125783e-15,0.024008250096812844
6008,ISM,1287,1900,100,3,38.34812969029327,0.280495825323152,0.5877682459540665
6009,DI,1287,1900,100,4,1.6185031358623558e-13,5.773159728050814e-15,0.07698250305838883
6010,WMI,1287,1900,100,4,1.773381326002342e-13,5.551115123125783e-15,0.01982005499303341
6011,ISM,1287,1900,100,4,38.34812969029327,0.280495825323152,0.3577912920154631
6012,DI,1287,1900,100,5,1.6185031358623558e-13,5.773159728050814e-15,0.08578562689945102
6013,WMI,1287,1900,100,5,1.773381326002342e-13,5.551115123125783e-15,0.023813382955268025
6014,ISM,1287,1900,100,5,38.34812969029327,0.280495825323152,0.5804504391271621
6015,DI,1287,1900,100,6,1.6185031358623558e-13,5.773159728050814e-15,0.07776113017462194
6016,WMI,1287,1900,100,6,1.773381326002342e-13,5.551115123125783e-15,0.019838144071400166
6017,ISM,1287,1900,100,6,38.34812969029327,0.280495825323152,0.35800315998494625
6018,DI,1287,1900,100,7,1.6185031358623558e-13,5.773159728050814e-15,0.08606341294944286
6019,WMI,1287,1900,100,7,1.773381326002342e-13,5.551115123125783e-15,0.02354002697393298
6020,ISM,1287,1900,100,7,38.34812969029327,0.280495825323152,0.5748426460195333
6021,DI,1287,1900,100,8,1.6185031358623558e-13,5.773159728050814e-15,0.07744727609679103
6022,WMI,1287,1900,100,8,1.773381326002342e-13,5.551115123125783e-15,0.020147738978266716
6023,ISM,1287,1900,100,8,38.34812969029327,0.280495825323152,0.35478694899939
6024,DI,1287,1900,100,9,1.6185031358623558e-13,5.773159728050814e-15,0.08627526904456317
6025,WMI,1287,1900,100,9,1.773381326002342e-13,5.551115123125783e-15,0.023428078973665833
6026,ISM,1287,1900,100,9,38.34812969029327,0.280495825323152,0.6004848899319768
6027,DI,1287,1900,100,10,1.6185031358623558e-13,5.773159728050814e-15,0.07873994507826865
6028,WMI,1287,1900,100,10,1.773381326002342e-13,5.551115123125783e-15,0.020173158962279558
6029,ISM,1287,1900,100,10,38.34812969029327,0.280495825323152,0.3805634588934481
6030,DI,1287,1900,100,11,1.6185031358623558e-13,5.773159728050814e-15,0.08796745608560741
6031,WMI,1287,1900,100,11,1.773381326002342e-13,5.551115123125783e-15,0.02454603207297623
6032,ISM,1287,1900,100,11,38.34812969029327,0.280495825323152,0.6288611318450421
6033,DI,1287,1900,100,12,1.6185031358623558e-13,5.773159728050814e-15,0.0791371229570359
6034,WMI,1287,1900,100,12,1.773381326002342e-13,5.551115123125783e-15,0.020579423988237977
6035,ISM,1287,1900,100,12,38.34812969029327,0.280495825323152,0.38309037405997515
6036,DI,1287,1900,100,13,1.6185031358623558e-13,5.773159728050814e-15,0.09020904079079628
6037,WMI,1287,1900,100,13,1.773381326002342e-13,5.551115123125783e-15,0.024991774931550026
6038,ISM,1287,1900,100,13,38.34812969029327,0.280495825323152,0.6223217712249607
6039,DI,1287,1900,100,14,1.6185031358623558e-13,5.773159728050814e-15,0.07814405392855406
6040,WMI,1287,1900,100,14,1.773381326002342e-13,5.551115123125783e-15,0.020027871010825038
6041,ISM,1287,1900,100,14,38.34812969029327,0.280495825323152,0.3627161420881748
6042,DI,1287,1900,100,15,1.6185031358623558e-13,5.773159728050814e-15,0.08728257287293673
6043,WMI,1287,1900,100,15,1.773381326002342e-13,5.551115123125783e-15,0.02392220078036189
6044,ISM,1287,1900,100,15,38.34812969029327,0.280495825323152,0.6053804580587894
6045,DI,1287,1900,100,16,1.6185031358623558e-13,5.773159728050814e-15,0.07766374107450247
6046,WMI,1287,1900,100,16,1.773381326002342e-13,5.551115123125783e-15,0.01991821196861565
6047,ISM,1287,1900,100,16,38.34812969029327,0.280495825323152,0.37162312492728233
6048,DI,1287,1900,100,17,1.6185031358623558e-13,5.773159728050814e-15,0.0893305609934032
6049,WMI,1287,1900,100,17,1.773381326002342e-13,5.551115123125783e-15,0.024322155164554715
6050,ISM,1287,1900,100,17,38.34812969029327,0.280495825323152,0.6370348101481795
6051,DI,1287,1900,100,18,1.6185031358623558e-13,5.773159728050814e-15,0.07904155110009015
6052,WMI,1287,1900,100,18,1.773381326002342e-13,5.551115123125783e-15,0.020563511876389384
6053,ISM,1287,1900,100,18,38.34812969029327,0.280495825323152,0.37244220287539065
6054,DI,1287,1900,100,19,1.6185031358623558e-13,5.773159728050814e-15,0.08816263894550502
6055,WMI,1287,1900,100,19,1.773381326002342e-13,5.551115123125783e-15,0.024090328020974994
6056,ISM,1287,1900,100,19,38.34812969029327,0.280495825323152,0.6216952160466462
6057,DI,1287,1900,100,20,1.6185031358623558e-13,5.773159728050814e-15,0.07930794591084123
6058,WMI,1287,1900,100,20,1.773381326002342e-13,5.551115123125783e-15,0.02024671691469848
6059,ISM,1287,1900,100,20,38.34812969029327,0.280495825323152,0.36359701910987496
6060,DI,1287,1900,100,21,1.6185031358623558e-13,5.773159728050814e-15,0.08704042714089155
6061,WMI,1287,1900,100,21,1.773381326002342e-13,5.551115123125783e-15,0.023663844913244247
6062,ISM,1287,1900,100,21,38.34812969029327,0.280495825323152,0.5896326510701329
6063,DI,1287,1900,100,22,1.6185031358623558e-13,5.773159728050814e-15,0.07767745200544596
6064,WMI,1287,1900,100,22,1.773381326002342e-13,5.551115123125783e-15,0.021560787921771407
6065,ISM,1287,1900,100,22,38.34812969029327,0.280495825323152,0.3604601570405066
6066,DI,1287,1900,100,23,1.6185031358623558e-13,5.773159728050814e-15,0.08625520905479789
6067,WMI,1287,1900,100,23,1.773381326002342e-13,5.551115123125783e-15,0.023926571011543274
6068,ISM,1287,1900,100,23,38.34812969029327,0.280495825323152,0.5887697238940746
6069,DI,1287,1900,100,24,1.6185031358623558e-13,5.773159728050814e-15,0.0770685609895736
6070,WMI,1287,1900,100,24,1.773381326002342e-13,5.551115123125783e-15,0.020175788085907698
6071,ISM,1287,1900,100,24,38.34812969029327,0.280495825323152,0.3615599200129509
6072,DI,1287,1900,100,25,1.6185031358623558e-13,5.773159728050814e-15,0.08685231022536755
6073,WMI,1287,1900,100,25,1.773381326002342e-13,5.551115123125783e-15,0.025107451947405934
6074,ISM,1287,1900,100,25,38.34812969029327,0.280495825323152,0.581802261993289
6075,DI,1287,1900,100,26,1.6185031358623558e-13,5.773159728050814e-15,0.07775956997647882
6076,WMI,1287,1900,100,26,1.773381326002342e-13,5.551115123125783e-15,0.019911972107365727
6077,ISM,1287,1900,100,26,38.34812969029327,0.280495825323152,0.37246321188285947
6078,DI,1287,1900,100,27,1.6185031358623558e-13,5.773159728050814e-15,0.08850578404963017
6079,WMI,1287,1900,100,27,1.773381326002342e-13,5.551115123125783e-15,0.024036708986386657
6080,ISM,1287,1900,100,27,38.34812969029327,0.280495825323152,0.6230535958893597
6081,DI,1287,1900,100,28,1.6185031358623558e-13,5.773159728050814e-15,0.07941576396115124
6082,WMI,1287,1900,100,28,1.773381326002342e-13,5.551115123125783e-15,0.020434345118701458
6083,ISM,1287,1900,100,28,38.34812969029327,0.280495825323152,0.37638293113559484
6084,DI,1287,1900,100,29,1.6185031358623558e-13,5.773159728050814e-15,0.08784051495604217
6085,WMI,1287,1900,100,29,1.773381326002342e-13,5.551115123125783e-15,0.02546557690948248
6086,ISM,1287,1900,100,29,38.34812969029327,0.280495825323152,0.6284109831321985
6087,DI,1287,1900,100,30,1.6185031358623558e-13,5.773159728050814e-15,0.07802646607160568
6088,WMI,1287,1900,100,30,1.773381326002342e-13,5.551115123125783e-15,0.020777169847860932
6089,ISM,1287,1900,100,30,38.34812969029327,0.280495825323152,0.36935773002915084
6090,DI,1287,1900,100,31,1.6185031358623558e-13,5.773159728050814e-15,0.08588978508487344
6091,WMI,1287,1900,100,31,1.773381326002342e-13,5.551115123125783e-15,0.024656269932165742
6092,ISM,1287,1900,100,31,38.34812969029327,0.280495825323152,0.5935179409570992
6093,DI,1287,1900,100,32,1.6185031358623558e-13,5.773159728050814e-15,0.07828179211355746
6094,WMI,1287,1900,100,32,1.773381326002342e-13,5.551115123125783e-15,0.019891793141141534
6095,ISM,1287,1900,100,32,38.34812969029327,0.280495825323152,0.3560337058734149
6096,DI,1287,1900,100,33,1.6185031358623558e-13,5.773159728050814e-15,0.08627210883423686
6097,WMI,1287,1900,100,33,1.773381326002342e-13,5.551115123125783e-15,0.023556975880637765
6098,ISM,1287,1900,100,33,38.34812969029327,0.280495825323152,0.5834753660019487
6099,DI,1287,1900,100,34,1.6185031358623558e-13,5.773159728050814e-15,0.07783001917414367
6100,WMI,1287,1900,100,34,1.773381326002342e-13,5.551115123125783e-15,0.01986219291575253
6101,ISM,1287,1900,100,34,38.34812969029327,0.280495825323152,0.3584397688973695
6102,DI,1287,1900,100,35,1.6185031358623558e-13,5.773159728050814e-15,0.08719138405285776
6103,WMI,1287,1900,100,35,1.773381326002342e-13,5.551115123125783e-15,0.024698467925190926
6104,ISM,1287,1900,100,35,38.34812969029327,0.280495825323152,0.5901326730381697
6105,DI,1287,1900,100,36,1.6185031358623558e-13,5.773159728050814e-15,0.07860396709293127
6106,WMI,1287,1900,100,36,1.773381326002342e-13,5.551115123125783e-15,0.020069140940904617
6107,ISM,1287,1900,100,36,38.34812969029327,0.280495825323152,0.35282148607075214
6108,DI,1287,1900,100,37,1.6185031358623558e-13,5.773159728050814e-15,0.08527903398498893
6109,WMI,1287,1900,100,37,1.773381326002342e-13,5.551115123125783e-15,0.023672305047512054
6110,ISM,1287,1900,100,37,38.34812969029327,0.280495825323152,0.6097202899400145
6111,DI,1287,1900,100,38,1.6185031358623558e-13,5.773159728050814e-15,0.07918414892628789
6112,WMI,1287,1900,100,38,1.773381326002342e-13,5.551115123125783e-15,0.02024391805753112
6113,ISM,1287,1900,100,38,38.34812969029327,0.280495825323152,0.3727829670533538
6114,DI,1287,1900,100,39,1.6185031358623558e-13,5.773159728050814e-15,0.08793499297462404
6115,WMI,1287,1900,100,39,1.773381326002342e-13,5.551115123125783e-15,0.024150026962161064
6116,ISM,1287,1900,100,39,38.34812969029327,0.280495825323152,0.6453427409287542
6117,DI,1287,1900,100,40,1.6185031358623558e-13,5.773159728050814e-15,0.07904067100025713
6118,WMI,1287,1900,100,40,1.773381326002342e-13,5.551115123125783e-15,0.02019543806090951
6119,ISM,1287,1900,100,40,38.34812969029327,0.280495825323152,0.3725810400210321
6120,DI,1287,1900,100,41,1.6185031358623558e-13,5.773159728050814e-15,0.08821886801160872
6121,WMI,1287,1900,100,41,1.773381326002342e-13,5.551115123125783e-15,0.023953699972480536
6122,ISM,1287,1900,100,41,38.34812969029327,0.280495825323152,0.6164642469957471
6123,DI,1287,1900,100,42,1.6185031358623558e-13,5.773159728050814e-15,0.07895268104039133
6124,WMI,1287,1900,100,42,1.773381326002342e-13,5.551115123125783e-15,0.02010338893160224
6125,ISM,1287,1900,100,42,38.34812969029327,0.280495825323152,0.3733245190232992
6126,DI,1287,1900,100,43,1.6185031358623558e-13,5.773159728050814e-15,0.08802562206983566
6127,WMI,1287,1900,100,43,1.773381326002342e-13,5.551115123125783e-15,0.023849521996453404
6128,ISM,1287,1900,100,43,38.34812969029327,0.280495825323152,0.6111224889755249
6129,DI,1287,1900,100,44,1.6185031358623558e-13,5.773159728050814e-15,0.07952175289392471
6130,WMI,1287,1900,100,44,1.773381326002342e-13,5.551115123125783e-15,0.02057769289240241
6131,ISM,1287,1900,100,44,38.34812969029327,0.280495825323152,0.3709013860207051
6132,DI,1287,1900,100,45,1.6185031358623558e-13,5.773159728050814e-15,0.08696913695894182
6133,WMI,1287,1900,100,45,1.773381326002342e-13,5.551115123125783e-15,0.023908891016617417
6134,ISM,1287,1900,100,45,38.34812969029327,0.280495825323152,0.615198367042467
6135,DI,1287,1900,100,46,1.6185031358623558e-13,5.773159728050814e-15,0.07923622685484588
6136,WMI,1287,1900,100,46,1.773381326002342e-13,5.551115123125783e-15,0.020148088922724128
6137,ISM,1287,1900,100,46,38.34812969029327,0.280495825323152,0.3679795318748802
6138,DI,1287,1900,100,47,1.6185031358623558e-13,5.773159728050814e-15,0.08605447201989591
6139,WMI,1287,1900,100,47,1.773381326002342e-13,5.551115123125783e-15,0.023570375982671976
6140,ISM,1287,1900,100,47,38.34812969029327,0.280495825323152,0.5832934288773686
6141,DI,1287,1900,100,48,1.6185031358623558e-13,5.773159728050814e-15,0.07803997490555048
6142,WMI,1287,1900,100,48,1.773381326002342e-13,5.551115123125783e-15,0.01998041197657585
6143,ISM,1287,1900,100,48,38.34812969029327,0.280495825323152,0.3534244771581143
6144,DI,1287,1900,100,49,1.6185031358623558e-13,5.773159728050814e-15,0.0855774600058794
6145,WMI,1287,1900,100,49,1.773381326002342e-13,5.551115123125783e-15,0.02439995389431715
6146,ISM,1287,1900,100,49,38.34812969029327,0.280495825323152,0.5879376970697194
6147,DI,1287,1900,100,50,1.6185031358623558e-13,5.773159728050814e-15,0.07758240285329521
6148,WMI,1287,1900,100,50,1.773381326002342e-13,5.551115123125783e-15,0.019960652105510235
6149,ISM,1287,1900,100,50,38.34812969029327,0.280495825323152,0.35680704400874674
6150,DI,1287,1900,100,51,1.6185031358623558e-13,5.773159728050814e-15,0.08600824302993715
6151,WMI,1287,1900,100,51,1.773381326002342e-13,5.551115123125783e-15,0.023761902935802937
6152,DI,1287,1900,100,52,1.6185031358623558e-13,5.773159728050814e-15,0.0809109709225595
6153,WMI,1287,1900,100,52,1.773381326002342e-13,5.551115123125783e-15,0.023468868108466268
6154,DI,1287,1900,100,53,1.6185031358623558e-13,5.773159728050814e-15,0.0820945028681308
6155,WMI,1287,1900,100,53,1.773381326002342e-13,5.551115123125783e-15,0.02351547800935805
6156,DI,1287,1900,100,54,1.6185031358623558e-13,5.773159728050814e-15,0.08074309397488832
6157,WMI,1287,1900,100,54,1.773381326002342e-13,5.551115123125783e-15,0.02342793787829578
6158,DI,1287,1900,100,55,1.6185031358623558e-13,5.773159728050814e-15,0.08138889400288463
6159,WMI,1287,1900,100,55,1.773381326002342e-13,5.551115123125783e-15,0.023837781976908445
6160,DI,1287,1900,100,56,1.6185031358623558e-13,5.773159728050814e-15,0.08315341686829925
6161,WMI,1287,1900,100,56,1.773381326002342e-13,5.551115123125783e-15,0.023606366012245417
6162,DI,1287,1900,100,57,1.6185031358623558e-13,5.773159728050814e-15,0.08307360811159015
6163,WMI,1287,1900,100,57,1.773381326002342e-13,5.551115123125783e-15,0.02393138105981052
6164,DI,1287,1900,100,58,1.6185031358623558e-13,5.773159728050814e-15,0.0812971550039947
6165,WMI,1287,1900,100,58,1.773381326002342e-13,5.551115123125783e-15,0.023947071051225066
6166,DI,1287,1900,100,59,1.6185031358623558e-13,5.773159728050814e-15,0.08250773698091507
6167,WMI,1287,1900,100,59,1.773381326002342e-13,5.551115123125783e-15,0.024231985909864306
6168,DI,1287,1900,100,60,1.6185031358623558e-13,5.773159728050814e-15,0.08181643695570529
6169,WMI,1287,1900,100,60,1.773381326002342e-13,5.551115123125783e-15,0.02348769805394113
6170,DI,1287,1900,100,61,1.6185031358623558e-13,5.773159728050814e-15,0.08122619683854282
6171,WMI,1287,1900,100,61,1.773381326002342e-13,5.551115123125783e-15,0.02394771110266447
6172,DI,1287,1900,100,62,1.6185031358623558e-13,5.773159728050814e-15,0.0817840681411326
6173,WMI,1287,1900,100,62,1.773381326002342e-13,5.551115123125783e-15,0.02374431397765875
6174,DI,1287,1900,100,63,1.6185031358623558e-13,5.773159728050814e-15,0.07982387882657349
6175,WMI,1287,1900,100,63,1.773381326002342e-13,5.551115123125783e-15,0.02335129980929196
6176,DI,1287,1900,100,64,1.6185031358623558e-13,5.773159728050814e-15,0.08135012513957918
6177,WMI,1287,1900,100,64,1.773381326002342e-13,5.551115123125783e-15,0.023663254221901298
6178,DI,1287,1900,100,65,1.6185031358623558e-13,5.773159728050814e-15,0.08113829814828932
6179,WMI,1287,1900,100,65,1.773381326002342e-13,5.551115123125783e-15,0.02351710689254105
6180,DI,1287,1900,100,66,1.6185031358623558e-13,5.773159728050814e-15,0.08108889916911721
6181,WMI,1287,1900,100,66,1.773381326002342e-13,5.551115123125783e-15,0.023765104124322534
6182,DI,1287,1900,100,67,1.6185031358623558e-13,5.773159728050814e-15,0.08023018180392683
6183,WMI,1287,1900,100,67,1.773381326002342e-13,5.551115123125783e-15,0.0235658660531044
6184,DI,1287,1900,100,68,1.6185031358623558e-13,5.773159728050814e-15,0.08150492212735116
6185,WMI,1287,1900,100,68,1.773381326002342e-13,5.551115123125783e-15,0.024034059140831232
6186,DI,1287,1900,100,69,1.6185031358623558e-13,5.773159728050814e-15,0.08069892390631139
6187,WMI,1287,1900,100,69,1.773381326002342e-13,5.551115123125783e-15,0.02413129690103233
6188,DI,1287,1900,100,70,1.6185031358623558e-13,5.773159728050814e-15,0.08094872999936342
6189,WMI,1287,1900,100,70,1.773381326002342e-13,5.551115123125783e-15,0.02407690789550543
6190,DI,1287,1900,100,71,1.6185031358623558e-13,5.773159728050814e-15,0.0808437520172447
6191,WMI,1287,1900,100,71,1.773381326002342e-13,5.551115123125783e-15,0.02343572909012437
6192,DI,1287,1900,100,72,1.6185031358623558e-13,5.773159728050814e-15,0.08098157099448144
6193,WMI,1287,1900,100,72,1.773381326002342e-13,5.551115123125783e-15,0.02352086710743606
6194,DI,1287,1900,100,73,1.6185031358623558e-13,5.773159728050814e-15,0.08103482006117702
6195,WMI,1287,1900,100,73,1.773381326002342e-13,5.551115123125783e-15,0.023413728922605515
6196,DI,1287,1900,100,74,1.6185031358623558e-13,5.773159728050814e-15,0.08035834995098412
6197,WMI,1287,1900,100,74,1.773381326002342e-13,5.551115123125783e-15,0.023504876997321844
6198,DI,1287,1900,100,75,1.6185031358623558e-13,5.773159728050814e-15,0.08105140901170671
6199,WMI,1287,1900,100,75,1.773381326002342e-13,5.551115123125783e-15,0.023505576886236668
6200,DI,1287,1900,100,76,1.6185031358623558e-13,5.773159728050814e-15,0.08016571309417486
6201,WMI,1287,1900,100,76,1.773381326002342e-13,5.551115123125783e-15,0.023633655160665512
6202,DI,1287,1900,100,77,1.6185031358623558e-13,5.773159728050814e-15,0.07992107607424259
6203,WMI,1287,1900,100,77,1.773381326002342e-13,5.551115123125783e-15,0.0234137789811939
6204,DI,1287,1900,100,78,1.6185031358623558e-13,5.773159728050814e-15,0.081599349854514
6205,WMI,1287,1900,100,78,1.773381326002342e-13,5.551115123125783e-15,0.02378593315370381
6206,DI,1287,1900,100,79,1.6185031358623558e-13,5.773159728050814e-15,0.08227252005599439
6207,WMI,1287,1900,100,79,1.773381326002342e-13,5.551115123125783e-15,0.023554365849122405
6208,DI,1287,1900,100,80,1.6185031358623558e-13,5.773159728050814e-15,0.08312561712227762
6209,WMI,1287,1900,100,80,1.773381326002342e-13,5.551115123125783e-15,0.024041159078478813
6210,DI,1287,1900,100,81,1.6185031358623558e-13,5.773159728050814e-15,0.08226131997071207
6211,WMI,1287,1900,100,81,1.773381326002342e-13,5.551115123125783e-15,0.02399528888054192
6212,DI,1287,1900,100,82,1.6185031358623558e-13,5.773159728050814e-15,0.08047432801686227
6213,WMI,1287,1900,100,82,1.773381326002342e-13,5.551115123125783e-15,0.023415128933265805
6214,DI,1287,1900,100,83,1.6185031358623558e-13,5.773159728050814e-15,0.08097497001290321
6215,WMI,1287,1900,100,83,1.773381326002342e-13,5.551115123125783e-15,0.023365418892353773
6216,DI,1287,1900,100,84,1.6185031358623558e-13,5.773159728050814e-15,0.07996167615056038
6217,WMI,1287,1900,100,84,1.773381326002342e-13,5.551115123125783e-15,0.023260800866410136
6218,DI,1287,1900,100,85,1.6185031358623558e-13,5.773159728050814e-15,0.08010392403230071
6219,WMI,1287,1900,100,85,1.773381326002342e-13,5.551115123125783e-15,0.023314049933105707
6220,DI,1287,1900,100,86,1.6185031358623558e-13,5.773159728050814e-15,0.08052547695115209
6221,WMI,1287,1900,100,86,1.773381326002342e-13,5.551115123125783e-15,0.023611645912751555
6222,DI,1287,1900,100,87,1.6185031358623558e-13,5.773159728050814e-15,0.08056362718343735
6223,WMI,1287,1900,100,87,1.773381326002342e-13,5.551115123125783e-15,0.02347248699516058
6224,DI,1287,1900,100,88,1.6185031358623558e-13,5.773159728050814e-15,0.08037979900836945
6225,WMI,1287,1900,100,88,1.773381326002342e-13,5.551115123125783e-15,0.024704607902094722
6226,DI,1287,1900,100,89,1.6185031358623558e-13,5.773159728050814e-15,0.08293710998259485
6227,WMI,1287,1900,100,89,1.773381326002342e-13,5.551115123125783e-15,0.02368385484442115
6228,DI,1287,1900,100,90,1.6185031358623558e-13,5.773159728050814e-15,0.08062130585312843
6229,WMI,1287,1900,100,90,1.773381326002342e-13,5.551115123125783e-15,0.023299669846892357
6230,DI,1287,1900,100,91,1.6185031358623558e-13,5.773159728050814e-15,0.08084327215328813
6231,WMI,1287,1900,100,91,1.773381326002342e-13,5.551115123125783e-15,0.02333688992075622
6232,DI,1287,1900,100,92,1.6185031358623558e-13,5.773159728050814e-15,0.0797129599377513
6233,WMI,1287,1900,100,92,1.773381326002342e-13,5.551115123125783e-15,0.023511456791311502
6234,DI,1287,1900,100,93,1.6185031358623558e-13,5.773159728050814e-15,0.08061704598367214
6235,WMI,1287,1900,100,93,1.773381326002342e-13,5.551115123125783e-15,0.02359973592683673
6236,DI,1287,1900,100,94,1.6185031358623558e-13,5.773159728050814e-15,0.08088701101951301
6237,WMI,1287,1900,100,94,1.773381326002342e-13,5.551115123125783e-15,0.023464457830414176
6238,DI,1287,1900,100,95,1.6185031358623558e-13,5.773159728050814e-15,0.08030218118801713
6239,WMI,1287,1900,100,95,1.773381326002342e-13,5.551115123125783e-15,0.02402594918385148
6240,DI,1287,1900,100,96,1.6185031358623558e-13,5.773159728050814e-15,0.0819023959338665
6241,WMI,1287,1900,100,96,1.773381326002342e-13,5.551115123125783e-15,0.023430709028616548
6242,DI,1287,1900,100,97,1.6185031358623558e-13,5.773159728050814e-15,0.08117105695419014
6243,WMI,1287,1900,100,97,1.773381326002342e-13,5.551115123125783e-15,0.023865332128480077
6244,DI,1287,1900,100,98,1.6185031358623558e-13,5.773159728050814e-15,0.0834672418422997
6245,WMI,1287,1900,100,98,1.773381326002342e-13,5.551115123125783e-15,0.02357939607463777
6246,DI,1287,1900,100,99,1.6185031358623558e-13,5.773159728050814e-15,0.08148577203974128
6247,WMI,1287,1900,100,99,1.773381326002342e-13,5.551115123125783e-15,0.023847611853852868
6248,DI,1287,1900,100,100,1.6185031358623558e-13,5.773159728050814e-15,0.08260638499632478
6249,WMI,1287,1900,100,100,1.773381326002342e-13,5.551115123125783e-15,0.02410180796869099
6250,DI,1287,1900,100,101,1.6185031358623558e-13,5.773159728050814e-15,0.08122270694002509
6251,WMI,1287,1900,100,101,1.773381326002342e-13,5.551115123125783e-15,0.024200435960665345
6252,DI,1287,1900,100,102,1.6185031358623558e-13,5.773159728050814e-15,0.08278243313543499
6253,WMI,1287,1900,100,102,1.773381326002342e-13,5.551115123125783e-15,0.023915591184049845
6254,DI,1287,1900,100,103,1.6185031358623558e-13,5.773159728050814e-15,0.08243714808486402
6255,WMI,1287,1900,100,103,1.773381326002342e-13,5.551115123125783e-15,0.023959770100191236
6256,DI,1287,1900,100,104,1.6185031358623558e-13,5.773159728050814e-15,0.0818726159632206
6257,WMI,1287,1900,100,104,1.773381326002342e-13,5.551115123125783e-15,0.023783712880685925
6258,DI,1287,1900,100,105,1.6185031358623558e-13,5.773159728050814e-15,0.08239015890285373
6259,WMI,1287,1900,100,105,1.773381326002342e-13,5.551115123125783e-15,0.024282465921714902
6260,DI,1287,1900,100,106,1.6185031358623558e-13,5.773159728050814e-15,0.08139755390584469
6261,WMI,1287,1900,100,106,1.773381326002342e-13,5.551115123125783e-15,0.023814652115106583
6262,DI,1287,1900,100,107,1.6185031358623558e-13,5.773159728050814e-15,0.08242351794615388
6263,WMI,1287,1900,100,107,1.773381326002342e-13,5.551115123125783e-15,0.023525626864284277
6264,DI,1287,1900,100,108,1.6185031358623558e-13,5.773159728050814e-15,0.08018303196877241
6265,WMI,1287,1900,100,108,1.773381326002342e-13,5.551115123125783e-15,0.023556476924568415
6266,DI,1287,1900,100,109,1.6185031358623558e-13,5.773159728050814e-15,0.08067914401181042
6267,WMI,1287,1900,100,109,1.773381326002342e-13,5.551115123125783e-15,0.02319619315676391
6268,DI,1287,1900,100,110,1.6185031358623558e-13,5.773159728050814e-15,0.0827000830322504
6269,WMI,1287,1900,100,110,1.773381326002342e-13,5.551115123125783e-15,0.02357196598313749
6270,DI,1287,1900,100,111,1.6185031358623558e-13,5.773159728050814e-15,0.08069591410458088
6271,WMI,1287,1900,100,111,1.773381326002342e-13,5.551115123125783e-15,0.02327428082935512
6272,DI,1287,1900,100,112,1.6185031358623558e-13,5.773159728050814e-15,0.08227525092661381
6273,WMI,1287,1900,100,112,1.773381326002342e-13,5.551115123125783e-15,0.02346988790668547
6274,DI,1287,1900,100,113,1.6185031358623558e-13,5.773159728050814e-15,0.08019239292480052
6275,WMI,1287,1900,100,113,1.773381326002342e-13,5.551115123125783e-15,0.023896001046523452
6276,DI,1287,1900,100,114,1.6185031358623558e-13,5.773159728050814e-15,0.08349941205233335
6277,WMI,1287,1900,100,114,1.773381326002342e-13,5.551115123125783e-15,0.023583086906000972
6278,DI,1287,1900,100,115,1.6185031358623558e-13,5.773159728050814e-15,0.0800274780485779
6279,WMI,1287,1900,100,115,1.773381326002342e-13,5.551115123125783e-15,0.023675186093896627
6280,DI,1287,1900,100,116,1.6185031358623558e-13,5.773159728050814e-15,0.08095087413676083
6281,WMI,1287,1900,100,116,1.773381326002342e-13,5.551115123125783e-15,0.02352883806452155
6282,DI,1287,1900,100,117,1.6185031358623558e-13,5.773159728050814e-15,0.08055652095936239
6283,WMI,1287,1900,100,117,1.773381326002342e-13,5.551115123125783e-15,0.023439949844032526
6284,DI,1287,1900,100,118,1.6185031358623558e-13,5.773159728050814e-15,0.08015493606217206
6285,WMI,1287,1900,100,118,1.773381326002342e-13,5.551115123125783e-15,0.023830143036320806
6286,DI,1287,1900,100,119,1.6185031358623558e-13,5.773159728050814e-15,0.08386569912545383
6287,WMI,1287,1900,100,119,1.773381326002342e-13,5.551115123125783e-15,0.023816493107005954
6288,DI,1287,1900,100,120,1.6185031358623558e-13,5.773159728050814e-15,0.08211754611693323
6289,WMI,1287,1900,100,120,1.773381326002342e-13,5.551115123125783e-15,0.023609197000041604
6290,DI,1287,1900,100,121,1.6185031358623558e-13,5.773159728050814e-15,0.08272156701423228
6291,WMI,1287,1900,100,121,1.773381326002342e-13,5.551115123125783e-15,0.024284936022013426
6292,DI,1287,1900,100,122,1.6185031358623558e-13,5.773159728050814e-15,0.0826592780649662
6293,WMI,1287,1900,100,122,1.773381326002342e-13,5.551115123125783e-15,0.023474509129300714
6294,DI,1287,1900,100,123,1.6185031358623558e-13,5.773159728050814e-15,0.08465863694436848
6295,WMI,1287,1900,100,123,1.773381326002342e-13,5.551115123125783e-15,0.023923871107399464
6296,DI,1287,1900,100,124,1.6185031358623558e-13,5.773159728050814e-15,0.082810825901106
6297,WMI,1287,1900,100,124,1.773381326002342e-13,5.551115123125783e-15,0.025189931970089674
6298,DI,1287,1900,100,125,1.6185031358623558e-13,5.773159728050814e-15,0.08272471698001027
6299,WMI,1287,1900,100,125,1.773381326002342e-13,5.551115123125783e-15,0.023906331975013018
6300,DI,1287,1900,100,126,1.6185031358623558e-13,5.773159728050814e-15,0.08222880493849516
6301,WMI,1287,1900,100,126,1.773381326002342e-13,5.551115123125783e-15,0.02389826183207333
6302,DI,1287,1900,100,127,1.6185031358623558e-13,5.773159728050814e-15,0.08181525999680161
6303,WMI,1287,1900,100,127,1.773381326002342e-13,5.551115123125783e-15,0.024145598988980055
6304,DI,1287,1900,100,128,1.6185031358623558e-13,5.773159728050814e-15,0.08437047200277448
6305,WMI,1287,1900,100,128,1.773381326002342e-13,5.551115123125783e-15,0.024470472941175103
6306,DI,1287,1900,100,129,1.6185031358623558e-13,5.773159728050814e-15,0.08280029590241611
6307,WMI,1287,1900,100,129,1.773381326002342e-13,5.551115123125783e-15,0.023799492977559566
6308,DI,1287,1900,100,130,1.6185031358623558e-13,5.773159728050814e-15,0.08300071209669113
6309,WMI,1287,1900,100,130,1.773381326002342e-13,5.551115123125783e-15,0.02372037502937019
6310,DI,1287,1900,100,131,1.6185031358623558e-13,5.773159728050814e-15,0.08191678882576525
6311,WMI,1287,1900,100,131,1.773381326002342e-13,5.551115123125783e-15,0.02415716787800193
6312,DI,1287,1900,100,132,1.6185031358623558e-13,5.773159728050814e-15,0.0817034519277513
6313,WMI,1287,1900,100,132,1.773381326002342e-13,5.551115123125783e-15,0.024379604030400515
6314,DI,1287,1900,100,133,1.6185031358623558e-13,5.773159728050814e-15,0.0820287480019033
6315,WMI,1287,1900,100,133,1.773381326002342e-13,5.551115123125783e-15,0.023923121858388186
6316,DI,1287,1900,100,134,1.6185031358623558e-13,5.773159728050814e-15,0.08316802978515625
6317,WMI,1287,1900,100,134,1.773381326002342e-13,5.551115123125783e-15,0.02433048514649272
6318,DI,1287,1900,100,135,1.6185031358623558e-13,5.773159728050814e-15,0.08224894385784864
6319,WMI,1287,1900,100,135,1.773381326002342e-13,5.551115123125783e-15,0.023951862007379532
6320,DI,1287,1900,100,136,1.6185031358623558e-13,5.773159728050814e-15,0.08158434508368373
6321,WMI,1287,1900,100,136,1.773381326002342e-13,5.551115123125783e-15,0.023553866893053055
6322,DI,1287,1900,100,137,1.6185031358623558e-13,5.773159728050814e-15,0.08290767390280962
6323,WMI,1287,1900,100,137,1.773381326002342e-13,5.551115123125783e-15,0.024034090107306838
6324,DI,1287,1900,100,138,1.6185031358623558e-13,5.773159728050814e-15,0.08241822104901075
6325,WMI,1287,1900,100,138,1.773381326002342e-13,5.551115123125783e-15,0.023944120854139328
6326,DI,1287,1900,100,139,1.6185031358623558e-13,5.773159728050814e-15,0.08224332495592535
6327,WMI,1287,1900,100,139,1.773381326002342e-13,5.551115123125783e-15,0.024907606886699796
6328,DI,1287,1900,100,140,1.6185031358623558e-13,5.773159728050814e-15,0.08191002020612359
6329,WMI,1287,1900,100,140,1.773381326002342e-13,5.551115123125783e-15,0.023846602998673916
6330,DI,1287,1900,100,141,1.6185031358623558e-13,5.773159728050814e-15,0.08335259696468711
6331,WMI,1287,1900,100,141,1.773381326002342e-13,5.551115123125783e-15,0.023831892991438508
6332,DI,1287,1900,100,142,1.6185031358623558e-13,5.773159728050814e-15,0.08228671387769282
6333,WMI,1287,1900,100,142,1.773381326002342e-13,5.551115123125783e-15,0.02400271105580032
6334,DI,1287,1900,100,143,1.6185031358623558e-13,5.773159728050814e-15,0.08236869191750884
6335,WMI,1287,1900,100,143,1.773381326002342e-13,5.551115123125783e-15,0.02391196507960558
6336,DI,1287,1900,100,144,1.6185031358623558e-13,5.773159728050814e-15,0.08245750213973224
6337,WMI,1287,1900,100,144,1.773381326002342e-13,5.551115123125783e-15,0.023912884993478656
6338,DI,1287,1900,100,145,1.6185031358623558e-13,5.773159728050814e-15,0.08137668785639107
6339,WMI,1287,1900,100,145,1.773381326002342e-13,5.551115123125783e-15,0.02388750622048974
6340,DI,1287,1900,100,146,1.6185031358623558e-13,5.773159728050814e-15,0.08631121297366917
6341,WMI,1287,1900,100,146,1.773381326002342e-13,5.551115123125783e-15,0.024060541996732354
6342,DI,1287,1900,100,147,1.6185031358623558e-13,5.773159728050814e-15,0.08283391501754522
6343,WMI,1287,1900,100,147,1.773381326002342e-13,5.551115123125783e-15,0.02393445512279868
6344,DI,1287,1900,100,148,1.6185031358623558e-13,5.773159728050814e-15,0.082332753110677
6345,WMI,1287,1900,100,148,1.773381326002342e-13,5.551115123125783e-15,0.02361250901594758
6346,DI,1287,1900,100,149,1.6185031358623558e-13,5.773159728050814e-15,0.08192667993716896
6347,WMI,1287,1900,100,149,1.773381326002342e-13,5.551115123125783e-15,0.023497821995988488
6348,DI,1287,1900,100,150,1.6185031358623558e-13,5.773159728050814e-15,0.0825783098116517
6349,WMI,1287,1900,100,150,1.773381326002342e-13,5.551115123125783e-15,0.02341160294599831
6350,DI,1287,1900,100,151,1.6185031358623558e-13,5.773159728050814e-15,0.0825275401584804
6351,WMI,1287,1900,100,151,1.773381326002342e-13,5.551115123125783e-15,0.02430557901971042
6352,DI,1287,1900,100,152,1.6185031358623558e-13,5.773159728050814e-15,0.082014987943694
6353,WMI,1287,1900,100,152,1.773381326002342e-13,5.551115123125783e-15,0.023908914998173714
6354,DI,1287,1900,100,153,1.6185031358623558e-13,5.773159728050814e-15,0.08226800500415266
6355,WMI,1287,1900,100,153,1.773381326002342e-13,5.551115123125783e-15,0.023935623932629824
6356,DI,1287,1900,100,154,1.6185031358623558e-13,5.773159728050814e-15,0.08184321084991097
6357,WMI,1287,1900,100,154,1.773381326002342e-13,5.551115123125783e-15,0.024275500094518065
6358,DI,1287,1900,100,155,1.6185031358623558e-13,5.773159728050814e-15,0.08201077789999545
6359,WMI,1287,1900,100,155,1.773381326002342e-13,5.551115123125783e-15,0.02370960800908506
6360,DI,1287,1900,100,156,1.6185031358623558e-13,5.773159728050814e-15,0.08241176209412515
6361,WMI,1287,1900,100,156,1.773381326002342e-13,5.551115123125783e-15,0.02445309702306986
6362,DI,1287,1900,100,157,1.6185031358623558e-13,5.773159728050814e-15,0.08304249285720289
6363,WMI,1287,1900,100,157,1.773381326002342e-13,5.551115123125783e-15,0.02373178699053824
6364,DI,1287,1900,100,158,1.6185031358623558e-13,5.773159728050814e-15,0.08330367901362479
6365,WMI,1287,1900,100,158,1.773381326002342e-13,5.551115123125783e-15,0.023810666985809803
6366,DI,1287,1900,100,159,1.6185031358623558e-13,5.773159728050814e-15,0.08280873601324856
6367,WMI,1287,1900,100,159,1.773381326002342e-13,5.551115123125783e-15,0.023810476064682007
6368,DI,1287,1900,100,160,1.6185031358623558e-13,5.773159728050814e-15,0.08221771498210728
6369,WMI,1287,1900,100,160,1.773381326002342e-13,5.551115123125783e-15,0.023765187012031674
6370,DI,1287,1900,100,161,1.6185031358623558e-13,5.773159728050814e-15,0.08212662604637444
6371,WMI,1287,1900,100,161,1.773381326002342e-13,5.551115123125783e-15,0.023980323923751712
6372,DI,1287,1900,100,162,1.6185031358623558e-13,5.773159728050814e-15,0.08208876708522439
6373,WMI,1287,1900,100,162,1.773381326002342e-13,5.551115123125783e-15,0.02397368405945599
6374,DI,1287,1900,100,163,1.6185031358623558e-13,5.773159728050814e-15,0.08255811990238726
6375,WMI,1287,1900,100,163,1.773381326002342e-13,5.551115123125783e-15,0.023698307806625962
6376,DI,1287,1900,100,164,1.6185031358623558e-13,5.773159728050814e-15,0.08232028293423355
6377,WMI,1287,1900,100,164,1.773381326002342e-13,5.551115123125783e-15,0.024109681835398078
6378,DI,1287,1900,100,165,1.6185031358623558e-13,5.773159728050814e-15,0.08258837996982038
6379,WMI,1287,1900,100,165,1.773381326002342e-13,5.551115123125783e-15,0.024066762998700142
6380,DI,1287,1900,100,166,1.6185031358623558e-13,5.773159728050814e-15,0.08219643612392247
6381,WMI,1287,1900,100,166,1.773381326002342e-13,5.551115123125783e-15,0.02388626500032842
6382,DI,1287,1900,100,167,1.6185031358623558e-13,5.773159728050814e-15,0.0827153769787401
6383,WMI,1287,1900,100,167,1.773381326002342e-13,5.551115123125783e-15,0.023804716067388654
6384,DI,1287,1900,100,168,1.6185031358623558e-13,5.773159728050814e-15,0.08236644207499921
6385,WMI,1287,1900,100,168,1.773381326002342e-13,5.551115123125783e-15,0.0241522709839046
6386,DI,1287,1900,100,169,1.6185031358623558e-13,5.773159728050814e-15,0.08267016801983118
6387,WMI,1287,1900,100,169,1.773381326002342e-13,5.551115123125783e-15,0.024308888940140605
6388,DI,1287,1900,100,170,1.6185031358623558e-13,5.773159728050814e-15,0.08465757803060114
6389,WMI,1287,1900,100,170,1.773381326002342e-13,5.551115123125783e-15,0.02381838602013886
6390,DI,1287,1900,100,171,1.6185031358623558e-13,5.773159728050814e-15,0.08248332096263766
6391,WMI,1287,1900,100,171,1.773381326002342e-13,5.551115123125783e-15,0.02372955810278654
6392,DI,1287,1900,100,172,1.6185031358623558e-13,5.773159728050814e-15,0.08309330209158361
6393,WMI,1287,1900,100,172,1.773381326002342e-13,5.551115123125783e-15,0.023742808029055595
6394,DI,1287,1900,100,173,1.6185031358623558e-13,5.773159728050814e-15,0.08232780289836228
6395,WMI,1287,1900,100,173,1.773381326002342e-13,5.551115123125783e-15,0.02382807689718902
6396,DI,1287,1900,100,174,1.6185031358623558e-13,5.773159728050814e-15,0.08225951413623989
6397,WMI,1287,1900,100,174,1.773381326002342e-13,5.551115123125783e-15,0.02344305207952857
6398,DI,1287,1900,100,175,1.6185031358623558e-13,5.773159728050814e-15,0.08233943302184343
6399,WMI,1287,1900,100,175,1.773381326002342e-13,5.551115123125783e-15,0.023791497107595205
6400,DI,1287,1900,100,176,1.6185031358623558e-13,5.773159728050814e-15,0.08151554595679045
6401,WMI,1287,1900,100,176,1.773381326002342e-13,5.551115123125783e-15,0.024032893124967813
6402,DI,1287,1900,100,177,1.6185031358623558e-13,5.773159728050814e-15,0.08188864006660879
6403,WMI,1287,1900,100,177,1.773381326002342e-13,5.551115123125783e-15,0.023847075877711177
6404,DI,1287,1900,100,178,1.6185031358623558e-13,5.773159728050814e-15,0.08215351589024067
6405,WMI,1287,1900,100,178,1.773381326002342e-13,5.551115123125783e-15,0.023567950120195746
6406,DI,1287,1900,100,179,1.6185031358623558e-13,5.773159728050814e-15,0.08153854496777058
6407,WMI,1287,1900,100,179,1.773381326002342e-13,5.551115123125783e-15,0.023993142880499363
6408,DI,1287,1900,100,180,1.6185031358623558e-13,5.773159728050814e-15,0.08141539781354368
6409,WMI,1287,1900,100,180,1.773381326002342e-13,5.551115123125783e-15,0.02357773995026946
6410,DI,1287,1900,100,181,1.6185031358623558e-13,5.773159728050814e-15,0.08212642604485154
6411,WMI,1287,1900,100,181,1.773381326002342e-13,5.551115123125783e-15,0.024258380057290196
6412,DI,1287,1900,100,182,1.6185031358623558e-13,5.773159728050814e-15,0.08200028794817626
6413,WMI,1287,1900,100,182,1.773381326002342e-13,5.551115123125783e-15,0.024131591897457838
6414,DI,1287,1900,100,183,1.6185031358623558e-13,5.773159728050814e-15,0.08300163294188678
6415,WMI,1287,1900,100,183,1.773381326002342e-13,5.551115123125783e-15,0.023694328032433987
6416,DI,1287,1900,100,184,1.6185031358623558e-13,5.773159728050814e-15,0.08277485589496791
6417,WMI,1287,1900,100,184,1.773381326002342e-13,5.551115123125783e-15,0.023908755043521523
6418,DI,1287,1900,100,185,1.6185031358623558e-13,5.773159728050814e-15,0.08254772005602717
6419,WMI,1287,1900,100,185,1.773381326002342e-13,5.551115123125783e-15,0.024589554872363806
6420,DI,1287,1900,100,186,1.6185031358623558e-13,5.773159728050814e-15,0.08291719388216734
6421,WMI,1287,1900,100,186,1.773381326002342e-13,5.551115123125783e-15,0.024234660901129246
6422,DI,1287,1900,100,187,1.6185031358623558e-13,5.773159728050814e-15,0.08254421013407409
6423,WMI,1287,1900,100,187,1.773381326002342e-13,5.551115123125783e-15,0.023758728057146072
6424,DI,1287,1900,100,188,1.6185031358623558e-13,5.773159728050814e-15,0.08286669594235718
6425,WMI,1287,1900,100,188,1.773381326002342e-13,5.551115123125783e-15,0.024172260891646147
6426,DI,1287,1900,100,189,1.6185031358623558e-13,5.773159728050814e-15,0.08288910402916372
6427,WMI,1287,1900,100,189,1.773381326002342e-13,5.551115123125783e-15,0.024181131040677428
6428,DI,1287,1900,100,190,1.6185031358623558e-13,5.773159728050814e-15,0.08319898997433484
6429,WMI,1287,1900,100,190,1.773381326002342e-13,5.551115123125783e-15,0.023791427025571465
6430,DI,1287,1900,100,191,1.6185031358623558e-13,5.773159728050814e-15,0.08387041999958456
6431,WMI,1287,1900,100,191,1.773381326002342e-13,5.551115123125783e-15,0.02387142600491643
6432,DI,1287,1900,100,192,1.6185031358623558e-13,5.773159728050814e-15,0.08077788702212274
6433,WMI,1287,1900,100,192,1.773381326002342e-13,5.551115123125783e-15,0.023842956172302365
6434,DI,1287,1900,100,193,1.6185031358623558e-13,5.773159728050814e-15,0.08155476511456072
6435,WMI,1287,1900,100,193,1.773381326002342e-13,5.551115123125783e-15,0.02377058705314994
6436,DI,1287,1900,100,194,1.6185031358623558e-13,5.773159728050814e-15,0.08232512418180704
6437,WMI,1287,1900,100,194,1.773381326002342e-13,5.551115123125783e-15,0.024000074015930295
6438,DI,1287,1900,100,195,1.6185031358623558e-13,5.773159728050814e-15,0.08261360903270543
6439,WMI,1287,1900,100,195,1.773381326002342e-13,5.551115123125783e-15,0.024438677122816443
6440,DI,1287,1900,100,196,1.6185031358623558e-13,5.773159728050814e-15,0.08273741696029902
6441,WMI,1287,1900,100,196,1.773381326002342e-13,5.551115123125783e-15,0.023809157079085708
6442,DI,1287,1900,100,197,1.6185031358623558e-13,5.773159728050814e-15,0.08228716417215765
6443,WMI,1287,1900,100,197,1.773381326002342e-13,5.551115123125783e-15,0.02492191013880074
6444,DI,1287,1900,100,198,1.6185031358623558e-13,5.773159728050814e-15,0.08296191389672458
6445,WMI,1287,1900,100,198,1.773381326002342e-13,5.551115123125783e-15,0.023644089000299573
6446,DI,1287,1900,100,199,1.6185031358623558e-13,5.773159728050814e-15,0.08237317204475403
6447,WMI,1287,1900,100,199,1.773381326002342e-13,5.551115123125783e-15,0.02372805797494948
6448,DI,1287,1900,100,200,1.6185031358623558e-13,5.773159728050814e-15,0.08189400099217892
6449,WMI,1287,1900,100,200,1.773381326002342e-13,5.551115123125783e-15,0.02372584817931056
6450,DI,1287,1800,200,1,1.6251343672143944e-13,5.773159728050814e-15,0.09061683691106737
6451,WMI,1287,1800,200,1,2.1441425318456786e-13,5.773159728050814e-15,0.04355839500203729
6452,ISM,1287,1800,200,1,71.47269939720051,0.6067253325481927,1.2322310819290578
6453,DI,1287,1800,200,2,1.6251343672143944e-13,5.773159728050814e-15,0.08383364998735487
6454,WMI,1287,1800,200,2,2.1441425318456786e-13,5.773159728050814e-15,0.040081057930365205
6455,ISM,1287,1800,200,2,71.47269939720051,0.6067253325481927,0.741431183880195
6456,DI,1287,1800,200,3,1.6251343672143944e-13,5.773159728050814e-15,0.09385612700134516
6457,WMI,1287,1800,200,3,2.1441425318456786e-13,5.773159728050814e-15,0.043672433821484447
6458,ISM,1287,1800,200,3,71.47269939720051,0.6067253325481927,1.2261388360057026
6459,DI,1287,1800,200,4,1.6251343672143944e-13,5.773159728050814e-15,0.08458087895996869
6460,WMI,1287,1800,200,4,2.1441425318456786e-13,5.773159728050814e-15,0.03947595809586346
6461,ISM,1287,1800,200,4,71.47269939720051,0.6067253325481927,0.7401055439841002
6462,DI,1287,1800,200,5,1.6251343672143944e-13,5.773159728050814e-15,0.09186044801026583
6463,WMI,1287,1800,200,5,2.1441425318456786e-13,5.773159728050814e-15,0.04380841087549925
6464,ISM,1287,1800,200,5,71.47269939720051,0.6067253325481927,1.2165465119760484
6465,DI,1287,1800,200,6,1.6251343672143944e-13,5.773159728050814e-15,0.08258400904014707
6466,WMI,1287,1800,200,6,2.1441425318456786e-13,5.773159728050814e-15,0.03974415292032063
6467,ISM,1287,1800,200,6,71.47269939720051,0.6067253325481927,0.741620761109516
6468,DI,1287,1800,200,7,1.6251343672143944e-13,5.773159728050814e-15,0.09205650491639972
6469,WMI,1287,1800,200,7,2.1441425318456786e-13,5.773159728050814e-15,0.04342114785686135
6470,ISM,1287,1800,200,7,71.47269939720051,0.6067253325481927,1.227050482062623
6471,DI,1287,1800,200,8,1.6251343672143944e-13,5.773159728050814e-15,0.08325595897622406
6472,WMI,1287,1800,200,8,2.1441425318456786e-13,5.773159728050814e-15,0.03975345310755074
6473,ISM,1287,1800,200,8,71.47269939720051,0.6067253325481927,0.741806604899466
6474,DI,1287,1800,200,9,1.6251343672143944e-13,5.773159728050814e-15,0.09271805291064084
6475,WMI,1287,1800,200,9,2.1441425318456786e-13,5.773159728050814e-15,0.04374744719825685
6476,ISM,1287,1800,200,9,71.47269939720051,0.6067253325481927,1.2195951419416815
6477,DI,1287,1800,200,10,1.6251343672143944e-13,5.773159728050814e-15,0.08383414009585977
6478,WMI,1287,1800,200,10,2.1441425318456786e-13,5.773159728050814e-15,0.040090472903102636
6479,ISM,1287,1800,200,10,71.47269939720051,0.6067253325481927,0.7371627970132977
6480,DI,1287,1800,200,11,1.6251343672143944e-13,5.773159728050814e-15,0.09111647796817124
6481,WMI,1287,1800,200,11,2.1441425318456786e-13,5.773159728050814e-15,0.04394134413450956
6482,ISM,1287,1800,200,11,71.47269939720051,0.6067253325481927,1.2176734919194132
6483,DI,1287,1800,200,12,1.6251343672143944e-13,5.773159728050814e-15,0.08377534104511142
6484,WMI,1287,1800,200,12,2.1441425318456786e-13,5.773159728050814e-15,0.04061502520926297
6485,ISM,1287,1800,200,12,71.47269939720051,0.6067253325481927,0.7370722969062626
6486,DI,1287,1800,200,13,1.6251343672143944e-13,5.773159728050814e-15,0.09171434794552624
6487,WMI,1287,1800,200,13,2.1441425318456786e-13,5.773159728050814e-15,0.04381607589311898
6488,ISM,1287,1800,200,13,71.47269939720051,0.6067253325481927,1.2181106749922037
6489,DI,1287,1800,200,14,1.6251343672143944e-13,5.773159728050814e-15,0.08316441997885704
6490,WMI,1287,1800,200,14,2.1441425318456786e-13,5.773159728050814e-15,0.03977204789407551
6491,ISM,1287,1800,200,14,71.47269939720051,0.6067253325481927,0.7386366939172149
6492,DI,1287,1800,200,15,1.6251343672143944e-13,5.773159728050814e-15,0.0921943609137088
6493,WMI,1287,1800,200,15,2.1441425318456786e-13,5.773159728050814e-15,0.04373178700916469
6494,ISM,1287,1800,200,15,71.47269939720051,0.6067253325481927,1.220036685001105
6495,DI,1287,1800,200,16,1.6251343672143944e-13,5.773159728050814e-15,0.0835501339752227
6496,WMI,1287,1800,200,16,2.1441425318456786e-13,5.773159728050814e-15,0.0410872979555279
6497,ISM,1287,1800,200,16,71.47269939720051,0.6067253325481927,0.7373904129490256
6498,DI,1287,1800,200,17,1.6251343672143944e-13,5.773159728050814e-15,0.0928056319244206
6499,WMI,1287,1800,200,17,2.1441425318456786e-13,5.773159728050814e-15,0.04361353791318834
6500,ISM,1287,1800,200,17,71.47269939720051,0.6067253325481927,1.1646035281009972
6501,DI,1287,1800,200,18,1.6251343672143944e-13,5.773159728050814e-15,0.0815705950371921
6502,WMI,1287,1800,200,18,2.1441425318456786e-13,5.773159728050814e-15,0.039861785946413875
6503,ISM,1287,1800,200,18,71.47269939720051,0.6067253325481927,0.7085509561002254
6504,DI,1287,1800,200,19,1.6251343672143944e-13,5.773159728050814e-15,0.08995014615356922
6505,WMI,1287,1800,200,19,2.1441425318456786e-13,5.773159728050814e-15,0.043304063845425844
6506,ISM,1287,1800,200,19,71.47269939720051,0.6067253325481927,1.161183290882036
6507,DI,1287,1800,200,20,1.6251343672143944e-13,5.773159728050814e-15,0.08293137396685779
6508,WMI,1287,1800,200,20,2.1441425318456786e-13,5.773159728050814e-15,0.039928315905854106
6509,ISM,1287,1800,200,20,71.47269939720051,0.6067253325481927,0.7449808758683503
6510,DI,1287,1800,200,21,1.6251343672143944e-13,5.773159728050814e-15,0.09171234909445047
6511,WMI,1287,1800,200,21,2.1441425318456786e-13,5.773159728050814e-15,0.043518380029127
6512,ISM,1287,1800,200,21,71.47269939720051,0.6067253325481927,1.2208607930224389
6513,DI,1287,1800,200,22,1.6251343672143944e-13,5.773159728050814e-15,0.0832988079637289
6514,WMI,1287,1800,200,22,2.1441425318456786e-13,5.773159728050814e-15,0.03999321488663554
6515,ISM,1287,1800,200,22,71.47269939720051,0.6067253325481927,0.7263531829230487
6516,DI,1287,1800,200,23,1.6251343672143944e-13,5.773159728050814e-15,0.09183624712750316
6517,WMI,1287,1800,200,23,2.1441425318456786e-13,5.773159728050814e-15,0.04334224388003349
6518,ISM,1287,1800,200,23,71.47269939720051,0.6067253325481927,1.1521911500021815
6519,DI,1287,1800,200,24,1.6251343672143944e-13,5.773159728050814e-15,0.08153656614013016
6520,WMI,1287,1800,200,24,2.1441425318456786e-13,5.773159728050814e-15,0.03943739295937121
6521,ISM,1287,1800,200,24,71.47269939720051,0.6067253325481927,0.7065886671189219
6522,DI,1287,1800,200,25,1.6251343672143944e-13,5.773159728050814e-15,0.09028100990690291
6523,WMI,1287,1800,200,25,2.1441425318456786e-13,5.773159728050814e-15,0.043868495151400566
6524,ISM,1287,1800,200,25,71.47269939720051,0.6067253325481927,1.1487068438436836
6525,DI,1287,1800,200,26,1.6251343672143944e-13,5.773159728050814e-15,0.08181895106099546
6526,WMI,1287,1800,200,26,2.1441425318456786e-13,5.773159728050814e-15,0.03950332198292017
6527,ISM,1287,1800,200,26,71.47269939720051,0.6067253325481927,0.7090542588848621
6528,DI,1287,1800,200,27,1.6251343672143944e-13,5.773159728050814e-15,0.09005489409901202
6529,WMI,1287,1800,200,27,2.1441425318456786e-13,5.773159728050814e-15,0.043229055125266314
6530,ISM,1287,1800,200,27,71.47269939720051,0.6067253325481927,1.2585810031741858
6531,DI,1287,1800,200,28,1.6251343672143944e-13,5.773159728050814e-15,0.08350450498983264
6532,WMI,1287,1800,200,28,2.1441425318456786e-13,5.773159728050814e-15,0.04023162997327745
6533,ISM,1287,1800,200,28,71.47269939720051,0.6067253325481927,0.7445110629778355
6534,DI,1287,1800,200,29,1.6251343672143944e-13,5.773159728050814e-15,0.09239879809319973
6535,WMI,1287,1800,200,29,2.1441425318456786e-13,5.773159728050814e-15,0.04383414494805038
6536,ISM,1287,1800,200,29,71.47269939720051,0.6067253325481927,1.2196869009640068
6537,DI,1287,1800,200,30,1.6251343672143944e-13,5.773159728050814e-15,0.08318511885590851
6538,WMI,1287,1800,200,30,2.1441425318456786e-13,5.773159728050814e-15,0.040450467029586434
6539,ISM,1287,1800,200,30,71.47269939720051,0.6067253325481927,0.7402322089765221
6540,DI,1287,1800,200,31,1.6251343672143944e-13,5.773159728050814e-15,0.09246939700096846
6541,WMI,1287,1800,200,31,2.1441425318456786e-13,5.773159728050814e-15,0.04378013592213392
6542,ISM,1287,1800,200,31,71.47269939720051,0.6067253325481927,1.1434859030414373
6543,DI,1287,1800,200,32,1.6251343672143944e-13,5.773159728050814e-15,0.08148537599481642
6544,WMI,1287,1800,200,32,2.1441425318456786e-13,5.773159728050814e-15,0.03950043302029371
6545,ISM,1287,1800,200,32,71.47269939720051,0.6067253325481927,0.7061171839013696
6546,DI,1287,1800,200,33,1.6251343672143944e-13,5.773159728050814e-15,0.08901121001690626
6547,WMI,1287,1800,200,33,2.1441425318456786e-13,5.773159728050814e-15,0.04404407204128802
6548,ISM,1287,1800,200,33,71.47269939720051,0.6067253325481927,1.1492916732095182
6549,DI,1287,1800,200,34,1.6251343672143944e-13,5.773159728050814e-15,0.08261828916147351
6550,WMI,1287,1800,200,34,2.1441425318456786e-13,5.773159728050814e-15,0.03907443908974528
6551,ISM,1287,1800,200,34,71.47269939720051,0.6067253325481927,0.7073577099945396
6552,DI,1287,1800,200,35,1.6251343672143944e-13,5.773159728050814e-15,0.0910410990472883
6553,WMI,1287,1800,200,35,2.1441425318456786e-13,5.773159728050814e-15,0.043816396035254
6554,ISM,1287,1800,200,35,71.47269939720051,0.6067253325481927,1.179542277008295
6555,DI,1287,1800,200,36,1.6251343672143944e-13,5.773159728050814e-15,0.08421097393147647
6556,WMI,1287,1800,200,36,2.1441425318456786e-13,5.773159728050814e-15,0.040052383905276656
6557,ISM,1287,1800,200,36,71.47269939720051,0.6067253325481927,0.7447736139874905
6558,DI,1287,1800,200,37,1.6251343672143944e-13,5.773159728050814e-15,0.09224102110601962
6559,WMI,1287,1800,200,37,2.1441425318456786e-13,5.773159728050814e-15,0.04361369018442929
6560,ISM,1287,1800,200,37,71.47269939720051,0.6067253325481927,1.1617913299705833
6561,DI,1287,1800,200,38,1.6251343672143944e-13,5.773159728050814e-15,0.0820504471193999
6562,WMI,1287,1800,200,38,2.1441425318456786e-13,5.773159728050814e-15,0.03928886610083282
6563,ISM,1287,1800,200,38,71.47269939720051,0.6067253325481927,0.7144049510825425
6564,DI,1287,1800,200,39,1.6251343672143944e-13,5.773159728050814e-15,0.09103428898379207
6565,WMI,1287,1800,200,39,2.1441425318456786e-13,5.773159728050814e-15,0.04369239788502455
6566,ISM,1287,1800,200,39,71.47269939720051,0.6067253325481927,1.159037932055071
6567,DI,1287,1800,200,40,1.6251343672143944e-13,5.773159728050814e-15,0.08201549900695682
6568,WMI,1287,1800,200,40,2.1441425318456786e-13,5.773159728050814e-15,0.03920637699775398
6569,ISM,1287,1800,200,40,71.47269939720051,0.6067253325481927,0.7192412069998682
6570,DI,1287,1800,200,41,1.6251343672143944e-13,5.773159728050814e-15,0.08999605593271554
6571,WMI,1287,1800,200,41,2.1441425318456786e-13,5.773159728050814e-15,0.04313760600052774
6572,ISM,1287,1800,200,41,71.47269939720051,0.6067253325481927,1.1828335858881474
6573,DI,1287,1800,200,42,1.6251343672143944e-13,5.773159728050814e-15,0.08391898917034268
6574,WMI,1287,1800,200,42,2.1441425318456786e-13,5.773159728050814e-15,0.04006996378302574
6575,ISM,1287,1800,200,42,71.47269939720051,0.6067253325481927,0.7481808720622212
6576,DI,1287,1800,200,43,1.6251343672143944e-13,5.773159728050814e-15,0.0904928978998214
6577,WMI,1287,1800,200,43,2.1441425318456786e-13,5.773159728050814e-15,0.04324027500115335
6578,ISM,1287,1800,200,43,71.47269939720051,0.6067253325481927,1.1565638699103147
6579,DI,1287,1800,200,44,1.6251343672143944e-13,5.773159728050814e-15,0.08274285704828799
6580,WMI,1287,1800,200,44,2.1441425318456786e-13,5.773159728050814e-15,0.03952403203584254
6581,ISM,1287,1800,200,44,71.47269939720051,0.6067253325481927,0.7082004970870912
6582,DI,1287,1800,200,45,1.6251343672143944e-13,5.773159728050814e-15,0.09101207996718585
6583,WMI,1287,1800,200,45,2.1441425318456786e-13,5.773159728050814e-15,0.043074757093563676
6584,ISM,1287,1800,200,45,71.47269939720051,0.6067253325481927,1.1615188349969685
6585,DI,1287,1800,200,46,1.6251343672143944e-13,5.773159728050814e-15,0.08212239691056311
6586,WMI,1287,1800,200,46,2.1441425318456786e-13,5.773159728050814e-15,0.03991479612886906
6587,ISM,1287,1800,200,46,71.47269939720051,0.6067253325481927,0.7104886120650917
6588,DI,1287,1800,200,47,1.6251343672143944e-13,5.773159728050814e-15,0.09108919906429946
6589,WMI,1287,1800,200,47,2.1441425318456786e-13,5.773159728050814e-15,0.043493191013112664
6590,ISM,1287,1800,200,47,71.47269939720051,0.6067253325481927,1.196133691817522
6591,DI,1287,1800,200,48,1.6251343672143944e-13,5.773159728050814e-15,0.08484534500166774
6592,WMI,1287,1800,200,48,2.1441425318456786e-13,5.773159728050814e-15,0.04076148313470185
6593,ISM,1287,1800,200,48,71.47269939720051,0.6067253325481927,0.745569262187928
6594,DI,1287,1800,200,49,1.6251343672143944e-13,5.773159728050814e-15,0.09272564295679331
6595,WMI,1287,1800,200,49,2.1441425318456786e-13,5.773159728050814e-15,0.04345626104623079
6596,ISM,1287,1800,200,49,71.47269939720051,0.6067253325481927,1.2287778300233185
6597,DI,1287,1800,200,50,1.6251343672143944e-13,5.773159728050814e-15,0.08347882609814405
6598,WMI,1287,1800,200,50,2.1441425318456786e-13,5.773159728050814e-15,0.04045796790160239
6599,ISM,1287,1800,200,50,71.47269939720051,0.6067253325481927,0.7410391019657254
6600,DI,1287,1800,200,51,1.6251343672143944e-13,5.773159728050814e-15,0.09039725991897285
6601,WMI,1287,1800,200,51,2.1441425318456786e-13,5.773159728050814e-15,0.04397563403472304
6602,DI,1287,1800,200,52,1.6251343672143944e-13,5.773159728050814e-15,0.08465063781477511
6603,WMI,1287,1800,200,52,2.1441425318456786e-13,5.773159728050814e-15,0.043167616007849574
6604,DI,1287,1800,200,53,1.6251343672143944e-13,5.773159728050814e-15,0.08516889880411327
6605,WMI,1287,1800,200,53,2.1441425318456786e-13,5.773159728050814e-15,0.04265859420411289
6606,DI,1287,1800,200,54,1.6251343672143944e-13,5.773159728050814e-15,0.08482283493503928
6607,WMI,1287,1800,200,54,2.1441425318456786e-13,5.773159728050814e-15,0.043238584883511066
6608,DI,1287,1800,200,55,1.6251343672143944e-13,5.773159728050814e-15,0.08469981700181961
6609,WMI,1287,1800,200,55,2.1441425318456786e-13,5.773159728050814e-15,0.04279041197150946
6610,DI,1287,1800,200,56,1.6251343672143944e-13,5.773159728050814e-15,0.084732327144593
6611,WMI,1287,1800,200,56,2.1441425318456786e-13,5.773159728050814e-15,0.04320698487572372
6612,DI,1287,1800,200,57,1.6251343672143944e-13,5.773159728050814e-15,0.08375105098821223
6613,WMI,1287,1800,200,57,2.1441425318456786e-13,5.773159728050814e-15,0.04315952607430518
6614,DI,1287,1800,200,58,1.6251343672143944e-13,5.773159728050814e-15,0.08525464800186455
6615,WMI,1287,1800,200,58,2.1441425318456786e-13,5.773159728050814e-15,0.04322983487509191
6616,DI,1287,1800,200,59,1.6251343672143944e-13,5.773159728050814e-15,0.08387097879312932
6617,WMI,1287,1800,200,59,2.1441425318456786e-13,5.773159728050814e-15,0.04341069282963872
6618,DI,1287,1800,200,60,1.6251343672143944e-13,5.773159728050814e-15,0.08449692092835903
6619,WMI,1287,1800,200,60,2.1441425318456786e-13,5.773159728050814e-15,0.04238532786257565
6620,DI,1287,1800,200,61,1.6251343672143944e-13,5.773159728050814e-15,0.08524465910159051
6621,WMI,1287,1800,200,61,2.1441425318456786e-13,5.773159728050814e-15,0.04386274586431682
6622,DI,1287,1800,200,62,1.6251343672143944e-13,5.773159728050814e-15,0.0861298250965774
6623,WMI,1287,1800,200,62,2.1441425318456786e-13,5.773159728050814e-15,0.043502870947122574
6624,DI,1287,1800,200,63,1.6251343672143944e-13,5.773159728050814e-15,0.08750022388994694
6625,WMI,1287,1800,200,63,2.1441425318456786e-13,5.773159728050814e-15,0.043713408056646585
6626,DI,1287,1800,200,64,1.6251343672143944e-13,5.773159728050814e-15,0.0864401909057051
6627,WMI,1287,1800,200,64,2.1441425318456786e-13,5.773159728050814e-15,0.04439082695171237
6628,DI,1287,1800,200,65,1.6251343672143944e-13,5.773159728050814e-15,0.08620198396965861
6629,WMI,1287,1800,200,65,2.1441425318456786e-13,5.773159728050814e-15,0.04416923085227609
6630,DI,1287,1800,200,66,1.6251343672143944e-13,5.773159728050814e-15,0.08732449682429433
6631,WMI,1287,1800,200,66,2.1441425318456786e-13,5.773159728050814e-15,0.0441166409291327
6632,DI,1287,1800,200,67,1.6251343672143944e-13,5.773159728050814e-15,0.0858643688261509
6633,WMI,1287,1800,200,67,2.1441425318456786e-13,5.773159728050814e-15,0.04391164402477443
6634,DI,1287,1800,200,68,1.6251343672143944e-13,5.773159728050814e-15,0.0858899389859289
6635,WMI,1287,1800,200,68,2.1441425318456786e-13,5.773159728050814e-15,0.043084047036245465
6636,DI,1287,1800,200,69,1.6251343672143944e-13,5.773159728050814e-15,0.08646216988563538
6637,WMI,1287,1800,200,69,2.1441425318456786e-13,5.773159728050814e-15,0.04349224083125591
6638,DI,1287,1800,200,70,1.6251343672143944e-13,5.773159728050814e-15,0.08667946700006723
6639,WMI,1287,1800,200,70,2.1441425318456786e-13,5.773159728050814e-15,0.04412711109034717
6640,DI,1287,1800,200,71,1.6251343672143944e-13,5.773159728050814e-15,0.08709758007898927
6641,WMI,1287,1800,200,71,2.1441425318456786e-13,5.773159728050814e-15,0.04265076410956681
6642,DI,1287,1800,200,72,1.6251343672143944e-13,5.773159728050814e-15,0.08448484097607434
6643,WMI,1287,1800,200,72,2.1441425318456786e-13,5.773159728050814e-15,0.04293560003861785
6644,DI,1287,1800,200,73,1.6251343672143944e-13,5.773159728050814e-15,0.08430121303535998
6645,WMI,1287,1800,200,73,2.1441425318456786e-13,5.773159728050814e-15,0.042678972939029336
6646,DI,1287,1800,200,74,1.6251343672143944e-13,5.773159728050814e-15,0.08449300099164248
6647,WMI,1287,1800,200,74,2.1441425318456786e-13,5.773159728050814e-15,0.04300929792225361
6648,DI,1287,1800,200,75,1.6251343672143944e-13,5.773159728050814e-15,0.08468741807155311
6649,WMI,1287,1800,200,75,2.1441425318456786e-13,5.773159728050814e-15,0.04259613482281566
6650,DI,1287,1800,200,76,1.6251343672143944e-13,5.773159728050814e-15,0.08441528188996017
6651,WMI,1287,1800,200,76,2.1441425318456786e-13,5.773159728050814e-15,0.042891139863058925
6652,DI,1287,1800,200,77,1.6251343672143944e-13,5.773159728050814e-15,0.08358905394561589
6653,WMI,1287,1800,200,77,2.1441425318456786e-13,5.773159728050814e-15,0.04310423694550991
6654,DI,1287,1800,200,78,1.6251343672143944e-13,5.773159728050814e-15,0.08426777413114905
6655,WMI,1287,1800,200,78,2.1441425318456786e-13,5.773159728050814e-15,0.042785272002220154
6656,DI,1287,1800,200,79,1.6251343672143944e-13,5.773159728050814e-15,0.08394788904115558
6657,WMI,1287,1800,200,79,2.1441425318456786e-13,5.773159728050814e-15,0.04285598103888333
6658,DI,1287,1800,200,80,1.6251343672143944e-13,5.773159728050814e-15,0.0839441989082843
6659,WMI,1287,1800,200,80,2.1441425318456786e-13,5.773159728050814e-15,0.04303094791248441
6660,DI,1287,1800,200,81,1.6251343672143944e-13,5.773159728050814e-15,0.0851571699604392
6661,WMI,1287,1800,200,81,2.1441425318456786e-13,5.773159728050814e-15,0.04348842101171613
6662,DI,1287,1800,200,82,1.6251343672143944e-13,5.773159728050814e-15,0.08405478694476187
6663,WMI,1287,1800,200,82,2.1441425318456786e-13,5.773159728050814e-15,0.04310085717588663
6664,DI,1287,1800,200,83,1.6251343672143944e-13,5.773159728050814e-15,0.08629410294815898
6665,WMI,1287,1800,200,83,2.1441425318456786e-13,5.773159728050814e-15,0.04377923719584942
6666,DI,1287,1800,200,84,1.6251343672143944e-13,5.773159728050814e-15,0.08632516302168369
6667,WMI,1287,1800,200,84,2.1441425318456786e-13,5.773159728050814e-15,0.043107917066663504
6668,DI,1287,1800,200,85,1.6251343672143944e-13,5.773159728050814e-15,0.0839914281386882
6669,WMI,1287,1800,200,85,2.1441425318456786e-13,5.773159728050814e-15,0.04276895197108388
6670,DI,1287,1800,200,86,1.6251343672143944e-13,5.773159728050814e-15,0.08506292197853327
6671,WMI,1287,1800,200,86,2.1441425318456786e-13,5.773159728050814e-15,0.04382670600898564
6672,DI,1287,1800,200,87,1.6251343672143944e-13,5.773159728050814e-15,0.0836137740407139
6673,WMI,1287,1800,200,87,2.1441425318456786e-13,5.773159728050814e-15,0.04283661115914583
6674,DI,1287,1800,200,88,1.6251343672143944e-13,5.773159728050814e-15,0.08433248288929462
6675,WMI,1287,1800,200,88,2.1441425318456786e-13,5.773159728050814e-15,0.042809210950508714
6676,DI,1287,1800,200,89,1.6251343672143944e-13,5.773159728050814e-15,0.08445083093829453
6677,WMI,1287,1800,200,89,2.1441425318456786e-13,5.773159728050814e-15,0.04433628683909774
6678,DI,1287,1800,200,90,1.6251343672143944e-13,5.773159728050814e-15,0.08575786114670336
6679,WMI,1287,1800,200,90,2.1441425318456786e-13,5.773159728050814e-15,0.04347200086340308
6680,DI,1287,1800,200,91,1.6251343672143944e-13,5.773159728050814e-15,0.0871383601333946
6681,WMI,1287,1800,200,91,2.1441425318456786e-13,5.773159728050814e-15,0.044200400123372674
6682,DI,1287,1800,200,92,1.6251343672143944e-13,5.773159728050814e-15,0.08637603209353983
6683,WMI,1287,1800,200,92,2.1441425318456786e-13,5.773159728050814e-15,0.043830966111272573
6684,DI,1287,1800,200,93,1.6251343672143944e-13,5.773159728050814e-15,0.08722439897246659
6685,WMI,1287,1800,200,93,2.1441425318456786e-13,5.773159728050814e-15,0.04350520088337362
6686,DI,1287,1800,200,94,1.6251343672143944e-13,5.773159728050814e-15,0.0880627459846437
6687,WMI,1287,1800,200,94,2.1441425318456786e-13,5.773159728050814e-15,0.04368566791526973
6688,DI,1287,1800,200,95,1.6251343672143944e-13,5.773159728050814e-15,0.08608944597654045
6689,WMI,1287,1800,200,95,2.1441425318456786e-13,5.773159728050814e-15,0.04375998699106276
6690,DI,1287,1800,200,96,1.6251343672143944e-13,5.773159728050814e-15,0.08671759604476392
6691,WMI,1287,1800,200,96,2.1441425318456786e-13,5.773159728050814e-15,0.04308760701678693
6692,DI,1287,1800,200,97,1.6251343672143944e-13,5.773159728050814e-15,0.08606887608766556
6693,WMI,1287,1800,200,97,2.1441425318456786e-13,5.773159728050814e-15,0.04379187594167888
6694,DI,1287,1800,200,98,1.6251343672143944e-13,5.773159728050814e-15,0.08412247593514621
6695,WMI,1287,1800,200,98,2.1441425318456786e-13,5.773159728050814e-15,0.04275543219409883
6696,DI,1287,1800,200,99,1.6251343672143944e-13,5.773159728050814e-15,0.08591882907785475
6697,WMI,1287,1800,200,99,2.1441425318456786e-13,5.773159728050814e-15,0.04287694999948144
6698,DI,1287,1800,200,100,1.6251343672143944e-13,5.773159728050814e-15,0.08455878891982138
6699,WMI,1287,1800,200,100,2.1441425318456786e-13,5.773159728050814e-15,0.043029338121414185
6700,DI,1287,1800,200,101,1.6251343672143944e-13,5.773159728050814e-15,0.08493317384272814
6701,WMI,1287,1800,200,101,2.1441425318456786e-13,5.773159728050814e-15,0.04287532111629844
6702,DI,1287,1800,200,102,1.6251343672143944e-13,5.773159728050814e-15,0.08476615604013205
6703,WMI,1287,1800,200,102,2.1441425318456786e-13,5.773159728050814e-15,0.04285109112970531
6704,DI,1287,1800,200,103,1.6251343672143944e-13,5.773159728050814e-15,0.08476229617372155
6705,WMI,1287,1800,200,103,2.1441425318456786e-13,5.773159728050814e-15,0.043281523976475
6706,DI,1287,1800,200,104,1.6251343672143944e-13,5.773159728050814e-15,0.08452537888661027
6707,WMI,1287,1800,200,104,2.1441425318456786e-13,5.773159728050814e-15,0.04291414003819227
6708,DI,1287,1800,200,105,1.6251343672143944e-13,5.773159728050814e-15,0.08402258809655905
6709,WMI,1287,1800,200,105,2.1441425318456786e-13,5.773159728050814e-15,0.04270601295866072
6710,DI,1287,1800,200,106,1.6251343672143944e-13,5.773159728050814e-15,0.08422007504850626
6711,WMI,1287,1800,200,106,2.1441425318456786e-13,5.773159728050814e-15,0.042730932822450995
6712,DI,1287,1800,200,107,1.6251343672143944e-13,5.773159728050814e-15,0.0841156761161983
6713,WMI,1287,1800,200,107,2.1441425318456786e-13,5.773159728050814e-15,0.04309438681229949
6714,DI,1287,1800,200,108,1.6251343672143944e-13,5.773159728050814e-15,0.08431798405945301
6715,WMI,1287,1800,200,108,2.1441425318456786e-13,5.773159728050814e-15,0.04281962104141712
6716,DI,1287,1800,200,109,1.6251343672143944e-13,5.773159728050814e-15,0.08455905900336802
6717,WMI,1287,1800,200,109,2.1441425318456786e-13,5.773159728050814e-15,0.04371669702231884
6718,DI,1287,1800,200,110,1.6251343672143944e-13,5.773159728050814e-15,0.08446227083913982
6719,WMI,1287,1800,200,110,2.1441425318456786e-13,5.773159728050814e-15,0.043182256165891886
6720,DI,1287,1800,200,111,1.6251343672143944e-13,5.773159728050814e-15,0.08532910794019699
6721,WMI,1287,1800,200,111,2.1441425318456786e-13,5.773159728050814e-15,0.04328483412973583
6722,DI,1287,1800,200,112,1.6251343672143944e-13,5.773159728050814e-15,0.0852449091617018
6723,WMI,1287,1800,200,112,2.1441425318456786e-13,5.773159728050814e-15,0.043499771039932966
6724,DI,1287,1800,200,113,1.6251343672143944e-13,5.773159728050814e-15,0.08581576007418334
6725,WMI,1287,1800,200,113,2.1441425318456786e-13,5.773159728050814e-15,0.04348925105296075
6726,DI,1287,1800,200,114,1.6251343672143944e-13,5.773159728050814e-15,0.08477187599055469
6727,WMI,1287,1800,200,114,2.1441425318456786e-13,5.773159728050814e-15,0.04263649391941726
6728,DI,1287,1800,200,115,1.6251343672143944e-13,5.773159728050814e-15,0.08451371011324227
6729,WMI,1287,1800,200,115,2.1441425318456786e-13,5.773159728050814e-15,0.042851391015574336
6730,DI,1287,1800,200,116,1.6251343672143944e-13,5.773159728050814e-15,0.08389543904922903
6731,WMI,1287,1800,200,116,2.1441425318456786e-13,5.773159728050814e-15,0.04347420088015497
6732,DI,1287,1800,200,117,1.6251343672143944e-13,5.773159728050814e-15,0.08602921711280942
6733,WMI,1287,1800,200,117,2.1441425318456786e-13,5.773159728050814e-15,0.04370185686275363
6734,DI,1287,1800,200,118,1.6251343672143944e-13,5.773159728050814e-15,0.08714732993394136
6735,WMI,1287,1800,200,118,2.1441425318456786e-13,5.773159728050814e-15,0.04380541597492993
6736,DI,1287,1800,200,119,1.6251343672143944e-13,5.773159728050814e-15,0.08695149212144315
6737,WMI,1287,1800,200,119,2.1441425318456786e-13,5.773159728050814e-15,0.04383104597218335
6738,DI,1287,1800,200,120,1.6251343672143944e-13,5.773159728050814e-15,0.08660254813730717
6739,WMI,1287,1800,200,120,2.1441425318456786e-13,5.773159728050814e-15,0.04326195502653718
6740,DI,1287,1800,200,121,1.6251343672143944e-13,5.773159728050814e-15,0.08488186402246356
6741,WMI,1287,1800,200,121,2.1441425318456786e-13,5.773159728050814e-15,0.04356544907204807
6742,DI,1287,1800,200,122,1.6251343672143944e-13,5.773159728050814e-15,0.08517302991822362
6743,WMI,1287,1800,200,122,2.1441425318456786e-13,5.773159728050814e-15,0.04322214494459331
6744,DI,1287,1800,200,123,1.6251343672143944e-13,5.773159728050814e-15,0.08535660803318024
6745,WMI,1287,1800,200,123,2.1441425318456786e-13,5.773159728050814e-15,0.04311523586511612
6746,DI,1287,1800,200,124,1.6251343672143944e-13,5.773159728050814e-15,0.08498441288247705
6747,WMI,1287,1800,200,124,2.1441425318456786e-13,5.773159728050814e-15,0.04290146077983081
6748,DI,1287,1800,200,125,1.6251343672143944e-13,5.773159728050814e-15,0.08585430984385312
6749,WMI,1287,1800,200,125,2.1441425318456786e-13,5.773159728050814e-15,0.04302446800284088
6750,DI,1287,1800,200,126,1.6251343672143944e-13,5.773159728050814e-15,0.08425114420242608
6751,WMI,1287,1800,200,126,2.1441425318456786e-13,5.773159728050814e-15,0.04255720600485802
6752,DI,1287,1800,200,127,1.6251343672143944e-13,5.773159728050814e-15,0.08431741315871477
6753,WMI,1287,1800,200,127,2.1441425318456786e-13,5.773159728050814e-15,0.0435895889531821
6754,DI,1287,1800,200,128,1.6251343672143944e-13,5.773159728050814e-15,0.08412107592448592
6755,WMI,1287,1800,200,128,2.1441425318456786e-13,5.773159728050814e-15,0.04273177310824394
6756,DI,1287,1800,200,129,1.6251343672143944e-13,5.773159728050814e-15,0.08488610410131514
6757,WMI,1287,1800,200,129,2.1441425318456786e-13,5.773159728050814e-15,0.04338264209218323
6758,DI,1287,1800,200,130,1.6251343672143944e-13,5.773159728050814e-15,0.08498760196380317
6759,WMI,1287,1800,200,130,2.1441425318456786e-13,5.773159728050814e-15,0.0431575661059469
6760,DI,1287,1800,200,131,1.6251343672143944e-13,5.773159728050814e-15,0.0849050940014422
6761,WMI,1287,1800,200,131,2.1441425318456786e-13,5.773159728050814e-15,0.04317736509256065
6762,DI,1287,1800,200,132,1.6251343672143944e-13,5.773159728050814e-15,0.08492836402729154
6763,WMI,1287,1800,200,132,2.1441425318456786e-13,5.773159728050814e-15,0.04393234406597912
6764,DI,1287,1800,200,133,1.6251343672143944e-13,5.773159728050814e-15,0.0857384221162647
6765,WMI,1287,1800,200,133,2.1441425318456786e-13,5.773159728050814e-15,0.043757817009463906
6766,DI,1287,1800,200,134,1.6251343672143944e-13,5.773159728050814e-15,0.08542468608357012
6767,WMI,1287,1800,200,134,2.1441425318456786e-13,5.773159728050814e-15,0.04323543515056372
6768,DI,1287,1800,200,135,1.6251343672143944e-13,5.773159728050814e-15,0.08396517904475331
6769,WMI,1287,1800,200,135,2.1441425318456786e-13,5.773159728050814e-15,0.043211754877120256
6770,DI,1287,1800,200,136,1.6251343672143944e-13,5.773159728050814e-15,0.08438477199524641
6771,WMI,1287,1800,200,136,2.1441425318456786e-13,5.773159728050814e-15,0.042791762156412005
6772,DI,1287,1800,200,137,1.6251343672143944e-13,5.773159728050814e-15,0.08402086701244116
6773,WMI,1287,1800,200,137,2.1441425318456786e-13,5.773159728050814e-15,0.04344170214608312
6774,DI,1287,1800,200,138,1.6251343672143944e-13,5.773159728050814e-15,0.08372105192393064
6775,WMI,1287,1800,200,138,2.1441425318456786e-13,5.773159728050814e-15,0.04335112287662923
6776,DI,1287,1800,200,139,1.6251343672143944e-13,5.773159728050814e-15,0.08705113106407225
6777,WMI,1287,1800,200,139,2.1441425318456786e-13,5.773159728050814e-15,0.04428840894252062
6778,DI,1287,1800,200,140,1.6251343672143944e-13,5.773159728050814e-15,0.08620679378509521
6779,WMI,1287,1800,200,140,2.1441425318456786e-13,5.773159728050814e-15,0.0442721089348197
6780,DI,1287,1800,200,141,1.6251343672143944e-13,5.773159728050814e-15,0.08684731391258538
6781,WMI,1287,1800,200,141,2.1441425318456786e-13,5.773159728050814e-15,0.04354212083853781
6782,DI,1287,1800,200,142,1.6251343672143944e-13,5.773159728050814e-15,0.08674271497875452
6783,WMI,1287,1800,200,142,2.1441425318456786e-13,5.773159728050814e-15,0.043354023015126586
6784,DI,1287,1800,200,143,1.6251343672143944e-13,5.773159728050814e-15,0.08436006284318864
6785,WMI,1287,1800,200,143,2.1441425318456786e-13,5.773159728050814e-15,0.042833011131733656
6786,DI,1287,1800,200,144,1.6251343672143944e-13,5.773159728050814e-15,0.08621873403899372
6787,WMI,1287,1800,200,144,2.1441425318456786e-13,5.773159728050814e-15,0.042969818925485015
6788,DI,1287,1800,200,145,1.6251343672143944e-13,5.773159728050814e-15,0.0844152111094445
6789,WMI,1287,1800,200,145,2.1441425318456786e-13,5.773159728050814e-15,0.043135237181559205
6790,DI,1287,1800,200,146,1.6251343672143944e-13,5.773159728050814e-15,0.08359615504741669
6791,WMI,1287,1800,200,146,2.1441425318456786e-13,5.773159728050814e-15,0.0428648698143661
6792,DI,1287,1800,200,147,1.6251343672143944e-13,5.773159728050814e-15,0.08573475084267557
6793,WMI,1287,1800,200,147,2.1441425318456786e-13,5.773159728050814e-15,0.04303085803985596
6794,DI,1287,1800,200,148,1.6251343672143944e-13,5.773159728050814e-15,0.0839435188099742
6795,WMI,1287,1800,200,148,2.1441425318456786e-13,5.773159728050814e-15,0.04356406000442803
6796,DI,1287,1800,200,149,1.6251343672143944e-13,5.773159728050814e-15,0.08445447101257741
6797,WMI,1287,1800,200,149,2.1441425318456786e-13,5.773159728050814e-15,0.04298315895721316
6798,DI,1287,1800,200,150,1.6251343672143944e-13,5.773159728050814e-15,0.0858532590791583
6799,WMI,1287,1800,200,150,2.1441425318456786e-13,5.773159728050814e-15,0.043486551847308874
6800,DI,1287,1800,200,151,1.6251343672143944e-13,5.773159728050814e-15,0.08555159391835332
6801,WMI,1287,1800,200,151,2.1441425318456786e-13,5.773159728050814e-15,0.04275882290676236
6802,DI,1287,1800,200,152,1.6251343672143944e-13,5.773159728050814e-15,0.08440774097107351
6803,WMI,1287,1800,200,152,2.1441425318456786e-13,5.773159728050814e-15,0.04347453103400767
6804,DI,1287,1800,200,153,1.6251343672143944e-13,5.773159728050814e-15,0.08488792413845658
6805,WMI,1287,1800,200,153,2.1441425318456786e-13,5.773159728050814e-15,0.04278119211085141
6806,DI,1287,1800,200,154,1.6251343672143944e-13,5.773159728050814e-15,0.08427468384616077
6807,WMI,1287,1800,200,154,2.1441425318456786e-13,5.773159728050814e-15,0.04265182395465672
6808,DI,1287,1800,200,155,1.6251343672143944e-13,5.773159728050814e-15,0.08483436517417431
6809,WMI,1287,1800,200,155,2.1441425318456786e-13,5.773159728050814e-15,0.043219714891165495
6810,DI,1287,1800,200,156,1.6251343672143944e-13,5.773159728050814e-15,0.08396104886196554
6811,WMI,1287,1800,200,156,2.1441425318456786e-13,5.773159728050814e-15,0.04335750290192664
6812,DI,1287,1800,200,157,1.6251343672143944e-13,5.773159728050814e-15,0.08418111503124237
6813,WMI,1287,1800,200,157,2.1441425318456786e-13,5.773159728050814e-15,0.04270205297507346
6814,DI,1287,1800,200,158,1.6251343672143944e-13,5.773159728050814e-15,0.08390825986862183
6815,WMI,1287,1800,200,158,2.1441425318456786e-13,5.773159728050814e-15,0.04293253901414573
6816,DI,1287,1800,200,159,1.6251343672143944e-13,5.773159728050814e-15,0.0844796800520271
6817,WMI,1287,1800,200,159,2.1441425318456786e-13,5.773159728050814e-15,0.0430999668315053
6818,DI,1287,1800,200,160,1.6251343672143944e-13,5.773159728050814e-15,0.08491711411625147
6819,WMI,1287,1800,200,160,2.1441425318456786e-13,5.773159728050814e-15,0.0433266528416425
6820,DI,1287,1800,200,161,1.6251343672143944e-13,5.773159728050814e-15,0.08482394507154822
6821,WMI,1287,1800,200,161,2.1441425318456786e-13,5.773159728050814e-15,0.043669237988069654
6822,DI,1287,1800,200,162,1.6251343672143944e-13,5.773159728050814e-15,0.08710722997784615
6823,WMI,1287,1800,200,162,2.1441425318456786e-13,5.773159728050814e-15,0.043822888052091
6824,DI,1287,1800,200,163,1.6251343672143944e-13,5.773159728050814e-15,0.08569120685569942
6825,WMI,1287,1800,200,163,2.1441425318456786e-13,5.773159728050814e-15,0.044248352060094476
6826,DI,1287,1800,200,164,1.6251343672143944e-13,5.773159728050814e-15,0.08664035308174789
6827,WMI,1287,1800,200,164,2.1441425318456786e-13,5.773159728050814e-15,0.0436747211497277
6828,DI,1287,1800,200,165,1.6251343672143944e-13,5.773159728050814e-15,0.08552868897095323
6829,WMI,1287,1800,200,165,2.1441425318456786e-13,5.773159728050814e-15,0.04379475908353925
6830,DI,1287,1800,200,166,1.6251343672143944e-13,5.773159728050814e-15,0.08398655196651816
6831,WMI,1287,1800,200,166,2.1441425318456786e-13,5.773159728050814e-15,0.04302976094186306
6832,DI,1287,1800,200,167,1.6251343672143944e-13,5.773159728050814e-15,0.08502405695617199
6833,WMI,1287,1800,200,167,2.1441425318456786e-13,5.773159728050814e-15,0.04328589607030153
6834,DI,1287,1800,200,168,1.6251343672143944e-13,5.773159728050814e-15,0.08481815992854536
6835,WMI,1287,1800,200,168,2.1441425318456786e-13,5.773159728050814e-15,0.04296113201417029
6836,DI,1287,1800,200,169,1.6251343672143944e-13,5.773159728050814e-15,0.0838901640381664
6837,WMI,1287,1800,200,169,2.1441425318456786e-13,5.773159728050814e-15,0.04298236104659736
6838,DI,1287,1800,200,170,1.6251343672143944e-13,5.773159728050814e-15,0.08438301691785455
6839,WMI,1287,1800,200,170,2.1441425318456786e-13,5.773159728050814e-15,0.042997500859200954
6840,DI,1287,1800,200,171,1.6251343672143944e-13,5.773159728050814e-15,0.08436608710326254
6841,WMI,1287,1800,200,171,2.1441425318456786e-13,5.773159728050814e-15,0.042821683920919895
6842,DI,1287,1800,200,172,1.6251343672143944e-13,5.773159728050814e-15,0.08505027694627643
6843,WMI,1287,1800,200,172,2.1441425318456786e-13,5.773159728050814e-15,0.043038050178438425
6844,DI,1287,1800,200,173,1.6251343672143944e-13,5.773159728050814e-15,0.08482305984944105
6845,WMI,1287,1800,200,173,2.1441425318456786e-13,5.773159728050814e-15,0.04328639595769346
6846,DI,1287,1800,200,174,1.6251343672143944e-13,5.773159728050814e-15,0.08426475804299116
6847,WMI,1287,1800,200,174,2.1441425318456786e-13,5.773159728050814e-15,0.042965942062437534
6848,DI,1287,1800,200,175,1.6251343672143944e-13,5.773159728050814e-15,0.08529861201532185
6849,WMI,1287,1800,200,175,2.1441425318456786e-13,5.773159728050814e-15,0.04358946206048131
6850,DI,1287,1800,200,176,1.6251343672143944e-13,5.773159728050814e-15,0.0846549931447953
6851,WMI,1287,1800,200,176,2.1441425318456786e-13,5.773159728050814e-15,0.043140568071976304
6852,DI,1287,1800,200,177,1.6251343672143944e-13,5.773159728050814e-15,0.0859948720317334
6853,WMI,1287,1800,200,177,2.1441425318456786e-13,5.773159728050814e-15,0.042696394957602024
6854,DI,1287,1800,200,178,1.6251343672143944e-13,5.773159728050814e-15,0.08549127005971968
6855,WMI,1287,1800,200,178,2.1441425318456786e-13,5.773159728050814e-15,0.043356436071917415
6856,DI,1287,1800,200,179,1.6251343672143944e-13,5.773159728050814e-15,0.08518465491943061
6857,WMI,1287,1800,200,179,2.1441425318456786e-13,5.773159728050814e-15,0.04321049805730581
6858,DI,1287,1800,200,180,1.6251343672143944e-13,5.773159728050814e-15,0.08491658815182745
6859,WMI,1287,1800,200,180,2.1441425318456786e-13,5.773159728050814e-15,0.043207847978919744
6860,DI,1287,1800,200,181,1.6251343672143944e-13,5.773159728050814e-15,0.0852552130818367
6861,WMI,1287,1800,200,181,2.1441425318456786e-13,5.773159728050814e-15,0.043504473054781556
6862,DI,1287,1800,200,182,1.6251343672143944e-13,5.773159728050814e-15,0.08505894709378481
6863,WMI,1287,1800,200,182,2.1441425318456786e-13,5.773159728050814e-15,0.04360582190565765
6864,DI,1287,1800,200,183,1.6251343672143944e-13,5.773159728050814e-15,0.08481478015892208
6865,WMI,1287,1800,200,183,2.1441425318456786e-13,5.773159728050814e-15,0.04302062117494643
6866,DI,1287,1800,200,184,1.6251343672143944e-13,5.773159728050814e-15,0.08678719005547464
6867,WMI,1287,1800,200,184,2.1441425318456786e-13,5.773159728050814e-15,0.04360595205798745
6868,DI,1287,1800,200,185,1.6251343672143944e-13,5.773159728050814e-15,0.0879807819146663
6869,WMI,1287,1800,200,185,2.1441425318456786e-13,5.773159728050814e-15,0.04369919002056122
6870,DI,1287,1800,200,186,1.6251343672143944e-13,5.773159728050814e-15,0.08616751991212368
6871,WMI,1287,1800,200,186,2.1441425318456786e-13,5.773159728050814e-15,0.04381741909310222
6872,DI,1287,1800,200,187,1.6251343672143944e-13,5.773159728050814e-15,0.08835236704908311
6873,WMI,1287,1800,200,187,2.1441425318456786e-13,5.773159728050814e-15,0.0439527970738709
6874,DI,1287,1800,200,188,1.6251343672143944e-13,5.773159728050814e-15,0.0866430620662868
6875,WMI,1287,1800,200,188,2.1441425318456786e-13,5.773159728050814e-15,0.043837258126586676
6876,DI,1287,1800,200,189,1.6251343672143944e-13,5.773159728050814e-15,0.08678331016562879
6877,WMI,1287,1800,200,189,2.1441425318456786e-13,5.773159728050814e-15,0.043228887021541595
6878,DI,1287,1800,200,190,1.6251343672143944e-13,5.773159728050814e-15,0.08634138689376414
6879,WMI,1287,1800,200,190,2.1441425318456786e-13,5.773159728050814e-15,0.043033279944211245
6880,DI,1287,1800,200,191,1.6251343672143944e-13,5.773159728050814e-15,0.08592878305353224
6881,WMI,1287,1800,200,191,2.1441425318456786e-13,5.773159728050814e-15,0.0429180720821023
6882,DI,1287,1800,200,192,1.6251343672143944e-13,5.773159728050814e-15,0.08439617580734193
6883,WMI,1287,1800,200,192,2.1441425318456786e-13,5.773159728050814e-15,0.042902552988380194
6884,DI,1287,1800,200,193,1.6251343672143944e-13,5.773159728050814e-15,0.08470780192874372
6885,WMI,1287,1800,200,193,2.1441425318456786e-13,5.773159728050814e-15,0.043510074028745294
6886,DI,1287,1800,200,194,1.6251343672143944e-13,5.773159728050814e-15,0.08465531188994646
6887,WMI,1287,1800,200,194,2.1441425318456786e-13,5.773159728050814e-15,0.042858102824538946
6888,DI,1287,1800,200,195,1.6251343672143944e-13,5.773159728050814e-15,0.08494974789209664
6889,WMI,1287,1800,200,195,2.1441425318456786e-13,5.773159728050814e-15,0.04310086905024946
6890,DI,1287,1800,200,196,1.6251343672143944e-13,5.773159728050814e-15,0.08434324711561203
6891,WMI,1287,1800,200,196,2.1441425318456786e-13,5.773159728050814e-15,0.04314699908718467
6892,DI,1287,1800,200,197,1.6251343672143944e-13,5.773159728050814e-15,0.0846763220615685
6893,WMI,1287,1800,200,197,2.1441425318456786e-13,5.773159728050814e-15,0.043539453065022826
6894,DI,1287,1800,200,198,1.6251343672143944e-13,5.773159728050814e-15,0.08462204318493605
6895,WMI,1287,1800,200,198,2.1441425318456786e-13,5.773159728050814e-15,0.042818333953619
6896,DI,1287,1800,200,199,1.6251343672143944e-13,5.773159728050814e-15,0.08470604103058577
6897,WMI,1287,1800,200,199,2.1441425318456786e-13,5.773159728050814e-15,0.042881812900304794
6898,DI,1287,1800,200,200,1.6251343672143944e-13,5.773159728050814e-15,0.08506589708849788
6899,WMI,1287,1800,200,200,2.1441425318456786e-13,5.773159728050814e-15,0.04329697601497173
6900,DI,1287,1700,300,1,1.6567894244477882e-13,5.551115123125783e-15,0.09429913689382374
6901,WMI,1287,1700,300,1,2.788295343035918e-13,5.88418203051333e-15,0.06709652789868414
6902,ISM,1287,1700,300,1,120.57265690895285,1.1534139469083988,1.8321490800008178
6903,DI,1287,1700,300,2,1.6567894244477882e-13,5.551115123125783e-15,0.08794890297576785
6904,WMI,1287,1700,300,2,2.788295343035918e-13,5.88418203051333e-15,0.06337535404600203
6905,ISM,1287,1700,300,2,120.57265690895285,1.1534139469083988,1.124879654031247
6906,DI,1287,1700,300,3,1.6567894244477882e-13,5.551115123125783e-15,0.09638800611719489
6907,WMI,1287,1700,300,3,2.788295343035918e-13,5.88418203051333e-15,0.06788884499110281
6908,ISM,1287,1700,300,3,120.57265690895285,1.1534139469083988,1.8496967561077327
6909,DI,1287,1700,300,4,1.6567894244477882e-13,5.551115123125783e-15,0.08710259618237615
6910,WMI,1287,1700,300,4,2.788295343035918e-13,5.88418203051333e-15,0.06330992397852242
6911,ISM,1287,1700,300,4,120.57265690895285,1.1534139469083988,1.1167589980177581
6912,DI,1287,1700,300,5,1.6567894244477882e-13,5.551115123125783e-15,0.09661841508932412
6913,WMI,1287,1700,300,5,2.788295343035918e-13,5.88418203051333e-15,0.06873201392591
6914,ISM,1287,1700,300,5,120.57265690895285,1.1534139469083988,1.8375366830732673
6915,DI,1287,1700,300,6,1.6567894244477882e-13,5.551115123125783e-15,0.0874825760256499
6916,WMI,1287,1700,300,6,2.788295343035918e-13,5.88418203051333e-15,0.06376997102051973
6917,ISM,1287,1700,300,6,120.57265690895285,1.1534139469083988,1.1219582702033222
6918,DI,1287,1700,300,7,1.6567894244477882e-13,5.551115123125783e-15,0.09543887292966247
6919,WMI,1287,1700,300,7,2.788295343035918e-13,5.88418203051333e-15,0.06841865903697908
6920,ISM,1287,1700,300,7,120.57265690895285,1.1534139469083988,1.8340314670931548
6921,DI,1287,1700,300,8,1.6567894244477882e-13,5.551115123125783e-15,0.0876144040375948
6922,WMI,1287,1700,300,8,2.788295343035918e-13,5.88418203051333e-15,0.0640516160055995
6923,ISM,1287,1700,300,8,120.57265690895285,1.1534139469083988,1.1252301300410181
6924,DI,1287,1700,300,9,1.6567894244477882e-13,5.551115123125783e-15,0.09744876297190785
6925,WMI,1287,1700,300,9,2.788295343035918e-13,5.88418203051333e-15,0.06780512793920934
6926,ISM,1287,1700,300,9,120.57265690895285,1.1534139469083988,1.8384640710428357
6927,DI,1287,1700,300,10,1.6567894244477882e-13,5.551115123125783e-15,0.08761422405950725
6928,WMI,1287,1700,300,10,2.788295343035918e-13,5.88418203051333e-15,0.06396680697798729
6929,ISM,1287,1700,300,10,120.57265690895285,1.1534139469083988,1.133922188077122
6930,DI,1287,1700,300,11,1.6567894244477882e-13,5.551115123125783e-15,0.09475089400075376
6931,WMI,1287,1700,300,11,2.788295343035918e-13,5.88418203051333e-15,0.0681284531019628
6932,ISM,1287,1700,300,11,120.57265690895285,1.1534139469083988,1.8378580249845982
6933,DI,1287,1700,300,12,1.6567894244477882e-13,5.551115123125783e-15,0.08771592192351818
6934,WMI,1287,1700,300,12,2.788295343035918e-13,5.88418203051333e-15,0.06397807691246271
6935,ISM,1287,1700,300,12,120.57265690895285,1.1534139469083988,1.1191872719209641
6936,DI,1287,1700,300,13,1.6567894244477882e-13,5.551115123125783e-15,0.09643047791905701
6937,WMI,1287,1700,300,13,2.788295343035918e-13,5.88418203051333e-15,0.0678693070076406
6938,ISM,1287,1700,300,13,120.57265690895285,1.1534139469083988,1.8332211701199412
6939,DI,1287,1700,300,14,1.6567894244477882e-13,5.551115123125783e-15,0.08833529194816947
6940,WMI,1287,1700,300,14,2.788295343035918e-13,5.88418203051333e-15,0.06383403902873397
6941,ISM,1287,1700,300,14,120.57265690895285,1.1534139469083988,1.120864356169477
6942,DI,1287,1700,300,15,1.6567894244477882e-13,5.551115123125783e-15,0.09646863816305995
6943,WMI,1287,1700,300,15,2.788295343035918e-13,5.88418203051333e-15,0.06744295381940901
6944,ISM,1287,1700,300,15,120.57265690895285,1.1534139469083988,1.8367027761414647
6945,DI,1287,1700,300,16,1.6567894244477882e-13,5.551115123125783e-15,0.08657170017249882
6946,WMI,1287,1700,300,16,2.788295343035918e-13,5.88418203051333e-15,0.06363763217814267
6947,ISM,1287,1700,300,16,120.57265690895285,1.1534139469083988,1.1149957568850368
6948,DI,1287,1700,300,17,1.6567894244477882e-13,5.551115123125783e-15,0.09628158994019032
6949,WMI,1287,1700,300,17,2.788295343035918e-13,5.88418203051333e-15,0.06706390879116952
6950,ISM,1287,1700,300,17,120.57265690895285,1.1534139469083988,1.841477412963286
6951,DI,1287,1700,300,18,1.6567894244477882e-13,5.551115123125783e-15,0.08752453490160406
6952,WMI,1287,1700,300,18,2.788295343035918e-13,5.88418203051333e-15,0.06410586507990956
6953,ISM,1287,1700,300,18,120.57265690895285,1.1534139469083988,1.1205290521029383
6954,DI,1287,1700,300,19,1.6567894244477882e-13,5.551115123125783e-15,0.09647072688676417
6955,WMI,1287,1700,300,19,2.788295343035918e-13,5.88418203051333e-15,0.06751838303171098
6956,ISM,1287,1700,300,19,120.57265690895285,1.1534139469083988,1.8600186279509217
6957,DI,1287,1700,300,20,1.6567894244477882e-13,5.551115123125783e-15,0.08677410590462387
6958,WMI,1287,1700,300,20,2.788295343035918e-13,5.88418203051333e-15,0.06393968709744513
6959,ISM,1287,1700,300,20,120.57265690895285,1.1534139469083988,1.110384037019685
6960,DI,1287,1700,300,21,1.6567894244477882e-13,5.551115123125783e-15,0.09714410710148513
6961,WMI,1287,1700,300,21,2.788295343035918e-13,5.88418203051333e-15,0.0687578939832747
6962,ISM,1287,1700,300,21,120.57265690895285,1.1534139469083988,1.8428613119758666
6963,DI,1287,1700,300,22,1.6567894244477882e-13,5.551115123125783e-15,0.08719589002430439
6964,WMI,1287,1700,300,22,2.788295343035918e-13,5.88418203051333e-15,0.06407168507575989
6965,ISM,1287,1700,300,22,120.57265690895285,1.1534139469083988,1.1092183250002563
6966,DI,1287,1700,300,23,1.6567894244477882e-13,5.551115123125783e-15,0.09683395200408995
6967,WMI,1287,1700,300,23,2.788295343035918e-13,5.88418203051333e-15,0.06775135896168649
6968,ISM,1287,1700,300,23,120.57265690895285,1.1534139469083988,1.823881704127416
6969,DI,1287,1700,300,24,1.6567894244477882e-13,5.551115123125783e-15,0.08721636002883315
6970,WMI,1287,1700,300,24,2.788295343035918e-13,5.88418203051333e-15,0.06394817703403533
6971,ISM,1287,1700,300,24,120.57265690895285,1.1534139469083988,1.1151781538501382
6972,DI,1287,1700,300,25,1.6567894244477882e-13,5.551115123125783e-15,0.09514890797436237
6973,WMI,1287,1700,300,25,2.788295343035918e-13,5.88418203051333e-15,0.06730003585107625
6974,ISM,1287,1700,300,25,120.57265690895285,1.1534139469083988,1.8246127220336348
6975,DI,1287,1700,300,26,1.6567894244477882e-13,5.551115123125783e-15,0.08772749197669327
6976,WMI,1287,1700,300,26,2.788295343035918e-13,5.88418203051333e-15,0.06437687017023563
6977,ISM,1287,1700,300,26,120.57265690895285,1.1534139469083988,1.120687124086544
6978,DI,1287,1700,300,27,1.6567894244477882e-13,5.551115123125783e-15,0.09623979008756578
6979,WMI,1287,1700,300,27,2.788295343035918e-13,5.88418203051333e-15,0.06761240703053772
6980,ISM,1287,1700,300,27,120.57265690895285,1.1534139469083988,1.8231371529400349
6981,DI,1287,1700,300,28,1.6567894244477882e-13,5.551115123125783e-15,0.08674719603732228
6982,WMI,1287,1700,300,28,2.788295343035918e-13,5.88418203051333e-15,0.06415558001026511
6983,ISM,1287,1700,300,28,120.57265690895285,1.1534139469083988,1.1135770671535283
6984,DI,1287,1700,300,29,1.6567894244477882e-13,5.551115123125783e-15,0.09561872994527221
6985,WMI,1287,1700,300,29,2.788295343035918e-13,5.88418203051333e-15,0.0678468041587621
6986,ISM,1287,1700,300,29,120.57265690895285,1.1534139469083988,1.7264630091376603
6987,DI,1287,1700,300,30,1.6567894244477882e-13,5.551115123125783e-15,0.08443652093410492
6988,WMI,1287,1700,300,30,2.788295343035918e-13,5.88418203051333e-15,0.06264616386033595
6989,ISM,1287,1700,300,30,120.57265690895285,1.1534139469083988,1.065332273952663
6990,DI,1287,1700,300,31,1.6567894244477882e-13,5.551115123125783e-15,0.09469394409097731
6991,WMI,1287,1700,300,31,2.788295343035918e-13,5.88418203051333e-15,0.06639648601412773
6992,ISM,1287,1700,300,31,120.57265690895285,1.1534139469083988,1.8289450041484088
6993,DI,1287,1700,300,32,1.6567894244477882e-13,5.551115123125783e-15,0.08812193479388952
6994,WMI,1287,1700,300,32,2.788295343035918e-13,5.88418203051333e-15,0.06377048697322607
6995,ISM,1287,1700,300,32,120.57265690895285,1.1534139469083988,1.1095482790842652
6996,DI,1287,1700,300,33,1.6567894244477882e-13,5.551115123125783e-15,0.09634242905303836
6997,WMI,1287,1700,300,33,2.788295343035918e-13,5.88418203051333e-15,0.06758577795699239
6998,ISM,1287,1700,300,33,120.57265690895285,1.1534139469083988,1.808889260981232
6999,DI,1287,1700,300,34,1.6567894244477882e-13,5.551115123125783e-15,0.08599919709376991
7000,WMI,1287,1700,300,34,2.788295343035918e-13,5.88418203051333e-15,0.06259459513239563
7001,ISM,1287,1700,300,34,120.57265690895285,1.1534139469083988,1.060374430147931
7002,DI,1287,1700,300,35,1.6567894244477882e-13,5.551115123125783e-15,0.09358168113976717
7003,WMI,1287,1700,300,35,2.788295343035918e-13,5.88418203051333e-15,0.06666567199863493
7004,ISM,1287,1700,300,35,120.57265690895285,1.1534139469083988,1.731673900038004
7005,DI,1287,1700,300,36,1.6567894244477882e-13,5.551115123125783e-15,0.08669138606637716
7006,WMI,1287,1700,300,36,2.788295343035918e-13,5.88418203051333e-15,0.06370755797252059
7007,ISM,1287,1700,300,36,120.57265690895285,1.1534139469083988,1.0647300828713924
7008,DI,1287,1700,300,37,1.6567894244477882e-13,5.551115123125783e-15,0.09472156409174204
7009,WMI,1287,1700,300,37,2.788295343035918e-13,5.88418203051333e-15,0.06673076096922159
7010,ISM,1287,1700,300,37,120.57265690895285,1.1534139469083988,1.7467882388737053
7011,DI,1287,1700,300,38,1.6567894244477882e-13,5.551115123125783e-15,0.08637299109250307
7012,WMI,1287,1700,300,38,2.788295343035918e-13,5.88418203051333e-15,0.06367097701877356
7013,ISM,1287,1700,300,38,120.57265690895285,1.1534139469083988,1.0972342470195144
7014,DI,1287,1700,300,39,1.6567894244477882e-13,5.551115123125783e-15,0.0944046787917614
7015,WMI,1287,1700,300,39,2.788295343035918e-13,5.88418203051333e-15,0.06667145295068622
7016,ISM,1287,1700,300,39,120.57265690895285,1.1534139469083988,1.730311521096155
7017,DI,1287,1700,300,40,1.6567894244477882e-13,5.551115123125783e-15,0.08507696096785367
7018,WMI,1287,1700,300,40,2.788295343035918e-13,5.88418203051333e-15,0.06267353310249746
7019,ISM,1287,1700,300,40,120.57265690895285,1.1534139469083988,1.0567535751033574
7020,DI,1287,1700,300,41,1.6567894244477882e-13,5.551115123125783e-15,0.09379620803520083
7021,WMI,1287,1700,300,41,2.788295343035918e-13,5.88418203051333e-15,0.06778354500420392
7022,ISM,1287,1700,300,41,120.57265690895285,1.1534139469083988,1.7274121548980474
7023,DI,1287,1700,300,42,1.6567894244477882e-13,5.551115123125783e-15,0.08503427100367844
7024,WMI,1287,1700,300,42,2.788295343035918e-13,5.88418203051333e-15,0.06361785810440779
7025,ISM,1287,1700,300,42,120.57265690895285,1.1534139469083988,1.0555995830800384
7026,DI,1287,1700,300,43,1.6567894244477882e-13,5.551115123125783e-15,0.09507677890360355
7027,WMI,1287,1700,300,43,2.788295343035918e-13,5.88418203051333e-15,0.06646330491639674
7028,ISM,1287,1700,300,43,120.57265690895285,1.1534139469083988,1.8254264381248504
7029,DI,1287,1700,300,44,1.6567894244477882e-13,5.551115123125783e-15,0.08682132512331009
7030,WMI,1287,1700,300,44,2.788295343035918e-13,5.88418203051333e-15,0.0639384831301868
7031,ISM,1287,1700,300,44,120.57265690895285,1.1534139469083988,1.0980019550770521
7032,DI,1287,1700,300,45,1.6567894244477882e-13,5.551115123125783e-15,0.09437933890148997
7033,WMI,1287,1700,300,45,2.788295343035918e-13,5.88418203051333e-15,0.06778680509887636
7034,ISM,1287,1700,300,45,120.57265690895285,1.1534139469083988,1.7278112201020122
7035,DI,1287,1700,300,46,1.6567894244477882e-13,5.551115123125783e-15,0.08548436406999826
7036,WMI,1287,1700,300,46,2.788295343035918e-13,5.88418203051333e-15,0.06401438196189702
7037,ISM,1287,1700,300,46,120.57265690895285,1.1534139469083988,1.0789861159864813
7038,DI,1287,1700,300,47,1.6567894244477882e-13,5.551115123125783e-15,0.09331338503398001
7039,WMI,1287,1700,300,47,2.788295343035918e-13,5.88418203051333e-15,0.06713214493356645
7040,ISM,1287,1700,300,47,120.57265690895285,1.1534139469083988,1.7405520549509674
7041,DI,1287,1700,300,48,1.6567894244477882e-13,5.551115123125783e-15,0.0866987460758537
7042,WMI,1287,1700,300,48,2.788295343035918e-13,5.88418203051333e-15,0.06324155395850539
7043,ISM,1287,1700,300,48,120.57265690895285,1.1534139469083988,1.0662812900263816
7044,DI,1287,1700,300,49,1.6567894244477882e-13,5.551115123125783e-15,0.09323050593957305
7045,WMI,1287,1700,300,49,2.788295343035918e-13,5.88418203051333e-15,0.0664291160646826
7046,ISM,1287,1700,300,49,120.57265690895285,1.1534139469083988,1.7960079349577427
7047,DI,1287,1700,300,50,1.6567894244477882e-13,5.551115123125783e-15,0.08909910311922431
7048,WMI,1287,1700,300,50,2.788295343035918e-13,5.88418203051333e-15,0.06440508202649653
7049,ISM,1287,1700,300,50,120.57265690895285,1.1534139469083988,1.1249884660355747
7050,DI,1287,1700,300,51,1.6567894244477882e-13,5.551115123125783e-15,0.09682744392193854
7051,WMI,1287,1700,300,51,2.788295343035918e-13,5.88418203051333e-15,0.06834941101260483
7052,DI,1287,1700,300,52,1.6567894244477882e-13,5.551115123125783e-15,0.09181300085037947
7053,WMI,1287,1700,300,52,2.788295343035918e-13,5.88418203051333e-15,0.06658545788377523
7054,DI,1287,1700,300,53,1.6567894244477882e-13,5.551115123125783e-15,0.09326011803932488
7055,WMI,1287,1700,300,53,2.788295343035918e-13,5.88418203051333e-15,0.06835232092998922
7056,DI,1287,1700,300,54,1.6567894244477882e-13,5.551115123125783e-15,0.09535566600970924
7057,WMI,1287,1700,300,54,2.788295343035918e-13,5.88418203051333e-15,0.06689591286703944
7058,DI,1287,1700,300,55,1.6567894244477882e-13,5.551115123125783e-15,0.0934204759541899
7059,WMI,1287,1700,300,55,2.788295343035918e-13,5.88418203051333e-15,0.06834044097922742
7060,DI,1287,1700,300,56,1.6567894244477882e-13,5.551115123125783e-15,0.09355303505435586
7061,WMI,1287,1700,300,56,2.788295343035918e-13,5.88418203051333e-15,0.06648688996210694
7062,DI,1287,1700,300,57,1.6567894244477882e-13,5.551115123125783e-15,0.09628238179720938
7063,WMI,1287,1700,300,57,2.788295343035918e-13,5.88418203051333e-15,0.06740844622254372
7064,DI,1287,1700,300,58,1.6567894244477882e-13,5.551115123125783e-15,0.09297904302366078
7065,WMI,1287,1700,300,58,2.788295343035918e-13,5.88418203051333e-15,0.06695120199583471
7066,DI,1287,1700,300,59,1.6567894244477882e-13,5.551115123125783e-15,0.09161170409061015
7067,WMI,1287,1700,300,59,2.788295343035918e-13,5.88418203051333e-15,0.06619099387899041
7068,DI,1287,1700,300,60,1.6567894244477882e-13,5.551115123125783e-15,0.09199039777740836
7069,WMI,1287,1700,300,60,2.788295343035918e-13,5.88418203051333e-15,0.06615222408436239
7070,DI,1287,1700,300,61,1.6567894244477882e-13,5.551115123125783e-15,0.091890640091151
7071,WMI,1287,1700,300,61,2.788295343035918e-13,5.88418203051333e-15,0.0671005800832063
7072,DI,1287,1700,300,62,1.6567894244477882e-13,5.551115123125783e-15,0.09254359011538327
7073,WMI,1287,1700,300,62,2.788295343035918e-13,5.88418203051333e-15,0.06602498586289585
7074,DI,1287,1700,300,63,1.6567894244477882e-13,5.551115123125783e-15,0.09401035797782242
7075,WMI,1287,1700,300,63,2.788295343035918e-13,5.88418203051333e-15,0.06712377001531422
7076,DI,1287,1700,300,64,1.6567894244477882e-13,5.551115123125783e-15,0.09206559718586504
7077,WMI,1287,1700,300,64,2.788295343035918e-13,5.88418203051333e-15,0.06744099617935717
7078,DI,1287,1700,300,65,1.6567894244477882e-13,5.551115123125783e-15,0.09368010214529932
7079,WMI,1287,1700,300,65,2.788295343035918e-13,5.88418203051333e-15,0.06694153300486505
7080,DI,1287,1700,300,66,1.6567894244477882e-13,5.551115123125783e-15,0.09384480002336204
7081,WMI,1287,1700,300,66,2.788295343035918e-13,5.88418203051333e-15,0.06709392997436225
7082,DI,1287,1700,300,67,1.6567894244477882e-13,5.551115123125783e-15,0.09196146880276501
7083,WMI,1287,1700,300,67,2.788295343035918e-13,5.88418203051333e-15,0.06814629398286343
7084,DI,1287,1700,300,68,1.6567894244477882e-13,5.551115123125783e-15,0.09312536101788282
7085,WMI,1287,1700,300,68,2.788295343035918e-13,5.88418203051333e-15,0.06731580686755478
7086,DI,1287,1700,300,69,1.6567894244477882e-13,5.551115123125783e-15,0.09245822089724243
7087,WMI,1287,1700,300,69,2.788295343035918e-13,5.88418203051333e-15,0.06603255588561296
7088,DI,1287,1700,300,70,1.6567894244477882e-13,5.551115123125783e-15,0.09295312408357859
7089,WMI,1287,1700,300,70,2.788295343035918e-13,5.88418203051333e-15,0.06723976810462773
7090,DI,1287,1700,300,71,1.6567894244477882e-13,5.551115123125783e-15,0.09278525691479445
7091,WMI,1287,1700,300,71,2.788295343035918e-13,5.88418203051333e-15,0.06622351403348148
7092,DI,1287,1700,300,72,1.6567894244477882e-13,5.551115123125783e-15,0.09204533696174622
7093,WMI,1287,1700,300,72,2.788295343035918e-13,5.88418203051333e-15,0.06741279503330588
7094,DI,1287,1700,300,73,1.6567894244477882e-13,5.551115123125783e-15,0.09367119311355054
7095,WMI,1287,1700,300,73,2.788295343035918e-13,5.88418203051333e-15,0.06758707296103239
7096,DI,1287,1700,300,74,1.6567894244477882e-13,5.551115123125783e-15,0.09223189484328032
7097,WMI,1287,1700,300,74,2.788295343035918e-13,5.88418203051333e-15,0.06781252892687917
7098,DI,1287,1700,300,75,1.6567894244477882e-13,5.551115123125783e-15,0.09321273001842201
7099,WMI,1287,1700,300,75,2.788295343035918e-13,5.88418203051333e-15,0.06704706116579473
7100,DI,1287,1700,300,76,1.6567894244477882e-13,5.551115123125783e-15,0.09509566007182002
7101,WMI,1287,1700,300,76,2.788295343035918e-13,5.88418203051333e-15,0.06730425707064569
7102,DI,1287,1700,300,77,1.6567894244477882e-13,5.551115123125783e-15,0.0920097678899765
7103,WMI,1287,1700,300,77,2.788295343035918e-13,5.88418203051333e-15,0.06683306489139795
7104,DI,1287,1700,300,78,1.6567894244477882e-13,5.551115123125783e-15,0.09378399094566703
7105,WMI,1287,1700,300,78,2.788295343035918e-13,5.88418203051333e-15,0.0666458869818598
7106,DI,1287,1700,300,79,1.6567894244477882e-13,5.551115123125783e-15,0.09397817798890173
7107,WMI,1287,1700,300,79,2.788295343035918e-13,5.88418203051333e-15,0.06644248007796705
7108,DI,1287,1700,300,80,1.6567894244477882e-13,5.551115123125783e-15,0.09230709308758378
7109,WMI,1287,1700,300,80,2.788295343035918e-13,5.88418203051333e-15,0.06654586899094284
7110,DI,1287,1700,300,81,1.6567894244477882e-13,5.551115123125783e-15,0.09359445399604738
7111,WMI,1287,1700,300,81,2.788295343035918e-13,5.88418203051333e-15,0.06746890395879745
7112,DI,1287,1700,300,82,1.6567894244477882e-13,5.551115123125783e-15,0.09476133598946035
7113,WMI,1287,1700,300,82,2.788295343035918e-13,5.88418203051333e-15,0.06749973399564624
7114,DI,1287,1700,300,83,1.6567894244477882e-13,5.551115123125783e-15,0.09255636879242957
7115,WMI,1287,1700,300,83,2.788295343035918e-13,5.88418203051333e-15,0.06652269908227026
7116,DI,1287,1700,300,84,1.6567894244477882e-13,5.551115123125783e-15,0.09245707094669342
7117,WMI,1287,1700,300,84,2.788295343035918e-13,5.88418203051333e-15,0.0670685509685427
7118,DI,1287,1700,300,85,1.6567894244477882e-13,5.551115123125783e-15,0.09245814080350101
7119,WMI,1287,1700,300,85,2.788295343035918e-13,5.88418203051333e-15,0.06778716994449496
7120,DI,1287,1700,300,86,1.6567894244477882e-13,5.551115123125783e-15,0.09233136312104762
7121,WMI,1287,1700,300,86,2.788295343035918e-13,5.88418203051333e-15,0.06701200199313462
7122,DI,1287,1700,300,87,1.6567894244477882e-13,5.551115123125783e-15,0.09196729911491275
7123,WMI,1287,1700,300,87,2.788295343035918e-13,5.88418203051333e-15,0.06673672585748136
7124,DI,1287,1700,300,88,1.6567894244477882e-13,5.551115123125783e-15,0.09292573411948979
7125,WMI,1287,1700,300,88,2.788295343035918e-13,5.88418203051333e-15,0.06710745999589562
7126,DI,1287,1700,300,89,1.6567894244477882e-13,5.551115123125783e-15,0.09224564488977194
7127,WMI,1287,1700,300,89,2.788295343035918e-13,5.88418203051333e-15,0.06674993503838778
7128,DI,1287,1700,300,90,1.6567894244477882e-13,5.551115123125783e-15,0.09601765708066523
7129,WMI,1287,1700,300,90,2.788295343035918e-13,5.88418203051333e-15,0.06897586188279092
7130,DI,1287,1700,300,91,1.6567894244477882e-13,5.551115123125783e-15,0.09553670394234359
7131,WMI,1287,1700,300,91,2.788295343035918e-13,5.88418203051333e-15,0.06769441091455519
7132,DI,1287,1700,300,92,1.6567894244477882e-13,5.551115123125783e-15,0.09457262908108532
7133,WMI,1287,1700,300,92,2.788295343035918e-13,5.88418203051333e-15,0.0681959439534694
7134,DI,1287,1700,300,93,1.6567894244477882e-13,5.551115123125783e-15,0.0952618878800422
7135,WMI,1287,1700,300,93,2.788295343035918e-13,5.88418203051333e-15,0.06807272508740425
7136,DI,1287,1700,300,94,1.6567894244477882e-13,5.551115123125783e-15,0.09442837093956769
7137,WMI,1287,1700,300,94,2.788295343035918e-13,5.88418203051333e-15,0.06818369403481483
7138,DI,1287,1700,300,95,1.6567894244477882e-13,5.551115123125783e-15,0.09620078420266509
7139,WMI,1287,1700,300,95,2.788295343035918e-13,5.88418203051333e-15,0.06857286696322262
7140,DI,1287,1700,300,96,1.6567894244477882e-13,5.551115123125783e-15,0.09616204397752881
7141,WMI,1287,1700,300,96,2.788295343035918e-13,5.88418203051333e-15,0.06792232720181346
7142,DI,1287,1700,300,97,1.6567894244477882e-13,5.551115123125783e-15,0.09453865396790206
7143,WMI,1287,1700,300,97,2.788295343035918e-13,5.88418203051333e-15,0.0684182841796428
7144,DI,1287,1700,300,98,1.6567894244477882e-13,5.551115123125783e-15,0.09590463410131633
7145,WMI,1287,1700,300,98,2.788295343035918e-13,5.88418203051333e-15,0.06721540191210806
7146,DI,1287,1700,300,99,1.6567894244477882e-13,5.551115123125783e-15,0.09404837200418115
7147,WMI,1287,1700,300,99,2.788295343035918e-13,5.88418203051333e-15,0.06843496393412352
7148,DI,1287,1700,300,100,1.6567894244477882e-13,5.551115123125783e-15,0.09556281892582774
7149,WMI,1287,1700,300,100,2.788295343035918e-13,5.88418203051333e-15,0.06805750005878508
7150,DI,1287,1700,300,101,1.6567894244477882e-13,5.551115123125783e-15,0.09889816795475781
7151,WMI,1287,1700,300,101,2.788295343035918e-13,5.88418203051333e-15,0.06885218690149486
7152,DI,1287,1700,300,102,1.6567894244477882e-13,5.551115123125783e-15,0.10249740304425359
7153,WMI,1287,1700,300,102,2.788295343035918e-13,5.88418203051333e-15,0.07203226815909147
7154,DI,1287,1700,300,103,1.6567894244477882e-13,5.551115123125783e-15,0.09477055119350553
7155,WMI,1287,1700,300,103,2.788295343035918e-13,5.88418203051333e-15,0.06785242189653218
7156,DI,1287,1700,300,104,1.6567894244477882e-13,5.551115123125783e-15,0.09541513118892908
7157,WMI,1287,1700,300,104,2.788295343035918e-13,5.88418203051333e-15,0.06782709318213165
7158,DI,1287,1700,300,105,1.6567894244477882e-13,5.551115123125783e-15,0.09480784996412694
7159,WMI,1287,1700,300,105,2.788295343035918e-13,5.88418203051333e-15,0.06754078716039658
7160,DI,1287,1700,300,106,1.6567894244477882e-13,5.551115123125783e-15,0.09543963009491563
7161,WMI,1287,1700,300,106,2.788295343035918e-13,5.88418203051333e-15,0.06787712196819484
7162,DI,1287,1700,300,107,1.6567894244477882e-13,5.551115123125783e-15,0.09526495402678847
7163,WMI,1287,1700,300,107,2.788295343035918e-13,5.88418203051333e-15,0.06836837506853044
7164,DI,1287,1700,300,108,1.6567894244477882e-13,5.551115123125783e-15,0.0957787549123168
7165,WMI,1287,1700,300,108,2.788295343035918e-13,5.88418203051333e-15,0.06708135502412915
7166,DI,1287,1700,300,109,1.6567894244477882e-13,5.551115123125783e-15,0.09681410994380713
7167,WMI,1287,1700,300,109,2.788295343035918e-13,5.88418203051333e-15,0.06849417183548212
7168,DI,1287,1700,300,110,1.6567894244477882e-13,5.551115123125783e-15,0.09528102306649089
7169,WMI,1287,1700,300,110,2.788295343035918e-13,5.88418203051333e-15,0.06769924494437873
7170,DI,1287,1700,300,111,1.6567894244477882e-13,5.551115123125783e-15,0.09725985303521156
7171,WMI,1287,1700,300,111,2.788295343035918e-13,5.88418203051333e-15,0.06798084988258779
7172,DI,1287,1700,300,112,1.6567894244477882e-13,5.551115123125783e-15,0.09496886795386672
7173,WMI,1287,1700,300,112,2.788295343035918e-13,5.88418203051333e-15,0.06824678601697087
7174,DI,1287,1700,300,113,1.6567894244477882e-13,5.551115123125783e-15,0.09678781987167895
7175,WMI,1287,1700,300,113,2.788295343035918e-13,5.88418203051333e-15,0.06798452115617692
7176,DI,1287,1700,300,114,1.6567894244477882e-13,5.551115123125783e-15,0.09673233004286885
7177,WMI,1287,1700,300,114,2.788295343035918e-13,5.88418203051333e-15,0.06844100309535861
7178,DI,1287,1700,300,115,1.6567894244477882e-13,5.551115123125783e-15,0.09678873000666499
7179,WMI,1287,1700,300,115,2.788295343035918e-13,5.88418203051333e-15,0.0688860360532999
7180,DI,1287,1700,300,116,1.6567894244477882e-13,5.551115123125783e-15,0.09523989399895072
7181,WMI,1287,1700,300,116,2.788295343035918e-13,5.88418203051333e-15,0.067642044974491
7182,DI,1287,1700,300,117,1.6567894244477882e-13,5.551115123125783e-15,0.09542114101350307
7183,WMI,1287,1700,300,117,2.788295343035918e-13,5.88418203051333e-15,0.06825593602843583
7184,DI,1287,1700,300,118,1.6567894244477882e-13,5.551115123125783e-15,0.09524989291094244
7185,WMI,1287,1700,300,118,2.788295343035918e-13,5.88418203051333e-15,0.06860024086199701
7186,DI,1287,1700,300,119,1.6567894244477882e-13,5.551115123125783e-15,0.0949929179623723
7187,WMI,1287,1700,300,119,2.788295343035918e-13,5.88418203051333e-15,0.06772178411483765
7188,DI,1287,1700,300,120,1.6567894244477882e-13,5.551115123125783e-15,0.09621098916977644
7189,WMI,1287,1700,300,120,2.788295343035918e-13,5.88418203051333e-15,0.06790278083644807
7190,DI,1287,1700,300,121,1.6567894244477882e-13,5.551115123125783e-15,0.09667209209874272
7191,WMI,1287,1700,300,121,2.788295343035918e-13,5.88418203051333e-15,0.06803206005133688
7192,DI,1287,1700,300,122,1.6567894244477882e-13,5.551115123125783e-15,0.09508169605396688
7193,WMI,1287,1700,300,122,2.788295343035918e-13,5.88418203051333e-15,0.06853494211100042
7194,DI,1287,1700,300,123,1.6567894244477882e-13,5.551115123125783e-15,0.09489190904423594
7195,WMI,1287,1700,300,123,2.788295343035918e-13,5.88418203051333e-15,0.0682692660484463
7196,DI,1287,1700,300,124,1.6567894244477882e-13,5.551115123125783e-15,0.09540547104552388
7197,WMI,1287,1700,300,124,2.788295343035918e-13,5.88418203051333e-15,0.06789415213279426
7198,DI,1287,1700,300,125,1.6567894244477882e-13,5.551115123125783e-15,0.09576170612126589
7199,WMI,1287,1700,300,125,2.788295343035918e-13,5.88418203051333e-15,0.06961057591252029
7200,DI,1287,1700,300,126,1.6567894244477882e-13,5.551115123125783e-15,0.09616373991593719
7201,WMI,1287,1700,300,126,2.788295343035918e-13,5.88418203051333e-15,0.06722547300159931
7202,DI,1287,1700,300,127,1.6567894244477882e-13,5.551115123125783e-15,0.0955057991668582
7203,WMI,1287,1700,300,127,2.788295343035918e-13,5.88418203051333e-15,0.07583070010878146
7204,DI,1287,1700,300,128,1.6567894244477882e-13,5.551115123125783e-15,0.09551265905611217
7205,WMI,1287,1700,300,128,2.788295343035918e-13,5.88418203051333e-15,0.06781554315239191
7206,DI,1287,1700,300,129,1.6567894244477882e-13,5.551115123125783e-15,0.09415345103479922
7207,WMI,1287,1700,300,129,2.788295343035918e-13,5.88418203051333e-15,0.06745273899286985
7208,DI,1287,1700,300,130,1.6567894244477882e-13,5.551115123125783e-15,0.09581534494645894
7209,WMI,1287,1700,300,130,2.788295343035918e-13,5.88418203051333e-15,0.06805125903338194
7210,DI,1287,1700,300,131,1.6567894244477882e-13,5.551115123125783e-15,0.09650942403823137
7211,WMI,1287,1700,300,131,2.788295343035918e-13,5.88418203051333e-15,0.06873590918257833
7212,DI,1287,1700,300,132,1.6567894244477882e-13,5.551115123125783e-15,0.09496385790407658
7213,WMI,1287,1700,300,132,2.788295343035918e-13,5.88418203051333e-15,0.06863313005305827
7214,DI,1287,1700,300,133,1.6567894244477882e-13,5.551115123125783e-15,0.0961797300260514
7215,WMI,1287,1700,300,133,2.788295343035918e-13,5.88418203051333e-15,0.06783509301021695
7216,DI,1287,1700,300,134,1.6567894244477882e-13,5.551115123125783e-15,0.09590485296212137
7217,WMI,1287,1700,300,134,2.788295343035918e-13,5.88418203051333e-15,0.06757815601304173
7218,DI,1287,1700,300,135,1.6567894244477882e-13,5.551115123125783e-15,0.09535217192023993
7219,WMI,1287,1700,300,135,2.788295343035918e-13,5.88418203051333e-15,0.06871009897440672
7220,DI,1287,1700,300,136,1.6567894244477882e-13,5.551115123125783e-15,0.09404094098135829
7221,WMI,1287,1700,300,136,2.788295343035918e-13,5.88418203051333e-15,0.06717318296432495
7222,DI,1287,1700,300,137,1.6567894244477882e-13,5.551115123125783e-15,0.09444826492108405
7223,WMI,1287,1700,300,137,2.788295343035918e-13,5.88418203051333e-15,0.06821073708124459
7224,DI,1287,1700,300,138,1.6567894244477882e-13,5.551115123125783e-15,0.09814156009815633
7225,WMI,1287,1700,300,138,2.788295343035918e-13,5.88418203051333e-15,0.06807942898012698
7226,DI,1287,1700,300,139,1.6567894244477882e-13,5.551115123125783e-15,0.09395519318059087
7227,WMI,1287,1700,300,139,2.788295343035918e-13,5.88418203051333e-15,0.06804274907335639
7228,DI,1287,1700,300,140,1.6567894244477882e-13,5.551115123125783e-15,0.0959689230658114
7229,WMI,1287,1700,300,140,2.788295343035918e-13,5.88418203051333e-15,0.06818294711410999
7230,DI,1287,1700,300,141,1.6567894244477882e-13,5.551115123125783e-15,0.09568365686573088
7231,WMI,1287,1700,300,141,2.788295343035918e-13,5.88418203051333e-15,0.06802233913913369
7232,DI,1287,1700,300,142,1.6567894244477882e-13,5.551115123125783e-15,0.09482142003253102
7233,WMI,1287,1700,300,142,2.788295343035918e-13,5.88418203051333e-15,0.06874481891281903
7234,DI,1287,1700,300,143,1.6567894244477882e-13,5.551115123125783e-15,0.09594539296813309
7235,WMI,1287,1700,300,143,2.788295343035918e-13,5.88418203051333e-15,0.06817170698195696
7236,DI,1287,1700,300,144,1.6567894244477882e-13,5.551115123125783e-15,0.09550867904908955
7237,WMI,1287,1700,300,144,2.788295343035918e-13,5.88418203051333e-15,0.06816036812961102
7238,DI,1287,1700,300,145,1.6567894244477882e-13,5.551115123125783e-15,0.0960434409789741
7239,WMI,1287,1700,300,145,2.788295343035918e-13,5.88418203051333e-15,0.0682468069717288
7240,DI,1287,1700,300,146,1.6567894244477882e-13,5.551115123125783e-15,0.0949134489055723
7241,WMI,1287,1700,300,146,2.788295343035918e-13,5.88418203051333e-15,0.06786323222331703
7242,DI,1287,1700,300,147,1.6567894244477882e-13,5.551115123125783e-15,0.0956936061847955
7243,WMI,1287,1700,300,147,2.788295343035918e-13,5.88418203051333e-15,0.06924207089468837
7244,DI,1287,1700,300,148,1.6567894244477882e-13,5.551115123125783e-15,0.09622790804132819
7245,WMI,1287,1700,300,148,2.788295343035918e-13,5.88418203051333e-15,0.06782042304985225
7246,DI,1287,1700,300,149,1.6567894244477882e-13,5.551115123125783e-15,0.09596093301661313
7247,WMI,1287,1700,300,149,2.788295343035918e-13,5.88418203051333e-15,0.0681778269354254
7248,DI,1287,1700,300,150,1.6567894244477882e-13,5.551115123125783e-15,0.0956646369304508
7249,WMI,1287,1700,300,150,2.788295343035918e-13,5.88418203051333e-15,0.06760177598334849
7250,DI,1287,1700,300,151,1.6567894244477882e-13,5.551115123125783e-15,0.09696672693826258
7251,WMI,1287,1700,300,151,2.788295343035918e-13,5.88418203051333e-15,0.06817961693741381
7252,DI,1287,1700,300,152,1.6567894244477882e-13,5.551115123125783e-15,0.09435597690753639
7253,WMI,1287,1700,300,152,2.788295343035918e-13,5.88418203051333e-15,0.06753959786146879
7254,DI,1287,1700,300,153,1.6567894244477882e-13,5.551115123125783e-15,0.09321654494851828
7255,WMI,1287,1700,300,153,2.788295343035918e-13,5.88418203051333e-15,0.06692405603826046
7256,DI,1287,1700,300,154,1.6567894244477882e-13,5.551115123125783e-15,0.09332077298313379
7257,WMI,1287,1700,300,154,2.788295343035918e-13,5.88418203051333e-15,0.06627085688523948
7258,DI,1287,1700,300,155,1.6567894244477882e-13,5.551115123125783e-15,0.09279900090768933
7259,WMI,1287,1700,300,155,2.788295343035918e-13,5.88418203051333e-15,0.06813061819411814
7260,DI,1287,1700,300,156,1.6567894244477882e-13,5.551115123125783e-15,0.09239818691276014
7261,WMI,1287,1700,300,156,2.788295343035918e-13,5.88418203051333e-15,0.06676787883043289
7262,DI,1287,1700,300,157,1.6567894244477882e-13,5.551115123125783e-15,0.09252363489940763
7263,WMI,1287,1700,300,157,2.788295343035918e-13,5.88418203051333e-15,0.06717333314009011
7264,DI,1287,1700,300,158,1.6567894244477882e-13,5.551115123125783e-15,0.09329172316938639
7265,WMI,1287,1700,300,158,2.788295343035918e-13,5.88418203051333e-15,0.06749365804716945
7266,DI,1287,1700,300,159,1.6567894244477882e-13,5.551115123125783e-15,0.09299521800130606
7267,WMI,1287,1700,300,159,2.788295343035918e-13,5.88418203051333e-15,0.06653297296725214
7268,DI,1287,1700,300,160,1.6567894244477882e-13,5.551115123125783e-15,0.0925427449401468
7269,WMI,1287,1700,300,160,2.788295343035918e-13,5.88418203051333e-15,0.0667516989633441
7270,DI,1287,1700,300,161,1.6567894244477882e-13,5.551115123125783e-15,0.09223017911426723
7271,WMI,1287,1700,300,161,2.788295343035918e-13,5.88418203051333e-15,0.06739509897306561
7272,DI,1287,1700,300,162,1.6567894244477882e-13,5.551115123125783e-15,0.09166226885281503
7273,WMI,1287,1700,300,162,2.788295343035918e-13,5.88418203051333e-15,0.06723368098028004
7274,DI,1287,1700,300,163,1.6567894244477882e-13,5.551115123125783e-15,0.09349095006473362
7275,WMI,1287,1700,300,163,2.788295343035918e-13,5.88418203051333e-15,0.06652318313717842
7276,DI,1287,1700,300,164,1.6567894244477882e-13,5.551115123125783e-15,0.0913618728518486
7277,WMI,1287,1700,300,164,2.788295343035918e-13,5.88418203051333e-15,0.06684255786240101
7278,DI,1287,1700,300,165,1.6567894244477882e-13,5.551115123125783e-15,0.09257625392638147
7279,WMI,1287,1700,300,165,2.788295343035918e-13,5.88418203051333e-15,0.06585949286818504
7280,DI,1287,1700,300,166,1.6567894244477882e-13,5.551115123125783e-15,0.09326860401779413
7281,WMI,1287,1700,300,166,2.788295343035918e-13,5.88418203051333e-15,0.06655625207349658
7282,DI,1287,1700,300,167,1.6567894244477882e-13,5.551115123125783e-15,0.09240515693090856
7283,WMI,1287,1700,300,167,2.788295343035918e-13,5.88418203051333e-15,0.06661625113338232
7284,DI,1287,1700,300,168,1.6567894244477882e-13,5.551115123125783e-15,0.09234213805757463
7285,WMI,1287,1700,300,168,2.788295343035918e-13,5.88418203051333e-15,0.0663429161068052
7286,DI,1287,1700,300,169,1.6567894244477882e-13,5.551115123125783e-15,0.09480356983840466
7287,WMI,1287,1700,300,169,2.788295343035918e-13,5.88418203051333e-15,0.06684953812509775
7288,DI,1287,1700,300,170,1.6567894244477882e-13,5.551115123125783e-15,0.09371397690847516
7289,WMI,1287,1700,300,170,2.788295343035918e-13,5.88418203051333e-15,0.06683004810474813
7290,DI,1287,1700,300,171,1.6567894244477882e-13,5.551115123125783e-15,0.09201596304774284
7291,WMI,1287,1700,300,171,2.788295343035918e-13,5.88418203051333e-15,0.06643511401489377
7292,DI,1287,1700,300,172,1.6567894244477882e-13,5.551115123125783e-15,0.09199827304109931
7293,WMI,1287,1700,300,172,2.788295343035918e-13,5.88418203051333e-15,0.06728713097982109
7294,DI,1287,1700,300,173,1.6567894244477882e-13,5.551115123125783e-15,0.09293822897598147
7295,WMI,1287,1700,300,173,2.788295343035918e-13,5.88418203051333e-15,0.06679071905091405
7296,DI,1287,1700,300,174,1.6567894244477882e-13,5.551115123125783e-15,0.0917987460270524
7297,WMI,1287,1700,300,174,2.788295343035918e-13,5.88418203051333e-15,0.06604162999428809
7298,DI,1287,1700,300,175,1.6567894244477882e-13,5.551115123125783e-15,0.09205718315206468
7299,WMI,1287,1700,300,175,2.788295343035918e-13,5.88418203051333e-15,0.06705823494121432
7300,DI,1287,1700,300,176,1.6567894244477882e-13,5.551115123125783e-15,0.09277849085628986
7301,WMI,1287,1700,300,176,2.788295343035918e-13,5.88418203051333e-15,0.06665890011936426
7302,DI,1287,1700,300,177,1.6567894244477882e-13,5.551115123125783e-15,0.09265936305746436
7303,WMI,1287,1700,300,177,2.788295343035918e-13,5.88418203051333e-15,0.06747765792533755
7304,DI,1287,1700,300,178,1.6567894244477882e-13,5.551115123125783e-15,0.09544073115102947
7305,WMI,1287,1700,300,178,2.788295343035918e-13,5.88418203051333e-15,0.06668095081113279
7306,DI,1287,1700,300,179,1.6567894244477882e-13,5.551115123125783e-15,0.09236504789441824
7307,WMI,1287,1700,300,179,2.788295343035918e-13,5.88418203051333e-15,0.06709551392123103
7308,DI,1287,1700,300,180,1.6567894244477882e-13,5.551115123125783e-15,0.09259180398657918
7309,WMI,1287,1700,300,180,2.788295343035918e-13,5.88418203051333e-15,0.06708020414225757
7310,DI,1287,1700,300,181,1.6567894244477882e-13,5.551115123125783e-15,0.09175756690092385
7311,WMI,1287,1700,300,181,2.788295343035918e-13,5.88418203051333e-15,0.06660051108337939
7312,DI,1287,1700,300,182,1.6567894244477882e-13,5.551115123125783e-15,0.09289635997265577
7313,WMI,1287,1700,300,182,2.788295343035918e-13,5.88418203051333e-15,0.06638940516859293
7314,DI,1287,1700,300,183,1.6567894244477882e-13,5.551115123125783e-15,0.09297565906308591
7315,WMI,1287,1700,300,183,2.788295343035918e-13,5.88418203051333e-15,0.0667165198829025
7316,DI,1287,1700,300,184,1.6567894244477882e-13,5.551115123125783e-15,0.09210262214764953
7317,WMI,1287,1700,300,184,2.788295343035918e-13,5.88418203051333e-15,0.06688410695642233
7318,DI,1287,1700,300,185,1.6567894244477882e-13,5.551115123125783e-15,0.09385342407040298
7319,WMI,1287,1700,300,185,2.788295343035918e-13,5.88418203051333e-15,0.06640055403113365
7320,DI,1287,1700,300,186,1.6567894244477882e-13,5.551115123125783e-15,0.09382588509470224
7321,WMI,1287,1700,300,186,2.788295343035918e-13,5.88418203051333e-15,0.066802938003093
7322,DI,1287,1700,300,187,1.6567894244477882e-13,5.551115123125783e-15,0.0918711251579225
7323,WMI,1287,1700,300,187,2.788295343035918e-13,5.88418203051333e-15,0.06704114400781691
7324,DI,1287,1700,300,188,1.6567894244477882e-13,5.551115123125783e-15,0.09268139186315238
7325,WMI,1287,1700,300,188,2.788295343035918e-13,5.88418203051333e-15,0.06603440106846392
7326,DI,1287,1700,300,189,1.6567894244477882e-13,5.551115123125783e-15,0.09183524595573545
7327,WMI,1287,1700,300,189,2.788295343035918e-13,5.88418203051333e-15,0.06653860304504633
7328,DI,1287,1700,300,190,1.6567894244477882e-13,5.551115123125783e-15,0.09522865316830575
7329,WMI,1287,1700,300,190,2.788295343035918e-13,5.88418203051333e-15,0.06716741295531392
7330,DI,1287,1700,300,191,1.6567894244477882e-13,5.551115123125783e-15,0.09312550607137382
7331,WMI,1287,1700,300,191,2.788295343035918e-13,5.88418203051333e-15,0.06705283396877348
7332,DI,1287,1700,300,192,1.6567894244477882e-13,5.551115123125783e-15,0.09325455408543348
7333,WMI,1287,1700,300,192,2.788295343035918e-13,5.88418203051333e-15,0.0673408699221909
7334,DI,1287,1700,300,193,1.6567894244477882e-13,5.551115123125783e-15,0.09875346021726727
7335,WMI,1287,1700,300,193,2.788295343035918e-13,5.88418203051333e-15,0.0674482078757137
7336,DI,1287,1700,300,194,1.6567894244477882e-13,5.551115123125783e-15,0.0932576940394938
7337,WMI,1287,1700,300,194,2.788295343035918e-13,5.88418203051333e-15,0.06683932710438967
7338,DI,1287,1700,300,195,1.6567894244477882e-13,5.551115123125783e-15,0.12948187999427319
7339,WMI,1287,1700,300,195,2.788295343035918e-13,5.88418203051333e-15,0.06910779303871095
7340,DI,1287,1700,300,196,1.6567894244477882e-13,5.551115123125783e-15,0.0950705660507083
7341,WMI,1287,1700,300,196,2.788295343035918e-13,5.88418203051333e-15,0.06874479912221432
7342,DI,1287,1700,300,197,1.6567894244477882e-13,5.551115123125783e-15,0.09763594693504274
7343,WMI,1287,1700,300,197,2.788295343035918e-13,5.88418203051333e-15,0.0704796020872891
7344,DI,1287,1700,300,198,1.6567894244477882e-13,5.551115123125783e-15,0.09682016889564693
7345,WMI,1287,1700,300,198,2.788295343035918e-13,5.88418203051333e-15,0.0673121300060302
7346,DI,1287,1700,300,199,1.6567894244477882e-13,5.551115123125783e-15,0.0945622141007334
7347,WMI,1287,1700,300,199,2.788295343035918e-13,5.88418203051333e-15,0.06802970007993281
7348,DI,1287,1700,300,200,1.6567894244477882e-13,5.551115123125783e-15,0.09620118886232376
7349,WMI,1287,1700,300,200,2.788295343035918e-13,5.88418203051333e-15,0.06749669811688364
7350,DI,1287,1600,400,1,1.654147934601996e-13,6.439293542825908e-15,0.09877949999645352
7351,WMI,1287,1600,400,1,4.830752418442015e-13,7.327471962526033e-15,0.09716422413475811
7352,ISM,1287,1600,400,1,210.00061553378023,1.9707330622731636,1.5508418139070272
7353,DI,1287,1600,400,2,1.654147934601996e-13,6.439293542825908e-15,0.09381546499207616
7354,WMI,1287,1600,400,2,4.830752418442015e-13,7.327471962526033e-15,0.0916091890539974
7355,ISM,1287,1600,400,2,210.00061553378023,1.9707330622731636,2.5673265708610415
7356,DI,1287,1600,400,3,1.654147934601996e-13,6.439293542825908e-15,0.09192007407546043
7357,WMI,1287,1600,400,3,4.830752418442015e-13,7.327471962526033e-15,0.08969054906629026
7358,ISM,1287,1600,400,3,210.00061553378023,1.9707330622731636,1.5386603311635554
7359,DI,1287,1600,400,4,1.654147934601996e-13,6.439293542825908e-15,0.10003637988120317
7360,WMI,1287,1600,400,4,4.830752418442015e-13,7.327471962526033e-15,0.09699753602035344
7361,ISM,1287,1600,400,4,210.00061553378023,1.9707330622731636,1.5451140529476106
7362,DI,1287,1600,400,5,1.654147934601996e-13,6.439293542825908e-15,0.09252049610950053
7363,WMI,1287,1600,400,5,4.830752418442015e-13,7.327471962526033e-15,0.09051007591187954
7364,ISM,1287,1600,400,5,210.00061553378023,1.9707330622731636,2.535632556071505
7365,DI,1287,1600,400,6,1.654147934601996e-13,6.439293542825908e-15,0.0921389409340918
7366,WMI,1287,1600,400,6,4.830752418442015e-13,7.327471962526033e-15,0.08941225288435817
7367,ISM,1287,1600,400,6,210.00061553378023,1.9707330622731636,1.5587703038472682
7368,DI,1287,1600,400,7,1.654147934601996e-13,6.439293542825908e-15,0.1015920031350106
7369,WMI,1287,1600,400,7,4.830752418442015e-13,7.327471962526033e-15,0.096986262826249
7370,ISM,1287,1600,400,7,210.00061553378023,1.9707330622731636,1.534169988008216
7371,DI,1287,1600,400,8,1.654147934601996e-13,6.439293542825908e-15,0.09220384596846998
7372,WMI,1287,1600,400,8,4.830752418442015e-13,7.327471962526033e-15,0.09005824895575643
7373,ISM,1287,1600,400,8,210.00061553378023,1.9707330622731636,2.5480494929943234
7374,DI,1287,1600,400,9,1.654147934601996e-13,6.439293542825908e-15,0.0931431909557432
7375,WMI,1287,1600,400,9,4.830752418442015e-13,7.327471962526033e-15,0.08949930709786713
7376,ISM,1287,1600,400,9,210.00061553378023,1.9707330622731636,1.5272435729857534
7377,DI,1287,1600,400,10,1.654147934601996e-13,6.439293542825908e-15,0.10052119917236269
7378,WMI,1287,1600,400,10,4.830752418442015e-13,7.327471962526033e-15,0.0992382678668946
7379,ISM,1287,1600,400,10,210.00061553378023,1.9707330622731636,1.458579232217744
7380,DI,1287,1600,400,11,1.654147934601996e-13,6.439293542825908e-15,0.092802369967103
7381,WMI,1287,1600,400,11,4.830752418442015e-13,7.327471962526033e-15,0.09000889188610017
7382,ISM,1287,1600,400,11,210.00061553378023,1.9707330622731636,2.3233926489483565
7383,DI,1287,1600,400,12,1.654147934601996e-13,6.439293542825908e-15,0.09049407509155571
7384,WMI,1287,1600,400,12,4.830752418442015e-13,7.327471962526033e-15,0.08942783111706376
7385,ISM,1287,1600,400,12,210.00061553378023,1.9707330622731636,1.4316169279627502
7386,DI,1287,1600,400,13,1.654147934601996e-13,6.439293542825908e-15,0.10025462508201599
7387,WMI,1287,1600,400,13,4.830752418442015e-13,7.327471962526033e-15,0.0957173639908433
7388,ISM,1287,1600,400,13,210.00061553378023,1.9707330622731636,1.4118473620619625
7389,DI,1287,1600,400,14,1.654147934601996e-13,6.439293542825908e-15,0.09001393197104335
7390,WMI,1287,1600,400,14,4.830752418442015e-13,7.327471962526033e-15,0.08976439596153796
7391,ISM,1287,1600,400,14,210.00061553378023,1.9707330622731636,2.4759883049409837
7392,DI,1287,1600,400,15,1.654147934601996e-13,6.439293542825908e-15,0.09204266080632806
7393,WMI,1287,1600,400,15,4.830752418442015e-13,7.327471962526033e-15,0.09022863884456456
7394,ISM,1287,1600,400,15,210.00061553378023,1.9707330622731636,1.4910811411682516
7395,DI,1287,1600,400,16,1.654147934601996e-13,6.439293542825908e-15,0.10116979014128447
7396,WMI,1287,1600,400,16,4.830752418442015e-13,7.327471962526033e-15,0.09803120791912079
7397,ISM,1287,1600,400,16,210.00061553378023,1.9707330622731636,1.490021366858855
7398,DI,1287,1600,400,17,1.654147934601996e-13,6.439293542825908e-15,0.09284774796105921
7399,WMI,1287,1600,400,17,4.830752418442015e-13,7.327471962526033e-15,0.09079907997511327
7400,ISM,1287,1600,400,17,210.00061553378023,1.9707330622731636,2.4572489641141146
7401,DI,1287,1600,400,18,1.654147934601996e-13,6.439293542825908e-15,0.09047707496210933
7402,WMI,1287,1600,400,18,4.830752418442015e-13,7.327471962526033e-15,0.09037685603834689
7403,ISM,1287,1600,400,18,210.00061553378023,1.9707330622731636,1.4262819699943066
7404,DI,1287,1600,400,19,1.654147934601996e-13,6.439293542825908e-15,0.0988409558776766
7405,WMI,1287,1600,400,19,4.830752418442015e-13,7.327471962526033e-15,0.09536302997730672
7406,ISM,1287,1600,400,19,210.00061553378023,1.9707330622731636,1.4260325729846954
7407,DI,1287,1600,400,20,1.654147934601996e-13,6.439293542825908e-15,0.09061889303848147
7408,WMI,1287,1600,400,20,4.830752418442015e-13,7.327471962526033e-15,0.08934938302263618
7409,ISM,1287,1600,400,20,210.00061553378023,1.9707330622731636,2.396422883030027
7410,DI,1287,1600,400,21,1.654147934601996e-13,6.439293542825908e-15,0.08982341503724456
7411,WMI,1287,1600,400,21,4.830752418442015e-13,7.327471962526033e-15,0.08897693804465234
7412,ISM,1287,1600,400,21,210.00061553378023,1.9707330622731636,1.424804652808234
7413,DI,1287,1600,400,22,1.654147934601996e-13,6.439293542825908e-15,0.09893400594592094
7414,WMI,1287,1600,400,22,4.830752418442015e-13,7.327471962526033e-15,0.09648008202202618
7415,ISM,1287,1600,400,22,210.00061553378023,1.9707330622731636,1.4360933389980346
7416,DI,1287,1600,400,23,1.654147934601996e-13,6.439293542825908e-15,0.09080402995459735
7417,WMI,1287,1600,400,23,4.830752418442015e-13,7.327471962526033e-15,0.08926971419714391
7418,ISM,1287,1600,400,23,210.00061553378023,1.9707330622731636,2.4606084139086306
7419,DI,1287,1600,400,24,1.654147934601996e-13,6.439293542825908e-15,0.09505087486468256
7420,WMI,1287,1600,400,24,4.830752418442015e-13,7.327471962526033e-15,0.0915760591160506
7421,ISM,1287,1600,400,24,210.00061553378023,1.9707330622731636,1.5015733989421278
7422,DI,1287,1600,400,25,1.654147934601996e-13,6.439293542825908e-15,0.10200071800500154
7423,WMI,1287,1600,400,25,4.830752418442015e-13,7.327471962526033e-15,0.0979628087952733
7424,ISM,1287,1600,400,25,210.00061553378023,1.9707330622731636,1.4700258048251271
7425,DI,1287,1600,400,26,1.654147934601996e-13,6.439293542825908e-15,0.09088907903060317
7426,WMI,1287,1600,400,26,4.830752418442015e-13,7.327471962526033e-15,0.09021661896258593
7427,ISM,1287,1600,400,26,210.00061553378023,1.9707330622731636,2.380200791871175
7428,DI,1287,1600,400,27,1.654147934601996e-13,6.439293542825908e-15,0.09101482690311968
7429,WMI,1287,1600,400,27,4.830752418442015e-13,7.327471962526033e-15,0.08941650204360485
7430,ISM,1287,1600,400,27,210.00061553378023,1.9707330622731636,1.4364674729295075
7431,DI,1287,1600,400,28,1.654147934601996e-13,6.439293542825908e-15,0.10113161103799939
7432,WMI,1287,1600,400,28,4.830752418442015e-13,7.327471962526033e-15,0.0976444841362536
7433,ISM,1287,1600,400,28,210.00061553378023,1.9707330622731636,1.4453563650604337
7434,DI,1287,1600,400,29,1.654147934601996e-13,6.439293542825908e-15,0.09020109008997679
7435,WMI,1287,1600,400,29,4.830752418442015e-13,7.327471962526033e-15,0.09076838078908622
7436,ISM,1287,1600,400,29,210.00061553378023,1.9707330622731636,2.36939830891788
7437,DI,1287,1600,400,30,1.654147934601996e-13,6.439293542825908e-15,0.08982196496799588
7438,WMI,1287,1600,400,30,4.830752418442015e-13,7.327471962526033e-15,0.08941867086105049
7439,ISM,1287,1600,400,30,210.00061553378023,1.9707330622731636,1.4374762170482427
7440,DI,1287,1600,400,31,1.654147934601996e-13,6.439293542825908e-15,0.10147298593074083
7441,WMI,1287,1600,400,31,4.830752418442015e-13,7.327471962526033e-15,0.09878621599636972
7442,ISM,1287,1600,400,31,210.00061553378023,1.9707330622731636,1.4989209689665586
7443,DI,1287,1600,400,32,1.654147934601996e-13,6.439293542825908e-15,0.093164823949337
7444,WMI,1287,1600,400,32,4.830752418442015e-13,7.327471962526033e-15,0.0921383190434426
7445,ISM,1287,1600,400,32,210.00061553378023,1.9707330622731636,2.53092249808833
7446,DI,1287,1600,400,33,1.654147934601996e-13,6.439293542825908e-15,0.09293937683105469
7447,WMI,1287,1600,400,33,4.830752418442015e-13,7.327471962526033e-15,0.0912822731770575
7448,ISM,1287,1600,400,33,210.00061553378023,1.9707330622731636,1.496790765086189
7449,DI,1287,1600,400,34,1.654147934601996e-13,6.439293542825908e-15,0.09878936409950256
7450,WMI,1287,1600,400,34,4.830752418442015e-13,7.327471962526033e-15,0.09788127802312374
7451,ISM,1287,1600,400,34,210.00061553378023,1.9707330622731636,1.4408233149442822
7452,DI,1287,1600,400,35,1.654147934601996e-13,6.439293542825908e-15,0.09087156597524881
7453,WMI,1287,1600,400,35,4.830752418442015e-13,7.327471962526033e-15,0.0899605699814856
7454,ISM,1287,1600,400,35,210.00061553378023,1.9707330622731636,2.3700882780831307
7455,DI,1287,1600,400,36,1.654147934601996e-13,6.439293542825908e-15,0.09020340605638921
7456,WMI,1287,1600,400,36,4.830752418442015e-13,7.327471962526033e-15,0.08998157898895442
7457,ISM,1287,1600,400,36,210.00061553378023,1.9707330622731636,1.445411043940112
7458,DI,1287,1600,400,37,1.654147934601996e-13,6.439293542825908e-15,0.09983472898602486
7459,WMI,1287,1600,400,37,4.830752418442015e-13,7.327471962526033e-15,0.09654327901080251
7460,ISM,1287,1600,400,37,210.00061553378023,1.9707330622731636,1.4366331989876926
7461,DI,1287,1600,400,38,1.654147934601996e-13,6.439293542825908e-15,0.09060729993507266
7462,WMI,1287,1600,400,38,4.830752418442015e-13,7.327471962526033e-15,0.08928946009837091
7463,ISM,1287,1600,400,38,210.00061553378023,1.9707330622731636,2.397220321930945
7464,DI,1287,1600,400,39,1.654147934601996e-13,6.439293542825908e-15,0.09066825895570219
7465,WMI,1287,1600,400,39,4.830752418442015e-13,7.327471962526033e-15,0.09128053905442357
7466,ISM,1287,1600,400,39,210.00061553378023,1.9707330622731636,1.5039968388155103
7467,DI,1287,1600,400,40,1.654147934601996e-13,6.439293542825908e-15,0.10411591082811356
7468,WMI,1287,1600,400,40,4.830752418442015e-13,7.327471962526033e-15,0.09868086385540664
7469,ISM,1287,1600,400,40,210.00061553378023,1.9707330622731636,1.453608966898173
7470,DI,1287,1600,400,41,1.654147934601996e-13,6.439293542825908e-15,0.09103663312271237
7471,WMI,1287,1600,400,41,4.830752418442015e-13,7.327471962526033e-15,0.08890964603051543
7472,ISM,1287,1600,400,41,210.00061553378023,1.9707330622731636,2.369209212018177
7473,DI,1287,1600,400,42,1.654147934601996e-13,6.439293542825908e-15,0.09092705394141376
7474,WMI,1287,1600,400,42,4.830752418442015e-13,7.327471962526033e-15,0.0899842579383403
7475,ISM,1287,1600,400,42,210.00061553378023,1.9707330622731636,1.4366991580463946
7476,DI,1287,1600,400,43,1.654147934601996e-13,6.439293542825908e-15,0.10015116189606488
7477,WMI,1287,1600,400,43,4.830752418442015e-13,7.327471962526033e-15,0.09741589380428195
7478,ISM,1287,1600,400,43,210.00061553378023,1.9707330622731636,1.427077627973631
7479,DI,1287,1600,400,44,1.654147934601996e-13,6.439293542825908e-15,0.09070415701717138
7480,WMI,1287,1600,400,44,4.830752418442015e-13,7.327471962526033e-15,0.08998980885371566
7481,ISM,1287,1600,400,44,210.00061553378023,1.9707330622731636,2.361216044984758
7482,DI,1287,1600,400,45,1.654147934601996e-13,6.439293542825908e-15,0.08975280192680657
7483,WMI,1287,1600,400,45,4.830752418442015e-13,7.327471962526033e-15,0.09060682007111609
7484,ISM,1287,1600,400,45,210.00061553378023,1.9707330622731636,1.470664402935654
7485,DI,1287,1600,400,46,1.654147934601996e-13,6.439293542825908e-15,0.10042413719929755
7486,WMI,1287,1600,400,46,4.830752418442015e-13,7.327471962526033e-15,0.09927596501074731
7487,ISM,1287,1600,400,46,210.00061553378023,1.9707330622731636,1.4736092879902571
7488,DI,1287,1600,400,47,1.654147934601996e-13,6.439293542825908e-15,0.09142202697694302
7489,WMI,1287,1600,400,47,4.830752418442015e-13,7.327471962526033e-15,0.08937755785882473
7490,ISM,1287,1600,400,47,210.00061553378023,1.9707330622731636,2.3593081750441343
7491,DI,1287,1600,400,48,1.654147934601996e-13,6.439293542825908e-15,0.09105753200128675
7492,WMI,1287,1600,400,48,4.830752418442015e-13,7.327471962526033e-15,0.0895506760571152
7493,ISM,1287,1600,400,48,210.00061553378023,1.9707330622731636,1.4276828079018742
7494,DI,1287,1600,400,49,1.654147934601996e-13,6.439293542825908e-15,0.09852139698341489
7495,WMI,1287,1600,400,49,4.830752418442015e-13,7.327471962526033e-15,0.09635257115587592
7496,ISM,1287,1600,400,49,210.00061553378023,1.9707330622731636,1.4346981791313738
7497,DI,1287,1600,400,50,1.654147934601996e-13,6.439293542825908e-15,0.0903404529672116
7498,WMI,1287,1600,400,50,4.830752418442015e-13,7.327471962526033e-15,0.09069380792789161
7499,ISM,1287,1600,400,50,210.00061553378023,1.9707330622731636,2.3612068959046155
7500,DI,1287,1600,400,51,1.654147934601996e-13,6.439293542825908e-15,0.0906707679387182
7501,WMI,1287,1600,400,51,4.830752418442015e-13,7.327471962526033e-15,0.08844673191197217
7502,DI,1287,1600,400,52,1.654147934601996e-13,6.439293542825908e-15,0.08970991289243102
7503,WMI,1287,1600,400,52,4.830752418442015e-13,7.327471962526033e-15,0.08887435588985682
7504,DI,1287,1600,400,53,1.654147934601996e-13,6.439293542825908e-15,0.08899172395467758
7505,WMI,1287,1600,400,53,4.830752418442015e-13,7.327471962526033e-15,0.08997499896213412
7506,DI,1287,1600,400,54,1.654147934601996e-13,6.439293542825908e-15,0.08820002689026296
7507,WMI,1287,1600,400,54,4.830752418442015e-13,7.327471962526033e-15,0.08797643007710576
7508,DI,1287,1600,400,55,1.654147934601996e-13,6.439293542825908e-15,0.0884074738714844
7509,WMI,1287,1600,400,55,4.830752418442015e-13,7.327471962526033e-15,0.088224375853315
7510,DI,1287,1600,400,56,1.654147934601996e-13,6.439293542825908e-15,0.09010688704438508
7511,WMI,1287,1600,400,56,4.830752418442015e-13,7.327471962526033e-15,0.09126836899667978
7512,DI,1287,1600,400,57,1.654147934601996e-13,6.439293542825908e-15,0.09231719304807484
7513,WMI,1287,1600,400,57,4.830752418442015e-13,7.327471962526033e-15,0.09075616602785885
7514,DI,1287,1600,400,58,1.654147934601996e-13,6.439293542825908e-15,0.09155356488190591
7515,WMI,1287,1600,400,58,4.830752418442015e-13,7.327471962526033e-15,0.09077893593348563
7516,DI,1287,1600,400,59,1.654147934601996e-13,6.439293542825908e-15,0.09111846215091646
7517,WMI,1287,1600,400,59,4.830752418442015e-13,7.327471962526033e-15,0.09070082707330585
7518,DI,1287,1600,400,60,1.654147934601996e-13,6.439293542825908e-15,0.09103373205289245
7519,WMI,1287,1600,400,60,4.830752418442015e-13,7.327471962526033e-15,0.09088694397360086
7520,DI,1287,1600,400,61,1.654147934601996e-13,6.439293542825908e-15,0.09057611902244389
7521,WMI,1287,1600,400,61,4.830752418442015e-13,7.327471962526033e-15,0.09052774007432163
7522,DI,1287,1600,400,62,1.654147934601996e-13,6.439293542825908e-15,0.09071529796347022
7523,WMI,1287,1600,400,62,4.830752418442015e-13,7.327471962526033e-15,0.09117349004372954
7524,DI,1287,1600,400,63,1.654147934601996e-13,6.439293542825908e-15,0.09105735295452178
7525,WMI,1287,1600,400,63,4.830752418442015e-13,7.327471962526033e-15,0.09018656588159502
7526,DI,1287,1600,400,64,1.654147934601996e-13,6.439293542825908e-15,0.09130624891258776
7527,WMI,1287,1600,400,64,4.830752418442015e-13,7.327471962526033e-15,0.09043120197020471
7528,DI,1287,1600,400,65,1.654147934601996e-13,6.439293542825908e-15,0.09075052686966956
7529,WMI,1287,1600,400,65,4.830752418442015e-13,7.327471962526033e-15,0.0898690011817962
7530,DI,1287,1600,400,66,1.654147934601996e-13,6.439293542825908e-15,0.09073390695266426
7531,WMI,1287,1600,400,66,4.830752418442015e-13,7.327471962526033e-15,0.09012901689857244
7532,DI,1287,1600,400,67,1.654147934601996e-13,6.439293542825908e-15,0.08784165210090578
7533,WMI,1287,1600,400,67,4.830752418442015e-13,7.327471962526033e-15,0.0898933510761708
7534,DI,1287,1600,400,68,1.654147934601996e-13,6.439293542825908e-15,0.08969940291717649
7535,WMI,1287,1600,400,68,4.830752418442015e-13,7.327471962526033e-15,0.08859288995154202
7536,DI,1287,1600,400,69,1.654147934601996e-13,6.439293542825908e-15,0.08925312012434006
7537,WMI,1287,1600,400,69,4.830752418442015e-13,7.327471962526033e-15,0.09029866405762732
7538,DI,1287,1600,400,70,1.654147934601996e-13,6.439293542825908e-15,0.08780436287634075
7539,WMI,1287,1600,400,70,4.830752418442015e-13,7.327471962526033e-15,0.08953073620796204
7540,DI,1287,1600,400,71,1.654147934601996e-13,6.439293542825908e-15,0.08923261100426316
7541,WMI,1287,1600,400,71,4.830752418442015e-13,7.327471962526033e-15,0.0881958871614188
7542,DI,1287,1600,400,72,1.654147934601996e-13,6.439293542825908e-15,0.08730071107856929
7543,WMI,1287,1600,400,72,4.830752418442015e-13,7.327471962526033e-15,0.0886074099689722
7544,DI,1287,1600,400,73,1.654147934601996e-13,6.439293542825908e-15,0.08779808296822011
7545,WMI,1287,1600,400,73,4.830752418442015e-13,7.327471962526033e-15,0.08848998206667602
7546,DI,1287,1600,400,74,1.654147934601996e-13,6.439293542825908e-15,0.08803060906939209
7547,WMI,1287,1600,400,74,4.830752418442015e-13,7.327471962526033e-15,0.08944905712269247
7548,DI,1287,1600,400,75,1.654147934601996e-13,6.439293542825908e-15,0.09144060593098402
7549,WMI,1287,1600,400,75,4.830752418442015e-13,7.327471962526033e-15,0.09119542990811169
7550,DI,1287,1600,400,76,1.654147934601996e-13,6.439293542825908e-15,0.08874897798523307
7551,WMI,1287,1600,400,76,4.830752418442015e-13,7.327471962526033e-15,0.08852938213385642
7552,DI,1287,1600,400,77,1.654147934601996e-13,6.439293542825908e-15,0.08929202007129788
7553,WMI,1287,1600,400,77,4.830752418442015e-13,7.327471962526033e-15,0.08874104800634086
7554,DI,1287,1600,400,78,1.654147934601996e-13,6.439293542825908e-15,0.08903321297839284
7555,WMI,1287,1600,400,78,4.830752418442015e-13,7.327471962526033e-15,0.0892462800256908
7556,DI,1287,1600,400,79,1.654147934601996e-13,6.439293542825908e-15,0.08788024098612368
7557,WMI,1287,1600,400,79,4.830752418442015e-13,7.327471962526033e-15,0.08854335104115307
7558,DI,1287,1600,400,80,1.654147934601996e-13,6.439293542825908e-15,0.08830371499061584
7559,WMI,1287,1600,400,80,4.830752418442015e-13,7.327471962526033e-15,0.08880744711495936
7560,DI,1287,1600,400,81,1.654147934601996e-13,6.439293542825908e-15,0.08932452904991806
7561,WMI,1287,1600,400,81,4.830752418442015e-13,7.327471962526033e-15,0.08902914309874177
7562,DI,1287,1600,400,82,1.654147934601996e-13,6.439293542825908e-15,0.08734149904921651
7563,WMI,1287,1600,400,82,4.830752418442015e-13,7.327471962526033e-15,0.08945855684578419
7564,DI,1287,1600,400,83,1.654147934601996e-13,6.439293542825908e-15,0.08768001501448452
7565,WMI,1287,1600,400,83,4.830752418442015e-13,7.327471962526033e-15,0.08856960106641054
7566,DI,1287,1600,400,84,1.654147934601996e-13,6.439293542825908e-15,0.08813188713975251
7567,WMI,1287,1600,400,84,4.830752418442015e-13,7.327471962526033e-15,0.08826903509907424
7568,DI,1287,1600,400,85,1.654147934601996e-13,6.439293542825908e-15,0.08791536116041243
7569,WMI,1287,1600,400,85,4.830752418442015e-13,7.327471962526033e-15,0.08939037821255624
7570,DI,1287,1600,400,86,1.654147934601996e-13,6.439293542825908e-15,0.09067981806583703
7571,WMI,1287,1600,400,86,4.830752418442015e-13,7.327471962526033e-15,0.09052953100763261
7572,DI,1287,1600,400,87,1.654147934601996e-13,6.439293542825908e-15,0.08993750996887684
7573,WMI,1287,1600,400,87,4.830752418442015e-13,7.327471962526033e-15,0.0910748119931668
7574,DI,1287,1600,400,88,1.654147934601996e-13,6.439293542825908e-15,0.09082305594347417
7575,WMI,1287,1600,400,88,4.830752418442015e-13,7.327471962526033e-15,0.09043603087775409
7576,DI,1287,1600,400,89,1.654147934601996e-13,6.439293542825908e-15,0.0899027599953115
7577,WMI,1287,1600,400,89,4.830752418442015e-13,7.327471962526033e-15,0.09010813711211085
7578,DI,1287,1600,400,90,1.654147934601996e-13,6.439293542825908e-15,0.0901783260051161
7579,WMI,1287,1600,400,90,4.830752418442015e-13,7.327471962526033e-15,0.09027839382179081
7580,DI,1287,1600,400,91,1.654147934601996e-13,6.439293542825908e-15,0.0901273270137608
7581,WMI,1287,1600,400,91,4.830752418442015e-13,7.327471962526033e-15,0.09019494615495205
7582,DI,1287,1600,400,92,1.654147934601996e-13,6.439293542825908e-15,0.08983795088715851
7583,WMI,1287,1600,400,92,4.830752418442015e-13,7.327471962526033e-15,0.0894358369987458
7584,DI,1287,1600,400,93,1.654147934601996e-13,6.439293542825908e-15,0.090579470153898
7585,WMI,1287,1600,400,93,4.830752418442015e-13,7.327471962526033e-15,0.0894795770291239
7586,DI,1287,1600,400,94,1.654147934601996e-13,6.439293542825908e-15,0.09042147197760642
7587,WMI,1287,1600,400,94,4.830752418442015e-13,7.327471962526033e-15,0.09067888814024627
7588,DI,1287,1600,400,95,1.654147934601996e-13,6.439293542825908e-15,0.09008022677153349
7589,WMI,1287,1600,400,95,4.830752418442015e-13,7.327471962526033e-15,0.09053503000177443
7590,DI,1287,1600,400,96,1.654147934601996e-13,6.439293542825908e-15,0.08951683598570526
7591,WMI,1287,1600,400,96,4.830752418442015e-13,7.327471962526033e-15,0.08975891210138798
7592,DI,1287,1600,400,97,1.654147934601996e-13,6.439293542825908e-15,0.08941304800100625
7593,WMI,1287,1600,400,97,4.830752418442015e-13,7.327471962526033e-15,0.0903104639146477
7594,DI,1287,1600,400,98,1.654147934601996e-13,6.439293542825908e-15,0.0901557959150523
7595,WMI,1287,1600,400,98,4.830752418442015e-13,7.327471962526033e-15,0.08958101505413651
7596,DI,1287,1600,400,99,1.654147934601996e-13,6.439293542825908e-15,0.08992890012450516
7597,WMI,1287,1600,400,99,4.830752418442015e-13,7.327471962526033e-15,0.09057716000825167
7598,DI,1287,1600,400,100,1.654147934601996e-13,6.439293542825908e-15,0.0908555150963366
7599,WMI,1287,1600,400,100,4.830752418442015e-13,7.327471962526033e-15,0.0901189660653472
7600,DI,1287,1600,400,101,1.654147934601996e-13,6.439293542825908e-15,0.08957775495946407
7601,WMI,1287,1600,400,101,4.830752418442015e-13,7.327471962526033e-15,0.09005865710787475
7602,DI,1287,1600,400,102,1.654147934601996e-13,6.439293542825908e-15,0.09056276082992554
7603,WMI,1287,1600,400,102,4.830752418442015e-13,7.327471962526033e-15,0.09044752107001841
7604,DI,1287,1600,400,103,1.654147934601996e-13,6.439293542825908e-15,0.0904020220041275
7605,WMI,1287,1600,400,103,4.830752418442015e-13,7.327471962526033e-15,0.0899793989956379
7606,DI,1287,1600,400,104,1.654147934601996e-13,6.439293542825908e-15,0.09034273284487426
7607,WMI,1287,1600,400,104,4.830752418442015e-13,7.327471962526033e-15,0.09101195214316249
7608,DI,1287,1600,400,105,1.654147934601996e-13,6.439293542825908e-15,0.08942459709942341
7609,WMI,1287,1600,400,105,4.830752418442015e-13,7.327471962526033e-15,0.09028796292841434
7610,DI,1287,1600,400,106,1.654147934601996e-13,6.439293542825908e-15,0.09016144508495927
7611,WMI,1287,1600,400,106,4.830752418442015e-13,7.327471962526033e-15,0.09040999109856784
7612,DI,1287,1600,400,107,1.654147934601996e-13,6.439293542825908e-15,0.0911510200239718
7613,WMI,1287,1600,400,107,4.830752418442015e-13,7.327471962526033e-15,0.08966399310156703
7614,DI,1287,1600,400,108,1.654147934601996e-13,6.439293542825908e-15,0.09029725403524935
7615,WMI,1287,1600,400,108,4.830752418442015e-13,7.327471962526033e-15,0.08998122811317444
7616,DI,1287,1600,400,109,1.654147934601996e-13,6.439293542825908e-15,0.0900329970754683
7617,WMI,1287,1600,400,109,4.830752418442015e-13,7.327471962526033e-15,0.08988158917054534
7618,DI,1287,1600,400,110,1.654147934601996e-13,6.439293542825908e-15,0.09088277397677302
7619,WMI,1287,1600,400,110,4.830752418442015e-13,7.327471962526033e-15,0.09026403399184346
7620,DI,1287,1600,400,111,1.654147934601996e-13,6.439293542825908e-15,0.09033426293171942
7621,WMI,1287,1600,400,111,4.830752418442015e-13,7.327471962526033e-15,0.08975607110187411
7622,DI,1287,1600,400,112,1.654147934601996e-13,6.439293542825908e-15,0.09092782414518297
7623,WMI,1287,1600,400,112,4.830752418442015e-13,7.327471962526033e-15,0.08995233778841794
7624,DI,1287,1600,400,113,1.654147934601996e-13,6.439293542825908e-15,0.09030794305726886
7625,WMI,1287,1600,400,113,4.830752418442015e-13,7.327471962526033e-15,0.08973526186309755
7626,DI,1287,1600,400,114,1.654147934601996e-13,6.439293542825908e-15,0.08846100093796849
7627,WMI,1287,1600,400,114,4.830752418442015e-13,7.327471962526033e-15,0.08907478209584951
7628,DI,1287,1600,400,115,1.654147934601996e-13,6.439293542825908e-15,0.08946456597186625
7629,WMI,1287,1600,400,115,4.830752418442015e-13,7.327471962526033e-15,0.08880202705040574
7630,DI,1287,1600,400,116,1.654147934601996e-13,6.439293542825908e-15,0.08893522503785789
7631,WMI,1287,1600,400,116,4.830752418442015e-13,7.327471962526033e-15,0.08942014700733125
7632,DI,1287,1600,400,117,1.654147934601996e-13,6.439293542825908e-15,0.08880811603739858
7633,WMI,1287,1600,400,117,4.830752418442015e-13,7.327471962526033e-15,0.08959353412501514
7634,DI,1287,1600,400,118,1.654147934601996e-13,6.439293542825908e-15,0.08796340902335942
7635,WMI,1287,1600,400,118,4.830752418442015e-13,7.327471962526033e-15,0.08835561294108629
7636,DI,1287,1600,400,119,1.654147934601996e-13,6.439293542825908e-15,0.08800089894793928
7637,WMI,1287,1600,400,119,4.830752418442015e-13,7.327471962526033e-15,0.08877388713881373
7638,DI,1287,1600,400,120,1.654147934601996e-13,6.439293542825908e-15,0.08913169102743268
7639,WMI,1287,1600,400,120,4.830752418442015e-13,7.327471962526033e-15,0.08887986605986953
7640,DI,1287,1600,400,121,1.654147934601996e-13,6.439293542825908e-15,0.08759845490567386
7641,WMI,1287,1600,400,121,4.830752418442015e-13,7.327471962526033e-15,0.08884928608313203
7642,DI,1287,1600,400,122,1.654147934601996e-13,6.439293542825908e-15,0.08841452281922102
7643,WMI,1287,1600,400,122,4.830752418442015e-13,7.327471962526033e-15,0.0881386969704181
7644,DI,1287,1600,400,123,1.654147934601996e-13,6.439293542825908e-15,0.08830991387367249
7645,WMI,1287,1600,400,123,4.830752418442015e-13,7.327471962526033e-15,0.08937404700554907
7646,DI,1287,1600,400,124,1.654147934601996e-13,6.439293542825908e-15,0.08899025316350162
7647,WMI,1287,1600,400,124,4.830752418442015e-13,7.327471962526033e-15,0.08882559603080153
7648,DI,1287,1600,400,125,1.654147934601996e-13,6.439293542825908e-15,0.08848445094190538
7649,WMI,1287,1600,400,125,4.830752418442015e-13,7.327471962526033e-15,0.08784663095138967
7650,DI,1287,1600,400,126,1.654147934601996e-13,6.439293542825908e-15,0.0902709539514035
7651,WMI,1287,1600,400,126,4.830752418442015e-13,7.327471962526033e-15,0.09016171586699784
7652,DI,1287,1600,400,127,1.654147934601996e-13,6.439293542825908e-15,0.08895474392920732
7653,WMI,1287,1600,400,127,4.830752418442015e-13,7.327471962526033e-15,0.08927251887507737
7654,DI,1287,1600,400,128,1.654147934601996e-13,6.439293542825908e-15,0.08869253797456622
7655,WMI,1287,1600,400,128,4.830752418442015e-13,7.327471962526033e-15,0.08883785619400442
7656,DI,1287,1600,400,129,1.654147934601996e-13,6.439293542825908e-15,0.08961770287714899
7657,WMI,1287,1600,400,129,4.830752418442015e-13,7.327471962526033e-15,0.08904070197604597
7658,DI,1287,1600,400,130,1.654147934601996e-13,6.439293542825908e-15,0.08920880011282861
7659,WMI,1287,1600,400,130,4.830752418442015e-13,7.327471962526033e-15,0.08983388100750744
7660,DI,1287,1600,400,131,1.654147934601996e-13,6.439293542825908e-15,0.0875783150549978
7661,WMI,1287,1600,400,131,4.830752418442015e-13,7.327471962526033e-15,0.08881565486080945
7662,DI,1287,1600,400,132,1.654147934601996e-13,6.439293542825908e-15,0.08919636998325586
7663,WMI,1287,1600,400,132,4.830752418442015e-13,7.327471962526033e-15,0.08912005182355642
7664,DI,1287,1600,400,133,1.654147934601996e-13,6.439293542825908e-15,0.08861333900131285
7665,WMI,1287,1600,400,133,4.830752418442015e-13,7.327471962526033e-15,0.08866982790641487
7666,DI,1287,1600,400,134,1.654147934601996e-13,6.439293542825908e-15,0.08725459990091622
7667,WMI,1287,1600,400,134,4.830752418442015e-13,7.327471962526033e-15,0.08866129792295396
7668,DI,1287,1600,400,135,1.654147934601996e-13,6.439293542825908e-15,0.08829585509374738
7669,WMI,1287,1600,400,135,4.830752418442015e-13,7.327471962526033e-15,0.08827163395471871
7670,DI,1287,1600,400,136,1.654147934601996e-13,6.439293542825908e-15,0.08893971401266754
7671,WMI,1287,1600,400,136,4.830752418442015e-13,7.327471962526033e-15,0.08934046817012131
7672,DI,1287,1600,400,137,1.654147934601996e-13,6.439293542825908e-15,0.0881026869174093
7673,WMI,1287,1600,400,137,4.830752418442015e-13,7.327471962526033e-15,0.08884445601142943
7674,DI,1287,1600,400,138,1.654147934601996e-13,6.439293542825908e-15,0.08780863112770021
7675,WMI,1287,1600,400,138,4.830752418442015e-13,7.327471962526033e-15,0.08915234985761344
7676,DI,1287,1600,400,139,1.654147934601996e-13,6.439293542825908e-15,0.08871069806627929
7677,WMI,1287,1600,400,139,4.830752418442015e-13,7.327471962526033e-15,0.08926541497930884
7678,DI,1287,1600,400,140,1.654147934601996e-13,6.439293542825908e-15,0.08840674813836813
7679,WMI,1287,1600,400,140,4.830752418442015e-13,7.327471962526033e-15,0.08918870612978935
7680,DI,1287,1600,400,141,1.654147934601996e-13,6.439293542825908e-15,0.08821087097749114
7681,WMI,1287,1600,400,141,4.830752418442015e-13,7.327471962526033e-15,0.08889713999815285
7682,DI,1287,1600,400,142,1.654147934601996e-13,6.439293542825908e-15,0.08932612393982708
7683,WMI,1287,1600,400,142,4.830752418442015e-13,7.327471962526033e-15,0.08879820303991437
7684,DI,1287,1600,400,143,1.654147934601996e-13,6.439293542825908e-15,0.08812611200846732
7685,WMI,1287,1600,400,143,4.830752418442015e-13,7.327471962526033e-15,0.08879701211117208
7686,DI,1287,1600,400,144,1.654147934601996e-13,6.439293542825908e-15,0.0881460530217737
7687,WMI,1287,1600,400,144,4.830752418442015e-13,7.327471962526033e-15,0.08899785904213786
7688,DI,1287,1600,400,145,1.654147934601996e-13,6.439293542825908e-15,0.08866521413438022
7689,WMI,1287,1600,400,145,4.830752418442015e-13,7.327471962526033e-15,0.08804571419022977
7690,DI,1287,1600,400,146,1.654147934601996e-13,6.439293542825908e-15,0.08797193504869938
7691,WMI,1287,1600,400,146,4.830752418442015e-13,7.327471962526033e-15,0.08858250617049634
7692,DI,1287,1600,400,147,1.654147934601996e-13,6.439293542825908e-15,0.08764432999305427
7693,WMI,1287,1600,400,147,4.830752418442015e-13,7.327471962526033e-15,0.08965455903671682
7694,DI,1287,1600,400,148,1.654147934601996e-13,6.439293542825908e-15,0.09017841098830104
7695,WMI,1287,1600,400,148,4.830752418442015e-13,7.327471962526033e-15,0.0898900949396193
7696,DI,1287,1600,400,149,1.654147934601996e-13,6.439293542825908e-15,0.09066045307554305
7697,WMI,1287,1600,400,149,4.830752418442015e-13,7.327471962526033e-15,0.09073345200158656
7698,DI,1287,1600,400,150,1.654147934601996e-13,6.439293542825908e-15,0.09088752907700837
7699,WMI,1287,1600,400,150,4.830752418442015e-13,7.327471962526033e-15,0.09090379998087883
7700,DI,1287,1600,400,151,1.654147934601996e-13,6.439293542825908e-15,0.0903179591987282
7701,WMI,1287,1600,400,151,4.830752418442015e-13,7.327471962526033e-15,0.08953135088086128
7702,DI,1287,1600,400,152,1.654147934601996e-13,6.439293542825908e-15,0.08816871093586087
7703,WMI,1287,1600,400,152,4.830752418442015e-13,7.327471962526033e-15,0.08958682999946177
7704,DI,1287,1600,400,153,1.654147934601996e-13,6.439293542825908e-15,0.08978334697894752
7705,WMI,1287,1600,400,153,4.830752418442015e-13,7.327471962526033e-15,0.0886774139944464
7706,DI,1287,1600,400,154,1.654147934601996e-13,6.439293542825908e-15,0.08857042621821165
7707,WMI,1287,1600,400,154,4.830752418442015e-13,7.327471962526033e-15,0.0893777129240334
7708,DI,1287,1600,400,155,1.654147934601996e-13,6.439293542825908e-15,0.08820051117800176
7709,WMI,1287,1600,400,155,4.830752418442015e-13,7.327471962526033e-15,0.08922097599133849
7710,DI,1287,1600,400,156,1.654147934601996e-13,6.439293542825908e-15,0.08836580882780254
7711,WMI,1287,1600,400,156,4.830752418442015e-13,7.327471962526033e-15,0.08920170599594712
7712,DI,1287,1600,400,157,1.654147934601996e-13,6.439293542825908e-15,0.0884564679581672
7713,WMI,1287,1600,400,157,4.830752418442015e-13,7.327471962526033e-15,0.08913932694122195
7714,DI,1287,1600,400,158,1.654147934601996e-13,6.439293542825908e-15,0.08856108598411083
7715,WMI,1287,1600,400,158,4.830752418442015e-13,7.327471962526033e-15,0.08825439098291099
7716,DI,1287,1600,400,159,1.654147934601996e-13,6.439293542825908e-15,0.08931331406347454
7717,WMI,1287,1600,400,159,4.830752418442015e-13,7.327471962526033e-15,0.08834117907099426
7718,DI,1287,1600,400,160,1.654147934601996e-13,6.439293542825908e-15,0.08692692080512643
7719,WMI,1287,1600,400,160,4.830752418442015e-13,7.327471962526033e-15,0.08860507607460022
7720,DI,1287,1600,400,161,1.654147934601996e-13,6.439293542825908e-15,0.08773553813807666
7721,WMI,1287,1600,400,161,4.830752418442015e-13,7.327471962526033e-15,0.08893909002654254
7722,DI,1287,1600,400,162,1.654147934601996e-13,6.439293542825908e-15,0.09012236190028489
7723,WMI,1287,1600,400,162,4.830752418442015e-13,7.327471962526033e-15,0.08912698808126152
7724,DI,1287,1600,400,163,1.654147934601996e-13,6.439293542825908e-15,0.0880672330968082
7725,WMI,1287,1600,400,163,4.830752418442015e-13,7.327471962526033e-15,0.08948576101101935
7726,DI,1287,1600,400,164,1.654147934601996e-13,6.439293542825908e-15,0.08872802299447358
7727,WMI,1287,1600,400,164,4.830752418442015e-13,7.327471962526033e-15,0.08912475709803402
7728,DI,1287,1600,400,165,1.654147934601996e-13,6.439293542825908e-15,0.08802568400278687
7729,WMI,1287,1600,400,165,4.830752418442015e-13,7.327471962526033e-15,0.0882225011009723
7730,DI,1287,1600,400,166,1.654147934601996e-13,6.439293542825908e-15,0.08752173208631575
7731,WMI,1287,1600,400,166,4.830752418442015e-13,7.327471962526033e-15,0.08917056606151164
7732,DI,1287,1600,400,167,1.654147934601996e-13,6.439293542825908e-15,0.08845693687908351
7733,WMI,1287,1600,400,167,4.830752418442015e-13,7.327471962526033e-15,0.08906808798201382
7734,DI,1287,1600,400,168,1.654147934601996e-13,6.439293542825908e-15,0.08929974492639303
7735,WMI,1287,1600,400,168,4.830752418442015e-13,7.327471962526033e-15,0.08866903395392
7736,DI,1287,1600,400,169,1.654147934601996e-13,6.439293542825908e-15,0.08741784282028675
7737,WMI,1287,1600,400,169,4.830752418442015e-13,7.327471962526033e-15,0.08916344703175128
7738,DI,1287,1600,400,170,1.654147934601996e-13,6.439293542825908e-15,0.08850371721200645
7739,WMI,1287,1600,400,170,4.830752418442015e-13,7.327471962526033e-15,0.08829385996796191
7740,DI,1287,1600,400,171,1.654147934601996e-13,6.439293542825908e-15,0.08866928401403129
7741,WMI,1287,1600,400,171,4.830752418442015e-13,7.327471962526033e-15,0.08913113712333143
7742,DI,1287,1600,400,172,1.654147934601996e-13,6.439293542825908e-15,0.08807190414518118
7743,WMI,1287,1600,400,172,4.830752418442015e-13,7.327471962526033e-15,0.08972555701620877
7744,DI,1287,1600,400,173,1.654147934601996e-13,6.439293542825908e-15,0.09303799597546458
7745,WMI,1287,1600,400,173,4.830752418442015e-13,7.327471962526033e-15,0.0889527399558574
7746,DI,1287,1600,400,174,1.654147934601996e-13,6.439293542825908e-15,0.09157447912730277
7747,WMI,1287,1600,400,174,4.830752418442015e-13,7.327471962526033e-15,0.08842791803181171
7748,DI,1287,1600,400,175,1.654147934601996e-13,6.439293542825908e-15,0.08852832694537938
7749,WMI,1287,1600,400,175,4.830752418442015e-13,7.327471962526033e-15,0.0888141319155693
7750,DI,1287,1600,400,176,1.654147934601996e-13,6.439293542825908e-15,0.08735204488039017
7751,WMI,1287,1600,400,176,4.830752418442015e-13,7.327471962526033e-15,0.08851498598232865
7752,DI,1287,1600,400,177,1.654147934601996e-13,6.439293542825908e-15,0.08909950777888298
7753,WMI,1287,1600,400,177,4.830752418442015e-13,7.327471962526033e-15,0.08910500700585544
7754,DI,1287,1600,400,178,1.654147934601996e-13,6.439293542825908e-15,0.08793182601220906
7755,WMI,1287,1600,400,178,4.830752418442015e-13,7.327471962526033e-15,0.08946226187981665
7756,DI,1287,1600,400,179,1.654147934601996e-13,6.439293542825908e-15,0.08813494304195046
7757,WMI,1287,1600,400,179,4.830752418442015e-13,7.327471962526033e-15,0.08911992702633142
7758,DI,1287,1600,400,180,1.654147934601996e-13,6.439293542825908e-15,0.08905052789486945
7759,WMI,1287,1600,400,180,4.830752418442015e-13,7.327471962526033e-15,0.0885930759832263
7760,DI,1287,1600,400,181,1.654147934601996e-13,6.439293542825908e-15,0.08928182488307357
7761,WMI,1287,1600,400,181,4.830752418442015e-13,7.327471962526033e-15,0.08962239907123148
7762,DI,1287,1600,400,182,1.654147934601996e-13,6.439293542825908e-15,0.08842770801857114
7763,WMI,1287,1600,400,182,4.830752418442015e-13,7.327471962526033e-15,0.09110856708139181
7764,DI,1287,1600,400,183,1.654147934601996e-13,6.439293542825908e-15,0.08875143295153975
7765,WMI,1287,1600,400,183,4.830752418442015e-13,7.327471962526033e-15,0.08876728313043714
7766,DI,1287,1600,400,184,1.654147934601996e-13,6.439293542825908e-15,0.08980312687344849
7767,WMI,1287,1600,400,184,4.830752418442015e-13,7.327471962526033e-15,0.08893880993127823
7768,DI,1287,1600,400,185,1.654147934601996e-13,6.439293542825908e-15,0.08817543112672865
7769,WMI,1287,1600,400,185,4.830752418442015e-13,7.327471962526033e-15,0.09174958593212068
7770,DI,1287,1600,400,186,1.654147934601996e-13,6.439293542825908e-15,0.08935778308659792
7771,WMI,1287,1600,400,186,4.830752418442015e-13,7.327471962526033e-15,0.08983261603862047
7772,DI,1287,1600,400,187,1.654147934601996e-13,6.439293542825908e-15,0.0904281868133694
7773,WMI,1287,1600,400,187,4.830752418442015e-13,7.327471962526033e-15,0.09081433084793389
7774,DI,1287,1600,400,188,1.654147934601996e-13,6.439293542825908e-15,0.09052215493284166
7775,WMI,1287,1600,400,188,4.830752418442015e-13,7.327471962526033e-15,0.09008452203124762
7776,DI,1287,1600,400,189,1.654147934601996e-13,6.439293542825908e-15,0.0901720910333097
7777,WMI,1287,1600,400,189,4.830752418442015e-13,7.327471962526033e-15,0.08963228901848197
7778,DI,1287,1600,400,190,1.654147934601996e-13,6.439293542825908e-15,0.08836392895318568
7779,WMI,1287,1600,400,190,4.830752418442015e-13,7.327471962526033e-15,0.0894119618460536
7780,DI,1287,1600,400,191,1.654147934601996e-13,6.439293542825908e-15,0.0884693271946162
7781,WMI,1287,1600,400,191,4.830752418442015e-13,7.327471962526033e-15,0.08927296497859061
7782,DI,1287,1600,400,192,1.654147934601996e-13,6.439293542825908e-15,0.08853103686124086
7783,WMI,1287,1600,400,192,4.830752418442015e-13,7.327471962526033e-15,0.09003585297614336
7784,DI,1287,1600,400,193,1.654147934601996e-13,6.439293542825908e-15,0.09021877986378968
7785,WMI,1287,1600,400,193,4.830752418442015e-13,7.327471962526033e-15,0.0892413251567632
7786,DI,1287,1600,400,194,1.654147934601996e-13,6.439293542825908e-15,0.08866817387752235
7787,WMI,1287,1600,400,194,4.830752418442015e-13,7.327471962526033e-15,0.0891733558382839
7788,DI,1287,1600,400,195,1.654147934601996e-13,6.439293542825908e-15,0.08764638984575868
7789,WMI,1287,1600,400,195,4.830752418442015e-13,7.327471962526033e-15,0.08858042606152594
7790,DI,1287,1600,400,196,1.654147934601996e-13,6.439293542825908e-15,0.08774854894727468
7791,WMI,1287,1600,400,196,4.830752418442015e-13,7.327471962526033e-15,0.08852834603749216
7792,DI,1287,1600,400,197,1.654147934601996e-13,6.439293542825908e-15,0.08870951388962567
7793,WMI,1287,1600,400,197,4.830752418442015e-13,7.327471962526033e-15,0.08956829993985593
7794,DI,1287,1600,400,198,1.654147934601996e-13,6.439293542825908e-15,0.09291875804774463
7795,WMI,1287,1600,400,198,4.830752418442015e-13,7.327471962526033e-15,0.08865592419169843
7796,DI,1287,1600,400,199,1.654147934601996e-13,6.439293542825908e-15,0.0877409188542515
7797,WMI,1287,1600,400,199,4.830752418442015e-13,7.327471962526033e-15,0.08958117989823222
7798,DI,1287,1600,400,200,1.654147934601996e-13,6.439293542825908e-15,0.0961555780377239
7799,WMI,1287,1600,400,200,4.830752418442015e-13,7.327471962526033e-15,0.08898269897326827
7800,DI,1287,1500,500,1,1.6555127793892954e-13,5.995204332975845e-15,0.09333302197046578
7801,WMI,1287,1500,500,1,1.3166892065933358e-12,9.547918011776346e-15,0.11858765012584627
7802,ISM,1287,1500,500,1,417.02477038512745,3.5427788243806084,1.787511263974011
7803,DI,1287,1500,500,2,1.6555127793892954e-13,5.995204332975845e-15,0.10320666898041964
7804,WMI,1287,1500,500,2,1.3166892065933358e-12,9.547918011776346e-15,0.1262465021573007
7805,ISM,1287,1500,500,2,417.02477038512745,3.5427788243806084,1.7927700930740684
7806,DI,1287,1500,500,3,1.6555127793892954e-13,5.995204332975845e-15,0.09238474606536329
7807,WMI,1287,1500,500,3,1.3166892065933358e-12,9.547918011776346e-15,0.12032529409043491
7808,ISM,1287,1500,500,3,417.02477038512745,3.5427788243806084,3.0923144889529794
7809,DI,1287,1500,500,4,1.6555127793892954e-13,5.995204332975845e-15,0.09684123797342181
7810,WMI,1287,1500,500,4,1.3166892065933358e-12,9.547918011776346e-15,0.12292592297308147
7811,ISM,1287,1500,500,4,417.02477038512745,3.5427788243806084,1.8954805289395154
7812,DI,1287,1500,500,5,1.6555127793892954e-13,5.995204332975845e-15,0.106056994991377
7813,WMI,1287,1500,500,5,1.3166892065933358e-12,9.547918011776346e-15,0.12783799599856138
7814,ISM,1287,1500,500,5,417.02477038512745,3.5427788243806084,1.872961007989943
7815,DI,1287,1500,500,6,1.6555127793892954e-13,5.995204332975845e-15,0.09715757193043828
7816,WMI,1287,1500,500,6,1.3166892065933358e-12,9.547918011776346e-15,0.12170173181220889
7817,ISM,1287,1500,500,6,417.02477038512745,3.5427788243806084,3.1586177388671786
7818,DI,1287,1500,500,7,1.6555127793892954e-13,5.995204332975845e-15,0.09514816687442362
7819,WMI,1287,1500,500,7,1.3166892065933358e-12,9.547918011776346e-15,0.1190391390118748
7820,ISM,1287,1500,500,7,417.02477038512745,3.5427788243806084,1.7984409860800952
7821,DI,1287,1500,500,8,1.6555127793892954e-13,5.995204332975845e-15,0.1037481538951397
7822,WMI,1287,1500,500,8,1.3166892065933358e-12,9.547918011776346e-15,0.12548906914889812
7823,ISM,1287,1500,500,8,417.02477038512745,3.5427788243806084,1.8089898941107094
7824,DI,1287,1500,500,9,1.6555127793892954e-13,5.995204332975845e-15,0.09536262298934162
7825,WMI,1287,1500,500,9,1.3166892065933358e-12,9.547918011776346e-15,0.11931617511436343
7826,ISM,1287,1500,500,9,417.02477038512745,3.5427788243806084,2.9749756089877337
7827,DI,1287,1500,500,10,1.6555127793892954e-13,5.995204332975845e-15,0.09458747506141663
7828,WMI,1287,1500,500,10,1.3166892065933358e-12,9.547918011776346e-15,0.11907781916670501
7829,ISM,1287,1500,500,10,417.02477038512745,3.5427788243806084,1.7866962170228362
7830,DI,1287,1500,500,11,1.6555127793892954e-13,5.995204332975845e-15,0.10338178020901978
7831,WMI,1287,1500,500,11,1.3166892065933358e-12,9.547918011776346e-15,0.126386065967381
7832,ISM,1287,1500,500,11,417.02477038512745,3.5427788243806084,1.7883695110213012
7833,DI,1287,1500,500,12,1.6555127793892954e-13,5.995204332975845e-15,0.09680876089259982
7834,WMI,1287,1500,500,12,1.3166892065933358e-12,9.547918011776346e-15,0.12373828678391874
7835,ISM,1287,1500,500,12,417.02477038512745,3.5427788243806084,3.0450379310641438
7836,DI,1287,1500,500,13,1.6555127793892954e-13,5.995204332975845e-15,0.09433367010205984
7837,WMI,1287,1500,500,13,1.3166892065933358e-12,9.547918011776346e-15,0.12152310111559927
7838,ISM,1287,1500,500,13,417.02477038512745,3.5427788243806084,1.7822487449739128
7839,DI,1287,1500,500,14,1.6555127793892954e-13,5.995204332975845e-15,0.10285842698067427
7840,WMI,1287,1500,500,14,1.3166892065933358e-12,9.547918011776346e-15,0.1257603350095451
7841,ISM,1287,1500,500,14,417.02477038512745,3.5427788243806084,1.783753301948309
7842,DI,1287,1500,500,15,1.6555127793892954e-13,5.995204332975845e-15,0.09464536397717893
7843,WMI,1287,1500,500,15,1.3166892065933358e-12,9.547918011776346e-15,0.11909521813504398
7844,ISM,1287,1500,500,15,417.02477038512745,3.5427788243806084,2.9803656698204577
7845,DI,1287,1500,500,16,1.6555127793892954e-13,5.995204332975845e-15,0.09379776287823915
7846,WMI,1287,1500,500,16,1.3166892065933358e-12,9.547918011776346e-15,0.11832830286584795
7847,ISM,1287,1500,500,16,417.02477038512745,3.5427788243806084,1.7868460149038583
7848,DI,1287,1500,500,17,1.6555127793892954e-13,5.995204332975845e-15,0.10278780316002667
7849,WMI,1287,1500,500,17,1.3166892065933358e-12,9.547918011776346e-15,0.12821730808354914
7850,ISM,1287,1500,500,17,417.02477038512745,3.5427788243806084,1.858367573004216
7851,DI,1287,1500,500,18,1.6555127793892954e-13,5.995204332975845e-15,0.09695154381915927
7852,WMI,1287,1500,500,18,1.3166892065933358e-12,9.547918011776346e-15,0.12033012113533914
7853,ISM,1287,1500,500,18,417.02477038512745,3.5427788243806084,3.038829166907817
7854,DI,1287,1500,500,19,1.6555127793892954e-13,5.995204332975845e-15,0.09348308807238936
7855,WMI,1287,1500,500,19,1.3166892065933358e-12,9.547918011776346e-15,0.11915131914429367
7856,ISM,1287,1500,500,19,417.02477038512745,3.5427788243806084,1.7978166239336133
7857,DI,1287,1500,500,20,1.6555127793892954e-13,5.995204332975845e-15,0.10490977996960282
7858,WMI,1287,1500,500,20,1.3166892065933358e-12,9.547918011776346e-15,0.1270812558941543
7859,ISM,1287,1500,500,20,417.02477038512745,3.5427788243806084,1.784016738878563
7860,DI,1287,1500,500,21,1.6555127793892954e-13,5.995204332975845e-15,0.0953343401197344
7861,WMI,1287,1500,500,21,1.3166892065933358e-12,9.547918011776346e-15,0.12087517301551998
7862,ISM,1287,1500,500,21,417.02477038512745,3.5427788243806084,3.165255223866552
7863,DI,1287,1500,500,22,1.6555127793892954e-13,5.995204332975845e-15,0.09662760887295008
7864,WMI,1287,1500,500,22,1.3166892065933358e-12,9.547918011776346e-15,0.12264185515232384
7865,ISM,1287,1500,500,22,417.02477038512745,3.5427788243806084,1.803161010844633
7866,DI,1287,1500,500,23,1.6555127793892954e-13,5.995204332975845e-15,0.1030283800791949
7867,WMI,1287,1500,500,23,1.3166892065933358e-12,9.547918011776346e-15,0.12744933110661805
7868,ISM,1287,1500,500,23,417.02477038512745,3.5427788243806084,1.8009935040026903
7869,DI,1287,1500,500,24,1.6555127793892954e-13,5.995204332975845e-15,0.09569371398538351
7870,WMI,1287,1500,500,24,1.3166892065933358e-12,9.547918011776346e-15,0.11900646099820733
7871,ISM,1287,1500,500,24,417.02477038512745,3.5427788243806084,2.9776237250771374
7872,DI,1287,1500,500,25,1.6555127793892954e-13,5.995204332975845e-15,0.09403075091540813
7873,WMI,1287,1500,500,25,1.3166892065933358e-12,9.547918011776346e-15,0.11949328798800707
7874,ISM,1287,1500,500,25,417.02477038512745,3.5427788243806084,1.7961147599853575
7875,DI,1287,1500,500,26,1.6555127793892954e-13,5.995204332975845e-15,0.10275221592746675
7876,WMI,1287,1500,500,26,1.3166892065933358e-12,9.547918011776346e-15,0.12608707696199417
7877,ISM,1287,1500,500,26,417.02477038512745,3.5427788243806084,1.844609291991219
7878,DI,1287,1500,500,27,1.6555127793892954e-13,5.995204332975845e-15,0.09903452405706048
7879,WMI,1287,1500,500,27,1.3166892065933358e-12,9.547918011776346e-15,0.12401021900586784
7880,ISM,1287,1500,500,27,417.02477038512745,3.5427788243806084,3.156234299065545
7881,DI,1287,1500,500,28,1.6555127793892954e-13,5.995204332975845e-15,0.09747693804092705
7882,WMI,1287,1500,500,28,1.3166892065933358e-12,9.547918011776346e-15,0.12213522801175714
7883,ISM,1287,1500,500,28,417.02477038512745,3.5427788243806084,1.8819329370744526
7884,DI,1287,1500,500,29,1.6555127793892954e-13,5.995204332975845e-15,0.10656563797965646
7885,WMI,1287,1500,500,29,1.3166892065933358e-12,9.547918011776346e-15,0.12837340217083693
7886,ISM,1287,1500,500,29,417.02477038512745,3.5427788243806084,1.8587104259058833
7887,DI,1287,1500,500,30,1.6555127793892954e-13,5.995204332975845e-15,0.0951505140401423
7888,WMI,1287,1500,500,30,1.3166892065933358e-12,9.547918011776346e-15,0.11890966794453561
7889,ISM,1287,1500,500,30,417.02477038512745,3.5427788243806084,2.984901970019564
7890,DI,1287,1500,500,31,1.6555127793892954e-13,5.995204332975845e-15,0.09567097504623234
7891,WMI,1287,1500,500,31,1.3166892065933358e-12,9.547918011776346e-15,0.11852384288795292
7892,ISM,1287,1500,500,31,417.02477038512745,3.5427788243806084,1.8031401520129293
7893,DI,1287,1500,500,32,1.6555127793892954e-13,5.995204332975845e-15,0.10313159110955894
7894,WMI,1287,1500,500,32,1.3166892065933358e-12,9.547918011776346e-15,0.12519278097897768
7895,ISM,1287,1500,500,32,417.02477038512745,3.5427788243806084,1.7837308507878333
7896,DI,1287,1500,500,33,1.6555127793892954e-13,5.995204332975845e-15,0.09452146315015852
7897,WMI,1287,1500,500,33,1.3166892065933358e-12,9.547918011776346e-15,0.11902411608025432
7898,ISM,1287,1500,500,33,417.02477038512745,3.5427788243806084,3.059880403801799
7899,DI,1287,1500,500,34,1.6555127793892954e-13,5.995204332975845e-15,0.09601115086115897
7900,WMI,1287,1500,500,34,1.3166892065933358e-12,9.547918011776346e-15,0.12170855398289859
7901,ISM,1287,1500,500,34,417.02477038512745,3.5427788243806084,1.8293473478406668
7902,DI,1287,1500,500,35,1.6555127793892954e-13,5.995204332975845e-15,0.10375152085907757
7903,WMI,1287,1500,500,35,1.3166892065933358e-12,9.547918011776346e-15,0.1265597299207002
7904,ISM,1287,1500,500,35,417.02477038512745,3.5427788243806084,1.7851083788555115
7905,DI,1287,1500,500,36,1.6555127793892954e-13,5.995204332975845e-15,0.09403841104358435
7906,WMI,1287,1500,500,36,1.3166892065933358e-12,9.547918011776346e-15,0.11989356204867363
7907,ISM,1287,1500,500,36,417.02477038512745,3.5427788243806084,2.971922329859808
7908,DI,1287,1500,500,37,1.6555127793892954e-13,5.995204332975845e-15,0.095019486034289
7909,WMI,1287,1500,500,37,1.3166892065933358e-12,9.547918011776346e-15,0.11905955499969423
7910,ISM,1287,1500,500,37,417.02477038512745,3.5427788243806084,1.7946659619919956
7911,DI,1287,1500,500,38,1.6555127793892954e-13,5.995204332975845e-15,0.10566528211347759
7912,WMI,1287,1500,500,38,1.3166892065933358e-12,9.547918011776346e-15,0.1274309060536325
7913,ISM,1287,1500,500,38,417.02477038512745,3.5427788243806084,1.8654742299113423
7914,DI,1287,1500,500,39,1.6555127793892954e-13,5.995204332975845e-15,0.09584990283474326
7915,WMI,1287,1500,500,39,1.3166892065933358e-12,9.547918011776346e-15,0.12159319594502449
7916,ISM,1287,1500,500,39,417.02477038512745,3.5427788243806084,3.030659490963444
7917,DI,1287,1500,500,40,1.6555127793892954e-13,5.995204332975845e-15,0.126497260062024
7918,WMI,1287,1500,500,40,1.3166892065933358e-12,9.547918011776346e-15,0.12202340015210211
7919,ISM,1287,1500,500,40,417.02477038512745,3.5427788243806084,1.7918131442274898
7920,DI,1287,1500,500,41,1.6555127793892954e-13,5.995204332975845e-15,0.10303451307117939
7921,WMI,1287,1500,500,41,1.3166892065933358e-12,9.547918011776346e-15,0.12769228196702898
7922,ISM,1287,1500,500,41,417.02477038512745,3.5427788243806084,1.802142834989354
7923,DI,1287,1500,500,42,1.6555127793892954e-13,5.995204332975845e-15,0.09447709401138127
7924,WMI,1287,1500,500,42,1.3166892065933358e-12,9.547918011776346e-15,0.11967847612686455
7925,ISM,1287,1500,500,42,417.02477038512745,3.5427788243806084,2.999250094173476
7926,DI,1287,1500,500,43,1.6555127793892954e-13,5.995204332975845e-15,0.09633810492232442
7927,WMI,1287,1500,500,43,1.3166892065933358e-12,9.547918011776346e-15,0.12124652112834156
7928,ISM,1287,1500,500,43,417.02477038512745,3.5427788243806084,1.8600809720810503
7929,DI,1287,1500,500,44,1.6555127793892954e-13,5.995204332975845e-15,0.10429392289370298
7930,WMI,1287,1500,500,44,1.3166892065933358e-12,9.547918011776346e-15,0.1275969031266868
7931,ISM,1287,1500,500,44,417.02477038512745,3.5427788243806084,1.7899650919716805
7932,DI,1287,1500,500,45,1.6555127793892954e-13,5.995204332975845e-15,0.0944237548392266
7933,WMI,1287,1500,500,45,1.3166892065933358e-12,9.547918011776346e-15,0.11948321899399161
7934,ISM,1287,1500,500,45,417.02477038512745,3.5427788243806084,2.9836178550031036
7935,DI,1287,1500,500,46,1.6555127793892954e-13,5.995204332975845e-15,0.09434206597507
7936,WMI,1287,1500,500,46,1.3166892065933358e-12,9.547918011776346e-15,0.11889598704874516
7937,ISM,1287,1500,500,46,417.02477038512745,3.5427788243806084,1.7978343518916517
7938,DI,1287,1500,500,47,1.6555127793892954e-13,5.995204332975845e-15,0.10261469800025225
7939,WMI,1287,1500,500,47,1.3166892065933358e-12,9.547918011776346e-15,0.12628841307014227
7940,ISM,1287,1500,500,47,417.02477038512745,3.5427788243806084,1.7855887098703533
7941,DI,1287,1500,500,48,1.6555127793892954e-13,5.995204332975845e-15,0.0952113529201597
7942,WMI,1287,1500,500,48,1.3166892065933358e-12,9.547918011776346e-15,0.1214487380348146
7943,ISM,1287,1500,500,48,417.02477038512745,3.5427788243806084,3.1564893110189587
7944,DI,1287,1500,500,49,1.6555127793892954e-13,5.995204332975845e-15,0.09612931800074875
7945,WMI,1287,1500,500,49,1.3166892065933358e-12,9.547918011776346e-15,0.1203232859261334
7946,ISM,1287,1500,500,49,417.02477038512745,3.5427788243806084,1.8063927490729839
7947,DI,1287,1500,500,50,1.6555127793892954e-13,5.995204332975845e-15,0.10358491400256753
7948,WMI,1287,1500,500,50,1.3166892065933358e-12,9.547918011776346e-15,0.12602412700653076
7949,ISM,1287,1500,500,50,417.02477038512745,3.5427788243806084,1.7893965907860547
7950,DI,1287,1500,500,51,1.6555127793892954e-13,5.995204332975845e-15,0.0946063210722059
7951,WMI,1287,1500,500,51,1.3166892065933358e-12,9.547918011776346e-15,0.12009886908344924
7952,DI,1287,1500,500,52,1.6555127793892954e-13,5.995204332975845e-15,0.10080721601843834
7953,WMI,1287,1500,500,52,1.3166892065933358e-12,9.547918011776346e-15,0.12615720508620143
7954,DI,1287,1500,500,53,1.6555127793892954e-13,5.995204332975845e-15,0.09143520100042224
7955,WMI,1287,1500,500,53,1.3166892065933358e-12,9.547918011776346e-15,0.11888231709599495
7956,DI,1287,1500,500,54,1.6555127793892954e-13,5.995204332975845e-15,0.10004236805252731
7957,WMI,1287,1500,500,54,1.3166892065933358e-12,9.547918011776346e-15,0.12691101408563554
7958,DI,1287,1500,500,55,1.6555127793892954e-13,5.995204332975845e-15,0.09344716998748481
7959,WMI,1287,1500,500,55,1.3166892065933358e-12,9.547918011776346e-15,0.12003425997681916
7960,DI,1287,1500,500,56,1.6555127793892954e-13,5.995204332975845e-15,0.10556997288949788
7961,WMI,1287,1500,500,56,1.3166892065933358e-12,9.547918011776346e-15,0.12676209607161582
7962,DI,1287,1500,500,57,1.6555127793892954e-13,5.995204332975845e-15,0.09475072915665805
7963,WMI,1287,1500,500,57,1.3166892065933358e-12,9.547918011776346e-15,0.12157442606985569
7964,DI,1287,1500,500,58,1.6555127793892954e-13,5.995204332975845e-15,0.10276804585009813
7965,WMI,1287,1500,500,58,1.3166892065933358e-12,9.547918011776346e-15,0.12790156807750463
7966,DI,1287,1500,500,59,1.6555127793892954e-13,5.995204332975845e-15,0.09503811504691839
7967,WMI,1287,1500,500,59,1.3166892065933358e-12,9.547918011776346e-15,0.12067064992152154
7968,DI,1287,1500,500,60,1.6555127793892954e-13,5.995204332975845e-15,0.10250398004427552
7969,WMI,1287,1500,500,60,1.3166892065933358e-12,9.547918011776346e-15,0.12726368894800544
7970,DI,1287,1500,500,61,1.6555127793892954e-13,5.995204332975845e-15,0.09442228497937322
7971,WMI,1287,1500,500,61,1.3166892065933358e-12,9.547918011776346e-15,0.11951154796406627
7972,DI,1287,1500,500,62,1.6555127793892954e-13,5.995204332975845e-15,0.1030583418905735
7973,WMI,1287,1500,500,62,1.3166892065933358e-12,9.547918011776346e-15,0.12884767400100827
7974,DI,1287,1500,500,63,1.6555127793892954e-13,5.995204332975845e-15,0.09445179486647248
7975,WMI,1287,1500,500,63,1.3166892065933358e-12,9.547918011776346e-15,0.12039770418778062
7976,DI,1287,1500,500,64,1.6555127793892954e-13,5.995204332975845e-15,0.10265372786670923
7977,WMI,1287,1500,500,64,1.3166892065933358e-12,9.547918011776346e-15,0.1283308221027255
7978,DI,1287,1500,500,65,1.6555127793892954e-13,5.995204332975845e-15,0.09436837490648031
7979,WMI,1287,1500,500,65,1.3166892065933358e-12,9.547918011776346e-15,0.12071654992178082
7980,DI,1287,1500,500,66,1.6555127793892954e-13,5.995204332975845e-15,0.10189557005651295
7981,WMI,1287,1500,500,66,1.3166892065933358e-12,9.547918011776346e-15,0.12765051308088005
7982,DI,1287,1500,500,67,1.6555127793892954e-13,5.995204332975845e-15,0.0939291319809854
7983,WMI,1287,1500,500,67,1.3166892065933358e-12,9.547918011776346e-15,0.11992429103702307
7984,DI,1287,1500,500,68,1.6555127793892954e-13,5.995204332975845e-15,0.10309054097160697
7985,WMI,1287,1500,500,68,1.3166892065933358e-12,9.547918011776346e-15,0.12703324179165065
7986,DI,1287,1500,500,69,1.6555127793892954e-13,5.995204332975845e-15,0.09612803813070059
7987,WMI,1287,1500,500,69,1.3166892065933358e-12,9.547918011776346e-15,0.12123963190242648
7988,DI,1287,1500,500,70,1.6555127793892954e-13,5.995204332975845e-15,0.10346791590563953
7989,WMI,1287,1500,500,70,1.3166892065933358e-12,9.547918011776346e-15,0.12573355180211365
7990,DI,1287,1500,500,71,1.6555127793892954e-13,5.995204332975845e-15,0.09303646604530513
7991,WMI,1287,1500,500,71,1.3166892065933358e-12,9.547918011776346e-15,0.11998244002461433
7992,DI,1287,1500,500,72,1.6555127793892954e-13,5.995204332975845e-15,0.10095654404722154
7993,WMI,1287,1500,500,72,1.3166892065933358e-12,9.547918011776346e-15,0.12649809988215566
7994,DI,1287,1500,500,73,1.6555127793892954e-13,5.995204332975845e-15,0.09249628405086696
7995,WMI,1287,1500,500,73,1.3166892065933358e-12,9.547918011776346e-15,0.11786998296156526
7996,DI,1287,1500,500,74,1.6555127793892954e-13,5.995204332975845e-15,0.10016502602957189
7997,WMI,1287,1500,500,74,1.3166892065933358e-12,9.547918011776346e-15,0.12537564686499536
7998,DI,1287,1500,500,75,1.6555127793892954e-13,5.995204332975845e-15,0.09234439604915679
7999,WMI,1287,1500,500,75,1.3166892065933358e-12,9.547918011776346e-15,0.11876727011986077
8000,DI,1287,1500,500,76,1.6555127793892954e-13,5.995204332975845e-15,0.09920742106623948
8001,WMI,1287,1500,500,76,1.3166892065933358e-12,9.547918011776346e-15,0.12509331200271845
8002,DI,1287,1500,500,77,1.6555127793892954e-13,5.995204332975845e-15,0.09260163316503167
8003,WMI,1287,1500,500,77,1.3166892065933358e-12,9.547918011776346e-15,0.11855049291625619
8004,DI,1287,1500,500,78,1.6555127793892954e-13,5.995204332975845e-15,0.10128349903970957
8005,WMI,1287,1500,500,78,1.3166892065933358e-12,9.547918011776346e-15,0.12605513795278966
8006,DI,1287,1500,500,79,1.6555127793892954e-13,5.995204332975845e-15,0.09255924401804805
8007,WMI,1287,1500,500,79,1.3166892065933358e-12,9.547918011776346e-15,0.11986477300524712
8008,DI,1287,1500,500,80,1.6555127793892954e-13,5.995204332975845e-15,0.09988361014984548
8009,WMI,1287,1500,500,80,1.3166892065933358e-12,9.547918011776346e-15,0.12549504498019814
8010,DI,1287,1500,500,81,1.6555127793892954e-13,5.995204332975845e-15,0.09239667607471347
8011,WMI,1287,1500,500,81,1.3166892065933358e-12,9.547918011776346e-15,0.11893684603273869
8012,DI,1287,1500,500,82,1.6555127793892954e-13,5.995204332975845e-15,0.10032902378588915
8013,WMI,1287,1500,500,82,1.3166892065933358e-12,9.547918011776346e-15,0.12705264193937182
8014,DI,1287,1500,500,83,1.6555127793892954e-13,5.995204332975845e-15,0.0922011889051646
8015,WMI,1287,1500,500,83,1.3166892065933358e-12,9.547918011776346e-15,0.11936892988160253
8016,DI,1287,1500,500,84,1.6555127793892954e-13,5.995204332975845e-15,0.10255630896426737
8017,WMI,1287,1500,500,84,1.3166892065933358e-12,9.547918011776346e-15,0.12672789697535336
8018,DI,1287,1500,500,85,1.6555127793892954e-13,5.995204332975845e-15,0.09261517319828272
8019,WMI,1287,1500,500,85,1.3166892065933358e-12,9.547918011776346e-15,0.12109220400452614
8020,DI,1287,1500,500,86,1.6555127793892954e-13,5.995204332975845e-15,0.10090819490142167
8021,WMI,1287,1500,500,86,1.3166892065933358e-12,9.547918011776346e-15,0.1254767959471792
8022,DI,1287,1500,500,87,1.6555127793892954e-13,5.995204332975845e-15,0.09179595508612692
8023,WMI,1287,1500,500,87,1.3166892065933358e-12,9.547918011776346e-15,0.1186442410107702
8024,DI,1287,1500,500,88,1.6555127793892954e-13,5.995204332975845e-15,0.09992852993309498
8025,WMI,1287,1500,500,88,1.3166892065933358e-12,9.547918011776346e-15,0.12749661481939256
8026,DI,1287,1500,500,89,1.6555127793892954e-13,5.995204332975845e-15,0.09254502411931753
8027,WMI,1287,1500,500,89,1.3166892065933358e-12,9.547918011776346e-15,0.1188407379668206
8028,DI,1287,1500,500,90,1.6555127793892954e-13,5.995204332975845e-15,0.10010088700801134
8029,WMI,1287,1500,500,90,1.3166892065933358e-12,9.547918011776346e-15,0.125897659920156
8030,DI,1287,1500,500,91,1.6555127793892954e-13,5.995204332975845e-15,0.09204845107160509
8031,WMI,1287,1500,500,91,1.3166892065933358e-12,9.547918011776346e-15,0.11845896416343749
8032,DI,1287,1500,500,92,1.6555127793892954e-13,5.995204332975845e-15,0.09928538999520242
8033,WMI,1287,1500,500,92,1.3166892065933358e-12,9.547918011776346e-15,0.1255923539865762
8034,DI,1287,1500,500,93,1.6555127793892954e-13,5.995204332975845e-15,0.09222521889023483
8035,WMI,1287,1500,500,93,1.3166892065933358e-12,9.547918011776346e-15,0.11775401490740478
8036,DI,1287,1500,500,94,1.6555127793892954e-13,5.995204332975845e-15,0.10077722696587443
8037,WMI,1287,1500,500,94,1.3166892065933358e-12,9.547918011776346e-15,0.12586041004396975
8038,DI,1287,1500,500,95,1.6555127793892954e-13,5.995204332975845e-15,0.09470869996584952
8039,WMI,1287,1500,500,95,1.3166892065933358e-12,9.547918011776346e-15,0.12239654292352498
8040,DI,1287,1500,500,96,1.6555127793892954e-13,5.995204332975845e-15,0.10358407278545201
8041,WMI,1287,1500,500,96,1.3166892065933358e-12,9.547918011776346e-15,0.12774569098837674
8042,DI,1287,1500,500,97,1.6555127793892954e-13,5.995204332975845e-15,0.0950162960216403
8043,WMI,1287,1500,500,97,1.3166892065933358e-12,9.547918011776346e-15,0.12062039109878242
8044,DI,1287,1500,500,98,1.6555127793892954e-13,5.995204332975845e-15,0.10250585014000535
8045,WMI,1287,1500,500,98,1.3166892065933358e-12,9.547918011776346e-15,0.127579232910648
8046,DI,1287,1500,500,99,1.6555127793892954e-13,5.995204332975845e-15,0.09739359910599887
8047,WMI,1287,1500,500,99,1.3166892065933358e-12,9.547918011776346e-15,0.12124465103261173
8048,DI,1287,1500,500,100,1.6555127793892954e-13,5.995204332975845e-15,0.10256515885703266
8049,WMI,1287,1500,500,100,1.3166892065933358e-12,9.547918011776346e-15,0.12833417183719575
8050,DI,1287,1500,500,101,1.6555127793892954e-13,5.995204332975845e-15,0.0935642879921943
8051,WMI,1287,1500,500,101,1.3166892065933358e-12,9.547918011776346e-15,0.12129072984680533
8052,DI,1287,1500,500,102,1.6555127793892954e-13,5.995204332975845e-15,0.10431875218637288
8053,WMI,1287,1500,500,102,1.3166892065933358e-12,9.547918011776346e-15,0.12688372493721545
8054,DI,1287,1500,500,103,1.6555127793892954e-13,5.995204332975845e-15,0.09631218505091965
8055,WMI,1287,1500,500,103,1.3166892065933358e-12,9.547918011776346e-15,0.12035620515234768
8056,DI,1287,1500,500,104,1.6555127793892954e-13,5.995204332975845e-15,0.1046609771437943
8057,WMI,1287,1500,500,104,1.3166892065933358e-12,9.547918011776346e-15,0.1289358518552035
8058,DI,1287,1500,500,105,1.6555127793892954e-13,5.995204332975845e-15,0.0947407498024404
8059,WMI,1287,1500,500,105,1.3166892065933358e-12,9.547918011776346e-15,0.12019746797159314
8060,DI,1287,1500,500,106,1.6555127793892954e-13,5.995204332975845e-15,0.09964353404939175
8061,WMI,1287,1500,500,106,1.3166892065933358e-12,9.547918011776346e-15,0.1252849290613085
8062,DI,1287,1500,500,107,1.6555127793892954e-13,5.995204332975845e-15,0.09305802499875426
8063,WMI,1287,1500,500,107,1.3166892065933358e-12,9.547918011776346e-15,0.11860548215918243
8064,DI,1287,1500,500,108,1.6555127793892954e-13,5.995204332975845e-15,0.10211942601017654
8065,WMI,1287,1500,500,108,1.3166892065933358e-12,9.547918011776346e-15,0.12671860703267157
8066,DI,1287,1500,500,109,1.6555127793892954e-13,5.995204332975845e-15,0.09331310214474797
8067,WMI,1287,1500,500,109,1.3166892065933358e-12,9.547918011776346e-15,0.11944789905101061
8068,DI,1287,1500,500,110,1.6555127793892954e-13,5.995204332975845e-15,0.10088817519135773
8069,WMI,1287,1500,500,110,1.3166892065933358e-12,9.547918011776346e-15,0.12636665208265185
8070,DI,1287,1500,500,111,1.6555127793892954e-13,5.995204332975845e-15,0.09256329387426376
8071,WMI,1287,1500,500,111,1.3166892065933358e-12,9.547918011776346e-15,0.11920308298431337
8072,DI,1287,1500,500,112,1.6555127793892954e-13,5.995204332975845e-15,0.10190239897929132
8073,WMI,1287,1500,500,112,1.3166892065933358e-12,9.547918011776346e-15,0.1261856050696224
8074,DI,1287,1500,500,113,1.6555127793892954e-13,5.995204332975845e-15,0.09243047586642206
8075,WMI,1287,1500,500,113,1.3166892065933358e-12,9.547918011776346e-15,0.11815208895131946
8076,DI,1287,1500,500,114,1.6555127793892954e-13,5.995204332975845e-15,0.10001323814503849
8077,WMI,1287,1500,500,114,1.3166892065933358e-12,9.547918011776346e-15,0.12582209100946784
8078,DI,1287,1500,500,115,1.6555127793892954e-13,5.995204332975845e-15,0.09218925004824996
8079,WMI,1287,1500,500,115,1.3166892065933358e-12,9.547918011776346e-15,0.11862136190757155
8080,DI,1287,1500,500,116,1.6555127793892954e-13,5.995204332975845e-15,0.10097170388326049
8081,WMI,1287,1500,500,116,1.3166892065933358e-12,9.547918011776346e-15,0.1260440768674016
8082,DI,1287,1500,500,117,1.6555127793892954e-13,5.995204332975845e-15,0.09279477992095053
8083,WMI,1287,1500,500,117,1.3166892065933358e-12,9.547918011776346e-15,0.1193437201436609
8084,DI,1287,1500,500,118,1.6555127793892954e-13,5.995204332975845e-15,0.10157322394661605
8085,WMI,1287,1500,500,118,1.3166892065933358e-12,9.547918011776346e-15,0.12675126595422626
8086,DI,1287,1500,500,119,1.6555127793892954e-13,5.995204332975845e-15,0.09247767482884228
8087,WMI,1287,1500,500,119,1.3166892065933358e-12,9.547918011776346e-15,0.11859564203768969
8088,DI,1287,1500,500,120,1.6555127793892954e-13,5.995204332975845e-15,0.1025948990136385
8089,WMI,1287,1500,500,120,1.3166892065933358e-12,9.547918011776346e-15,0.1265071309171617
8090,DI,1287,1500,500,121,1.6555127793892954e-13,5.995204332975845e-15,0.09302895586006343
8091,WMI,1287,1500,500,121,1.3166892065933358e-12,9.547918011776346e-15,0.11840389599092305
8092,DI,1287,1500,500,122,1.6555127793892954e-13,5.995204332975845e-15,0.10020226705819368
8093,WMI,1287,1500,500,122,1.3166892065933358e-12,9.547918011776346e-15,0.12661330006085336
8094,DI,1287,1500,500,123,1.6555127793892954e-13,5.995204332975845e-15,0.09190421388484538
8095,WMI,1287,1500,500,123,1.3166892065933358e-12,9.547918011776346e-15,0.11877484992146492
8096,DI,1287,1500,500,124,1.6555127793892954e-13,5.995204332975845e-15,0.10119582107290626
8097,WMI,1287,1500,500,124,1.3166892065933358e-12,9.547918011776346e-15,0.12575953197665513
8098,DI,1287,1500,500,125,1.6555127793892954e-13,5.995204332975845e-15,0.09237967687658966
8099,WMI,1287,1500,500,125,1.3166892065933358e-12,9.547918011776346e-15,0.11895639705471694
8100,DI,1287,1500,500,126,1.6555127793892954e-13,5.995204332975845e-15,0.10089689516462386
8101,WMI,1287,1500,500,126,1.3166892065933358e-12,9.547918011776346e-15,0.12728825816884637
8102,DI,1287,1500,500,127,1.6555127793892954e-13,5.995204332975845e-15,0.09232431720010936
8103,WMI,1287,1500,500,127,1.3166892065933358e-12,9.547918011776346e-15,0.11940505006350577
8104,DI,1287,1500,500,128,1.6555127793892954e-13,5.995204332975845e-15,0.10106008313596249
8105,WMI,1287,1500,500,128,1.3166892065933358e-12,9.547918011776346e-15,0.12518261093646288
8106,DI,1287,1500,500,129,1.6555127793892954e-13,5.995204332975845e-15,0.09319739392958581
8107,WMI,1287,1500,500,129,1.3166892065933358e-12,9.547918011776346e-15,0.1194019301328808
8108,DI,1287,1500,500,130,1.6555127793892954e-13,5.995204332975845e-15,0.10034620412625372
8109,WMI,1287,1500,500,130,1.3166892065933358e-12,9.547918011776346e-15,0.12718617008067667
8110,DI,1287,1500,500,131,1.6555127793892954e-13,5.995204332975845e-15,0.09309054585173726
8111,WMI,1287,1500,500,131,1.3166892065933358e-12,9.547918011776346e-15,0.12143878918141127
8112,DI,1287,1500,500,132,1.6555127793892954e-13,5.995204332975845e-15,0.10424062400124967
8113,WMI,1287,1500,500,132,1.3166892065933358e-12,9.547918011776346e-15,0.12775501189753413
8114,DI,1287,1500,500,133,1.6555127793892954e-13,5.995204332975845e-15,0.09554141806438565
8115,WMI,1287,1500,500,133,1.3166892065933358e-12,9.547918011776346e-15,0.12078244891017675
8116,DI,1287,1500,500,134,1.6555127793892954e-13,5.995204332975845e-15,0.1070566198322922
8117,WMI,1287,1500,500,134,1.3166892065933358e-12,9.547918011776346e-15,0.12832402205094695
8118,DI,1287,1500,500,135,1.6555127793892954e-13,5.995204332975845e-15,0.09276733081787825
8119,WMI,1287,1500,500,135,1.3166892065933358e-12,9.547918011776346e-15,0.1189121981151402
8120,DI,1287,1500,500,136,1.6555127793892954e-13,5.995204332975845e-15,0.10074397805146873
8121,WMI,1287,1500,500,136,1.3166892065933358e-12,9.547918011776346e-15,0.12731981789693236
8122,DI,1287,1500,500,137,1.6555127793892954e-13,5.995204332975845e-15,0.09311045589856803
8123,WMI,1287,1500,500,137,1.3166892065933358e-12,9.547918011776346e-15,0.11882062908262014
8124,DI,1287,1500,500,138,1.6555127793892954e-13,5.995204332975845e-15,0.10325299901887774
8125,WMI,1287,1500,500,138,1.3166892065933358e-12,9.547918011776346e-15,0.12575006298720837
8126,DI,1287,1500,500,139,1.6555127793892954e-13,5.995204332975845e-15,0.09174091694876552
8127,WMI,1287,1500,500,139,1.3166892065933358e-12,9.547918011776346e-15,0.11923000309616327
8128,DI,1287,1500,500,140,1.6555127793892954e-13,5.995204332975845e-15,0.10174752189777792
8129,WMI,1287,1500,500,140,1.3166892065933358e-12,9.547918011776346e-15,0.12710620206780732
8130,DI,1287,1500,500,141,1.6555127793892954e-13,5.995204332975845e-15,0.09253316419199109
8131,WMI,1287,1500,500,141,1.3166892065933358e-12,9.547918011776346e-15,0.11858741287142038
8132,DI,1287,1500,500,142,1.6555127793892954e-13,5.995204332975845e-15,0.10063475905917585
8133,WMI,1287,1500,500,142,1.3166892065933358e-12,9.547918011776346e-15,0.1263318140991032
8134,DI,1287,1500,500,143,1.6555127793892954e-13,5.995204332975845e-15,0.09223322896286845
8135,WMI,1287,1500,500,143,1.3166892065933358e-12,9.547918011776346e-15,0.11983242398127913
8136,DI,1287,1500,500,144,1.6555127793892954e-13,5.995204332975845e-15,0.10215967590920627
8137,WMI,1287,1500,500,144,1.3166892065933358e-12,9.547918011776346e-15,0.12602946790866554
8138,DI,1287,1500,500,145,1.6555127793892954e-13,5.995204332975845e-15,0.09241649601608515
8139,WMI,1287,1500,500,145,1.3166892065933358e-12,9.547918011776346e-15,0.11925994209013879
8140,DI,1287,1500,500,146,1.6555127793892954e-13,5.995204332975845e-15,0.10104754311032593
8141,WMI,1287,1500,500,146,1.3166892065933358e-12,9.547918011776346e-15,0.12656809901818633
8142,DI,1287,1500,500,147,1.6555127793892954e-13,5.995204332975845e-15,0.09308861615136266
8143,WMI,1287,1500,500,147,1.3166892065933358e-12,9.547918011776346e-15,0.11970783490687609
8144,DI,1287,1500,500,148,1.6555127793892954e-13,5.995204332975845e-15,0.10184661112725735
8145,WMI,1287,1500,500,148,1.3166892065933358e-12,9.547918011776346e-15,0.12768664211034775
8146,DI,1287,1500,500,149,1.6555127793892954e-13,5.995204332975845e-15,0.09313353500328958
8147,WMI,1287,1500,500,149,1.3166892065933358e-12,9.547918011776346e-15,0.11868859105743468
8148,DI,1287,1500,500,150,1.6555127793892954e-13,5.995204332975845e-15,0.10310578183270991
8149,WMI,1287,1500,500,150,1.3166892065933358e-12,9.547918011776346e-15,0.12566419411450624
8150,DI,1287,1500,500,151,1.6555127793892954e-13,5.995204332975845e-15,0.09188455413095653
8151,WMI,1287,1500,500,151,1.3166892065933358e-12,9.547918011776346e-15,0.11861530295573175
8152,DI,1287,1500,500,152,1.6555127793892954e-13,5.995204332975845e-15,0.10044156201183796
8153,WMI,1287,1500,500,152,1.3166892065933358e-12,9.547918011776346e-15,0.1257252530194819
8154,DI,1287,1500,500,153,1.6555127793892954e-13,5.995204332975845e-15,0.09272651094943285
8155,WMI,1287,1500,500,153,1.3166892065933358e-12,9.547918011776346e-15,0.11872602091170847
8156,DI,1287,1500,500,154,1.6555127793892954e-13,5.995204332975845e-15,0.10135271889157593
8157,WMI,1287,1500,500,154,1.3166892065933358e-12,9.547918011776346e-15,0.1285884277895093
8158,DI,1287,1500,500,155,1.6555127793892954e-13,5.995204332975845e-15,0.09269730187952518
8159,WMI,1287,1500,500,155,1.3166892065933358e-12,9.547918011776346e-15,0.11868096212856472
8160,DI,1287,1500,500,156,1.6555127793892954e-13,5.995204332975845e-15,0.10066299885511398
8161,WMI,1287,1500,500,156,1.3166892065933358e-12,9.547918011776346e-15,0.1263613731134683
8162,DI,1287,1500,500,157,1.6555127793892954e-13,5.995204332975845e-15,0.0927618897985667
8163,WMI,1287,1500,500,157,1.3166892065933358e-12,9.547918011776346e-15,0.11925476300530136
8164,DI,1287,1500,500,158,1.6555127793892954e-13,5.995204332975845e-15,0.10086997598409653
8165,WMI,1287,1500,500,158,1.3166892065933358e-12,9.547918011776346e-15,0.1259518200531602
8166,DI,1287,1500,500,159,1.6555127793892954e-13,5.995204332975845e-15,0.09348216000944376
8167,WMI,1287,1500,500,159,1.3166892065933358e-12,9.547918011776346e-15,0.12060526199638844
8168,DI,1287,1500,500,160,1.6555127793892954e-13,5.995204332975845e-15,0.10360078397206962
8169,WMI,1287,1500,500,160,1.3166892065933358e-12,9.547918011776346e-15,0.12904263194650412
8170,DI,1287,1500,500,161,1.6555127793892954e-13,5.995204332975845e-15,0.09441546490415931
8171,WMI,1287,1500,500,161,1.3166892065933358e-12,9.547918011776346e-15,0.12017373810522258
8172,DI,1287,1500,500,162,1.6555127793892954e-13,5.995204332975845e-15,0.1037847709376365
8173,WMI,1287,1500,500,162,1.3166892065933358e-12,9.547918011776346e-15,0.1281508260872215
8174,DI,1287,1500,500,163,1.6555127793892954e-13,5.995204332975845e-15,0.09517146390862763
8175,WMI,1287,1500,500,163,1.3166892065933358e-12,9.547918011776346e-15,0.11927450215443969
8176,DI,1287,1500,500,164,1.6555127793892954e-13,5.995204332975845e-15,0.10168072301894426
8177,WMI,1287,1500,500,164,1.3166892065933358e-12,9.547918011776346e-15,0.12780070095323026
8178,DI,1287,1500,500,165,1.6555127793892954e-13,5.995204332975845e-15,0.0923912669532001
8179,WMI,1287,1500,500,165,1.3166892065933358e-12,9.547918011776346e-15,0.11983187310397625
8180,DI,1287,1500,500,166,1.6555127793892954e-13,5.995204332975845e-15,0.1005550310947001
8181,WMI,1287,1500,500,166,1.3166892065933358e-12,9.547918011776346e-15,0.1256851030047983
8182,DI,1287,1500,500,167,1.6555127793892954e-13,5.995204332975845e-15,0.09253789484500885
8183,WMI,1287,1500,500,167,1.3166892065933358e-12,9.547918011776346e-15,0.1190159369725734
8184,DI,1287,1500,500,168,1.6555127793892954e-13,5.995204332975845e-15,0.10011614812538028
8185,WMI,1287,1500,500,168,1.3166892065933358e-12,9.547918011776346e-15,0.12598505895584822
8186,DI,1287,1500,500,169,1.6555127793892954e-13,5.995204332975845e-15,0.0938346239272505
8187,WMI,1287,1500,500,169,1.3166892065933358e-12,9.547918011776346e-15,0.11900643701665103
8188,DI,1287,1500,500,170,1.6555127793892954e-13,5.995204332975845e-15,0.09987581102177501
8189,WMI,1287,1500,500,170,1.3166892065933358e-12,9.547918011776346e-15,0.1256805039010942
8190,DI,1287,1500,500,171,1.6555127793892954e-13,5.995204332975845e-15,0.09233966702595353
8191,WMI,1287,1500,500,171,1.3166892065933358e-12,9.547918011776346e-15,0.11914230394177139
8192,DI,1287,1500,500,172,1.6555127793892954e-13,5.995204332975845e-15,0.1010700729675591
8193,WMI,1287,1500,500,172,1.3166892065933358e-12,9.547918011776346e-15,0.12625081511214375
8194,DI,1287,1500,500,173,1.6555127793892954e-13,5.995204332975845e-15,0.09254574403166771
8195,WMI,1287,1500,500,173,1.3166892065933358e-12,9.547918011776346e-15,0.11884913919493556
8196,DI,1287,1500,500,174,1.6555127793892954e-13,5.995204332975845e-15,0.10100489412434399
8197,WMI,1287,1500,500,174,1.3166892065933358e-12,9.547918011776346e-15,0.1262442448642105
8198,DI,1287,1500,500,175,1.6555127793892954e-13,5.995204332975845e-15,0.09280697000212967
8199,WMI,1287,1500,500,175,1.3166892065933358e-12,9.547918011776346e-15,0.11802569078281522
8200,DI,1287,1500,500,176,1.6555127793892954e-13,5.995204332975845e-15,0.10145531594753265
8201,WMI,1287,1500,500,176,1.3166892065933358e-12,9.547918011776346e-15,0.12657715985551476
8202,DI,1287,1500,500,177,1.6555127793892954e-13,5.995204332975845e-15,0.092662702081725
8203,WMI,1287,1500,500,177,1.3166892065933358e-12,9.547918011776346e-15,0.11942205997183919
8204,DI,1287,1500,500,178,1.6555127793892954e-13,5.995204332975845e-15,0.10045771207660437
8205,WMI,1287,1500,500,178,1.3166892065933358e-12,9.547918011776346e-15,0.1262580449692905
8206,DI,1287,1500,500,179,1.6555127793892954e-13,5.995204332975845e-15,0.09207318187691271
8207,WMI,1287,1500,500,179,1.3166892065933358e-12,9.547918011776346e-15,0.11827921797521412
8208,DI,1287,1500,500,180,1.6555127793892954e-13,5.995204332975845e-15,0.1010151831433177
8209,WMI,1287,1500,500,180,1.3166892065933358e-12,9.547918011776346e-15,0.12596537894569337
8210,DI,1287,1500,500,181,1.6555127793892954e-13,5.995204332975845e-15,0.09246845496818423
8211,WMI,1287,1500,500,181,1.3166892065933358e-12,9.547918011776346e-15,0.11830852692946792
8212,DI,1287,1500,500,182,1.6555127793892954e-13,5.995204332975845e-15,0.10109382309019566
8213,WMI,1287,1500,500,182,1.3166892065933358e-12,9.547918011776346e-15,0.12662309897132218
8214,DI,1287,1500,500,183,1.6555127793892954e-13,5.995204332975845e-15,0.09189307410269976
8215,WMI,1287,1500,500,183,1.3166892065933358e-12,9.547918011776346e-15,0.11876336089335382
8216,DI,1287,1500,500,184,1.6555127793892954e-13,5.995204332975845e-15,0.10040597291663289
8217,WMI,1287,1500,500,184,1.3166892065933358e-12,9.547918011776346e-15,0.12561565497890115
8218,DI,1287,1500,500,185,1.6555127793892954e-13,5.995204332975845e-15,0.09203042183071375
8219,WMI,1287,1500,500,185,1.3166892065933358e-12,9.547918011776346e-15,0.11955838813446462
8220,DI,1287,1500,500,186,1.6555127793892954e-13,5.995204332975845e-15,0.10076544806361198
8221,WMI,1287,1500,500,186,1.3166892065933358e-12,9.547918011776346e-15,0.12688863510265946
8222,DI,1287,1500,500,187,1.6555127793892954e-13,5.995204332975845e-15,0.09241568599827588
8223,WMI,1287,1500,500,187,1.3166892065933358e-12,9.547918011776346e-15,0.11856789304874837
8224,DI,1287,1500,500,188,1.6555127793892954e-13,5.995204332975845e-15,0.10343493684194982
8225,WMI,1287,1500,500,188,1.3166892065933358e-12,9.547918011776346e-15,0.12695457320660353
8226,DI,1287,1500,500,189,1.6555127793892954e-13,5.995204332975845e-15,0.0943524360191077
8227,WMI,1287,1500,500,189,1.3166892065933358e-12,9.547918011776346e-15,0.12065815017558634
8228,DI,1287,1500,500,190,1.6555127793892954e-13,5.995204332975845e-15,0.10275743692182004
8229,WMI,1287,1500,500,190,1.3166892065933358e-12,9.547918011776346e-15,0.12784605007618666
8230,DI,1287,1500,500,191,1.6555127793892954e-13,5.995204332975845e-15,0.09564367611892521
8231,WMI,1287,1500,500,191,1.3166892065933358e-12,9.547918011776346e-15,0.1202174078207463
8232,DI,1287,1500,500,192,1.6555127793892954e-13,5.995204332975845e-15,0.10230674408376217
8233,WMI,1287,1500,500,192,1.3166892065933358e-12,9.547918011776346e-15,0.12889114394783974
8234,DI,1287,1500,500,193,1.6555127793892954e-13,5.995204332975845e-15,0.09391183289699256
8235,WMI,1287,1500,500,193,1.3166892065933358e-12,9.547918011776346e-15,0.1195812770165503
8236,DI,1287,1500,500,194,1.6555127793892954e-13,5.995204332975845e-15,0.1026846980676055
8237,WMI,1287,1500,500,194,1.3166892065933358e-12,9.547918011776346e-15,0.1268272651359439
8238,DI,1287,1500,500,195,1.6555127793892954e-13,5.995204332975845e-15,0.09428988816216588
8239,WMI,1287,1500,500,195,1.3166892065933358e-12,9.547918011776346e-15,0.11990449298173189
8240,DI,1287,1500,500,196,1.6555127793892954e-13,5.995204332975845e-15,0.09964266396127641
8241,WMI,1287,1500,500,196,1.3166892065933358e-12,9.547918011776346e-15,0.1254906770773232
8242,DI,1287,1500,500,197,1.6555127793892954e-13,5.995204332975845e-15,0.092977647902444
8243,WMI,1287,1500,500,197,1.3166892065933358e-12,9.547918011776346e-15,0.11800438188947737
8244,DI,1287,1500,500,198,1.6555127793892954e-13,5.995204332975845e-15,0.10205977782607079
8245,WMI,1287,1500,500,198,1.3166892065933358e-12,9.547918011776346e-15,0.12530683889053762
8246,DI,1287,1500,500,199,1.6555127793892954e-13,5.995204332975845e-15,0.09178920602425933
8247,WMI,1287,1500,500,199,1.3166892065933358e-12,9.547918011776346e-15,0.12004022998735309
8248,DI,1287,1500,500,200,1.6555127793892954e-13,5.995204332975845e-15,0.10070853913202882
8249,WMI,1287,1500,500,200,1.3166892065933358e-12,9.547918011776346e-15,0.1250433730892837
8250,DI,1287,1250,750,1,1.6817120843769147e-13,5.88418203051333e-15,0.10378365009091794
8251,WMI,1287,1250,750,1,21941.930139912747,105.46801462787053,0.21387212490662932
8252,ISM,1287,1250,750,1,59438773744.663055,359479908.59934276,2.6999673298560083
8253,DI,1287,1250,750,2,1.6817120843769147e-13,5.88418203051333e-15,0.1057579608168453
8254,WMI,1287,1250,750,2,21941.930139912747,105.46801462787053,0.20674816402606666
8255,ISM,1287,1250,750,2,59438773744.663055,359479908.59934276,4.424353651935235
8256,DI,1287,1250,750,3,1.6817120843769147e-13,5.88418203051333e-15,0.11554157990030944
8257,WMI,1287,1250,750,3,21941.930139912747,105.46801462787053,0.2188977280166
8258,ISM,1287,1250,750,3,59438773744.663055,359479908.59934276,2.8768443050794303
8259,DI,1287,1250,750,4,1.6817120843769147e-13,5.88418203051333e-15,0.10770879103802145
8260,WMI,1287,1250,750,4,21941.930139912747,105.46801462787053,0.20834437920711935
8261,ISM,1287,1250,750,4,59438773744.663055,359479908.59934276,5.904841871000826
8262,DI,1287,1250,750,5,1.6817120843769147e-13,5.88418203051333e-15,0.10788538795895875
8263,WMI,1287,1250,750,5,21941.930139912747,105.46801462787053,0.20946589182130992
8264,ISM,1287,1250,750,5,59438773744.663055,359479908.59934276,2.8343905590008944
8265,DI,1287,1250,750,6,1.6817120843769147e-13,5.88418203051333e-15,0.11611600103788078
8266,WMI,1287,1250,750,6,21941.930139912747,105.46801462787053,0.21892002713866532
8267,ISM,1287,1250,750,6,59438773744.663055,359479908.59934276,2.7357913278974593
8268,DI,1287,1250,750,7,1.6817120843769147e-13,5.88418203051333e-15,0.10374048189260066
8269,WMI,1287,1250,750,7,21941.930139912747,105.46801462787053,0.20805351389572024
8270,ISM,1287,1250,750,7,59438773744.663055,359479908.59934276,5.883250201819465
8271,DI,1287,1250,750,8,1.6817120843769147e-13,5.88418203051333e-15,0.10457353014498949
8272,WMI,1287,1250,750,8,21941.930139912747,105.46801462787053,0.2080627651885152
8273,ISM,1287,1250,750,8,59438773744.663055,359479908.59934276,2.829665887868032
8274,DI,1287,1250,750,9,1.6817120843769147e-13,5.88418203051333e-15,0.11558401002548635
8275,WMI,1287,1250,750,9,21941.930139912747,105.46801462787053,0.21988906292244792
8276,ISM,1287,1250,750,9,59438773744.663055,359479908.59934276,2.8449450528714806
8277,DI,1287,1250,750,10,1.6817120843769147e-13,5.88418203051333e-15,0.108096705051139
8278,WMI,1287,1250,750,10,21941.930139912747,105.46801462787053,0.20934306597337127
8279,ISM,1287,1250,750,10,59438773744.663055,359479908.59934276,5.946955387014896
8280,DI,1287,1250,750,11,1.6817120843769147e-13,5.88418203051333e-15,0.10485200490802526
8281,WMI,1287,1250,750,11,21941.930139912747,105.46801462787053,0.20787729788571596
8282,ISM,1287,1250,750,11,59438773744.663055,359479908.59934276,2.7341214620973915
8283,DI,1287,1250,750,12,1.6817120843769147e-13,5.88418203051333e-15,0.11576976720243692
8284,WMI,1287,1250,750,12,21941.930139912747,105.46801462787053,0.22120641288347542
8285,ISM,1287,1250,750,12,59438773744.663055,359479908.59934276,2.878367457073182
8286,DI,1287,1250,750,13,1.6817120843769147e-13,5.88418203051333e-15,0.10529868816956878
8287,WMI,1287,1250,750,13,21941.930139912747,105.46801462787053,0.20791054796427488
8288,ISM,1287,1250,750,13,59438773744.663055,359479908.59934276,5.885732559021562
8289,DI,1287,1250,750,14,1.6817120843769147e-13,5.88418203051333e-15,0.10696157207712531
8290,WMI,1287,1250,750,14,21941.930139912747,105.46801462787053,0.20956426300108433
8291,ISM,1287,1250,750,14,59438773744.663055,359479908.59934276,2.7319962619803846
8292,DI,1287,1250,750,15,1.6817120843769147e-13,5.88418203051333e-15,0.11602379288524389
8293,WMI,1287,1250,750,15,21941.930139912747,105.46801462787053,0.21799089293926954
8294,ISM,1287,1250,750,15,59438773744.663055,359479908.59934276,2.7510705089662224
8295,DI,1287,1250,750,16,1.6817120843769147e-13,5.88418203051333e-15,0.10373970214277506
8296,WMI,1287,1250,750,16,21941.930139912747,105.46801462787053,0.2086327860597521
8297,ISM,1287,1250,750,16,59438773744.663055,359479908.59934276,5.927907389821485
8298,DI,1287,1250,750,17,1.6817120843769147e-13,5.88418203051333e-15,0.10479507595300674
8299,WMI,1287,1250,750,17,21941.930139912747,105.46801462787053,0.20953787304461002
8300,ISM,1287,1250,750,17,59438773744.663055,359479908.59934276,2.8115865970030427
8301,DI,1287,1250,750,18,1.6817120843769147e-13,5.88418203051333e-15,0.11455032485537231
8302,WMI,1287,1250,750,18,21941.930139912747,105.46801462787053,0.21743147121742368
8303,ISM,1287,1250,750,18,59438773744.663055,359479908.59934276,2.704164770897478
8304,DI,1287,1250,750,19,1.6817120843769147e-13,5.88418203051333e-15,0.10410935711115599
8305,WMI,1287,1250,750,19,21941.930139912747,105.46801462787053,0.21040123887360096
8306,ISM,1287,1250,750,19,59438773744.663055,359479908.59934276,5.961574870860204
8307,DI,1287,1250,750,20,1.6817120843769147e-13,5.88418203051333e-15,0.10662607802078128
8308,WMI,1287,1250,750,20,21941.930139912747,105.46801462787053,0.21150248288176954
8309,ISM,1287,1250,750,20,59438773744.663055,359479908.59934276,2.806085221003741
8310,DI,1287,1250,750,21,1.6817120843769147e-13,5.88418203051333e-15,0.11444089701399207
8311,WMI,1287,1250,750,21,21941.930139912747,105.46801462787053,0.21570140798576176
8312,ISM,1287,1250,750,21,59438773744.663055,359479908.59934276,2.7052184748463333
8313,DI,1287,1250,750,22,1.6817120843769147e-13,5.88418203051333e-15,0.10454190894961357
8314,WMI,1287,1250,750,22,21941.930139912747,105.46801462787053,0.20954602118581533
8315,ISM,1287,1250,750,22,59438773744.663055,359479908.59934276,6.326929718954489
8316,DI,1287,1250,750,23,1.6817120843769147e-13,5.88418203051333e-15,0.10444250097498298
8317,WMI,1287,1250,750,23,21941.930139912747,105.46801462787053,0.20890079089440405
8318,ISM,1287,1250,750,23,59438773744.663055,359479908.59934276,2.7043097398709506
8319,DI,1287,1250,750,24,1.6817120843769147e-13,5.88418203051333e-15,0.11378760705702007
8320,WMI,1287,1250,750,24,21941.930139912747,105.46801462787053,0.21683060890063643
8321,ISM,1287,1250,750,24,59438773744.663055,359479908.59934276,2.714338365010917
8322,DI,1287,1250,750,25,1.6817120843769147e-13,5.88418203051333e-15,0.1039978270418942
8323,WMI,1287,1250,750,25,21941.930139912747,105.46801462787053,0.20985718606971204
8324,ISM,1287,1250,750,25,59438773744.663055,359479908.59934276,6.2617130319122225
8325,DI,1287,1250,750,26,1.6817120843769147e-13,5.88418203051333e-15,0.10729738580994308
8326,WMI,1287,1250,750,26,21941.930139912747,105.46801462787053,0.21005977387540042
8327,ISM,1287,1250,750,26,59438773744.663055,359479908.59934276,2.6930233540479094
8328,DI,1287,1250,750,27,1.6817120843769147e-13,5.88418203051333e-15,0.11371247819624841
8329,WMI,1287,1250,750,27,21941.930139912747,105.46801462787053,0.21517777396366
8330,ISM,1287,1250,750,27,59438773744.663055,359479908.59934276,2.706838420126587
8331,DI,1287,1250,750,28,1.6817120843769147e-13,5.88418203051333e-15,0.10456381784752011
8332,WMI,1287,1250,750,28,21941.930139912747,105.46801462787053,0.20963611011393368
8333,ISM,1287,1250,750,28,59438773744.663055,359479908.59934276,6.069117470877245
8334,DI,1287,1250,750,29,1.6817120843769147e-13,5.88418203051333e-15,0.10466561699286103
8335,WMI,1287,1250,750,29,21941.930139912747,105.46801462787053,0.20929182483814657
8336,ISM,1287,1250,750,29,59438773744.663055,359479908.59934276,2.7161816470324993
8337,DI,1287,1250,750,30,1.6817120843769147e-13,5.88418203051333e-15,0.11440475704148412
8338,WMI,1287,1250,750,30,21941.930139912747,105.46801462787053,0.21921166311949492
8339,ISM,1287,1250,750,30,59438773744.663055,359479908.59934276,2.714215016923845
8340,DI,1287,1250,750,31,1.6817120843769147e-13,5.88418203051333e-15,0.10412687505595386
8341,WMI,1287,1250,750,31,21941.930139912747,105.46801462787053,0.21081824111752212
8342,ISM,1287,1250,750,31,59438773744.663055,359479908.59934276,6.101384123787284
8343,DI,1287,1250,750,32,1.6817120843769147e-13,5.88418203051333e-15,0.10485461400821805
8344,WMI,1287,1250,750,32,21941.930139912747,105.46801462787053,0.2120911618694663
8345,ISM,1287,1250,750,32,59438773744.663055,359479908.59934276,2.6985045289620757
8346,DI,1287,1250,750,33,1.6817120843769147e-13,5.88418203051333e-15,0.11298154015094042
8347,WMI,1287,1250,750,33,21941.930139912747,105.46801462787053,0.2150894550140947
8348,ISM,1287,1250,750,33,59438773744.663055,359479908.59934276,2.714002500055358
8349,DI,1287,1250,750,34,1.6817120843769147e-13,5.88418203051333e-15,0.10646380996331573
8350,WMI,1287,1250,750,34,21941.930139912747,105.46801462787053,0.21133888396434486
8351,ISM,1287,1250,750,34,59438773744.663055,359479908.59934276,6.55365906492807
8352,DI,1287,1250,750,35,1.6817120843769147e-13,5.88418203051333e-15,0.10458331811241806
8353,WMI,1287,1250,750,35,21941.930139912747,105.46801462787053,0.20999748399481177
8354,ISM,1287,1250,750,35,59438773744.663055,359479908.59934276,2.72304700803943
8355,DI,1287,1250,750,36,1.6817120843769147e-13,5.88418203051333e-15,0.11553797405213118
8356,WMI,1287,1250,750,36,21941.930139912747,105.46801462787053,0.21857940079644322
8357,ISM,1287,1250,750,36,59438773744.663055,359479908.59934276,2.8206618139520288
8358,DI,1287,1250,750,37,1.6817120843769147e-13,5.88418203051333e-15,0.1071332439314574
8359,WMI,1287,1250,750,37,21941.930139912747,105.46801462787053,0.21061516413465142
8360,ISM,1287,1250,750,37,59438773744.663055,359479908.59934276,6.4309588498435915
8361,DI,1287,1250,750,38,1.6817120843769147e-13,5.88418203051333e-15,0.10498017678037286
8362,WMI,1287,1250,750,38,21941.930139912747,105.46801462787053,0.20874801301397383
8363,ISM,1287,1250,750,38,59438773744.663055,359479908.59934276,2.687017459888011
8364,DI,1287,1250,750,39,1.6817120843769147e-13,5.88418203051333e-15,0.11493451287969947
8365,WMI,1287,1250,750,39,21941.930139912747,105.46801462787053,0.21806754893623292
8366,ISM,1287,1250,750,39,59438773744.663055,359479908.59934276,2.830651570111513
8367,DI,1287,1250,750,40,1.6817120843769147e-13,5.88418203051333e-15,0.10718614282086492
8368,WMI,1287,1250,750,40,21941.930139912747,105.46801462787053,0.2116268090903759
8369,ISM,1287,1250,750,40,59438773744.663055,359479908.59934276,6.5122518830467016
8370,DI,1287,1250,750,41,1.6817120843769147e-13,5.88418203051333e-15,0.10521349404007196
8371,WMI,1287,1250,750,41,21941.930139912747,105.46801462787053,0.20940419286489487
8372,ISM,1287,1250,750,41,59438773744.663055,359479908.59934276,2.697096954099834
8373,DI,1287,1250,750,42,1.6817120843769147e-13,5.88418203051333e-15,0.11288680485449731
8374,WMI,1287,1250,750,42,21941.930139912747,105.46801462787053,0.21626903605647385
8375,ISM,1287,1250,750,42,59438773744.663055,359479908.59934276,2.7223334840964526
8376,DI,1287,1250,750,43,1.6817120843769147e-13,5.88418203051333e-15,0.10467450204305351
8377,WMI,1287,1250,750,43,21941.930139912747,105.46801462787053,0.2107741020154208
8378,ISM,1287,1250,750,43,59438773744.663055,359479908.59934276,6.352805278962478
8379,DI,1287,1250,750,44,1.6817120843769147e-13,5.88418203051333e-15,0.10645217495039105
8380,WMI,1287,1250,750,44,21941.930139912747,105.46801462787053,0.20854817586950958
8381,ISM,1287,1250,750,44,59438773744.663055,359479908.59934276,2.687901636119932
8382,DI,1287,1250,750,45,1.6817120843769147e-13,5.88418203051333e-15,0.11365764285437763
8383,WMI,1287,1250,750,45,21941.930139912747,105.46801462787053,0.21506939479149878
8384,ISM,1287,1250,750,45,59438773744.663055,359479908.59934276,2.810857106000185
8385,DI,1287,1250,750,46,1.6817120843769147e-13,5.88418203051333e-15,0.10581508395262063
8386,WMI,1287,1250,750,46,21941.930139912747,105.46801462787053,0.21002444298937917
8387,ISM,1287,1250,750,46,59438773744.663055,359479908.59934276,5.896076569799334
8388,DI,1287,1250,750,47,1.6817120843769147e-13,5.88418203051333e-15,0.10460919188335538
8389,WMI,1287,1250,750,47,21941.930139912747,105.46801462787053,0.20967518794350326
8390,ISM,1287,1250,750,47,59438773744.663055,359479908.59934276,2.7812553429976106
8391,DI,1287,1250,750,48,1.6817120843769147e-13,5.88418203051333e-15,0.11643053009174764
8392,WMI,1287,1250,750,48,21941.930139912747,105.46801462787053,0.21904711285606027
8393,ISM,1287,1250,750,48,59438773744.663055,359479908.59934276,2.7207546629942954
8394,DI,1287,1250,750,49,1.6817120843769147e-13,5.88418203051333e-15,0.10448799910955131
8395,WMI,1287,1250,750,49,21941.930139912747,105.46801462787053,0.20969676808454096
8396,ISM,1287,1250,750,49,59438773744.663055,359479908.59934276,5.998154212953523
8397,DI,1287,1250,750,50,1.6817120843769147e-13,5.88418203051333e-15,0.10889816493727267
8398,WMI,1287,1250,750,50,21941.930139912747,105.46801462787053,0.21455697086639702
8399,ISM,1287,1250,750,50,59438773744.663055,359479908.59934276,2.835838364204392
8400,DI,1287,1250,750,51,1.6817120843769147e-13,5.88418203051333e-15,0.11399942496791482
8401,WMI,1287,1250,750,51,21941.930139912747,105.46801462787053,0.21742721600458026
8402,DI,1287,1250,750,52,1.6817120843769147e-13,5.88418203051333e-15,0.10383680486120284
8403,WMI,1287,1250,750,52,21941.930139912747,105.46801462787053,0.20926724397577345
8404,DI,1287,1250,750,53,1.6817120843769147e-13,5.88418203051333e-15,0.11291927099227905
8405,WMI,1287,1250,750,53,21941.930139912747,105.46801462787053,0.21600860892795026
8406,DI,1287,1250,750,54,1.6817120843769147e-13,5.88418203051333e-15,0.10393338301219046
8407,WMI,1287,1250,750,54,21941.930139912747,105.46801462787053,0.20869780308566988
8408,DI,1287,1250,750,55,1.6817120843769147e-13,5.88418203051333e-15,0.11066939705051482
8409,WMI,1287,1250,750,55,21941.930139912747,105.46801462787053,0.216659588040784
8410,DI,1287,1250,750,56,1.6817120843769147e-13,5.88418203051333e-15,0.10249465610831976
8411,WMI,1287,1250,750,56,21941.930139912747,105.46801462787053,0.21023826906457543
8412,DI,1287,1250,750,57,1.6817120843769147e-13,5.88418203051333e-15,0.11208007484674454
8413,WMI,1287,1250,750,57,21941.930139912747,105.46801462787053,0.2160839370917529
8414,DI,1287,1250,750,58,1.6817120843769147e-13,5.88418203051333e-15,0.10410232096910477
8415,WMI,1287,1250,750,58,21941.930139912747,105.46801462787053,0.20940639288164675
8416,DI,1287,1250,750,59,1.6817120843769147e-13,5.88418203051333e-15,0.11289730202406645
8417,WMI,1287,1250,750,59,21941.930139912747,105.46801462787053,0.2172206190880388
8418,DI,1287,1250,750,60,1.6817120843769147e-13,5.88418203051333e-15,0.10361281898804009
8419,WMI,1287,1250,750,60,21941.930139912747,105.46801462787053,0.21133563201874495
8420,DI,1287,1250,750,61,1.6817120843769147e-13,5.88418203051333e-15,0.11357974098064005
8421,WMI,1287,1250,750,61,21941.930139912747,105.46801462787053,0.21921201888471842
8422,DI,1287,1250,750,62,1.6817120843769147e-13,5.88418203051333e-15,0.10631289589218795
8423,WMI,1287,1250,750,62,21941.930139912747,105.46801462787053,0.21074391109868884
8424,DI,1287,1250,750,63,1.6817120843769147e-13,5.88418203051333e-15,0.11335222516208887
8425,WMI,1287,1250,750,63,21941.930139912747,105.46801462787053,0.21819045394659042
8426,DI,1287,1250,750,64,1.6817120843769147e-13,5.88418203051333e-15,0.10413879016414285
8427,WMI,1287,1250,750,64,21941.930139912747,105.46801462787053,0.21059076394885778
8428,DI,1287,1250,750,65,1.6817120843769147e-13,5.88418203051333e-15,0.1123152410145849
8429,WMI,1287,1250,750,65,21941.930139912747,105.46801462787053,0.21924043796025217
8430,DI,1287,1250,750,66,1.6817120843769147e-13,5.88418203051333e-15,0.1057019957806915
8431,WMI,1287,1250,750,66,21941.930139912747,105.46801462787053,0.2118012250866741
8432,DI,1287,1250,750,67,1.6817120843769147e-13,5.88418203051333e-15,0.11392506584525108
8433,WMI,1287,1250,750,67,21941.930139912747,105.46801462787053,0.21823447290807962
8434,DI,1287,1250,750,68,1.6817120843769147e-13,5.88418203051333e-15,0.1049873570445925
8435,WMI,1287,1250,750,68,21941.930139912747,105.46801462787053,0.21111145592294633
8436,DI,1287,1250,750,69,1.6817120843769147e-13,5.88418203051333e-15,0.1156689787749201
8437,WMI,1287,1250,750,69,21941.930139912747,105.46801462787053,0.21733431797474623
8438,DI,1287,1250,750,70,1.6817120843769147e-13,5.88418203051333e-15,0.10537084098905325
8439,WMI,1287,1250,750,70,21941.930139912747,105.46801462787053,0.20997807290405035
8440,DI,1287,1250,750,71,1.6817120843769147e-13,5.88418203051333e-15,0.11140588507987559
8441,WMI,1287,1250,750,71,21941.930139912747,105.46801462787053,0.21663379902020097
8442,DI,1287,1250,750,72,1.6817120843769147e-13,5.88418203051333e-15,0.10274904198013246
8443,WMI,1287,1250,750,72,21941.930139912747,105.46801462787053,0.207376565085724
8444,DI,1287,1250,750,73,1.6817120843769147e-13,5.88418203051333e-15,0.11295803100802004
8445,WMI,1287,1250,750,73,21941.930139912747,105.46801462787053,0.21723651001229882
8446,DI,1287,1250,750,74,1.6817120843769147e-13,5.88418203051333e-15,0.1034910308662802
8447,WMI,1287,1250,750,74,21941.930139912747,105.46801462787053,0.21054177498444915
8448,DI,1287,1250,750,75,1.6817120843769147e-13,5.88418203051333e-15,0.1098230208735913
8449,WMI,1287,1250,750,75,21941.930139912747,105.46801462787053,0.21692894399166107
8450,DI,1287,1250,750,76,1.6817120843769147e-13,5.88418203051333e-15,0.1021376708522439
8451,WMI,1287,1250,750,76,21941.930139912747,105.46801462787053,0.20871690311469138
8452,DI,1287,1250,750,77,1.6817120843769147e-13,5.88418203051333e-15,0.11062618810683489
8453,WMI,1287,1250,750,77,21941.930139912747,105.46801462787053,0.21573088318109512
8454,DI,1287,1250,750,78,1.6817120843769147e-13,5.88418203051333e-15,0.1032852940261364
8455,WMI,1287,1250,750,78,21941.930139912747,105.46801462787053,0.20847120694816113
8456,DI,1287,1250,750,79,1.6817120843769147e-13,5.88418203051333e-15,0.11247343919239938
8457,WMI,1287,1250,750,79,21941.930139912747,105.46801462787053,0.21832849201746285
8458,DI,1287,1250,750,80,1.6817120843769147e-13,5.88418203051333e-15,0.1032897331751883
8459,WMI,1287,1250,750,80,21941.930139912747,105.46801462787053,0.20759136113338172
8460,DI,1287,1250,750,81,1.6817120843769147e-13,5.88418203051333e-15,0.11095767212100327
8461,WMI,1287,1250,750,81,21941.930139912747,105.46801462787053,0.21794251794926822
8462,DI,1287,1250,750,82,1.6817120843769147e-13,5.88418203051333e-15,0.10424878797493875
8463,WMI,1287,1250,750,82,21941.930139912747,105.46801462787053,0.20854215580038726
8464,DI,1287,1250,750,83,1.6817120843769147e-13,5.88418203051333e-15,0.11204313603229821
8465,WMI,1287,1250,750,83,21941.930139912747,105.46801462787053,0.2159634600393474
8466,DI,1287,1250,750,84,1.6817120843769147e-13,5.88418203051333e-15,0.10315565508790314
8467,WMI,1287,1250,750,84,21941.930139912747,105.46801462787053,0.20972734689712524
8468,DI,1287,1250,750,85,1.6817120843769147e-13,5.88418203051333e-15,0.11164156207814813
8469,WMI,1287,1250,750,85,21941.930139912747,105.46801462787053,0.21592824021354318
8470,DI,1287,1250,750,86,1.6817120843769147e-13,5.88418203051333e-15,0.104520324151963
8471,WMI,1287,1250,750,86,21941.930139912747,105.46801462787053,0.21004335302859545
8472,DI,1287,1250,750,87,1.6817120843769147e-13,5.88418203051333e-15,0.11271254508756101
8473,WMI,1287,1250,750,87,21941.930139912747,105.46801462787053,0.2198121880646795
8474,DI,1287,1250,750,88,1.6817120843769147e-13,5.88418203051333e-15,0.10465708211995661
8475,WMI,1287,1250,750,88,21941.930139912747,105.46801462787053,0.2111978039611131
8476,DI,1287,1250,750,89,1.6817120843769147e-13,5.88418203051333e-15,0.11396468593738973
8477,WMI,1287,1250,750,89,21941.930139912747,105.46801462787053,0.2193127570208162
8478,DI,1287,1250,750,90,1.6817120843769147e-13,5.88418203051333e-15,0.10852146102115512
8479,WMI,1287,1250,750,90,21941.930139912747,105.46801462787053,0.21291978703811765
8480,DI,1287,1250,750,91,1.6817120843769147e-13,5.88418203051333e-15,0.11460678605362773
8481,WMI,1287,1250,750,91,21941.930139912747,105.46801462787053,0.21954103303141892
8482,DI,1287,1250,750,92,1.6817120843769147e-13,5.88418203051333e-15,0.10558014689013362
8483,WMI,1287,1250,750,92,21941.930139912747,105.46801462787053,0.21290737693198025
8484,DI,1287,1250,750,93,1.6817120843769147e-13,5.88418203051333e-15,0.11346357292495668
8485,WMI,1287,1250,750,93,21941.930139912747,105.46801462787053,0.22103161015547812
8486,DI,1287,1250,750,94,1.6817120843769147e-13,5.88418203051333e-15,0.10616908897645772
8487,WMI,1287,1250,750,94,21941.930139912747,105.46801462787053,0.21115256496705115
8488,DI,1287,1250,750,95,1.6817120843769147e-13,5.88418203051333e-15,0.11273011495359242
8489,WMI,1287,1250,750,95,21941.930139912747,105.46801462787053,0.22016532300040126
8490,DI,1287,1250,750,96,1.6817120843769147e-13,5.88418203051333e-15,0.10436549689620733
8491,WMI,1287,1250,750,96,21941.930139912747,105.46801462787053,0.21195363206788898
8492,DI,1287,1250,750,97,1.6817120843769147e-13,5.88418203051333e-15,0.11333214491605759
8493,WMI,1287,1250,750,97,21941.930139912747,105.46801462787053,0.22028305218555033
8494,DI,1287,1250,750,98,1.6817120843769147e-13,5.88418203051333e-15,0.10572319501079619
8495,WMI,1287,1250,750,98,21941.930139912747,105.46801462787053,0.21030991803854704
8496,DI,1287,1250,750,99,1.6817120843769147e-13,5.88418203051333e-15,0.1110213219653815
8497,WMI,1287,1250,750,99,21941.930139912747,105.46801462787053,0.21578703192062676
8498,DI,1287,1250,750,100,1.6817120843769147e-13,5.88418203051333e-15,0.10268994304351509
8499,WMI,1287,1250,750,100,21941.930139912747,105.46801462787053,0.20971353794448078
8500,DI,1287,1250,750,101,1.6817120843769147e-13,5.88418203051333e-15,0.11154973297379911
8501,WMI,1287,1250,750,101,21941.930139912747,105.46801462787053,0.2165084509178996
8502,DI,1287,1250,750,102,1.6817120843769147e-13,5.88418203051333e-15,0.10442322585731745
8503,WMI,1287,1250,750,102,21941.930139912747,105.46801462787053,0.2086261948570609
8504,DI,1287,1250,750,103,1.6817120843769147e-13,5.88418203051333e-15,0.11105987103655934
8505,WMI,1287,1250,750,103,21941.930139912747,105.46801462787053,0.21627601399086416
8506,DI,1287,1250,750,104,1.6817120843769147e-13,5.88418203051333e-15,0.10287972982041538
8507,WMI,1287,1250,750,104,21941.930139912747,105.46801462787053,0.20861293305642903
8508,DI,1287,1250,750,105,1.6817120843769147e-13,5.88418203051333e-15,0.11253477493301034
8509,WMI,1287,1250,750,105,21941.930139912747,105.46801462787053,0.21481868904083967
8510,DI,1287,1250,750,106,1.6817120843769147e-13,5.88418203051333e-15,0.10420208401046693
8511,WMI,1287,1250,750,106,21941.930139912747,105.46801462787053,0.20870859292335808
8512,DI,1287,1250,750,107,1.6817120843769147e-13,5.88418203051333e-15,0.11128081404604018
8513,WMI,1287,1250,750,107,21941.930139912747,105.46801462787053,0.2165740008931607
8514,DI,1287,1250,750,108,1.6817120843769147e-13,5.88418203051333e-15,0.10273718601092696
8515,WMI,1287,1250,750,108,21941.930139912747,105.46801462787053,0.20916481502354145
8516,DI,1287,1250,750,109,1.6817120843769147e-13,5.88418203051333e-15,0.11048762686550617
8517,WMI,1287,1250,750,109,21941.930139912747,105.46801462787053,0.21675963792949915
8518,DI,1287,1250,750,110,1.6817120843769147e-13,5.88418203051333e-15,0.10326331807300448
8519,WMI,1287,1250,750,110,21941.930139912747,105.46801462787053,0.20948954112827778
8520,DI,1287,1250,750,111,1.6817120843769147e-13,5.88418203051333e-15,0.11055566603317857
8521,WMI,1287,1250,750,111,21941.930139912747,105.46801462787053,0.216078459052369
8522,DI,1287,1250,750,112,1.6817120843769147e-13,5.88418203051333e-15,0.10275933588854969
8523,WMI,1287,1250,750,112,21941.930139912747,105.46801462787053,0.20984102482907474
8524,DI,1287,1250,750,113,1.6817120843769147e-13,5.88418203051333e-15,0.1119157241191715
8525,WMI,1287,1250,750,113,21941.930139912747,105.46801462787053,0.2176297048572451
8526,DI,1287,1250,750,114,1.6817120843769147e-13,5.88418203051333e-15,0.10311966994777322
8527,WMI,1287,1250,750,114,21941.930139912747,105.46801462787053,0.2105265751015395
8528,DI,1287,1250,750,115,1.6817120843769147e-13,5.88418203051333e-15,0.11204209201969206
8529,WMI,1287,1250,750,115,21941.930139912747,105.46801462787053,0.21605299902148545
8530,DI,1287,1250,750,116,1.6817120843769147e-13,5.88418203051333e-15,0.10331300809048116
8531,WMI,1287,1250,750,116,21941.930139912747,105.46801462787053,0.21242482494562864
8532,DI,1287,1250,750,117,1.6817120843769147e-13,5.88418203051333e-15,0.11465162294916809
8533,WMI,1287,1250,750,117,21941.930139912747,105.46801462787053,0.22091427398845553
8534,DI,1287,1250,750,118,1.6817120843769147e-13,5.88418203051333e-15,0.10553073300980031
8535,WMI,1287,1250,750,118,21941.930139912747,105.46801462787053,0.21209536003880203
8536,DI,1287,1250,750,119,1.6817120843769147e-13,5.88418203051333e-15,0.11264910385943949
8537,WMI,1287,1250,750,119,21941.930139912747,105.46801462787053,0.2177929230965674
8538,DI,1287,1250,750,120,1.6817120843769147e-13,5.88418203051333e-15,0.10343166603706777
8539,WMI,1287,1250,750,120,21941.930139912747,105.46801462787053,0.2090313679073006
8540,DI,1287,1250,750,121,1.6817120843769147e-13,5.88418203051333e-15,0.11187776504084468
8541,WMI,1287,1250,750,121,21941.930139912747,105.46801462787053,0.2167909280396998
8542,DI,1287,1250,750,122,1.6817120843769147e-13,5.88418203051333e-15,0.10417063417844474
8543,WMI,1287,1250,750,122,21941.930139912747,105.46801462787053,0.20891756983473897
8544,DI,1287,1250,750,123,1.6817120843769147e-13,5.88418203051333e-15,0.11088435095734894
8545,WMI,1287,1250,750,123,21941.930139912747,105.46801462787053,0.2158349729143083
8546,DI,1287,1250,750,124,1.6817120843769147e-13,5.88418203051333e-15,0.10567053104750812
8547,WMI,1287,1250,750,124,21941.930139912747,105.46801462787053,0.21100774803198874
8548,DI,1287,1250,750,125,1.6817120843769147e-13,5.88418203051333e-15,0.11166167911142111
8549,WMI,1287,1250,750,125,21941.930139912747,105.46801462787053,0.2161492279265076
8550,DI,1287,1250,750,126,1.6817120843769147e-13,5.88418203051333e-15,0.10455233789980412
8551,WMI,1287,1250,750,126,21941.930139912747,105.46801462787053,0.20891185011714697
8552,DI,1287,1250,750,127,1.6817120843769147e-13,5.88418203051333e-15,0.11085449089296162
8553,WMI,1287,1250,750,127,21941.930139912747,105.46801462787053,0.21674686903133988
8554,DI,1287,1250,750,128,1.6817120843769147e-13,5.88418203051333e-15,0.10254703904502094
8555,WMI,1287,1250,750,128,21941.930139912747,105.46801462787053,0.2087563220411539
8556,DI,1287,1250,750,129,1.6817120843769147e-13,5.88418203051333e-15,0.11209547286853194
8557,WMI,1287,1250,750,129,21941.930139912747,105.46801462787053,0.21657079202122986
8558,DI,1287,1250,750,130,1.6817120843769147e-13,5.88418203051333e-15,0.10396606707945466
8559,WMI,1287,1250,750,130,21941.930139912747,105.46801462787053,0.21001398214139044
8560,DI,1287,1250,750,131,1.6817120843769147e-13,5.88418203051333e-15,0.11106205801479518
8561,WMI,1287,1250,750,131,21941.930139912747,105.46801462787053,0.2165055819787085
8562,DI,1287,1250,750,132,1.6817120843769147e-13,5.88418203051333e-15,0.10275291604921222
8563,WMI,1287,1250,750,132,21941.930139912747,105.46801462787053,0.2074558928143233
8564,DI,1287,1250,750,133,1.6817120843769147e-13,5.88418203051333e-15,0.11033231904730201
8565,WMI,1287,1250,750,133,21941.930139912747,105.46801462787053,0.21613349788822234
8566,DI,1287,1250,750,134,1.6817120843769147e-13,5.88418203051333e-15,0.10382124991156161
8567,WMI,1287,1250,750,134,21941.930139912747,105.46801462787053,0.20793196489103138
8568,DI,1287,1250,750,135,1.6817120843769147e-13,5.88418203051333e-15,0.11134913307614625
8569,WMI,1287,1250,750,135,21941.930139912747,105.46801462787053,0.216663780156523
8570,DI,1287,1250,750,136,1.6817120843769147e-13,5.88418203051333e-15,0.10422231303527951
8571,WMI,1287,1250,750,136,21941.930139912747,105.46801462787053,0.21062550297938287
8572,DI,1287,1250,750,137,1.6817120843769147e-13,5.88418203051333e-15,0.11424467898905277
8573,WMI,1287,1250,750,137,21941.930139912747,105.46801462787053,0.2199275300372392
8574,DI,1287,1250,750,138,1.6817120843769147e-13,5.88418203051333e-15,0.10680532292462885
8575,WMI,1287,1250,750,138,21941.930139912747,105.46801462787053,0.21191253303550184
8576,DI,1287,1250,750,139,1.6817120843769147e-13,5.88418203051333e-15,0.11116127716377378
8577,WMI,1287,1250,750,139,21941.930139912747,105.46801462787053,0.21701340493746102
8578,DI,1287,1250,750,140,1.6817120843769147e-13,5.88418203051333e-15,0.10343029513023794
8579,WMI,1287,1250,750,140,21941.930139912747,105.46801462787053,0.20947543089278042
8580,DI,1287,1250,750,141,1.6817120843769147e-13,5.88418203051333e-15,0.11346455104649067
8581,WMI,1287,1250,750,141,21941.930139912747,105.46801462787053,0.21699786488898098
8582,DI,1287,1250,750,142,1.6817120843769147e-13,5.88418203051333e-15,0.10392868798226118
8583,WMI,1287,1250,750,142,21941.930139912747,105.46801462787053,0.20887416996993124
8584,DI,1287,1250,750,143,1.6817120843769147e-13,5.88418203051333e-15,0.11110885697416961
8585,WMI,1287,1250,750,143,21941.930139912747,105.46801462787053,0.2165579020511359
8586,DI,1287,1250,750,144,1.6817120843769147e-13,5.88418203051333e-15,0.1025384000968188
8587,WMI,1287,1250,750,144,21941.930139912747,105.46801462787053,0.20982415578328073
8588,DI,1287,1250,750,145,1.6817120843769147e-13,5.88418203051333e-15,0.11106443777680397
8589,WMI,1287,1250,750,145,21941.930139912747,105.46801462787053,0.21687182690948248
8590,DI,1287,1250,750,146,1.6817120843769147e-13,5.88418203051333e-15,0.102883504005149
8591,WMI,1287,1250,750,146,21941.930139912747,105.46801462787053,0.20978033705614507
8592,DI,1287,1250,750,147,1.6817120843769147e-13,5.88418203051333e-15,0.11160668008960783
8593,WMI,1287,1250,750,147,21941.930139912747,105.46801462787053,0.2196447141468525
8594,DI,1287,1250,750,148,1.6817120843769147e-13,5.88418203051333e-15,0.10271778702735901
8595,WMI,1287,1250,750,148,21941.930139912747,105.46801462787053,0.2090787768829614
8596,DI,1287,1250,750,149,1.6817120843769147e-13,5.88418203051333e-15,0.11121782497502863
8597,WMI,1287,1250,750,149,21941.930139912747,105.46801462787053,0.2148427478969097
8598,DI,1287,1250,750,150,1.6817120843769147e-13,5.88418203051333e-15,0.10325563815422356
8599,WMI,1287,1250,750,150,21941.930139912747,105.46801462787053,0.20809264201670885
8600,DI,1287,1250,750,151,1.6817120843769147e-13,5.88418203051333e-15,0.11191646405495703
8601,WMI,1287,1250,750,151,21941.930139912747,105.46801462787053,0.21711982297711074
8602,DI,1287,1250,750,152,1.6817120843769147e-13,5.88418203051333e-15,0.10364711214788258
8603,WMI,1287,1250,750,152,21941.930139912747,105.46801462787053,0.2086674130987376
8604,DI,1287,1250,750,153,1.6817120843769147e-13,5.88418203051333e-15,0.11397260311059654
8605,WMI,1287,1250,750,153,21941.930139912747,105.46801462787053,0.2163573750294745
8606,DI,1287,1250,750,154,1.6817120843769147e-13,5.88418203051333e-15,0.10315539012663066
8607,WMI,1287,1250,750,154,21941.930139912747,105.46801462787053,0.20874141296371818
8608,DI,1287,1250,750,155,1.6817120843769147e-13,5.88418203051333e-15,0.11156807001680136
8609,WMI,1287,1250,750,155,21941.930139912747,105.46801462787053,0.2190619029570371
8610,DI,1287,1250,750,156,1.6817120843769147e-13,5.88418203051333e-15,0.1050672500859946
8611,WMI,1287,1250,750,156,21941.930139912747,105.46801462787053,0.21175710600800812
8612,DI,1287,1250,750,157,1.6817120843769147e-13,5.88418203051333e-15,0.1156398868188262
8613,WMI,1287,1250,750,157,21941.930139912747,105.46801462787053,0.2210495520848781
8614,DI,1287,1250,750,158,1.6817120843769147e-13,5.88418203051333e-15,0.10589174693450332
8615,WMI,1287,1250,750,158,21941.930139912747,105.46801462787053,0.21223359811119735
8616,DI,1287,1250,750,159,1.6817120843769147e-13,5.88418203051333e-15,0.11497899703681469
8617,WMI,1287,1250,750,159,21941.930139912747,105.46801462787053,0.21813209797255695
8618,DI,1287,1250,750,160,1.6817120843769147e-13,5.88418203051333e-15,0.10507561010308564
8619,WMI,1287,1250,750,160,21941.930139912747,105.46801462787053,0.21242984500713646
8620,DI,1287,1250,750,161,1.6817120843769147e-13,5.88418203051333e-15,0.11323554604314268
8621,WMI,1287,1250,750,161,21941.930139912747,105.46801462787053,0.21905635902658105
8622,DI,1287,1250,750,162,1.6817120843769147e-13,5.88418203051333e-15,0.1061167479492724
8623,WMI,1287,1250,750,162,21941.930139912747,105.46801462787053,0.21151666715741158
8624,DI,1287,1250,750,163,1.6817120843769147e-13,5.88418203051333e-15,0.11474311980418861
8625,WMI,1287,1250,750,163,21941.930139912747,105.46801462787053,0.21975571708753705
8626,DI,1287,1250,750,164,1.6817120843769147e-13,5.88418203051333e-15,0.10236041201278567
8627,WMI,1287,1250,750,164,21941.930139912747,105.46801462787053,0.20810997509397566
8628,DI,1287,1250,750,165,1.6817120843769147e-13,5.88418203051333e-15,0.111719551961869
8629,WMI,1287,1250,750,165,21941.930139912747,105.46801462787053,0.2164516628254205
8630,DI,1287,1250,750,166,1.6817120843769147e-13,5.88418203051333e-15,0.1048178591299802
8631,WMI,1287,1250,750,166,21941.930139912747,105.46801462787053,0.21039062598720193
8632,DI,1287,1250,750,167,1.6817120843769147e-13,5.88418203051333e-15,0.11065855901688337
8633,WMI,1287,1250,750,167,21941.930139912747,105.46801462787053,0.21624090592376888
8634,DI,1287,1250,750,168,1.6817120843769147e-13,5.88418203051333e-15,0.10278192395344377
8635,WMI,1287,1250,750,168,21941.930139912747,105.46801462787053,0.2081396949943155
8636,DI,1287,1250,750,169,1.6817120843769147e-13,5.88418203051333e-15,0.11113883182406425
8637,WMI,1287,1250,750,169,21941.930139912747,105.46801462787053,0.21656026085838675
8638,DI,1287,1250,750,170,1.6817120843769147e-13,5.88418203051333e-15,0.10416440083645284
8639,WMI,1287,1250,750,170,21941.930139912747,105.46801462787053,0.20869006495922804
8640,DI,1287,1250,750,171,1.6817120843769147e-13,5.88418203051333e-15,0.11346134101040661
8641,WMI,1287,1250,750,171,21941.930139912747,105.46801462787053,0.21950761997140944
8642,DI,1287,1250,750,172,1.6817120843769147e-13,5.88418203051333e-15,0.10286387312225997
8643,WMI,1287,1250,750,172,21941.930139912747,105.46801462787053,0.2089179721660912
8644,DI,1287,1250,750,173,1.6817120843769147e-13,5.88418203051333e-15,0.11189225898124278
8645,WMI,1287,1250,750,173,21941.930139912747,105.46801462787053,0.21766735217534006
8646,DI,1287,1250,750,174,1.6817120843769147e-13,5.88418203051333e-15,0.10628287494182587
8647,WMI,1287,1250,750,174,21941.930139912747,105.46801462787053,0.21189937088638544
8648,DI,1287,1250,750,175,1.6817120843769147e-13,5.88418203051333e-15,0.11270805518142879
8649,WMI,1287,1250,750,175,21941.930139912747,105.46801462787053,0.21952946996316314
8650,DI,1287,1250,750,176,1.6817120843769147e-13,5.88418203051333e-15,0.10579132288694382
8651,WMI,1287,1250,750,176,21941.930139912747,105.46801462787053,0.21275729592889547
8652,DI,1287,1250,750,177,1.6817120843769147e-13,5.88418203051333e-15,0.11350281187333167
8653,WMI,1287,1250,750,177,21941.930139912747,105.46801462787053,0.21977461595088243
8654,DI,1287,1250,750,178,1.6817120843769147e-13,5.88418203051333e-15,0.10601602890528738
8655,WMI,1287,1250,750,178,21941.930139912747,105.46801462787053,0.21206771791912615
8656,DI,1287,1250,750,179,1.6817120843769147e-13,5.88418203051333e-15,0.11328837485052645
8657,WMI,1287,1250,750,179,21941.930139912747,105.46801462787053,0.22069381107576191
8658,DI,1287,1250,750,180,1.6817120843769147e-13,5.88418203051333e-15,0.10501128598116338
8659,WMI,1287,1250,750,180,21941.930139912747,105.46801462787053,0.2135018240660429
8660,DI,1287,1250,750,181,1.6817120843769147e-13,5.88418203051333e-15,0.11132321902550757
8661,WMI,1287,1250,750,181,21941.930139912747,105.46801462787053,0.21681611705571413
8662,DI,1287,1250,750,182,1.6817120843769147e-13,5.88418203051333e-15,0.104358616983518
8663,WMI,1287,1250,750,182,21941.930139912747,105.46801462787053,0.20957136107608676
8664,DI,1287,1250,750,183,1.6817120843769147e-13,5.88418203051333e-15,0.11115189082920551
8665,WMI,1287,1250,750,183,21941.930139912747,105.46801462787053,0.21532121184282005
8666,DI,1287,1250,750,184,1.6817120843769147e-13,5.88418203051333e-15,0.10285629285499454
8667,WMI,1287,1250,750,184,21941.930139912747,105.46801462787053,0.21101400605402887
8668,DI,1287,1250,750,185,1.6817120843769147e-13,5.88418203051333e-15,0.1121763838455081
8669,WMI,1287,1250,750,185,21941.930139912747,105.46801462787053,0.21796589717268944
8670,DI,1287,1250,750,186,1.6817120843769147e-13,5.88418203051333e-15,0.10457178391516209
8671,WMI,1287,1250,750,186,21941.930139912747,105.46801462787053,0.20825305301696062
8672,DI,1287,1250,750,187,1.6817120843769147e-13,5.88418203051333e-15,0.11132329911924899
8673,WMI,1287,1250,750,187,21941.930139912747,105.46801462787053,0.21718028001487255
8674,DI,1287,1250,750,188,1.6817120843769147e-13,5.88418203051333e-15,0.10349750192835927
8675,WMI,1287,1250,750,188,21941.930139912747,105.46801462787053,0.20917066698893905
8676,DI,1287,1250,750,189,1.6817120843769147e-13,5.88418203051333e-15,0.11436880589462817
8677,WMI,1287,1250,750,189,21941.930139912747,105.46801462787053,0.21817580400966108
8678,DI,1287,1250,750,190,1.6817120843769147e-13,5.88418203051333e-15,0.10390457487665117
8679,WMI,1287,1250,750,190,21941.930139912747,105.46801462787053,0.20997951412573457
8680,DI,1287,1250,750,191,1.6817120843769147e-13,5.88418203051333e-15,0.11025731707923114
8681,WMI,1287,1250,750,191,21941.930139912747,105.46801462787053,0.21839213906787336
8682,DI,1287,1250,750,192,1.6817120843769147e-13,5.88418203051333e-15,0.10221668402664363
8683,WMI,1287,1250,750,192,21941.930139912747,105.46801462787053,0.21016647084616125
8684,DI,1287,1250,750,193,1.6817120843769147e-13,5.88418203051333e-15,0.11043887701816857
8685,WMI,1287,1250,750,193,21941.930139912747,105.46801462787053,0.2171743807848543
8686,DI,1287,1250,750,194,1.6817120843769147e-13,5.88418203051333e-15,0.10292399302124977
8687,WMI,1287,1250,750,194,21941.930139912747,105.46801462787053,0.20942698093131185
8688,DI,1287,1250,750,195,1.6817120843769147e-13,5.88418203051333e-15,0.11047797603532672
8689,WMI,1287,1250,750,195,21941.930139912747,105.46801462787053,0.2169331149198115
8690,DI,1287,1250,750,196,1.6817120843769147e-13,5.88418203051333e-15,0.10413051396608353
8691,WMI,1287,1250,750,196,21941.930139912747,105.46801462787053,0.2081088109407574
8692,DI,1287,1250,750,197,1.6817120843769147e-13,5.88418203051333e-15,0.11121574509888887
8693,WMI,1287,1250,750,197,21941.930139912747,105.46801462787053,0.21628512488678098
8694,DI,1287,1250,750,198,1.6817120843769147e-13,5.88418203051333e-15,0.10753138200379908
8695,WMI,1287,1250,750,198,21941.930139912747,105.46801462787053,0.21204957994632423
8696,DI,1287,1250,750,199,1.6817120843769147e-13,5.88418203051333e-15,0.11644049501046538
8697,WMI,1287,1250,750,199,21941.930139912747,105.46801462787053,0.2190587818622589
8698,DI,1287,1250,750,200,1.6817120843769147e-13,5.88418203051333e-15,0.10534182493574917
8699,WMI,1287,1250,750,200,21941.930139912747,105.46801462787053,0.21141065005213022
8700,DI,1287,1000,1000,1,1.6940560570119252e-13,6.328271240363392e-15,0.12023439584299922
8701,WMI,1287,1000,1000,1,503624.57003602805,1994.2237112625721,0.3492624550126493
8702,ISM,1287,1000,1000,1,255950695454.09802,3165393729.8032207,3.7903077509254217
8703,DI,1287,1000,1000,2,1.6940560570119252e-13,6.328271240363392e-15,0.11722183204255998
8704,WMI,1287,1000,1000,2,503624.57003602805,1994.2237112625721,0.3225865459535271
8705,ISM,1287,1000,1000,2,255950695454.09802,3165393729.8032207,6.007226654095575
8706,DI,1287,1000,1000,3,1.6940560570119252e-13,6.328271240363392e-15,0.11745493789203465
8707,WMI,1287,1000,1000,3,503624.57003602805,1994.2237112625721,0.3319087519776076
8708,ISM,1287,1000,1000,3,255950695454.09802,3165393729.8032207,3.72446821606718
8709,DI,1287,1000,1000,4,1.6940560570119252e-13,6.328271240363392e-15,0.11778618302196264
8710,WMI,1287,1000,1000,4,503624.57003602805,1994.2237112625721,0.3298166140448302
8711,ISM,1287,1000,1000,4,255950695454.09802,3165393729.8032207,3.728659931803122
8712,DI,1287,1000,1000,5,1.6940560570119252e-13,6.328271240363392e-15,0.11537942104041576
8713,WMI,1287,1000,1000,5,503624.57003602805,1994.2237112625721,0.32266798499040306
8714,ISM,1287,1000,1000,5,255950695454.09802,3165393729.8032207,3.625354974064976
8715,DI,1287,1000,1000,6,1.6940560570119252e-13,6.328271240363392e-15,0.11950574698857963
8716,WMI,1287,1000,1000,6,503624.57003602805,1994.2237112625721,0.32938616001047194
8717,ISM,1287,1000,1000,6,255950695454.09802,3165393729.8032207,3.6868807659484446
8718,DI,1287,1000,1000,7,1.6940560570119252e-13,6.328271240363392e-15,0.11937259905971587
8719,WMI,1287,1000,1000,7,503624.57003602805,1994.2237112625721,0.3284623750951141
8720,ISM,1287,1000,1000,7,255950695454.09802,3165393729.8032207,3.5901886271312833
8721,DI,1287,1000,1000,8,1.6940560570119252e-13,6.328271240363392e-15,0.1169490369502455
8722,WMI,1287,1000,1000,8,503624.57003602805,1994.2237112625721,0.32508980692364275
8723,ISM,1287,1000,1000,8,255950695454.09802,3165393729.8032207,3.5937340629752725
8724,DI,1287,1000,1000,9,1.6940560570119252e-13,6.328271240363392e-15,0.11531442194245756
8725,WMI,1287,1000,1000,9,503624.57003602805,1994.2237112625721,0.3202824811451137
8726,ISM,1287,1000,1000,9,255950695454.09802,3165393729.8032207,3.715809416025877
8727,DI,1287,1000,1000,10,1.6940560570119252e-13,6.328271240363392e-15,0.11746133002452552
8728,WMI,1287,1000,1000,10,503624.57003602805,1994.2237112625721,0.33114203391596675
8729,ISM,1287,1000,1000,10,255950695454.09802,3165393729.8032207,3.7514446899294853
8730,DI,1287,1000,1000,11,1.6940560570119252e-13,6.328271240363392e-15,0.11819077795371413
8731,WMI,1287,1000,1000,11,503624.57003602805,1994.2237112625721,0.3328542960807681
8732,ISM,1287,1000,1000,11,255950695454.09802,3165393729.8032207,3.681321939919144
8733,DI,1287,1000,1000,12,1.6940560570119252e-13,6.328271240363392e-15,0.11867717001587152
8734,WMI,1287,1000,1000,12,503624.57003602805,1994.2237112625721,0.33583088498562574
8735,ISM,1287,1000,1000,12,255950695454.09802,3165393729.8032207,3.8349508261308074
8736,DI,1287,1000,1000,13,1.6940560570119252e-13,6.328271240363392e-15,0.11938726715743542
8737,WMI,1287,1000,1000,13,503624.57003602805,1994.2237112625721,0.3373835498932749
8738,ISM,1287,1000,1000,13,255950695454.09802,3165393729.8032207,3.833417381858453
8739,DI,1287,1000,1000,14,1.6940560570119252e-13,6.328271240363392e-15,0.11840198398567736
8740,WMI,1287,1000,1000,14,503624.57003602805,1994.2237112625721,0.32567073591053486
8741,ISM,1287,1000,1000,14,255950695454.09802,3165393729.8032207,3.6813846200238913
8742,DI,1287,1000,1000,15,1.6940560570119252e-13,6.328271240363392e-15,0.1197603598702699
8743,WMI,1287,1000,1000,15,503624.57003602805,1994.2237112625721,0.33606625883840024
8744,ISM,1287,1000,1000,15,255950695454.09802,3165393729.8032207,3.704090994084254
8745,DI,1287,1000,1000,16,1.6940560570119252e-13,6.328271240363392e-15,0.11849176906980574
8746,WMI,1287,1000,1000,16,503624.57003602805,1994.2237112625721,0.3315415089018643
8747,ISM,1287,1000,1000,16,255950695454.09802,3165393729.8032207,3.863897094037384
8748,DI,1287,1000,1000,17,1.6940560570119252e-13,6.328271240363392e-15,0.12149215303361416
8749,WMI,1287,1000,1000,17,503624.57003602805,1994.2237112625721,0.3442726719658822
8750,ISM,1287,1000,1000,17,255950695454.09802,3165393729.8032207,3.944244483951479
8751,DI,1287,1000,1000,18,1.6940560570119252e-13,6.328271240363392e-15,0.1187057860661298
8752,WMI,1287,1000,1000,18,503624.57003602805,1994.2237112625721,0.33732015918940306
8753,ISM,1287,1000,1000,18,255950695454.09802,3165393729.8032207,3.758919117040932
8754,DI,1287,1000,1000,19,1.6940560570119252e-13,6.328271240363392e-15,0.11810966581106186
8755,WMI,1287,1000,1000,19,503624.57003602805,1994.2237112625721,0.3371324730105698
8756,ISM,1287,1000,1000,19,255950695454.09802,3165393729.8032207,3.8232912730891258
8757,DI,1287,1000,1000,20,1.6940560570119252e-13,6.328271240363392e-15,0.11814317503012717
8758,WMI,1287,1000,1000,20,503624.57003602805,1994.2237112625721,0.32823557895608246
8759,ISM,1287,1000,1000,20,255950695454.09802,3165393729.8032207,3.8512841500341892
8760,DI,1287,1000,1000,21,1.6940560570119252e-13,6.328271240363392e-15,0.11975634098052979
8761,WMI,1287,1000,1000,21,503624.57003602805,1994.2237112625721,0.3367464682087302
8762,ISM,1287,1000,1000,21,255950695454.09802,3165393729.8032207,3.8017594451084733
8763,DI,1287,1000,1000,22,1.6940560570119252e-13,6.328271240363392e-15,0.1171235900837928
8764,WMI,1287,1000,1000,22,503624.57003602805,1994.2237112625721,0.32985909515991807
8765,ISM,1287,1000,1000,22,255950695454.09802,3165393729.8032207,3.7923872501123697
8766,DI,1287,1000,1000,23,1.6940560570119252e-13,6.328271240363392e-15,0.1216831998899579
8767,WMI,1287,1000,1000,23,503624.57003602805,1994.2237112625721,0.3454639040865004
8768,ISM,1287,1000,1000,23,255950695454.09802,3165393729.8032207,3.746741252951324
8769,DI,1287,1000,1000,24,1.6940560570119252e-13,6.328271240363392e-15,0.11936087906360626
8770,WMI,1287,1000,1000,24,503624.57003602805,1994.2237112625721,0.3312945691868663
8771,ISM,1287,1000,1000,24,255950695454.09802,3165393729.8032207,3.753539731958881
8772,DI,1287,1000,1000,25,1.6940560570119252e-13,6.328271240363392e-15,0.11863067210651934
8773,WMI,1287,1000,1000,25,503624.57003602805,1994.2237112625721,0.3280738410539925
8774,ISM,1287,1000,1000,25,255950695454.09802,3165393729.8032207,3.833927111933008
8775,DI,1287,1000,1000,26,1.6940560570119252e-13,6.328271240363392e-15,0.11797878192737699
8776,WMI,1287,1000,1000,26,503624.57003602805,1994.2237112625721,0.34330870187841356
8777,ISM,1287,1000,1000,26,255950695454.09802,3165393729.8032207,3.75024951598607
8778,DI,1287,1000,1000,27,1.6940560570119252e-13,6.328271240363392e-15,0.11949918721802533
8779,WMI,1287,1000,1000,27,503624.57003602805,1994.2237112625721,0.3295604370068759
8780,ISM,1287,1000,1000,27,255950695454.09802,3165393729.8032207,3.7415621981490403
8781,DI,1287,1000,1000,28,1.6940560570119252e-13,6.328271240363392e-15,0.12075555603951216
8782,WMI,1287,1000,1000,28,503624.57003602805,1994.2237112625721,0.34159313002601266
8783,ISM,1287,1000,1000,28,255950695454.09802,3165393729.8032207,3.885787570150569
8784,DI,1287,1000,1000,29,1.6940560570119252e-13,6.328271240363392e-15,0.11951706698164344
8785,WMI,1287,1000,1000,29,503624.57003602805,1994.2237112625721,0.3264861071947962
8786,ISM,1287,1000,1000,29,255950695454.09802,3165393729.8032207,3.7569571561180055
8787,DI,1287,1000,1000,30,1.6940560570119252e-13,6.328271240363392e-15,0.12328841490671039
8788,WMI,1287,1000,1000,30,503624.57003602805,1994.2237112625721,0.34964107791893184
8789,ISM,1287,1000,1000,30,255950695454.09802,3165393729.8032207,3.930848067160696
8790,DI,1287,1000,1000,31,1.6940560570119252e-13,6.328271240363392e-15,0.1200601018499583
8791,WMI,1287,1000,1000,31,503624.57003602805,1994.2237112625721,0.33746257703751326
8792,ISM,1287,1000,1000,31,255950695454.09802,3165393729.8032207,3.8959119860082865
8793,DI,1287,1000,1000,32,1.6940560570119252e-13,6.328271240363392e-15,0.11869212309829891
8794,WMI,1287,1000,1000,32,503624.57003602805,1994.2237112625721,0.3393335088621825
8795,ISM,1287,1000,1000,32,255950695454.09802,3165393729.8032207,3.7589118278119713
8796,DI,1287,1000,1000,33,1.6940560570119252e-13,6.328271240363392e-15,0.11957341898232698
8797,WMI,1287,1000,1000,33,503624.57003602805,1994.2237112625721,0.33182434597983956
8798,ISM,1287,1000,1000,33,255950695454.09802,3165393729.8032207,3.7753666730131954
8799,DI,1287,1000,1000,34,1.6940560570119252e-13,6.328271240363392e-15,0.11849421611987054
8800,WMI,1287,1000,1000,34,503624.57003602805,1994.2237112625721,0.3421173859387636
8801,ISM,1287,1000,1000,34,255950695454.09802,3165393729.8032207,3.949330125004053
8802,DI,1287,1000,1000,35,1.6940560570119252e-13,6.328271240363392e-15,0.1223543758969754
8803,WMI,1287,1000,1000,35,503624.57003602805,1994.2237112625721,0.34278293512761593
8804,ISM,1287,1000,1000,35,255950695454.09802,3165393729.8032207,3.8271862759720534
8805,DI,1287,1000,1000,36,1.6940560570119252e-13,6.328271240363392e-15,0.11896729795262218
8806,WMI,1287,1000,1000,36,503624.57003602805,1994.2237112625721,0.3248128849081695
8807,ISM,1287,1000,1000,36,255950695454.09802,3165393729.8032207,3.7419329220429063
8808,DI,1287,1000,1000,37,1.6940560570119252e-13,6.328271240363392e-15,0.11837986810132861
8809,WMI,1287,1000,1000,37,503624.57003602805,1994.2237112625721,0.3363455750513822
8810,ISM,1287,1000,1000,37,255950695454.09802,3165393729.8032207,3.819360608002171
8811,DI,1287,1000,1000,38,1.6940560570119252e-13,6.328271240363392e-15,0.1205067140981555
8812,WMI,1287,1000,1000,38,503624.57003602805,1994.2237112625721,0.3307033651508391
8813,ISM,1287,1000,1000,38,255950695454.09802,3165393729.8032207,3.7504634629003704
8814,DI,1287,1000,1000,39,1.6940560570119252e-13,6.328271240363392e-15,0.11831310810521245
8815,WMI,1287,1000,1000,39,503624.57003602805,1994.2237112625721,0.3366315548773855
8816,ISM,1287,1000,1000,39,255950695454.09802,3165393729.8032207,3.7922753661405295
8817,DI,1287,1000,1000,40,1.6940560570119252e-13,6.328271240363392e-15,0.1174115939065814
8818,WMI,1287,1000,1000,40,503624.57003602805,1994.2237112625721,0.3303475610446185
8819,ISM,1287,1000,1000,40,255950695454.09802,3165393729.8032207,3.836713614873588
8820,DI,1287,1000,1000,41,1.6940560570119252e-13,6.328271240363392e-15,0.11951796803623438
8821,WMI,1287,1000,1000,41,503624.57003602805,1994.2237112625721,0.3429566570557654
8822,ISM,1287,1000,1000,41,255950695454.09802,3165393729.8032207,3.7903306900989264
8823,DI,1287,1000,1000,42,1.6940560570119252e-13,6.328271240363392e-15,0.11718154698610306
8824,WMI,1287,1000,1000,42,503624.57003602805,1994.2237112625721,0.3269319690298289
8825,ISM,1287,1000,1000,42,255950695454.09802,3165393729.8032207,3.794909752206877
8826,DI,1287,1000,1000,43,1.6940560570119252e-13,6.328271240363392e-15,0.12137446599081159
8827,WMI,1287,1000,1000,43,503624.57003602805,1994.2237112625721,0.3445624599698931
8828,ISM,1287,1000,1000,43,255950695454.09802,3165393729.8032207,3.798368073068559
8829,DI,1287,1000,1000,44,1.6940560570119252e-13,6.328271240363392e-15,0.11661336710676551
8830,WMI,1287,1000,1000,44,503624.57003602805,1994.2237112625721,0.3255786511581391
8831,ISM,1287,1000,1000,44,255950695454.09802,3165393729.8032207,3.772770944982767
8832,DI,1287,1000,1000,45,1.6940560570119252e-13,6.328271240363392e-15,0.12202158709987998
8833,WMI,1287,1000,1000,45,503624.57003602805,1994.2237112625721,0.33560855011455715
8834,ISM,1287,1000,1000,45,255950695454.09802,3165393729.8032207,3.905158347915858
8835,DI,1287,1000,1000,46,1.6940560570119252e-13,6.328271240363392e-15,0.1204173918813467
8836,WMI,1287,1000,1000,46,503624.57003602805,1994.2237112625721,0.3420304791070521
8837,ISM,1287,1000,1000,46,255950695454.09802,3165393729.8032207,3.7948411570396274
8838,DI,1287,1000,1000,47,1.6940560570119252e-13,6.328271240363392e-15,0.12085203500464559
8839,WMI,1287,1000,1000,47,503624.57003602805,1994.2237112625721,0.32731120102107525
8840,ISM,1287,1000,1000,47,255950695454.09802,3165393729.8032207,3.879589020041749
8841,DI,1287,1000,1000,48,1.6940560570119252e-13,6.328271240363392e-15,0.12370610982179642
8842,WMI,1287,1000,1000,48,503624.57003602805,1994.2237112625721,0.34678382403217256
8843,ISM,1287,1000,1000,48,255950695454.09802,3165393729.8032207,3.763577819103375
8844,DI,1287,1000,1000,49,1.6940560570119252e-13,6.328271240363392e-15,0.12057843012735248
8845,WMI,1287,1000,1000,49,503624.57003602805,1994.2237112625721,0.32804930908605456
8846,ISM,1287,1000,1000,49,255950695454.09802,3165393729.8032207,3.757040151860565
8847,DI,1287,1000,1000,50,1.6940560570119252e-13,6.328271240363392e-15,0.11903064395301044
8848,WMI,1287,1000,1000,50,503624.57003602805,1994.2237112625721,0.3372552338987589
8849,ISM,1287,1000,1000,50,255950695454.09802,3165393729.8032207,3.898406072985381
8850,DI,1287,1000,1000,51,1.6940560570119252e-13,6.328271240363392e-15,0.12157567404210567
8851,WMI,1287,1000,1000,51,503624.57003602805,1994.2237112625721,0.3399018330965191
8852,DI,1287,1000,1000,52,1.6940560570119252e-13,6.328271240363392e-15,0.11995253898203373
8853,WMI,1287,1000,1000,52,503624.57003602805,1994.2237112625721,0.3387212411034852
8854,DI,1287,1000,1000,53,1.6940560570119252e-13,6.328271240363392e-15,0.12143534608185291
8855,WMI,1287,1000,1000,53,503624.57003602805,1994.2237112625721,0.3351169677916914
8856,DI,1287,1000,1000,54,1.6940560570119252e-13,6.328271240363392e-15,0.1250071299728006
8857,WMI,1287,1000,1000,54,503624.57003602805,1994.2237112625721,0.3445134498178959
8858,DI,1287,1000,1000,55,1.6940560570119252e-13,6.328271240363392e-15,0.12218200392089784
8859,WMI,1287,1000,1000,55,503624.57003602805,1994.2237112625721,0.33418416301719844
8860,DI,1287,1000,1000,56,1.6940560570119252e-13,6.328271240363392e-15,0.11917720199562609
8861,WMI,1287,1000,1000,56,503624.57003602805,1994.2237112625721,0.34270939812995493
8862,DI,1287,1000,1000,57,1.6940560570119252e-13,6.328271240363392e-15,0.11902231397107244
8863,WMI,1287,1000,1000,57,503624.57003602805,1994.2237112625721,0.3343670191243291
8864,DI,1287,1000,1000,58,1.6940560570119252e-13,6.328271240363392e-15,0.1217843450140208
8865,WMI,1287,1000,1000,58,503624.57003602805,1994.2237112625721,0.34968486009165645
8866,DI,1287,1000,1000,59,1.6940560570119252e-13,6.328271240363392e-15,0.12291465396992862
8867,WMI,1287,1000,1000,59,503624.57003602805,1994.2237112625721,0.33518362091854215
8868,DI,1287,1000,1000,60,1.6940560570119252e-13,6.328271240363392e-15,0.12105644005350769
8869,WMI,1287,1000,1000,60,503624.57003602805,1994.2237112625721,0.3394626681692898
8870,DI,1287,1000,1000,61,1.6940560570119252e-13,6.328271240363392e-15,0.11996282101608813
8871,WMI,1287,1000,1000,61,503624.57003602805,1994.2237112625721,0.3333976159337908
8872,DI,1287,1000,1000,62,1.6940560570119252e-13,6.328271240363392e-15,0.11820309399627149
8873,WMI,1287,1000,1000,62,503624.57003602805,1994.2237112625721,0.34672676702030003
8874,DI,1287,1000,1000,63,1.6940560570119252e-13,6.328271240363392e-15,0.12274269596673548
8875,WMI,1287,1000,1000,63,503624.57003602805,1994.2237112625721,0.33306237193755805
8876,DI,1287,1000,1000,64,1.6940560570119252e-13,6.328271240363392e-15,0.1209945110604167
8877,WMI,1287,1000,1000,64,503624.57003602805,1994.2237112625721,0.34127213316969573
8878,DI,1287,1000,1000,65,1.6940560570119252e-13,6.328271240363392e-15,0.1201274381019175
8879,WMI,1287,1000,1000,65,503624.57003602805,1994.2237112625721,0.3320737809408456
8880,DI,1287,1000,1000,66,1.6940560570119252e-13,6.328271240363392e-15,0.12052857992239296
8881,WMI,1287,1000,1000,66,503624.57003602805,1994.2237112625721,0.342619176954031
8882,DI,1287,1000,1000,67,1.6940560570119252e-13,6.328271240363392e-15,0.12079469417221844
8883,WMI,1287,1000,1000,67,503624.57003602805,1994.2237112625721,0.3330978318117559
8884,DI,1287,1000,1000,68,1.6940560570119252e-13,6.328271240363392e-15,0.12256943015381694
8885,WMI,1287,1000,1000,68,503624.57003602805,1994.2237112625721,0.3424937690142542
8886,DI,1287,1000,1000,69,1.6940560570119252e-13,6.328271240363392e-15,0.12088326294906437
8887,WMI,1287,1000,1000,69,503624.57003602805,1994.2237112625721,0.332939944928512
8888,DI,1287,1000,1000,70,1.6940560570119252e-13,6.328271240363392e-15,0.1198002730961889
8889,WMI,1287,1000,1000,70,503624.57003602805,1994.2237112625721,0.34163959487341344
8890,DI,1287,1000,1000,71,1.6940560570119252e-13,6.328271240363392e-15,0.11916028708219528
8891,WMI,1287,1000,1000,71,503624.57003602805,1994.2237112625721,0.3307844870723784
8892,DI,1287,1000,1000,72,1.6940560570119252e-13,6.328271240363392e-15,0.11613402492366731
8893,WMI,1287,1000,1000,72,503624.57003602805,1994.2237112625721,0.33683976787142456
8894,DI,1287,1000,1000,73,1.6940560570119252e-13,6.328271240363392e-15,0.12039292207919061
8895,WMI,1287,1000,1000,73,503624.57003602805,1994.2237112625721,0.32883697492070496
8896,DI,1287,1000,1000,74,1.6940560570119252e-13,6.328271240363392e-15,0.11853785812854767
8897,WMI,1287,1000,1000,74,503624.57003602805,1994.2237112625721,0.3358680179808289
8898,DI,1287,1000,1000,75,1.6940560570119252e-13,6.328271240363392e-15,0.11595058790408075
8899,WMI,1287,1000,1000,75,503624.57003602805,1994.2237112625721,0.3280489600729197
8900,DI,1287,1000,1000,76,1.6940560570119252e-13,6.328271240363392e-15,0.11558940494433045
8901,WMI,1287,1000,1000,76,503624.57003602805,1994.2237112625721,0.33787263790145516
8902,DI,1287,1000,1000,77,1.6940560570119252e-13,6.328271240363392e-15,0.11941697099246085
8903,WMI,1287,1000,1000,77,503624.57003602805,1994.2237112625721,0.33072316902689636
8904,DI,1287,1000,1000,78,1.6940560570119252e-13,6.328271240363392e-15,0.11667420109733939
8905,WMI,1287,1000,1000,78,503624.57003602805,1994.2237112625721,0.3376345308497548
8906,DI,1287,1000,1000,79,1.6940560570119252e-13,6.328271240363392e-15,0.11610907013528049
8907,WMI,1287,1000,1000,79,503624.57003602805,1994.2237112625721,0.3280472250189632
8908,DI,1287,1000,1000,80,1.6940560570119252e-13,6.328271240363392e-15,0.11735327006317675
8909,WMI,1287,1000,1000,80,503624.57003602805,1994.2237112625721,0.33822597097605467
8910,DI,1287,1000,1000,81,1.6940560570119252e-13,6.328271240363392e-15,0.1179247498512268
8911,WMI,1287,1000,1000,81,503624.57003602805,1994.2237112625721,0.3313255119137466
8912,DI,1287,1000,1000,82,1.6940560570119252e-13,6.328271240363392e-15,0.11929273884743452
8913,WMI,1287,1000,1000,82,503624.57003602805,1994.2237112625721,0.33561904286034405
8914,DI,1287,1000,1000,83,1.6940560570119252e-13,6.328271240363392e-15,0.1181719668675214
8915,WMI,1287,1000,1000,83,503624.57003602805,1994.2237112625721,0.32734379614703357
8916,DI,1287,1000,1000,84,1.6940560570119252e-13,6.328271240363392e-15,0.11735312989912927
8917,WMI,1287,1000,1000,84,503624.57003602805,1994.2237112625721,0.33555575483478606
8918,DI,1287,1000,1000,85,1.6940560570119252e-13,6.328271240363392e-15,0.11712953308597207
8919,WMI,1287,1000,1000,85,503624.57003602805,1994.2237112625721,0.3346703390125185
8920,DI,1287,1000,1000,86,1.6940560570119252e-13,6.328271240363392e-15,0.1212581570725888
8921,WMI,1287,1000,1000,86,503624.57003602805,1994.2237112625721,0.34399823914282024
8922,DI,1287,1000,1000,87,1.6940560570119252e-13,6.328271240363392e-15,0.1209799419157207
8923,WMI,1287,1000,1000,87,503624.57003602805,1994.2237112625721,0.333062204066664
8924,DI,1287,1000,1000,88,1.6940560570119252e-13,6.328271240363392e-15,0.1224694480188191
8925,WMI,1287,1000,1000,88,503624.57003602805,1994.2237112625721,0.3353222080040723
8926,DI,1287,1000,1000,89,1.6940560570119252e-13,6.328271240363392e-15,0.1189699440728873
8927,WMI,1287,1000,1000,89,503624.57003602805,1994.2237112625721,0.33017946989275515
8928,DI,1287,1000,1000,90,1.6940560570119252e-13,6.328271240363392e-15,0.11701629497110844
8929,WMI,1287,1000,1000,90,503624.57003602805,1994.2237112625721,0.34011077089235187
8930,DI,1287,1000,1000,91,1.6940560570119252e-13,6.328271240363392e-15,0.11720440187491477
8931,WMI,1287,1000,1000,91,503624.57003602805,1994.2237112625721,0.3277803189121187
8932,DI,1287,1000,1000,92,1.6940560570119252e-13,6.328271240363392e-15,0.11593032302334905
8933,WMI,1287,1000,1000,92,503624.57003602805,1994.2237112625721,0.3367170160636306
8934,DI,1287,1000,1000,93,1.6940560570119252e-13,6.328271240363392e-15,0.11557661881670356
8935,WMI,1287,1000,1000,93,503624.57003602805,1994.2237112625721,0.32823182200081646
8936,DI,1287,1000,1000,94,1.6940560570119252e-13,6.328271240363392e-15,0.11475443211384118
8937,WMI,1287,1000,1000,94,503624.57003602805,1994.2237112625721,0.33814891311340034
8938,DI,1287,1000,1000,95,1.6940560570119252e-13,6.328271240363392e-15,0.12019320414401591
8939,WMI,1287,1000,1000,95,503624.57003602805,1994.2237112625721,0.33436566311866045
8940,DI,1287,1000,1000,96,1.6940560570119252e-13,6.328271240363392e-15,0.11876852717250586
8941,WMI,1287,1000,1000,96,503624.57003602805,1994.2237112625721,0.33786731702275574
8942,DI,1287,1000,1000,97,1.6940560570119252e-13,6.328271240363392e-15,0.11722368211485445
8943,WMI,1287,1000,1000,97,503624.57003602805,1994.2237112625721,0.32853518589399755
8944,DI,1287,1000,1000,98,1.6940560570119252e-13,6.328271240363392e-15,0.11665282095782459
8945,WMI,1287,1000,1000,98,503624.57003602805,1994.2237112625721,0.33842698903754354
8946,DI,1287,1000,1000,99,1.6940560570119252e-13,6.328271240363392e-15,0.11874337703920901
8947,WMI,1287,1000,1000,99,503624.57003602805,1994.2237112625721,0.33175214589573443
8948,DI,1287,1000,1000,100,1.6940560570119252e-13,6.328271240363392e-15,0.11892436491325498
8949,WMI,1287,1000,1000,100,503624.57003602805,1994.2237112625721,0.3378097980748862
8950,DI,1287,1000,1000,101,1.6940560570119252e-13,6.328271240363392e-15,0.11791394115425646
8951,WMI,1287,1000,1000,101,503624.57003602805,1994.2237112625721,0.32900463906116784
8952,DI,1287,1000,1000,102,1.6940560570119252e-13,6.328271240363392e-15,0.11861650994978845
8953,WMI,1287,1000,1000,102,503624.57003602805,1994.2237112625721,0.3392139947973192
8954,DI,1287,1000,1000,103,1.6940560570119252e-13,6.328271240363392e-15,0.12413209094665945
8955,WMI,1287,1000,1000,103,503624.57003602805,1994.2237112625721,0.3369053821079433
8956,DI,1287,1000,1000,104,1.6940560570119252e-13,6.328271240363392e-15,0.12212193408049643
8957,WMI,1287,1000,1000,104,503624.57003602805,1994.2237112625721,0.34097312786616385
8958,DI,1287,1000,1000,105,1.6940560570119252e-13,6.328271240363392e-15,0.1180570691358298
8959,WMI,1287,1000,1000,105,503624.57003602805,1994.2237112625721,0.3322461270727217
8960,DI,1287,1000,1000,106,1.6940560570119252e-13,6.328271240363392e-15,0.11731095006689429
8961,WMI,1287,1000,1000,106,503624.57003602805,1994.2237112625721,0.337652490939945
8962,DI,1287,1000,1000,107,1.6940560570119252e-13,6.328271240363392e-15,0.11667747097089887
8963,WMI,1287,1000,1000,107,503624.57003602805,1994.2237112625721,0.328848262084648
8964,DI,1287,1000,1000,108,1.6940560570119252e-13,6.328271240363392e-15,0.11613308917731047
8965,WMI,1287,1000,1000,108,503624.57003602805,1994.2237112625721,0.33655050792731345
8966,DI,1287,1000,1000,109,1.6940560570119252e-13,6.328271240363392e-15,0.11664225207641721
8967,WMI,1287,1000,1000,109,503624.57003602805,1994.2237112625721,0.32638634205795825
8968,DI,1287,1000,1000,110,1.6940560570119252e-13,6.328271240363392e-15,0.11665332107804716
8969,WMI,1287,1000,1000,110,503624.57003602805,1994.2237112625721,0.3376302910037339
8970,DI,1287,1000,1000,111,1.6940560570119252e-13,6.328271240363392e-15,0.11856705090031028
8971,WMI,1287,1000,1000,111,503624.57003602805,1994.2237112625721,0.3264202200807631
8972,DI,1287,1000,1000,112,1.6940560570119252e-13,6.328271240363392e-15,0.12029442307539284
8973,WMI,1287,1000,1000,112,503624.57003602805,1994.2237112625721,0.338419838109985
8974,DI,1287,1000,1000,113,1.6940560570119252e-13,6.328271240363392e-15,0.11939383787102997
8975,WMI,1287,1000,1000,113,503624.57003602805,1994.2237112625721,0.3301935901399702
8976,DI,1287,1000,1000,114,1.6940560570119252e-13,6.328271240363392e-15,0.11791413114406168
8977,WMI,1287,1000,1000,114,503624.57003602805,1994.2237112625721,0.33350635692477226
8978,DI,1287,1000,1000,115,1.6940560570119252e-13,6.328271240363392e-15,0.1175553360953927
8979,WMI,1287,1000,1000,115,503624.57003602805,1994.2237112625721,0.3298466349951923
8980,DI,1287,1000,1000,116,1.6940560570119252e-13,6.328271240363392e-15,0.11891889409162104
8981,WMI,1287,1000,1000,116,503624.57003602805,1994.2237112625721,0.33912315708585083
8982,DI,1287,1000,1000,117,1.6940560570119252e-13,6.328271240363392e-15,0.12187814805656672
8983,WMI,1287,1000,1000,117,503624.57003602805,1994.2237112625721,0.32760842191055417
8984,DI,1287,1000,1000,118,1.6940560570119252e-13,6.328271240363392e-15,0.12105579092167318
8985,WMI,1287,1000,1000,118,503624.57003602805,1994.2237112625721,0.33706780010834336
8986,DI,1287,1000,1000,119,1.6940560570119252e-13,6.328271240363392e-15,0.11830341396853328
8987,WMI,1287,1000,1000,119,503624.57003602805,1994.2237112625721,0.33119013416580856
8988,DI,1287,1000,1000,120,1.6940560570119252e-13,6.328271240363392e-15,0.11505430703982711
8989,WMI,1287,1000,1000,120,503624.57003602805,1994.2237112625721,0.3475090928841382
8990,DI,1287,1000,1000,121,1.6940560570119252e-13,6.328271240363392e-15,0.11857898090966046
8991,WMI,1287,1000,1000,121,503624.57003602805,1994.2237112625721,0.3307902798987925
8992,DI,1287,1000,1000,122,1.6940560570119252e-13,6.328271240363392e-15,0.11857281997799873
8993,WMI,1287,1000,1000,122,503624.57003602805,1994.2237112625721,0.3411063358653337
8994,DI,1287,1000,1000,123,1.6940560570119252e-13,6.328271240363392e-15,0.11870766780339181
8995,WMI,1287,1000,1000,123,503624.57003602805,1994.2237112625721,0.33150208997540176
8996,DI,1287,1000,1000,124,1.6940560570119252e-13,6.328271240363392e-15,0.11790698114782572
8997,WMI,1287,1000,1000,124,503624.57003602805,1994.2237112625721,0.3379096870776266
8998,DI,1287,1000,1000,125,1.6940560570119252e-13,6.328271240363392e-15,0.1172291119582951
8999,WMI,1287,1000,1000,125,503624.57003602805,1994.2237112625721,0.3248184761032462
9000,DI,1287,1000,1000,126,1.6940560570119252e-13,6.328271240363392e-15,0.1164557239972055
9001,WMI,1287,1000,1000,126,503624.57003602805,1994.2237112625721,0.34117777389474213
9002,DI,1287,1000,1000,127,1.6940560570119252e-13,6.328271240363392e-15,0.11555331898853183
9003,WMI,1287,1000,1000,127,503624.57003602805,1994.2237112625721,0.33295953599736094
9004,DI,1287,1000,1000,128,1.6940560570119252e-13,6.328271240363392e-15,0.11913113202899694
9005,WMI,1287,1000,1000,128,503624.57003602805,1994.2237112625721,0.33595805801451206
9006,DI,1287,1000,1000,129,1.6940560570119252e-13,6.328271240363392e-15,0.11904811300337315
9007,WMI,1287,1000,1000,129,503624.57003602805,1994.2237112625721,0.32847856800071895
9008,DI,1287,1000,1000,130,1.6940560570119252e-13,6.328271240363392e-15,0.11890256591141224
9009,WMI,1287,1000,1000,130,503624.57003602805,1994.2237112625721,0.336812533903867
9010,DI,1287,1000,1000,131,1.6940560570119252e-13,6.328271240363392e-15,0.12022320413962007
9011,WMI,1287,1000,1000,131,503624.57003602805,1994.2237112625721,0.32777119893580675
9012,DI,1287,1000,1000,132,1.6940560570119252e-13,6.328271240363392e-15,0.11902162292972207
9013,WMI,1287,1000,1000,132,503624.57003602805,1994.2237112625721,0.33518947986885905
9014,DI,1287,1000,1000,133,1.6940560570119252e-13,6.328271240363392e-15,0.1190047541167587
9015,WMI,1287,1000,1000,133,503624.57003602805,1994.2237112625721,0.33047633501701057
9016,DI,1287,1000,1000,134,1.6940560570119252e-13,6.328271240363392e-15,0.11807617917656898
9017,WMI,1287,1000,1000,134,503624.57003602805,1994.2237112625721,0.34065881185233593
9018,DI,1287,1000,1000,135,1.6940560570119252e-13,6.328271240363392e-15,0.11714227311313152
9019,WMI,1287,1000,1000,135,503624.57003602805,1994.2237112625721,0.32900494895875454
9020,DI,1287,1000,1000,136,1.6940560570119252e-13,6.328271240363392e-15,0.11692898697219789
9021,WMI,1287,1000,1000,136,503624.57003602805,1994.2237112625721,0.3375844620168209
9022,DI,1287,1000,1000,137,1.6940560570119252e-13,6.328271240363392e-15,0.11927535897120833
9023,WMI,1287,1000,1000,137,503624.57003602805,1994.2237112625721,0.3395465600769967
9024,DI,1287,1000,1000,138,1.6940560570119252e-13,6.328271240363392e-15,0.12137728603556752
9025,WMI,1287,1000,1000,138,503624.57003602805,1994.2237112625721,0.34436541283503175
9026,DI,1287,1000,1000,139,1.6940560570119252e-13,6.328271240363392e-15,0.12145565403625369
9027,WMI,1287,1000,1000,139,503624.57003602805,1994.2237112625721,0.33897970896214247
9028,DI,1287,1000,1000,140,1.6940560570119252e-13,6.328271240363392e-15,0.12173510994762182
9029,WMI,1287,1000,1000,140,503624.57003602805,1994.2237112625721,0.3429081770591438
9030,DI,1287,1000,1000,141,1.6940560570119252e-13,6.328271240363392e-15,0.12235536007210612
9031,WMI,1287,1000,1000,141,503624.57003602805,1994.2237112625721,0.33497577300295234
9032,DI,1287,1000,1000,142,1.6940560570119252e-13,6.328271240363392e-15,0.12337894295342267
9033,WMI,1287,1000,1000,142,503624.57003602805,1994.2237112625721,0.34305205405689776
9034,DI,1287,1000,1000,143,1.6940560570119252e-13,6.328271240363392e-15,0.11915766098536551
9035,WMI,1287,1000,1000,143,503624.57003602805,1994.2237112625721,0.32729199598543346
9036,DI,1287,1000,1000,144,1.6940560570119252e-13,6.328271240363392e-15,0.1185514209792018
9037,WMI,1287,1000,1000,144,503624.57003602805,1994.2237112625721,0.3404825050383806
9038,DI,1287,1000,1000,145,1.6940560570119252e-13,6.328271240363392e-15,0.11908795218914747
9039,WMI,1287,1000,1000,145,503624.57003602805,1994.2237112625721,0.32924499502405524
9040,DI,1287,1000,1000,146,1.6940560570119252e-13,6.328271240363392e-15,0.11732066003605723
9041,WMI,1287,1000,1000,146,503624.57003602805,1994.2237112625721,0.338654104154557
9042,DI,1287,1000,1000,147,1.6940560570119252e-13,6.328271240363392e-15,0.11800017999485135
9043,WMI,1287,1000,1000,147,503624.57003602805,1994.2237112625721,0.32537548802793026
9044,DI,1287,1000,1000,148,1.6940560570119252e-13,6.328271240363392e-15,0.11574599612504244
9045,WMI,1287,1000,1000,148,503624.57003602805,1994.2237112625721,0.3358837889973074
9046,DI,1287,1000,1000,149,1.6940560570119252e-13,6.328271240363392e-15,0.11741359904408455
9047,WMI,1287,1000,1000,149,503624.57003602805,1994.2237112625721,0.3289767298847437
9048,DI,1287,1000,1000,150,1.6940560570119252e-13,6.328271240363392e-15,0.11727372091263533
9049,WMI,1287,1000,1000,150,503624.57003602805,1994.2237112625721,0.3386400449089706
9050,DI,1287,1000,1000,151,1.6940560570119252e-13,6.328271240363392e-15,0.1219739259686321
9051,WMI,1287,1000,1000,151,503624.57003602805,1994.2237112625721,0.33647374995052814
9052,DI,1287,1000,1000,152,1.6940560570119252e-13,6.328271240363392e-15,0.11980620096437633
9053,WMI,1287,1000,1000,152,503624.57003602805,1994.2237112625721,0.3397304981481284
9054,DI,1287,1000,1000,153,1.6940560570119252e-13,6.328271240363392e-15,0.11839566309936345
9055,WMI,1287,1000,1000,153,503624.57003602805,1994.2237112625721,0.3344053439795971
9056,DI,1287,1000,1000,154,1.6940560570119252e-13,6.328271240363392e-15,0.12278421991504729
9057,WMI,1287,1000,1000,154,503624.57003602805,1994.2237112625721,0.3406775500625372
9058,DI,1287,1000,1000,155,1.6940560570119252e-13,6.328271240363392e-15,0.12134840409271419
9059,WMI,1287,1000,1000,155,503624.57003602805,1994.2237112625721,0.3370238710194826
9060,DI,1287,1000,1000,156,1.6940560570119252e-13,6.328271240363392e-15,0.11958201299421489
9061,WMI,1287,1000,1000,156,503624.57003602805,1994.2237112625721,0.33823588001541793
9062,DI,1287,1000,1000,157,1.6940560570119252e-13,6.328271240363392e-15,0.11922587896697223
9063,WMI,1287,1000,1000,157,503624.57003602805,1994.2237112625721,0.3353623279836029
9064,DI,1287,1000,1000,158,1.6940560570119252e-13,6.328271240363392e-15,0.12021183292381465
9065,WMI,1287,1000,1000,158,503624.57003602805,1994.2237112625721,0.34105014405213296
9066,DI,1287,1000,1000,159,1.6940560570119252e-13,6.328271240363392e-15,0.1195645839907229
9067,WMI,1287,1000,1000,159,503624.57003602805,1994.2237112625721,0.3274972189683467
9068,DI,1287,1000,1000,160,1.6940560570119252e-13,6.328271240363392e-15,0.11675669997930527
9069,WMI,1287,1000,1000,160,503624.57003602805,1994.2237112625721,0.3362496441695839
9070,DI,1287,1000,1000,161,1.6940560570119252e-13,6.328271240363392e-15,0.11562619893811643
9071,WMI,1287,1000,1000,161,503624.57003602805,1994.2237112625721,0.32896209484897554
9072,DI,1287,1000,1000,162,1.6940560570119252e-13,6.328271240363392e-15,0.11882939608767629
9073,WMI,1287,1000,1000,162,503624.57003602805,1994.2237112625721,0.337817866820842
9074,DI,1287,1000,1000,163,1.6940560570119252e-13,6.328271240363392e-15,0.11787279089912772
9075,WMI,1287,1000,1000,163,503624.57003602805,1994.2237112625721,0.326954907970503
9076,DI,1287,1000,1000,164,1.6940560570119252e-13,6.328271240363392e-15,0.11692091799341142
9077,WMI,1287,1000,1000,164,503624.57003602805,1994.2237112625721,0.3358063409104943
9078,DI,1287,1000,1000,165,1.6940560570119252e-13,6.328271240363392e-15,0.11640939605422318
9079,WMI,1287,1000,1000,165,503624.57003602805,1994.2237112625721,0.32927396916784346
9080,DI,1287,1000,1000,166,1.6940560570119252e-13,6.328271240363392e-15,0.11634084698744118
9081,WMI,1287,1000,1000,166,503624.57003602805,1994.2237112625721,0.33930604299530387
9082,DI,1287,1000,1000,167,1.6940560570119252e-13,6.328271240363392e-15,0.12052182713523507
9083,WMI,1287,1000,1000,167,503624.57003602805,1994.2237112625721,0.32935021817684174
9084,DI,1287,1000,1000,168,1.6940560570119252e-13,6.328271240363392e-15,0.11862644902430475
9085,WMI,1287,1000,1000,168,503624.57003602805,1994.2237112625721,0.33980859513394535
9086,DI,1287,1000,1000,169,1.6940560570119252e-13,6.328271240363392e-15,0.11895123403519392
9087,WMI,1287,1000,1000,169,503624.57003602805,1994.2237112625721,0.3262717598117888
9088,DI,1287,1000,1000,170,1.6940560570119252e-13,6.328271240363392e-15,0.11756916693411767
9089,WMI,1287,1000,1000,170,503624.57003602805,1994.2237112625721,0.3367033959366381
9090,DI,1287,1000,1000,171,1.6940560570119252e-13,6.328271240363392e-15,0.11737583903595805
9091,WMI,1287,1000,1000,171,503624.57003602805,1994.2237112625721,0.329232560005039
9092,DI,1287,1000,1000,172,1.6940560570119252e-13,6.328271240363392e-15,0.11724024196155369
9093,WMI,1287,1000,1000,172,503624.57003602805,1994.2237112625721,0.3400807499419898
9094,DI,1287,1000,1000,173,1.6940560570119252e-13,6.328271240363392e-15,0.12030689208768308
9095,WMI,1287,1000,1000,173,503624.57003602805,1994.2237112625721,0.3328380901366472
9096,DI,1287,1000,1000,174,1.6940560570119252e-13,6.328271240363392e-15,0.12059680605307221
9097,WMI,1287,1000,1000,174,503624.57003602805,1994.2237112625721,0.34362897113896906
9098,DI,1287,1000,1000,175,1.6940560570119252e-13,6.328271240363392e-15,0.11915249098092318
9099,WMI,1287,1000,1000,175,503624.57003602805,1994.2237112625721,0.336955692153424
9100,DI,1287,1000,1000,176,1.6940560570119252e-13,6.328271240363392e-15,0.12022484303452075
9101,WMI,1287,1000,1000,176,503624.57003602805,1994.2237112625721,0.34647182398475707
9102,DI,1287,1000,1000,177,1.6940560570119252e-13,6.328271240363392e-15,0.11807021801359951
9103,WMI,1287,1000,1000,177,503624.57003602805,1994.2237112625721,0.33540803799405694
9104,DI,1287,1000,1000,178,1.6940560570119252e-13,6.328271240363392e-15,0.12106697913259268
9105,WMI,1287,1000,1000,178,503624.57003602805,1994.2237112625721,0.34367684996686876
9106,DI,1287,1000,1000,179,1.6940560570119252e-13,6.328271240363392e-15,0.11985355895012617
9107,WMI,1287,1000,1000,179,503624.57003602805,1994.2237112625721,0.33829320897348225
9108,DI,1287,1000,1000,180,1.6940560570119252e-13,6.328271240363392e-15,0.1210009700153023
9109,WMI,1287,1000,1000,180,503624.57003602805,1994.2237112625721,0.3403174369595945
9110,DI,1287,1000,1000,181,1.6940560570119252e-13,6.328271240363392e-15,0.11933595687150955
9111,WMI,1287,1000,1000,181,503624.57003602805,1994.2237112625721,0.3344295739661902
9112,DI,1287,1000,1000,182,1.6940560570119252e-13,6.328271240363392e-15,0.11998394597321749
9113,WMI,1287,1000,1000,182,503624.57003602805,1994.2237112625721,0.34319094801321626
9114,DI,1287,1000,1000,183,1.6940560570119252e-13,6.328271240363392e-15,0.11950841499492526
9115,WMI,1287,1000,1000,183,503624.57003602805,1994.2237112625721,0.33420910802669823
9116,DI,1287,1000,1000,184,1.6940560570119252e-13,6.328271240363392e-15,0.11812679702416062
9117,WMI,1287,1000,1000,184,503624.57003602805,1994.2237112625721,0.3487726559396833
9118,DI,1287,1000,1000,185,1.6940560570119252e-13,6.328271240363392e-15,0.12006391515024006
9119,WMI,1287,1000,1000,185,503624.57003602805,1994.2237112625721,0.33496203483082354
9120,DI,1287,1000,1000,186,1.6940560570119252e-13,6.328271240363392e-15,0.12118805595673621
9121,WMI,1287,1000,1000,186,503624.57003602805,1994.2237112625721,0.34194882889278233
9122,DI,1287,1000,1000,187,1.6940560570119252e-13,6.328271240363392e-15,0.11959257302805781
9123,WMI,1287,1000,1000,187,503624.57003602805,1994.2237112625721,0.3311714979354292
9124,DI,1287,1000,1000,188,1.6940560570119252e-13,6.328271240363392e-15,0.12077733292244375
9125,WMI,1287,1000,1000,188,503624.57003602805,1994.2237112625721,0.333757305983454
9126,DI,1287,1000,1000,189,1.6940560570119252e-13,6.328271240363392e-15,0.11947364499792457
9127,WMI,1287,1000,1000,189,503624.57003602805,1994.2237112625721,0.3268468799069524
9128,DI,1287,1000,1000,190,1.6940560570119252e-13,6.328271240363392e-15,0.11791979102417827
9129,WMI,1287,1000,1000,190,503624.57003602805,1994.2237112625721,0.3348933160305023
9130,DI,1287,1000,1000,191,1.6940560570119252e-13,6.328271240363392e-15,0.11652890406548977
9131,WMI,1287,1000,1000,191,503624.57003602805,1994.2237112625721,0.33044936996884644
9132,DI,1287,1000,1000,192,1.6940560570119252e-13,6.328271240363392e-15,0.11687082797288895
9133,WMI,1287,1000,1000,192,503624.57003602805,1994.2237112625721,0.33675385592505336
9134,DI,1287,1000,1000,193,1.6940560570119252e-13,6.328271240363392e-15,0.11708576488308609
9135,WMI,1287,1000,1000,193,503624.57003602805,1994.2237112625721,0.3301105860155076
9136,DI,1287,1000,1000,194,1.6940560570119252e-13,6.328271240363392e-15,0.11892059398815036
9137,WMI,1287,1000,1000,194,503624.57003602805,1994.2237112625721,0.3339857910759747
9138,DI,1287,1000,1000,195,1.6940560570119252e-13,6.328271240363392e-15,0.11747368890792131
9139,WMI,1287,1000,1000,195,503624.57003602805,1994.2237112625721,0.328575060935691
9140,DI,1287,1000,1000,196,1.6940560570119252e-13,6.328271240363392e-15,0.11505320901051164
9141,WMI,1287,1000,1000,196,503624.57003602805,1994.2237112625721,0.33535032789222896
9142,DI,1287,1000,1000,197,1.6940560570119252e-13,6.328271240363392e-15,0.11558793904259801
9143,WMI,1287,1000,1000,197,503624.57003602805,1994.2237112625721,0.3278411040082574
9144,DI,1287,1000,1000,198,1.6940560570119252e-13,6.328271240363392e-15,0.11492951097898185
9145,WMI,1287,1000,1000,198,503624.57003602805,1994.2237112625721,0.3368178838863969
9146,DI,1287,1000,1000,199,1.6940560570119252e-13,6.328271240363392e-15,0.115920894080773
9147,WMI,1287,1000,1000,199,503624.57003602805,1994.2237112625721,0.327666335972026
9148,DI,1287,1000,1000,200,1.6940560570119252e-13,6.328271240363392e-15,0.11719043413177133
9149,WMI,1287,1000,1000,200,503624.57003602805,1994.2237112625721,0.34531425312161446
